date: invalid argument 's' for -I
========== nightly_update start  ==========
PY=.venv/bin/python
PWD=/Users/pawelleks/Documents/Python/Projects/Market_Intelligence_Engine
PATH=/Users/pawelleks/Documents/Python/Projects/Market_Intelligence_Engine/.venv/bin:/Library/Java/JavaVirtualMachines/temurin-21.jdk/Contents/Home/bin:/opt/anaconda3/bin:/opt/anaconda3/condabin:/Library/Frameworks/Python.framework/Versions/3.13/bin:/opt/homebrew/bin:/opt/homebrew/sbin:/usr/local/bin:/System/Cryptexes/App/usr/bin:/usr/bin:/bin:/usr/sbin:/sbin:/var/run/com.apple.security.cryptexd/codex.system/bootstrap/usr/local/bin:/var/run/com.apple.security.cryptexd/codex.system/bootstrap/usr/bin:/var/run/com.apple.security.cryptexd/codex.system/bootstrap/usr/appleinternal/bin:/Users/pawelleks/.lmstudio/bin
2025-11-12 11:26:42,539 INFO [ingest] Incremental update for ^GSPC
2025-11-12 11:26:43,355 INFO [ingest] Appended 0 rows for ^GSPC (now 24583 rows).
2025-11-12 11:26:43,355 INFO [cli] update-raw result: {'ticker': '^GSPC', 'rows_added': 0, 'parquet': 'data/raw/^GSPC.parquet', 'csv': 'data/raw/^GSPC.csv', 'status': 'ok'}
2025-11-12 11:26:43,355 INFO [ingest] Incremental update for ^NDX
2025-11-12 11:26:43,472 INFO [ingest] Appended 0 rows for ^NDX (now 10108 rows).
2025-11-12 11:26:43,473 INFO [cli] update-raw result: {'ticker': '^NDX', 'rows_added': 0, 'parquet': 'data/raw/^NDX.parquet', 'csv': 'data/raw/^NDX.csv', 'status': 'ok'}
2025-11-12 11:26:43,473 INFO [ingest] Incremental update for ^DJI
2025-11-12 11:26:43,599 INFO [ingest] Appended 0 rows for ^DJI (now 8527 rows).
2025-11-12 11:26:43,599 INFO [cli] update-raw result: {'ticker': '^DJI', 'rows_added': 0, 'parquet': 'data/raw/^DJI.parquet', 'csv': 'data/raw/^DJI.csv', 'status': 'ok'}
2025-11-12 11:26:43,600 INFO [ingest] Incremental update for ^RUT
2025-11-12 11:26:43,725 INFO [ingest] Appended 0 rows for ^RUT (now 9617 rows).
2025-11-12 11:26:43,725 INFO [cli] update-raw result: {'ticker': '^RUT', 'rows_added': 0, 'parquet': 'data/raw/^RUT.parquet', 'csv': 'data/raw/^RUT.csv', 'status': 'ok'}
2025-11-12 11:26:43,725 INFO [ingest] Incremental update for SPY
2025-11-12 11:26:43,994 INFO [ingest] Appended 0 rows for SPY (now 8254 rows).
2025-11-12 11:26:43,994 INFO [cli] update-raw result: {'ticker': 'SPY', 'rows_added': 0, 'parquet': 'data/raw/SPY.parquet', 'csv': 'data/raw/SPY.csv', 'status': 'ok'}
2025-11-12 11:26:43,994 INFO [ingest] Incremental update for QQQ
2025-11-12 11:26:44,135 INFO [ingest] Appended 0 rows for QQQ (now 6712 rows).
2025-11-12 11:26:44,135 INFO [cli] update-raw result: {'ticker': 'QQQ', 'rows_added': 0, 'parquet': 'data/raw/QQQ.parquet', 'csv': 'data/raw/QQQ.csv', 'status': 'ok'}
2025-11-12 11:26:44,135 INFO [ingest] Incremental update for DIA
2025-11-12 11:26:44,295 INFO [ingest] Appended 0 rows for DIA (now 6998 rows).
2025-11-12 11:26:44,295 INFO [cli] update-raw result: {'ticker': 'DIA', 'rows_added': 0, 'parquet': 'data/raw/DIA.parquet', 'csv': 'data/raw/DIA.csv', 'status': 'ok'}
2025-11-12 11:26:44,295 INFO [ingest] Incremental update for IWM
2025-11-12 11:26:44,426 INFO [ingest] Appended 0 rows for IWM (now 6404 rows).
2025-11-12 11:26:44,426 INFO [cli] update-raw result: {'ticker': 'IWM', 'rows_added': 0, 'parquet': 'data/raw/IWM.parquet', 'csv': 'data/raw/IWM.csv', 'status': 'ok'}
2025-11-12 11:26:44,426 INFO [ingest] Incremental update for XLY
2025-11-12 11:26:44,577 INFO [ingest] Appended 0 rows for XLY (now 6764 rows).
2025-11-12 11:26:44,577 INFO [cli] update-raw result: {'ticker': 'XLY', 'rows_added': 0, 'parquet': 'data/raw/XLY.parquet', 'csv': 'data/raw/XLY.csv', 'status': 'ok'}
2025-11-12 11:26:44,577 INFO [ingest] Incremental update for XLP
2025-11-12 11:26:44,730 INFO [ingest] Appended 0 rows for XLP (now 6764 rows).
2025-11-12 11:26:44,730 INFO [cli] update-raw result: {'ticker': 'XLP', 'rows_added': 0, 'parquet': 'data/raw/XLP.parquet', 'csv': 'data/raw/XLP.csv', 'status': 'ok'}
2025-11-12 11:26:44,730 INFO [ingest] Incremental update for XLE
2025-11-12 11:26:44,899 INFO [ingest] Appended 0 rows for XLE (now 6764 rows).
2025-11-12 11:26:44,899 INFO [cli] update-raw result: {'ticker': 'XLE', 'rows_added': 0, 'parquet': 'data/raw/XLE.parquet', 'csv': 'data/raw/XLE.csv', 'status': 'ok'}
2025-11-12 11:26:44,900 INFO [ingest] Incremental update for XLF
2025-11-12 11:26:45,063 INFO [ingest] Appended 0 rows for XLF (now 6764 rows).
2025-11-12 11:26:45,063 INFO [cli] update-raw result: {'ticker': 'XLF', 'rows_added': 0, 'parquet': 'data/raw/XLF.parquet', 'csv': 'data/raw/XLF.csv', 'status': 'ok'}
2025-11-12 11:26:45,063 INFO [ingest] Incremental update for XLV
2025-11-12 11:26:45,283 INFO [ingest] Appended 0 rows for XLV (now 6764 rows).
2025-11-12 11:26:45,283 INFO [cli] update-raw result: {'ticker': 'XLV', 'rows_added': 0, 'parquet': 'data/raw/XLV.parquet', 'csv': 'data/raw/XLV.csv', 'status': 'ok'}
2025-11-12 11:26:45,283 INFO [ingest] Incremental update for XLI
2025-11-12 11:26:45,430 INFO [ingest] Appended 0 rows for XLI (now 6764 rows).
2025-11-12 11:26:45,430 INFO [cli] update-raw result: {'ticker': 'XLI', 'rows_added': 0, 'parquet': 'data/raw/XLI.parquet', 'csv': 'data/raw/XLI.csv', 'status': 'ok'}
2025-11-12 11:26:45,430 INFO [ingest] Incremental update for XLB
2025-11-12 11:26:45,582 INFO [ingest] Appended 0 rows for XLB (now 6764 rows).
2025-11-12 11:26:45,582 INFO [cli] update-raw result: {'ticker': 'XLB', 'rows_added': 0, 'parquet': 'data/raw/XLB.parquet', 'csv': 'data/raw/XLB.csv', 'status': 'ok'}
2025-11-12 11:26:45,582 INFO [ingest] Incremental update for XLK
2025-11-12 11:26:45,722 INFO [ingest] Appended 0 rows for XLK (now 6764 rows).
2025-11-12 11:26:45,722 INFO [cli] update-raw result: {'ticker': 'XLK', 'rows_added': 0, 'parquet': 'data/raw/XLK.parquet', 'csv': 'data/raw/XLK.csv', 'status': 'ok'}
2025-11-12 11:26:45,722 INFO [ingest] Incremental update for XLU
2025-11-12 11:26:45,862 INFO [ingest] Appended 0 rows for XLU (now 6764 rows).
2025-11-12 11:26:45,862 INFO [cli] update-raw result: {'ticker': 'XLU', 'rows_added': 0, 'parquet': 'data/raw/XLU.parquet', 'csv': 'data/raw/XLU.csv', 'status': 'ok'}
2025-11-12 11:26:45,862 INFO [ingest] Incremental update for XLC
2025-11-12 11:26:45,956 INFO [ingest] Appended 0 rows for XLC (now 1861 rows).
2025-11-12 11:26:45,956 INFO [cli] update-raw result: {'ticker': 'XLC', 'rows_added': 0, 'parquet': 'data/raw/XLC.parquet', 'csv': 'data/raw/XLC.csv', 'status': 'ok'}
{'ticker': '^GSPC', 'rows_added': 0, 'parquet': 'data/raw/^GSPC.parquet', 'csv': 'data/raw/^GSPC.csv', 'status': 'ok'}
{'ticker': '^NDX', 'rows_added': 0, 'parquet': 'data/raw/^NDX.parquet', 'csv': 'data/raw/^NDX.csv', 'status': 'ok'}
{'ticker': '^DJI', 'rows_added': 0, 'parquet': 'data/raw/^DJI.parquet', 'csv': 'data/raw/^DJI.csv', 'status': 'ok'}
{'ticker': '^RUT', 'rows_added': 0, 'parquet': 'data/raw/^RUT.parquet', 'csv': 'data/raw/^RUT.csv', 'status': 'ok'}
{'ticker': 'SPY', 'rows_added': 0, 'parquet': 'data/raw/SPY.parquet', 'csv': 'data/raw/SPY.csv', 'status': 'ok'}
{'ticker': 'QQQ', 'rows_added': 0, 'parquet': 'data/raw/QQQ.parquet', 'csv': 'data/raw/QQQ.csv', 'status': 'ok'}
{'ticker': 'DIA', 'rows_added': 0, 'parquet': 'data/raw/DIA.parquet', 'csv': 'data/raw/DIA.csv', 'status': 'ok'}
{'ticker': 'IWM', 'rows_added': 0, 'parquet': 'data/raw/IWM.parquet', 'csv': 'data/raw/IWM.csv', 'status': 'ok'}
{'ticker': 'XLY', 'rows_added': 0, 'parquet': 'data/raw/XLY.parquet', 'csv': 'data/raw/XLY.csv', 'status': 'ok'}
{'ticker': 'XLP', 'rows_added': 0, 'parquet': 'data/raw/XLP.parquet', 'csv': 'data/raw/XLP.csv', 'status': 'ok'}
{'ticker': 'XLE', 'rows_added': 0, 'parquet': 'data/raw/XLE.parquet', 'csv': 'data/raw/XLE.csv', 'status': 'ok'}
{'ticker': 'XLF', 'rows_added': 0, 'parquet': 'data/raw/XLF.parquet', 'csv': 'data/raw/XLF.csv', 'status': 'ok'}
{'ticker': 'XLV', 'rows_added': 0, 'parquet': 'data/raw/XLV.parquet', 'csv': 'data/raw/XLV.csv', 'status': 'ok'}
{'ticker': 'XLI', 'rows_added': 0, 'parquet': 'data/raw/XLI.parquet', 'csv': 'data/raw/XLI.csv', 'status': 'ok'}
{'ticker': 'XLB', 'rows_added': 0, 'parquet': 'data/raw/XLB.parquet', 'csv': 'data/raw/XLB.csv', 'status': 'ok'}
{'ticker': 'XLK', 'rows_added': 0, 'parquet': 'data/raw/XLK.parquet', 'csv': 'data/raw/XLK.csv', 'status': 'ok'}
{'ticker': 'XLU', 'rows_added': 0, 'parquet': 'data/raw/XLU.parquet', 'csv': 'data/raw/XLU.csv', 'status': 'ok'}
{'ticker': 'XLC', 'rows_added': 0, 'parquet': 'data/raw/XLC.parquet', 'csv': 'data/raw/XLC.csv', 'status': 'ok'}
2025-11-12 11:26:46,480 INFO [features] Building features for ^GSPC mode=update lookback=90
2025-11-12 11:26:46,558 INFO [features] Recompute overlap: lookback=90, max_window=200, extra_overlap=2, extended_start_date=2025-01-24, recompute_start_date=2025-08-14
2025-11-12 11:26:46,559 INFO [features] Recompute prefix_rows=24520, recomputed_rows=203, recomputed_tail_rows=63, duplicates_dropped=0
2025-11-12 11:26:46,560 INFO [features] Recomputed ret_1d continuity: nan_before=1, nan_after=1
2025-11-12 11:26:46,565 INFO [features] Performed per-column fallback casting for 17 columns: ['ret_1d', 'log_ret_1d', 'rv_20d', 'rv_60d', 'sma_20', 'sma_50', 'sma_200', 'ema_20', 'ema_50', 'ema_200', 'ma_ratio_20_50', 'ma_ratio_50_200', 'ma_ratio_20_200', 'dist_from_50dma', 'dist_from_200dma', 'dow', 'month']
2025-11-12 11:26:46,565 INFO [features] Casted 17 numeric feature columns to float32
2025-11-12 11:26:46,566 INFO [features] Numeric dtypes after cast: {'ret_1d': 'float32', 'log_ret_1d': 'float32', 'rv_20d': 'float32', 'rv_60d': 'float32', 'sma_20': 'float32', 'sma_50': 'float32', 'sma_200': 'float32', 'ema_20': 'float32', 'ema_50': 'float32', 'ema_200': 'float32', 'ma_ratio_20_50': 'float32', 'ma_ratio_50_200': 'float32', 'ma_ratio_20_200': 'float32', 'dist_from_50dma': 'float32', 'dist_from_200dma': 'float32', 'dow': 'float32', 'month': 'float32'}
2025-11-12 11:26:46,726 INFO [features] Wrote features for ^GSPC rows=24583 to data/features/^GSPC.parquet; columns=['date', 'ticker', 'ret_1d', 'log_ret_1d', 'rv_20d', 'rv_60d', 'sma_20', 'sma_50', 'sma_200', 'ema_20', 'ema_50', 'ema_200', 'ma_ratio_20_50', 'ma_ratio_50_200', 'ma_ratio_20_200', 'dist_from_50dma', 'dist_from_200dma', 'dow', 'month', 'as_of', 'data_version']
2025-11-12 11:26:46,728 INFO [features] Building features for ^NDX mode=update lookback=90
2025-11-12 11:26:46,744 INFO [features] Recompute overlap: lookback=90, max_window=200, extra_overlap=2, extended_start_date=2025-01-24, recompute_start_date=2025-08-14
2025-11-12 11:26:46,744 INFO [features] Recompute prefix_rows=10045, recomputed_rows=203, recomputed_tail_rows=63, duplicates_dropped=0
2025-11-12 11:26:46,745 INFO [features] Recomputed ret_1d continuity: nan_before=1, nan_after=1
2025-11-12 11:26:46,748 INFO [features] Performed per-column fallback casting for 17 columns: ['ret_1d', 'log_ret_1d', 'rv_20d', 'rv_60d', 'sma_20', 'sma_50', 'sma_200', 'ema_20', 'ema_50', 'ema_200', 'ma_ratio_20_50', 'ma_ratio_50_200', 'ma_ratio_20_200', 'dist_from_50dma', 'dist_from_200dma', 'dow', 'month']
2025-11-12 11:26:46,748 INFO [features] Casted 17 numeric feature columns to float32
2025-11-12 11:26:46,748 INFO [features] Numeric dtypes after cast: {'ret_1d': 'float32', 'log_ret_1d': 'float32', 'rv_20d': 'float32', 'rv_60d': 'float32', 'sma_20': 'float32', 'sma_50': 'float32', 'sma_200': 'float32', 'ema_20': 'float32', 'ema_50': 'float32', 'ema_200': 'float32', 'ma_ratio_20_50': 'float32', 'ma_ratio_50_200': 'float32', 'ma_ratio_20_200': 'float32', 'dist_from_50dma': 'float32', 'dist_from_200dma': 'float32', 'dow': 'float32', 'month': 'float32'}
2025-11-12 11:26:46,824 INFO [features] Wrote features for ^NDX rows=10108 to data/features/^NDX.parquet; columns=['date', 'ticker', 'ret_1d', 'log_ret_1d', 'rv_20d', 'rv_60d', 'sma_20', 'sma_50', 'sma_200', 'ema_20', 'ema_50', 'ema_200', 'ma_ratio_20_50', 'ma_ratio_50_200', 'ma_ratio_20_200', 'dist_from_50dma', 'dist_from_200dma', 'dow', 'month', 'as_of', 'data_version']
2025-11-12 11:26:46,825 INFO [features] Building features for ^DJI mode=update lookback=90
2025-11-12 11:26:46,839 INFO [features] Recompute overlap: lookback=90, max_window=200, extra_overlap=2, extended_start_date=2025-01-24, recompute_start_date=2025-08-14
2025-11-12 11:26:46,839 INFO [features] Recompute prefix_rows=8464, recomputed_rows=203, recomputed_tail_rows=63, duplicates_dropped=0
2025-11-12 11:26:46,840 INFO [features] Recomputed ret_1d continuity: nan_before=1, nan_after=1
2025-11-12 11:26:46,843 INFO [features] Performed per-column fallback casting for 17 columns: ['ret_1d', 'log_ret_1d', 'rv_20d', 'rv_60d', 'sma_20', 'sma_50', 'sma_200', 'ema_20', 'ema_50', 'ema_200', 'ma_ratio_20_50', 'ma_ratio_50_200', 'ma_ratio_20_200', 'dist_from_50dma', 'dist_from_200dma', 'dow', 'month']
2025-11-12 11:26:46,843 INFO [features] Casted 17 numeric feature columns to float32
2025-11-12 11:26:46,843 INFO [features] Numeric dtypes after cast: {'ret_1d': 'float32', 'log_ret_1d': 'float32', 'rv_20d': 'float32', 'rv_60d': 'float32', 'sma_20': 'float32', 'sma_50': 'float32', 'sma_200': 'float32', 'ema_20': 'float32', 'ema_50': 'float32', 'ema_200': 'float32', 'ma_ratio_20_50': 'float32', 'ma_ratio_50_200': 'float32', 'ma_ratio_20_200': 'float32', 'dist_from_50dma': 'float32', 'dist_from_200dma': 'float32', 'dow': 'float32', 'month': 'float32'}
2025-11-12 11:26:46,907 INFO [features] Wrote features for ^DJI rows=8527 to data/features/^DJI.parquet; columns=['date', 'ticker', 'ret_1d', 'log_ret_1d', 'rv_20d', 'rv_60d', 'sma_20', 'sma_50', 'sma_200', 'ema_20', 'ema_50', 'ema_200', 'ma_ratio_20_50', 'ma_ratio_50_200', 'ma_ratio_20_200', 'dist_from_50dma', 'dist_from_200dma', 'dow', 'month', 'as_of', 'data_version']
2025-11-12 11:26:46,907 INFO [features] Building features for ^RUT mode=update lookback=90
2025-11-12 11:26:46,923 INFO [features] Recompute overlap: lookback=90, max_window=200, extra_overlap=2, extended_start_date=2025-01-24, recompute_start_date=2025-08-14
2025-11-12 11:26:46,923 INFO [features] Recompute prefix_rows=9554, recomputed_rows=203, recomputed_tail_rows=63, duplicates_dropped=0
2025-11-12 11:26:46,924 INFO [features] Recomputed ret_1d continuity: nan_before=1, nan_after=1
2025-11-12 11:26:46,927 INFO [features] Performed per-column fallback casting for 17 columns: ['ret_1d', 'log_ret_1d', 'rv_20d', 'rv_60d', 'sma_20', 'sma_50', 'sma_200', 'ema_20', 'ema_50', 'ema_200', 'ma_ratio_20_50', 'ma_ratio_50_200', 'ma_ratio_20_200', 'dist_from_50dma', 'dist_from_200dma', 'dow', 'month']
2025-11-12 11:26:46,927 INFO [features] Casted 17 numeric feature columns to float32
2025-11-12 11:26:46,927 INFO [features] Numeric dtypes after cast: {'ret_1d': 'float32', 'log_ret_1d': 'float32', 'rv_20d': 'float32', 'rv_60d': 'float32', 'sma_20': 'float32', 'sma_50': 'float32', 'sma_200': 'float32', 'ema_20': 'float32', 'ema_50': 'float32', 'ema_200': 'float32', 'ma_ratio_20_50': 'float32', 'ma_ratio_50_200': 'float32', 'ma_ratio_20_200': 'float32', 'dist_from_50dma': 'float32', 'dist_from_200dma': 'float32', 'dow': 'float32', 'month': 'float32'}
2025-11-12 11:26:46,998 INFO [features] Wrote features for ^RUT rows=9617 to data/features/^RUT.parquet; columns=['date', 'ticker', 'ret_1d', 'log_ret_1d', 'rv_20d', 'rv_60d', 'sma_20', 'sma_50', 'sma_200', 'ema_20', 'ema_50', 'ema_200', 'ma_ratio_20_50', 'ma_ratio_50_200', 'ma_ratio_20_200', 'dist_from_50dma', 'dist_from_200dma', 'dow', 'month', 'as_of', 'data_version']
2025-11-12 11:26:46,999 INFO [features] Building features for SPY mode=update lookback=90
2025-11-12 11:26:47,003 INFO [features] Migration: existing features for SPY missing ['ret_1d', 'rv_20d'] — will (re)compute from adj_close
2025-11-12 11:26:47,008 INFO [features] Recompute overlap: lookback=90, max_window=200, extra_overlap=2, extended_start_date=2025-01-24, recompute_start_date=2025-08-14
2025-11-12 11:26:47,008 INFO [features] Recompute prefix_rows=0, recomputed_rows=203, recomputed_tail_rows=63, duplicates_dropped=0
2025-11-12 11:26:47,009 ERROR [features] Failed to recompute ret_1d for continuity; proceeding with combined as-is
Traceback (most recent call last):
  File "/Users/pawelleks/Documents/Python/Projects/Market_Intelligence_Engine/.venv/lib/python3.13/site-packages/pandas/core/indexes/base.py", line 3812, in get_loc
    return self._engine.get_loc(casted_key)
           ~~~~~~~~~~~~~~~~~~~~^^^^^^^^^^^^
  File "pandas/_libs/index.pyx", line 167, in pandas._libs.index.IndexEngine.get_loc
  File "pandas/_libs/index.pyx", line 196, in pandas._libs.index.IndexEngine.get_loc
  File "pandas/_libs/hashtable_class_helper.pxi", line 7088, in pandas._libs.hashtable.PyObjectHashTable.get_item
  File "pandas/_libs/hashtable_class_helper.pxi", line 7096, in pandas._libs.hashtable.PyObjectHashTable.get_item
KeyError: 'adj_close'

The above exception was the direct cause of the following exception:

Traceback (most recent call last):
  File "/Users/pawelleks/Documents/Python/Projects/Market_Intelligence_Engine/src/features/build_features.py", line 404, in build_features_for_ticker
    merged["adj_close"] = pd.to_numeric(merged["adj_close"], errors="coerce")
                                        ~~~~~~^^^^^^^^^^^^^
  File "/Users/pawelleks/Documents/Python/Projects/Market_Intelligence_Engine/.venv/lib/python3.13/site-packages/pandas/core/frame.py", line 4113, in __getitem__
    indexer = self.columns.get_loc(key)
  File "/Users/pawelleks/Documents/Python/Projects/Market_Intelligence_Engine/.venv/lib/python3.13/site-packages/pandas/core/indexes/base.py", line 3819, in get_loc
    raise KeyError(key) from err
KeyError: 'adj_close'
2025-11-12 11:26:47,012 INFO [features] Performed per-column fallback casting for 17 columns: ['ret_1d', 'log_ret_1d', 'rv_20d', 'rv_60d', 'sma_20', 'sma_50', 'sma_200', 'ema_20', 'ema_50', 'ema_200', 'ma_ratio_20_50', 'ma_ratio_50_200', 'ma_ratio_20_200', 'dist_from_50dma', 'dist_from_200dma', 'dow', 'month']
2025-11-12 11:26:47,012 INFO [features] Casted 17 numeric feature columns to float32
2025-11-12 11:26:47,013 INFO [features] Numeric dtypes after cast: {'ret_1d': 'float32', 'log_ret_1d': 'float32', 'rv_20d': 'float32', 'rv_60d': 'float32', 'sma_20': 'float32', 'sma_50': 'float32', 'sma_200': 'float32', 'ema_20': 'float32', 'ema_50': 'float32', 'ema_200': 'float32', 'ma_ratio_20_50': 'float32', 'ma_ratio_50_200': 'float32', 'ma_ratio_20_200': 'float32', 'dist_from_50dma': 'float32', 'dist_from_200dma': 'float32', 'dow': 'float32', 'month': 'float32'}
2025-11-12 11:26:47,013 ERROR [features] Aborting write for SPY: too few rows (63) — protects against accidental truncation
2025-11-12 11:26:47,013 INFO [features] Building features for QQQ mode=update lookback=90
2025-11-12 11:26:47,026 INFO [features] Recompute overlap: lookback=90, max_window=200, extra_overlap=2, extended_start_date=2025-01-24, recompute_start_date=2025-08-14
2025-11-12 11:26:47,026 INFO [features] Recompute prefix_rows=6649, recomputed_rows=203, recomputed_tail_rows=63, duplicates_dropped=0
2025-11-12 11:26:47,027 INFO [features] Recomputed ret_1d continuity: nan_before=1, nan_after=1
2025-11-12 11:26:47,030 INFO [features] Performed per-column fallback casting for 17 columns: ['ret_1d', 'log_ret_1d', 'rv_20d', 'rv_60d', 'sma_20', 'sma_50', 'sma_200', 'ema_20', 'ema_50', 'ema_200', 'ma_ratio_20_50', 'ma_ratio_50_200', 'ma_ratio_20_200', 'dist_from_50dma', 'dist_from_200dma', 'dow', 'month']
2025-11-12 11:26:47,030 INFO [features] Casted 17 numeric feature columns to float32
2025-11-12 11:26:47,030 INFO [features] Numeric dtypes after cast: {'ret_1d': 'float32', 'log_ret_1d': 'float32', 'rv_20d': 'float32', 'rv_60d': 'float32', 'sma_20': 'float32', 'sma_50': 'float32', 'sma_200': 'float32', 'ema_20': 'float32', 'ema_50': 'float32', 'ema_200': 'float32', 'ma_ratio_20_50': 'float32', 'ma_ratio_50_200': 'float32', 'ma_ratio_20_200': 'float32', 'dist_from_50dma': 'float32', 'dist_from_200dma': 'float32', 'dow': 'float32', 'month': 'float32'}
2025-11-12 11:26:47,083 INFO [features] Wrote features for QQQ rows=6712 to data/features/QQQ.parquet; columns=['date', 'ticker', 'ret_1d', 'log_ret_1d', 'rv_20d', 'rv_60d', 'sma_20', 'sma_50', 'sma_200', 'ema_20', 'ema_50', 'ema_200', 'ma_ratio_20_50', 'ma_ratio_50_200', 'ma_ratio_20_200', 'dist_from_50dma', 'dist_from_200dma', 'dow', 'month', 'as_of', 'data_version']
2025-11-12 11:26:47,084 INFO [features] Building features for DIA mode=update lookback=90
2025-11-12 11:26:47,096 INFO [features] Recompute overlap: lookback=90, max_window=200, extra_overlap=2, extended_start_date=2025-01-24, recompute_start_date=2025-08-14
2025-11-12 11:26:47,096 INFO [features] Recompute prefix_rows=6935, recomputed_rows=203, recomputed_tail_rows=63, duplicates_dropped=0
2025-11-12 11:26:47,097 INFO [features] Recomputed ret_1d continuity: nan_before=1, nan_after=1
2025-11-12 11:26:47,100 INFO [features] Performed per-column fallback casting for 17 columns: ['ret_1d', 'log_ret_1d', 'rv_20d', 'rv_60d', 'sma_20', 'sma_50', 'sma_200', 'ema_20', 'ema_50', 'ema_200', 'ma_ratio_20_50', 'ma_ratio_50_200', 'ma_ratio_20_200', 'dist_from_50dma', 'dist_from_200dma', 'dow', 'month']
2025-11-12 11:26:47,100 INFO [features] Casted 17 numeric feature columns to float32
2025-11-12 11:26:47,100 INFO [features] Numeric dtypes after cast: {'ret_1d': 'float32', 'log_ret_1d': 'float32', 'rv_20d': 'float32', 'rv_60d': 'float32', 'sma_20': 'float32', 'sma_50': 'float32', 'sma_200': 'float32', 'ema_20': 'float32', 'ema_50': 'float32', 'ema_200': 'float32', 'ma_ratio_20_50': 'float32', 'ma_ratio_50_200': 'float32', 'ma_ratio_20_200': 'float32', 'dist_from_50dma': 'float32', 'dist_from_200dma': 'float32', 'dow': 'float32', 'month': 'float32'}
2025-11-12 11:26:47,156 INFO [features] Wrote features for DIA rows=6998 to data/features/DIA.parquet; columns=['date', 'ticker', 'ret_1d', 'log_ret_1d', 'rv_20d', 'rv_60d', 'sma_20', 'sma_50', 'sma_200', 'ema_20', 'ema_50', 'ema_200', 'ma_ratio_20_50', 'ma_ratio_50_200', 'ma_ratio_20_200', 'dist_from_50dma', 'dist_from_200dma', 'dow', 'month', 'as_of', 'data_version']
2025-11-12 11:26:47,156 INFO [features] Building features for IWM mode=update lookback=90
2025-11-12 11:26:47,168 INFO [features] Recompute overlap: lookback=90, max_window=200, extra_overlap=2, extended_start_date=2025-01-24, recompute_start_date=2025-08-14
2025-11-12 11:26:47,168 INFO [features] Recompute prefix_rows=6341, recomputed_rows=203, recomputed_tail_rows=63, duplicates_dropped=0
2025-11-12 11:26:47,169 INFO [features] Recomputed ret_1d continuity: nan_before=1, nan_after=1
2025-11-12 11:26:47,172 INFO [features] Performed per-column fallback casting for 17 columns: ['ret_1d', 'log_ret_1d', 'rv_20d', 'rv_60d', 'sma_20', 'sma_50', 'sma_200', 'ema_20', 'ema_50', 'ema_200', 'ma_ratio_20_50', 'ma_ratio_50_200', 'ma_ratio_20_200', 'dist_from_50dma', 'dist_from_200dma', 'dow', 'month']
2025-11-12 11:26:47,172 INFO [features] Casted 17 numeric feature columns to float32
2025-11-12 11:26:47,172 INFO [features] Numeric dtypes after cast: {'ret_1d': 'float32', 'log_ret_1d': 'float32', 'rv_20d': 'float32', 'rv_60d': 'float32', 'sma_20': 'float32', 'sma_50': 'float32', 'sma_200': 'float32', 'ema_20': 'float32', 'ema_50': 'float32', 'ema_200': 'float32', 'ma_ratio_20_50': 'float32', 'ma_ratio_50_200': 'float32', 'ma_ratio_20_200': 'float32', 'dist_from_50dma': 'float32', 'dist_from_200dma': 'float32', 'dow': 'float32', 'month': 'float32'}
2025-11-12 11:26:47,223 INFO [features] Wrote features for IWM rows=6404 to data/features/IWM.parquet; columns=['date', 'ticker', 'ret_1d', 'log_ret_1d', 'rv_20d', 'rv_60d', 'sma_20', 'sma_50', 'sma_200', 'ema_20', 'ema_50', 'ema_200', 'ma_ratio_20_50', 'ma_ratio_50_200', 'ma_ratio_20_200', 'dist_from_50dma', 'dist_from_200dma', 'dow', 'month', 'as_of', 'data_version']
2025-11-12 11:26:47,224 INFO [features] Building features for XLY mode=update lookback=90
2025-11-12 11:26:47,237 INFO [features] Recompute overlap: lookback=90, max_window=200, extra_overlap=2, extended_start_date=2025-01-24, recompute_start_date=2025-08-14
2025-11-12 11:26:47,237 INFO [features] Recompute prefix_rows=6701, recomputed_rows=203, recomputed_tail_rows=63, duplicates_dropped=0
2025-11-12 11:26:47,238 INFO [features] Recomputed ret_1d continuity: nan_before=1, nan_after=1
2025-11-12 11:26:47,241 INFO [features] Performed per-column fallback casting for 17 columns: ['ret_1d', 'log_ret_1d', 'rv_20d', 'rv_60d', 'sma_20', 'sma_50', 'sma_200', 'ema_20', 'ema_50', 'ema_200', 'ma_ratio_20_50', 'ma_ratio_50_200', 'ma_ratio_20_200', 'dist_from_50dma', 'dist_from_200dma', 'dow', 'month']
2025-11-12 11:26:47,241 INFO [features] Casted 17 numeric feature columns to float32
2025-11-12 11:26:47,241 INFO [features] Numeric dtypes after cast: {'ret_1d': 'float32', 'log_ret_1d': 'float32', 'rv_20d': 'float32', 'rv_60d': 'float32', 'sma_20': 'float32', 'sma_50': 'float32', 'sma_200': 'float32', 'ema_20': 'float32', 'ema_50': 'float32', 'ema_200': 'float32', 'ma_ratio_20_50': 'float32', 'ma_ratio_50_200': 'float32', 'ma_ratio_20_200': 'float32', 'dist_from_50dma': 'float32', 'dist_from_200dma': 'float32', 'dow': 'float32', 'month': 'float32'}
2025-11-12 11:26:47,293 INFO [features] Wrote features for XLY rows=6764 to data/features/XLY.parquet; columns=['date', 'ticker', 'ret_1d', 'log_ret_1d', 'rv_20d', 'rv_60d', 'sma_20', 'sma_50', 'sma_200', 'ema_20', 'ema_50', 'ema_200', 'ma_ratio_20_50', 'ma_ratio_50_200', 'ma_ratio_20_200', 'dist_from_50dma', 'dist_from_200dma', 'dow', 'month', 'as_of', 'data_version']
2025-11-12 11:26:47,294 INFO [features] Building features for XLP mode=update lookback=90
2025-11-12 11:26:47,308 INFO [features] Recompute overlap: lookback=90, max_window=200, extra_overlap=2, extended_start_date=2025-01-24, recompute_start_date=2025-08-14
2025-11-12 11:26:47,308 INFO [features] Recompute prefix_rows=6701, recomputed_rows=203, recomputed_tail_rows=63, duplicates_dropped=0
2025-11-12 11:26:47,309 INFO [features] Recomputed ret_1d continuity: nan_before=1, nan_after=1
2025-11-12 11:26:47,312 INFO [features] Performed per-column fallback casting for 17 columns: ['ret_1d', 'log_ret_1d', 'rv_20d', 'rv_60d', 'sma_20', 'sma_50', 'sma_200', 'ema_20', 'ema_50', 'ema_200', 'ma_ratio_20_50', 'ma_ratio_50_200', 'ma_ratio_20_200', 'dist_from_50dma', 'dist_from_200dma', 'dow', 'month']
2025-11-12 11:26:47,313 INFO [features] Casted 17 numeric feature columns to float32
2025-11-12 11:26:47,313 INFO [features] Numeric dtypes after cast: {'ret_1d': 'float32', 'log_ret_1d': 'float32', 'rv_20d': 'float32', 'rv_60d': 'float32', 'sma_20': 'float32', 'sma_50': 'float32', 'sma_200': 'float32', 'ema_20': 'float32', 'ema_50': 'float32', 'ema_200': 'float32', 'ma_ratio_20_50': 'float32', 'ma_ratio_50_200': 'float32', 'ma_ratio_20_200': 'float32', 'dist_from_50dma': 'float32', 'dist_from_200dma': 'float32', 'dow': 'float32', 'month': 'float32'}
2025-11-12 11:26:47,368 INFO [features] Wrote features for XLP rows=6764 to data/features/XLP.parquet; columns=['date', 'ticker', 'ret_1d', 'log_ret_1d', 'rv_20d', 'rv_60d', 'sma_20', 'sma_50', 'sma_200', 'ema_20', 'ema_50', 'ema_200', 'ma_ratio_20_50', 'ma_ratio_50_200', 'ma_ratio_20_200', 'dist_from_50dma', 'dist_from_200dma', 'dow', 'month', 'as_of', 'data_version']
2025-11-12 11:26:47,368 INFO [features] Building features for XLE mode=update lookback=90
2025-11-12 11:26:47,382 INFO [features] Recompute overlap: lookback=90, max_window=200, extra_overlap=2, extended_start_date=2025-01-24, recompute_start_date=2025-08-14
2025-11-12 11:26:47,382 INFO [features] Recompute prefix_rows=6701, recomputed_rows=203, recomputed_tail_rows=63, duplicates_dropped=0
2025-11-12 11:26:47,383 INFO [features] Recomputed ret_1d continuity: nan_before=1, nan_after=1
2025-11-12 11:26:47,386 INFO [features] Performed per-column fallback casting for 17 columns: ['ret_1d', 'log_ret_1d', 'rv_20d', 'rv_60d', 'sma_20', 'sma_50', 'sma_200', 'ema_20', 'ema_50', 'ema_200', 'ma_ratio_20_50', 'ma_ratio_50_200', 'ma_ratio_20_200', 'dist_from_50dma', 'dist_from_200dma', 'dow', 'month']
2025-11-12 11:26:47,386 INFO [features] Casted 17 numeric feature columns to float32
2025-11-12 11:26:47,386 INFO [features] Numeric dtypes after cast: {'ret_1d': 'float32', 'log_ret_1d': 'float32', 'rv_20d': 'float32', 'rv_60d': 'float32', 'sma_20': 'float32', 'sma_50': 'float32', 'sma_200': 'float32', 'ema_20': 'float32', 'ema_50': 'float32', 'ema_200': 'float32', 'ma_ratio_20_50': 'float32', 'ma_ratio_50_200': 'float32', 'ma_ratio_20_200': 'float32', 'dist_from_50dma': 'float32', 'dist_from_200dma': 'float32', 'dow': 'float32', 'month': 'float32'}
2025-11-12 11:26:47,437 INFO [features] Wrote features for XLE rows=6764 to data/features/XLE.parquet; columns=['date', 'ticker', 'ret_1d', 'log_ret_1d', 'rv_20d', 'rv_60d', 'sma_20', 'sma_50', 'sma_200', 'ema_20', 'ema_50', 'ema_200', 'ma_ratio_20_50', 'ma_ratio_50_200', 'ma_ratio_20_200', 'dist_from_50dma', 'dist_from_200dma', 'dow', 'month', 'as_of', 'data_version']
2025-11-12 11:26:47,437 INFO [features] Building features for XLF mode=update lookback=90
2025-11-12 11:26:47,452 INFO [features] Recompute overlap: lookback=90, max_window=200, extra_overlap=2, extended_start_date=2025-01-24, recompute_start_date=2025-08-14
2025-11-12 11:26:47,452 INFO [features] Recompute prefix_rows=6701, recomputed_rows=203, recomputed_tail_rows=63, duplicates_dropped=0
2025-11-12 11:26:47,453 INFO [features] Recomputed ret_1d continuity: nan_before=1, nan_after=1
2025-11-12 11:26:47,456 INFO [features] Performed per-column fallback casting for 17 columns: ['ret_1d', 'log_ret_1d', 'rv_20d', 'rv_60d', 'sma_20', 'sma_50', 'sma_200', 'ema_20', 'ema_50', 'ema_200', 'ma_ratio_20_50', 'ma_ratio_50_200', 'ma_ratio_20_200', 'dist_from_50dma', 'dist_from_200dma', 'dow', 'month']
2025-11-12 11:26:47,456 INFO [features] Casted 17 numeric feature columns to float32
2025-11-12 11:26:47,456 INFO [features] Numeric dtypes after cast: {'ret_1d': 'float32', 'log_ret_1d': 'float32', 'rv_20d': 'float32', 'rv_60d': 'float32', 'sma_20': 'float32', 'sma_50': 'float32', 'sma_200': 'float32', 'ema_20': 'float32', 'ema_50': 'float32', 'ema_200': 'float32', 'ma_ratio_20_50': 'float32', 'ma_ratio_50_200': 'float32', 'ma_ratio_20_200': 'float32', 'dist_from_50dma': 'float32', 'dist_from_200dma': 'float32', 'dow': 'float32', 'month': 'float32'}
2025-11-12 11:26:47,508 INFO [features] Wrote features for XLF rows=6764 to data/features/XLF.parquet; columns=['date', 'ticker', 'ret_1d', 'log_ret_1d', 'rv_20d', 'rv_60d', 'sma_20', 'sma_50', 'sma_200', 'ema_20', 'ema_50', 'ema_200', 'ma_ratio_20_50', 'ma_ratio_50_200', 'ma_ratio_20_200', 'dist_from_50dma', 'dist_from_200dma', 'dow', 'month', 'as_of', 'data_version']
2025-11-12 11:26:47,508 INFO [features] Building features for XLV mode=update lookback=90
2025-11-12 11:26:47,523 INFO [features] Recompute overlap: lookback=90, max_window=200, extra_overlap=2, extended_start_date=2025-01-24, recompute_start_date=2025-08-14
2025-11-12 11:26:47,524 INFO [features] Recompute prefix_rows=6701, recomputed_rows=203, recomputed_tail_rows=63, duplicates_dropped=0
2025-11-12 11:26:47,524 INFO [features] Recomputed ret_1d continuity: nan_before=1, nan_after=1
2025-11-12 11:26:47,528 INFO [features] Performed per-column fallback casting for 17 columns: ['ret_1d', 'log_ret_1d', 'rv_20d', 'rv_60d', 'sma_20', 'sma_50', 'sma_200', 'ema_20', 'ema_50', 'ema_200', 'ma_ratio_20_50', 'ma_ratio_50_200', 'ma_ratio_20_200', 'dist_from_50dma', 'dist_from_200dma', 'dow', 'month']
2025-11-12 11:26:47,528 INFO [features] Casted 17 numeric feature columns to float32
2025-11-12 11:26:47,528 INFO [features] Numeric dtypes after cast: {'ret_1d': 'float32', 'log_ret_1d': 'float32', 'rv_20d': 'float32', 'rv_60d': 'float32', 'sma_20': 'float32', 'sma_50': 'float32', 'sma_200': 'float32', 'ema_20': 'float32', 'ema_50': 'float32', 'ema_200': 'float32', 'ma_ratio_20_50': 'float32', 'ma_ratio_50_200': 'float32', 'ma_ratio_20_200': 'float32', 'dist_from_50dma': 'float32', 'dist_from_200dma': 'float32', 'dow': 'float32', 'month': 'float32'}
2025-11-12 11:26:47,582 INFO [features] Wrote features for XLV rows=6764 to data/features/XLV.parquet; columns=['date', 'ticker', 'ret_1d', 'log_ret_1d', 'rv_20d', 'rv_60d', 'sma_20', 'sma_50', 'sma_200', 'ema_20', 'ema_50', 'ema_200', 'ma_ratio_20_50', 'ma_ratio_50_200', 'ma_ratio_20_200', 'dist_from_50dma', 'dist_from_200dma', 'dow', 'month', 'as_of', 'data_version']
2025-11-12 11:26:47,582 INFO [features] Building features for XLI mode=update lookback=90
2025-11-12 11:26:47,598 INFO [features] Recompute overlap: lookback=90, max_window=200, extra_overlap=2, extended_start_date=2025-01-24, recompute_start_date=2025-08-14
2025-11-12 11:26:47,598 INFO [features] Recompute prefix_rows=6701, recomputed_rows=203, recomputed_tail_rows=63, duplicates_dropped=0
2025-11-12 11:26:47,599 INFO [features] Recomputed ret_1d continuity: nan_before=1, nan_after=1
2025-11-12 11:26:47,601 INFO [features] Performed per-column fallback casting for 17 columns: ['ret_1d', 'log_ret_1d', 'rv_20d', 'rv_60d', 'sma_20', 'sma_50', 'sma_200', 'ema_20', 'ema_50', 'ema_200', 'ma_ratio_20_50', 'ma_ratio_50_200', 'ma_ratio_20_200', 'dist_from_50dma', 'dist_from_200dma', 'dow', 'month']
2025-11-12 11:26:47,602 INFO [features] Casted 17 numeric feature columns to float32
2025-11-12 11:26:47,602 INFO [features] Numeric dtypes after cast: {'ret_1d': 'float32', 'log_ret_1d': 'float32', 'rv_20d': 'float32', 'rv_60d': 'float32', 'sma_20': 'float32', 'sma_50': 'float32', 'sma_200': 'float32', 'ema_20': 'float32', 'ema_50': 'float32', 'ema_200': 'float32', 'ma_ratio_20_50': 'float32', 'ma_ratio_50_200': 'float32', 'ma_ratio_20_200': 'float32', 'dist_from_50dma': 'float32', 'dist_from_200dma': 'float32', 'dow': 'float32', 'month': 'float32'}
2025-11-12 11:26:47,657 INFO [features] Wrote features for XLI rows=6764 to data/features/XLI.parquet; columns=['date', 'ticker', 'ret_1d', 'log_ret_1d', 'rv_20d', 'rv_60d', 'sma_20', 'sma_50', 'sma_200', 'ema_20', 'ema_50', 'ema_200', 'ma_ratio_20_50', 'ma_ratio_50_200', 'ma_ratio_20_200', 'dist_from_50dma', 'dist_from_200dma', 'dow', 'month', 'as_of', 'data_version']
2025-11-12 11:26:47,657 INFO [features] Building features for XLB mode=update lookback=90
2025-11-12 11:26:47,673 INFO [features] Recompute overlap: lookback=90, max_window=200, extra_overlap=2, extended_start_date=2025-01-24, recompute_start_date=2025-08-14
2025-11-12 11:26:47,673 INFO [features] Recompute prefix_rows=6701, recomputed_rows=203, recomputed_tail_rows=63, duplicates_dropped=0
2025-11-12 11:26:47,674 INFO [features] Recomputed ret_1d continuity: nan_before=1, nan_after=1
2025-11-12 11:26:47,677 INFO [features] Performed per-column fallback casting for 17 columns: ['ret_1d', 'log_ret_1d', 'rv_20d', 'rv_60d', 'sma_20', 'sma_50', 'sma_200', 'ema_20', 'ema_50', 'ema_200', 'ma_ratio_20_50', 'ma_ratio_50_200', 'ma_ratio_20_200', 'dist_from_50dma', 'dist_from_200dma', 'dow', 'month']
2025-11-12 11:26:47,677 INFO [features] Casted 17 numeric feature columns to float32
2025-11-12 11:26:47,677 INFO [features] Numeric dtypes after cast: {'ret_1d': 'float32', 'log_ret_1d': 'float32', 'rv_20d': 'float32', 'rv_60d': 'float32', 'sma_20': 'float32', 'sma_50': 'float32', 'sma_200': 'float32', 'ema_20': 'float32', 'ema_50': 'float32', 'ema_200': 'float32', 'ma_ratio_20_50': 'float32', 'ma_ratio_50_200': 'float32', 'ma_ratio_20_200': 'float32', 'dist_from_50dma': 'float32', 'dist_from_200dma': 'float32', 'dow': 'float32', 'month': 'float32'}
2025-11-12 11:26:47,732 INFO [features] Wrote features for XLB rows=6764 to data/features/XLB.parquet; columns=['date', 'ticker', 'ret_1d', 'log_ret_1d', 'rv_20d', 'rv_60d', 'sma_20', 'sma_50', 'sma_200', 'ema_20', 'ema_50', 'ema_200', 'ma_ratio_20_50', 'ma_ratio_50_200', 'ma_ratio_20_200', 'dist_from_50dma', 'dist_from_200dma', 'dow', 'month', 'as_of', 'data_version']
2025-11-12 11:26:47,732 INFO [features] Building features for XLK mode=update lookback=90
2025-11-12 11:26:47,747 INFO [features] Recompute overlap: lookback=90, max_window=200, extra_overlap=2, extended_start_date=2025-01-24, recompute_start_date=2025-08-14
2025-11-12 11:26:47,747 INFO [features] Recompute prefix_rows=6701, recomputed_rows=203, recomputed_tail_rows=63, duplicates_dropped=0
2025-11-12 11:26:47,748 INFO [features] Recomputed ret_1d continuity: nan_before=1, nan_after=1
2025-11-12 11:26:47,751 INFO [features] Performed per-column fallback casting for 17 columns: ['ret_1d', 'log_ret_1d', 'rv_20d', 'rv_60d', 'sma_20', 'sma_50', 'sma_200', 'ema_20', 'ema_50', 'ema_200', 'ma_ratio_20_50', 'ma_ratio_50_200', 'ma_ratio_20_200', 'dist_from_50dma', 'dist_from_200dma', 'dow', 'month']
2025-11-12 11:26:47,751 INFO [features] Casted 17 numeric feature columns to float32
2025-11-12 11:26:47,751 INFO [features] Numeric dtypes after cast: {'ret_1d': 'float32', 'log_ret_1d': 'float32', 'rv_20d': 'float32', 'rv_60d': 'float32', 'sma_20': 'float32', 'sma_50': 'float32', 'sma_200': 'float32', 'ema_20': 'float32', 'ema_50': 'float32', 'ema_200': 'float32', 'ma_ratio_20_50': 'float32', 'ma_ratio_50_200': 'float32', 'ma_ratio_20_200': 'float32', 'dist_from_50dma': 'float32', 'dist_from_200dma': 'float32', 'dow': 'float32', 'month': 'float32'}
2025-11-12 11:26:47,802 INFO [features] Wrote features for XLK rows=6764 to data/features/XLK.parquet; columns=['date', 'ticker', 'ret_1d', 'log_ret_1d', 'rv_20d', 'rv_60d', 'sma_20', 'sma_50', 'sma_200', 'ema_20', 'ema_50', 'ema_200', 'ma_ratio_20_50', 'ma_ratio_50_200', 'ma_ratio_20_200', 'dist_from_50dma', 'dist_from_200dma', 'dow', 'month', 'as_of', 'data_version']
2025-11-12 11:26:47,802 INFO [features] Building features for XLU mode=update lookback=90
2025-11-12 11:26:47,816 INFO [features] Recompute overlap: lookback=90, max_window=200, extra_overlap=2, extended_start_date=2025-01-24, recompute_start_date=2025-08-14
2025-11-12 11:26:47,817 INFO [features] Recompute prefix_rows=6701, recomputed_rows=203, recomputed_tail_rows=63, duplicates_dropped=0
2025-11-12 11:26:47,817 INFO [features] Recomputed ret_1d continuity: nan_before=1, nan_after=1
2025-11-12 11:26:47,820 INFO [features] Performed per-column fallback casting for 17 columns: ['ret_1d', 'log_ret_1d', 'rv_20d', 'rv_60d', 'sma_20', 'sma_50', 'sma_200', 'ema_20', 'ema_50', 'ema_200', 'ma_ratio_20_50', 'ma_ratio_50_200', 'ma_ratio_20_200', 'dist_from_50dma', 'dist_from_200dma', 'dow', 'month']
2025-11-12 11:26:47,820 INFO [features] Casted 17 numeric feature columns to float32
2025-11-12 11:26:47,821 INFO [features] Numeric dtypes after cast: {'ret_1d': 'float32', 'log_ret_1d': 'float32', 'rv_20d': 'float32', 'rv_60d': 'float32', 'sma_20': 'float32', 'sma_50': 'float32', 'sma_200': 'float32', 'ema_20': 'float32', 'ema_50': 'float32', 'ema_200': 'float32', 'ma_ratio_20_50': 'float32', 'ma_ratio_50_200': 'float32', 'ma_ratio_20_200': 'float32', 'dist_from_50dma': 'float32', 'dist_from_200dma': 'float32', 'dow': 'float32', 'month': 'float32'}
2025-11-12 11:26:47,872 INFO [features] Wrote features for XLU rows=6764 to data/features/XLU.parquet; columns=['date', 'ticker', 'ret_1d', 'log_ret_1d', 'rv_20d', 'rv_60d', 'sma_20', 'sma_50', 'sma_200', 'ema_20', 'ema_50', 'ema_200', 'ma_ratio_20_50', 'ma_ratio_50_200', 'ma_ratio_20_200', 'dist_from_50dma', 'dist_from_200dma', 'dow', 'month', 'as_of', 'data_version']
2025-11-12 11:26:47,873 INFO [features] Building features for XLC mode=update lookback=90
2025-11-12 11:26:47,883 INFO [features] Recompute overlap: lookback=90, max_window=200, extra_overlap=2, extended_start_date=2025-01-24, recompute_start_date=2025-08-14
2025-11-12 11:26:47,883 INFO [features] Recompute prefix_rows=1798, recomputed_rows=203, recomputed_tail_rows=63, duplicates_dropped=0
2025-11-12 11:26:47,883 INFO [features] Recomputed ret_1d continuity: nan_before=1, nan_after=1
2025-11-12 11:26:47,886 INFO [features] Performed per-column fallback casting for 17 columns: ['ret_1d', 'log_ret_1d', 'rv_20d', 'rv_60d', 'sma_20', 'sma_50', 'sma_200', 'ema_20', 'ema_50', 'ema_200', 'ma_ratio_20_50', 'ma_ratio_50_200', 'ma_ratio_20_200', 'dist_from_50dma', 'dist_from_200dma', 'dow', 'month']
2025-11-12 11:26:47,886 INFO [features] Casted 17 numeric feature columns to float32
2025-11-12 11:26:47,887 INFO [features] Numeric dtypes after cast: {'ret_1d': 'float32', 'log_ret_1d': 'float32', 'rv_20d': 'float32', 'rv_60d': 'float32', 'sma_20': 'float32', 'sma_50': 'float32', 'sma_200': 'float32', 'ema_20': 'float32', 'ema_50': 'float32', 'ema_200': 'float32', 'ma_ratio_20_50': 'float32', 'ma_ratio_50_200': 'float32', 'ma_ratio_20_200': 'float32', 'dist_from_50dma': 'float32', 'dist_from_200dma': 'float32', 'dow': 'float32', 'month': 'float32'}
2025-11-12 11:26:47,908 INFO [features] Wrote features for XLC rows=1861 to data/features/XLC.parquet; columns=['date', 'ticker', 'ret_1d', 'log_ret_1d', 'rv_20d', 'rv_60d', 'sma_20', 'sma_50', 'sma_200', 'ema_20', 'ema_50', 'ema_200', 'ma_ratio_20_50', 'ma_ratio_50_200', 'ma_ratio_20_200', 'dist_from_50dma', 'dist_from_200dma', 'dow', 'month', 'as_of', 'data_version']
2025-11-12 11:26:47,909 INFO [cli] build-features: {'ticker': '^GSPC', 'rows': 24583, 'parquet': 'data/features/^GSPC.parquet'}
2025-11-12 11:26:47,909 INFO [cli] build-features: {'ticker': '^NDX', 'rows': 10108, 'parquet': 'data/features/^NDX.parquet'}
2025-11-12 11:26:47,909 INFO [cli] build-features: {'ticker': '^DJI', 'rows': 8527, 'parquet': 'data/features/^DJI.parquet'}
2025-11-12 11:26:47,909 INFO [cli] build-features: {'ticker': '^RUT', 'rows': 9617, 'parquet': 'data/features/^RUT.parquet'}
2025-11-12 11:26:47,909 INFO [cli] build-features: {'ticker': 'SPY', 'rows': 63, 'parquet': None, 'aborted': True}
2025-11-12 11:26:47,909 INFO [cli] build-features: {'ticker': 'QQQ', 'rows': 6712, 'parquet': 'data/features/QQQ.parquet'}
2025-11-12 11:26:47,909 INFO [cli] build-features: {'ticker': 'DIA', 'rows': 6998, 'parquet': 'data/features/DIA.parquet'}
2025-11-12 11:26:47,909 INFO [cli] build-features: {'ticker': 'IWM', 'rows': 6404, 'parquet': 'data/features/IWM.parquet'}
2025-11-12 11:26:47,909 INFO [cli] build-features: {'ticker': 'XLY', 'rows': 6764, 'parquet': 'data/features/XLY.parquet'}
2025-11-12 11:26:47,909 INFO [cli] build-features: {'ticker': 'XLP', 'rows': 6764, 'parquet': 'data/features/XLP.parquet'}
2025-11-12 11:26:47,909 INFO [cli] build-features: {'ticker': 'XLE', 'rows': 6764, 'parquet': 'data/features/XLE.parquet'}
2025-11-12 11:26:47,909 INFO [cli] build-features: {'ticker': 'XLF', 'rows': 6764, 'parquet': 'data/features/XLF.parquet'}
2025-11-12 11:26:47,909 INFO [cli] build-features: {'ticker': 'XLV', 'rows': 6764, 'parquet': 'data/features/XLV.parquet'}
2025-11-12 11:26:47,909 INFO [cli] build-features: {'ticker': 'XLI', 'rows': 6764, 'parquet': 'data/features/XLI.parquet'}
2025-11-12 11:26:47,909 INFO [cli] build-features: {'ticker': 'XLB', 'rows': 6764, 'parquet': 'data/features/XLB.parquet'}
2025-11-12 11:26:47,909 INFO [cli] build-features: {'ticker': 'XLK', 'rows': 6764, 'parquet': 'data/features/XLK.parquet'}
2025-11-12 11:26:47,909 INFO [cli] build-features: {'ticker': 'XLU', 'rows': 6764, 'parquet': 'data/features/XLU.parquet'}
2025-11-12 11:26:47,909 INFO [cli] build-features: {'ticker': 'XLC', 'rows': 1861, 'parquet': 'data/features/XLC.parquet'}
{'ticker': '^GSPC', 'rows': 24583, 'parquet': 'data/features/^GSPC.parquet'}
{'ticker': '^NDX', 'rows': 10108, 'parquet': 'data/features/^NDX.parquet'}
{'ticker': '^DJI', 'rows': 8527, 'parquet': 'data/features/^DJI.parquet'}
{'ticker': '^RUT', 'rows': 9617, 'parquet': 'data/features/^RUT.parquet'}
{'ticker': 'SPY', 'rows': 63, 'parquet': None, 'aborted': True}
{'ticker': 'QQQ', 'rows': 6712, 'parquet': 'data/features/QQQ.parquet'}
{'ticker': 'DIA', 'rows': 6998, 'parquet': 'data/features/DIA.parquet'}
{'ticker': 'IWM', 'rows': 6404, 'parquet': 'data/features/IWM.parquet'}
{'ticker': 'XLY', 'rows': 6764, 'parquet': 'data/features/XLY.parquet'}
{'ticker': 'XLP', 'rows': 6764, 'parquet': 'data/features/XLP.parquet'}
{'ticker': 'XLE', 'rows': 6764, 'parquet': 'data/features/XLE.parquet'}
{'ticker': 'XLF', 'rows': 6764, 'parquet': 'data/features/XLF.parquet'}
{'ticker': 'XLV', 'rows': 6764, 'parquet': 'data/features/XLV.parquet'}
{'ticker': 'XLI', 'rows': 6764, 'parquet': 'data/features/XLI.parquet'}
{'ticker': 'XLB', 'rows': 6764, 'parquet': 'data/features/XLB.parquet'}
{'ticker': 'XLK', 'rows': 6764, 'parquet': 'data/features/XLK.parquet'}
{'ticker': 'XLU', 'rows': 6764, 'parquet': 'data/features/XLU.parquet'}
{'ticker': 'XLC', 'rows': 1861, 'parquet': 'data/features/XLC.parquet'}
["data/analytics/seasonality/^GSPC/facts.parquet", "data/analytics/seasonality/^NDX/facts.parquet", "data/analytics/seasonality/^DJI/facts.parquet", "data/analytics/seasonality/^RUT/facts.parquet", "data/analytics/seasonality/SPY/facts.parquet", "data/analytics/seasonality/QQQ/facts.parquet", "data/analytics/seasonality/DIA/facts.parquet", "data/analytics/seasonality/IWM/facts.parquet", "data/analytics/seasonality/XLY/facts.parquet", "data/analytics/seasonality/XLP/facts.parquet", "data/analytics/seasonality/XLE/facts.parquet", "data/analytics/seasonality/XLF/facts.parquet", "data/analytics/seasonality/XLV/facts.parquet", "data/analytics/seasonality/XLI/facts.parquet", "data/analytics/seasonality/XLB/facts.parquet", "data/analytics/seasonality/XLK/facts.parquet", "data/analytics/seasonality/XLU/facts.parquet", "data/analytics/seasonality/XLC/facts.parquet"]
2025-11-12 11:26:49,871 INFO [cli] {'event': 'build-markov-grid:start', 'tickers': ['SPY', 'QQQ', 'DIA', 'IWM'], 'modes': ['binary', 'tri'], 'thresholds': [0, 5, 10, 15, 20, '...'], 'windows': ['1Y', '2Y', '5Y', '10Y', '20Y', 'MAX'], 'orders': [1, 2, 3, 4]}
2025-11-12 11:26:49,930 INFO [cli] states WARN SPY binary thr=0: ret_1d column required for state building
2025-11-12 11:26:49,936 INFO [cli] states WARN SPY binary thr=5: ret_1d column required for state building
2025-11-12 11:26:49,942 INFO [cli] states WARN SPY binary thr=10: ret_1d column required for state building
2025-11-12 11:26:49,949 INFO [cli] states WARN SPY binary thr=15: ret_1d column required for state building
2025-11-12 11:26:49,956 INFO [cli] states WARN SPY binary thr=20: ret_1d column required for state building
2025-11-12 11:26:49,962 INFO [cli] states WARN SPY binary thr=25: ret_1d column required for state building
2025-11-12 11:26:49,970 INFO [cli] states WARN SPY binary thr=30: ret_1d column required for state building
2025-11-12 11:26:49,977 INFO [cli] states WARN SPY binary thr=35: ret_1d column required for state building
2025-11-12 11:26:49,983 INFO [cli] states WARN SPY binary thr=40: ret_1d column required for state building
2025-11-12 11:26:49,990 INFO [cli] states WARN SPY binary thr=45: ret_1d column required for state building
2025-11-12 11:26:50,000 INFO [cli] states WARN SPY binary thr=50: ret_1d column required for state building
2025-11-12 11:26:50,025 INFO [cli] states WARN SPY binary thr=55: ret_1d column required for state building
2025-11-12 11:26:50,054 INFO [cli] states WARN SPY binary thr=60: ret_1d column required for state building
2025-11-12 11:26:50,067 INFO [cli] states WARN SPY binary thr=65: ret_1d column required for state building
2025-11-12 11:26:50,074 INFO [cli] states WARN SPY binary thr=70: ret_1d column required for state building
2025-11-12 11:26:50,081 INFO [cli] states WARN SPY binary thr=75: ret_1d column required for state building
2025-11-12 11:26:50,087 INFO [cli] states WARN SPY binary thr=80: ret_1d column required for state building
2025-11-12 11:26:50,093 INFO [cli] states WARN SPY binary thr=85: ret_1d column required for state building
2025-11-12 11:26:50,099 INFO [cli] states WARN SPY binary thr=90: ret_1d column required for state building
2025-11-12 11:26:50,107 INFO [cli] states WARN SPY binary thr=95: ret_1d column required for state building
2025-11-12 11:26:50,114 INFO [cli] states WARN SPY binary thr=100: ret_1d column required for state building
2025-11-12 11:26:50,121 INFO [cli] states WARN SPY binary thr=105: ret_1d column required for state building
2025-11-12 11:26:50,128 INFO [cli] states WARN SPY binary thr=110: ret_1d column required for state building
2025-11-12 11:26:50,134 INFO [cli] states WARN SPY binary thr=115: ret_1d column required for state building
2025-11-12 11:26:50,141 INFO [cli] states WARN SPY binary thr=120: ret_1d column required for state building
2025-11-12 11:26:50,149 INFO [cli] states WARN SPY binary thr=125: ret_1d column required for state building
2025-11-12 11:26:50,156 INFO [cli] states WARN SPY binary thr=130: ret_1d column required for state building
2025-11-12 11:26:50,163 INFO [cli] states WARN SPY binary thr=135: ret_1d column required for state building
2025-11-12 11:26:50,171 INFO [cli] states WARN SPY binary thr=140: ret_1d column required for state building
2025-11-12 11:26:50,178 INFO [cli] states WARN SPY binary thr=145: ret_1d column required for state building
2025-11-12 11:26:50,184 INFO [cli] states WARN SPY binary thr=150: ret_1d column required for state building
2025-11-12 11:26:50,189 INFO [cli] states WARN SPY tri thr=0: ret_1d column required for state building
2025-11-12 11:26:50,195 INFO [cli] states WARN SPY tri thr=5: ret_1d column required for state building
2025-11-12 11:26:50,202 INFO [cli] states WARN SPY tri thr=10: ret_1d column required for state building
2025-11-12 11:26:50,209 INFO [cli] states WARN SPY tri thr=15: ret_1d column required for state building
2025-11-12 11:26:50,215 INFO [cli] states WARN SPY tri thr=20: ret_1d column required for state building
2025-11-12 11:26:50,221 INFO [cli] states WARN SPY tri thr=25: ret_1d column required for state building
2025-11-12 11:26:50,228 INFO [cli] states WARN SPY tri thr=30: ret_1d column required for state building
2025-11-12 11:26:50,235 INFO [cli] states WARN SPY tri thr=35: ret_1d column required for state building
2025-11-12 11:26:50,240 INFO [cli] states WARN SPY tri thr=40: ret_1d column required for state building
2025-11-12 11:26:50,247 INFO [cli] states WARN SPY tri thr=45: ret_1d column required for state building
2025-11-12 11:26:50,253 INFO [cli] states WARN SPY tri thr=50: ret_1d column required for state building
2025-11-12 11:26:50,260 INFO [cli] states WARN SPY tri thr=55: ret_1d column required for state building
2025-11-12 11:26:50,267 INFO [cli] states WARN SPY tri thr=60: ret_1d column required for state building
2025-11-12 11:26:50,273 INFO [cli] states WARN SPY tri thr=65: ret_1d column required for state building
2025-11-12 11:26:50,281 INFO [cli] states WARN SPY tri thr=70: ret_1d column required for state building
2025-11-12 11:26:50,288 INFO [cli] states WARN SPY tri thr=75: ret_1d column required for state building
2025-11-12 11:26:50,296 INFO [cli] states WARN SPY tri thr=80: ret_1d column required for state building
2025-11-12 11:26:50,303 INFO [cli] states WARN SPY tri thr=85: ret_1d column required for state building
2025-11-12 11:26:50,311 INFO [cli] states WARN SPY tri thr=90: ret_1d column required for state building
2025-11-12 11:26:50,317 INFO [cli] states WARN SPY tri thr=95: ret_1d column required for state building
2025-11-12 11:26:50,323 INFO [cli] states WARN SPY tri thr=100: ret_1d column required for state building
2025-11-12 11:26:50,330 INFO [cli] states WARN SPY tri thr=105: ret_1d column required for state building
2025-11-12 11:26:50,337 INFO [cli] states WARN SPY tri thr=110: ret_1d column required for state building
2025-11-12 11:26:50,343 INFO [cli] states WARN SPY tri thr=115: ret_1d column required for state building
2025-11-12 11:26:50,348 INFO [cli] states WARN SPY tri thr=120: ret_1d column required for state building
2025-11-12 11:26:50,353 INFO [cli] states WARN SPY tri thr=125: ret_1d column required for state building
2025-11-12 11:26:50,358 INFO [cli] states WARN SPY tri thr=130: ret_1d column required for state building
2025-11-12 11:26:50,363 INFO [cli] states WARN SPY tri thr=135: ret_1d column required for state building
2025-11-12 11:26:50,368 INFO [cli] states WARN SPY tri thr=140: ret_1d column required for state building
2025-11-12 11:26:50,374 INFO [cli] states WARN SPY tri thr=145: ret_1d column required for state building
2025-11-12 11:26:50,379 INFO [cli] states WARN SPY tri thr=150: ret_1d column required for state building
2025-11-12 11:26:50,395 INFO [cli] {'ticker': 'QQQ', 'mode': 'binary', 'thr': 0, 'window': '1Y', 'order': 1, 'rows': 2}
2025-11-12 11:26:50,402 INFO [cli] {'ticker': 'QQQ', 'mode': 'binary', 'thr': 0, 'window': '1Y', 'order': 2, 'rows': 4}
2025-11-12 11:26:50,410 INFO [cli] {'ticker': 'QQQ', 'mode': 'binary', 'thr': 0, 'window': '1Y', 'order': 3, 'rows': 8}
2025-11-12 11:26:50,416 INFO [cli] {'ticker': 'QQQ', 'mode': 'binary', 'thr': 0, 'window': '1Y', 'order': 4, 'rows': 16}
2025-11-12 11:26:50,421 INFO [cli] {'ticker': 'QQQ', 'mode': 'binary', 'thr': 0, 'window': '2Y', 'order': 1, 'rows': 2}
2025-11-12 11:26:50,426 INFO [cli] {'ticker': 'QQQ', 'mode': 'binary', 'thr': 0, 'window': '2Y', 'order': 2, 'rows': 4}
2025-11-12 11:26:50,431 INFO [cli] {'ticker': 'QQQ', 'mode': 'binary', 'thr': 0, 'window': '2Y', 'order': 3, 'rows': 8}
2025-11-12 11:26:50,439 INFO [cli] {'ticker': 'QQQ', 'mode': 'binary', 'thr': 0, 'window': '2Y', 'order': 4, 'rows': 16}
2025-11-12 11:26:50,444 INFO [cli] {'ticker': 'QQQ', 'mode': 'binary', 'thr': 0, 'window': '5Y', 'order': 1, 'rows': 2}
2025-11-12 11:26:50,450 INFO [cli] {'ticker': 'QQQ', 'mode': 'binary', 'thr': 0, 'window': '5Y', 'order': 2, 'rows': 4}
2025-11-12 11:26:50,456 INFO [cli] {'ticker': 'QQQ', 'mode': 'binary', 'thr': 0, 'window': '5Y', 'order': 3, 'rows': 8}
2025-11-12 11:26:50,461 INFO [cli] {'ticker': 'QQQ', 'mode': 'binary', 'thr': 0, 'window': '5Y', 'order': 4, 'rows': 16}
2025-11-12 11:26:50,466 INFO [cli] {'ticker': 'QQQ', 'mode': 'binary', 'thr': 0, 'window': '10Y', 'order': 1, 'rows': 2}
2025-11-12 11:26:50,473 INFO [cli] {'ticker': 'QQQ', 'mode': 'binary', 'thr': 0, 'window': '10Y', 'order': 2, 'rows': 4}
2025-11-12 11:26:50,481 INFO [cli] {'ticker': 'QQQ', 'mode': 'binary', 'thr': 0, 'window': '10Y', 'order': 3, 'rows': 8}
2025-11-12 11:26:50,486 INFO [cli] {'ticker': 'QQQ', 'mode': 'binary', 'thr': 0, 'window': '10Y', 'order': 4, 'rows': 16}
2025-11-12 11:26:50,494 INFO [cli] {'ticker': 'QQQ', 'mode': 'binary', 'thr': 0, 'window': '20Y', 'order': 1, 'rows': 2}
2025-11-12 11:26:50,501 INFO [cli] {'ticker': 'QQQ', 'mode': 'binary', 'thr': 0, 'window': '20Y', 'order': 2, 'rows': 4}
2025-11-12 11:26:50,508 INFO [cli] {'ticker': 'QQQ', 'mode': 'binary', 'thr': 0, 'window': '20Y', 'order': 3, 'rows': 8}
2025-11-12 11:26:50,519 INFO [cli] {'ticker': 'QQQ', 'mode': 'binary', 'thr': 0, 'window': '20Y', 'order': 4, 'rows': 16}
2025-11-12 11:26:50,525 INFO [cli] {'ticker': 'QQQ', 'mode': 'binary', 'thr': 0, 'window': 'MAX', 'order': 1, 'rows': 2}
2025-11-12 11:26:50,534 INFO [cli] {'ticker': 'QQQ', 'mode': 'binary', 'thr': 0, 'window': 'MAX', 'order': 2, 'rows': 4}
2025-11-12 11:26:50,539 INFO [cli] {'ticker': 'QQQ', 'mode': 'binary', 'thr': 0, 'window': 'MAX', 'order': 3, 'rows': 8}
2025-11-12 11:26:50,548 INFO [cli] {'ticker': 'QQQ', 'mode': 'binary', 'thr': 0, 'window': 'MAX', 'order': 4, 'rows': 16}
2025-11-12 11:26:50,561 INFO [cli] {'ticker': 'QQQ', 'mode': 'binary', 'thr': 5, 'window': '1Y', 'order': 1, 'rows': 2}
2025-11-12 11:26:50,567 INFO [cli] {'ticker': 'QQQ', 'mode': 'binary', 'thr': 5, 'window': '1Y', 'order': 2, 'rows': 4}
2025-11-12 11:26:50,572 INFO [cli] {'ticker': 'QQQ', 'mode': 'binary', 'thr': 5, 'window': '1Y', 'order': 3, 'rows': 8}
2025-11-12 11:26:50,579 INFO [cli] {'ticker': 'QQQ', 'mode': 'binary', 'thr': 5, 'window': '1Y', 'order': 4, 'rows': 16}
2025-11-12 11:26:50,586 INFO [cli] {'ticker': 'QQQ', 'mode': 'binary', 'thr': 5, 'window': '2Y', 'order': 1, 'rows': 2}
2025-11-12 11:26:50,593 INFO [cli] {'ticker': 'QQQ', 'mode': 'binary', 'thr': 5, 'window': '2Y', 'order': 2, 'rows': 4}
2025-11-12 11:26:50,599 INFO [cli] {'ticker': 'QQQ', 'mode': 'binary', 'thr': 5, 'window': '2Y', 'order': 3, 'rows': 8}
2025-11-12 11:26:50,615 INFO [cli] {'ticker': 'QQQ', 'mode': 'binary', 'thr': 5, 'window': '2Y', 'order': 4, 'rows': 16}
2025-11-12 11:26:50,621 INFO [cli] {'ticker': 'QQQ', 'mode': 'binary', 'thr': 5, 'window': '5Y', 'order': 1, 'rows': 2}
2025-11-12 11:26:50,628 INFO [cli] {'ticker': 'QQQ', 'mode': 'binary', 'thr': 5, 'window': '5Y', 'order': 2, 'rows': 4}
2025-11-12 11:26:50,635 INFO [cli] {'ticker': 'QQQ', 'mode': 'binary', 'thr': 5, 'window': '5Y', 'order': 3, 'rows': 8}
2025-11-12 11:26:50,641 INFO [cli] {'ticker': 'QQQ', 'mode': 'binary', 'thr': 5, 'window': '5Y', 'order': 4, 'rows': 16}
2025-11-12 11:26:50,647 INFO [cli] {'ticker': 'QQQ', 'mode': 'binary', 'thr': 5, 'window': '10Y', 'order': 1, 'rows': 2}
2025-11-12 11:26:50,654 INFO [cli] {'ticker': 'QQQ', 'mode': 'binary', 'thr': 5, 'window': '10Y', 'order': 2, 'rows': 4}
2025-11-12 11:26:50,661 INFO [cli] {'ticker': 'QQQ', 'mode': 'binary', 'thr': 5, 'window': '10Y', 'order': 3, 'rows': 8}
2025-11-12 11:26:50,667 INFO [cli] {'ticker': 'QQQ', 'mode': 'binary', 'thr': 5, 'window': '10Y', 'order': 4, 'rows': 16}
2025-11-12 11:26:50,675 INFO [cli] {'ticker': 'QQQ', 'mode': 'binary', 'thr': 5, 'window': '20Y', 'order': 1, 'rows': 2}
{'event': 'build-markov-grid:start', 'tickers': ['SPY', 'QQQ', 'DIA', 'IWM'], 'modes': ['binary', 'tri'], 'thresholds': [0, 5, 10, 15, 20, '...'], 'windows': ['1Y', '2Y', '5Y', '10Y', '20Y', 'MAX'], 'orders': [1, 2, 3, 4]}
states WARN SPY binary thr=0: ret_1d column required for state building
states WARN SPY binary thr=5: ret_1d column required for state building
states WARN SPY binary thr=10: ret_1d column required for state building
states WARN SPY binary thr=15: ret_1d column required for state building
states WARN SPY binary thr=20: ret_1d column required for state building
states WARN SPY binary thr=25: ret_1d column required for state building
states WARN SPY binary thr=30: ret_1d column required for state building
states WARN SPY binary thr=35: ret_1d column required for state building
states WARN SPY binary thr=40: ret_1d column required for state building
states WARN SPY binary thr=45: ret_1d column required for state building
states WARN SPY binary thr=50: ret_1d column required for state building
states WARN SPY binary thr=55: ret_1d column required for state building
states WARN SPY binary thr=60: ret_1d column required for state building
states WARN SPY binary thr=65: ret_1d column required for state building
states WARN SPY binary thr=70: ret_1d column required for state building
states WARN SPY binary thr=75: ret_1d column required for state building
states WARN SPY binary thr=80: ret_1d column required for state building
states WARN SPY binary thr=85: ret_1d column required for state building
states WARN SPY binary thr=90: ret_1d column required for state building
states WARN SPY binary thr=95: ret_1d column required for state building
states WARN SPY binary thr=100: ret_1d column required for state building
states WARN SPY binary thr=105: ret_1d column required for state building
states WARN SPY binary thr=110: ret_1d column required for state building
states WARN SPY binary thr=115: ret_1d column required for state building
states WARN SPY binary thr=120: ret_1d column required for state building
states WARN SPY binary thr=125: ret_1d column required for state building
states WARN SPY binary thr=130: ret_1d column required for state building
states WARN SPY binary thr=135: ret_1d column required for state building
states WARN SPY binary thr=140: ret_1d column required for state building
states WARN SPY binary thr=145: ret_1d column required for state building
states WARN SPY binary thr=150: ret_1d column required for state building
states WARN SPY tri thr=0: ret_1d column required for state building
states WARN SPY tri thr=5: ret_1d column required for state building
states WARN SPY tri thr=10: ret_1d column required for state building
states WARN SPY tri thr=15: ret_1d column required for state building
states WARN SPY tri thr=20: ret_1d column required for state building
states WARN SPY tri thr=25: ret_1d column required for state building
states WARN SPY tri thr=30: ret_1d column required for state building
states WARN SPY tri thr=35: ret_1d column required for state building
states WARN SPY tri thr=40: ret_1d column required for state building
states WARN SPY tri thr=45: ret_1d column required for state building
states WARN SPY tri thr=50: ret_1d column required for state building
states WARN SPY tri thr=55: ret_1d column required for state building
states WARN SPY tri thr=60: ret_1d column required for state building
states WARN SPY tri thr=65: ret_1d column required for state building
states WARN SPY tri thr=70: ret_1d column required for state building
states WARN SPY tri thr=75: ret_1d column required for state building
states WARN SPY tri thr=80: ret_1d column required for state building
states WARN SPY tri thr=85: ret_1d column required for state building
states WARN SPY tri thr=90: ret_1d column required for state building
states WARN SPY tri thr=95: ret_1d column required for state building
states WARN SPY tri thr=100: ret_1d column required for state building
states WARN SPY tri thr=105: ret_1d column required for state building
states WARN SPY tri thr=110: ret_1d column required for state building
states WARN SPY tri thr=115: ret_1d column required for state building
states WARN SPY tri thr=120: ret_1d column required for state building
states WARN SPY tri thr=125: ret_1d column required for state building
states WARN SPY tri thr=130: ret_1d column required for state building
states WARN SPY tri thr=135: ret_1d column required for state building
states WARN SPY tri thr=140: ret_1d column required for state building
states WARN SPY tri thr=145: ret_1d column required for state building
states WARN SPY tri thr=150: ret_1d column required for state building
{'ticker': 'QQQ', 'mode': 'binary', 'thr': 0, 'window': '1Y', 'order': 1, 'rows': 2}
{'ticker': 'QQQ', 'mode': 'binary', 'thr': 0, 'window': '1Y', 'order': 2, 'rows': 4}
{'ticker': 'QQQ', 'mode': 'binary', 'thr': 0, 'window': '1Y', 'order': 3, 'rows': 8}
{'ticker': 'QQQ', 'mode': 'binary', 'thr': 0, 'window': '1Y', 'order': 4, 'rows': 16}
{'ticker': 'QQQ', 'mode': 'binary', 'thr': 0, 'window': '2Y', 'order': 1, 'rows': 2}
{'ticker': 'QQQ', 'mode': 'binary', 'thr': 0, 'window': '2Y', 'order': 2, 'rows': 4}
{'ticker': 'QQQ', 'mode': 'binary', 'thr': 0, 'window': '2Y', 'order': 3, 'rows': 8}
{'ticker': 'QQQ', 'mode': 'binary', 'thr': 0, 'window': '2Y', 'order': 4, 'rows': 16}
{'ticker': 'QQQ', 'mode': 'binary', 'thr': 0, 'window': '5Y', 'order': 1, 'rows': 2}
{'ticker': 'QQQ', 'mode': 'binary', 'thr': 0, 'window': '5Y', 'order': 2, 'rows': 4}
{'ticker': 'QQQ', 'mode': 'binary', 'thr': 0, 'window': '5Y', 'order': 3, 'rows': 8}
{'ticker': 'QQQ', 'mode': 'binary', 'thr': 0, 'window': '5Y', 'order': 4, 'rows': 16}
{'ticker': 'QQQ', 'mode': 'binary', 'thr': 0, 'window': '10Y', 'order': 1, 'rows': 2}
{'ticker': 'QQQ', 'mode': 'binary', 'thr': 0, 'window': '10Y', 'order': 2, 'rows': 4}
{'ticker': 'QQQ', 'mode': 'binary', 'thr': 0, 'window': '10Y', 'order': 3, 'rows': 8}
{'ticker': 'QQQ', 'mode': 'binary', 'thr': 0, 'window': '10Y', 'order': 4, 'rows': 16}
{'ticker': 'QQQ', 'mode': 'binary', 'thr': 0, 'window': '20Y', 'order': 1, 'rows': 2}
{'ticker': 'QQQ', 'mode': 'binary', 'thr': 0, 'window': '20Y', 'order': 2, 'rows': 4}
{'ticker': 'QQQ', 'mode': 'binary', 'thr': 0, 'window': '20Y', 'order': 3, 'rows': 8}
{'ticker': 'QQQ', 'mode': 'binary', 'thr': 0, 'window': '20Y', 'order': 4, 'rows': 16}
{'ticker': 'QQQ', 'mode': 'binary', 'thr': 0, 'window': 'MAX', 'order': 1, 'rows': 2}
{'ticker': 'QQQ', 'mode': 'binary', 'thr': 0, 'window': 'MAX', 'order': 2, 'rows': 4}
{'ticker': 'QQQ', 'mode': 'binary', 'thr': 0, 'window': 'MAX', 'order': 3, 'rows': 8}
{'ticker': 'QQQ', 'mode': 'binary', 'thr': 0, 'window': 'MAX', 'order': 4, 'rows': 16}
{'ticker': 'QQQ', 'mode': 'binary', 'thr': 5, 'window': '1Y', 'order': 1, 'rows': 2}
{'ticker': 'QQQ', 'mode': 'binary', 'thr': 5, 'window': '1Y', 'order': 2, 'rows': 4}
{'ticker': 'QQQ', 'mode': 'binary', 'thr': 5, 'window': '1Y', 'order': 3, 'rows': 8}
{'ticker': 'QQQ', 'mode': 'binary', 'thr': 5, 'window': '1Y', 'order': 4, 'rows': 16}
{'ticker': 'QQQ', 'mode': 'binary', 'thr': 5, 'window': '2Y', 'order': 1, 'rows': 2}
{'ticker': 'QQQ', 'mode': 'binary', 'thr': 5, 'window': '2Y', 'order': 2, 'rows': 4}
{'ticker': 'QQQ', 'mode': 'binary', 'thr': 5, 'window': '2Y', 'order': 3, 'rows': 8}
{'ticker': 'QQQ', 'mode': 'binary', 'thr': 5, 'window': '2Y', 'order': 4, 'rows': 16}
{'ticker': 'QQQ', 'mode': 'binary', 'thr': 5, 'window': '5Y', 'order': 1, 'rows': 2}
{'ticker': 'QQQ', 'mode': 'binary', 'thr': 5, 'window': '5Y', 'order': 2, 'rows': 4}
{'ticker': 'QQQ', 'mode': 'binary', 'thr': 5, 'window': '5Y', 'order': 3, 'rows': 8}
{'ticker': 'QQQ', 'mode': 'binary', 'thr': 5, 'window': '5Y', 'order': 4, 'rows': 16}
{'ticker': 'QQQ', 'mode': 'binary', 'thr': 5, 'window': '10Y', 'order': 1, 'rows': 2}
{'ticker': 'QQQ', 'mode': 'binary', 'thr': 5, 'window': '10Y', 'order': 2, 'rows': 4}
{'ticker': 'QQQ', 'mode': 'binary', 'thr': 5, 'window': '10Y', 'order': 3, 'rows': 8}
{'ticker': 'QQQ', 'mode': 'binary', 'thr': 5, 'window': '10Y', 'order': 4, 'rows': 16}
{'ticker': 'QQQ', 'mode': 'binary', 'thr': 5, 'window': '20Y', 'order': 1, 'rows': 2}
{'ticker': 'QQQ', 'mode': 'binary', 'thr': 5, 'window': '20Y', 'order': 2, 'rows': 4}2025-11-12 11:26:50,681 INFO [cli] {'ticker': 'QQQ', 'mode': 'binary', 'thr': 5, 'window': '20Y', 'order': 2, 'rows': 4}
2025-11-12 11:26:50,688 INFO [cli] {'ticker': 'QQQ', 'mode': 'binary', 'thr': 5, 'window': '20Y', 'order': 3, 'rows': 8}
2025-11-12 11:26:50,695 INFO [cli] {'ticker': 'QQQ', 'mode': 'binary', 'thr': 5, 'window': '20Y', 'order': 4, 'rows': 16}
2025-11-12 11:26:50,701 INFO [cli] {'ticker': 'QQQ', 'mode': 'binary', 'thr': 5, 'window': 'MAX', 'order': 1, 'rows': 2}
2025-11-12 11:26:50,709 INFO [cli] {'ticker': 'QQQ', 'mode': 'binary', 'thr': 5, 'window': 'MAX', 'order': 2, 'rows': 4}
2025-11-12 11:26:50,715 INFO [cli] {'ticker': 'QQQ', 'mode': 'binary', 'thr': 5, 'window': 'MAX', 'order': 3, 'rows': 8}
2025-11-12 11:26:50,723 INFO [cli] {'ticker': 'QQQ', 'mode': 'binary', 'thr': 5, 'window': 'MAX', 'order': 4, 'rows': 16}
2025-11-12 11:26:50,736 INFO [cli] {'ticker': 'QQQ', 'mode': 'binary', 'thr': 10, 'window': '1Y', 'order': 1, 'rows': 2}
2025-11-12 11:26:50,742 INFO [cli] {'ticker': 'QQQ', 'mode': 'binary', 'thr': 10, 'window': '1Y', 'order': 2, 'rows': 4}
2025-11-12 11:26:50,749 INFO [cli] {'ticker': 'QQQ', 'mode': 'binary', 'thr': 10, 'window': '1Y', 'order': 3, 'rows': 8}
2025-11-12 11:26:50,756 INFO [cli] {'ticker': 'QQQ', 'mode': 'binary', 'thr': 10, 'window': '1Y', 'order': 4, 'rows': 16}
2025-11-12 11:26:50,762 INFO [cli] {'ticker': 'QQQ', 'mode': 'binary', 'thr': 10, 'window': '2Y', 'order': 1, 'rows': 2}
2025-11-12 11:26:50,770 INFO [cli] {'ticker': 'QQQ', 'mode': 'binary', 'thr': 10, 'window': '2Y', 'order': 2, 'rows': 4}
2025-11-12 11:26:50,776 INFO [cli] {'ticker': 'QQQ', 'mode': 'binary', 'thr': 10, 'window': '2Y', 'order': 3, 'rows': 8}
2025-11-12 11:26:50,784 INFO [cli] {'ticker': 'QQQ', 'mode': 'binary', 'thr': 10, 'window': '2Y', 'order': 4, 'rows': 16}
2025-11-12 11:26:50,791 INFO [cli] {'ticker': 'QQQ', 'mode': 'binary', 'thr': 10, 'window': '5Y', 'order': 1, 'rows': 2}
2025-11-12 11:26:50,797 INFO [cli] {'ticker': 'QQQ', 'mode': 'binary', 'thr': 10, 'window': '5Y', 'order': 2, 'rows': 4}
2025-11-12 11:26:50,802 INFO [cli] {'ticker': 'QQQ', 'mode': 'binary', 'thr': 10, 'window': '5Y', 'order': 3, 'rows': 8}
2025-11-12 11:26:50,812 INFO [cli] {'ticker': 'QQQ', 'mode': 'binary', 'thr': 10, 'window': '5Y', 'order': 4, 'rows': 16}
2025-11-12 11:26:50,818 INFO [cli] {'ticker': 'QQQ', 'mode': 'binary', 'thr': 10, 'window': '10Y', 'order': 1, 'rows': 2}
2025-11-12 11:26:50,825 INFO [cli] {'ticker': 'QQQ', 'mode': 'binary', 'thr': 10, 'window': '10Y', 'order': 2, 'rows': 4}
2025-11-12 11:26:50,833 INFO [cli] {'ticker': 'QQQ', 'mode': 'binary', 'thr': 10, 'window': '10Y', 'order': 3, 'rows': 8}
2025-11-12 11:26:50,839 INFO [cli] {'ticker': 'QQQ', 'mode': 'binary', 'thr': 10, 'window': '10Y', 'order': 4, 'rows': 16}
2025-11-12 11:26:50,847 INFO [cli] {'ticker': 'QQQ', 'mode': 'binary', 'thr': 10, 'window': '20Y', 'order': 1, 'rows': 2}
2025-11-12 11:26:50,854 INFO [cli] {'ticker': 'QQQ', 'mode': 'binary', 'thr': 10, 'window': '20Y', 'order': 2, 'rows': 4}
2025-11-12 11:26:50,862 INFO [cli] {'ticker': 'QQQ', 'mode': 'binary', 'thr': 10, 'window': '20Y', 'order': 3, 'rows': 8}
2025-11-12 11:26:50,867 INFO [cli] {'ticker': 'QQQ', 'mode': 'binary', 'thr': 10, 'window': '20Y', 'order': 4, 'rows': 16}
2025-11-12 11:26:50,873 INFO [cli] {'ticker': 'QQQ', 'mode': 'binary', 'thr': 10, 'window': 'MAX', 'order': 1, 'rows': 2}
2025-11-12 11:26:50,879 INFO [cli] {'ticker': 'QQQ', 'mode': 'binary', 'thr': 10, 'window': 'MAX', 'order': 2, 'rows': 4}
2025-11-12 11:26:50,886 INFO [cli] {'ticker': 'QQQ', 'mode': 'binary', 'thr': 10, 'window': 'MAX', 'order': 3, 'rows': 8}
2025-11-12 11:26:50,891 INFO [cli] {'ticker': 'QQQ', 'mode': 'binary', 'thr': 10, 'window': 'MAX', 'order': 4, 'rows': 16}
2025-11-12 11:26:50,904 INFO [cli] {'ticker': 'QQQ', 'mode': 'binary', 'thr': 15, 'window': '1Y', 'order': 1, 'rows': 2}
2025-11-12 11:26:50,909 INFO [cli] {'ticker': 'QQQ', 'mode': 'binary', 'thr': 15, 'window': '1Y', 'order': 2, 'rows': 4}
2025-11-12 11:26:50,915 INFO [cli] {'ticker': 'QQQ', 'mode': 'binary', 'thr': 15, 'window': '1Y', 'order': 3, 'rows': 8}
2025-11-12 11:26:50,921 INFO [cli] {'ticker': 'QQQ', 'mode': 'binary', 'thr': 15, 'window': '1Y', 'order': 4, 'rows': 16}
2025-11-12 11:26:50,928 INFO [cli] {'ticker': 'QQQ', 'mode': 'binary', 'thr': 15, 'window': '2Y', 'order': 1, 'rows': 2}
2025-11-12 11:26:50,934 INFO [cli] {'ticker': 'QQQ', 'mode': 'binary', 'thr': 15, 'window': '2Y', 'order': 2, 'rows': 4}
2025-11-12 11:26:50,940 INFO [cli] {'ticker': 'QQQ', 'mode': 'binary', 'thr': 15, 'window': '2Y', 'order': 3, 'rows': 8}
2025-11-12 11:26:50,946 INFO [cli] {'ticker': 'QQQ', 'mode': 'binary', 'thr': 15, 'window': '2Y', 'order': 4, 'rows': 16}
2025-11-12 11:26:50,951 INFO [cli] {'ticker': 'QQQ', 'mode': 'binary', 'thr': 15, 'window': '5Y', 'order': 1, 'rows': 2}
2025-11-12 11:26:50,959 INFO [cli] {'ticker': 'QQQ', 'mode': 'binary', 'thr': 15, 'window': '5Y', 'order': 2, 'rows': 4}
2025-11-12 11:26:50,965 INFO [cli] {'ticker': 'QQQ', 'mode': 'binary', 'thr': 15, 'window': '5Y', 'order': 3, 'rows': 8}
2025-11-12 11:26:50,971 INFO [cli] {'ticker': 'QQQ', 'mode': 'binary', 'thr': 15, 'window': '5Y', 'order': 4, 'rows': 16}
2025-11-12 11:26:50,978 INFO [cli] {'ticker': 'QQQ', 'mode': 'binary', 'thr': 15, 'window': '10Y', 'order': 1, 'rows': 2}
2025-11-12 11:26:50,984 INFO [cli] {'ticker': 'QQQ', 'mode': 'binary', 'thr': 15, 'window': '10Y', 'order': 2, 'rows': 4}
2025-11-12 11:26:50,990 INFO [cli] {'ticker': 'QQQ', 'mode': 'binary', 'thr': 15, 'window': '10Y', 'order': 3, 'rows': 8}
2025-11-12 11:26:50,995 INFO [cli] {'ticker': 'QQQ', 'mode': 'binary', 'thr': 15, 'window': '10Y', 'order': 4, 'rows': 16}
2025-11-12 11:26:51,003 INFO [cli] {'ticker': 'QQQ', 'mode': 'binary', 'thr': 15, 'window': '20Y', 'order': 1, 'rows': 2}
2025-11-12 11:26:51,008 INFO [cli] {'ticker': 'QQQ', 'mode': 'binary', 'thr': 15, 'window': '20Y', 'order': 2, 'rows': 4}
2025-11-12 11:26:51,014 INFO [cli] {'ticker': 'QQQ', 'mode': 'binary', 'thr': 15, 'window': '20Y', 'order': 3, 'rows': 8}
2025-11-12 11:26:51,022 INFO [cli] {'ticker': 'QQQ', 'mode': 'binary', 'thr': 15, 'window': '20Y', 'order': 4, 'rows': 16}
2025-11-12 11:26:51,028 INFO [cli] {'ticker': 'QQQ', 'mode': 'binary', 'thr': 15, 'window': 'MAX', 'order': 1, 'rows': 2}
2025-11-12 11:26:51,034 INFO [cli] {'ticker': 'QQQ', 'mode': 'binary', 'thr': 15, 'window': 'MAX', 'order': 2, 'rows': 4}
2025-11-12 11:26:51,040 INFO [cli] {'ticker': 'QQQ', 'mode': 'binary', 'thr': 15, 'window': 'MAX', 'order': 3, 'rows': 8}
2025-11-12 11:26:51,045 INFO [cli] {'ticker': 'QQQ', 'mode': 'binary', 'thr': 15, 'window': 'MAX', 'order': 4, 'rows': 16}
2025-11-12 11:26:51,058 INFO [cli] {'ticker': 'QQQ', 'mode': 'binary', 'thr': 20, 'window': '1Y', 'order': 1, 'rows': 2}
2025-11-12 11:26:51,067 INFO [cli] {'ticker': 'QQQ', 'mode': 'binary', 'thr': 20, 'window': '1Y', 'order': 2, 'rows': 4}
2025-11-12 11:26:51,071 INFO [cli] {'ticker': 'QQQ', 'mode': 'binary', 'thr': 20, 'window': '1Y', 'order': 3, 'rows': 8}
2025-11-12 11:26:51,083 INFO [cli] {'ticker': 'QQQ', 'mode': 'binary', 'thr': 20, 'window': '1Y', 'order': 4, 'rows': 16}
2025-11-12 11:26:51,089 INFO [cli] {'ticker': 'QQQ', 'mode': 'binary', 'thr': 20, 'window': '2Y', 'order': 1, 'rows': 2}
2025-11-12 11:26:51,095 INFO [cli] {'ticker': 'QQQ', 'mode': 'binary', 'thr': 20, 'window': '2Y', 'order': 2, 'rows': 4}
2025-11-12 11:26:51,101 INFO [cli] {'ticker': 'QQQ', 'mode': 'binary', 'thr': 20, 'window': '2Y', 'order': 3, 'rows': 8}
2025-11-12 11:26:51,107 INFO [cli] {'ticker': 'QQQ', 'mode': 'binary', 'thr': 20, 'window': '2Y', 'order': 4, 'rows': 16}
2025-11-12 11:26:51,113 INFO [cli] {'ticker': 'QQQ', 'mode': 'binary', 'thr': 20, 'window': '5Y', 'order': 1, 'rows': 2}
2025-11-12 11:26:51,121 INFO [cli] {'ticker': 'QQQ', 'mode': 'binary', 'thr': 20, 'window': '5Y', 'order': 2, 'rows': 4}
2025-11-12 11:26:51,129 INFO [cli] {'ticker': 'QQQ', 'mode': 'binary', 'thr': 20, 'window': '5Y', 'order': 3, 'rows': 8}
2025-11-12 11:26:51,135 INFO [cli] {'ticker': 'QQQ', 'mode': 'binary', 'thr': 20, 'window': '5Y', 'order': 4, 'rows': 16}
2025-11-12 11:26:51,143 INFO [cli] {'ticker': 'QQQ', 'mode': 'binary', 'thr': 20, 'window': '10Y', 'order': 1, 'rows': 2}
2025-11-12 11:26:51,151 INFO [cli] {'ticker': 'QQQ', 'mode': 'binary', 'thr': 20, 'window': '10Y', 'order': 2, 'rows': 4}
2025-11-12 11:26:51,158 INFO [cli] {'ticker': 'QQQ', 'mode': 'binary', 'thr': 20, 'window': '10Y', 'order': 3, 'rows': 8}
2025-11-12 11:26:51,165 INFO [cli] {'ticker': 'QQQ', 'mode': 'binary', 'thr': 20, 'window': '10Y', 'order': 4, 'rows': 16}
2025-11-12 11:26:51,173 INFO [cli] {'ticker': 'QQQ', 'mode': 'binary', 'thr': 20, 'window': '20Y', 'order': 1, 'rows': 2}
2025-11-12 11:26:51,180 INFO [cli] {'ticker': 'QQQ', 'mode': 'binary', 'thr': 20, 'window': '20Y', 'order': 2, 'rows': 4}
2025-11-12 11:26:51,186 INFO [cli] {'ticker': 'QQQ', 'mode': 'binary', 'thr': 20, 'window': '20Y', 'order': 3, 'rows': 8}
2025-11-12 11:26:51,191 INFO [cli] {'ticker': 'QQQ', 'mode': 'binary', 'thr': 20, 'window': '20Y', 'order': 4, 'rows': 16}
2025-11-12 11:26:51,197 INFO [cli] {'ticker': 'QQQ', 'mode': 'binary', 'thr': 20, 'window': 'MAX', 'order': 1, 'rows': 2}
2025-11-12 11:26:51,202 INFO [cli] {'ticker': 'QQQ', 'mode': 'binary', 'thr': 20, 'window': 'MAX', 'order': 2, 'rows': 4}
2025-11-12 11:26:51,209 INFO [cli] {'ticker': 'QQQ', 'mode': 'binary', 'thr': 20, 'window': 'MAX', 'order': 3, 'rows': 8}
2025-11-12 11:26:51,216 INFO [cli] {'ticker': 'QQQ', 'mode': 'binary', 'thr': 20, 'window': 'MAX', 'order': 4, 'rows': 16}
2025-11-12 11:26:51,228 INFO [cli] {'ticker': 'QQQ', 'mode': 'binary', 'thr': 25, 'window': '1Y', 'order': 1, 'rows': 2}
2025-11-12 11:26:51,233 INFO [cli] {'ticker': 'QQQ', 'mode': 'binary', 'thr': 25, 'window': '1Y', 'order': 2, 'rows': 4}
2025-11-12 11:26:51,241 INFO [cli] {'ticker': 'QQQ', 'mode': 'binary', 'thr': 25, 'window': '1Y', 'order': 3, 'rows': 8}
2025-11-12 11:26:51,246 INFO [cli] {'ticker': 'QQQ', 'mode': 'binary', 'thr': 25, 'window': '1Y', 'order': 4, 'rows': 16}
2025-11-12 11:26:51,253 INFO [cli] {'ticker': 'QQQ', 'mode': 'binary', 'thr': 25, 'window': '2Y', 'order': 1, 'rows': 2}
2025-11-12 11:26:51,258 INFO [cli] {'ticker': 'QQQ', 'mode': 'binary', 'thr': 25, 'window': '2Y', 'order': 2, 'rows': 4}
2025-11-12 11:26:51,275 INFO [cli] {'ticker': 'QQQ', 'mode': 'binary', 'thr': 25, 'window': '2Y', 'order': 3, 'rows': 8}
2025-11-12 11:26:51,282 INFO [cli] {'ticker': 'QQQ', 'mode': 'binary', 'thr': 25, 'window': '2Y', 'order': 4, 'rows': 16}
2025-11-12 11:26:51,288 INFO [cli] {'ticker': 'QQQ', 'mode': 'binary', 'thr': 25, 'window': '5Y', 'order': 1, 'rows': 2}
2025-11-12 11:26:51,295 INFO [cli] {'ticker': 'QQQ', 'mode': 'binary', 'thr': 25, 'window': '5Y', 'order': 2, 'rows': 4}
2025-11-12 11:26:51,301 INFO [cli] {'ticker': 'QQQ', 'mode': 'binary', 'thr': 25, 'window': '5Y', 'order': 3, 'rows': 8}
2025-11-12 11:26:51,306 INFO [cli] {'ticker': 'QQQ', 'mode': 'binary', 'thr': 25, 'window': '5Y', 'order': 4, 'rows': 16}
2025-11-12 11:26:51,313 INFO [cli] {'ticker': 'QQQ', 'mode': 'binary', 'thr': 25, 'window': '10Y', 'order': 1, 'rows': 2}
2025-11-12 11:26:51,319 INFO [cli] {'ticker': 'QQQ', 'mode': 'binary', 'thr': 25, 'window': '10Y', 'order': 2, 'rows': 4}
2025-11-12 11:26:51,326 INFO [cli] {'ticker': 'QQQ', 'mode': 'binary', 'thr': 25, 'window': '10Y', 'order': 3, 'rows': 8}
2025-11-12 11:26:51,333 INFO [cli] {'ticker': 'QQQ', 'mode': 'binary', 'thr': 25, 'window': '10Y', 'order': 4, 'rows': 16}

{'ticker': 'QQQ', 'mode': 'binary', 'thr': 5, 'window': '20Y', 'order': 3, 'rows': 8}
{'ticker': 'QQQ', 'mode': 'binary', 'thr': 5, 'window': '20Y', 'order': 4, 'rows': 16}
{'ticker': 'QQQ', 'mode': 'binary', 'thr': 5, 'window': 'MAX', 'order': 1, 'rows': 2}
{'ticker': 'QQQ', 'mode': 'binary', 'thr': 5, 'window': 'MAX', 'order': 2, 'rows': 4}
{'ticker': 'QQQ', 'mode': 'binary', 'thr': 5, 'window': 'MAX', 'order': 3, 'rows': 8}
{'ticker': 'QQQ', 'mode': 'binary', 'thr': 5, 'window': 'MAX', 'order': 4, 'rows': 16}
{'ticker': 'QQQ', 'mode': 'binary', 'thr': 10, 'window': '1Y', 'order': 1, 'rows': 2}
{'ticker': 'QQQ', 'mode': 'binary', 'thr': 10, 'window': '1Y', 'order': 2, 'rows': 4}
{'ticker': 'QQQ', 'mode': 'binary', 'thr': 10, 'window': '1Y', 'order': 3, 'rows': 8}
{'ticker': 'QQQ', 'mode': 'binary', 'thr': 10, 'window': '1Y', 'order': 4, 'rows': 16}
{'ticker': 'QQQ', 'mode': 'binary', 'thr': 10, 'window': '2Y', 'order': 1, 'rows': 2}
{'ticker': 'QQQ', 'mode': 'binary', 'thr': 10, 'window': '2Y', 'order': 2, 'rows': 4}
{'ticker': 'QQQ', 'mode': 'binary', 'thr': 10, 'window': '2Y', 'order': 3, 'rows': 8}
{'ticker': 'QQQ', 'mode': 'binary', 'thr': 10, 'window': '2Y', 'order': 4, 'rows': 16}
{'ticker': 'QQQ', 'mode': 'binary', 'thr': 10, 'window': '5Y', 'order': 1, 'rows': 2}
{'ticker': 'QQQ', 'mode': 'binary', 'thr': 10, 'window': '5Y', 'order': 2, 'rows': 4}
{'ticker': 'QQQ', 'mode': 'binary', 'thr': 10, 'window': '5Y', 'order': 3, 'rows': 8}
{'ticker': 'QQQ', 'mode': 'binary', 'thr': 10, 'window': '5Y', 'order': 4, 'rows': 16}
{'ticker': 'QQQ', 'mode': 'binary', 'thr': 10, 'window': '10Y', 'order': 1, 'rows': 2}
{'ticker': 'QQQ', 'mode': 'binary', 'thr': 10, 'window': '10Y', 'order': 2, 'rows': 4}
{'ticker': 'QQQ', 'mode': 'binary', 'thr': 10, 'window': '10Y', 'order': 3, 'rows': 8}
{'ticker': 'QQQ', 'mode': 'binary', 'thr': 10, 'window': '10Y', 'order': 4, 'rows': 16}
{'ticker': 'QQQ', 'mode': 'binary', 'thr': 10, 'window': '20Y', 'order': 1, 'rows': 2}
{'ticker': 'QQQ', 'mode': 'binary', 'thr': 10, 'window': '20Y', 'order': 2, 'rows': 4}
{'ticker': 'QQQ', 'mode': 'binary', 'thr': 10, 'window': '20Y', 'order': 3, 'rows': 8}
{'ticker': 'QQQ', 'mode': 'binary', 'thr': 10, 'window': '20Y', 'order': 4, 'rows': 16}
{'ticker': 'QQQ', 'mode': 'binary', 'thr': 10, 'window': 'MAX', 'order': 1, 'rows': 2}
{'ticker': 'QQQ', 'mode': 'binary', 'thr': 10, 'window': 'MAX', 'order': 2, 'rows': 4}
{'ticker': 'QQQ', 'mode': 'binary', 'thr': 10, 'window': 'MAX', 'order': 3, 'rows': 8}
{'ticker': 'QQQ', 'mode': 'binary', 'thr': 10, 'window': 'MAX', 'order': 4, 'rows': 16}
{'ticker': 'QQQ', 'mode': 'binary', 'thr': 15, 'window': '1Y', 'order': 1, 'rows': 2}
{'ticker': 'QQQ', 'mode': 'binary', 'thr': 15, 'window': '1Y', 'order': 2, 'rows': 4}
{'ticker': 'QQQ', 'mode': 'binary', 'thr': 15, 'window': '1Y', 'order': 3, 'rows': 8}
{'ticker': 'QQQ', 'mode': 'binary', 'thr': 15, 'window': '1Y', 'order': 4, 'rows': 16}
{'ticker': 'QQQ', 'mode': 'binary', 'thr': 15, 'window': '2Y', 'order': 1, 'rows': 2}
{'ticker': 'QQQ', 'mode': 'binary', 'thr': 15, 'window': '2Y', 'order': 2, 'rows': 4}
{'ticker': 'QQQ', 'mode': 'binary', 'thr': 15, 'window': '2Y', 'order': 3, 'rows': 8}
{'ticker': 'QQQ', 'mode': 'binary', 'thr': 15, 'window': '2Y', 'order': 4, 'rows': 16}
{'ticker': 'QQQ', 'mode': 'binary', 'thr': 15, 'window': '5Y', 'order': 1, 'rows': 2}
{'ticker': 'QQQ', 'mode': 'binary', 'thr': 15, 'window': '5Y', 'order': 2, 'rows': 4}
{'ticker': 'QQQ', 'mode': 'binary', 'thr': 15, 'window': '5Y', 'order': 3, 'rows': 8}
{'ticker': 'QQQ', 'mode': 'binary', 'thr': 15, 'window': '5Y', 'order': 4, 'rows': 16}
{'ticker': 'QQQ', 'mode': 'binary', 'thr': 15, 'window': '10Y', 'order': 1, 'rows': 2}
{'ticker': 'QQQ', 'mode': 'binary', 'thr': 15, 'window': '10Y', 'order': 2, 'rows': 4}
{'ticker': 'QQQ', 'mode': 'binary', 'thr': 15, 'window': '10Y', 'order': 3, 'rows': 8}
{'ticker': 'QQQ', 'mode': 'binary', 'thr': 15, 'window': '10Y', 'order': 4, 'rows': 16}
{'ticker': 'QQQ', 'mode': 'binary', 'thr': 15, 'window': '20Y', 'order': 1, 'rows': 2}
{'ticker': 'QQQ', 'mode': 'binary', 'thr': 15, 'window': '20Y', 'order': 2, 'rows': 4}
{'ticker': 'QQQ', 'mode': 'binary', 'thr': 15, 'window': '20Y', 'order': 3, 'rows': 8}
{'ticker': 'QQQ', 'mode': 'binary', 'thr': 15, 'window': '20Y', 'order': 4, 'rows': 16}
{'ticker': 'QQQ', 'mode': 'binary', 'thr': 15, 'window': 'MAX', 'order': 1, 'rows': 2}
{'ticker': 'QQQ', 'mode': 'binary', 'thr': 15, 'window': 'MAX', 'order': 2, 'rows': 4}
{'ticker': 'QQQ', 'mode': 'binary', 'thr': 15, 'window': 'MAX', 'order': 3, 'rows': 8}
{'ticker': 'QQQ', 'mode': 'binary', 'thr': 15, 'window': 'MAX', 'order': 4, 'rows': 16}
{'ticker': 'QQQ', 'mode': 'binary', 'thr': 20, 'window': '1Y', 'order': 1, 'rows': 2}
{'ticker': 'QQQ', 'mode': 'binary', 'thr': 20, 'window': '1Y', 'order': 2, 'rows': 4}
{'ticker': 'QQQ', 'mode': 'binary', 'thr': 20, 'window': '1Y', 'order': 3, 'rows': 8}
{'ticker': 'QQQ', 'mode': 'binary', 'thr': 20, 'window': '1Y', 'order': 4, 'rows': 16}
{'ticker': 'QQQ', 'mode': 'binary', 'thr': 20, 'window': '2Y', 'order': 1, 'rows': 2}
{'ticker': 'QQQ', 'mode': 'binary', 'thr': 20, 'window': '2Y', 'order': 2, 'rows': 4}
{'ticker': 'QQQ', 'mode': 'binary', 'thr': 20, 'window': '2Y', 'order': 3, 'rows': 8}
{'ticker': 'QQQ', 'mode': 'binary', 'thr': 20, 'window': '2Y', 'order': 4, 'rows': 16}
{'ticker': 'QQQ', 'mode': 'binary', 'thr': 20, 'window': '5Y', 'order': 1, 'rows': 2}
{'ticker': 'QQQ', 'mode': 'binary', 'thr': 20, 'window': '5Y', 'order': 2, 'rows': 4}
{'ticker': 'QQQ', 'mode': 'binary', 'thr': 20, 'window': '5Y', 'order': 3, 'rows': 8}
{'ticker': 'QQQ', 'mode': 'binary', 'thr': 20, 'window': '5Y', 'order': 4, 'rows': 16}
{'ticker': 'QQQ', 'mode': 'binary', 'thr': 20, 'window': '10Y', 'order': 1, 'rows': 2}
{'ticker': 'QQQ', 'mode': 'binary', 'thr': 20, 'window': '10Y', 'order': 2, 'rows': 4}
{'ticker': 'QQQ', 'mode': 'binary', 'thr': 20, 'window': '10Y', 'order': 3, 'rows': 8}
{'ticker': 'QQQ', 'mode': 'binary', 'thr': 20, 'window': '10Y', 'order': 4, 'rows': 16}
{'ticker': 'QQQ', 'mode': 'binary', 'thr': 20, 'window': '20Y', 'order': 1, 'rows': 2}
{'ticker': 'QQQ', 'mode': 'binary', 'thr': 20, 'window': '20Y', 'order': 2, 'rows': 4}
{'ticker': 'QQQ', 'mode': 'binary', 'thr': 20, 'window': '20Y', 'order': 3, 'rows': 8}
{'ticker': 'QQQ', 'mode': 'binary', 'thr': 20, 'window': '20Y', 'order': 4, 'rows': 16}
{'ticker': 'QQQ', 'mode': 'binary', 'thr': 20, 'window': 'MAX', 'order': 1, 'rows': 2}
{'ticker': 'QQQ', 'mode': 'binary', 'thr': 20, 'window': 'MAX', 'order': 2, 'rows': 4}
{'ticker': 'QQQ', 'mode': 'binary', 'thr': 20, 'window': 'MAX', 'order': 3, 'rows': 8}
{'ticker': 'QQQ', 'mode': 'binary', 'thr': 20, 'window': 'MAX', 'order': 4, 'rows': 16}
{'ticker': 'QQQ', 'mode': 'binary', 'thr': 25, 'window': '1Y', 'order': 1, 'rows': 2}
{'ticker': 'QQQ', 'mode': 'binary', 'thr': 25, 'window': '1Y', 'order': 2, 'rows': 4}
{'ticker': 'QQQ', 'mode': 'binary', 'thr': 25, 'window': '1Y', 'order': 3, 'rows': 8}
{'ticker': 'QQQ', 'mode': 'binary', 'thr': 25, 'window': '1Y', 'order': 4, 'rows': 16}
{'ticker': 'QQQ', 'mode': 'binary', 'thr': 25, 'window': '2Y', 'order': 1, 'rows': 2}
{'ticker': 'QQQ', 'mode': 'binary', 'thr': 25, 'window': '2Y', 'order': 2, 'rows': 4}
{'ticker': 'QQQ', 'mode': 'binary', 'thr': 25, 'window': '2Y', 'order': 3, 'rows': 8}
{'ticker': 'QQQ', 'mode': 'binary', 'thr': 25, 'window': '2Y', 'order': 4, 'rows': 16}
{'ticker': 'QQQ', 'mode': 'binary', 'thr': 25, 'window': '5Y', 'order': 1, 'rows': 2}
{'ticker': 'QQQ', 'mode': 'binary', 'thr': 25, 'window': '5Y', 'order': 2, 'rows': 4}
{'ticker': 'QQQ', 'mode': 'binary', 'thr': 25, 'window': '5Y', 'order': 3, 'rows': 8}
{'ticker': 'QQQ', 'mode': 'binary', 'thr': 25, 'window': '5Y', 'order': 4, 'rows': 16}
{'ticker': 'QQQ', 'mode': 'binary', 'thr': 25, 'window': '10Y', 'order': 1, 'rows': 2}
{'ticker': 'QQQ', 'mode': 'binary', 'thr': 25, 'window': '10Y', 'order': 2, 'rows': 4}
{'ticker': 'QQQ', 'mode': 'binary', 'thr': 25, 'window': '10Y', 'order': 3, 'rows': 8}
{'ticker': 'QQQ', 'mode': 'binary', 'thr': 25, 'window': '10Y', 'order': 4, 'rows': 16}
{'ticker': 'QQQ', 'mode': 'binary', 'thr': 25, 'window': '20Y', 'order': 1, 'rows': 2}2025-11-12 11:26:51,340 INFO [cli] {'ticker': 'QQQ', 'mode': 'binary', 'thr': 25, 'window': '20Y', 'order': 1, 'rows': 2}
2025-11-12 11:26:51,348 INFO [cli] {'ticker': 'QQQ', 'mode': 'binary', 'thr': 25, 'window': '20Y', 'order': 2, 'rows': 4}
2025-11-12 11:26:51,355 INFO [cli] {'ticker': 'QQQ', 'mode': 'binary', 'thr': 25, 'window': '20Y', 'order': 3, 'rows': 8}
2025-11-12 11:26:51,360 INFO [cli] {'ticker': 'QQQ', 'mode': 'binary', 'thr': 25, 'window': '20Y', 'order': 4, 'rows': 16}
2025-11-12 11:26:51,366 INFO [cli] {'ticker': 'QQQ', 'mode': 'binary', 'thr': 25, 'window': 'MAX', 'order': 1, 'rows': 2}
2025-11-12 11:26:51,374 INFO [cli] {'ticker': 'QQQ', 'mode': 'binary', 'thr': 25, 'window': 'MAX', 'order': 2, 'rows': 4}
2025-11-12 11:26:51,382 INFO [cli] {'ticker': 'QQQ', 'mode': 'binary', 'thr': 25, 'window': 'MAX', 'order': 3, 'rows': 8}
2025-11-12 11:26:51,390 INFO [cli] {'ticker': 'QQQ', 'mode': 'binary', 'thr': 25, 'window': 'MAX', 'order': 4, 'rows': 16}
2025-11-12 11:26:51,403 INFO [cli] {'ticker': 'QQQ', 'mode': 'binary', 'thr': 30, 'window': '1Y', 'order': 1, 'rows': 2}
2025-11-12 11:26:51,409 INFO [cli] {'ticker': 'QQQ', 'mode': 'binary', 'thr': 30, 'window': '1Y', 'order': 2, 'rows': 4}
2025-11-12 11:26:51,415 INFO [cli] {'ticker': 'QQQ', 'mode': 'binary', 'thr': 30, 'window': '1Y', 'order': 3, 'rows': 8}
2025-11-12 11:26:51,421 INFO [cli] {'ticker': 'QQQ', 'mode': 'binary', 'thr': 30, 'window': '1Y', 'order': 4, 'rows': 16}
2025-11-12 11:26:51,427 INFO [cli] {'ticker': 'QQQ', 'mode': 'binary', 'thr': 30, 'window': '2Y', 'order': 1, 'rows': 2}
2025-11-12 11:26:51,433 INFO [cli] {'ticker': 'QQQ', 'mode': 'binary', 'thr': 30, 'window': '2Y', 'order': 2, 'rows': 4}
2025-11-12 11:26:51,440 INFO [cli] {'ticker': 'QQQ', 'mode': 'binary', 'thr': 30, 'window': '2Y', 'order': 3, 'rows': 8}
2025-11-12 11:26:51,445 INFO [cli] {'ticker': 'QQQ', 'mode': 'binary', 'thr': 30, 'window': '2Y', 'order': 4, 'rows': 16}
2025-11-12 11:26:51,451 INFO [cli] {'ticker': 'QQQ', 'mode': 'binary', 'thr': 30, 'window': '5Y', 'order': 1, 'rows': 2}
2025-11-12 11:26:51,457 INFO [cli] {'ticker': 'QQQ', 'mode': 'binary', 'thr': 30, 'window': '5Y', 'order': 2, 'rows': 4}
2025-11-12 11:26:51,463 INFO [cli] {'ticker': 'QQQ', 'mode': 'binary', 'thr': 30, 'window': '5Y', 'order': 3, 'rows': 8}
2025-11-12 11:26:51,475 INFO [cli] {'ticker': 'QQQ', 'mode': 'binary', 'thr': 30, 'window': '5Y', 'order': 4, 'rows': 16}
2025-11-12 11:26:51,480 INFO [cli] {'ticker': 'QQQ', 'mode': 'binary', 'thr': 30, 'window': '10Y', 'order': 1, 'rows': 2}
2025-11-12 11:26:51,487 INFO [cli] {'ticker': 'QQQ', 'mode': 'binary', 'thr': 30, 'window': '10Y', 'order': 2, 'rows': 4}
2025-11-12 11:26:51,493 INFO [cli] {'ticker': 'QQQ', 'mode': 'binary', 'thr': 30, 'window': '10Y', 'order': 3, 'rows': 8}
2025-11-12 11:26:51,500 INFO [cli] {'ticker': 'QQQ', 'mode': 'binary', 'thr': 30, 'window': '10Y', 'order': 4, 'rows': 16}
2025-11-12 11:26:51,505 INFO [cli] {'ticker': 'QQQ', 'mode': 'binary', 'thr': 30, 'window': '20Y', 'order': 1, 'rows': 2}
2025-11-12 11:26:51,513 INFO [cli] {'ticker': 'QQQ', 'mode': 'binary', 'thr': 30, 'window': '20Y', 'order': 2, 'rows': 4}
2025-11-12 11:26:51,519 INFO [cli] {'ticker': 'QQQ', 'mode': 'binary', 'thr': 30, 'window': '20Y', 'order': 3, 'rows': 8}
2025-11-12 11:26:51,526 INFO [cli] {'ticker': 'QQQ', 'mode': 'binary', 'thr': 30, 'window': '20Y', 'order': 4, 'rows': 16}
2025-11-12 11:26:51,532 INFO [cli] {'ticker': 'QQQ', 'mode': 'binary', 'thr': 30, 'window': 'MAX', 'order': 1, 'rows': 2}
2025-11-12 11:26:51,539 INFO [cli] {'ticker': 'QQQ', 'mode': 'binary', 'thr': 30, 'window': 'MAX', 'order': 2, 'rows': 4}
2025-11-12 11:26:51,546 INFO [cli] {'ticker': 'QQQ', 'mode': 'binary', 'thr': 30, 'window': 'MAX', 'order': 3, 'rows': 8}
2025-11-12 11:26:51,552 INFO [cli] {'ticker': 'QQQ', 'mode': 'binary', 'thr': 30, 'window': 'MAX', 'order': 4, 'rows': 16}
2025-11-12 11:26:51,565 INFO [cli] {'ticker': 'QQQ', 'mode': 'binary', 'thr': 35, 'window': '1Y', 'order': 1, 'rows': 2}
2025-11-12 11:26:51,573 INFO [cli] {'ticker': 'QQQ', 'mode': 'binary', 'thr': 35, 'window': '1Y', 'order': 2, 'rows': 4}
2025-11-12 11:26:51,580 INFO [cli] {'ticker': 'QQQ', 'mode': 'binary', 'thr': 35, 'window': '1Y', 'order': 3, 'rows': 8}
2025-11-12 11:26:51,590 INFO [cli] {'ticker': 'QQQ', 'mode': 'binary', 'thr': 35, 'window': '1Y', 'order': 4, 'rows': 16}
2025-11-12 11:26:51,595 INFO [cli] {'ticker': 'QQQ', 'mode': 'binary', 'thr': 35, 'window': '2Y', 'order': 1, 'rows': 2}
2025-11-12 11:26:51,601 INFO [cli] {'ticker': 'QQQ', 'mode': 'binary', 'thr': 35, 'window': '2Y', 'order': 2, 'rows': 4}
2025-11-12 11:26:51,608 INFO [cli] {'ticker': 'QQQ', 'mode': 'binary', 'thr': 35, 'window': '2Y', 'order': 3, 'rows': 8}
2025-11-12 11:26:51,615 INFO [cli] {'ticker': 'QQQ', 'mode': 'binary', 'thr': 35, 'window': '2Y', 'order': 4, 'rows': 16}
2025-11-12 11:26:51,621 INFO [cli] {'ticker': 'QQQ', 'mode': 'binary', 'thr': 35, 'window': '5Y', 'order': 1, 'rows': 2}
2025-11-12 11:26:51,627 INFO [cli] {'ticker': 'QQQ', 'mode': 'binary', 'thr': 35, 'window': '5Y', 'order': 2, 'rows': 4}
2025-11-12 11:26:51,634 INFO [cli] {'ticker': 'QQQ', 'mode': 'binary', 'thr': 35, 'window': '5Y', 'order': 3, 'rows': 8}
2025-11-12 11:26:51,640 INFO [cli] {'ticker': 'QQQ', 'mode': 'binary', 'thr': 35, 'window': '5Y', 'order': 4, 'rows': 16}
2025-11-12 11:26:51,646 INFO [cli] {'ticker': 'QQQ', 'mode': 'binary', 'thr': 35, 'window': '10Y', 'order': 1, 'rows': 2}
2025-11-12 11:26:51,653 INFO [cli] {'ticker': 'QQQ', 'mode': 'binary', 'thr': 35, 'window': '10Y', 'order': 2, 'rows': 4}
2025-11-12 11:26:51,659 INFO [cli] {'ticker': 'QQQ', 'mode': 'binary', 'thr': 35, 'window': '10Y', 'order': 3, 'rows': 8}
2025-11-12 11:26:51,666 INFO [cli] {'ticker': 'QQQ', 'mode': 'binary', 'thr': 35, 'window': '10Y', 'order': 4, 'rows': 16}
2025-11-12 11:26:51,673 INFO [cli] {'ticker': 'QQQ', 'mode': 'binary', 'thr': 35, 'window': '20Y', 'order': 1, 'rows': 2}
2025-11-12 11:26:51,678 INFO [cli] {'ticker': 'QQQ', 'mode': 'binary', 'thr': 35, 'window': '20Y', 'order': 2, 'rows': 4}
2025-11-12 11:26:51,685 INFO [cli] {'ticker': 'QQQ', 'mode': 'binary', 'thr': 35, 'window': '20Y', 'order': 3, 'rows': 8}
2025-11-12 11:26:51,709 INFO [cli] {'ticker': 'QQQ', 'mode': 'binary', 'thr': 35, 'window': '20Y', 'order': 4, 'rows': 16}
2025-11-12 11:26:51,721 INFO [cli] {'ticker': 'QQQ', 'mode': 'binary', 'thr': 35, 'window': 'MAX', 'order': 1, 'rows': 2}
2025-11-12 11:26:51,732 INFO [cli] {'ticker': 'QQQ', 'mode': 'binary', 'thr': 35, 'window': 'MAX', 'order': 2, 'rows': 4}
2025-11-12 11:26:51,738 INFO [cli] {'ticker': 'QQQ', 'mode': 'binary', 'thr': 35, 'window': 'MAX', 'order': 3, 'rows': 8}
2025-11-12 11:26:51,745 INFO [cli] {'ticker': 'QQQ', 'mode': 'binary', 'thr': 35, 'window': 'MAX', 'order': 4, 'rows': 16}
2025-11-12 11:26:51,767 INFO [cli] {'ticker': 'QQQ', 'mode': 'binary', 'thr': 40, 'window': '1Y', 'order': 1, 'rows': 2}
2025-11-12 11:26:51,781 INFO [cli] {'ticker': 'QQQ', 'mode': 'binary', 'thr': 40, 'window': '1Y', 'order': 2, 'rows': 4}
2025-11-12 11:26:51,793 INFO [cli] {'ticker': 'QQQ', 'mode': 'binary', 'thr': 40, 'window': '1Y', 'order': 3, 'rows': 8}
2025-11-12 11:26:51,801 INFO [cli] {'ticker': 'QQQ', 'mode': 'binary', 'thr': 40, 'window': '1Y', 'order': 4, 'rows': 16}
2025-11-12 11:26:51,837 INFO [cli] {'ticker': 'QQQ', 'mode': 'binary', 'thr': 40, 'window': '2Y', 'order': 1, 'rows': 2}
2025-11-12 11:26:51,869 INFO [cli] {'ticker': 'QQQ', 'mode': 'binary', 'thr': 40, 'window': '2Y', 'order': 2, 'rows': 4}
2025-11-12 11:26:51,879 INFO [cli] {'ticker': 'QQQ', 'mode': 'binary', 'thr': 40, 'window': '2Y', 'order': 3, 'rows': 8}
2025-11-12 11:26:51,894 INFO [cli] {'ticker': 'QQQ', 'mode': 'binary', 'thr': 40, 'window': '2Y', 'order': 4, 'rows': 16}
2025-11-12 11:26:51,911 INFO [cli] {'ticker': 'QQQ', 'mode': 'binary', 'thr': 40, 'window': '5Y', 'order': 1, 'rows': 2}
2025-11-12 11:26:51,922 INFO [cli] {'ticker': 'QQQ', 'mode': 'binary', 'thr': 40, 'window': '5Y', 'order': 2, 'rows': 4}
2025-11-12 11:26:51,933 INFO [cli] {'ticker': 'QQQ', 'mode': 'binary', 'thr': 40, 'window': '5Y', 'order': 3, 'rows': 8}
2025-11-12 11:26:51,949 INFO [cli] {'ticker': 'QQQ', 'mode': 'binary', 'thr': 40, 'window': '5Y', 'order': 4, 'rows': 16}
2025-11-12 11:26:51,974 INFO [cli] {'ticker': 'QQQ', 'mode': 'binary', 'thr': 40, 'window': '10Y', 'order': 1, 'rows': 2}
2025-11-12 11:26:51,983 INFO [cli] {'ticker': 'QQQ', 'mode': 'binary', 'thr': 40, 'window': '10Y', 'order': 2, 'rows': 4}
2025-11-12 11:26:51,993 INFO [cli] {'ticker': 'QQQ', 'mode': 'binary', 'thr': 40, 'window': '10Y', 'order': 3, 'rows': 8}
2025-11-12 11:26:52,011 INFO [cli] {'ticker': 'QQQ', 'mode': 'binary', 'thr': 40, 'window': '10Y', 'order': 4, 'rows': 16}
2025-11-12 11:26:52,026 INFO [cli] {'ticker': 'QQQ', 'mode': 'binary', 'thr': 40, 'window': '20Y', 'order': 1, 'rows': 2}
2025-11-12 11:26:52,036 INFO [cli] {'ticker': 'QQQ', 'mode': 'binary', 'thr': 40, 'window': '20Y', 'order': 2, 'rows': 4}
2025-11-12 11:26:52,048 INFO [cli] {'ticker': 'QQQ', 'mode': 'binary', 'thr': 40, 'window': '20Y', 'order': 3, 'rows': 8}
2025-11-12 11:26:52,062 INFO [cli] {'ticker': 'QQQ', 'mode': 'binary', 'thr': 40, 'window': '20Y', 'order': 4, 'rows': 16}
2025-11-12 11:26:52,079 INFO [cli] {'ticker': 'QQQ', 'mode': 'binary', 'thr': 40, 'window': 'MAX', 'order': 1, 'rows': 2}
2025-11-12 11:26:52,090 INFO [cli] {'ticker': 'QQQ', 'mode': 'binary', 'thr': 40, 'window': 'MAX', 'order': 2, 'rows': 4}
2025-11-12 11:26:52,105 INFO [cli] {'ticker': 'QQQ', 'mode': 'binary', 'thr': 40, 'window': 'MAX', 'order': 3, 'rows': 8}
2025-11-12 11:26:52,124 INFO [cli] {'ticker': 'QQQ', 'mode': 'binary', 'thr': 40, 'window': 'MAX', 'order': 4, 'rows': 16}
2025-11-12 11:26:52,154 INFO [cli] {'ticker': 'QQQ', 'mode': 'binary', 'thr': 45, 'window': '1Y', 'order': 1, 'rows': 2}
2025-11-12 11:26:52,162 INFO [cli] {'ticker': 'QQQ', 'mode': 'binary', 'thr': 45, 'window': '1Y', 'order': 2, 'rows': 4}
2025-11-12 11:26:52,169 INFO [cli] {'ticker': 'QQQ', 'mode': 'binary', 'thr': 45, 'window': '1Y', 'order': 3, 'rows': 8}
2025-11-12 11:26:52,176 INFO [cli] {'ticker': 'QQQ', 'mode': 'binary', 'thr': 45, 'window': '1Y', 'order': 4, 'rows': 16}
2025-11-12 11:26:52,184 INFO [cli] {'ticker': 'QQQ', 'mode': 'binary', 'thr': 45, 'window': '2Y', 'order': 1, 'rows': 2}
2025-11-12 11:26:52,199 INFO [cli] {'ticker': 'QQQ', 'mode': 'binary', 'thr': 45, 'window': '2Y', 'order': 2, 'rows': 4}
2025-11-12 11:26:52,208 INFO [cli] {'ticker': 'QQQ', 'mode': 'binary', 'thr': 45, 'window': '2Y', 'order': 3, 'rows': 8}
2025-11-12 11:26:52,216 INFO [cli] {'ticker': 'QQQ', 'mode': 'binary', 'thr': 45, 'window': '2Y', 'order': 4, 'rows': 16}
2025-11-12 11:26:52,226 INFO [cli] {'ticker': 'QQQ', 'mode': 'binary', 'thr': 45, 'window': '5Y', 'order': 1, 'rows': 2}
2025-11-12 11:26:52,235 INFO [cli] {'ticker': 'QQQ', 'mode': 'binary', 'thr': 45, 'window': '5Y', 'order': 2, 'rows': 4}
2025-11-12 11:26:52,244 INFO [cli] {'ticker': 'QQQ', 'mode': 'binary', 'thr': 45, 'window': '5Y', 'order': 3, 'rows': 8}
2025-11-12 11:26:52,254 INFO [cli] {'ticker': 'QQQ', 'mode': 'binary', 'thr': 45, 'window': '5Y', 'order': 4, 'rows': 16}
2025-11-12 11:26:52,266 INFO [cli] {'ticker': 'QQQ', 'mode': 'binary', 'thr': 45, 'window': '10Y', 'order': 1, 'rows': 2}
2025-11-12 11:26:52,275 INFO [cli] {'ticker': 'QQQ', 'mode': 'binary', 'thr': 45, 'window': '10Y', 'order': 2, 'rows': 4}
2025-11-12 11:26:52,285 INFO [cli] {'ticker': 'QQQ', 'mode': 'binary', 'thr': 45, 'window': '10Y', 'order': 3, 'rows': 8}

{'ticker': 'QQQ', 'mode': 'binary', 'thr': 25, 'window': '20Y', 'order': 2, 'rows': 4}
{'ticker': 'QQQ', 'mode': 'binary', 'thr': 25, 'window': '20Y', 'order': 3, 'rows': 8}
{'ticker': 'QQQ', 'mode': 'binary', 'thr': 25, 'window': '20Y', 'order': 4, 'rows': 16}
{'ticker': 'QQQ', 'mode': 'binary', 'thr': 25, 'window': 'MAX', 'order': 1, 'rows': 2}
{'ticker': 'QQQ', 'mode': 'binary', 'thr': 25, 'window': 'MAX', 'order': 2, 'rows': 4}
{'ticker': 'QQQ', 'mode': 'binary', 'thr': 25, 'window': 'MAX', 'order': 3, 'rows': 8}
{'ticker': 'QQQ', 'mode': 'binary', 'thr': 25, 'window': 'MAX', 'order': 4, 'rows': 16}
{'ticker': 'QQQ', 'mode': 'binary', 'thr': 30, 'window': '1Y', 'order': 1, 'rows': 2}
{'ticker': 'QQQ', 'mode': 'binary', 'thr': 30, 'window': '1Y', 'order': 2, 'rows': 4}
{'ticker': 'QQQ', 'mode': 'binary', 'thr': 30, 'window': '1Y', 'order': 3, 'rows': 8}
{'ticker': 'QQQ', 'mode': 'binary', 'thr': 30, 'window': '1Y', 'order': 4, 'rows': 16}
{'ticker': 'QQQ', 'mode': 'binary', 'thr': 30, 'window': '2Y', 'order': 1, 'rows': 2}
{'ticker': 'QQQ', 'mode': 'binary', 'thr': 30, 'window': '2Y', 'order': 2, 'rows': 4}
{'ticker': 'QQQ', 'mode': 'binary', 'thr': 30, 'window': '2Y', 'order': 3, 'rows': 8}
{'ticker': 'QQQ', 'mode': 'binary', 'thr': 30, 'window': '2Y', 'order': 4, 'rows': 16}
{'ticker': 'QQQ', 'mode': 'binary', 'thr': 30, 'window': '5Y', 'order': 1, 'rows': 2}
{'ticker': 'QQQ', 'mode': 'binary', 'thr': 30, 'window': '5Y', 'order': 2, 'rows': 4}
{'ticker': 'QQQ', 'mode': 'binary', 'thr': 30, 'window': '5Y', 'order': 3, 'rows': 8}
{'ticker': 'QQQ', 'mode': 'binary', 'thr': 30, 'window': '5Y', 'order': 4, 'rows': 16}
{'ticker': 'QQQ', 'mode': 'binary', 'thr': 30, 'window': '10Y', 'order': 1, 'rows': 2}
{'ticker': 'QQQ', 'mode': 'binary', 'thr': 30, 'window': '10Y', 'order': 2, 'rows': 4}
{'ticker': 'QQQ', 'mode': 'binary', 'thr': 30, 'window': '10Y', 'order': 3, 'rows': 8}
{'ticker': 'QQQ', 'mode': 'binary', 'thr': 30, 'window': '10Y', 'order': 4, 'rows': 16}
{'ticker': 'QQQ', 'mode': 'binary', 'thr': 30, 'window': '20Y', 'order': 1, 'rows': 2}
{'ticker': 'QQQ', 'mode': 'binary', 'thr': 30, 'window': '20Y', 'order': 2, 'rows': 4}
{'ticker': 'QQQ', 'mode': 'binary', 'thr': 30, 'window': '20Y', 'order': 3, 'rows': 8}
{'ticker': 'QQQ', 'mode': 'binary', 'thr': 30, 'window': '20Y', 'order': 4, 'rows': 16}
{'ticker': 'QQQ', 'mode': 'binary', 'thr': 30, 'window': 'MAX', 'order': 1, 'rows': 2}
{'ticker': 'QQQ', 'mode': 'binary', 'thr': 30, 'window': 'MAX', 'order': 2, 'rows': 4}
{'ticker': 'QQQ', 'mode': 'binary', 'thr': 30, 'window': 'MAX', 'order': 3, 'rows': 8}
{'ticker': 'QQQ', 'mode': 'binary', 'thr': 30, 'window': 'MAX', 'order': 4, 'rows': 16}
{'ticker': 'QQQ', 'mode': 'binary', 'thr': 35, 'window': '1Y', 'order': 1, 'rows': 2}
{'ticker': 'QQQ', 'mode': 'binary', 'thr': 35, 'window': '1Y', 'order': 2, 'rows': 4}
{'ticker': 'QQQ', 'mode': 'binary', 'thr': 35, 'window': '1Y', 'order': 3, 'rows': 8}
{'ticker': 'QQQ', 'mode': 'binary', 'thr': 35, 'window': '1Y', 'order': 4, 'rows': 16}
{'ticker': 'QQQ', 'mode': 'binary', 'thr': 35, 'window': '2Y', 'order': 1, 'rows': 2}
{'ticker': 'QQQ', 'mode': 'binary', 'thr': 35, 'window': '2Y', 'order': 2, 'rows': 4}
{'ticker': 'QQQ', 'mode': 'binary', 'thr': 35, 'window': '2Y', 'order': 3, 'rows': 8}
{'ticker': 'QQQ', 'mode': 'binary', 'thr': 35, 'window': '2Y', 'order': 4, 'rows': 16}
{'ticker': 'QQQ', 'mode': 'binary', 'thr': 35, 'window': '5Y', 'order': 1, 'rows': 2}
{'ticker': 'QQQ', 'mode': 'binary', 'thr': 35, 'window': '5Y', 'order': 2, 'rows': 4}
{'ticker': 'QQQ', 'mode': 'binary', 'thr': 35, 'window': '5Y', 'order': 3, 'rows': 8}
{'ticker': 'QQQ', 'mode': 'binary', 'thr': 35, 'window': '5Y', 'order': 4, 'rows': 16}
{'ticker': 'QQQ', 'mode': 'binary', 'thr': 35, 'window': '10Y', 'order': 1, 'rows': 2}
{'ticker': 'QQQ', 'mode': 'binary', 'thr': 35, 'window': '10Y', 'order': 2, 'rows': 4}
{'ticker': 'QQQ', 'mode': 'binary', 'thr': 35, 'window': '10Y', 'order': 3, 'rows': 8}
{'ticker': 'QQQ', 'mode': 'binary', 'thr': 35, 'window': '10Y', 'order': 4, 'rows': 16}
{'ticker': 'QQQ', 'mode': 'binary', 'thr': 35, 'window': '20Y', 'order': 1, 'rows': 2}
{'ticker': 'QQQ', 'mode': 'binary', 'thr': 35, 'window': '20Y', 'order': 2, 'rows': 4}
{'ticker': 'QQQ', 'mode': 'binary', 'thr': 35, 'window': '20Y', 'order': 3, 'rows': 8}
{'ticker': 'QQQ', 'mode': 'binary', 'thr': 35, 'window': '20Y', 'order': 4, 'rows': 16}
{'ticker': 'QQQ', 'mode': 'binary', 'thr': 35, 'window': 'MAX', 'order': 1, 'rows': 2}
{'ticker': 'QQQ', 'mode': 'binary', 'thr': 35, 'window': 'MAX', 'order': 2, 'rows': 4}
{'ticker': 'QQQ', 'mode': 'binary', 'thr': 35, 'window': 'MAX', 'order': 3, 'rows': 8}
{'ticker': 'QQQ', 'mode': 'binary', 'thr': 35, 'window': 'MAX', 'order': 4, 'rows': 16}
{'ticker': 'QQQ', 'mode': 'binary', 'thr': 40, 'window': '1Y', 'order': 1, 'rows': 2}
{'ticker': 'QQQ', 'mode': 'binary', 'thr': 40, 'window': '1Y', 'order': 2, 'rows': 4}
{'ticker': 'QQQ', 'mode': 'binary', 'thr': 40, 'window': '1Y', 'order': 3, 'rows': 8}
{'ticker': 'QQQ', 'mode': 'binary', 'thr': 40, 'window': '1Y', 'order': 4, 'rows': 16}
{'ticker': 'QQQ', 'mode': 'binary', 'thr': 40, 'window': '2Y', 'order': 1, 'rows': 2}
{'ticker': 'QQQ', 'mode': 'binary', 'thr': 40, 'window': '2Y', 'order': 2, 'rows': 4}
{'ticker': 'QQQ', 'mode': 'binary', 'thr': 40, 'window': '2Y', 'order': 3, 'rows': 8}
{'ticker': 'QQQ', 'mode': 'binary', 'thr': 40, 'window': '2Y', 'order': 4, 'rows': 16}
{'ticker': 'QQQ', 'mode': 'binary', 'thr': 40, 'window': '5Y', 'order': 1, 'rows': 2}
{'ticker': 'QQQ', 'mode': 'binary', 'thr': 40, 'window': '5Y', 'order': 2, 'rows': 4}
{'ticker': 'QQQ', 'mode': 'binary', 'thr': 40, 'window': '5Y', 'order': 3, 'rows': 8}
{'ticker': 'QQQ', 'mode': 'binary', 'thr': 40, 'window': '5Y', 'order': 4, 'rows': 16}
{'ticker': 'QQQ', 'mode': 'binary', 'thr': 40, 'window': '10Y', 'order': 1, 'rows': 2}
{'ticker': 'QQQ', 'mode': 'binary', 'thr': 40, 'window': '10Y', 'order': 2, 'rows': 4}
{'ticker': 'QQQ', 'mode': 'binary', 'thr': 40, 'window': '10Y', 'order': 3, 'rows': 8}
{'ticker': 'QQQ', 'mode': 'binary', 'thr': 40, 'window': '10Y', 'order': 4, 'rows': 16}
{'ticker': 'QQQ', 'mode': 'binary', 'thr': 40, 'window': '20Y', 'order': 1, 'rows': 2}
{'ticker': 'QQQ', 'mode': 'binary', 'thr': 40, 'window': '20Y', 'order': 2, 'rows': 4}
{'ticker': 'QQQ', 'mode': 'binary', 'thr': 40, 'window': '20Y', 'order': 3, 'rows': 8}
{'ticker': 'QQQ', 'mode': 'binary', 'thr': 40, 'window': '20Y', 'order': 4, 'rows': 16}
{'ticker': 'QQQ', 'mode': 'binary', 'thr': 40, 'window': 'MAX', 'order': 1, 'rows': 2}
{'ticker': 'QQQ', 'mode': 'binary', 'thr': 40, 'window': 'MAX', 'order': 2, 'rows': 4}
{'ticker': 'QQQ', 'mode': 'binary', 'thr': 40, 'window': 'MAX', 'order': 3, 'rows': 8}
{'ticker': 'QQQ', 'mode': 'binary', 'thr': 40, 'window': 'MAX', 'order': 4, 'rows': 16}
{'ticker': 'QQQ', 'mode': 'binary', 'thr': 45, 'window': '1Y', 'order': 1, 'rows': 2}
{'ticker': 'QQQ', 'mode': 'binary', 'thr': 45, 'window': '1Y', 'order': 2, 'rows': 4}
{'ticker': 'QQQ', 'mode': 'binary', 'thr': 45, 'window': '1Y', 'order': 3, 'rows': 8}
{'ticker': 'QQQ', 'mode': 'binary', 'thr': 45, 'window': '1Y', 'order': 4, 'rows': 16}
{'ticker': 'QQQ', 'mode': 'binary', 'thr': 45, 'window': '2Y', 'order': 1, 'rows': 2}
{'ticker': 'QQQ', 'mode': 'binary', 'thr': 45, 'window': '2Y', 'order': 2, 'rows': 4}
{'ticker': 'QQQ', 'mode': 'binary', 'thr': 45, 'window': '2Y', 'order': 3, 'rows': 8}
{'ticker': 'QQQ', 'mode': 'binary', 'thr': 45, 'window': '2Y', 'order': 4, 'rows': 16}
{'ticker': 'QQQ', 'mode': 'binary', 'thr': 45, 'window': '5Y', 'order': 1, 'rows': 2}
{'ticker': 'QQQ', 'mode': 'binary', 'thr': 45, 'window': '5Y', 'order': 2, 'rows': 4}
{'ticker': 'QQQ', 'mode': 'binary', 'thr': 45, 'window': '5Y', 'order': 3, 'rows': 8}
{'ticker': 'QQQ', 'mode': 'binary', 'thr': 45, 'window': '5Y', 'order': 4, 'rows': 16}
{'ticker': 'QQQ', 'mode': 'binary', 'thr': 45, 'window': '10Y', 'order': 1, 'rows': 2}
{'ticker': 'QQQ', 'mode': 'binary', 'thr': 45, 'window': '10Y', 'order': 2, 'rows': 4}
{'ticker': 'QQQ', 'mode': 'binary', 'thr': 45, 'window': '10Y', 'order': 3, 'rows': 8}
{'ticker': 'QQQ', 'mode': 'binary', 'thr': 45, 'window': '10Y', 'order': 4, 'rows': 16}2025-11-12 11:26:52,294 INFO [cli] {'ticker': 'QQQ', 'mode': 'binary', 'thr': 45, 'window': '10Y', 'order': 4, 'rows': 16}
2025-11-12 11:26:52,305 INFO [cli] {'ticker': 'QQQ', 'mode': 'binary', 'thr': 45, 'window': '20Y', 'order': 1, 'rows': 2}
2025-11-12 11:26:52,313 INFO [cli] {'ticker': 'QQQ', 'mode': 'binary', 'thr': 45, 'window': '20Y', 'order': 2, 'rows': 4}
2025-11-12 11:26:52,325 INFO [cli] {'ticker': 'QQQ', 'mode': 'binary', 'thr': 45, 'window': '20Y', 'order': 3, 'rows': 8}
2025-11-12 11:26:52,335 INFO [cli] {'ticker': 'QQQ', 'mode': 'binary', 'thr': 45, 'window': '20Y', 'order': 4, 'rows': 16}
2025-11-12 11:26:52,346 INFO [cli] {'ticker': 'QQQ', 'mode': 'binary', 'thr': 45, 'window': 'MAX', 'order': 1, 'rows': 2}
2025-11-12 11:26:52,356 INFO [cli] {'ticker': 'QQQ', 'mode': 'binary', 'thr': 45, 'window': 'MAX', 'order': 2, 'rows': 4}
2025-11-12 11:26:52,365 INFO [cli] {'ticker': 'QQQ', 'mode': 'binary', 'thr': 45, 'window': 'MAX', 'order': 3, 'rows': 8}
2025-11-12 11:26:52,379 INFO [cli] {'ticker': 'QQQ', 'mode': 'binary', 'thr': 45, 'window': 'MAX', 'order': 4, 'rows': 16}
2025-11-12 11:26:52,395 INFO [cli] {'ticker': 'QQQ', 'mode': 'binary', 'thr': 50, 'window': '1Y', 'order': 1, 'rows': 2}
2025-11-12 11:26:52,405 INFO [cli] {'ticker': 'QQQ', 'mode': 'binary', 'thr': 50, 'window': '1Y', 'order': 2, 'rows': 4}
2025-11-12 11:26:52,416 INFO [cli] {'ticker': 'QQQ', 'mode': 'binary', 'thr': 50, 'window': '1Y', 'order': 3, 'rows': 8}
2025-11-12 11:26:52,425 INFO [cli] {'ticker': 'QQQ', 'mode': 'binary', 'thr': 50, 'window': '1Y', 'order': 4, 'rows': 16}
2025-11-12 11:26:52,433 INFO [cli] {'ticker': 'QQQ', 'mode': 'binary', 'thr': 50, 'window': '2Y', 'order': 1, 'rows': 2}
2025-11-12 11:26:52,452 INFO [cli] {'ticker': 'QQQ', 'mode': 'binary', 'thr': 50, 'window': '2Y', 'order': 2, 'rows': 4}
2025-11-12 11:26:52,464 INFO [cli] {'ticker': 'QQQ', 'mode': 'binary', 'thr': 50, 'window': '2Y', 'order': 3, 'rows': 8}
2025-11-12 11:26:52,472 INFO [cli] {'ticker': 'QQQ', 'mode': 'binary', 'thr': 50, 'window': '2Y', 'order': 4, 'rows': 16}
2025-11-12 11:26:52,481 INFO [cli] {'ticker': 'QQQ', 'mode': 'binary', 'thr': 50, 'window': '5Y', 'order': 1, 'rows': 2}
2025-11-12 11:26:52,489 INFO [cli] {'ticker': 'QQQ', 'mode': 'binary', 'thr': 50, 'window': '5Y', 'order': 2, 'rows': 4}
2025-11-12 11:26:52,497 INFO [cli] {'ticker': 'QQQ', 'mode': 'binary', 'thr': 50, 'window': '5Y', 'order': 3, 'rows': 8}
2025-11-12 11:26:52,506 INFO [cli] {'ticker': 'QQQ', 'mode': 'binary', 'thr': 50, 'window': '5Y', 'order': 4, 'rows': 16}
2025-11-12 11:26:52,517 INFO [cli] {'ticker': 'QQQ', 'mode': 'binary', 'thr': 50, 'window': '10Y', 'order': 1, 'rows': 2}
2025-11-12 11:26:52,525 INFO [cli] {'ticker': 'QQQ', 'mode': 'binary', 'thr': 50, 'window': '10Y', 'order': 2, 'rows': 4}
2025-11-12 11:26:52,533 INFO [cli] {'ticker': 'QQQ', 'mode': 'binary', 'thr': 50, 'window': '10Y', 'order': 3, 'rows': 8}
2025-11-12 11:26:52,542 INFO [cli] {'ticker': 'QQQ', 'mode': 'binary', 'thr': 50, 'window': '10Y', 'order': 4, 'rows': 16}
2025-11-12 11:26:52,549 INFO [cli] {'ticker': 'QQQ', 'mode': 'binary', 'thr': 50, 'window': '20Y', 'order': 1, 'rows': 2}
2025-11-12 11:26:52,558 INFO [cli] {'ticker': 'QQQ', 'mode': 'binary', 'thr': 50, 'window': '20Y', 'order': 2, 'rows': 4}
2025-11-12 11:26:52,567 INFO [cli] {'ticker': 'QQQ', 'mode': 'binary', 'thr': 50, 'window': '20Y', 'order': 3, 'rows': 8}
2025-11-12 11:26:52,576 INFO [cli] {'ticker': 'QQQ', 'mode': 'binary', 'thr': 50, 'window': '20Y', 'order': 4, 'rows': 16}
2025-11-12 11:26:52,585 INFO [cli] {'ticker': 'QQQ', 'mode': 'binary', 'thr': 50, 'window': 'MAX', 'order': 1, 'rows': 2}
2025-11-12 11:26:52,594 INFO [cli] {'ticker': 'QQQ', 'mode': 'binary', 'thr': 50, 'window': 'MAX', 'order': 2, 'rows': 4}
2025-11-12 11:26:52,602 INFO [cli] {'ticker': 'QQQ', 'mode': 'binary', 'thr': 50, 'window': 'MAX', 'order': 3, 'rows': 8}
2025-11-12 11:26:52,610 INFO [cli] {'ticker': 'QQQ', 'mode': 'binary', 'thr': 50, 'window': 'MAX', 'order': 4, 'rows': 16}
2025-11-12 11:26:52,627 INFO [cli] {'ticker': 'QQQ', 'mode': 'binary', 'thr': 55, 'window': '1Y', 'order': 1, 'rows': 2}
2025-11-12 11:26:52,638 INFO [cli] {'ticker': 'QQQ', 'mode': 'binary', 'thr': 55, 'window': '1Y', 'order': 2, 'rows': 4}
2025-11-12 11:26:52,654 INFO [cli] {'ticker': 'QQQ', 'mode': 'binary', 'thr': 55, 'window': '1Y', 'order': 3, 'rows': 8}
2025-11-12 11:26:52,663 INFO [cli] {'ticker': 'QQQ', 'mode': 'binary', 'thr': 55, 'window': '1Y', 'order': 4, 'rows': 16}
2025-11-12 11:26:52,673 INFO [cli] {'ticker': 'QQQ', 'mode': 'binary', 'thr': 55, 'window': '2Y', 'order': 1, 'rows': 2}
2025-11-12 11:26:52,683 INFO [cli] {'ticker': 'QQQ', 'mode': 'binary', 'thr': 55, 'window': '2Y', 'order': 2, 'rows': 4}
2025-11-12 11:26:52,691 INFO [cli] {'ticker': 'QQQ', 'mode': 'binary', 'thr': 55, 'window': '2Y', 'order': 3, 'rows': 8}
2025-11-12 11:26:52,698 INFO [cli] {'ticker': 'QQQ', 'mode': 'binary', 'thr': 55, 'window': '2Y', 'order': 4, 'rows': 16}
2025-11-12 11:26:52,706 INFO [cli] {'ticker': 'QQQ', 'mode': 'binary', 'thr': 55, 'window': '5Y', 'order': 1, 'rows': 2}
2025-11-12 11:26:52,714 INFO [cli] {'ticker': 'QQQ', 'mode': 'binary', 'thr': 55, 'window': '5Y', 'order': 2, 'rows': 4}
2025-11-12 11:26:52,724 INFO [cli] {'ticker': 'QQQ', 'mode': 'binary', 'thr': 55, 'window': '5Y', 'order': 3, 'rows': 8}
2025-11-12 11:26:52,733 INFO [cli] {'ticker': 'QQQ', 'mode': 'binary', 'thr': 55, 'window': '5Y', 'order': 4, 'rows': 16}
2025-11-12 11:26:52,742 INFO [cli] {'ticker': 'QQQ', 'mode': 'binary', 'thr': 55, 'window': '10Y', 'order': 1, 'rows': 2}
2025-11-12 11:26:52,750 INFO [cli] {'ticker': 'QQQ', 'mode': 'binary', 'thr': 55, 'window': '10Y', 'order': 2, 'rows': 4}
2025-11-12 11:26:52,759 INFO [cli] {'ticker': 'QQQ', 'mode': 'binary', 'thr': 55, 'window': '10Y', 'order': 3, 'rows': 8}
2025-11-12 11:26:52,769 INFO [cli] {'ticker': 'QQQ', 'mode': 'binary', 'thr': 55, 'window': '10Y', 'order': 4, 'rows': 16}
2025-11-12 11:26:52,779 INFO [cli] {'ticker': 'QQQ', 'mode': 'binary', 'thr': 55, 'window': '20Y', 'order': 1, 'rows': 2}
2025-11-12 11:26:52,788 INFO [cli] {'ticker': 'QQQ', 'mode': 'binary', 'thr': 55, 'window': '20Y', 'order': 2, 'rows': 4}
2025-11-12 11:26:52,796 INFO [cli] {'ticker': 'QQQ', 'mode': 'binary', 'thr': 55, 'window': '20Y', 'order': 3, 'rows': 8}
2025-11-12 11:26:52,805 INFO [cli] {'ticker': 'QQQ', 'mode': 'binary', 'thr': 55, 'window': '20Y', 'order': 4, 'rows': 16}
2025-11-12 11:26:52,813 INFO [cli] {'ticker': 'QQQ', 'mode': 'binary', 'thr': 55, 'window': 'MAX', 'order': 1, 'rows': 2}
2025-11-12 11:26:52,824 INFO [cli] {'ticker': 'QQQ', 'mode': 'binary', 'thr': 55, 'window': 'MAX', 'order': 2, 'rows': 4}
2025-11-12 11:26:52,832 INFO [cli] {'ticker': 'QQQ', 'mode': 'binary', 'thr': 55, 'window': 'MAX', 'order': 3, 'rows': 8}
2025-11-12 11:26:52,841 INFO [cli] {'ticker': 'QQQ', 'mode': 'binary', 'thr': 55, 'window': 'MAX', 'order': 4, 'rows': 16}
2025-11-12 11:26:52,857 INFO [cli] {'ticker': 'QQQ', 'mode': 'binary', 'thr': 60, 'window': '1Y', 'order': 1, 'rows': 2}
2025-11-12 11:26:52,866 INFO [cli] {'ticker': 'QQQ', 'mode': 'binary', 'thr': 60, 'window': '1Y', 'order': 2, 'rows': 4}
2025-11-12 11:26:52,878 INFO [cli] {'ticker': 'QQQ', 'mode': 'binary', 'thr': 60, 'window': '1Y', 'order': 3, 'rows': 8}
2025-11-12 11:26:52,889 INFO [cli] {'ticker': 'QQQ', 'mode': 'binary', 'thr': 60, 'window': '1Y', 'order': 4, 'rows': 16}
2025-11-12 11:26:52,900 INFO [cli] {'ticker': 'QQQ', 'mode': 'binary', 'thr': 60, 'window': '2Y', 'order': 1, 'rows': 2}
2025-11-12 11:26:52,911 INFO [cli] {'ticker': 'QQQ', 'mode': 'binary', 'thr': 60, 'window': '2Y', 'order': 2, 'rows': 4}
2025-11-12 11:26:52,921 INFO [cli] {'ticker': 'QQQ', 'mode': 'binary', 'thr': 60, 'window': '2Y', 'order': 3, 'rows': 8}
2025-11-12 11:26:52,932 INFO [cli] {'ticker': 'QQQ', 'mode': 'binary', 'thr': 60, 'window': '2Y', 'order': 4, 'rows': 16}
2025-11-12 11:26:52,943 INFO [cli] {'ticker': 'QQQ', 'mode': 'binary', 'thr': 60, 'window': '5Y', 'order': 1, 'rows': 2}
2025-11-12 11:26:52,955 INFO [cli] {'ticker': 'QQQ', 'mode': 'binary', 'thr': 60, 'window': '5Y', 'order': 2, 'rows': 4}
2025-11-12 11:26:52,965 INFO [cli] {'ticker': 'QQQ', 'mode': 'binary', 'thr': 60, 'window': '5Y', 'order': 3, 'rows': 8}
2025-11-12 11:26:52,974 INFO [cli] {'ticker': 'QQQ', 'mode': 'binary', 'thr': 60, 'window': '5Y', 'order': 4, 'rows': 16}
2025-11-12 11:26:52,984 INFO [cli] {'ticker': 'QQQ', 'mode': 'binary', 'thr': 60, 'window': '10Y', 'order': 1, 'rows': 2}
2025-11-12 11:26:52,994 INFO [cli] {'ticker': 'QQQ', 'mode': 'binary', 'thr': 60, 'window': '10Y', 'order': 2, 'rows': 4}
2025-11-12 11:26:53,004 INFO [cli] {'ticker': 'QQQ', 'mode': 'binary', 'thr': 60, 'window': '10Y', 'order': 3, 'rows': 8}
2025-11-12 11:26:53,013 INFO [cli] {'ticker': 'QQQ', 'mode': 'binary', 'thr': 60, 'window': '10Y', 'order': 4, 'rows': 16}
2025-11-12 11:26:53,023 INFO [cli] {'ticker': 'QQQ', 'mode': 'binary', 'thr': 60, 'window': '20Y', 'order': 1, 'rows': 2}
2025-11-12 11:26:53,031 INFO [cli] {'ticker': 'QQQ', 'mode': 'binary', 'thr': 60, 'window': '20Y', 'order': 2, 'rows': 4}
2025-11-12 11:26:53,040 INFO [cli] {'ticker': 'QQQ', 'mode': 'binary', 'thr': 60, 'window': '20Y', 'order': 3, 'rows': 8}
2025-11-12 11:26:53,049 INFO [cli] {'ticker': 'QQQ', 'mode': 'binary', 'thr': 60, 'window': '20Y', 'order': 4, 'rows': 16}
2025-11-12 11:26:53,059 INFO [cli] {'ticker': 'QQQ', 'mode': 'binary', 'thr': 60, 'window': 'MAX', 'order': 1, 'rows': 2}
2025-11-12 11:26:53,068 INFO [cli] {'ticker': 'QQQ', 'mode': 'binary', 'thr': 60, 'window': 'MAX', 'order': 2, 'rows': 4}
2025-11-12 11:26:53,078 INFO [cli] {'ticker': 'QQQ', 'mode': 'binary', 'thr': 60, 'window': 'MAX', 'order': 3, 'rows': 8}
2025-11-12 11:26:53,087 INFO [cli] {'ticker': 'QQQ', 'mode': 'binary', 'thr': 60, 'window': 'MAX', 'order': 4, 'rows': 16}
2025-11-12 11:26:53,103 INFO [cli] {'ticker': 'QQQ', 'mode': 'binary', 'thr': 65, 'window': '1Y', 'order': 1, 'rows': 2}
2025-11-12 11:26:53,112 INFO [cli] {'ticker': 'QQQ', 'mode': 'binary', 'thr': 65, 'window': '1Y', 'order': 2, 'rows': 4}
2025-11-12 11:26:53,121 INFO [cli] {'ticker': 'QQQ', 'mode': 'binary', 'thr': 65, 'window': '1Y', 'order': 3, 'rows': 8}
2025-11-12 11:26:53,133 INFO [cli] {'ticker': 'QQQ', 'mode': 'binary', 'thr': 65, 'window': '1Y', 'order': 4, 'rows': 16}
2025-11-12 11:26:53,150 INFO [cli] {'ticker': 'QQQ', 'mode': 'binary', 'thr': 65, 'window': '2Y', 'order': 1, 'rows': 2}
2025-11-12 11:26:53,160 INFO [cli] {'ticker': 'QQQ', 'mode': 'binary', 'thr': 65, 'window': '2Y', 'order': 2, 'rows': 4}
2025-11-12 11:26:53,170 INFO [cli] {'ticker': 'QQQ', 'mode': 'binary', 'thr': 65, 'window': '2Y', 'order': 3, 'rows': 8}
2025-11-12 11:26:53,180 INFO [cli] {'ticker': 'QQQ', 'mode': 'binary', 'thr': 65, 'window': '2Y', 'order': 4, 'rows': 16}
2025-11-12 11:26:53,189 INFO [cli] {'ticker': 'QQQ', 'mode': 'binary', 'thr': 65, 'window': '5Y', 'order': 1, 'rows': 2}
2025-11-12 11:26:53,199 INFO [cli] {'ticker': 'QQQ', 'mode': 'binary', 'thr': 65, 'window': '5Y', 'order': 2, 'rows': 4}
2025-11-12 11:26:53,209 INFO [cli] {'ticker': 'QQQ', 'mode': 'binary', 'thr': 65, 'window': '5Y', 'order': 3, 'rows': 8}
2025-11-12 11:26:53,219 INFO [cli] {'ticker': 'QQQ', 'mode': 'binary', 'thr': 65, 'window': '5Y', 'order': 4, 'rows': 16}
2025-11-12 11:26:53,230 INFO [cli] {'ticker': 'QQQ', 'mode': 'binary', 'thr': 65, 'window': '10Y', 'order': 1, 'rows': 2}
2025-11-12 11:26:53,241 INFO [cli] {'ticker': 'QQQ', 'mode': 'binary', 'thr': 65, 'window': '10Y', 'order': 2, 'rows': 4}

{'ticker': 'QQQ', 'mode': 'binary', 'thr': 45, 'window': '20Y', 'order': 1, 'rows': 2}
{'ticker': 'QQQ', 'mode': 'binary', 'thr': 45, 'window': '20Y', 'order': 2, 'rows': 4}
{'ticker': 'QQQ', 'mode': 'binary', 'thr': 45, 'window': '20Y', 'order': 3, 'rows': 8}
{'ticker': 'QQQ', 'mode': 'binary', 'thr': 45, 'window': '20Y', 'order': 4, 'rows': 16}
{'ticker': 'QQQ', 'mode': 'binary', 'thr': 45, 'window': 'MAX', 'order': 1, 'rows': 2}
{'ticker': 'QQQ', 'mode': 'binary', 'thr': 45, 'window': 'MAX', 'order': 2, 'rows': 4}
{'ticker': 'QQQ', 'mode': 'binary', 'thr': 45, 'window': 'MAX', 'order': 3, 'rows': 8}
{'ticker': 'QQQ', 'mode': 'binary', 'thr': 45, 'window': 'MAX', 'order': 4, 'rows': 16}
{'ticker': 'QQQ', 'mode': 'binary', 'thr': 50, 'window': '1Y', 'order': 1, 'rows': 2}
{'ticker': 'QQQ', 'mode': 'binary', 'thr': 50, 'window': '1Y', 'order': 2, 'rows': 4}
{'ticker': 'QQQ', 'mode': 'binary', 'thr': 50, 'window': '1Y', 'order': 3, 'rows': 8}
{'ticker': 'QQQ', 'mode': 'binary', 'thr': 50, 'window': '1Y', 'order': 4, 'rows': 16}
{'ticker': 'QQQ', 'mode': 'binary', 'thr': 50, 'window': '2Y', 'order': 1, 'rows': 2}
{'ticker': 'QQQ', 'mode': 'binary', 'thr': 50, 'window': '2Y', 'order': 2, 'rows': 4}
{'ticker': 'QQQ', 'mode': 'binary', 'thr': 50, 'window': '2Y', 'order': 3, 'rows': 8}
{'ticker': 'QQQ', 'mode': 'binary', 'thr': 50, 'window': '2Y', 'order': 4, 'rows': 16}
{'ticker': 'QQQ', 'mode': 'binary', 'thr': 50, 'window': '5Y', 'order': 1, 'rows': 2}
{'ticker': 'QQQ', 'mode': 'binary', 'thr': 50, 'window': '5Y', 'order': 2, 'rows': 4}
{'ticker': 'QQQ', 'mode': 'binary', 'thr': 50, 'window': '5Y', 'order': 3, 'rows': 8}
{'ticker': 'QQQ', 'mode': 'binary', 'thr': 50, 'window': '5Y', 'order': 4, 'rows': 16}
{'ticker': 'QQQ', 'mode': 'binary', 'thr': 50, 'window': '10Y', 'order': 1, 'rows': 2}
{'ticker': 'QQQ', 'mode': 'binary', 'thr': 50, 'window': '10Y', 'order': 2, 'rows': 4}
{'ticker': 'QQQ', 'mode': 'binary', 'thr': 50, 'window': '10Y', 'order': 3, 'rows': 8}
{'ticker': 'QQQ', 'mode': 'binary', 'thr': 50, 'window': '10Y', 'order': 4, 'rows': 16}
{'ticker': 'QQQ', 'mode': 'binary', 'thr': 50, 'window': '20Y', 'order': 1, 'rows': 2}
{'ticker': 'QQQ', 'mode': 'binary', 'thr': 50, 'window': '20Y', 'order': 2, 'rows': 4}
{'ticker': 'QQQ', 'mode': 'binary', 'thr': 50, 'window': '20Y', 'order': 3, 'rows': 8}
{'ticker': 'QQQ', 'mode': 'binary', 'thr': 50, 'window': '20Y', 'order': 4, 'rows': 16}
{'ticker': 'QQQ', 'mode': 'binary', 'thr': 50, 'window': 'MAX', 'order': 1, 'rows': 2}
{'ticker': 'QQQ', 'mode': 'binary', 'thr': 50, 'window': 'MAX', 'order': 2, 'rows': 4}
{'ticker': 'QQQ', 'mode': 'binary', 'thr': 50, 'window': 'MAX', 'order': 3, 'rows': 8}
{'ticker': 'QQQ', 'mode': 'binary', 'thr': 50, 'window': 'MAX', 'order': 4, 'rows': 16}
{'ticker': 'QQQ', 'mode': 'binary', 'thr': 55, 'window': '1Y', 'order': 1, 'rows': 2}
{'ticker': 'QQQ', 'mode': 'binary', 'thr': 55, 'window': '1Y', 'order': 2, 'rows': 4}
{'ticker': 'QQQ', 'mode': 'binary', 'thr': 55, 'window': '1Y', 'order': 3, 'rows': 8}
{'ticker': 'QQQ', 'mode': 'binary', 'thr': 55, 'window': '1Y', 'order': 4, 'rows': 16}
{'ticker': 'QQQ', 'mode': 'binary', 'thr': 55, 'window': '2Y', 'order': 1, 'rows': 2}
{'ticker': 'QQQ', 'mode': 'binary', 'thr': 55, 'window': '2Y', 'order': 2, 'rows': 4}
{'ticker': 'QQQ', 'mode': 'binary', 'thr': 55, 'window': '2Y', 'order': 3, 'rows': 8}
{'ticker': 'QQQ', 'mode': 'binary', 'thr': 55, 'window': '2Y', 'order': 4, 'rows': 16}
{'ticker': 'QQQ', 'mode': 'binary', 'thr': 55, 'window': '5Y', 'order': 1, 'rows': 2}
{'ticker': 'QQQ', 'mode': 'binary', 'thr': 55, 'window': '5Y', 'order': 2, 'rows': 4}
{'ticker': 'QQQ', 'mode': 'binary', 'thr': 55, 'window': '5Y', 'order': 3, 'rows': 8}
{'ticker': 'QQQ', 'mode': 'binary', 'thr': 55, 'window': '5Y', 'order': 4, 'rows': 16}
{'ticker': 'QQQ', 'mode': 'binary', 'thr': 55, 'window': '10Y', 'order': 1, 'rows': 2}
{'ticker': 'QQQ', 'mode': 'binary', 'thr': 55, 'window': '10Y', 'order': 2, 'rows': 4}
{'ticker': 'QQQ', 'mode': 'binary', 'thr': 55, 'window': '10Y', 'order': 3, 'rows': 8}
{'ticker': 'QQQ', 'mode': 'binary', 'thr': 55, 'window': '10Y', 'order': 4, 'rows': 16}
{'ticker': 'QQQ', 'mode': 'binary', 'thr': 55, 'window': '20Y', 'order': 1, 'rows': 2}
{'ticker': 'QQQ', 'mode': 'binary', 'thr': 55, 'window': '20Y', 'order': 2, 'rows': 4}
{'ticker': 'QQQ', 'mode': 'binary', 'thr': 55, 'window': '20Y', 'order': 3, 'rows': 8}
{'ticker': 'QQQ', 'mode': 'binary', 'thr': 55, 'window': '20Y', 'order': 4, 'rows': 16}
{'ticker': 'QQQ', 'mode': 'binary', 'thr': 55, 'window': 'MAX', 'order': 1, 'rows': 2}
{'ticker': 'QQQ', 'mode': 'binary', 'thr': 55, 'window': 'MAX', 'order': 2, 'rows': 4}
{'ticker': 'QQQ', 'mode': 'binary', 'thr': 55, 'window': 'MAX', 'order': 3, 'rows': 8}
{'ticker': 'QQQ', 'mode': 'binary', 'thr': 55, 'window': 'MAX', 'order': 4, 'rows': 16}
{'ticker': 'QQQ', 'mode': 'binary', 'thr': 60, 'window': '1Y', 'order': 1, 'rows': 2}
{'ticker': 'QQQ', 'mode': 'binary', 'thr': 60, 'window': '1Y', 'order': 2, 'rows': 4}
{'ticker': 'QQQ', 'mode': 'binary', 'thr': 60, 'window': '1Y', 'order': 3, 'rows': 8}
{'ticker': 'QQQ', 'mode': 'binary', 'thr': 60, 'window': '1Y', 'order': 4, 'rows': 16}
{'ticker': 'QQQ', 'mode': 'binary', 'thr': 60, 'window': '2Y', 'order': 1, 'rows': 2}
{'ticker': 'QQQ', 'mode': 'binary', 'thr': 60, 'window': '2Y', 'order': 2, 'rows': 4}
{'ticker': 'QQQ', 'mode': 'binary', 'thr': 60, 'window': '2Y', 'order': 3, 'rows': 8}
{'ticker': 'QQQ', 'mode': 'binary', 'thr': 60, 'window': '2Y', 'order': 4, 'rows': 16}
{'ticker': 'QQQ', 'mode': 'binary', 'thr': 60, 'window': '5Y', 'order': 1, 'rows': 2}
{'ticker': 'QQQ', 'mode': 'binary', 'thr': 60, 'window': '5Y', 'order': 2, 'rows': 4}
{'ticker': 'QQQ', 'mode': 'binary', 'thr': 60, 'window': '5Y', 'order': 3, 'rows': 8}
{'ticker': 'QQQ', 'mode': 'binary', 'thr': 60, 'window': '5Y', 'order': 4, 'rows': 16}
{'ticker': 'QQQ', 'mode': 'binary', 'thr': 60, 'window': '10Y', 'order': 1, 'rows': 2}
{'ticker': 'QQQ', 'mode': 'binary', 'thr': 60, 'window': '10Y', 'order': 2, 'rows': 4}
{'ticker': 'QQQ', 'mode': 'binary', 'thr': 60, 'window': '10Y', 'order': 3, 'rows': 8}
{'ticker': 'QQQ', 'mode': 'binary', 'thr': 60, 'window': '10Y', 'order': 4, 'rows': 16}
{'ticker': 'QQQ', 'mode': 'binary', 'thr': 60, 'window': '20Y', 'order': 1, 'rows': 2}
{'ticker': 'QQQ', 'mode': 'binary', 'thr': 60, 'window': '20Y', 'order': 2, 'rows': 4}
{'ticker': 'QQQ', 'mode': 'binary', 'thr': 60, 'window': '20Y', 'order': 3, 'rows': 8}
{'ticker': 'QQQ', 'mode': 'binary', 'thr': 60, 'window': '20Y', 'order': 4, 'rows': 16}
{'ticker': 'QQQ', 'mode': 'binary', 'thr': 60, 'window': 'MAX', 'order': 1, 'rows': 2}
{'ticker': 'QQQ', 'mode': 'binary', 'thr': 60, 'window': 'MAX', 'order': 2, 'rows': 4}
{'ticker': 'QQQ', 'mode': 'binary', 'thr': 60, 'window': 'MAX', 'order': 3, 'rows': 8}
{'ticker': 'QQQ', 'mode': 'binary', 'thr': 60, 'window': 'MAX', 'order': 4, 'rows': 16}
{'ticker': 'QQQ', 'mode': 'binary', 'thr': 65, 'window': '1Y', 'order': 1, 'rows': 2}
{'ticker': 'QQQ', 'mode': 'binary', 'thr': 65, 'window': '1Y', 'order': 2, 'rows': 4}
{'ticker': 'QQQ', 'mode': 'binary', 'thr': 65, 'window': '1Y', 'order': 3, 'rows': 8}
{'ticker': 'QQQ', 'mode': 'binary', 'thr': 65, 'window': '1Y', 'order': 4, 'rows': 16}
{'ticker': 'QQQ', 'mode': 'binary', 'thr': 65, 'window': '2Y', 'order': 1, 'rows': 2}
{'ticker': 'QQQ', 'mode': 'binary', 'thr': 65, 'window': '2Y', 'order': 2, 'rows': 4}
{'ticker': 'QQQ', 'mode': 'binary', 'thr': 65, 'window': '2Y', 'order': 3, 'rows': 8}
{'ticker': 'QQQ', 'mode': 'binary', 'thr': 65, 'window': '2Y', 'order': 4, 'rows': 16}
{'ticker': 'QQQ', 'mode': 'binary', 'thr': 65, 'window': '5Y', 'order': 1, 'rows': 2}
{'ticker': 'QQQ', 'mode': 'binary', 'thr': 65, 'window': '5Y', 'order': 2, 'rows': 4}
{'ticker': 'QQQ', 'mode': 'binary', 'thr': 65, 'window': '5Y', 'order': 3, 'rows': 8}
{'ticker': 'QQQ', 'mode': 'binary', 'thr': 65, 'window': '5Y', 'order': 4, 'rows': 16}
{'ticker': 'QQQ', 'mode': 'binary', 'thr': 65, 'window': '10Y', 'order': 1, 'rows': 2}
{'ticker': 'QQQ', 'mode': 'binary', 'thr': 65, 'window': '10Y', 'order': 2, 'rows': 4}
{'ticker': 'QQQ', 'mode': 'binary', 'thr': 65, 'window': '10Y', 'order': 3, 'rows': 8}2025-11-12 11:26:53,251 INFO [cli] {'ticker': 'QQQ', 'mode': 'binary', 'thr': 65, 'window': '10Y', 'order': 3, 'rows': 8}
2025-11-12 11:26:53,264 INFO [cli] {'ticker': 'QQQ', 'mode': 'binary', 'thr': 65, 'window': '10Y', 'order': 4, 'rows': 16}
2025-11-12 11:26:53,273 INFO [cli] {'ticker': 'QQQ', 'mode': 'binary', 'thr': 65, 'window': '20Y', 'order': 1, 'rows': 2}
2025-11-12 11:26:53,282 INFO [cli] {'ticker': 'QQQ', 'mode': 'binary', 'thr': 65, 'window': '20Y', 'order': 2, 'rows': 4}
2025-11-12 11:26:53,293 INFO [cli] {'ticker': 'QQQ', 'mode': 'binary', 'thr': 65, 'window': '20Y', 'order': 3, 'rows': 8}
2025-11-12 11:26:53,304 INFO [cli] {'ticker': 'QQQ', 'mode': 'binary', 'thr': 65, 'window': '20Y', 'order': 4, 'rows': 16}
2025-11-12 11:26:53,316 INFO [cli] {'ticker': 'QQQ', 'mode': 'binary', 'thr': 65, 'window': 'MAX', 'order': 1, 'rows': 2}
2025-11-12 11:26:53,326 INFO [cli] {'ticker': 'QQQ', 'mode': 'binary', 'thr': 65, 'window': 'MAX', 'order': 2, 'rows': 4}
2025-11-12 11:26:53,335 INFO [cli] {'ticker': 'QQQ', 'mode': 'binary', 'thr': 65, 'window': 'MAX', 'order': 3, 'rows': 8}
2025-11-12 11:26:53,343 INFO [cli] {'ticker': 'QQQ', 'mode': 'binary', 'thr': 65, 'window': 'MAX', 'order': 4, 'rows': 16}
2025-11-12 11:26:53,359 INFO [cli] {'ticker': 'QQQ', 'mode': 'binary', 'thr': 70, 'window': '1Y', 'order': 1, 'rows': 2}
2025-11-12 11:26:53,369 INFO [cli] {'ticker': 'QQQ', 'mode': 'binary', 'thr': 70, 'window': '1Y', 'order': 2, 'rows': 4}
2025-11-12 11:26:53,378 INFO [cli] {'ticker': 'QQQ', 'mode': 'binary', 'thr': 70, 'window': '1Y', 'order': 3, 'rows': 8}
2025-11-12 11:26:53,386 INFO [cli] {'ticker': 'QQQ', 'mode': 'binary', 'thr': 70, 'window': '1Y', 'order': 4, 'rows': 16}
2025-11-12 11:26:53,395 INFO [cli] {'ticker': 'QQQ', 'mode': 'binary', 'thr': 70, 'window': '2Y', 'order': 1, 'rows': 2}
2025-11-12 11:26:53,404 INFO [cli] {'ticker': 'QQQ', 'mode': 'binary', 'thr': 70, 'window': '2Y', 'order': 2, 'rows': 4}
2025-11-12 11:26:53,413 INFO [cli] {'ticker': 'QQQ', 'mode': 'binary', 'thr': 70, 'window': '2Y', 'order': 3, 'rows': 8}
2025-11-12 11:26:53,423 INFO [cli] {'ticker': 'QQQ', 'mode': 'binary', 'thr': 70, 'window': '2Y', 'order': 4, 'rows': 16}
2025-11-12 11:26:53,431 INFO [cli] {'ticker': 'QQQ', 'mode': 'binary', 'thr': 70, 'window': '5Y', 'order': 1, 'rows': 2}
2025-11-12 11:26:53,441 INFO [cli] {'ticker': 'QQQ', 'mode': 'binary', 'thr': 70, 'window': '5Y', 'order': 2, 'rows': 4}
2025-11-12 11:26:53,451 INFO [cli] {'ticker': 'QQQ', 'mode': 'binary', 'thr': 70, 'window': '5Y', 'order': 3, 'rows': 8}
2025-11-12 11:26:53,462 INFO [cli] {'ticker': 'QQQ', 'mode': 'binary', 'thr': 70, 'window': '5Y', 'order': 4, 'rows': 16}
2025-11-12 11:26:53,470 INFO [cli] {'ticker': 'QQQ', 'mode': 'binary', 'thr': 70, 'window': '10Y', 'order': 1, 'rows': 2}
2025-11-12 11:26:53,479 INFO [cli] {'ticker': 'QQQ', 'mode': 'binary', 'thr': 70, 'window': '10Y', 'order': 2, 'rows': 4}
2025-11-12 11:26:53,494 INFO [cli] {'ticker': 'QQQ', 'mode': 'binary', 'thr': 70, 'window': '10Y', 'order': 3, 'rows': 8}
2025-11-12 11:26:53,504 INFO [cli] {'ticker': 'QQQ', 'mode': 'binary', 'thr': 70, 'window': '10Y', 'order': 4, 'rows': 16}
2025-11-12 11:26:53,513 INFO [cli] {'ticker': 'QQQ', 'mode': 'binary', 'thr': 70, 'window': '20Y', 'order': 1, 'rows': 2}
2025-11-12 11:26:53,522 INFO [cli] {'ticker': 'QQQ', 'mode': 'binary', 'thr': 70, 'window': '20Y', 'order': 2, 'rows': 4}
2025-11-12 11:26:53,532 INFO [cli] {'ticker': 'QQQ', 'mode': 'binary', 'thr': 70, 'window': '20Y', 'order': 3, 'rows': 8}
2025-11-12 11:26:53,543 INFO [cli] {'ticker': 'QQQ', 'mode': 'binary', 'thr': 70, 'window': '20Y', 'order': 4, 'rows': 16}
2025-11-12 11:26:53,553 INFO [cli] {'ticker': 'QQQ', 'mode': 'binary', 'thr': 70, 'window': 'MAX', 'order': 1, 'rows': 2}
2025-11-12 11:26:53,563 INFO [cli] {'ticker': 'QQQ', 'mode': 'binary', 'thr': 70, 'window': 'MAX', 'order': 2, 'rows': 4}
2025-11-12 11:26:53,573 INFO [cli] {'ticker': 'QQQ', 'mode': 'binary', 'thr': 70, 'window': 'MAX', 'order': 3, 'rows': 8}
2025-11-12 11:26:53,585 INFO [cli] {'ticker': 'QQQ', 'mode': 'binary', 'thr': 70, 'window': 'MAX', 'order': 4, 'rows': 16}
2025-11-12 11:26:53,601 INFO [cli] {'ticker': 'QQQ', 'mode': 'binary', 'thr': 75, 'window': '1Y', 'order': 1, 'rows': 2}
2025-11-12 11:26:53,612 INFO [cli] {'ticker': 'QQQ', 'mode': 'binary', 'thr': 75, 'window': '1Y', 'order': 2, 'rows': 4}
2025-11-12 11:26:53,621 INFO [cli] {'ticker': 'QQQ', 'mode': 'binary', 'thr': 75, 'window': '1Y', 'order': 3, 'rows': 8}
2025-11-12 11:26:53,631 INFO [cli] {'ticker': 'QQQ', 'mode': 'binary', 'thr': 75, 'window': '1Y', 'order': 4, 'rows': 16}
2025-11-12 11:26:53,641 INFO [cli] {'ticker': 'QQQ', 'mode': 'binary', 'thr': 75, 'window': '2Y', 'order': 1, 'rows': 2}
2025-11-12 11:26:53,652 INFO [cli] {'ticker': 'QQQ', 'mode': 'binary', 'thr': 75, 'window': '2Y', 'order': 2, 'rows': 4}
2025-11-12 11:26:53,663 INFO [cli] {'ticker': 'QQQ', 'mode': 'binary', 'thr': 75, 'window': '2Y', 'order': 3, 'rows': 8}
2025-11-12 11:26:53,674 INFO [cli] {'ticker': 'QQQ', 'mode': 'binary', 'thr': 75, 'window': '2Y', 'order': 4, 'rows': 16}
2025-11-12 11:26:53,684 INFO [cli] {'ticker': 'QQQ', 'mode': 'binary', 'thr': 75, 'window': '5Y', 'order': 1, 'rows': 2}
2025-11-12 11:26:53,693 INFO [cli] {'ticker': 'QQQ', 'mode': 'binary', 'thr': 75, 'window': '5Y', 'order': 2, 'rows': 4}
2025-11-12 11:26:53,704 INFO [cli] {'ticker': 'QQQ', 'mode': 'binary', 'thr': 75, 'window': '5Y', 'order': 3, 'rows': 8}
2025-11-12 11:26:53,714 INFO [cli] {'ticker': 'QQQ', 'mode': 'binary', 'thr': 75, 'window': '5Y', 'order': 4, 'rows': 16}
2025-11-12 11:26:53,722 INFO [cli] {'ticker': 'QQQ', 'mode': 'binary', 'thr': 75, 'window': '10Y', 'order': 1, 'rows': 2}
2025-11-12 11:26:53,733 INFO [cli] {'ticker': 'QQQ', 'mode': 'binary', 'thr': 75, 'window': '10Y', 'order': 2, 'rows': 4}
2025-11-12 11:26:53,745 INFO [cli] {'ticker': 'QQQ', 'mode': 'binary', 'thr': 75, 'window': '10Y', 'order': 3, 'rows': 8}
2025-11-12 11:26:53,755 INFO [cli] {'ticker': 'QQQ', 'mode': 'binary', 'thr': 75, 'window': '10Y', 'order': 4, 'rows': 16}
2025-11-12 11:26:53,765 INFO [cli] {'ticker': 'QQQ', 'mode': 'binary', 'thr': 75, 'window': '20Y', 'order': 1, 'rows': 2}
2025-11-12 11:26:53,775 INFO [cli] {'ticker': 'QQQ', 'mode': 'binary', 'thr': 75, 'window': '20Y', 'order': 2, 'rows': 4}
2025-11-12 11:26:53,785 INFO [cli] {'ticker': 'QQQ', 'mode': 'binary', 'thr': 75, 'window': '20Y', 'order': 3, 'rows': 8}
2025-11-12 11:26:53,797 INFO [cli] {'ticker': 'QQQ', 'mode': 'binary', 'thr': 75, 'window': '20Y', 'order': 4, 'rows': 16}
2025-11-12 11:26:53,806 INFO [cli] {'ticker': 'QQQ', 'mode': 'binary', 'thr': 75, 'window': 'MAX', 'order': 1, 'rows': 2}
2025-11-12 11:26:53,814 INFO [cli] {'ticker': 'QQQ', 'mode': 'binary', 'thr': 75, 'window': 'MAX', 'order': 2, 'rows': 4}
2025-11-12 11:26:53,824 INFO [cli] {'ticker': 'QQQ', 'mode': 'binary', 'thr': 75, 'window': 'MAX', 'order': 3, 'rows': 8}
2025-11-12 11:26:53,835 INFO [cli] {'ticker': 'QQQ', 'mode': 'binary', 'thr': 75, 'window': 'MAX', 'order': 4, 'rows': 16}
2025-11-12 11:26:53,853 INFO [cli] {'ticker': 'QQQ', 'mode': 'binary', 'thr': 80, 'window': '1Y', 'order': 1, 'rows': 2}
2025-11-12 11:26:53,865 INFO [cli] {'ticker': 'QQQ', 'mode': 'binary', 'thr': 80, 'window': '1Y', 'order': 2, 'rows': 4}
2025-11-12 11:26:53,873 INFO [cli] {'ticker': 'QQQ', 'mode': 'binary', 'thr': 80, 'window': '1Y', 'order': 3, 'rows': 8}
2025-11-12 11:26:53,884 INFO [cli] {'ticker': 'QQQ', 'mode': 'binary', 'thr': 80, 'window': '1Y', 'order': 4, 'rows': 16}
2025-11-12 11:26:53,894 INFO [cli] {'ticker': 'QQQ', 'mode': 'binary', 'thr': 80, 'window': '2Y', 'order': 1, 'rows': 2}
2025-11-12 11:26:53,905 INFO [cli] {'ticker': 'QQQ', 'mode': 'binary', 'thr': 80, 'window': '2Y', 'order': 2, 'rows': 4}
2025-11-12 11:26:53,915 INFO [cli] {'ticker': 'QQQ', 'mode': 'binary', 'thr': 80, 'window': '2Y', 'order': 3, 'rows': 8}
2025-11-12 11:26:53,925 INFO [cli] {'ticker': 'QQQ', 'mode': 'binary', 'thr': 80, 'window': '2Y', 'order': 4, 'rows': 16}
2025-11-12 11:26:53,935 INFO [cli] {'ticker': 'QQQ', 'mode': 'binary', 'thr': 80, 'window': '5Y', 'order': 1, 'rows': 2}
2025-11-12 11:26:53,945 INFO [cli] {'ticker': 'QQQ', 'mode': 'binary', 'thr': 80, 'window': '5Y', 'order': 2, 'rows': 4}
2025-11-12 11:26:53,958 INFO [cli] {'ticker': 'QQQ', 'mode': 'binary', 'thr': 80, 'window': '5Y', 'order': 3, 'rows': 8}
2025-11-12 11:26:53,969 INFO [cli] {'ticker': 'QQQ', 'mode': 'binary', 'thr': 80, 'window': '5Y', 'order': 4, 'rows': 16}
2025-11-12 11:26:53,982 INFO [cli] {'ticker': 'QQQ', 'mode': 'binary', 'thr': 80, 'window': '10Y', 'order': 1, 'rows': 2}
2025-11-12 11:26:53,992 INFO [cli] {'ticker': 'QQQ', 'mode': 'binary', 'thr': 80, 'window': '10Y', 'order': 2, 'rows': 4}
2025-11-12 11:26:54,002 INFO [cli] {'ticker': 'QQQ', 'mode': 'binary', 'thr': 80, 'window': '10Y', 'order': 3, 'rows': 8}
2025-11-12 11:26:54,012 INFO [cli] {'ticker': 'QQQ', 'mode': 'binary', 'thr': 80, 'window': '10Y', 'order': 4, 'rows': 16}
2025-11-12 11:26:54,022 INFO [cli] {'ticker': 'QQQ', 'mode': 'binary', 'thr': 80, 'window': '20Y', 'order': 1, 'rows': 2}
2025-11-12 11:26:54,035 INFO [cli] {'ticker': 'QQQ', 'mode': 'binary', 'thr': 80, 'window': '20Y', 'order': 2, 'rows': 4}
2025-11-12 11:26:54,045 INFO [cli] {'ticker': 'QQQ', 'mode': 'binary', 'thr': 80, 'window': '20Y', 'order': 3, 'rows': 8}
2025-11-12 11:26:54,055 INFO [cli] {'ticker': 'QQQ', 'mode': 'binary', 'thr': 80, 'window': '20Y', 'order': 4, 'rows': 16}
2025-11-12 11:26:54,065 INFO [cli] {'ticker': 'QQQ', 'mode': 'binary', 'thr': 80, 'window': 'MAX', 'order': 1, 'rows': 2}
2025-11-12 11:26:54,073 INFO [cli] {'ticker': 'QQQ', 'mode': 'binary', 'thr': 80, 'window': 'MAX', 'order': 2, 'rows': 4}
2025-11-12 11:26:54,081 INFO [cli] {'ticker': 'QQQ', 'mode': 'binary', 'thr': 80, 'window': 'MAX', 'order': 3, 'rows': 8}
2025-11-12 11:26:54,092 INFO [cli] {'ticker': 'QQQ', 'mode': 'binary', 'thr': 80, 'window': 'MAX', 'order': 4, 'rows': 16}
2025-11-12 11:26:54,107 INFO [cli] {'ticker': 'QQQ', 'mode': 'binary', 'thr': 85, 'window': '1Y', 'order': 1, 'rows': 2}
2025-11-12 11:26:54,118 INFO [cli] {'ticker': 'QQQ', 'mode': 'binary', 'thr': 85, 'window': '1Y', 'order': 2, 'rows': 4}
2025-11-12 11:26:54,128 INFO [cli] {'ticker': 'QQQ', 'mode': 'binary', 'thr': 85, 'window': '1Y', 'order': 3, 'rows': 8}
2025-11-12 11:26:54,148 INFO [cli] {'ticker': 'QQQ', 'mode': 'binary', 'thr': 85, 'window': '1Y', 'order': 4, 'rows': 16}
2025-11-12 11:26:54,157 INFO [cli] {'ticker': 'QQQ', 'mode': 'binary', 'thr': 85, 'window': '2Y', 'order': 1, 'rows': 2}
2025-11-12 11:26:54,165 INFO [cli] {'ticker': 'QQQ', 'mode': 'binary', 'thr': 85, 'window': '2Y', 'order': 2, 'rows': 4}
2025-11-12 11:26:54,176 INFO [cli] {'ticker': 'QQQ', 'mode': 'binary', 'thr': 85, 'window': '2Y', 'order': 3, 'rows': 8}
2025-11-12 11:26:54,186 INFO [cli] {'ticker': 'QQQ', 'mode': 'binary', 'thr': 85, 'window': '2Y', 'order': 4, 'rows': 16}
2025-11-12 11:26:54,197 INFO [cli] {'ticker': 'QQQ', 'mode': 'binary', 'thr': 85, 'window': '5Y', 'order': 1, 'rows': 2}
2025-11-12 11:26:54,207 INFO [cli] {'ticker': 'QQQ', 'mode': 'binary', 'thr': 85, 'window': '5Y', 'order': 2, 'rows': 4}
2025-11-12 11:26:54,218 INFO [cli] {'ticker': 'QQQ', 'mode': 'binary', 'thr': 85, 'window': '5Y', 'order': 3, 'rows': 8}
2025-11-12 11:26:54,227 INFO [cli] {'ticker': 'QQQ', 'mode': 'binary', 'thr': 85, 'window': '5Y', 'order': 4, 'rows': 16}
2025-11-12 11:26:54,236 INFO [cli] {'ticker': 'QQQ', 'mode': 'binary', 'thr': 85, 'window': '10Y', 'order': 1, 'rows': 2}

{'ticker': 'QQQ', 'mode': 'binary', 'thr': 65, 'window': '10Y', 'order': 4, 'rows': 16}
{'ticker': 'QQQ', 'mode': 'binary', 'thr': 65, 'window': '20Y', 'order': 1, 'rows': 2}
{'ticker': 'QQQ', 'mode': 'binary', 'thr': 65, 'window': '20Y', 'order': 2, 'rows': 4}
{'ticker': 'QQQ', 'mode': 'binary', 'thr': 65, 'window': '20Y', 'order': 3, 'rows': 8}
{'ticker': 'QQQ', 'mode': 'binary', 'thr': 65, 'window': '20Y', 'order': 4, 'rows': 16}
{'ticker': 'QQQ', 'mode': 'binary', 'thr': 65, 'window': 'MAX', 'order': 1, 'rows': 2}
{'ticker': 'QQQ', 'mode': 'binary', 'thr': 65, 'window': 'MAX', 'order': 2, 'rows': 4}
{'ticker': 'QQQ', 'mode': 'binary', 'thr': 65, 'window': 'MAX', 'order': 3, 'rows': 8}
{'ticker': 'QQQ', 'mode': 'binary', 'thr': 65, 'window': 'MAX', 'order': 4, 'rows': 16}
{'ticker': 'QQQ', 'mode': 'binary', 'thr': 70, 'window': '1Y', 'order': 1, 'rows': 2}
{'ticker': 'QQQ', 'mode': 'binary', 'thr': 70, 'window': '1Y', 'order': 2, 'rows': 4}
{'ticker': 'QQQ', 'mode': 'binary', 'thr': 70, 'window': '1Y', 'order': 3, 'rows': 8}
{'ticker': 'QQQ', 'mode': 'binary', 'thr': 70, 'window': '1Y', 'order': 4, 'rows': 16}
{'ticker': 'QQQ', 'mode': 'binary', 'thr': 70, 'window': '2Y', 'order': 1, 'rows': 2}
{'ticker': 'QQQ', 'mode': 'binary', 'thr': 70, 'window': '2Y', 'order': 2, 'rows': 4}
{'ticker': 'QQQ', 'mode': 'binary', 'thr': 70, 'window': '2Y', 'order': 3, 'rows': 8}
{'ticker': 'QQQ', 'mode': 'binary', 'thr': 70, 'window': '2Y', 'order': 4, 'rows': 16}
{'ticker': 'QQQ', 'mode': 'binary', 'thr': 70, 'window': '5Y', 'order': 1, 'rows': 2}
{'ticker': 'QQQ', 'mode': 'binary', 'thr': 70, 'window': '5Y', 'order': 2, 'rows': 4}
{'ticker': 'QQQ', 'mode': 'binary', 'thr': 70, 'window': '5Y', 'order': 3, 'rows': 8}
{'ticker': 'QQQ', 'mode': 'binary', 'thr': 70, 'window': '5Y', 'order': 4, 'rows': 16}
{'ticker': 'QQQ', 'mode': 'binary', 'thr': 70, 'window': '10Y', 'order': 1, 'rows': 2}
{'ticker': 'QQQ', 'mode': 'binary', 'thr': 70, 'window': '10Y', 'order': 2, 'rows': 4}
{'ticker': 'QQQ', 'mode': 'binary', 'thr': 70, 'window': '10Y', 'order': 3, 'rows': 8}
{'ticker': 'QQQ', 'mode': 'binary', 'thr': 70, 'window': '10Y', 'order': 4, 'rows': 16}
{'ticker': 'QQQ', 'mode': 'binary', 'thr': 70, 'window': '20Y', 'order': 1, 'rows': 2}
{'ticker': 'QQQ', 'mode': 'binary', 'thr': 70, 'window': '20Y', 'order': 2, 'rows': 4}
{'ticker': 'QQQ', 'mode': 'binary', 'thr': 70, 'window': '20Y', 'order': 3, 'rows': 8}
{'ticker': 'QQQ', 'mode': 'binary', 'thr': 70, 'window': '20Y', 'order': 4, 'rows': 16}
{'ticker': 'QQQ', 'mode': 'binary', 'thr': 70, 'window': 'MAX', 'order': 1, 'rows': 2}
{'ticker': 'QQQ', 'mode': 'binary', 'thr': 70, 'window': 'MAX', 'order': 2, 'rows': 4}
{'ticker': 'QQQ', 'mode': 'binary', 'thr': 70, 'window': 'MAX', 'order': 3, 'rows': 8}
{'ticker': 'QQQ', 'mode': 'binary', 'thr': 70, 'window': 'MAX', 'order': 4, 'rows': 16}
{'ticker': 'QQQ', 'mode': 'binary', 'thr': 75, 'window': '1Y', 'order': 1, 'rows': 2}
{'ticker': 'QQQ', 'mode': 'binary', 'thr': 75, 'window': '1Y', 'order': 2, 'rows': 4}
{'ticker': 'QQQ', 'mode': 'binary', 'thr': 75, 'window': '1Y', 'order': 3, 'rows': 8}
{'ticker': 'QQQ', 'mode': 'binary', 'thr': 75, 'window': '1Y', 'order': 4, 'rows': 16}
{'ticker': 'QQQ', 'mode': 'binary', 'thr': 75, 'window': '2Y', 'order': 1, 'rows': 2}
{'ticker': 'QQQ', 'mode': 'binary', 'thr': 75, 'window': '2Y', 'order': 2, 'rows': 4}
{'ticker': 'QQQ', 'mode': 'binary', 'thr': 75, 'window': '2Y', 'order': 3, 'rows': 8}
{'ticker': 'QQQ', 'mode': 'binary', 'thr': 75, 'window': '2Y', 'order': 4, 'rows': 16}
{'ticker': 'QQQ', 'mode': 'binary', 'thr': 75, 'window': '5Y', 'order': 1, 'rows': 2}
{'ticker': 'QQQ', 'mode': 'binary', 'thr': 75, 'window': '5Y', 'order': 2, 'rows': 4}
{'ticker': 'QQQ', 'mode': 'binary', 'thr': 75, 'window': '5Y', 'order': 3, 'rows': 8}
{'ticker': 'QQQ', 'mode': 'binary', 'thr': 75, 'window': '5Y', 'order': 4, 'rows': 16}
{'ticker': 'QQQ', 'mode': 'binary', 'thr': 75, 'window': '10Y', 'order': 1, 'rows': 2}
{'ticker': 'QQQ', 'mode': 'binary', 'thr': 75, 'window': '10Y', 'order': 2, 'rows': 4}
{'ticker': 'QQQ', 'mode': 'binary', 'thr': 75, 'window': '10Y', 'order': 3, 'rows': 8}
{'ticker': 'QQQ', 'mode': 'binary', 'thr': 75, 'window': '10Y', 'order': 4, 'rows': 16}
{'ticker': 'QQQ', 'mode': 'binary', 'thr': 75, 'window': '20Y', 'order': 1, 'rows': 2}
{'ticker': 'QQQ', 'mode': 'binary', 'thr': 75, 'window': '20Y', 'order': 2, 'rows': 4}
{'ticker': 'QQQ', 'mode': 'binary', 'thr': 75, 'window': '20Y', 'order': 3, 'rows': 8}
{'ticker': 'QQQ', 'mode': 'binary', 'thr': 75, 'window': '20Y', 'order': 4, 'rows': 16}
{'ticker': 'QQQ', 'mode': 'binary', 'thr': 75, 'window': 'MAX', 'order': 1, 'rows': 2}
{'ticker': 'QQQ', 'mode': 'binary', 'thr': 75, 'window': 'MAX', 'order': 2, 'rows': 4}
{'ticker': 'QQQ', 'mode': 'binary', 'thr': 75, 'window': 'MAX', 'order': 3, 'rows': 8}
{'ticker': 'QQQ', 'mode': 'binary', 'thr': 75, 'window': 'MAX', 'order': 4, 'rows': 16}
{'ticker': 'QQQ', 'mode': 'binary', 'thr': 80, 'window': '1Y', 'order': 1, 'rows': 2}
{'ticker': 'QQQ', 'mode': 'binary', 'thr': 80, 'window': '1Y', 'order': 2, 'rows': 4}
{'ticker': 'QQQ', 'mode': 'binary', 'thr': 80, 'window': '1Y', 'order': 3, 'rows': 8}
{'ticker': 'QQQ', 'mode': 'binary', 'thr': 80, 'window': '1Y', 'order': 4, 'rows': 16}
{'ticker': 'QQQ', 'mode': 'binary', 'thr': 80, 'window': '2Y', 'order': 1, 'rows': 2}
{'ticker': 'QQQ', 'mode': 'binary', 'thr': 80, 'window': '2Y', 'order': 2, 'rows': 4}
{'ticker': 'QQQ', 'mode': 'binary', 'thr': 80, 'window': '2Y', 'order': 3, 'rows': 8}
{'ticker': 'QQQ', 'mode': 'binary', 'thr': 80, 'window': '2Y', 'order': 4, 'rows': 16}
{'ticker': 'QQQ', 'mode': 'binary', 'thr': 80, 'window': '5Y', 'order': 1, 'rows': 2}
{'ticker': 'QQQ', 'mode': 'binary', 'thr': 80, 'window': '5Y', 'order': 2, 'rows': 4}
{'ticker': 'QQQ', 'mode': 'binary', 'thr': 80, 'window': '5Y', 'order': 3, 'rows': 8}
{'ticker': 'QQQ', 'mode': 'binary', 'thr': 80, 'window': '5Y', 'order': 4, 'rows': 16}
{'ticker': 'QQQ', 'mode': 'binary', 'thr': 80, 'window': '10Y', 'order': 1, 'rows': 2}
{'ticker': 'QQQ', 'mode': 'binary', 'thr': 80, 'window': '10Y', 'order': 2, 'rows': 4}
{'ticker': 'QQQ', 'mode': 'binary', 'thr': 80, 'window': '10Y', 'order': 3, 'rows': 8}
{'ticker': 'QQQ', 'mode': 'binary', 'thr': 80, 'window': '10Y', 'order': 4, 'rows': 16}
{'ticker': 'QQQ', 'mode': 'binary', 'thr': 80, 'window': '20Y', 'order': 1, 'rows': 2}
{'ticker': 'QQQ', 'mode': 'binary', 'thr': 80, 'window': '20Y', 'order': 2, 'rows': 4}
{'ticker': 'QQQ', 'mode': 'binary', 'thr': 80, 'window': '20Y', 'order': 3, 'rows': 8}
{'ticker': 'QQQ', 'mode': 'binary', 'thr': 80, 'window': '20Y', 'order': 4, 'rows': 16}
{'ticker': 'QQQ', 'mode': 'binary', 'thr': 80, 'window': 'MAX', 'order': 1, 'rows': 2}
{'ticker': 'QQQ', 'mode': 'binary', 'thr': 80, 'window': 'MAX', 'order': 2, 'rows': 4}
{'ticker': 'QQQ', 'mode': 'binary', 'thr': 80, 'window': 'MAX', 'order': 3, 'rows': 8}
{'ticker': 'QQQ', 'mode': 'binary', 'thr': 80, 'window': 'MAX', 'order': 4, 'rows': 16}
{'ticker': 'QQQ', 'mode': 'binary', 'thr': 85, 'window': '1Y', 'order': 1, 'rows': 2}
{'ticker': 'QQQ', 'mode': 'binary', 'thr': 85, 'window': '1Y', 'order': 2, 'rows': 4}
{'ticker': 'QQQ', 'mode': 'binary', 'thr': 85, 'window': '1Y', 'order': 3, 'rows': 8}
{'ticker': 'QQQ', 'mode': 'binary', 'thr': 85, 'window': '1Y', 'order': 4, 'rows': 16}
{'ticker': 'QQQ', 'mode': 'binary', 'thr': 85, 'window': '2Y', 'order': 1, 'rows': 2}
{'ticker': 'QQQ', 'mode': 'binary', 'thr': 85, 'window': '2Y', 'order': 2, 'rows': 4}
{'ticker': 'QQQ', 'mode': 'binary', 'thr': 85, 'window': '2Y', 'order': 3, 'rows': 8}
{'ticker': 'QQQ', 'mode': 'binary', 'thr': 85, 'window': '2Y', 'order': 4, 'rows': 16}
{'ticker': 'QQQ', 'mode': 'binary', 'thr': 85, 'window': '5Y', 'order': 1, 'rows': 2}
{'ticker': 'QQQ', 'mode': 'binary', 'thr': 85, 'window': '5Y', 'order': 2, 'rows': 4}
{'ticker': 'QQQ', 'mode': 'binary', 'thr': 85, 'window': '5Y', 'order': 3, 'rows': 8}
{'ticker': 'QQQ', 'mode': 'binary', 'thr': 85, 'window': '5Y', 'order': 4, 'rows': 16}
{'ticker': 'QQQ', 'mode': 'binary', 'thr': 85, 'window': '10Y', 'order': 1, 'rows': 2}
{'ticker': 'QQQ', 'mode': 'binary', 'thr': 85, 'window': '10Y', 'order': 2, 'rows': 4}2025-11-12 11:26:54,247 INFO [cli] {'ticker': 'QQQ', 'mode': 'binary', 'thr': 85, 'window': '10Y', 'order': 2, 'rows': 4}
2025-11-12 11:26:54,255 INFO [cli] {'ticker': 'QQQ', 'mode': 'binary', 'thr': 85, 'window': '10Y', 'order': 3, 'rows': 8}
2025-11-12 11:26:54,265 INFO [cli] {'ticker': 'QQQ', 'mode': 'binary', 'thr': 85, 'window': '10Y', 'order': 4, 'rows': 16}
2025-11-12 11:26:54,276 INFO [cli] {'ticker': 'QQQ', 'mode': 'binary', 'thr': 85, 'window': '20Y', 'order': 1, 'rows': 2}
2025-11-12 11:26:54,284 INFO [cli] {'ticker': 'QQQ', 'mode': 'binary', 'thr': 85, 'window': '20Y', 'order': 2, 'rows': 4}
2025-11-12 11:26:54,295 INFO [cli] {'ticker': 'QQQ', 'mode': 'binary', 'thr': 85, 'window': '20Y', 'order': 3, 'rows': 8}
2025-11-12 11:26:54,307 INFO [cli] {'ticker': 'QQQ', 'mode': 'binary', 'thr': 85, 'window': '20Y', 'order': 4, 'rows': 16}
2025-11-12 11:26:54,318 INFO [cli] {'ticker': 'QQQ', 'mode': 'binary', 'thr': 85, 'window': 'MAX', 'order': 1, 'rows': 2}
2025-11-12 11:26:54,327 INFO [cli] {'ticker': 'QQQ', 'mode': 'binary', 'thr': 85, 'window': 'MAX', 'order': 2, 'rows': 4}
2025-11-12 11:26:54,337 INFO [cli] {'ticker': 'QQQ', 'mode': 'binary', 'thr': 85, 'window': 'MAX', 'order': 3, 'rows': 8}
2025-11-12 11:26:54,348 INFO [cli] {'ticker': 'QQQ', 'mode': 'binary', 'thr': 85, 'window': 'MAX', 'order': 4, 'rows': 16}
2025-11-12 11:26:54,365 INFO [cli] {'ticker': 'QQQ', 'mode': 'binary', 'thr': 90, 'window': '1Y', 'order': 1, 'rows': 2}
2025-11-12 11:26:54,374 INFO [cli] {'ticker': 'QQQ', 'mode': 'binary', 'thr': 90, 'window': '1Y', 'order': 2, 'rows': 4}
2025-11-12 11:26:54,383 INFO [cli] {'ticker': 'QQQ', 'mode': 'binary', 'thr': 90, 'window': '1Y', 'order': 3, 'rows': 8}
2025-11-12 11:26:54,394 INFO [cli] {'ticker': 'QQQ', 'mode': 'binary', 'thr': 90, 'window': '1Y', 'order': 4, 'rows': 16}
2025-11-12 11:26:54,404 INFO [cli] {'ticker': 'QQQ', 'mode': 'binary', 'thr': 90, 'window': '2Y', 'order': 1, 'rows': 2}
2025-11-12 11:26:54,415 INFO [cli] {'ticker': 'QQQ', 'mode': 'binary', 'thr': 90, 'window': '2Y', 'order': 2, 'rows': 4}
2025-11-12 11:26:54,426 INFO [cli] {'ticker': 'QQQ', 'mode': 'binary', 'thr': 90, 'window': '2Y', 'order': 3, 'rows': 8}
2025-11-12 11:26:54,435 INFO [cli] {'ticker': 'QQQ', 'mode': 'binary', 'thr': 90, 'window': '2Y', 'order': 4, 'rows': 16}
2025-11-12 11:26:54,444 INFO [cli] {'ticker': 'QQQ', 'mode': 'binary', 'thr': 90, 'window': '5Y', 'order': 1, 'rows': 2}
2025-11-12 11:26:54,454 INFO [cli] {'ticker': 'QQQ', 'mode': 'binary', 'thr': 90, 'window': '5Y', 'order': 2, 'rows': 4}
2025-11-12 11:26:54,464 INFO [cli] {'ticker': 'QQQ', 'mode': 'binary', 'thr': 90, 'window': '5Y', 'order': 3, 'rows': 8}
2025-11-12 11:26:54,476 INFO [cli] {'ticker': 'QQQ', 'mode': 'binary', 'thr': 90, 'window': '5Y', 'order': 4, 'rows': 16}
2025-11-12 11:26:54,485 INFO [cli] {'ticker': 'QQQ', 'mode': 'binary', 'thr': 90, 'window': '10Y', 'order': 1, 'rows': 2}
2025-11-12 11:26:54,498 INFO [cli] {'ticker': 'QQQ', 'mode': 'binary', 'thr': 90, 'window': '10Y', 'order': 2, 'rows': 4}
2025-11-12 11:26:54,507 INFO [cli] {'ticker': 'QQQ', 'mode': 'binary', 'thr': 90, 'window': '10Y', 'order': 3, 'rows': 8}
2025-11-12 11:26:54,518 INFO [cli] {'ticker': 'QQQ', 'mode': 'binary', 'thr': 90, 'window': '10Y', 'order': 4, 'rows': 16}
2025-11-12 11:26:54,530 INFO [cli] {'ticker': 'QQQ', 'mode': 'binary', 'thr': 90, 'window': '20Y', 'order': 1, 'rows': 2}
2025-11-12 11:26:54,538 INFO [cli] {'ticker': 'QQQ', 'mode': 'binary', 'thr': 90, 'window': '20Y', 'order': 2, 'rows': 4}
2025-11-12 11:26:54,548 INFO [cli] {'ticker': 'QQQ', 'mode': 'binary', 'thr': 90, 'window': '20Y', 'order': 3, 'rows': 8}
2025-11-12 11:26:54,559 INFO [cli] {'ticker': 'QQQ', 'mode': 'binary', 'thr': 90, 'window': '20Y', 'order': 4, 'rows': 16}
2025-11-12 11:26:54,568 INFO [cli] {'ticker': 'QQQ', 'mode': 'binary', 'thr': 90, 'window': 'MAX', 'order': 1, 'rows': 2}
2025-11-12 11:26:54,580 INFO [cli] {'ticker': 'QQQ', 'mode': 'binary', 'thr': 90, 'window': 'MAX', 'order': 2, 'rows': 4}
2025-11-12 11:26:54,589 INFO [cli] {'ticker': 'QQQ', 'mode': 'binary', 'thr': 90, 'window': 'MAX', 'order': 3, 'rows': 8}
2025-11-12 11:26:54,598 INFO [cli] {'ticker': 'QQQ', 'mode': 'binary', 'thr': 90, 'window': 'MAX', 'order': 4, 'rows': 16}
2025-11-12 11:26:54,614 INFO [cli] {'ticker': 'QQQ', 'mode': 'binary', 'thr': 95, 'window': '1Y', 'order': 1, 'rows': 2}
2025-11-12 11:26:54,624 INFO [cli] {'ticker': 'QQQ', 'mode': 'binary', 'thr': 95, 'window': '1Y', 'order': 2, 'rows': 4}
2025-11-12 11:26:54,633 INFO [cli] {'ticker': 'QQQ', 'mode': 'binary', 'thr': 95, 'window': '1Y', 'order': 3, 'rows': 8}
2025-11-12 11:26:54,640 INFO [cli] {'ticker': 'QQQ', 'mode': 'binary', 'thr': 95, 'window': '1Y', 'order': 4, 'rows': 15}
2025-11-12 11:26:54,648 INFO [cli] {'ticker': 'QQQ', 'mode': 'binary', 'thr': 95, 'window': '2Y', 'order': 1, 'rows': 2}
2025-11-12 11:26:54,656 INFO [cli] {'ticker': 'QQQ', 'mode': 'binary', 'thr': 95, 'window': '2Y', 'order': 2, 'rows': 4}
2025-11-12 11:26:54,665 INFO [cli] {'ticker': 'QQQ', 'mode': 'binary', 'thr': 95, 'window': '2Y', 'order': 3, 'rows': 8}
2025-11-12 11:26:54,674 INFO [cli] {'ticker': 'QQQ', 'mode': 'binary', 'thr': 95, 'window': '2Y', 'order': 4, 'rows': 15}
2025-11-12 11:26:54,684 INFO [cli] {'ticker': 'QQQ', 'mode': 'binary', 'thr': 95, 'window': '5Y', 'order': 1, 'rows': 2}
2025-11-12 11:26:54,694 INFO [cli] {'ticker': 'QQQ', 'mode': 'binary', 'thr': 95, 'window': '5Y', 'order': 2, 'rows': 4}
2025-11-12 11:26:54,703 INFO [cli] {'ticker': 'QQQ', 'mode': 'binary', 'thr': 95, 'window': '5Y', 'order': 3, 'rows': 8}
2025-11-12 11:26:54,712 INFO [cli] {'ticker': 'QQQ', 'mode': 'binary', 'thr': 95, 'window': '5Y', 'order': 4, 'rows': 16}
2025-11-12 11:26:54,721 INFO [cli] {'ticker': 'QQQ', 'mode': 'binary', 'thr': 95, 'window': '10Y', 'order': 1, 'rows': 2}
2025-11-12 11:26:54,732 INFO [cli] {'ticker': 'QQQ', 'mode': 'binary', 'thr': 95, 'window': '10Y', 'order': 2, 'rows': 4}
2025-11-12 11:26:54,743 INFO [cli] {'ticker': 'QQQ', 'mode': 'binary', 'thr': 95, 'window': '10Y', 'order': 3, 'rows': 8}
2025-11-12 11:26:54,754 INFO [cli] {'ticker': 'QQQ', 'mode': 'binary', 'thr': 95, 'window': '10Y', 'order': 4, 'rows': 16}
2025-11-12 11:26:54,765 INFO [cli] {'ticker': 'QQQ', 'mode': 'binary', 'thr': 95, 'window': '20Y', 'order': 1, 'rows': 2}
2025-11-12 11:26:54,774 INFO [cli] {'ticker': 'QQQ', 'mode': 'binary', 'thr': 95, 'window': '20Y', 'order': 2, 'rows': 4}
2025-11-12 11:26:54,784 INFO [cli] {'ticker': 'QQQ', 'mode': 'binary', 'thr': 95, 'window': '20Y', 'order': 3, 'rows': 8}
2025-11-12 11:26:54,794 INFO [cli] {'ticker': 'QQQ', 'mode': 'binary', 'thr': 95, 'window': '20Y', 'order': 4, 'rows': 16}
2025-11-12 11:26:54,808 INFO [cli] {'ticker': 'QQQ', 'mode': 'binary', 'thr': 95, 'window': 'MAX', 'order': 1, 'rows': 2}
2025-11-12 11:26:54,818 INFO [cli] {'ticker': 'QQQ', 'mode': 'binary', 'thr': 95, 'window': 'MAX', 'order': 2, 'rows': 4}
2025-11-12 11:26:54,827 INFO [cli] {'ticker': 'QQQ', 'mode': 'binary', 'thr': 95, 'window': 'MAX', 'order': 3, 'rows': 8}
2025-11-12 11:26:54,836 INFO [cli] {'ticker': 'QQQ', 'mode': 'binary', 'thr': 95, 'window': 'MAX', 'order': 4, 'rows': 16}
2025-11-12 11:26:54,852 INFO [cli] {'ticker': 'QQQ', 'mode': 'binary', 'thr': 100, 'window': '1Y', 'order': 1, 'rows': 2}
2025-11-12 11:26:54,862 INFO [cli] {'ticker': 'QQQ', 'mode': 'binary', 'thr': 100, 'window': '1Y', 'order': 2, 'rows': 4}
2025-11-12 11:26:54,872 INFO [cli] {'ticker': 'QQQ', 'mode': 'binary', 'thr': 100, 'window': '1Y', 'order': 3, 'rows': 8}
2025-11-12 11:26:54,880 INFO [cli] {'ticker': 'QQQ', 'mode': 'binary', 'thr': 100, 'window': '1Y', 'order': 4, 'rows': 15}
2025-11-12 11:26:54,888 INFO [cli] {'ticker': 'QQQ', 'mode': 'binary', 'thr': 100, 'window': '2Y', 'order': 1, 'rows': 2}
2025-11-12 11:26:54,898 INFO [cli] {'ticker': 'QQQ', 'mode': 'binary', 'thr': 100, 'window': '2Y', 'order': 2, 'rows': 4}
2025-11-12 11:26:54,906 INFO [cli] {'ticker': 'QQQ', 'mode': 'binary', 'thr': 100, 'window': '2Y', 'order': 3, 'rows': 8}
2025-11-12 11:26:54,913 INFO [cli] {'ticker': 'QQQ', 'mode': 'binary', 'thr': 100, 'window': '2Y', 'order': 4, 'rows': 15}
2025-11-12 11:26:54,925 INFO [cli] {'ticker': 'QQQ', 'mode': 'binary', 'thr': 100, 'window': '5Y', 'order': 1, 'rows': 2}
2025-11-12 11:26:54,933 INFO [cli] {'ticker': 'QQQ', 'mode': 'binary', 'thr': 100, 'window': '5Y', 'order': 2, 'rows': 4}
2025-11-12 11:26:54,943 INFO [cli] {'ticker': 'QQQ', 'mode': 'binary', 'thr': 100, 'window': '5Y', 'order': 3, 'rows': 8}
2025-11-12 11:26:54,952 INFO [cli] {'ticker': 'QQQ', 'mode': 'binary', 'thr': 100, 'window': '5Y', 'order': 4, 'rows': 16}
2025-11-12 11:26:54,962 INFO [cli] {'ticker': 'QQQ', 'mode': 'binary', 'thr': 100, 'window': '10Y', 'order': 1, 'rows': 2}
2025-11-12 11:26:54,971 INFO [cli] {'ticker': 'QQQ', 'mode': 'binary', 'thr': 100, 'window': '10Y', 'order': 2, 'rows': 4}
2025-11-12 11:26:54,982 INFO [cli] {'ticker': 'QQQ', 'mode': 'binary', 'thr': 100, 'window': '10Y', 'order': 3, 'rows': 8}
2025-11-12 11:26:54,992 INFO [cli] {'ticker': 'QQQ', 'mode': 'binary', 'thr': 100, 'window': '10Y', 'order': 4, 'rows': 16}
2025-11-12 11:26:55,003 INFO [cli] {'ticker': 'QQQ', 'mode': 'binary', 'thr': 100, 'window': '20Y', 'order': 1, 'rows': 2}
2025-11-12 11:26:55,015 INFO [cli] {'ticker': 'QQQ', 'mode': 'binary', 'thr': 100, 'window': '20Y', 'order': 2, 'rows': 4}
2025-11-12 11:26:55,026 INFO [cli] {'ticker': 'QQQ', 'mode': 'binary', 'thr': 100, 'window': '20Y', 'order': 3, 'rows': 8}
2025-11-12 11:26:55,033 INFO [cli] {'ticker': 'QQQ', 'mode': 'binary', 'thr': 100, 'window': '20Y', 'order': 4, 'rows': 16}
2025-11-12 11:26:55,044 INFO [cli] {'ticker': 'QQQ', 'mode': 'binary', 'thr': 100, 'window': 'MAX', 'order': 1, 'rows': 2}
2025-11-12 11:26:55,053 INFO [cli] {'ticker': 'QQQ', 'mode': 'binary', 'thr': 100, 'window': 'MAX', 'order': 2, 'rows': 4}
2025-11-12 11:26:55,065 INFO [cli] {'ticker': 'QQQ', 'mode': 'binary', 'thr': 100, 'window': 'MAX', 'order': 3, 'rows': 8}
2025-11-12 11:26:55,074 INFO [cli] {'ticker': 'QQQ', 'mode': 'binary', 'thr': 100, 'window': 'MAX', 'order': 4, 'rows': 16}
2025-11-12 11:26:55,092 INFO [cli] {'ticker': 'QQQ', 'mode': 'binary', 'thr': 105, 'window': '1Y', 'order': 1, 'rows': 2}
2025-11-12 11:26:55,111 INFO [cli] {'ticker': 'QQQ', 'mode': 'binary', 'thr': 105, 'window': '1Y', 'order': 2, 'rows': 4}
2025-11-12 11:26:55,121 INFO [cli] {'ticker': 'QQQ', 'mode': 'binary', 'thr': 105, 'window': '1Y', 'order': 3, 'rows': 8}
2025-11-12 11:26:55,132 INFO [cli] {'ticker': 'QQQ', 'mode': 'binary', 'thr': 105, 'window': '1Y', 'order': 4, 'rows': 14}
2025-11-12 11:26:55,139 INFO [cli] {'ticker': 'QQQ', 'mode': 'binary', 'thr': 105, 'window': '2Y', 'order': 1, 'rows': 2}
2025-11-12 11:26:55,149 INFO [cli] {'ticker': 'QQQ', 'mode': 'binary', 'thr': 105, 'window': '2Y', 'order': 2, 'rows': 4}
2025-11-12 11:26:55,160 INFO [cli] {'ticker': 'QQQ', 'mode': 'binary', 'thr': 105, 'window': '2Y', 'order': 3, 'rows': 8}
2025-11-12 11:26:55,169 INFO [cli] {'ticker': 'QQQ', 'mode': 'binary', 'thr': 105, 'window': '2Y', 'order': 4, 'rows': 14}
2025-11-12 11:26:55,182 INFO [cli] {'ticker': 'QQQ', 'mode': 'binary', 'thr': 105, 'window': '5Y', 'order': 1, 'rows': 2}
2025-11-12 11:26:55,192 INFO [cli] {'ticker': 'QQQ', 'mode': 'binary', 'thr': 105, 'window': '5Y', 'order': 2, 'rows': 4}
2025-11-12 11:26:55,201 INFO [cli] {'ticker': 'QQQ', 'mode': 'binary', 'thr': 105, 'window': '5Y', 'order': 3, 'rows': 8}
2025-11-12 11:26:55,210 INFO [cli] {'ticker': 'QQQ', 'mode': 'binary', 'thr': 105, 'window': '5Y', 'order': 4, 'rows': 16}

{'ticker': 'QQQ', 'mode': 'binary', 'thr': 85, 'window': '10Y', 'order': 3, 'rows': 8}
{'ticker': 'QQQ', 'mode': 'binary', 'thr': 85, 'window': '10Y', 'order': 4, 'rows': 16}
{'ticker': 'QQQ', 'mode': 'binary', 'thr': 85, 'window': '20Y', 'order': 1, 'rows': 2}
{'ticker': 'QQQ', 'mode': 'binary', 'thr': 85, 'window': '20Y', 'order': 2, 'rows': 4}
{'ticker': 'QQQ', 'mode': 'binary', 'thr': 85, 'window': '20Y', 'order': 3, 'rows': 8}
{'ticker': 'QQQ', 'mode': 'binary', 'thr': 85, 'window': '20Y', 'order': 4, 'rows': 16}
{'ticker': 'QQQ', 'mode': 'binary', 'thr': 85, 'window': 'MAX', 'order': 1, 'rows': 2}
{'ticker': 'QQQ', 'mode': 'binary', 'thr': 85, 'window': 'MAX', 'order': 2, 'rows': 4}
{'ticker': 'QQQ', 'mode': 'binary', 'thr': 85, 'window': 'MAX', 'order': 3, 'rows': 8}
{'ticker': 'QQQ', 'mode': 'binary', 'thr': 85, 'window': 'MAX', 'order': 4, 'rows': 16}
{'ticker': 'QQQ', 'mode': 'binary', 'thr': 90, 'window': '1Y', 'order': 1, 'rows': 2}
{'ticker': 'QQQ', 'mode': 'binary', 'thr': 90, 'window': '1Y', 'order': 2, 'rows': 4}
{'ticker': 'QQQ', 'mode': 'binary', 'thr': 90, 'window': '1Y', 'order': 3, 'rows': 8}
{'ticker': 'QQQ', 'mode': 'binary', 'thr': 90, 'window': '1Y', 'order': 4, 'rows': 16}
{'ticker': 'QQQ', 'mode': 'binary', 'thr': 90, 'window': '2Y', 'order': 1, 'rows': 2}
{'ticker': 'QQQ', 'mode': 'binary', 'thr': 90, 'window': '2Y', 'order': 2, 'rows': 4}
{'ticker': 'QQQ', 'mode': 'binary', 'thr': 90, 'window': '2Y', 'order': 3, 'rows': 8}
{'ticker': 'QQQ', 'mode': 'binary', 'thr': 90, 'window': '2Y', 'order': 4, 'rows': 16}
{'ticker': 'QQQ', 'mode': 'binary', 'thr': 90, 'window': '5Y', 'order': 1, 'rows': 2}
{'ticker': 'QQQ', 'mode': 'binary', 'thr': 90, 'window': '5Y', 'order': 2, 'rows': 4}
{'ticker': 'QQQ', 'mode': 'binary', 'thr': 90, 'window': '5Y', 'order': 3, 'rows': 8}
{'ticker': 'QQQ', 'mode': 'binary', 'thr': 90, 'window': '5Y', 'order': 4, 'rows': 16}
{'ticker': 'QQQ', 'mode': 'binary', 'thr': 90, 'window': '10Y', 'order': 1, 'rows': 2}
{'ticker': 'QQQ', 'mode': 'binary', 'thr': 90, 'window': '10Y', 'order': 2, 'rows': 4}
{'ticker': 'QQQ', 'mode': 'binary', 'thr': 90, 'window': '10Y', 'order': 3, 'rows': 8}
{'ticker': 'QQQ', 'mode': 'binary', 'thr': 90, 'window': '10Y', 'order': 4, 'rows': 16}
{'ticker': 'QQQ', 'mode': 'binary', 'thr': 90, 'window': '20Y', 'order': 1, 'rows': 2}
{'ticker': 'QQQ', 'mode': 'binary', 'thr': 90, 'window': '20Y', 'order': 2, 'rows': 4}
{'ticker': 'QQQ', 'mode': 'binary', 'thr': 90, 'window': '20Y', 'order': 3, 'rows': 8}
{'ticker': 'QQQ', 'mode': 'binary', 'thr': 90, 'window': '20Y', 'order': 4, 'rows': 16}
{'ticker': 'QQQ', 'mode': 'binary', 'thr': 90, 'window': 'MAX', 'order': 1, 'rows': 2}
{'ticker': 'QQQ', 'mode': 'binary', 'thr': 90, 'window': 'MAX', 'order': 2, 'rows': 4}
{'ticker': 'QQQ', 'mode': 'binary', 'thr': 90, 'window': 'MAX', 'order': 3, 'rows': 8}
{'ticker': 'QQQ', 'mode': 'binary', 'thr': 90, 'window': 'MAX', 'order': 4, 'rows': 16}
{'ticker': 'QQQ', 'mode': 'binary', 'thr': 95, 'window': '1Y', 'order': 1, 'rows': 2}
{'ticker': 'QQQ', 'mode': 'binary', 'thr': 95, 'window': '1Y', 'order': 2, 'rows': 4}
{'ticker': 'QQQ', 'mode': 'binary', 'thr': 95, 'window': '1Y', 'order': 3, 'rows': 8}
{'ticker': 'QQQ', 'mode': 'binary', 'thr': 95, 'window': '1Y', 'order': 4, 'rows': 15}
{'ticker': 'QQQ', 'mode': 'binary', 'thr': 95, 'window': '2Y', 'order': 1, 'rows': 2}
{'ticker': 'QQQ', 'mode': 'binary', 'thr': 95, 'window': '2Y', 'order': 2, 'rows': 4}
{'ticker': 'QQQ', 'mode': 'binary', 'thr': 95, 'window': '2Y', 'order': 3, 'rows': 8}
{'ticker': 'QQQ', 'mode': 'binary', 'thr': 95, 'window': '2Y', 'order': 4, 'rows': 15}
{'ticker': 'QQQ', 'mode': 'binary', 'thr': 95, 'window': '5Y', 'order': 1, 'rows': 2}
{'ticker': 'QQQ', 'mode': 'binary', 'thr': 95, 'window': '5Y', 'order': 2, 'rows': 4}
{'ticker': 'QQQ', 'mode': 'binary', 'thr': 95, 'window': '5Y', 'order': 3, 'rows': 8}
{'ticker': 'QQQ', 'mode': 'binary', 'thr': 95, 'window': '5Y', 'order': 4, 'rows': 16}
{'ticker': 'QQQ', 'mode': 'binary', 'thr': 95, 'window': '10Y', 'order': 1, 'rows': 2}
{'ticker': 'QQQ', 'mode': 'binary', 'thr': 95, 'window': '10Y', 'order': 2, 'rows': 4}
{'ticker': 'QQQ', 'mode': 'binary', 'thr': 95, 'window': '10Y', 'order': 3, 'rows': 8}
{'ticker': 'QQQ', 'mode': 'binary', 'thr': 95, 'window': '10Y', 'order': 4, 'rows': 16}
{'ticker': 'QQQ', 'mode': 'binary', 'thr': 95, 'window': '20Y', 'order': 1, 'rows': 2}
{'ticker': 'QQQ', 'mode': 'binary', 'thr': 95, 'window': '20Y', 'order': 2, 'rows': 4}
{'ticker': 'QQQ', 'mode': 'binary', 'thr': 95, 'window': '20Y', 'order': 3, 'rows': 8}
{'ticker': 'QQQ', 'mode': 'binary', 'thr': 95, 'window': '20Y', 'order': 4, 'rows': 16}
{'ticker': 'QQQ', 'mode': 'binary', 'thr': 95, 'window': 'MAX', 'order': 1, 'rows': 2}
{'ticker': 'QQQ', 'mode': 'binary', 'thr': 95, 'window': 'MAX', 'order': 2, 'rows': 4}
{'ticker': 'QQQ', 'mode': 'binary', 'thr': 95, 'window': 'MAX', 'order': 3, 'rows': 8}
{'ticker': 'QQQ', 'mode': 'binary', 'thr': 95, 'window': 'MAX', 'order': 4, 'rows': 16}
{'ticker': 'QQQ', 'mode': 'binary', 'thr': 100, 'window': '1Y', 'order': 1, 'rows': 2}
{'ticker': 'QQQ', 'mode': 'binary', 'thr': 100, 'window': '1Y', 'order': 2, 'rows': 4}
{'ticker': 'QQQ', 'mode': 'binary', 'thr': 100, 'window': '1Y', 'order': 3, 'rows': 8}
{'ticker': 'QQQ', 'mode': 'binary', 'thr': 100, 'window': '1Y', 'order': 4, 'rows': 15}
{'ticker': 'QQQ', 'mode': 'binary', 'thr': 100, 'window': '2Y', 'order': 1, 'rows': 2}
{'ticker': 'QQQ', 'mode': 'binary', 'thr': 100, 'window': '2Y', 'order': 2, 'rows': 4}
{'ticker': 'QQQ', 'mode': 'binary', 'thr': 100, 'window': '2Y', 'order': 3, 'rows': 8}
{'ticker': 'QQQ', 'mode': 'binary', 'thr': 100, 'window': '2Y', 'order': 4, 'rows': 15}
{'ticker': 'QQQ', 'mode': 'binary', 'thr': 100, 'window': '5Y', 'order': 1, 'rows': 2}
{'ticker': 'QQQ', 'mode': 'binary', 'thr': 100, 'window': '5Y', 'order': 2, 'rows': 4}
{'ticker': 'QQQ', 'mode': 'binary', 'thr': 100, 'window': '5Y', 'order': 3, 'rows': 8}
{'ticker': 'QQQ', 'mode': 'binary', 'thr': 100, 'window': '5Y', 'order': 4, 'rows': 16}
{'ticker': 'QQQ', 'mode': 'binary', 'thr': 100, 'window': '10Y', 'order': 1, 'rows': 2}
{'ticker': 'QQQ', 'mode': 'binary', 'thr': 100, 'window': '10Y', 'order': 2, 'rows': 4}
{'ticker': 'QQQ', 'mode': 'binary', 'thr': 100, 'window': '10Y', 'order': 3, 'rows': 8}
{'ticker': 'QQQ', 'mode': 'binary', 'thr': 100, 'window': '10Y', 'order': 4, 'rows': 16}
{'ticker': 'QQQ', 'mode': 'binary', 'thr': 100, 'window': '20Y', 'order': 1, 'rows': 2}
{'ticker': 'QQQ', 'mode': 'binary', 'thr': 100, 'window': '20Y', 'order': 2, 'rows': 4}
{'ticker': 'QQQ', 'mode': 'binary', 'thr': 100, 'window': '20Y', 'order': 3, 'rows': 8}
{'ticker': 'QQQ', 'mode': 'binary', 'thr': 100, 'window': '20Y', 'order': 4, 'rows': 16}
{'ticker': 'QQQ', 'mode': 'binary', 'thr': 100, 'window': 'MAX', 'order': 1, 'rows': 2}
{'ticker': 'QQQ', 'mode': 'binary', 'thr': 100, 'window': 'MAX', 'order': 2, 'rows': 4}
{'ticker': 'QQQ', 'mode': 'binary', 'thr': 100, 'window': 'MAX', 'order': 3, 'rows': 8}
{'ticker': 'QQQ', 'mode': 'binary', 'thr': 100, 'window': 'MAX', 'order': 4, 'rows': 16}
{'ticker': 'QQQ', 'mode': 'binary', 'thr': 105, 'window': '1Y', 'order': 1, 'rows': 2}
{'ticker': 'QQQ', 'mode': 'binary', 'thr': 105, 'window': '1Y', 'order': 2, 'rows': 4}
{'ticker': 'QQQ', 'mode': 'binary', 'thr': 105, 'window': '1Y', 'order': 3, 'rows': 8}
{'ticker': 'QQQ', 'mode': 'binary', 'thr': 105, 'window': '1Y', 'order': 4, 'rows': 14}
{'ticker': 'QQQ', 'mode': 'binary', 'thr': 105, 'window': '2Y', 'order': 1, 'rows': 2}
{'ticker': 'QQQ', 'mode': 'binary', 'thr': 105, 'window': '2Y', 'order': 2, 'rows': 4}
{'ticker': 'QQQ', 'mode': 'binary', 'thr': 105, 'window': '2Y', 'order': 3, 'rows': 8}
{'ticker': 'QQQ', 'mode': 'binary', 'thr': 105, 'window': '2Y', 'order': 4, 'rows': 14}
{'ticker': 'QQQ', 'mode': 'binary', 'thr': 105, 'window': '5Y', 'order': 1, 'rows': 2}
{'ticker': 'QQQ', 'mode': 'binary', 'thr': 105, 'window': '5Y', 'order': 2, 'rows': 4}
{'ticker': 'QQQ', 'mode': 'binary', 'thr': 105, 'window': '5Y', 'order': 3, 'rows': 8}
{'ticker': 'QQQ', 'mode': 'binary', 'thr': 105, 'window': '5Y', 'order': 4, 'rows': 16}
{'ticker': 'QQQ', 'mode': 'binary', 'thr': 105, 'window': '10Y', 'order': 1, 'rows': 2}2025-11-12 11:26:55,219 INFO [cli] {'ticker': 'QQQ', 'mode': 'binary', 'thr': 105, 'window': '10Y', 'order': 1, 'rows': 2}
2025-11-12 11:26:55,228 INFO [cli] {'ticker': 'QQQ', 'mode': 'binary', 'thr': 105, 'window': '10Y', 'order': 2, 'rows': 4}
2025-11-12 11:26:55,239 INFO [cli] {'ticker': 'QQQ', 'mode': 'binary', 'thr': 105, 'window': '10Y', 'order': 3, 'rows': 8}
2025-11-12 11:26:55,250 INFO [cli] {'ticker': 'QQQ', 'mode': 'binary', 'thr': 105, 'window': '10Y', 'order': 4, 'rows': 16}
2025-11-12 11:26:55,259 INFO [cli] {'ticker': 'QQQ', 'mode': 'binary', 'thr': 105, 'window': '20Y', 'order': 1, 'rows': 2}
2025-11-12 11:26:55,268 INFO [cli] {'ticker': 'QQQ', 'mode': 'binary', 'thr': 105, 'window': '20Y', 'order': 2, 'rows': 4}
2025-11-12 11:26:55,279 INFO [cli] {'ticker': 'QQQ', 'mode': 'binary', 'thr': 105, 'window': '20Y', 'order': 3, 'rows': 8}
2025-11-12 11:26:55,288 INFO [cli] {'ticker': 'QQQ', 'mode': 'binary', 'thr': 105, 'window': '20Y', 'order': 4, 'rows': 16}
2025-11-12 11:26:55,297 INFO [cli] {'ticker': 'QQQ', 'mode': 'binary', 'thr': 105, 'window': 'MAX', 'order': 1, 'rows': 2}
2025-11-12 11:26:55,305 INFO [cli] {'ticker': 'QQQ', 'mode': 'binary', 'thr': 105, 'window': 'MAX', 'order': 2, 'rows': 4}
2025-11-12 11:26:55,314 INFO [cli] {'ticker': 'QQQ', 'mode': 'binary', 'thr': 105, 'window': 'MAX', 'order': 3, 'rows': 8}
2025-11-12 11:26:55,323 INFO [cli] {'ticker': 'QQQ', 'mode': 'binary', 'thr': 105, 'window': 'MAX', 'order': 4, 'rows': 16}
2025-11-12 11:26:55,339 INFO [cli] {'ticker': 'QQQ', 'mode': 'binary', 'thr': 110, 'window': '1Y', 'order': 1, 'rows': 2}
2025-11-12 11:26:55,348 INFO [cli] {'ticker': 'QQQ', 'mode': 'binary', 'thr': 110, 'window': '1Y', 'order': 2, 'rows': 4}
2025-11-12 11:26:55,357 INFO [cli] {'ticker': 'QQQ', 'mode': 'binary', 'thr': 110, 'window': '1Y', 'order': 3, 'rows': 8}
2025-11-12 11:26:55,364 INFO [cli] {'ticker': 'QQQ', 'mode': 'binary', 'thr': 110, 'window': '1Y', 'order': 4, 'rows': 14}
2025-11-12 11:26:55,372 INFO [cli] {'ticker': 'QQQ', 'mode': 'binary', 'thr': 110, 'window': '2Y', 'order': 1, 'rows': 2}
2025-11-12 11:26:55,382 INFO [cli] {'ticker': 'QQQ', 'mode': 'binary', 'thr': 110, 'window': '2Y', 'order': 2, 'rows': 4}
2025-11-12 11:26:55,393 INFO [cli] {'ticker': 'QQQ', 'mode': 'binary', 'thr': 110, 'window': '2Y', 'order': 3, 'rows': 8}
2025-11-12 11:26:55,402 INFO [cli] {'ticker': 'QQQ', 'mode': 'binary', 'thr': 110, 'window': '2Y', 'order': 4, 'rows': 14}
2025-11-12 11:26:55,410 INFO [cli] {'ticker': 'QQQ', 'mode': 'binary', 'thr': 110, 'window': '5Y', 'order': 1, 'rows': 2}
2025-11-12 11:26:55,419 INFO [cli] {'ticker': 'QQQ', 'mode': 'binary', 'thr': 110, 'window': '5Y', 'order': 2, 'rows': 4}
2025-11-12 11:26:55,432 INFO [cli] {'ticker': 'QQQ', 'mode': 'binary', 'thr': 110, 'window': '5Y', 'order': 3, 'rows': 8}
2025-11-12 11:26:55,442 INFO [cli] {'ticker': 'QQQ', 'mode': 'binary', 'thr': 110, 'window': '5Y', 'order': 4, 'rows': 16}
2025-11-12 11:26:55,450 INFO [cli] {'ticker': 'QQQ', 'mode': 'binary', 'thr': 110, 'window': '10Y', 'order': 1, 'rows': 2}
2025-11-12 11:26:55,459 INFO [cli] {'ticker': 'QQQ', 'mode': 'binary', 'thr': 110, 'window': '10Y', 'order': 2, 'rows': 4}
2025-11-12 11:26:55,469 INFO [cli] {'ticker': 'QQQ', 'mode': 'binary', 'thr': 110, 'window': '10Y', 'order': 3, 'rows': 8}
2025-11-12 11:26:55,480 INFO [cli] {'ticker': 'QQQ', 'mode': 'binary', 'thr': 110, 'window': '10Y', 'order': 4, 'rows': 16}
2025-11-12 11:26:55,489 INFO [cli] {'ticker': 'QQQ', 'mode': 'binary', 'thr': 110, 'window': '20Y', 'order': 1, 'rows': 2}
2025-11-12 11:26:55,502 INFO [cli] {'ticker': 'QQQ', 'mode': 'binary', 'thr': 110, 'window': '20Y', 'order': 2, 'rows': 4}
2025-11-12 11:26:55,511 INFO [cli] {'ticker': 'QQQ', 'mode': 'binary', 'thr': 110, 'window': '20Y', 'order': 3, 'rows': 8}
2025-11-12 11:26:55,521 INFO [cli] {'ticker': 'QQQ', 'mode': 'binary', 'thr': 110, 'window': '20Y', 'order': 4, 'rows': 16}
2025-11-12 11:26:55,531 INFO [cli] {'ticker': 'QQQ', 'mode': 'binary', 'thr': 110, 'window': 'MAX', 'order': 1, 'rows': 2}
2025-11-12 11:26:55,542 INFO [cli] {'ticker': 'QQQ', 'mode': 'binary', 'thr': 110, 'window': 'MAX', 'order': 2, 'rows': 4}
2025-11-12 11:26:55,552 INFO [cli] {'ticker': 'QQQ', 'mode': 'binary', 'thr': 110, 'window': 'MAX', 'order': 3, 'rows': 8}
2025-11-12 11:26:55,560 INFO [cli] {'ticker': 'QQQ', 'mode': 'binary', 'thr': 110, 'window': 'MAX', 'order': 4, 'rows': 16}
2025-11-12 11:26:55,578 INFO [cli] {'ticker': 'QQQ', 'mode': 'binary', 'thr': 115, 'window': '1Y', 'order': 1, 'rows': 2}
2025-11-12 11:26:55,589 INFO [cli] {'ticker': 'QQQ', 'mode': 'binary', 'thr': 115, 'window': '1Y', 'order': 2, 'rows': 4}
2025-11-12 11:26:55,598 INFO [cli] {'ticker': 'QQQ', 'mode': 'binary', 'thr': 115, 'window': '1Y', 'order': 3, 'rows': 8}
2025-11-12 11:26:55,608 INFO [cli] {'ticker': 'QQQ', 'mode': 'binary', 'thr': 115, 'window': '1Y', 'order': 4, 'rows': 13}
2025-11-12 11:26:55,618 INFO [cli] {'ticker': 'QQQ', 'mode': 'binary', 'thr': 115, 'window': '2Y', 'order': 1, 'rows': 2}
2025-11-12 11:26:55,628 INFO [cli] {'ticker': 'QQQ', 'mode': 'binary', 'thr': 115, 'window': '2Y', 'order': 2, 'rows': 4}
2025-11-12 11:26:55,638 INFO [cli] {'ticker': 'QQQ', 'mode': 'binary', 'thr': 115, 'window': '2Y', 'order': 3, 'rows': 8}
2025-11-12 11:26:55,648 INFO [cli] {'ticker': 'QQQ', 'mode': 'binary', 'thr': 115, 'window': '2Y', 'order': 4, 'rows': 13}
2025-11-12 11:26:55,660 INFO [cli] {'ticker': 'QQQ', 'mode': 'binary', 'thr': 115, 'window': '5Y', 'order': 1, 'rows': 2}
2025-11-12 11:26:55,669 INFO [cli] {'ticker': 'QQQ', 'mode': 'binary', 'thr': 115, 'window': '5Y', 'order': 2, 'rows': 4}
2025-11-12 11:26:55,679 INFO [cli] {'ticker': 'QQQ', 'mode': 'binary', 'thr': 115, 'window': '5Y', 'order': 3, 'rows': 8}
2025-11-12 11:26:55,689 INFO [cli] {'ticker': 'QQQ', 'mode': 'binary', 'thr': 115, 'window': '5Y', 'order': 4, 'rows': 16}
2025-11-12 11:26:55,699 INFO [cli] {'ticker': 'QQQ', 'mode': 'binary', 'thr': 115, 'window': '10Y', 'order': 1, 'rows': 2}
2025-11-12 11:26:55,712 INFO [cli] {'ticker': 'QQQ', 'mode': 'binary', 'thr': 115, 'window': '10Y', 'order': 2, 'rows': 4}
2025-11-12 11:26:55,721 INFO [cli] {'ticker': 'QQQ', 'mode': 'binary', 'thr': 115, 'window': '10Y', 'order': 3, 'rows': 8}
2025-11-12 11:26:55,732 INFO [cli] {'ticker': 'QQQ', 'mode': 'binary', 'thr': 115, 'window': '10Y', 'order': 4, 'rows': 16}
2025-11-12 11:26:55,741 INFO [cli] {'ticker': 'QQQ', 'mode': 'binary', 'thr': 115, 'window': '20Y', 'order': 1, 'rows': 2}
2025-11-12 11:26:55,752 INFO [cli] {'ticker': 'QQQ', 'mode': 'binary', 'thr': 115, 'window': '20Y', 'order': 2, 'rows': 4}
2025-11-12 11:26:55,760 INFO [cli] {'ticker': 'QQQ', 'mode': 'binary', 'thr': 115, 'window': '20Y', 'order': 3, 'rows': 8}
2025-11-12 11:26:55,771 INFO [cli] {'ticker': 'QQQ', 'mode': 'binary', 'thr': 115, 'window': '20Y', 'order': 4, 'rows': 16}
2025-11-12 11:26:55,780 INFO [cli] {'ticker': 'QQQ', 'mode': 'binary', 'thr': 115, 'window': 'MAX', 'order': 1, 'rows': 2}
2025-11-12 11:26:55,790 INFO [cli] {'ticker': 'QQQ', 'mode': 'binary', 'thr': 115, 'window': 'MAX', 'order': 2, 'rows': 4}
2025-11-12 11:26:55,798 INFO [cli] {'ticker': 'QQQ', 'mode': 'binary', 'thr': 115, 'window': 'MAX', 'order': 3, 'rows': 8}
2025-11-12 11:26:55,806 INFO [cli] {'ticker': 'QQQ', 'mode': 'binary', 'thr': 115, 'window': 'MAX', 'order': 4, 'rows': 16}
2025-11-12 11:26:55,821 INFO [cli] {'ticker': 'QQQ', 'mode': 'binary', 'thr': 120, 'window': '1Y', 'order': 1, 'rows': 2}
2025-11-12 11:26:55,830 INFO [cli] {'ticker': 'QQQ', 'mode': 'binary', 'thr': 120, 'window': '1Y', 'order': 2, 'rows': 4}
2025-11-12 11:26:55,839 INFO [cli] {'ticker': 'QQQ', 'mode': 'binary', 'thr': 120, 'window': '1Y', 'order': 3, 'rows': 8}
2025-11-12 11:26:55,848 INFO [cli] {'ticker': 'QQQ', 'mode': 'binary', 'thr': 120, 'window': '1Y', 'order': 4, 'rows': 13}
2025-11-12 11:26:55,857 INFO [cli] {'ticker': 'QQQ', 'mode': 'binary', 'thr': 120, 'window': '2Y', 'order': 1, 'rows': 2}
2025-11-12 11:26:55,866 INFO [cli] {'ticker': 'QQQ', 'mode': 'binary', 'thr': 120, 'window': '2Y', 'order': 2, 'rows': 4}
2025-11-12 11:26:55,874 INFO [cli] {'ticker': 'QQQ', 'mode': 'binary', 'thr': 120, 'window': '2Y', 'order': 3, 'rows': 8}
2025-11-12 11:26:55,886 INFO [cli] {'ticker': 'QQQ', 'mode': 'binary', 'thr': 120, 'window': '2Y', 'order': 4, 'rows': 13}
2025-11-12 11:26:55,895 INFO [cli] {'ticker': 'QQQ', 'mode': 'binary', 'thr': 120, 'window': '5Y', 'order': 1, 'rows': 2}
2025-11-12 11:26:55,904 INFO [cli] {'ticker': 'QQQ', 'mode': 'binary', 'thr': 120, 'window': '5Y', 'order': 2, 'rows': 4}
2025-11-12 11:26:55,912 INFO [cli] {'ticker': 'QQQ', 'mode': 'binary', 'thr': 120, 'window': '5Y', 'order': 3, 'rows': 8}
2025-11-12 11:26:55,921 INFO [cli] {'ticker': 'QQQ', 'mode': 'binary', 'thr': 120, 'window': '5Y', 'order': 4, 'rows': 16}
2025-11-12 11:26:55,930 INFO [cli] {'ticker': 'QQQ', 'mode': 'binary', 'thr': 120, 'window': '10Y', 'order': 1, 'rows': 2}
2025-11-12 11:26:55,939 INFO [cli] {'ticker': 'QQQ', 'mode': 'binary', 'thr': 120, 'window': '10Y', 'order': 2, 'rows': 4}
2025-11-12 11:26:55,949 INFO [cli] {'ticker': 'QQQ', 'mode': 'binary', 'thr': 120, 'window': '10Y', 'order': 3, 'rows': 8}
2025-11-12 11:26:55,957 INFO [cli] {'ticker': 'QQQ', 'mode': 'binary', 'thr': 120, 'window': '10Y', 'order': 4, 'rows': 16}
2025-11-12 11:26:55,966 INFO [cli] {'ticker': 'QQQ', 'mode': 'binary', 'thr': 120, 'window': '20Y', 'order': 1, 'rows': 2}
2025-11-12 11:26:55,976 INFO [cli] {'ticker': 'QQQ', 'mode': 'binary', 'thr': 120, 'window': '20Y', 'order': 2, 'rows': 4}
2025-11-12 11:26:55,985 INFO [cli] {'ticker': 'QQQ', 'mode': 'binary', 'thr': 120, 'window': '20Y', 'order': 3, 'rows': 8}
2025-11-12 11:26:55,992 INFO [cli] {'ticker': 'QQQ', 'mode': 'binary', 'thr': 120, 'window': '20Y', 'order': 4, 'rows': 16}
2025-11-12 11:26:56,002 INFO [cli] {'ticker': 'QQQ', 'mode': 'binary', 'thr': 120, 'window': 'MAX', 'order': 1, 'rows': 2}
2025-11-12 11:26:56,011 INFO [cli] {'ticker': 'QQQ', 'mode': 'binary', 'thr': 120, 'window': 'MAX', 'order': 2, 'rows': 4}
2025-11-12 11:26:56,021 INFO [cli] {'ticker': 'QQQ', 'mode': 'binary', 'thr': 120, 'window': 'MAX', 'order': 3, 'rows': 8}
2025-11-12 11:26:56,042 INFO [cli] {'ticker': 'QQQ', 'mode': 'binary', 'thr': 120, 'window': 'MAX', 'order': 4, 'rows': 16}
2025-11-12 11:26:56,060 INFO [cli] {'ticker': 'QQQ', 'mode': 'binary', 'thr': 125, 'window': '1Y', 'order': 1, 'rows': 2}
2025-11-12 11:26:56,070 INFO [cli] {'ticker': 'QQQ', 'mode': 'binary', 'thr': 125, 'window': '1Y', 'order': 2, 'rows': 4}
2025-11-12 11:26:56,078 INFO [cli] {'ticker': 'QQQ', 'mode': 'binary', 'thr': 125, 'window': '1Y', 'order': 3, 'rows': 8}
2025-11-12 11:26:56,086 INFO [cli] {'ticker': 'QQQ', 'mode': 'binary', 'thr': 125, 'window': '1Y', 'order': 4, 'rows': 13}
2025-11-12 11:26:56,096 INFO [cli] {'ticker': 'QQQ', 'mode': 'binary', 'thr': 125, 'window': '2Y', 'order': 1, 'rows': 2}
2025-11-12 11:26:56,105 INFO [cli] {'ticker': 'QQQ', 'mode': 'binary', 'thr': 125, 'window': '2Y', 'order': 2, 'rows': 4}
2025-11-12 11:26:56,113 INFO [cli] {'ticker': 'QQQ', 'mode': 'binary', 'thr': 125, 'window': '2Y', 'order': 3, 'rows': 8}
2025-11-12 11:26:56,123 INFO [cli] {'ticker': 'QQQ', 'mode': 'binary', 'thr': 125, 'window': '2Y', 'order': 4, 'rows': 13}
2025-11-12 11:26:56,133 INFO [cli] {'ticker': 'QQQ', 'mode': 'binary', 'thr': 125, 'window': '5Y', 'order': 1, 'rows': 2}
2025-11-12 11:26:56,141 INFO [cli] {'ticker': 'QQQ', 'mode': 'binary', 'thr': 125, 'window': '5Y', 'order': 2, 'rows': 4}

{'ticker': 'QQQ', 'mode': 'binary', 'thr': 105, 'window': '10Y', 'order': 2, 'rows': 4}
{'ticker': 'QQQ', 'mode': 'binary', 'thr': 105, 'window': '10Y', 'order': 3, 'rows': 8}
{'ticker': 'QQQ', 'mode': 'binary', 'thr': 105, 'window': '10Y', 'order': 4, 'rows': 16}
{'ticker': 'QQQ', 'mode': 'binary', 'thr': 105, 'window': '20Y', 'order': 1, 'rows': 2}
{'ticker': 'QQQ', 'mode': 'binary', 'thr': 105, 'window': '20Y', 'order': 2, 'rows': 4}
{'ticker': 'QQQ', 'mode': 'binary', 'thr': 105, 'window': '20Y', 'order': 3, 'rows': 8}
{'ticker': 'QQQ', 'mode': 'binary', 'thr': 105, 'window': '20Y', 'order': 4, 'rows': 16}
{'ticker': 'QQQ', 'mode': 'binary', 'thr': 105, 'window': 'MAX', 'order': 1, 'rows': 2}
{'ticker': 'QQQ', 'mode': 'binary', 'thr': 105, 'window': 'MAX', 'order': 2, 'rows': 4}
{'ticker': 'QQQ', 'mode': 'binary', 'thr': 105, 'window': 'MAX', 'order': 3, 'rows': 8}
{'ticker': 'QQQ', 'mode': 'binary', 'thr': 105, 'window': 'MAX', 'order': 4, 'rows': 16}
{'ticker': 'QQQ', 'mode': 'binary', 'thr': 110, 'window': '1Y', 'order': 1, 'rows': 2}
{'ticker': 'QQQ', 'mode': 'binary', 'thr': 110, 'window': '1Y', 'order': 2, 'rows': 4}
{'ticker': 'QQQ', 'mode': 'binary', 'thr': 110, 'window': '1Y', 'order': 3, 'rows': 8}
{'ticker': 'QQQ', 'mode': 'binary', 'thr': 110, 'window': '1Y', 'order': 4, 'rows': 14}
{'ticker': 'QQQ', 'mode': 'binary', 'thr': 110, 'window': '2Y', 'order': 1, 'rows': 2}
{'ticker': 'QQQ', 'mode': 'binary', 'thr': 110, 'window': '2Y', 'order': 2, 'rows': 4}
{'ticker': 'QQQ', 'mode': 'binary', 'thr': 110, 'window': '2Y', 'order': 3, 'rows': 8}
{'ticker': 'QQQ', 'mode': 'binary', 'thr': 110, 'window': '2Y', 'order': 4, 'rows': 14}
{'ticker': 'QQQ', 'mode': 'binary', 'thr': 110, 'window': '5Y', 'order': 1, 'rows': 2}
{'ticker': 'QQQ', 'mode': 'binary', 'thr': 110, 'window': '5Y', 'order': 2, 'rows': 4}
{'ticker': 'QQQ', 'mode': 'binary', 'thr': 110, 'window': '5Y', 'order': 3, 'rows': 8}
{'ticker': 'QQQ', 'mode': 'binary', 'thr': 110, 'window': '5Y', 'order': 4, 'rows': 16}
{'ticker': 'QQQ', 'mode': 'binary', 'thr': 110, 'window': '10Y', 'order': 1, 'rows': 2}
{'ticker': 'QQQ', 'mode': 'binary', 'thr': 110, 'window': '10Y', 'order': 2, 'rows': 4}
{'ticker': 'QQQ', 'mode': 'binary', 'thr': 110, 'window': '10Y', 'order': 3, 'rows': 8}
{'ticker': 'QQQ', 'mode': 'binary', 'thr': 110, 'window': '10Y', 'order': 4, 'rows': 16}
{'ticker': 'QQQ', 'mode': 'binary', 'thr': 110, 'window': '20Y', 'order': 1, 'rows': 2}
{'ticker': 'QQQ', 'mode': 'binary', 'thr': 110, 'window': '20Y', 'order': 2, 'rows': 4}
{'ticker': 'QQQ', 'mode': 'binary', 'thr': 110, 'window': '20Y', 'order': 3, 'rows': 8}
{'ticker': 'QQQ', 'mode': 'binary', 'thr': 110, 'window': '20Y', 'order': 4, 'rows': 16}
{'ticker': 'QQQ', 'mode': 'binary', 'thr': 110, 'window': 'MAX', 'order': 1, 'rows': 2}
{'ticker': 'QQQ', 'mode': 'binary', 'thr': 110, 'window': 'MAX', 'order': 2, 'rows': 4}
{'ticker': 'QQQ', 'mode': 'binary', 'thr': 110, 'window': 'MAX', 'order': 3, 'rows': 8}
{'ticker': 'QQQ', 'mode': 'binary', 'thr': 110, 'window': 'MAX', 'order': 4, 'rows': 16}
{'ticker': 'QQQ', 'mode': 'binary', 'thr': 115, 'window': '1Y', 'order': 1, 'rows': 2}
{'ticker': 'QQQ', 'mode': 'binary', 'thr': 115, 'window': '1Y', 'order': 2, 'rows': 4}
{'ticker': 'QQQ', 'mode': 'binary', 'thr': 115, 'window': '1Y', 'order': 3, 'rows': 8}
{'ticker': 'QQQ', 'mode': 'binary', 'thr': 115, 'window': '1Y', 'order': 4, 'rows': 13}
{'ticker': 'QQQ', 'mode': 'binary', 'thr': 115, 'window': '2Y', 'order': 1, 'rows': 2}
{'ticker': 'QQQ', 'mode': 'binary', 'thr': 115, 'window': '2Y', 'order': 2, 'rows': 4}
{'ticker': 'QQQ', 'mode': 'binary', 'thr': 115, 'window': '2Y', 'order': 3, 'rows': 8}
{'ticker': 'QQQ', 'mode': 'binary', 'thr': 115, 'window': '2Y', 'order': 4, 'rows': 13}
{'ticker': 'QQQ', 'mode': 'binary', 'thr': 115, 'window': '5Y', 'order': 1, 'rows': 2}
{'ticker': 'QQQ', 'mode': 'binary', 'thr': 115, 'window': '5Y', 'order': 2, 'rows': 4}
{'ticker': 'QQQ', 'mode': 'binary', 'thr': 115, 'window': '5Y', 'order': 3, 'rows': 8}
{'ticker': 'QQQ', 'mode': 'binary', 'thr': 115, 'window': '5Y', 'order': 4, 'rows': 16}
{'ticker': 'QQQ', 'mode': 'binary', 'thr': 115, 'window': '10Y', 'order': 1, 'rows': 2}
{'ticker': 'QQQ', 'mode': 'binary', 'thr': 115, 'window': '10Y', 'order': 2, 'rows': 4}
{'ticker': 'QQQ', 'mode': 'binary', 'thr': 115, 'window': '10Y', 'order': 3, 'rows': 8}
{'ticker': 'QQQ', 'mode': 'binary', 'thr': 115, 'window': '10Y', 'order': 4, 'rows': 16}
{'ticker': 'QQQ', 'mode': 'binary', 'thr': 115, 'window': '20Y', 'order': 1, 'rows': 2}
{'ticker': 'QQQ', 'mode': 'binary', 'thr': 115, 'window': '20Y', 'order': 2, 'rows': 4}
{'ticker': 'QQQ', 'mode': 'binary', 'thr': 115, 'window': '20Y', 'order': 3, 'rows': 8}
{'ticker': 'QQQ', 'mode': 'binary', 'thr': 115, 'window': '20Y', 'order': 4, 'rows': 16}
{'ticker': 'QQQ', 'mode': 'binary', 'thr': 115, 'window': 'MAX', 'order': 1, 'rows': 2}
{'ticker': 'QQQ', 'mode': 'binary', 'thr': 115, 'window': 'MAX', 'order': 2, 'rows': 4}
{'ticker': 'QQQ', 'mode': 'binary', 'thr': 115, 'window': 'MAX', 'order': 3, 'rows': 8}
{'ticker': 'QQQ', 'mode': 'binary', 'thr': 115, 'window': 'MAX', 'order': 4, 'rows': 16}
{'ticker': 'QQQ', 'mode': 'binary', 'thr': 120, 'window': '1Y', 'order': 1, 'rows': 2}
{'ticker': 'QQQ', 'mode': 'binary', 'thr': 120, 'window': '1Y', 'order': 2, 'rows': 4}
{'ticker': 'QQQ', 'mode': 'binary', 'thr': 120, 'window': '1Y', 'order': 3, 'rows': 8}
{'ticker': 'QQQ', 'mode': 'binary', 'thr': 120, 'window': '1Y', 'order': 4, 'rows': 13}
{'ticker': 'QQQ', 'mode': 'binary', 'thr': 120, 'window': '2Y', 'order': 1, 'rows': 2}
{'ticker': 'QQQ', 'mode': 'binary', 'thr': 120, 'window': '2Y', 'order': 2, 'rows': 4}
{'ticker': 'QQQ', 'mode': 'binary', 'thr': 120, 'window': '2Y', 'order': 3, 'rows': 8}
{'ticker': 'QQQ', 'mode': 'binary', 'thr': 120, 'window': '2Y', 'order': 4, 'rows': 13}
{'ticker': 'QQQ', 'mode': 'binary', 'thr': 120, 'window': '5Y', 'order': 1, 'rows': 2}
{'ticker': 'QQQ', 'mode': 'binary', 'thr': 120, 'window': '5Y', 'order': 2, 'rows': 4}
{'ticker': 'QQQ', 'mode': 'binary', 'thr': 120, 'window': '5Y', 'order': 3, 'rows': 8}
{'ticker': 'QQQ', 'mode': 'binary', 'thr': 120, 'window': '5Y', 'order': 4, 'rows': 16}
{'ticker': 'QQQ', 'mode': 'binary', 'thr': 120, 'window': '10Y', 'order': 1, 'rows': 2}
{'ticker': 'QQQ', 'mode': 'binary', 'thr': 120, 'window': '10Y', 'order': 2, 'rows': 4}
{'ticker': 'QQQ', 'mode': 'binary', 'thr': 120, 'window': '10Y', 'order': 3, 'rows': 8}
{'ticker': 'QQQ', 'mode': 'binary', 'thr': 120, 'window': '10Y', 'order': 4, 'rows': 16}
{'ticker': 'QQQ', 'mode': 'binary', 'thr': 120, 'window': '20Y', 'order': 1, 'rows': 2}
{'ticker': 'QQQ', 'mode': 'binary', 'thr': 120, 'window': '20Y', 'order': 2, 'rows': 4}
{'ticker': 'QQQ', 'mode': 'binary', 'thr': 120, 'window': '20Y', 'order': 3, 'rows': 8}
{'ticker': 'QQQ', 'mode': 'binary', 'thr': 120, 'window': '20Y', 'order': 4, 'rows': 16}
{'ticker': 'QQQ', 'mode': 'binary', 'thr': 120, 'window': 'MAX', 'order': 1, 'rows': 2}
{'ticker': 'QQQ', 'mode': 'binary', 'thr': 120, 'window': 'MAX', 'order': 2, 'rows': 4}
{'ticker': 'QQQ', 'mode': 'binary', 'thr': 120, 'window': 'MAX', 'order': 3, 'rows': 8}
{'ticker': 'QQQ', 'mode': 'binary', 'thr': 120, 'window': 'MAX', 'order': 4, 'rows': 16}
{'ticker': 'QQQ', 'mode': 'binary', 'thr': 125, 'window': '1Y', 'order': 1, 'rows': 2}
{'ticker': 'QQQ', 'mode': 'binary', 'thr': 125, 'window': '1Y', 'order': 2, 'rows': 4}
{'ticker': 'QQQ', 'mode': 'binary', 'thr': 125, 'window': '1Y', 'order': 3, 'rows': 8}
{'ticker': 'QQQ', 'mode': 'binary', 'thr': 125, 'window': '1Y', 'order': 4, 'rows': 13}
{'ticker': 'QQQ', 'mode': 'binary', 'thr': 125, 'window': '2Y', 'order': 1, 'rows': 2}
{'ticker': 'QQQ', 'mode': 'binary', 'thr': 125, 'window': '2Y', 'order': 2, 'rows': 4}
{'ticker': 'QQQ', 'mode': 'binary', 'thr': 125, 'window': '2Y', 'order': 3, 'rows': 8}
{'ticker': 'QQQ', 'mode': 'binary', 'thr': 125, 'window': '2Y', 'order': 4, 'rows': 13}
{'ticker': 'QQQ', 'mode': 'binary', 'thr': 125, 'window': '5Y', 'order': 1, 'rows': 2}
{'ticker': 'QQQ', 'mode': 'binary', 'thr': 125, 'window': '5Y', 'order': 2, 'rows': 4}
{'ticker': 'QQQ', 'mode': 'binary', 'thr': 125, 'window': '5Y', 'order': 3, 'rows': 8}2025-11-12 11:26:56,150 INFO [cli] {'ticker': 'QQQ', 'mode': 'binary', 'thr': 125, 'window': '5Y', 'order': 3, 'rows': 8}
2025-11-12 11:26:56,159 INFO [cli] {'ticker': 'QQQ', 'mode': 'binary', 'thr': 125, 'window': '5Y', 'order': 4, 'rows': 15}
2025-11-12 11:26:56,168 INFO [cli] {'ticker': 'QQQ', 'mode': 'binary', 'thr': 125, 'window': '10Y', 'order': 1, 'rows': 2}
2025-11-12 11:26:56,177 INFO [cli] {'ticker': 'QQQ', 'mode': 'binary', 'thr': 125, 'window': '10Y', 'order': 2, 'rows': 4}
2025-11-12 11:26:56,187 INFO [cli] {'ticker': 'QQQ', 'mode': 'binary', 'thr': 125, 'window': '10Y', 'order': 3, 'rows': 8}
2025-11-12 11:26:56,195 INFO [cli] {'ticker': 'QQQ', 'mode': 'binary', 'thr': 125, 'window': '10Y', 'order': 4, 'rows': 15}
2025-11-12 11:26:56,205 INFO [cli] {'ticker': 'QQQ', 'mode': 'binary', 'thr': 125, 'window': '20Y', 'order': 1, 'rows': 2}
2025-11-12 11:26:56,214 INFO [cli] {'ticker': 'QQQ', 'mode': 'binary', 'thr': 125, 'window': '20Y', 'order': 2, 'rows': 4}
2025-11-12 11:26:56,222 INFO [cli] {'ticker': 'QQQ', 'mode': 'binary', 'thr': 125, 'window': '20Y', 'order': 3, 'rows': 8}
2025-11-12 11:26:56,232 INFO [cli] {'ticker': 'QQQ', 'mode': 'binary', 'thr': 125, 'window': '20Y', 'order': 4, 'rows': 16}
2025-11-12 11:26:56,241 INFO [cli] {'ticker': 'QQQ', 'mode': 'binary', 'thr': 125, 'window': 'MAX', 'order': 1, 'rows': 2}
2025-11-12 11:26:56,249 INFO [cli] {'ticker': 'QQQ', 'mode': 'binary', 'thr': 125, 'window': 'MAX', 'order': 2, 'rows': 4}
2025-11-12 11:26:56,259 INFO [cli] {'ticker': 'QQQ', 'mode': 'binary', 'thr': 125, 'window': 'MAX', 'order': 3, 'rows': 8}
2025-11-12 11:26:56,270 INFO [cli] {'ticker': 'QQQ', 'mode': 'binary', 'thr': 125, 'window': 'MAX', 'order': 4, 'rows': 16}
2025-11-12 11:26:56,287 INFO [cli] {'ticker': 'QQQ', 'mode': 'binary', 'thr': 130, 'window': '1Y', 'order': 1, 'rows': 2}
2025-11-12 11:26:56,298 INFO [cli] {'ticker': 'QQQ', 'mode': 'binary', 'thr': 130, 'window': '1Y', 'order': 2, 'rows': 4}
2025-11-12 11:26:56,307 INFO [cli] {'ticker': 'QQQ', 'mode': 'binary', 'thr': 130, 'window': '1Y', 'order': 3, 'rows': 8}
2025-11-12 11:26:56,317 INFO [cli] {'ticker': 'QQQ', 'mode': 'binary', 'thr': 130, 'window': '1Y', 'order': 4, 'rows': 13}
2025-11-12 11:26:56,327 INFO [cli] {'ticker': 'QQQ', 'mode': 'binary', 'thr': 130, 'window': '2Y', 'order': 1, 'rows': 2}
2025-11-12 11:26:56,337 INFO [cli] {'ticker': 'QQQ', 'mode': 'binary', 'thr': 130, 'window': '2Y', 'order': 2, 'rows': 4}
2025-11-12 11:26:56,346 INFO [cli] {'ticker': 'QQQ', 'mode': 'binary', 'thr': 130, 'window': '2Y', 'order': 3, 'rows': 8}
2025-11-12 11:26:56,355 INFO [cli] {'ticker': 'QQQ', 'mode': 'binary', 'thr': 130, 'window': '2Y', 'order': 4, 'rows': 13}
2025-11-12 11:26:56,365 INFO [cli] {'ticker': 'QQQ', 'mode': 'binary', 'thr': 130, 'window': '5Y', 'order': 1, 'rows': 2}
2025-11-12 11:26:56,373 INFO [cli] {'ticker': 'QQQ', 'mode': 'binary', 'thr': 130, 'window': '5Y', 'order': 2, 'rows': 4}
2025-11-12 11:26:56,383 INFO [cli] {'ticker': 'QQQ', 'mode': 'binary', 'thr': 130, 'window': '5Y', 'order': 3, 'rows': 8}
2025-11-12 11:26:56,394 INFO [cli] {'ticker': 'QQQ', 'mode': 'binary', 'thr': 130, 'window': '5Y', 'order': 4, 'rows': 15}
2025-11-12 11:26:56,404 INFO [cli] {'ticker': 'QQQ', 'mode': 'binary', 'thr': 130, 'window': '10Y', 'order': 1, 'rows': 2}
2025-11-12 11:26:56,413 INFO [cli] {'ticker': 'QQQ', 'mode': 'binary', 'thr': 130, 'window': '10Y', 'order': 2, 'rows': 4}
2025-11-12 11:26:56,421 INFO [cli] {'ticker': 'QQQ', 'mode': 'binary', 'thr': 130, 'window': '10Y', 'order': 3, 'rows': 8}
2025-11-12 11:26:56,431 INFO [cli] {'ticker': 'QQQ', 'mode': 'binary', 'thr': 130, 'window': '10Y', 'order': 4, 'rows': 15}
2025-11-12 11:26:56,440 INFO [cli] {'ticker': 'QQQ', 'mode': 'binary', 'thr': 130, 'window': '20Y', 'order': 1, 'rows': 2}
2025-11-12 11:26:56,448 INFO [cli] {'ticker': 'QQQ', 'mode': 'binary', 'thr': 130, 'window': '20Y', 'order': 2, 'rows': 4}
2025-11-12 11:26:56,457 INFO [cli] {'ticker': 'QQQ', 'mode': 'binary', 'thr': 130, 'window': '20Y', 'order': 3, 'rows': 8}
2025-11-12 11:26:56,467 INFO [cli] {'ticker': 'QQQ', 'mode': 'binary', 'thr': 130, 'window': '20Y', 'order': 4, 'rows': 15}
2025-11-12 11:26:56,478 INFO [cli] {'ticker': 'QQQ', 'mode': 'binary', 'thr': 130, 'window': 'MAX', 'order': 1, 'rows': 2}
2025-11-12 11:26:56,489 INFO [cli] {'ticker': 'QQQ', 'mode': 'binary', 'thr': 130, 'window': 'MAX', 'order': 2, 'rows': 4}
2025-11-12 11:26:56,500 INFO [cli] {'ticker': 'QQQ', 'mode': 'binary', 'thr': 130, 'window': 'MAX', 'order': 3, 'rows': 8}
2025-11-12 11:26:56,510 INFO [cli] {'ticker': 'QQQ', 'mode': 'binary', 'thr': 130, 'window': 'MAX', 'order': 4, 'rows': 16}
2025-11-12 11:26:56,527 INFO [cli] {'ticker': 'QQQ', 'mode': 'binary', 'thr': 135, 'window': '1Y', 'order': 1, 'rows': 2}
2025-11-12 11:26:56,539 INFO [cli] {'ticker': 'QQQ', 'mode': 'binary', 'thr': 135, 'window': '1Y', 'order': 2, 'rows': 4}
2025-11-12 11:26:56,549 INFO [cli] {'ticker': 'QQQ', 'mode': 'binary', 'thr': 135, 'window': '1Y', 'order': 3, 'rows': 8}
2025-11-12 11:26:56,559 INFO [cli] {'ticker': 'QQQ', 'mode': 'binary', 'thr': 135, 'window': '1Y', 'order': 4, 'rows': 13}
2025-11-12 11:26:56,568 INFO [cli] {'ticker': 'QQQ', 'mode': 'binary', 'thr': 135, 'window': '2Y', 'order': 1, 'rows': 2}
2025-11-12 11:26:56,578 INFO [cli] {'ticker': 'QQQ', 'mode': 'binary', 'thr': 135, 'window': '2Y', 'order': 2, 'rows': 4}
2025-11-12 11:26:56,588 INFO [cli] {'ticker': 'QQQ', 'mode': 'binary', 'thr': 135, 'window': '2Y', 'order': 3, 'rows': 8}
2025-11-12 11:26:56,596 INFO [cli] {'ticker': 'QQQ', 'mode': 'binary', 'thr': 135, 'window': '2Y', 'order': 4, 'rows': 13}
2025-11-12 11:26:56,605 INFO [cli] {'ticker': 'QQQ', 'mode': 'binary', 'thr': 135, 'window': '5Y', 'order': 1, 'rows': 2}
2025-11-12 11:26:56,614 INFO [cli] {'ticker': 'QQQ', 'mode': 'binary', 'thr': 135, 'window': '5Y', 'order': 2, 'rows': 4}
2025-11-12 11:26:56,623 INFO [cli] {'ticker': 'QQQ', 'mode': 'binary', 'thr': 135, 'window': '5Y', 'order': 3, 'rows': 8}
2025-11-12 11:26:56,632 INFO [cli] {'ticker': 'QQQ', 'mode': 'binary', 'thr': 135, 'window': '5Y', 'order': 4, 'rows': 15}
2025-11-12 11:26:56,641 INFO [cli] {'ticker': 'QQQ', 'mode': 'binary', 'thr': 135, 'window': '10Y', 'order': 1, 'rows': 2}
2025-11-12 11:26:56,649 INFO [cli] {'ticker': 'QQQ', 'mode': 'binary', 'thr': 135, 'window': '10Y', 'order': 2, 'rows': 4}
2025-11-12 11:26:56,658 INFO [cli] {'ticker': 'QQQ', 'mode': 'binary', 'thr': 135, 'window': '10Y', 'order': 3, 'rows': 8}
2025-11-12 11:26:56,666 INFO [cli] {'ticker': 'QQQ', 'mode': 'binary', 'thr': 135, 'window': '10Y', 'order': 4, 'rows': 15}
2025-11-12 11:26:56,676 INFO [cli] {'ticker': 'QQQ', 'mode': 'binary', 'thr': 135, 'window': '20Y', 'order': 1, 'rows': 2}
2025-11-12 11:26:56,685 INFO [cli] {'ticker': 'QQQ', 'mode': 'binary', 'thr': 135, 'window': '20Y', 'order': 2, 'rows': 4}
2025-11-12 11:26:56,694 INFO [cli] {'ticker': 'QQQ', 'mode': 'binary', 'thr': 135, 'window': '20Y', 'order': 3, 'rows': 8}
2025-11-12 11:26:56,703 INFO [cli] {'ticker': 'QQQ', 'mode': 'binary', 'thr': 135, 'window': '20Y', 'order': 4, 'rows': 15}
2025-11-12 11:26:56,712 INFO [cli] {'ticker': 'QQQ', 'mode': 'binary', 'thr': 135, 'window': 'MAX', 'order': 1, 'rows': 2}
2025-11-12 11:26:56,721 INFO [cli] {'ticker': 'QQQ', 'mode': 'binary', 'thr': 135, 'window': 'MAX', 'order': 2, 'rows': 4}
2025-11-12 11:26:56,728 INFO [cli] {'ticker': 'QQQ', 'mode': 'binary', 'thr': 135, 'window': 'MAX', 'order': 3, 'rows': 8}
2025-11-12 11:26:56,740 INFO [cli] {'ticker': 'QQQ', 'mode': 'binary', 'thr': 135, 'window': 'MAX', 'order': 4, 'rows': 16}
2025-11-12 11:26:56,755 INFO [cli] {'ticker': 'QQQ', 'mode': 'binary', 'thr': 140, 'window': '1Y', 'order': 1, 'rows': 2}
2025-11-12 11:26:56,767 INFO [cli] {'ticker': 'QQQ', 'mode': 'binary', 'thr': 140, 'window': '1Y', 'order': 2, 'rows': 4}
2025-11-12 11:26:56,777 INFO [cli] {'ticker': 'QQQ', 'mode': 'binary', 'thr': 140, 'window': '1Y', 'order': 3, 'rows': 8}
2025-11-12 11:26:56,785 INFO [cli] {'ticker': 'QQQ', 'mode': 'binary', 'thr': 140, 'window': '1Y', 'order': 4, 'rows': 13}
2025-11-12 11:26:56,795 INFO [cli] {'ticker': 'QQQ', 'mode': 'binary', 'thr': 140, 'window': '2Y', 'order': 1, 'rows': 2}
2025-11-12 11:26:56,807 INFO [cli] {'ticker': 'QQQ', 'mode': 'binary', 'thr': 140, 'window': '2Y', 'order': 2, 'rows': 4}
2025-11-12 11:26:56,815 INFO [cli] {'ticker': 'QQQ', 'mode': 'binary', 'thr': 140, 'window': '2Y', 'order': 3, 'rows': 8}
2025-11-12 11:26:56,823 INFO [cli] {'ticker': 'QQQ', 'mode': 'binary', 'thr': 140, 'window': '2Y', 'order': 4, 'rows': 13}
2025-11-12 11:26:56,831 INFO [cli] {'ticker': 'QQQ', 'mode': 'binary', 'thr': 140, 'window': '5Y', 'order': 1, 'rows': 2}
2025-11-12 11:26:56,842 INFO [cli] {'ticker': 'QQQ', 'mode': 'binary', 'thr': 140, 'window': '5Y', 'order': 2, 'rows': 4}
2025-11-12 11:26:56,852 INFO [cli] {'ticker': 'QQQ', 'mode': 'binary', 'thr': 140, 'window': '5Y', 'order': 3, 'rows': 8}
2025-11-12 11:26:56,863 INFO [cli] {'ticker': 'QQQ', 'mode': 'binary', 'thr': 140, 'window': '5Y', 'order': 4, 'rows': 15}
2025-11-12 11:26:56,873 INFO [cli] {'ticker': 'QQQ', 'mode': 'binary', 'thr': 140, 'window': '10Y', 'order': 1, 'rows': 2}
2025-11-12 11:26:56,881 INFO [cli] {'ticker': 'QQQ', 'mode': 'binary', 'thr': 140, 'window': '10Y', 'order': 2, 'rows': 4}
2025-11-12 11:26:56,891 INFO [cli] {'ticker': 'QQQ', 'mode': 'binary', 'thr': 140, 'window': '10Y', 'order': 3, 'rows': 8}
2025-11-12 11:26:56,901 INFO [cli] {'ticker': 'QQQ', 'mode': 'binary', 'thr': 140, 'window': '10Y', 'order': 4, 'rows': 15}
2025-11-12 11:26:56,912 INFO [cli] {'ticker': 'QQQ', 'mode': 'binary', 'thr': 140, 'window': '20Y', 'order': 1, 'rows': 2}
2025-11-12 11:26:56,922 INFO [cli] {'ticker': 'QQQ', 'mode': 'binary', 'thr': 140, 'window': '20Y', 'order': 2, 'rows': 4}
2025-11-12 11:26:56,933 INFO [cli] {'ticker': 'QQQ', 'mode': 'binary', 'thr': 140, 'window': '20Y', 'order': 3, 'rows': 8}
2025-11-12 11:26:56,944 INFO [cli] {'ticker': 'QQQ', 'mode': 'binary', 'thr': 140, 'window': '20Y', 'order': 4, 'rows': 15}
2025-11-12 11:26:56,952 INFO [cli] {'ticker': 'QQQ', 'mode': 'binary', 'thr': 140, 'window': 'MAX', 'order': 1, 'rows': 2}
2025-11-12 11:26:56,965 INFO [cli] {'ticker': 'QQQ', 'mode': 'binary', 'thr': 140, 'window': 'MAX', 'order': 2, 'rows': 4}
2025-11-12 11:26:56,976 INFO [cli] {'ticker': 'QQQ', 'mode': 'binary', 'thr': 140, 'window': 'MAX', 'order': 3, 'rows': 8}
2025-11-12 11:26:56,987 INFO [cli] {'ticker': 'QQQ', 'mode': 'binary', 'thr': 140, 'window': 'MAX', 'order': 4, 'rows': 16}
2025-11-12 11:26:57,003 INFO [cli] {'ticker': 'QQQ', 'mode': 'binary', 'thr': 145, 'window': '1Y', 'order': 1, 'rows': 2}
2025-11-12 11:26:57,012 INFO [cli] {'ticker': 'QQQ', 'mode': 'binary', 'thr': 145, 'window': '1Y', 'order': 2, 'rows': 4}
2025-11-12 11:26:57,020 INFO [cli] {'ticker': 'QQQ', 'mode': 'binary', 'thr': 145, 'window': '1Y', 'order': 3, 'rows': 8}
2025-11-12 11:26:57,029 INFO [cli] {'ticker': 'QQQ', 'mode': 'binary', 'thr': 145, 'window': '1Y', 'order': 4, 'rows': 12}
2025-11-12 11:26:57,038 INFO [cli] {'ticker': 'QQQ', 'mode': 'binary', 'thr': 145, 'window': '2Y', 'order': 1, 'rows': 2}
2025-11-12 11:26:57,047 INFO [cli] {'ticker': 'QQQ', 'mode': 'binary', 'thr': 145, 'window': '2Y', 'order': 2, 'rows': 4}
2025-11-12 11:26:57,056 INFO [cli] {'ticker': 'QQQ', 'mode': 'binary', 'thr': 145, 'window': '2Y', 'order': 3, 'rows': 8}
2025-11-12 11:26:57,065 INFO [cli] {'ticker': 'QQQ', 'mode': 'binary', 'thr': 145, 'window': '2Y', 'order': 4, 'rows': 13}

{'ticker': 'QQQ', 'mode': 'binary', 'thr': 125, 'window': '5Y', 'order': 4, 'rows': 15}
{'ticker': 'QQQ', 'mode': 'binary', 'thr': 125, 'window': '10Y', 'order': 1, 'rows': 2}
{'ticker': 'QQQ', 'mode': 'binary', 'thr': 125, 'window': '10Y', 'order': 2, 'rows': 4}
{'ticker': 'QQQ', 'mode': 'binary', 'thr': 125, 'window': '10Y', 'order': 3, 'rows': 8}
{'ticker': 'QQQ', 'mode': 'binary', 'thr': 125, 'window': '10Y', 'order': 4, 'rows': 15}
{'ticker': 'QQQ', 'mode': 'binary', 'thr': 125, 'window': '20Y', 'order': 1, 'rows': 2}
{'ticker': 'QQQ', 'mode': 'binary', 'thr': 125, 'window': '20Y', 'order': 2, 'rows': 4}
{'ticker': 'QQQ', 'mode': 'binary', 'thr': 125, 'window': '20Y', 'order': 3, 'rows': 8}
{'ticker': 'QQQ', 'mode': 'binary', 'thr': 125, 'window': '20Y', 'order': 4, 'rows': 16}
{'ticker': 'QQQ', 'mode': 'binary', 'thr': 125, 'window': 'MAX', 'order': 1, 'rows': 2}
{'ticker': 'QQQ', 'mode': 'binary', 'thr': 125, 'window': 'MAX', 'order': 2, 'rows': 4}
{'ticker': 'QQQ', 'mode': 'binary', 'thr': 125, 'window': 'MAX', 'order': 3, 'rows': 8}
{'ticker': 'QQQ', 'mode': 'binary', 'thr': 125, 'window': 'MAX', 'order': 4, 'rows': 16}
{'ticker': 'QQQ', 'mode': 'binary', 'thr': 130, 'window': '1Y', 'order': 1, 'rows': 2}
{'ticker': 'QQQ', 'mode': 'binary', 'thr': 130, 'window': '1Y', 'order': 2, 'rows': 4}
{'ticker': 'QQQ', 'mode': 'binary', 'thr': 130, 'window': '1Y', 'order': 3, 'rows': 8}
{'ticker': 'QQQ', 'mode': 'binary', 'thr': 130, 'window': '1Y', 'order': 4, 'rows': 13}
{'ticker': 'QQQ', 'mode': 'binary', 'thr': 130, 'window': '2Y', 'order': 1, 'rows': 2}
{'ticker': 'QQQ', 'mode': 'binary', 'thr': 130, 'window': '2Y', 'order': 2, 'rows': 4}
{'ticker': 'QQQ', 'mode': 'binary', 'thr': 130, 'window': '2Y', 'order': 3, 'rows': 8}
{'ticker': 'QQQ', 'mode': 'binary', 'thr': 130, 'window': '2Y', 'order': 4, 'rows': 13}
{'ticker': 'QQQ', 'mode': 'binary', 'thr': 130, 'window': '5Y', 'order': 1, 'rows': 2}
{'ticker': 'QQQ', 'mode': 'binary', 'thr': 130, 'window': '5Y', 'order': 2, 'rows': 4}
{'ticker': 'QQQ', 'mode': 'binary', 'thr': 130, 'window': '5Y', 'order': 3, 'rows': 8}
{'ticker': 'QQQ', 'mode': 'binary', 'thr': 130, 'window': '5Y', 'order': 4, 'rows': 15}
{'ticker': 'QQQ', 'mode': 'binary', 'thr': 130, 'window': '10Y', 'order': 1, 'rows': 2}
{'ticker': 'QQQ', 'mode': 'binary', 'thr': 130, 'window': '10Y', 'order': 2, 'rows': 4}
{'ticker': 'QQQ', 'mode': 'binary', 'thr': 130, 'window': '10Y', 'order': 3, 'rows': 8}
{'ticker': 'QQQ', 'mode': 'binary', 'thr': 130, 'window': '10Y', 'order': 4, 'rows': 15}
{'ticker': 'QQQ', 'mode': 'binary', 'thr': 130, 'window': '20Y', 'order': 1, 'rows': 2}
{'ticker': 'QQQ', 'mode': 'binary', 'thr': 130, 'window': '20Y', 'order': 2, 'rows': 4}
{'ticker': 'QQQ', 'mode': 'binary', 'thr': 130, 'window': '20Y', 'order': 3, 'rows': 8}
{'ticker': 'QQQ', 'mode': 'binary', 'thr': 130, 'window': '20Y', 'order': 4, 'rows': 15}
{'ticker': 'QQQ', 'mode': 'binary', 'thr': 130, 'window': 'MAX', 'order': 1, 'rows': 2}
{'ticker': 'QQQ', 'mode': 'binary', 'thr': 130, 'window': 'MAX', 'order': 2, 'rows': 4}
{'ticker': 'QQQ', 'mode': 'binary', 'thr': 130, 'window': 'MAX', 'order': 3, 'rows': 8}
{'ticker': 'QQQ', 'mode': 'binary', 'thr': 130, 'window': 'MAX', 'order': 4, 'rows': 16}
{'ticker': 'QQQ', 'mode': 'binary', 'thr': 135, 'window': '1Y', 'order': 1, 'rows': 2}
{'ticker': 'QQQ', 'mode': 'binary', 'thr': 135, 'window': '1Y', 'order': 2, 'rows': 4}
{'ticker': 'QQQ', 'mode': 'binary', 'thr': 135, 'window': '1Y', 'order': 3, 'rows': 8}
{'ticker': 'QQQ', 'mode': 'binary', 'thr': 135, 'window': '1Y', 'order': 4, 'rows': 13}
{'ticker': 'QQQ', 'mode': 'binary', 'thr': 135, 'window': '2Y', 'order': 1, 'rows': 2}
{'ticker': 'QQQ', 'mode': 'binary', 'thr': 135, 'window': '2Y', 'order': 2, 'rows': 4}
{'ticker': 'QQQ', 'mode': 'binary', 'thr': 135, 'window': '2Y', 'order': 3, 'rows': 8}
{'ticker': 'QQQ', 'mode': 'binary', 'thr': 135, 'window': '2Y', 'order': 4, 'rows': 13}
{'ticker': 'QQQ', 'mode': 'binary', 'thr': 135, 'window': '5Y', 'order': 1, 'rows': 2}
{'ticker': 'QQQ', 'mode': 'binary', 'thr': 135, 'window': '5Y', 'order': 2, 'rows': 4}
{'ticker': 'QQQ', 'mode': 'binary', 'thr': 135, 'window': '5Y', 'order': 3, 'rows': 8}
{'ticker': 'QQQ', 'mode': 'binary', 'thr': 135, 'window': '5Y', 'order': 4, 'rows': 15}
{'ticker': 'QQQ', 'mode': 'binary', 'thr': 135, 'window': '10Y', 'order': 1, 'rows': 2}
{'ticker': 'QQQ', 'mode': 'binary', 'thr': 135, 'window': '10Y', 'order': 2, 'rows': 4}
{'ticker': 'QQQ', 'mode': 'binary', 'thr': 135, 'window': '10Y', 'order': 3, 'rows': 8}
{'ticker': 'QQQ', 'mode': 'binary', 'thr': 135, 'window': '10Y', 'order': 4, 'rows': 15}
{'ticker': 'QQQ', 'mode': 'binary', 'thr': 135, 'window': '20Y', 'order': 1, 'rows': 2}
{'ticker': 'QQQ', 'mode': 'binary', 'thr': 135, 'window': '20Y', 'order': 2, 'rows': 4}
{'ticker': 'QQQ', 'mode': 'binary', 'thr': 135, 'window': '20Y', 'order': 3, 'rows': 8}
{'ticker': 'QQQ', 'mode': 'binary', 'thr': 135, 'window': '20Y', 'order': 4, 'rows': 15}
{'ticker': 'QQQ', 'mode': 'binary', 'thr': 135, 'window': 'MAX', 'order': 1, 'rows': 2}
{'ticker': 'QQQ', 'mode': 'binary', 'thr': 135, 'window': 'MAX', 'order': 2, 'rows': 4}
{'ticker': 'QQQ', 'mode': 'binary', 'thr': 135, 'window': 'MAX', 'order': 3, 'rows': 8}
{'ticker': 'QQQ', 'mode': 'binary', 'thr': 135, 'window': 'MAX', 'order': 4, 'rows': 16}
{'ticker': 'QQQ', 'mode': 'binary', 'thr': 140, 'window': '1Y', 'order': 1, 'rows': 2}
{'ticker': 'QQQ', 'mode': 'binary', 'thr': 140, 'window': '1Y', 'order': 2, 'rows': 4}
{'ticker': 'QQQ', 'mode': 'binary', 'thr': 140, 'window': '1Y', 'order': 3, 'rows': 8}
{'ticker': 'QQQ', 'mode': 'binary', 'thr': 140, 'window': '1Y', 'order': 4, 'rows': 13}
{'ticker': 'QQQ', 'mode': 'binary', 'thr': 140, 'window': '2Y', 'order': 1, 'rows': 2}
{'ticker': 'QQQ', 'mode': 'binary', 'thr': 140, 'window': '2Y', 'order': 2, 'rows': 4}
{'ticker': 'QQQ', 'mode': 'binary', 'thr': 140, 'window': '2Y', 'order': 3, 'rows': 8}
{'ticker': 'QQQ', 'mode': 'binary', 'thr': 140, 'window': '2Y', 'order': 4, 'rows': 13}
{'ticker': 'QQQ', 'mode': 'binary', 'thr': 140, 'window': '5Y', 'order': 1, 'rows': 2}
{'ticker': 'QQQ', 'mode': 'binary', 'thr': 140, 'window': '5Y', 'order': 2, 'rows': 4}
{'ticker': 'QQQ', 'mode': 'binary', 'thr': 140, 'window': '5Y', 'order': 3, 'rows': 8}
{'ticker': 'QQQ', 'mode': 'binary', 'thr': 140, 'window': '5Y', 'order': 4, 'rows': 15}
{'ticker': 'QQQ', 'mode': 'binary', 'thr': 140, 'window': '10Y', 'order': 1, 'rows': 2}
{'ticker': 'QQQ', 'mode': 'binary', 'thr': 140, 'window': '10Y', 'order': 2, 'rows': 4}
{'ticker': 'QQQ', 'mode': 'binary', 'thr': 140, 'window': '10Y', 'order': 3, 'rows': 8}
{'ticker': 'QQQ', 'mode': 'binary', 'thr': 140, 'window': '10Y', 'order': 4, 'rows': 15}
{'ticker': 'QQQ', 'mode': 'binary', 'thr': 140, 'window': '20Y', 'order': 1, 'rows': 2}
{'ticker': 'QQQ', 'mode': 'binary', 'thr': 140, 'window': '20Y', 'order': 2, 'rows': 4}
{'ticker': 'QQQ', 'mode': 'binary', 'thr': 140, 'window': '20Y', 'order': 3, 'rows': 8}
{'ticker': 'QQQ', 'mode': 'binary', 'thr': 140, 'window': '20Y', 'order': 4, 'rows': 15}
{'ticker': 'QQQ', 'mode': 'binary', 'thr': 140, 'window': 'MAX', 'order': 1, 'rows': 2}
{'ticker': 'QQQ', 'mode': 'binary', 'thr': 140, 'window': 'MAX', 'order': 2, 'rows': 4}
{'ticker': 'QQQ', 'mode': 'binary', 'thr': 140, 'window': 'MAX', 'order': 3, 'rows': 8}
{'ticker': 'QQQ', 'mode': 'binary', 'thr': 140, 'window': 'MAX', 'order': 4, 'rows': 16}
{'ticker': 'QQQ', 'mode': 'binary', 'thr': 145, 'window': '1Y', 'order': 1, 'rows': 2}
{'ticker': 'QQQ', 'mode': 'binary', 'thr': 145, 'window': '1Y', 'order': 2, 'rows': 4}
{'ticker': 'QQQ', 'mode': 'binary', 'thr': 145, 'window': '1Y', 'order': 3, 'rows': 8}
{'ticker': 'QQQ', 'mode': 'binary', 'thr': 145, 'window': '1Y', 'order': 4, 'rows': 12}
{'ticker': 'QQQ', 'mode': 'binary', 'thr': 145, 'window': '2Y', 'order': 1, 'rows': 2}
{'ticker': 'QQQ', 'mode': 'binary', 'thr': 145, 'window': '2Y', 'order': 2, 'rows': 4}
{'ticker': 'QQQ', 'mode': 'binary', 'thr': 145, 'window': '2Y', 'order': 3, 'rows': 8}
{'ticker': 'QQQ', 'mode': 'binary', 'thr': 145, 'window': '2Y', 'order': 4, 'rows': 13}
{'ticker': 'QQQ', 'mode': 'binary', 'thr': 145, 'window': '5Y', 'order': 1, 'rows': 2}2025-11-12 11:26:57,074 INFO [cli] {'ticker': 'QQQ', 'mode': 'binary', 'thr': 145, 'window': '5Y', 'order': 1, 'rows': 2}
2025-11-12 11:26:57,085 INFO [cli] {'ticker': 'QQQ', 'mode': 'binary', 'thr': 145, 'window': '5Y', 'order': 2, 'rows': 4}
2025-11-12 11:26:57,096 INFO [cli] {'ticker': 'QQQ', 'mode': 'binary', 'thr': 145, 'window': '5Y', 'order': 3, 'rows': 8}
2025-11-12 11:26:57,105 INFO [cli] {'ticker': 'QQQ', 'mode': 'binary', 'thr': 145, 'window': '5Y', 'order': 4, 'rows': 15}
2025-11-12 11:26:57,115 INFO [cli] {'ticker': 'QQQ', 'mode': 'binary', 'thr': 145, 'window': '10Y', 'order': 1, 'rows': 2}
2025-11-12 11:26:57,125 INFO [cli] {'ticker': 'QQQ', 'mode': 'binary', 'thr': 145, 'window': '10Y', 'order': 2, 'rows': 4}
2025-11-12 11:26:57,134 INFO [cli] {'ticker': 'QQQ', 'mode': 'binary', 'thr': 145, 'window': '10Y', 'order': 3, 'rows': 8}
2025-11-12 11:26:57,144 INFO [cli] {'ticker': 'QQQ', 'mode': 'binary', 'thr': 145, 'window': '10Y', 'order': 4, 'rows': 15}
2025-11-12 11:26:57,154 INFO [cli] {'ticker': 'QQQ', 'mode': 'binary', 'thr': 145, 'window': '20Y', 'order': 1, 'rows': 2}
2025-11-12 11:26:57,162 INFO [cli] {'ticker': 'QQQ', 'mode': 'binary', 'thr': 145, 'window': '20Y', 'order': 2, 'rows': 4}
2025-11-12 11:26:57,171 INFO [cli] {'ticker': 'QQQ', 'mode': 'binary', 'thr': 145, 'window': '20Y', 'order': 3, 'rows': 8}
2025-11-12 11:26:57,180 INFO [cli] {'ticker': 'QQQ', 'mode': 'binary', 'thr': 145, 'window': '20Y', 'order': 4, 'rows': 15}
2025-11-12 11:26:57,191 INFO [cli] {'ticker': 'QQQ', 'mode': 'binary', 'thr': 145, 'window': 'MAX', 'order': 1, 'rows': 2}
2025-11-12 11:26:57,200 INFO [cli] {'ticker': 'QQQ', 'mode': 'binary', 'thr': 145, 'window': 'MAX', 'order': 2, 'rows': 4}
2025-11-12 11:26:57,210 INFO [cli] {'ticker': 'QQQ', 'mode': 'binary', 'thr': 145, 'window': 'MAX', 'order': 3, 'rows': 8}
2025-11-12 11:26:57,219 INFO [cli] {'ticker': 'QQQ', 'mode': 'binary', 'thr': 145, 'window': 'MAX', 'order': 4, 'rows': 16}
2025-11-12 11:26:57,235 INFO [cli] {'ticker': 'QQQ', 'mode': 'binary', 'thr': 150, 'window': '1Y', 'order': 1, 'rows': 2}
2025-11-12 11:26:57,244 INFO [cli] {'ticker': 'QQQ', 'mode': 'binary', 'thr': 150, 'window': '1Y', 'order': 2, 'rows': 4}
2025-11-12 11:26:57,254 INFO [cli] {'ticker': 'QQQ', 'mode': 'binary', 'thr': 150, 'window': '1Y', 'order': 3, 'rows': 8}
2025-11-12 11:26:57,264 INFO [cli] {'ticker': 'QQQ', 'mode': 'binary', 'thr': 150, 'window': '1Y', 'order': 4, 'rows': 12}
2025-11-12 11:26:57,275 INFO [cli] {'ticker': 'QQQ', 'mode': 'binary', 'thr': 150, 'window': '2Y', 'order': 1, 'rows': 2}
2025-11-12 11:26:57,285 INFO [cli] {'ticker': 'QQQ', 'mode': 'binary', 'thr': 150, 'window': '2Y', 'order': 2, 'rows': 4}
2025-11-12 11:26:57,296 INFO [cli] {'ticker': 'QQQ', 'mode': 'binary', 'thr': 150, 'window': '2Y', 'order': 3, 'rows': 8}
2025-11-12 11:26:57,307 INFO [cli] {'ticker': 'QQQ', 'mode': 'binary', 'thr': 150, 'window': '2Y', 'order': 4, 'rows': 13}
2025-11-12 11:26:57,317 INFO [cli] {'ticker': 'QQQ', 'mode': 'binary', 'thr': 150, 'window': '5Y', 'order': 1, 'rows': 2}
2025-11-12 11:26:57,325 INFO [cli] {'ticker': 'QQQ', 'mode': 'binary', 'thr': 150, 'window': '5Y', 'order': 2, 'rows': 4}
2025-11-12 11:26:57,334 INFO [cli] {'ticker': 'QQQ', 'mode': 'binary', 'thr': 150, 'window': '5Y', 'order': 3, 'rows': 8}
2025-11-12 11:26:57,343 INFO [cli] {'ticker': 'QQQ', 'mode': 'binary', 'thr': 150, 'window': '5Y', 'order': 4, 'rows': 15}
2025-11-12 11:26:57,353 INFO [cli] {'ticker': 'QQQ', 'mode': 'binary', 'thr': 150, 'window': '10Y', 'order': 1, 'rows': 2}
2025-11-12 11:26:57,362 INFO [cli] {'ticker': 'QQQ', 'mode': 'binary', 'thr': 150, 'window': '10Y', 'order': 2, 'rows': 4}
2025-11-12 11:26:57,372 INFO [cli] {'ticker': 'QQQ', 'mode': 'binary', 'thr': 150, 'window': '10Y', 'order': 3, 'rows': 8}
2025-11-12 11:26:57,381 INFO [cli] {'ticker': 'QQQ', 'mode': 'binary', 'thr': 150, 'window': '10Y', 'order': 4, 'rows': 15}
2025-11-12 11:26:57,391 INFO [cli] {'ticker': 'QQQ', 'mode': 'binary', 'thr': 150, 'window': '20Y', 'order': 1, 'rows': 2}
2025-11-12 11:26:57,399 INFO [cli] {'ticker': 'QQQ', 'mode': 'binary', 'thr': 150, 'window': '20Y', 'order': 2, 'rows': 4}
2025-11-12 11:26:57,409 INFO [cli] {'ticker': 'QQQ', 'mode': 'binary', 'thr': 150, 'window': '20Y', 'order': 3, 'rows': 8}
2025-11-12 11:26:57,419 INFO [cli] {'ticker': 'QQQ', 'mode': 'binary', 'thr': 150, 'window': '20Y', 'order': 4, 'rows': 15}
2025-11-12 11:26:57,429 INFO [cli] {'ticker': 'QQQ', 'mode': 'binary', 'thr': 150, 'window': 'MAX', 'order': 1, 'rows': 2}
2025-11-12 11:26:57,447 INFO [cli] {'ticker': 'QQQ', 'mode': 'binary', 'thr': 150, 'window': 'MAX', 'order': 2, 'rows': 4}
2025-11-12 11:26:57,456 INFO [cli] {'ticker': 'QQQ', 'mode': 'binary', 'thr': 150, 'window': 'MAX', 'order': 3, 'rows': 8}
2025-11-12 11:26:57,465 INFO [cli] {'ticker': 'QQQ', 'mode': 'binary', 'thr': 150, 'window': 'MAX', 'order': 4, 'rows': 16}
2025-11-12 11:26:57,481 INFO [cli] {'ticker': 'QQQ', 'mode': 'tri', 'thr': 0, 'window': '1Y', 'order': 1, 'rows': 2}
2025-11-12 11:26:57,490 INFO [cli] {'ticker': 'QQQ', 'mode': 'tri', 'thr': 0, 'window': '1Y', 'order': 2, 'rows': 4}
2025-11-12 11:26:57,500 INFO [cli] {'ticker': 'QQQ', 'mode': 'tri', 'thr': 0, 'window': '1Y', 'order': 3, 'rows': 8}
2025-11-12 11:26:57,510 INFO [cli] {'ticker': 'QQQ', 'mode': 'tri', 'thr': 0, 'window': '1Y', 'order': 4, 'rows': 16}
2025-11-12 11:26:57,519 INFO [cli] {'ticker': 'QQQ', 'mode': 'tri', 'thr': 0, 'window': '2Y', 'order': 1, 'rows': 2}
2025-11-12 11:26:57,527 INFO [cli] {'ticker': 'QQQ', 'mode': 'tri', 'thr': 0, 'window': '2Y', 'order': 2, 'rows': 4}
2025-11-12 11:26:57,537 INFO [cli] {'ticker': 'QQQ', 'mode': 'tri', 'thr': 0, 'window': '2Y', 'order': 3, 'rows': 8}
2025-11-12 11:26:57,546 INFO [cli] {'ticker': 'QQQ', 'mode': 'tri', 'thr': 0, 'window': '2Y', 'order': 4, 'rows': 16}
2025-11-12 11:26:57,554 INFO [cli] {'ticker': 'QQQ', 'mode': 'tri', 'thr': 0, 'window': '5Y', 'order': 1, 'rows': 3}
2025-11-12 11:26:57,563 INFO [cli] {'ticker': 'QQQ', 'mode': 'tri', 'thr': 0, 'window': '5Y', 'order': 2, 'rows': 6}
2025-11-12 11:26:57,574 INFO [cli] {'ticker': 'QQQ', 'mode': 'tri', 'thr': 0, 'window': '5Y', 'order': 3, 'rows': 11}
2025-11-12 11:26:57,583 INFO [cli] {'ticker': 'QQQ', 'mode': 'tri', 'thr': 0, 'window': '5Y', 'order': 4, 'rows': 20}
2025-11-12 11:26:57,592 INFO [cli] {'ticker': 'QQQ', 'mode': 'tri', 'thr': 0, 'window': '10Y', 'order': 1, 'rows': 3}
2025-11-12 11:26:57,601 INFO [cli] {'ticker': 'QQQ', 'mode': 'tri', 'thr': 0, 'window': '10Y', 'order': 2, 'rows': 8}
2025-11-12 11:26:57,610 INFO [cli] {'ticker': 'QQQ', 'mode': 'tri', 'thr': 0, 'window': '10Y', 'order': 3, 'rows': 16}
2025-11-12 11:26:57,620 INFO [cli] {'ticker': 'QQQ', 'mode': 'tri', 'thr': 0, 'window': '10Y', 'order': 4, 'rows': 28}
2025-11-12 11:26:57,629 INFO [cli] {'ticker': 'QQQ', 'mode': 'tri', 'thr': 0, 'window': '20Y', 'order': 1, 'rows': 3}
2025-11-12 11:26:57,639 INFO [cli] {'ticker': 'QQQ', 'mode': 'tri', 'thr': 0, 'window': '20Y', 'order': 2, 'rows': 9}
2025-11-12 11:26:57,647 INFO [cli] {'ticker': 'QQQ', 'mode': 'tri', 'thr': 0, 'window': '20Y', 'order': 3, 'rows': 22}
2025-11-12 11:26:57,656 INFO [cli] {'ticker': 'QQQ', 'mode': 'tri', 'thr': 0, 'window': '20Y', 'order': 4, 'rows': 50}
2025-11-12 11:26:57,666 INFO [cli] {'ticker': 'QQQ', 'mode': 'tri', 'thr': 0, 'window': 'MAX', 'order': 1, 'rows': 3}
2025-11-12 11:26:57,676 INFO [cli] {'ticker': 'QQQ', 'mode': 'tri', 'thr': 0, 'window': 'MAX', 'order': 2, 'rows': 9}
2025-11-12 11:26:57,686 INFO [cli] {'ticker': 'QQQ', 'mode': 'tri', 'thr': 0, 'window': 'MAX', 'order': 3, 'rows': 23}
2025-11-12 11:26:57,695 INFO [cli] {'ticker': 'QQQ', 'mode': 'tri', 'thr': 0, 'window': 'MAX', 'order': 4, 'rows': 53}
2025-11-12 11:26:57,711 INFO [cli] {'ticker': 'QQQ', 'mode': 'tri', 'thr': 5, 'window': '1Y', 'order': 1, 'rows': 3}
2025-11-12 11:26:57,720 INFO [cli] {'ticker': 'QQQ', 'mode': 'tri', 'thr': 5, 'window': '1Y', 'order': 2, 'rows': 8}
2025-11-12 11:26:57,728 INFO [cli] {'ticker': 'QQQ', 'mode': 'tri', 'thr': 5, 'window': '1Y', 'order': 3, 'rows': 19}
2025-11-12 11:26:57,737 INFO [cli] {'ticker': 'QQQ', 'mode': 'tri', 'thr': 5, 'window': '1Y', 'order': 4, 'rows': 39}
2025-11-12 11:26:57,746 INFO [cli] {'ticker': 'QQQ', 'mode': 'tri', 'thr': 5, 'window': '2Y', 'order': 1, 'rows': 3}
2025-11-12 11:26:57,754 INFO [cli] {'ticker': 'QQQ', 'mode': 'tri', 'thr': 5, 'window': '2Y', 'order': 2, 'rows': 8}
2025-11-12 11:26:57,763 INFO [cli] {'ticker': 'QQQ', 'mode': 'tri', 'thr': 5, 'window': '2Y', 'order': 3, 'rows': 21}
2025-11-12 11:26:57,773 INFO [cli] {'ticker': 'QQQ', 'mode': 'tri', 'thr': 5, 'window': '2Y', 'order': 4, 'rows': 46}
2025-11-12 11:26:57,781 INFO [cli] {'ticker': 'QQQ', 'mode': 'tri', 'thr': 5, 'window': '5Y', 'order': 1, 'rows': 3}
2025-11-12 11:26:57,790 INFO [cli] {'ticker': 'QQQ', 'mode': 'tri', 'thr': 5, 'window': '5Y', 'order': 2, 'rows': 9}
2025-11-12 11:26:57,799 INFO [cli] {'ticker': 'QQQ', 'mode': 'tri', 'thr': 5, 'window': '5Y', 'order': 3, 'rows': 24}
2025-11-12 11:26:57,808 INFO [cli] {'ticker': 'QQQ', 'mode': 'tri', 'thr': 5, 'window': '5Y', 'order': 4, 'rows': 58}
2025-11-12 11:26:57,818 INFO [cli] {'ticker': 'QQQ', 'mode': 'tri', 'thr': 5, 'window': '10Y', 'order': 1, 'rows': 3}
2025-11-12 11:26:57,828 INFO [cli] {'ticker': 'QQQ', 'mode': 'tri', 'thr': 5, 'window': '10Y', 'order': 2, 'rows': 9}
2025-11-12 11:26:57,836 INFO [cli] {'ticker': 'QQQ', 'mode': 'tri', 'thr': 5, 'window': '10Y', 'order': 3, 'rows': 25}
2025-11-12 11:26:57,845 INFO [cli] {'ticker': 'QQQ', 'mode': 'tri', 'thr': 5, 'window': '10Y', 'order': 4, 'rows': 61}
2025-11-12 11:26:57,853 INFO [cli] {'ticker': 'QQQ', 'mode': 'tri', 'thr': 5, 'window': '20Y', 'order': 1, 'rows': 3}
2025-11-12 11:26:57,863 INFO [cli] {'ticker': 'QQQ', 'mode': 'tri', 'thr': 5, 'window': '20Y', 'order': 2, 'rows': 9}
2025-11-12 11:26:57,873 INFO [cli] {'ticker': 'QQQ', 'mode': 'tri', 'thr': 5, 'window': '20Y', 'order': 3, 'rows': 25}
2025-11-12 11:26:57,883 INFO [cli] {'ticker': 'QQQ', 'mode': 'tri', 'thr': 5, 'window': '20Y', 'order': 4, 'rows': 63}
2025-11-12 11:26:57,893 INFO [cli] {'ticker': 'QQQ', 'mode': 'tri', 'thr': 5, 'window': 'MAX', 'order': 1, 'rows': 3}
2025-11-12 11:26:57,903 INFO [cli] {'ticker': 'QQQ', 'mode': 'tri', 'thr': 5, 'window': 'MAX', 'order': 2, 'rows': 9}
2025-11-12 11:26:57,911 INFO [cli] {'ticker': 'QQQ', 'mode': 'tri', 'thr': 5, 'window': 'MAX', 'order': 3, 'rows': 25}
2025-11-12 11:26:57,920 INFO [cli] {'ticker': 'QQQ', 'mode': 'tri', 'thr': 5, 'window': 'MAX', 'order': 4, 'rows': 66}
2025-11-12 11:26:57,936 INFO [cli] {'ticker': 'QQQ', 'mode': 'tri', 'thr': 10, 'window': '1Y', 'order': 1, 'rows': 3}
2025-11-12 11:26:57,945 INFO [cli] {'ticker': 'QQQ', 'mode': 'tri', 'thr': 10, 'window': '1Y', 'order': 2, 'rows': 9}
2025-11-12 11:26:57,953 INFO [cli] {'ticker': 'QQQ', 'mode': 'tri', 'thr': 10, 'window': '1Y', 'order': 3, 'rows': 24}
2025-11-12 11:26:57,962 INFO [cli] {'ticker': 'QQQ', 'mode': 'tri', 'thr': 10, 'window': '1Y', 'order': 4, 'rows': 52}
2025-11-12 11:26:57,972 INFO [cli] {'ticker': 'QQQ', 'mode': 'tri', 'thr': 10, 'window': '2Y', 'order': 1, 'rows': 3}
2025-11-12 11:26:57,982 INFO [cli] {'ticker': 'QQQ', 'mode': 'tri', 'thr': 10, 'window': '2Y', 'order': 2, 'rows': 9}
2025-11-12 11:26:57,991 INFO [cli] {'ticker': 'QQQ', 'mode': 'tri', 'thr': 10, 'window': '2Y', 'order': 3, 'rows': 27}
2025-11-12 11:26:58,000 INFO [cli] {'ticker': 'QQQ', 'mode': 'tri', 'thr': 10, 'window': '2Y', 'order': 4, 'rows': 66}
2025-11-12 11:26:58,010 INFO [cli] {'ticker': 'QQQ', 'mode': 'tri', 'thr': 10, 'window': '5Y', 'order': 1, 'rows': 3}

{'ticker': 'QQQ', 'mode': 'binary', 'thr': 145, 'window': '5Y', 'order': 2, 'rows': 4}
{'ticker': 'QQQ', 'mode': 'binary', 'thr': 145, 'window': '5Y', 'order': 3, 'rows': 8}
{'ticker': 'QQQ', 'mode': 'binary', 'thr': 145, 'window': '5Y', 'order': 4, 'rows': 15}
{'ticker': 'QQQ', 'mode': 'binary', 'thr': 145, 'window': '10Y', 'order': 1, 'rows': 2}
{'ticker': 'QQQ', 'mode': 'binary', 'thr': 145, 'window': '10Y', 'order': 2, 'rows': 4}
{'ticker': 'QQQ', 'mode': 'binary', 'thr': 145, 'window': '10Y', 'order': 3, 'rows': 8}
{'ticker': 'QQQ', 'mode': 'binary', 'thr': 145, 'window': '10Y', 'order': 4, 'rows': 15}
{'ticker': 'QQQ', 'mode': 'binary', 'thr': 145, 'window': '20Y', 'order': 1, 'rows': 2}
{'ticker': 'QQQ', 'mode': 'binary', 'thr': 145, 'window': '20Y', 'order': 2, 'rows': 4}
{'ticker': 'QQQ', 'mode': 'binary', 'thr': 145, 'window': '20Y', 'order': 3, 'rows': 8}
{'ticker': 'QQQ', 'mode': 'binary', 'thr': 145, 'window': '20Y', 'order': 4, 'rows': 15}
{'ticker': 'QQQ', 'mode': 'binary', 'thr': 145, 'window': 'MAX', 'order': 1, 'rows': 2}
{'ticker': 'QQQ', 'mode': 'binary', 'thr': 145, 'window': 'MAX', 'order': 2, 'rows': 4}
{'ticker': 'QQQ', 'mode': 'binary', 'thr': 145, 'window': 'MAX', 'order': 3, 'rows': 8}
{'ticker': 'QQQ', 'mode': 'binary', 'thr': 145, 'window': 'MAX', 'order': 4, 'rows': 16}
{'ticker': 'QQQ', 'mode': 'binary', 'thr': 150, 'window': '1Y', 'order': 1, 'rows': 2}
{'ticker': 'QQQ', 'mode': 'binary', 'thr': 150, 'window': '1Y', 'order': 2, 'rows': 4}
{'ticker': 'QQQ', 'mode': 'binary', 'thr': 150, 'window': '1Y', 'order': 3, 'rows': 8}
{'ticker': 'QQQ', 'mode': 'binary', 'thr': 150, 'window': '1Y', 'order': 4, 'rows': 12}
{'ticker': 'QQQ', 'mode': 'binary', 'thr': 150, 'window': '2Y', 'order': 1, 'rows': 2}
{'ticker': 'QQQ', 'mode': 'binary', 'thr': 150, 'window': '2Y', 'order': 2, 'rows': 4}
{'ticker': 'QQQ', 'mode': 'binary', 'thr': 150, 'window': '2Y', 'order': 3, 'rows': 8}
{'ticker': 'QQQ', 'mode': 'binary', 'thr': 150, 'window': '2Y', 'order': 4, 'rows': 13}
{'ticker': 'QQQ', 'mode': 'binary', 'thr': 150, 'window': '5Y', 'order': 1, 'rows': 2}
{'ticker': 'QQQ', 'mode': 'binary', 'thr': 150, 'window': '5Y', 'order': 2, 'rows': 4}
{'ticker': 'QQQ', 'mode': 'binary', 'thr': 150, 'window': '5Y', 'order': 3, 'rows': 8}
{'ticker': 'QQQ', 'mode': 'binary', 'thr': 150, 'window': '5Y', 'order': 4, 'rows': 15}
{'ticker': 'QQQ', 'mode': 'binary', 'thr': 150, 'window': '10Y', 'order': 1, 'rows': 2}
{'ticker': 'QQQ', 'mode': 'binary', 'thr': 150, 'window': '10Y', 'order': 2, 'rows': 4}
{'ticker': 'QQQ', 'mode': 'binary', 'thr': 150, 'window': '10Y', 'order': 3, 'rows': 8}
{'ticker': 'QQQ', 'mode': 'binary', 'thr': 150, 'window': '10Y', 'order': 4, 'rows': 15}
{'ticker': 'QQQ', 'mode': 'binary', 'thr': 150, 'window': '20Y', 'order': 1, 'rows': 2}
{'ticker': 'QQQ', 'mode': 'binary', 'thr': 150, 'window': '20Y', 'order': 2, 'rows': 4}
{'ticker': 'QQQ', 'mode': 'binary', 'thr': 150, 'window': '20Y', 'order': 3, 'rows': 8}
{'ticker': 'QQQ', 'mode': 'binary', 'thr': 150, 'window': '20Y', 'order': 4, 'rows': 15}
{'ticker': 'QQQ', 'mode': 'binary', 'thr': 150, 'window': 'MAX', 'order': 1, 'rows': 2}
{'ticker': 'QQQ', 'mode': 'binary', 'thr': 150, 'window': 'MAX', 'order': 2, 'rows': 4}
{'ticker': 'QQQ', 'mode': 'binary', 'thr': 150, 'window': 'MAX', 'order': 3, 'rows': 8}
{'ticker': 'QQQ', 'mode': 'binary', 'thr': 150, 'window': 'MAX', 'order': 4, 'rows': 16}
{'ticker': 'QQQ', 'mode': 'tri', 'thr': 0, 'window': '1Y', 'order': 1, 'rows': 2}
{'ticker': 'QQQ', 'mode': 'tri', 'thr': 0, 'window': '1Y', 'order': 2, 'rows': 4}
{'ticker': 'QQQ', 'mode': 'tri', 'thr': 0, 'window': '1Y', 'order': 3, 'rows': 8}
{'ticker': 'QQQ', 'mode': 'tri', 'thr': 0, 'window': '1Y', 'order': 4, 'rows': 16}
{'ticker': 'QQQ', 'mode': 'tri', 'thr': 0, 'window': '2Y', 'order': 1, 'rows': 2}
{'ticker': 'QQQ', 'mode': 'tri', 'thr': 0, 'window': '2Y', 'order': 2, 'rows': 4}
{'ticker': 'QQQ', 'mode': 'tri', 'thr': 0, 'window': '2Y', 'order': 3, 'rows': 8}
{'ticker': 'QQQ', 'mode': 'tri', 'thr': 0, 'window': '2Y', 'order': 4, 'rows': 16}
{'ticker': 'QQQ', 'mode': 'tri', 'thr': 0, 'window': '5Y', 'order': 1, 'rows': 3}
{'ticker': 'QQQ', 'mode': 'tri', 'thr': 0, 'window': '5Y', 'order': 2, 'rows': 6}
{'ticker': 'QQQ', 'mode': 'tri', 'thr': 0, 'window': '5Y', 'order': 3, 'rows': 11}
{'ticker': 'QQQ', 'mode': 'tri', 'thr': 0, 'window': '5Y', 'order': 4, 'rows': 20}
{'ticker': 'QQQ', 'mode': 'tri', 'thr': 0, 'window': '10Y', 'order': 1, 'rows': 3}
{'ticker': 'QQQ', 'mode': 'tri', 'thr': 0, 'window': '10Y', 'order': 2, 'rows': 8}
{'ticker': 'QQQ', 'mode': 'tri', 'thr': 0, 'window': '10Y', 'order': 3, 'rows': 16}
{'ticker': 'QQQ', 'mode': 'tri', 'thr': 0, 'window': '10Y', 'order': 4, 'rows': 28}
{'ticker': 'QQQ', 'mode': 'tri', 'thr': 0, 'window': '20Y', 'order': 1, 'rows': 3}
{'ticker': 'QQQ', 'mode': 'tri', 'thr': 0, 'window': '20Y', 'order': 2, 'rows': 9}
{'ticker': 'QQQ', 'mode': 'tri', 'thr': 0, 'window': '20Y', 'order': 3, 'rows': 22}
{'ticker': 'QQQ', 'mode': 'tri', 'thr': 0, 'window': '20Y', 'order': 4, 'rows': 50}
{'ticker': 'QQQ', 'mode': 'tri', 'thr': 0, 'window': 'MAX', 'order': 1, 'rows': 3}
{'ticker': 'QQQ', 'mode': 'tri', 'thr': 0, 'window': 'MAX', 'order': 2, 'rows': 9}
{'ticker': 'QQQ', 'mode': 'tri', 'thr': 0, 'window': 'MAX', 'order': 3, 'rows': 23}
{'ticker': 'QQQ', 'mode': 'tri', 'thr': 0, 'window': 'MAX', 'order': 4, 'rows': 53}
{'ticker': 'QQQ', 'mode': 'tri', 'thr': 5, 'window': '1Y', 'order': 1, 'rows': 3}
{'ticker': 'QQQ', 'mode': 'tri', 'thr': 5, 'window': '1Y', 'order': 2, 'rows': 8}
{'ticker': 'QQQ', 'mode': 'tri', 'thr': 5, 'window': '1Y', 'order': 3, 'rows': 19}
{'ticker': 'QQQ', 'mode': 'tri', 'thr': 5, 'window': '1Y', 'order': 4, 'rows': 39}
{'ticker': 'QQQ', 'mode': 'tri', 'thr': 5, 'window': '2Y', 'order': 1, 'rows': 3}
{'ticker': 'QQQ', 'mode': 'tri', 'thr': 5, 'window': '2Y', 'order': 2, 'rows': 8}
{'ticker': 'QQQ', 'mode': 'tri', 'thr': 5, 'window': '2Y', 'order': 3, 'rows': 21}
{'ticker': 'QQQ', 'mode': 'tri', 'thr': 5, 'window': '2Y', 'order': 4, 'rows': 46}
{'ticker': 'QQQ', 'mode': 'tri', 'thr': 5, 'window': '5Y', 'order': 1, 'rows': 3}
{'ticker': 'QQQ', 'mode': 'tri', 'thr': 5, 'window': '5Y', 'order': 2, 'rows': 9}
{'ticker': 'QQQ', 'mode': 'tri', 'thr': 5, 'window': '5Y', 'order': 3, 'rows': 24}
{'ticker': 'QQQ', 'mode': 'tri', 'thr': 5, 'window': '5Y', 'order': 4, 'rows': 58}
{'ticker': 'QQQ', 'mode': 'tri', 'thr': 5, 'window': '10Y', 'order': 1, 'rows': 3}
{'ticker': 'QQQ', 'mode': 'tri', 'thr': 5, 'window': '10Y', 'order': 2, 'rows': 9}
{'ticker': 'QQQ', 'mode': 'tri', 'thr': 5, 'window': '10Y', 'order': 3, 'rows': 25}
{'ticker': 'QQQ', 'mode': 'tri', 'thr': 5, 'window': '10Y', 'order': 4, 'rows': 61}
{'ticker': 'QQQ', 'mode': 'tri', 'thr': 5, 'window': '20Y', 'order': 1, 'rows': 3}
{'ticker': 'QQQ', 'mode': 'tri', 'thr': 5, 'window': '20Y', 'order': 2, 'rows': 9}
{'ticker': 'QQQ', 'mode': 'tri', 'thr': 5, 'window': '20Y', 'order': 3, 'rows': 25}
{'ticker': 'QQQ', 'mode': 'tri', 'thr': 5, 'window': '20Y', 'order': 4, 'rows': 63}
{'ticker': 'QQQ', 'mode': 'tri', 'thr': 5, 'window': 'MAX', 'order': 1, 'rows': 3}
{'ticker': 'QQQ', 'mode': 'tri', 'thr': 5, 'window': 'MAX', 'order': 2, 'rows': 9}
{'ticker': 'QQQ', 'mode': 'tri', 'thr': 5, 'window': 'MAX', 'order': 3, 'rows': 25}
{'ticker': 'QQQ', 'mode': 'tri', 'thr': 5, 'window': 'MAX', 'order': 4, 'rows': 66}
{'ticker': 'QQQ', 'mode': 'tri', 'thr': 10, 'window': '1Y', 'order': 1, 'rows': 3}
{'ticker': 'QQQ', 'mode': 'tri', 'thr': 10, 'window': '1Y', 'order': 2, 'rows': 9}
{'ticker': 'QQQ', 'mode': 'tri', 'thr': 10, 'window': '1Y', 'order': 3, 'rows': 24}
{'ticker': 'QQQ', 'mode': 'tri', 'thr': 10, 'window': '1Y', 'order': 4, 'rows': 52}
{'ticker': 'QQQ', 'mode': 'tri', 'thr': 10, 'window': '2Y', 'order': 1, 'rows': 3}
{'ticker': 'QQQ', 'mode': 'tri', 'thr': 10, 'window': '2Y', 'order': 2, 'rows': 9}
{'ticker': 'QQQ', 'mode': 'tri', 'thr': 10, 'window': '2Y', 'order': 3, 'rows': 27}
{'ticker': 'QQQ', 'mode': 'tri', 'thr': 10, 'window': '2Y', 'order': 4, 'rows': 66}
{'ticker': 'QQQ', 'mode': 'tri', 'thr': 10, 'window': '5Y', 'order': 1, 'rows': 3}
{'ticker': 'QQQ', 'mode': 'tri', 'thr': 10, 'window': '5Y', 'order': 2, 'rows': 9}2025-11-12 11:26:58,021 INFO [cli] {'ticker': 'QQQ', 'mode': 'tri', 'thr': 10, 'window': '5Y', 'order': 2, 'rows': 9}
2025-11-12 11:26:58,031 INFO [cli] {'ticker': 'QQQ', 'mode': 'tri', 'thr': 10, 'window': '5Y', 'order': 3, 'rows': 27}
2025-11-12 11:26:58,040 INFO [cli] {'ticker': 'QQQ', 'mode': 'tri', 'thr': 10, 'window': '5Y', 'order': 4, 'rows': 72}
2025-11-12 11:26:58,049 INFO [cli] {'ticker': 'QQQ', 'mode': 'tri', 'thr': 10, 'window': '10Y', 'order': 1, 'rows': 3}
2025-11-12 11:26:58,059 INFO [cli] {'ticker': 'QQQ', 'mode': 'tri', 'thr': 10, 'window': '10Y', 'order': 2, 'rows': 9}
2025-11-12 11:26:58,068 INFO [cli] {'ticker': 'QQQ', 'mode': 'tri', 'thr': 10, 'window': '10Y', 'order': 3, 'rows': 27}
2025-11-12 11:26:58,078 INFO [cli] {'ticker': 'QQQ', 'mode': 'tri', 'thr': 10, 'window': '10Y', 'order': 4, 'rows': 77}
2025-11-12 11:26:58,087 INFO [cli] {'ticker': 'QQQ', 'mode': 'tri', 'thr': 10, 'window': '20Y', 'order': 1, 'rows': 3}
2025-11-12 11:26:58,096 INFO [cli] {'ticker': 'QQQ', 'mode': 'tri', 'thr': 10, 'window': '20Y', 'order': 2, 'rows': 9}
2025-11-12 11:26:58,105 INFO [cli] {'ticker': 'QQQ', 'mode': 'tri', 'thr': 10, 'window': '20Y', 'order': 3, 'rows': 27}
2025-11-12 11:26:58,114 INFO [cli] {'ticker': 'QQQ', 'mode': 'tri', 'thr': 10, 'window': '20Y', 'order': 4, 'rows': 79}
2025-11-12 11:26:58,123 INFO [cli] {'ticker': 'QQQ', 'mode': 'tri', 'thr': 10, 'window': 'MAX', 'order': 1, 'rows': 3}
2025-11-12 11:26:58,132 INFO [cli] {'ticker': 'QQQ', 'mode': 'tri', 'thr': 10, 'window': 'MAX', 'order': 2, 'rows': 9}
2025-11-12 11:26:58,142 INFO [cli] {'ticker': 'QQQ', 'mode': 'tri', 'thr': 10, 'window': 'MAX', 'order': 3, 'rows': 27}
2025-11-12 11:26:58,152 INFO [cli] {'ticker': 'QQQ', 'mode': 'tri', 'thr': 10, 'window': 'MAX', 'order': 4, 'rows': 79}
2025-11-12 11:26:58,167 INFO [cli] {'ticker': 'QQQ', 'mode': 'tri', 'thr': 15, 'window': '1Y', 'order': 1, 'rows': 3}
2025-11-12 11:26:58,176 INFO [cli] {'ticker': 'QQQ', 'mode': 'tri', 'thr': 15, 'window': '1Y', 'order': 2, 'rows': 9}
2025-11-12 11:26:58,184 INFO [cli] {'ticker': 'QQQ', 'mode': 'tri', 'thr': 15, 'window': '1Y', 'order': 3, 'rows': 25}
2025-11-12 11:26:58,194 INFO [cli] {'ticker': 'QQQ', 'mode': 'tri', 'thr': 15, 'window': '1Y', 'order': 4, 'rows': 58}
2025-11-12 11:26:58,203 INFO [cli] {'ticker': 'QQQ', 'mode': 'tri', 'thr': 15, 'window': '2Y', 'order': 1, 'rows': 3}
2025-11-12 11:26:58,211 INFO [cli] {'ticker': 'QQQ', 'mode': 'tri', 'thr': 15, 'window': '2Y', 'order': 2, 'rows': 9}
2025-11-12 11:26:58,221 INFO [cli] {'ticker': 'QQQ', 'mode': 'tri', 'thr': 15, 'window': '2Y', 'order': 3, 'rows': 27}
2025-11-12 11:26:58,231 INFO [cli] {'ticker': 'QQQ', 'mode': 'tri', 'thr': 15, 'window': '2Y', 'order': 4, 'rows': 69}
2025-11-12 11:26:58,241 INFO [cli] {'ticker': 'QQQ', 'mode': 'tri', 'thr': 15, 'window': '5Y', 'order': 1, 'rows': 3}
2025-11-12 11:26:58,252 INFO [cli] {'ticker': 'QQQ', 'mode': 'tri', 'thr': 15, 'window': '5Y', 'order': 2, 'rows': 9}
2025-11-12 11:26:58,262 INFO [cli] {'ticker': 'QQQ', 'mode': 'tri', 'thr': 15, 'window': '5Y', 'order': 3, 'rows': 27}
2025-11-12 11:26:58,271 INFO [cli] {'ticker': 'QQQ', 'mode': 'tri', 'thr': 15, 'window': '5Y', 'order': 4, 'rows': 75}
2025-11-12 11:26:58,281 INFO [cli] {'ticker': 'QQQ', 'mode': 'tri', 'thr': 15, 'window': '10Y', 'order': 1, 'rows': 3}
2025-11-12 11:26:58,290 INFO [cli] {'ticker': 'QQQ', 'mode': 'tri', 'thr': 15, 'window': '10Y', 'order': 2, 'rows': 9}
2025-11-12 11:26:58,299 INFO [cli] {'ticker': 'QQQ', 'mode': 'tri', 'thr': 15, 'window': '10Y', 'order': 3, 'rows': 27}
2025-11-12 11:26:58,309 INFO [cli] {'ticker': 'QQQ', 'mode': 'tri', 'thr': 15, 'window': '10Y', 'order': 4, 'rows': 80}
2025-11-12 11:26:58,317 INFO [cli] {'ticker': 'QQQ', 'mode': 'tri', 'thr': 15, 'window': '20Y', 'order': 1, 'rows': 3}
2025-11-12 11:26:58,327 INFO [cli] {'ticker': 'QQQ', 'mode': 'tri', 'thr': 15, 'window': '20Y', 'order': 2, 'rows': 9}
2025-11-12 11:26:58,337 INFO [cli] {'ticker': 'QQQ', 'mode': 'tri', 'thr': 15, 'window': '20Y', 'order': 3, 'rows': 27}
2025-11-12 11:26:58,356 INFO [cli] {'ticker': 'QQQ', 'mode': 'tri', 'thr': 15, 'window': '20Y', 'order': 4, 'rows': 81}
2025-11-12 11:26:58,365 INFO [cli] {'ticker': 'QQQ', 'mode': 'tri', 'thr': 15, 'window': 'MAX', 'order': 1, 'rows': 3}
2025-11-12 11:26:58,380 INFO [cli] {'ticker': 'QQQ', 'mode': 'tri', 'thr': 15, 'window': 'MAX', 'order': 2, 'rows': 9}
2025-11-12 11:26:58,390 INFO [cli] {'ticker': 'QQQ', 'mode': 'tri', 'thr': 15, 'window': 'MAX', 'order': 3, 'rows': 27}
2025-11-12 11:26:58,398 INFO [cli] {'ticker': 'QQQ', 'mode': 'tri', 'thr': 15, 'window': 'MAX', 'order': 4, 'rows': 81}
2025-11-12 11:26:58,414 INFO [cli] {'ticker': 'QQQ', 'mode': 'tri', 'thr': 20, 'window': '1Y', 'order': 1, 'rows': 3}
2025-11-12 11:26:58,424 INFO [cli] {'ticker': 'QQQ', 'mode': 'tri', 'thr': 20, 'window': '1Y', 'order': 2, 'rows': 9}
2025-11-12 11:26:58,436 INFO [cli] {'ticker': 'QQQ', 'mode': 'tri', 'thr': 20, 'window': '1Y', 'order': 3, 'rows': 27}
2025-11-12 11:26:58,447 INFO [cli] {'ticker': 'QQQ', 'mode': 'tri', 'thr': 20, 'window': '1Y', 'order': 4, 'rows': 71}
2025-11-12 11:26:58,457 INFO [cli] {'ticker': 'QQQ', 'mode': 'tri', 'thr': 20, 'window': '2Y', 'order': 1, 'rows': 3}
2025-11-12 11:26:58,466 INFO [cli] {'ticker': 'QQQ', 'mode': 'tri', 'thr': 20, 'window': '2Y', 'order': 2, 'rows': 9}
2025-11-12 11:26:58,476 INFO [cli] {'ticker': 'QQQ', 'mode': 'tri', 'thr': 20, 'window': '2Y', 'order': 3, 'rows': 27}
2025-11-12 11:26:58,485 INFO [cli] {'ticker': 'QQQ', 'mode': 'tri', 'thr': 20, 'window': '2Y', 'order': 4, 'rows': 75}
2025-11-12 11:26:58,494 INFO [cli] {'ticker': 'QQQ', 'mode': 'tri', 'thr': 20, 'window': '5Y', 'order': 1, 'rows': 3}
2025-11-12 11:26:58,503 INFO [cli] {'ticker': 'QQQ', 'mode': 'tri', 'thr': 20, 'window': '5Y', 'order': 2, 'rows': 9}
2025-11-12 11:26:58,513 INFO [cli] {'ticker': 'QQQ', 'mode': 'tri', 'thr': 20, 'window': '5Y', 'order': 3, 'rows': 27}
2025-11-12 11:26:58,522 INFO [cli] {'ticker': 'QQQ', 'mode': 'tri', 'thr': 20, 'window': '5Y', 'order': 4, 'rows': 77}
2025-11-12 11:26:58,531 INFO [cli] {'ticker': 'QQQ', 'mode': 'tri', 'thr': 20, 'window': '10Y', 'order': 1, 'rows': 3}
2025-11-12 11:26:58,542 INFO [cli] {'ticker': 'QQQ', 'mode': 'tri', 'thr': 20, 'window': '10Y', 'order': 2, 'rows': 9}
2025-11-12 11:26:58,553 INFO [cli] {'ticker': 'QQQ', 'mode': 'tri', 'thr': 20, 'window': '10Y', 'order': 3, 'rows': 27}
2025-11-12 11:26:58,561 INFO [cli] {'ticker': 'QQQ', 'mode': 'tri', 'thr': 20, 'window': '10Y', 'order': 4, 'rows': 81}
2025-11-12 11:26:58,570 INFO [cli] {'ticker': 'QQQ', 'mode': 'tri', 'thr': 20, 'window': '20Y', 'order': 1, 'rows': 3}
2025-11-12 11:26:58,581 INFO [cli] {'ticker': 'QQQ', 'mode': 'tri', 'thr': 20, 'window': '20Y', 'order': 2, 'rows': 9}
2025-11-12 11:26:58,590 INFO [cli] {'ticker': 'QQQ', 'mode': 'tri', 'thr': 20, 'window': '20Y', 'order': 3, 'rows': 27}
2025-11-12 11:26:58,600 INFO [cli] {'ticker': 'QQQ', 'mode': 'tri', 'thr': 20, 'window': '20Y', 'order': 4, 'rows': 81}
2025-11-12 11:26:58,608 INFO [cli] {'ticker': 'QQQ', 'mode': 'tri', 'thr': 20, 'window': 'MAX', 'order': 1, 'rows': 3}
2025-11-12 11:26:58,617 INFO [cli] {'ticker': 'QQQ', 'mode': 'tri', 'thr': 20, 'window': 'MAX', 'order': 2, 'rows': 9}
2025-11-12 11:26:58,626 INFO [cli] {'ticker': 'QQQ', 'mode': 'tri', 'thr': 20, 'window': 'MAX', 'order': 3, 'rows': 27}
2025-11-12 11:26:58,637 INFO [cli] {'ticker': 'QQQ', 'mode': 'tri', 'thr': 20, 'window': 'MAX', 'order': 4, 'rows': 81}
2025-11-12 11:26:58,654 INFO [cli] {'ticker': 'QQQ', 'mode': 'tri', 'thr': 25, 'window': '1Y', 'order': 1, 'rows': 3}
2025-11-12 11:26:58,666 INFO [cli] {'ticker': 'QQQ', 'mode': 'tri', 'thr': 25, 'window': '1Y', 'order': 2, 'rows': 9}
2025-11-12 11:26:58,676 INFO [cli] {'ticker': 'QQQ', 'mode': 'tri', 'thr': 25, 'window': '1Y', 'order': 3, 'rows': 27}
2025-11-12 11:26:58,686 INFO [cli] {'ticker': 'QQQ', 'mode': 'tri', 'thr': 25, 'window': '1Y', 'order': 4, 'rows': 72}
2025-11-12 11:26:58,696 INFO [cli] {'ticker': 'QQQ', 'mode': 'tri', 'thr': 25, 'window': '2Y', 'order': 1, 'rows': 3}
2025-11-12 11:26:58,706 INFO [cli] {'ticker': 'QQQ', 'mode': 'tri', 'thr': 25, 'window': '2Y', 'order': 2, 'rows': 9}
2025-11-12 11:26:58,716 INFO [cli] {'ticker': 'QQQ', 'mode': 'tri', 'thr': 25, 'window': '2Y', 'order': 3, 'rows': 27}
2025-11-12 11:26:58,725 INFO [cli] {'ticker': 'QQQ', 'mode': 'tri', 'thr': 25, 'window': '2Y', 'order': 4, 'rows': 76}
2025-11-12 11:26:58,735 INFO [cli] {'ticker': 'QQQ', 'mode': 'tri', 'thr': 25, 'window': '5Y', 'order': 1, 'rows': 3}
2025-11-12 11:26:58,747 INFO [cli] {'ticker': 'QQQ', 'mode': 'tri', 'thr': 25, 'window': '5Y', 'order': 2, 'rows': 9}
2025-11-12 11:26:58,756 INFO [cli] {'ticker': 'QQQ', 'mode': 'tri', 'thr': 25, 'window': '5Y', 'order': 3, 'rows': 27}
2025-11-12 11:26:58,767 INFO [cli] {'ticker': 'QQQ', 'mode': 'tri', 'thr': 25, 'window': '5Y', 'order': 4, 'rows': 79}
2025-11-12 11:26:58,778 INFO [cli] {'ticker': 'QQQ', 'mode': 'tri', 'thr': 25, 'window': '10Y', 'order': 1, 'rows': 3}
2025-11-12 11:26:58,788 INFO [cli] {'ticker': 'QQQ', 'mode': 'tri', 'thr': 25, 'window': '10Y', 'order': 2, 'rows': 9}
2025-11-12 11:26:58,799 INFO [cli] {'ticker': 'QQQ', 'mode': 'tri', 'thr': 25, 'window': '10Y', 'order': 3, 'rows': 27}
2025-11-12 11:26:58,808 INFO [cli] {'ticker': 'QQQ', 'mode': 'tri', 'thr': 25, 'window': '10Y', 'order': 4, 'rows': 81}
2025-11-12 11:26:58,817 INFO [cli] {'ticker': 'QQQ', 'mode': 'tri', 'thr': 25, 'window': '20Y', 'order': 1, 'rows': 3}
2025-11-12 11:26:58,828 INFO [cli] {'ticker': 'QQQ', 'mode': 'tri', 'thr': 25, 'window': '20Y', 'order': 2, 'rows': 9}
2025-11-12 11:26:58,838 INFO [cli] {'ticker': 'QQQ', 'mode': 'tri', 'thr': 25, 'window': '20Y', 'order': 3, 'rows': 27}
2025-11-12 11:26:58,848 INFO [cli] {'ticker': 'QQQ', 'mode': 'tri', 'thr': 25, 'window': '20Y', 'order': 4, 'rows': 81}
2025-11-12 11:26:58,861 INFO [cli] {'ticker': 'QQQ', 'mode': 'tri', 'thr': 25, 'window': 'MAX', 'order': 1, 'rows': 3}
2025-11-12 11:26:58,870 INFO [cli] {'ticker': 'QQQ', 'mode': 'tri', 'thr': 25, 'window': 'MAX', 'order': 2, 'rows': 9}
2025-11-12 11:26:58,880 INFO [cli] {'ticker': 'QQQ', 'mode': 'tri', 'thr': 25, 'window': 'MAX', 'order': 3, 'rows': 27}
2025-11-12 11:26:58,889 INFO [cli] {'ticker': 'QQQ', 'mode': 'tri', 'thr': 25, 'window': 'MAX', 'order': 4, 'rows': 81}
2025-11-12 11:26:58,907 INFO [cli] {'ticker': 'QQQ', 'mode': 'tri', 'thr': 30, 'window': '1Y', 'order': 1, 'rows': 3}
2025-11-12 11:26:58,915 INFO [cli] {'ticker': 'QQQ', 'mode': 'tri', 'thr': 30, 'window': '1Y', 'order': 2, 'rows': 9}
2025-11-12 11:26:58,924 INFO [cli] {'ticker': 'QQQ', 'mode': 'tri', 'thr': 30, 'window': '1Y', 'order': 3, 'rows': 27}
2025-11-12 11:26:58,934 INFO [cli] {'ticker': 'QQQ', 'mode': 'tri', 'thr': 30, 'window': '1Y', 'order': 4, 'rows': 73}
2025-11-12 11:26:58,943 INFO [cli] {'ticker': 'QQQ', 'mode': 'tri', 'thr': 30, 'window': '2Y', 'order': 1, 'rows': 3}
2025-11-12 11:26:58,953 INFO [cli] {'ticker': 'QQQ', 'mode': 'tri', 'thr': 30, 'window': '2Y', 'order': 2, 'rows': 9}
2025-11-12 11:26:58,962 INFO [cli] {'ticker': 'QQQ', 'mode': 'tri', 'thr': 30, 'window': '2Y', 'order': 3, 'rows': 27}
2025-11-12 11:26:58,974 INFO [cli] {'ticker': 'QQQ', 'mode': 'tri', 'thr': 30, 'window': '2Y', 'order': 4, 'rows': 79}
2025-11-12 11:26:58,983 INFO [cli] {'ticker': 'QQQ', 'mode': 'tri', 'thr': 30, 'window': '5Y', 'order': 1, 'rows': 3}
2025-11-12 11:26:58,993 INFO [cli] {'ticker': 'QQQ', 'mode': 'tri', 'thr': 30, 'window': '5Y', 'order': 2, 'rows': 9}
2025-11-12 11:26:59,004 INFO [cli] {'ticker': 'QQQ', 'mode': 'tri', 'thr': 30, 'window': '5Y', 'order': 3, 'rows': 27}

{'ticker': 'QQQ', 'mode': 'tri', 'thr': 10, 'window': '5Y', 'order': 3, 'rows': 27}
{'ticker': 'QQQ', 'mode': 'tri', 'thr': 10, 'window': '5Y', 'order': 4, 'rows': 72}
{'ticker': 'QQQ', 'mode': 'tri', 'thr': 10, 'window': '10Y', 'order': 1, 'rows': 3}
{'ticker': 'QQQ', 'mode': 'tri', 'thr': 10, 'window': '10Y', 'order': 2, 'rows': 9}
{'ticker': 'QQQ', 'mode': 'tri', 'thr': 10, 'window': '10Y', 'order': 3, 'rows': 27}
{'ticker': 'QQQ', 'mode': 'tri', 'thr': 10, 'window': '10Y', 'order': 4, 'rows': 77}
{'ticker': 'QQQ', 'mode': 'tri', 'thr': 10, 'window': '20Y', 'order': 1, 'rows': 3}
{'ticker': 'QQQ', 'mode': 'tri', 'thr': 10, 'window': '20Y', 'order': 2, 'rows': 9}
{'ticker': 'QQQ', 'mode': 'tri', 'thr': 10, 'window': '20Y', 'order': 3, 'rows': 27}
{'ticker': 'QQQ', 'mode': 'tri', 'thr': 10, 'window': '20Y', 'order': 4, 'rows': 79}
{'ticker': 'QQQ', 'mode': 'tri', 'thr': 10, 'window': 'MAX', 'order': 1, 'rows': 3}
{'ticker': 'QQQ', 'mode': 'tri', 'thr': 10, 'window': 'MAX', 'order': 2, 'rows': 9}
{'ticker': 'QQQ', 'mode': 'tri', 'thr': 10, 'window': 'MAX', 'order': 3, 'rows': 27}
{'ticker': 'QQQ', 'mode': 'tri', 'thr': 10, 'window': 'MAX', 'order': 4, 'rows': 79}
{'ticker': 'QQQ', 'mode': 'tri', 'thr': 15, 'window': '1Y', 'order': 1, 'rows': 3}
{'ticker': 'QQQ', 'mode': 'tri', 'thr': 15, 'window': '1Y', 'order': 2, 'rows': 9}
{'ticker': 'QQQ', 'mode': 'tri', 'thr': 15, 'window': '1Y', 'order': 3, 'rows': 25}
{'ticker': 'QQQ', 'mode': 'tri', 'thr': 15, 'window': '1Y', 'order': 4, 'rows': 58}
{'ticker': 'QQQ', 'mode': 'tri', 'thr': 15, 'window': '2Y', 'order': 1, 'rows': 3}
{'ticker': 'QQQ', 'mode': 'tri', 'thr': 15, 'window': '2Y', 'order': 2, 'rows': 9}
{'ticker': 'QQQ', 'mode': 'tri', 'thr': 15, 'window': '2Y', 'order': 3, 'rows': 27}
{'ticker': 'QQQ', 'mode': 'tri', 'thr': 15, 'window': '2Y', 'order': 4, 'rows': 69}
{'ticker': 'QQQ', 'mode': 'tri', 'thr': 15, 'window': '5Y', 'order': 1, 'rows': 3}
{'ticker': 'QQQ', 'mode': 'tri', 'thr': 15, 'window': '5Y', 'order': 2, 'rows': 9}
{'ticker': 'QQQ', 'mode': 'tri', 'thr': 15, 'window': '5Y', 'order': 3, 'rows': 27}
{'ticker': 'QQQ', 'mode': 'tri', 'thr': 15, 'window': '5Y', 'order': 4, 'rows': 75}
{'ticker': 'QQQ', 'mode': 'tri', 'thr': 15, 'window': '10Y', 'order': 1, 'rows': 3}
{'ticker': 'QQQ', 'mode': 'tri', 'thr': 15, 'window': '10Y', 'order': 2, 'rows': 9}
{'ticker': 'QQQ', 'mode': 'tri', 'thr': 15, 'window': '10Y', 'order': 3, 'rows': 27}
{'ticker': 'QQQ', 'mode': 'tri', 'thr': 15, 'window': '10Y', 'order': 4, 'rows': 80}
{'ticker': 'QQQ', 'mode': 'tri', 'thr': 15, 'window': '20Y', 'order': 1, 'rows': 3}
{'ticker': 'QQQ', 'mode': 'tri', 'thr': 15, 'window': '20Y', 'order': 2, 'rows': 9}
{'ticker': 'QQQ', 'mode': 'tri', 'thr': 15, 'window': '20Y', 'order': 3, 'rows': 27}
{'ticker': 'QQQ', 'mode': 'tri', 'thr': 15, 'window': '20Y', 'order': 4, 'rows': 81}
{'ticker': 'QQQ', 'mode': 'tri', 'thr': 15, 'window': 'MAX', 'order': 1, 'rows': 3}
{'ticker': 'QQQ', 'mode': 'tri', 'thr': 15, 'window': 'MAX', 'order': 2, 'rows': 9}
{'ticker': 'QQQ', 'mode': 'tri', 'thr': 15, 'window': 'MAX', 'order': 3, 'rows': 27}
{'ticker': 'QQQ', 'mode': 'tri', 'thr': 15, 'window': 'MAX', 'order': 4, 'rows': 81}
{'ticker': 'QQQ', 'mode': 'tri', 'thr': 20, 'window': '1Y', 'order': 1, 'rows': 3}
{'ticker': 'QQQ', 'mode': 'tri', 'thr': 20, 'window': '1Y', 'order': 2, 'rows': 9}
{'ticker': 'QQQ', 'mode': 'tri', 'thr': 20, 'window': '1Y', 'order': 3, 'rows': 27}
{'ticker': 'QQQ', 'mode': 'tri', 'thr': 20, 'window': '1Y', 'order': 4, 'rows': 71}
{'ticker': 'QQQ', 'mode': 'tri', 'thr': 20, 'window': '2Y', 'order': 1, 'rows': 3}
{'ticker': 'QQQ', 'mode': 'tri', 'thr': 20, 'window': '2Y', 'order': 2, 'rows': 9}
{'ticker': 'QQQ', 'mode': 'tri', 'thr': 20, 'window': '2Y', 'order': 3, 'rows': 27}
{'ticker': 'QQQ', 'mode': 'tri', 'thr': 20, 'window': '2Y', 'order': 4, 'rows': 75}
{'ticker': 'QQQ', 'mode': 'tri', 'thr': 20, 'window': '5Y', 'order': 1, 'rows': 3}
{'ticker': 'QQQ', 'mode': 'tri', 'thr': 20, 'window': '5Y', 'order': 2, 'rows': 9}
{'ticker': 'QQQ', 'mode': 'tri', 'thr': 20, 'window': '5Y', 'order': 3, 'rows': 27}
{'ticker': 'QQQ', 'mode': 'tri', 'thr': 20, 'window': '5Y', 'order': 4, 'rows': 77}
{'ticker': 'QQQ', 'mode': 'tri', 'thr': 20, 'window': '10Y', 'order': 1, 'rows': 3}
{'ticker': 'QQQ', 'mode': 'tri', 'thr': 20, 'window': '10Y', 'order': 2, 'rows': 9}
{'ticker': 'QQQ', 'mode': 'tri', 'thr': 20, 'window': '10Y', 'order': 3, 'rows': 27}
{'ticker': 'QQQ', 'mode': 'tri', 'thr': 20, 'window': '10Y', 'order': 4, 'rows': 81}
{'ticker': 'QQQ', 'mode': 'tri', 'thr': 20, 'window': '20Y', 'order': 1, 'rows': 3}
{'ticker': 'QQQ', 'mode': 'tri', 'thr': 20, 'window': '20Y', 'order': 2, 'rows': 9}
{'ticker': 'QQQ', 'mode': 'tri', 'thr': 20, 'window': '20Y', 'order': 3, 'rows': 27}
{'ticker': 'QQQ', 'mode': 'tri', 'thr': 20, 'window': '20Y', 'order': 4, 'rows': 81}
{'ticker': 'QQQ', 'mode': 'tri', 'thr': 20, 'window': 'MAX', 'order': 1, 'rows': 3}
{'ticker': 'QQQ', 'mode': 'tri', 'thr': 20, 'window': 'MAX', 'order': 2, 'rows': 9}
{'ticker': 'QQQ', 'mode': 'tri', 'thr': 20, 'window': 'MAX', 'order': 3, 'rows': 27}
{'ticker': 'QQQ', 'mode': 'tri', 'thr': 20, 'window': 'MAX', 'order': 4, 'rows': 81}
{'ticker': 'QQQ', 'mode': 'tri', 'thr': 25, 'window': '1Y', 'order': 1, 'rows': 3}
{'ticker': 'QQQ', 'mode': 'tri', 'thr': 25, 'window': '1Y', 'order': 2, 'rows': 9}
{'ticker': 'QQQ', 'mode': 'tri', 'thr': 25, 'window': '1Y', 'order': 3, 'rows': 27}
{'ticker': 'QQQ', 'mode': 'tri', 'thr': 25, 'window': '1Y', 'order': 4, 'rows': 72}
{'ticker': 'QQQ', 'mode': 'tri', 'thr': 25, 'window': '2Y', 'order': 1, 'rows': 3}
{'ticker': 'QQQ', 'mode': 'tri', 'thr': 25, 'window': '2Y', 'order': 2, 'rows': 9}
{'ticker': 'QQQ', 'mode': 'tri', 'thr': 25, 'window': '2Y', 'order': 3, 'rows': 27}
{'ticker': 'QQQ', 'mode': 'tri', 'thr': 25, 'window': '2Y', 'order': 4, 'rows': 76}
{'ticker': 'QQQ', 'mode': 'tri', 'thr': 25, 'window': '5Y', 'order': 1, 'rows': 3}
{'ticker': 'QQQ', 'mode': 'tri', 'thr': 25, 'window': '5Y', 'order': 2, 'rows': 9}
{'ticker': 'QQQ', 'mode': 'tri', 'thr': 25, 'window': '5Y', 'order': 3, 'rows': 27}
{'ticker': 'QQQ', 'mode': 'tri', 'thr': 25, 'window': '5Y', 'order': 4, 'rows': 79}
{'ticker': 'QQQ', 'mode': 'tri', 'thr': 25, 'window': '10Y', 'order': 1, 'rows': 3}
{'ticker': 'QQQ', 'mode': 'tri', 'thr': 25, 'window': '10Y', 'order': 2, 'rows': 9}
{'ticker': 'QQQ', 'mode': 'tri', 'thr': 25, 'window': '10Y', 'order': 3, 'rows': 27}
{'ticker': 'QQQ', 'mode': 'tri', 'thr': 25, 'window': '10Y', 'order': 4, 'rows': 81}
{'ticker': 'QQQ', 'mode': 'tri', 'thr': 25, 'window': '20Y', 'order': 1, 'rows': 3}
{'ticker': 'QQQ', 'mode': 'tri', 'thr': 25, 'window': '20Y', 'order': 2, 'rows': 9}
{'ticker': 'QQQ', 'mode': 'tri', 'thr': 25, 'window': '20Y', 'order': 3, 'rows': 27}
{'ticker': 'QQQ', 'mode': 'tri', 'thr': 25, 'window': '20Y', 'order': 4, 'rows': 81}
{'ticker': 'QQQ', 'mode': 'tri', 'thr': 25, 'window': 'MAX', 'order': 1, 'rows': 3}
{'ticker': 'QQQ', 'mode': 'tri', 'thr': 25, 'window': 'MAX', 'order': 2, 'rows': 9}
{'ticker': 'QQQ', 'mode': 'tri', 'thr': 25, 'window': 'MAX', 'order': 3, 'rows': 27}
{'ticker': 'QQQ', 'mode': 'tri', 'thr': 25, 'window': 'MAX', 'order': 4, 'rows': 81}
{'ticker': 'QQQ', 'mode': 'tri', 'thr': 30, 'window': '1Y', 'order': 1, 'rows': 3}
{'ticker': 'QQQ', 'mode': 'tri', 'thr': 30, 'window': '1Y', 'order': 2, 'rows': 9}
{'ticker': 'QQQ', 'mode': 'tri', 'thr': 30, 'window': '1Y', 'order': 3, 'rows': 27}
{'ticker': 'QQQ', 'mode': 'tri', 'thr': 30, 'window': '1Y', 'order': 4, 'rows': 73}
{'ticker': 'QQQ', 'mode': 'tri', 'thr': 30, 'window': '2Y', 'order': 1, 'rows': 3}
{'ticker': 'QQQ', 'mode': 'tri', 'thr': 30, 'window': '2Y', 'order': 2, 'rows': 9}
{'ticker': 'QQQ', 'mode': 'tri', 'thr': 30, 'window': '2Y', 'order': 3, 'rows': 27}
{'ticker': 'QQQ', 'mode': 'tri', 'thr': 30, 'window': '2Y', 'order': 4, 'rows': 79}
{'ticker': 'QQQ', 'mode': 'tri', 'thr': 30, 'window': '5Y', 'order': 1, 'rows': 3}
{'ticker': 'QQQ', 'mode': 'tri', 'thr': 30, 'window': '5Y', 'order': 2, 'rows': 9}
{'ticker': 'QQQ', 'mode': 'tri', 'thr': 30, 'window': '5Y', 'order': 3, 'rows': 27}
{'ticker': 'QQQ', 'mode': 'tri', 'thr': 30, 'window': '5Y', 'order': 4, 'rows': 80}2025-11-12 11:26:59,013 INFO [cli] {'ticker': 'QQQ', 'mode': 'tri', 'thr': 30, 'window': '5Y', 'order': 4, 'rows': 80}
2025-11-12 11:26:59,022 INFO [cli] {'ticker': 'QQQ', 'mode': 'tri', 'thr': 30, 'window': '10Y', 'order': 1, 'rows': 3}
2025-11-12 11:26:59,032 INFO [cli] {'ticker': 'QQQ', 'mode': 'tri', 'thr': 30, 'window': '10Y', 'order': 2, 'rows': 9}
2025-11-12 11:26:59,042 INFO [cli] {'ticker': 'QQQ', 'mode': 'tri', 'thr': 30, 'window': '10Y', 'order': 3, 'rows': 27}
2025-11-12 11:26:59,052 INFO [cli] {'ticker': 'QQQ', 'mode': 'tri', 'thr': 30, 'window': '10Y', 'order': 4, 'rows': 81}
2025-11-12 11:26:59,060 INFO [cli] {'ticker': 'QQQ', 'mode': 'tri', 'thr': 30, 'window': '20Y', 'order': 1, 'rows': 3}
2025-11-12 11:26:59,070 INFO [cli] {'ticker': 'QQQ', 'mode': 'tri', 'thr': 30, 'window': '20Y', 'order': 2, 'rows': 9}
2025-11-12 11:26:59,079 INFO [cli] {'ticker': 'QQQ', 'mode': 'tri', 'thr': 30, 'window': '20Y', 'order': 3, 'rows': 27}
2025-11-12 11:26:59,088 INFO [cli] {'ticker': 'QQQ', 'mode': 'tri', 'thr': 30, 'window': '20Y', 'order': 4, 'rows': 81}
2025-11-12 11:26:59,099 INFO [cli] {'ticker': 'QQQ', 'mode': 'tri', 'thr': 30, 'window': 'MAX', 'order': 1, 'rows': 3}
2025-11-12 11:26:59,108 INFO [cli] {'ticker': 'QQQ', 'mode': 'tri', 'thr': 30, 'window': 'MAX', 'order': 2, 'rows': 9}
2025-11-12 11:26:59,118 INFO [cli] {'ticker': 'QQQ', 'mode': 'tri', 'thr': 30, 'window': 'MAX', 'order': 3, 'rows': 27}
2025-11-12 11:26:59,127 INFO [cli] {'ticker': 'QQQ', 'mode': 'tri', 'thr': 30, 'window': 'MAX', 'order': 4, 'rows': 81}
2025-11-12 11:26:59,144 INFO [cli] {'ticker': 'QQQ', 'mode': 'tri', 'thr': 35, 'window': '1Y', 'order': 1, 'rows': 3}
2025-11-12 11:26:59,154 INFO [cli] {'ticker': 'QQQ', 'mode': 'tri', 'thr': 35, 'window': '1Y', 'order': 2, 'rows': 9}
2025-11-12 11:26:59,165 INFO [cli] {'ticker': 'QQQ', 'mode': 'tri', 'thr': 35, 'window': '1Y', 'order': 3, 'rows': 27}
2025-11-12 11:26:59,174 INFO [cli] {'ticker': 'QQQ', 'mode': 'tri', 'thr': 35, 'window': '1Y', 'order': 4, 'rows': 74}
2025-11-12 11:26:59,183 INFO [cli] {'ticker': 'QQQ', 'mode': 'tri', 'thr': 35, 'window': '2Y', 'order': 1, 'rows': 3}
2025-11-12 11:26:59,193 INFO [cli] {'ticker': 'QQQ', 'mode': 'tri', 'thr': 35, 'window': '2Y', 'order': 2, 'rows': 9}
2025-11-12 11:26:59,203 INFO [cli] {'ticker': 'QQQ', 'mode': 'tri', 'thr': 35, 'window': '2Y', 'order': 3, 'rows': 27}
2025-11-12 11:26:59,214 INFO [cli] {'ticker': 'QQQ', 'mode': 'tri', 'thr': 35, 'window': '2Y', 'order': 4, 'rows': 79}
2025-11-12 11:26:59,225 INFO [cli] {'ticker': 'QQQ', 'mode': 'tri', 'thr': 35, 'window': '5Y', 'order': 1, 'rows': 3}
2025-11-12 11:26:59,235 INFO [cli] {'ticker': 'QQQ', 'mode': 'tri', 'thr': 35, 'window': '5Y', 'order': 2, 'rows': 9}
2025-11-12 11:26:59,244 INFO [cli] {'ticker': 'QQQ', 'mode': 'tri', 'thr': 35, 'window': '5Y', 'order': 3, 'rows': 27}
2025-11-12 11:26:59,253 INFO [cli] {'ticker': 'QQQ', 'mode': 'tri', 'thr': 35, 'window': '5Y', 'order': 4, 'rows': 81}
2025-11-12 11:26:59,263 INFO [cli] {'ticker': 'QQQ', 'mode': 'tri', 'thr': 35, 'window': '10Y', 'order': 1, 'rows': 3}
2025-11-12 11:26:59,272 INFO [cli] {'ticker': 'QQQ', 'mode': 'tri', 'thr': 35, 'window': '10Y', 'order': 2, 'rows': 9}
2025-11-12 11:26:59,283 INFO [cli] {'ticker': 'QQQ', 'mode': 'tri', 'thr': 35, 'window': '10Y', 'order': 3, 'rows': 27}
2025-11-12 11:26:59,293 INFO [cli] {'ticker': 'QQQ', 'mode': 'tri', 'thr': 35, 'window': '10Y', 'order': 4, 'rows': 81}
2025-11-12 11:26:59,302 INFO [cli] {'ticker': 'QQQ', 'mode': 'tri', 'thr': 35, 'window': '20Y', 'order': 1, 'rows': 3}
2025-11-12 11:26:59,322 INFO [cli] {'ticker': 'QQQ', 'mode': 'tri', 'thr': 35, 'window': '20Y', 'order': 2, 'rows': 9}
2025-11-12 11:26:59,331 INFO [cli] {'ticker': 'QQQ', 'mode': 'tri', 'thr': 35, 'window': '20Y', 'order': 3, 'rows': 27}
2025-11-12 11:26:59,342 INFO [cli] {'ticker': 'QQQ', 'mode': 'tri', 'thr': 35, 'window': '20Y', 'order': 4, 'rows': 81}
2025-11-12 11:26:59,354 INFO [cli] {'ticker': 'QQQ', 'mode': 'tri', 'thr': 35, 'window': 'MAX', 'order': 1, 'rows': 3}
2025-11-12 11:26:59,366 INFO [cli] {'ticker': 'QQQ', 'mode': 'tri', 'thr': 35, 'window': 'MAX', 'order': 2, 'rows': 9}
2025-11-12 11:26:59,376 INFO [cli] {'ticker': 'QQQ', 'mode': 'tri', 'thr': 35, 'window': 'MAX', 'order': 3, 'rows': 27}
2025-11-12 11:26:59,386 INFO [cli] {'ticker': 'QQQ', 'mode': 'tri', 'thr': 35, 'window': 'MAX', 'order': 4, 'rows': 81}
2025-11-12 11:26:59,405 INFO [cli] {'ticker': 'QQQ', 'mode': 'tri', 'thr': 40, 'window': '1Y', 'order': 1, 'rows': 3}
2025-11-12 11:26:59,415 INFO [cli] {'ticker': 'QQQ', 'mode': 'tri', 'thr': 40, 'window': '1Y', 'order': 2, 'rows': 9}
2025-11-12 11:26:59,423 INFO [cli] {'ticker': 'QQQ', 'mode': 'tri', 'thr': 40, 'window': '1Y', 'order': 3, 'rows': 27}
2025-11-12 11:26:59,433 INFO [cli] {'ticker': 'QQQ', 'mode': 'tri', 'thr': 40, 'window': '1Y', 'order': 4, 'rows': 75}
2025-11-12 11:26:59,442 INFO [cli] {'ticker': 'QQQ', 'mode': 'tri', 'thr': 40, 'window': '2Y', 'order': 1, 'rows': 3}
2025-11-12 11:26:59,454 INFO [cli] {'ticker': 'QQQ', 'mode': 'tri', 'thr': 40, 'window': '2Y', 'order': 2, 'rows': 9}
2025-11-12 11:26:59,466 INFO [cli] {'ticker': 'QQQ', 'mode': 'tri', 'thr': 40, 'window': '2Y', 'order': 3, 'rows': 27}
2025-11-12 11:26:59,477 INFO [cli] {'ticker': 'QQQ', 'mode': 'tri', 'thr': 40, 'window': '2Y', 'order': 4, 'rows': 79}
2025-11-12 11:26:59,487 INFO [cli] {'ticker': 'QQQ', 'mode': 'tri', 'thr': 40, 'window': '5Y', 'order': 1, 'rows': 3}
2025-11-12 11:26:59,498 INFO [cli] {'ticker': 'QQQ', 'mode': 'tri', 'thr': 40, 'window': '5Y', 'order': 2, 'rows': 9}
2025-11-12 11:26:59,508 INFO [cli] {'ticker': 'QQQ', 'mode': 'tri', 'thr': 40, 'window': '5Y', 'order': 3, 'rows': 27}
2025-11-12 11:26:59,519 INFO [cli] {'ticker': 'QQQ', 'mode': 'tri', 'thr': 40, 'window': '5Y', 'order': 4, 'rows': 81}
2025-11-12 11:26:59,528 INFO [cli] {'ticker': 'QQQ', 'mode': 'tri', 'thr': 40, 'window': '10Y', 'order': 1, 'rows': 3}
2025-11-12 11:26:59,537 INFO [cli] {'ticker': 'QQQ', 'mode': 'tri', 'thr': 40, 'window': '10Y', 'order': 2, 'rows': 9}
2025-11-12 11:26:59,548 INFO [cli] {'ticker': 'QQQ', 'mode': 'tri', 'thr': 40, 'window': '10Y', 'order': 3, 'rows': 27}
2025-11-12 11:26:59,559 INFO [cli] {'ticker': 'QQQ', 'mode': 'tri', 'thr': 40, 'window': '10Y', 'order': 4, 'rows': 81}
2025-11-12 11:26:59,568 INFO [cli] {'ticker': 'QQQ', 'mode': 'tri', 'thr': 40, 'window': '20Y', 'order': 1, 'rows': 3}
2025-11-12 11:26:59,579 INFO [cli] {'ticker': 'QQQ', 'mode': 'tri', 'thr': 40, 'window': '20Y', 'order': 2, 'rows': 9}
2025-11-12 11:26:59,589 INFO [cli] {'ticker': 'QQQ', 'mode': 'tri', 'thr': 40, 'window': '20Y', 'order': 3, 'rows': 27}
2025-11-12 11:26:59,599 INFO [cli] {'ticker': 'QQQ', 'mode': 'tri', 'thr': 40, 'window': '20Y', 'order': 4, 'rows': 81}
2025-11-12 11:26:59,608 INFO [cli] {'ticker': 'QQQ', 'mode': 'tri', 'thr': 40, 'window': 'MAX', 'order': 1, 'rows': 3}
2025-11-12 11:26:59,621 INFO [cli] {'ticker': 'QQQ', 'mode': 'tri', 'thr': 40, 'window': 'MAX', 'order': 2, 'rows': 9}
2025-11-12 11:26:59,631 INFO [cli] {'ticker': 'QQQ', 'mode': 'tri', 'thr': 40, 'window': 'MAX', 'order': 3, 'rows': 27}
2025-11-12 11:26:59,640 INFO [cli] {'ticker': 'QQQ', 'mode': 'tri', 'thr': 40, 'window': 'MAX', 'order': 4, 'rows': 81}
2025-11-12 11:26:59,656 INFO [cli] {'ticker': 'QQQ', 'mode': 'tri', 'thr': 45, 'window': '1Y', 'order': 1, 'rows': 3}
2025-11-12 11:26:59,663 INFO [cli] {'ticker': 'QQQ', 'mode': 'tri', 'thr': 45, 'window': '1Y', 'order': 2, 'rows': 9}
2025-11-12 11:26:59,673 INFO [cli] {'ticker': 'QQQ', 'mode': 'tri', 'thr': 45, 'window': '1Y', 'order': 3, 'rows': 27}
2025-11-12 11:26:59,682 INFO [cli] {'ticker': 'QQQ', 'mode': 'tri', 'thr': 45, 'window': '1Y', 'order': 4, 'rows': 74}
2025-11-12 11:26:59,691 INFO [cli] {'ticker': 'QQQ', 'mode': 'tri', 'thr': 45, 'window': '2Y', 'order': 1, 'rows': 3}
2025-11-12 11:26:59,700 INFO [cli] {'ticker': 'QQQ', 'mode': 'tri', 'thr': 45, 'window': '2Y', 'order': 2, 'rows': 9}
2025-11-12 11:26:59,708 INFO [cli] {'ticker': 'QQQ', 'mode': 'tri', 'thr': 45, 'window': '2Y', 'order': 3, 'rows': 27}
2025-11-12 11:26:59,718 INFO [cli] {'ticker': 'QQQ', 'mode': 'tri', 'thr': 45, 'window': '2Y', 'order': 4, 'rows': 79}
2025-11-12 11:26:59,726 INFO [cli] {'ticker': 'QQQ', 'mode': 'tri', 'thr': 45, 'window': '5Y', 'order': 1, 'rows': 3}
2025-11-12 11:26:59,736 INFO [cli] {'ticker': 'QQQ', 'mode': 'tri', 'thr': 45, 'window': '5Y', 'order': 2, 'rows': 9}
2025-11-12 11:26:59,745 INFO [cli] {'ticker': 'QQQ', 'mode': 'tri', 'thr': 45, 'window': '5Y', 'order': 3, 'rows': 27}
2025-11-12 11:26:59,756 INFO [cli] {'ticker': 'QQQ', 'mode': 'tri', 'thr': 45, 'window': '5Y', 'order': 4, 'rows': 81}
2025-11-12 11:26:59,766 INFO [cli] {'ticker': 'QQQ', 'mode': 'tri', 'thr': 45, 'window': '10Y', 'order': 1, 'rows': 3}
2025-11-12 11:26:59,775 INFO [cli] {'ticker': 'QQQ', 'mode': 'tri', 'thr': 45, 'window': '10Y', 'order': 2, 'rows': 9}
2025-11-12 11:26:59,783 INFO [cli] {'ticker': 'QQQ', 'mode': 'tri', 'thr': 45, 'window': '10Y', 'order': 3, 'rows': 27}
2025-11-12 11:26:59,795 INFO [cli] {'ticker': 'QQQ', 'mode': 'tri', 'thr': 45, 'window': '10Y', 'order': 4, 'rows': 81}
2025-11-12 11:26:59,804 INFO [cli] {'ticker': 'QQQ', 'mode': 'tri', 'thr': 45, 'window': '20Y', 'order': 1, 'rows': 3}
2025-11-12 11:26:59,813 INFO [cli] {'ticker': 'QQQ', 'mode': 'tri', 'thr': 45, 'window': '20Y', 'order': 2, 'rows': 9}
2025-11-12 11:26:59,825 INFO [cli] {'ticker': 'QQQ', 'mode': 'tri', 'thr': 45, 'window': '20Y', 'order': 3, 'rows': 27}
2025-11-12 11:26:59,833 INFO [cli] {'ticker': 'QQQ', 'mode': 'tri', 'thr': 45, 'window': '20Y', 'order': 4, 'rows': 81}
2025-11-12 11:26:59,844 INFO [cli] {'ticker': 'QQQ', 'mode': 'tri', 'thr': 45, 'window': 'MAX', 'order': 1, 'rows': 3}
2025-11-12 11:26:59,853 INFO [cli] {'ticker': 'QQQ', 'mode': 'tri', 'thr': 45, 'window': 'MAX', 'order': 2, 'rows': 9}
2025-11-12 11:26:59,864 INFO [cli] {'ticker': 'QQQ', 'mode': 'tri', 'thr': 45, 'window': 'MAX', 'order': 3, 'rows': 27}
2025-11-12 11:26:59,873 INFO [cli] {'ticker': 'QQQ', 'mode': 'tri', 'thr': 45, 'window': 'MAX', 'order': 4, 'rows': 81}
2025-11-12 11:26:59,889 INFO [cli] {'ticker': 'QQQ', 'mode': 'tri', 'thr': 50, 'window': '1Y', 'order': 1, 'rows': 3}
2025-11-12 11:26:59,900 INFO [cli] {'ticker': 'QQQ', 'mode': 'tri', 'thr': 50, 'window': '1Y', 'order': 2, 'rows': 9}
2025-11-12 11:26:59,910 INFO [cli] {'ticker': 'QQQ', 'mode': 'tri', 'thr': 50, 'window': '1Y', 'order': 3, 'rows': 27}
2025-11-12 11:26:59,919 INFO [cli] {'ticker': 'QQQ', 'mode': 'tri', 'thr': 50, 'window': '1Y', 'order': 4, 'rows': 75}
2025-11-12 11:26:59,928 INFO [cli] {'ticker': 'QQQ', 'mode': 'tri', 'thr': 50, 'window': '2Y', 'order': 1, 'rows': 3}
2025-11-12 11:26:59,939 INFO [cli] {'ticker': 'QQQ', 'mode': 'tri', 'thr': 50, 'window': '2Y', 'order': 2, 'rows': 9}
2025-11-12 11:26:59,947 INFO [cli] {'ticker': 'QQQ', 'mode': 'tri', 'thr': 50, 'window': '2Y', 'order': 3, 'rows': 27}
2025-11-12 11:26:59,955 INFO [cli] {'ticker': 'QQQ', 'mode': 'tri', 'thr': 50, 'window': '2Y', 'order': 4, 'rows': 79}
2025-11-12 11:26:59,967 INFO [cli] {'ticker': 'QQQ', 'mode': 'tri', 'thr': 50, 'window': '5Y', 'order': 1, 'rows': 3}
2025-11-12 11:26:59,976 INFO [cli] {'ticker': 'QQQ', 'mode': 'tri', 'thr': 50, 'window': '5Y', 'order': 2, 'rows': 9}
2025-11-12 11:26:59,985 INFO [cli] {'ticker': 'QQQ', 'mode': 'tri', 'thr': 50, 'window': '5Y', 'order': 3, 'rows': 27}
2025-11-12 11:26:59,995 INFO [cli] {'ticker': 'QQQ', 'mode': 'tri', 'thr': 50, 'window': '5Y', 'order': 4, 'rows': 81}
2025-11-12 11:27:00,004 INFO [cli] {'ticker': 'QQQ', 'mode': 'tri', 'thr': 50, 'window': '10Y', 'order': 1, 'rows': 3}

{'ticker': 'QQQ', 'mode': 'tri', 'thr': 30, 'window': '10Y', 'order': 1, 'rows': 3}
{'ticker': 'QQQ', 'mode': 'tri', 'thr': 30, 'window': '10Y', 'order': 2, 'rows': 9}
{'ticker': 'QQQ', 'mode': 'tri', 'thr': 30, 'window': '10Y', 'order': 3, 'rows': 27}
{'ticker': 'QQQ', 'mode': 'tri', 'thr': 30, 'window': '10Y', 'order': 4, 'rows': 81}
{'ticker': 'QQQ', 'mode': 'tri', 'thr': 30, 'window': '20Y', 'order': 1, 'rows': 3}
{'ticker': 'QQQ', 'mode': 'tri', 'thr': 30, 'window': '20Y', 'order': 2, 'rows': 9}
{'ticker': 'QQQ', 'mode': 'tri', 'thr': 30, 'window': '20Y', 'order': 3, 'rows': 27}
{'ticker': 'QQQ', 'mode': 'tri', 'thr': 30, 'window': '20Y', 'order': 4, 'rows': 81}
{'ticker': 'QQQ', 'mode': 'tri', 'thr': 30, 'window': 'MAX', 'order': 1, 'rows': 3}
{'ticker': 'QQQ', 'mode': 'tri', 'thr': 30, 'window': 'MAX', 'order': 2, 'rows': 9}
{'ticker': 'QQQ', 'mode': 'tri', 'thr': 30, 'window': 'MAX', 'order': 3, 'rows': 27}
{'ticker': 'QQQ', 'mode': 'tri', 'thr': 30, 'window': 'MAX', 'order': 4, 'rows': 81}
{'ticker': 'QQQ', 'mode': 'tri', 'thr': 35, 'window': '1Y', 'order': 1, 'rows': 3}
{'ticker': 'QQQ', 'mode': 'tri', 'thr': 35, 'window': '1Y', 'order': 2, 'rows': 9}
{'ticker': 'QQQ', 'mode': 'tri', 'thr': 35, 'window': '1Y', 'order': 3, 'rows': 27}
{'ticker': 'QQQ', 'mode': 'tri', 'thr': 35, 'window': '1Y', 'order': 4, 'rows': 74}
{'ticker': 'QQQ', 'mode': 'tri', 'thr': 35, 'window': '2Y', 'order': 1, 'rows': 3}
{'ticker': 'QQQ', 'mode': 'tri', 'thr': 35, 'window': '2Y', 'order': 2, 'rows': 9}
{'ticker': 'QQQ', 'mode': 'tri', 'thr': 35, 'window': '2Y', 'order': 3, 'rows': 27}
{'ticker': 'QQQ', 'mode': 'tri', 'thr': 35, 'window': '2Y', 'order': 4, 'rows': 79}
{'ticker': 'QQQ', 'mode': 'tri', 'thr': 35, 'window': '5Y', 'order': 1, 'rows': 3}
{'ticker': 'QQQ', 'mode': 'tri', 'thr': 35, 'window': '5Y', 'order': 2, 'rows': 9}
{'ticker': 'QQQ', 'mode': 'tri', 'thr': 35, 'window': '5Y', 'order': 3, 'rows': 27}
{'ticker': 'QQQ', 'mode': 'tri', 'thr': 35, 'window': '5Y', 'order': 4, 'rows': 81}
{'ticker': 'QQQ', 'mode': 'tri', 'thr': 35, 'window': '10Y', 'order': 1, 'rows': 3}
{'ticker': 'QQQ', 'mode': 'tri', 'thr': 35, 'window': '10Y', 'order': 2, 'rows': 9}
{'ticker': 'QQQ', 'mode': 'tri', 'thr': 35, 'window': '10Y', 'order': 3, 'rows': 27}
{'ticker': 'QQQ', 'mode': 'tri', 'thr': 35, 'window': '10Y', 'order': 4, 'rows': 81}
{'ticker': 'QQQ', 'mode': 'tri', 'thr': 35, 'window': '20Y', 'order': 1, 'rows': 3}
{'ticker': 'QQQ', 'mode': 'tri', 'thr': 35, 'window': '20Y', 'order': 2, 'rows': 9}
{'ticker': 'QQQ', 'mode': 'tri', 'thr': 35, 'window': '20Y', 'order': 3, 'rows': 27}
{'ticker': 'QQQ', 'mode': 'tri', 'thr': 35, 'window': '20Y', 'order': 4, 'rows': 81}
{'ticker': 'QQQ', 'mode': 'tri', 'thr': 35, 'window': 'MAX', 'order': 1, 'rows': 3}
{'ticker': 'QQQ', 'mode': 'tri', 'thr': 35, 'window': 'MAX', 'order': 2, 'rows': 9}
{'ticker': 'QQQ', 'mode': 'tri', 'thr': 35, 'window': 'MAX', 'order': 3, 'rows': 27}
{'ticker': 'QQQ', 'mode': 'tri', 'thr': 35, 'window': 'MAX', 'order': 4, 'rows': 81}
{'ticker': 'QQQ', 'mode': 'tri', 'thr': 40, 'window': '1Y', 'order': 1, 'rows': 3}
{'ticker': 'QQQ', 'mode': 'tri', 'thr': 40, 'window': '1Y', 'order': 2, 'rows': 9}
{'ticker': 'QQQ', 'mode': 'tri', 'thr': 40, 'window': '1Y', 'order': 3, 'rows': 27}
{'ticker': 'QQQ', 'mode': 'tri', 'thr': 40, 'window': '1Y', 'order': 4, 'rows': 75}
{'ticker': 'QQQ', 'mode': 'tri', 'thr': 40, 'window': '2Y', 'order': 1, 'rows': 3}
{'ticker': 'QQQ', 'mode': 'tri', 'thr': 40, 'window': '2Y', 'order': 2, 'rows': 9}
{'ticker': 'QQQ', 'mode': 'tri', 'thr': 40, 'window': '2Y', 'order': 3, 'rows': 27}
{'ticker': 'QQQ', 'mode': 'tri', 'thr': 40, 'window': '2Y', 'order': 4, 'rows': 79}
{'ticker': 'QQQ', 'mode': 'tri', 'thr': 40, 'window': '5Y', 'order': 1, 'rows': 3}
{'ticker': 'QQQ', 'mode': 'tri', 'thr': 40, 'window': '5Y', 'order': 2, 'rows': 9}
{'ticker': 'QQQ', 'mode': 'tri', 'thr': 40, 'window': '5Y', 'order': 3, 'rows': 27}
{'ticker': 'QQQ', 'mode': 'tri', 'thr': 40, 'window': '5Y', 'order': 4, 'rows': 81}
{'ticker': 'QQQ', 'mode': 'tri', 'thr': 40, 'window': '10Y', 'order': 1, 'rows': 3}
{'ticker': 'QQQ', 'mode': 'tri', 'thr': 40, 'window': '10Y', 'order': 2, 'rows': 9}
{'ticker': 'QQQ', 'mode': 'tri', 'thr': 40, 'window': '10Y', 'order': 3, 'rows': 27}
{'ticker': 'QQQ', 'mode': 'tri', 'thr': 40, 'window': '10Y', 'order': 4, 'rows': 81}
{'ticker': 'QQQ', 'mode': 'tri', 'thr': 40, 'window': '20Y', 'order': 1, 'rows': 3}
{'ticker': 'QQQ', 'mode': 'tri', 'thr': 40, 'window': '20Y', 'order': 2, 'rows': 9}
{'ticker': 'QQQ', 'mode': 'tri', 'thr': 40, 'window': '20Y', 'order': 3, 'rows': 27}
{'ticker': 'QQQ', 'mode': 'tri', 'thr': 40, 'window': '20Y', 'order': 4, 'rows': 81}
{'ticker': 'QQQ', 'mode': 'tri', 'thr': 40, 'window': 'MAX', 'order': 1, 'rows': 3}
{'ticker': 'QQQ', 'mode': 'tri', 'thr': 40, 'window': 'MAX', 'order': 2, 'rows': 9}
{'ticker': 'QQQ', 'mode': 'tri', 'thr': 40, 'window': 'MAX', 'order': 3, 'rows': 27}
{'ticker': 'QQQ', 'mode': 'tri', 'thr': 40, 'window': 'MAX', 'order': 4, 'rows': 81}
{'ticker': 'QQQ', 'mode': 'tri', 'thr': 45, 'window': '1Y', 'order': 1, 'rows': 3}
{'ticker': 'QQQ', 'mode': 'tri', 'thr': 45, 'window': '1Y', 'order': 2, 'rows': 9}
{'ticker': 'QQQ', 'mode': 'tri', 'thr': 45, 'window': '1Y', 'order': 3, 'rows': 27}
{'ticker': 'QQQ', 'mode': 'tri', 'thr': 45, 'window': '1Y', 'order': 4, 'rows': 74}
{'ticker': 'QQQ', 'mode': 'tri', 'thr': 45, 'window': '2Y', 'order': 1, 'rows': 3}
{'ticker': 'QQQ', 'mode': 'tri', 'thr': 45, 'window': '2Y', 'order': 2, 'rows': 9}
{'ticker': 'QQQ', 'mode': 'tri', 'thr': 45, 'window': '2Y', 'order': 3, 'rows': 27}
{'ticker': 'QQQ', 'mode': 'tri', 'thr': 45, 'window': '2Y', 'order': 4, 'rows': 79}
{'ticker': 'QQQ', 'mode': 'tri', 'thr': 45, 'window': '5Y', 'order': 1, 'rows': 3}
{'ticker': 'QQQ', 'mode': 'tri', 'thr': 45, 'window': '5Y', 'order': 2, 'rows': 9}
{'ticker': 'QQQ', 'mode': 'tri', 'thr': 45, 'window': '5Y', 'order': 3, 'rows': 27}
{'ticker': 'QQQ', 'mode': 'tri', 'thr': 45, 'window': '5Y', 'order': 4, 'rows': 81}
{'ticker': 'QQQ', 'mode': 'tri', 'thr': 45, 'window': '10Y', 'order': 1, 'rows': 3}
{'ticker': 'QQQ', 'mode': 'tri', 'thr': 45, 'window': '10Y', 'order': 2, 'rows': 9}
{'ticker': 'QQQ', 'mode': 'tri', 'thr': 45, 'window': '10Y', 'order': 3, 'rows': 27}
{'ticker': 'QQQ', 'mode': 'tri', 'thr': 45, 'window': '10Y', 'order': 4, 'rows': 81}
{'ticker': 'QQQ', 'mode': 'tri', 'thr': 45, 'window': '20Y', 'order': 1, 'rows': 3}
{'ticker': 'QQQ', 'mode': 'tri', 'thr': 45, 'window': '20Y', 'order': 2, 'rows': 9}
{'ticker': 'QQQ', 'mode': 'tri', 'thr': 45, 'window': '20Y', 'order': 3, 'rows': 27}
{'ticker': 'QQQ', 'mode': 'tri', 'thr': 45, 'window': '20Y', 'order': 4, 'rows': 81}
{'ticker': 'QQQ', 'mode': 'tri', 'thr': 45, 'window': 'MAX', 'order': 1, 'rows': 3}
{'ticker': 'QQQ', 'mode': 'tri', 'thr': 45, 'window': 'MAX', 'order': 2, 'rows': 9}
{'ticker': 'QQQ', 'mode': 'tri', 'thr': 45, 'window': 'MAX', 'order': 3, 'rows': 27}
{'ticker': 'QQQ', 'mode': 'tri', 'thr': 45, 'window': 'MAX', 'order': 4, 'rows': 81}
{'ticker': 'QQQ', 'mode': 'tri', 'thr': 50, 'window': '1Y', 'order': 1, 'rows': 3}
{'ticker': 'QQQ', 'mode': 'tri', 'thr': 50, 'window': '1Y', 'order': 2, 'rows': 9}
{'ticker': 'QQQ', 'mode': 'tri', 'thr': 50, 'window': '1Y', 'order': 3, 'rows': 27}
{'ticker': 'QQQ', 'mode': 'tri', 'thr': 50, 'window': '1Y', 'order': 4, 'rows': 75}
{'ticker': 'QQQ', 'mode': 'tri', 'thr': 50, 'window': '2Y', 'order': 1, 'rows': 3}
{'ticker': 'QQQ', 'mode': 'tri', 'thr': 50, 'window': '2Y', 'order': 2, 'rows': 9}
{'ticker': 'QQQ', 'mode': 'tri', 'thr': 50, 'window': '2Y', 'order': 3, 'rows': 27}
{'ticker': 'QQQ', 'mode': 'tri', 'thr': 50, 'window': '2Y', 'order': 4, 'rows': 79}
{'ticker': 'QQQ', 'mode': 'tri', 'thr': 50, 'window': '5Y', 'order': 1, 'rows': 3}
{'ticker': 'QQQ', 'mode': 'tri', 'thr': 50, 'window': '5Y', 'order': 2, 'rows': 9}
{'ticker': 'QQQ', 'mode': 'tri', 'thr': 50, 'window': '5Y', 'order': 3, 'rows': 27}
{'ticker': 'QQQ', 'mode': 'tri', 'thr': 50, 'window': '5Y', 'order': 4, 'rows': 81}
{'ticker': 'QQQ', 'mode': 'tri', 'thr': 50, 'window': '10Y', 'order': 1, 'rows': 3}
{'ticker': 'QQQ', 'mode': 'tri', 'thr': 50, 'window': '10Y', 'order': 2, 'rows': 9}2025-11-12 11:27:00,015 INFO [cli] {'ticker': 'QQQ', 'mode': 'tri', 'thr': 50, 'window': '10Y', 'order': 2, 'rows': 9}
2025-11-12 11:27:00,025 INFO [cli] {'ticker': 'QQQ', 'mode': 'tri', 'thr': 50, 'window': '10Y', 'order': 3, 'rows': 27}
2025-11-12 11:27:00,036 INFO [cli] {'ticker': 'QQQ', 'mode': 'tri', 'thr': 50, 'window': '10Y', 'order': 4, 'rows': 81}
2025-11-12 11:27:00,047 INFO [cli] {'ticker': 'QQQ', 'mode': 'tri', 'thr': 50, 'window': '20Y', 'order': 1, 'rows': 3}
2025-11-12 11:27:00,056 INFO [cli] {'ticker': 'QQQ', 'mode': 'tri', 'thr': 50, 'window': '20Y', 'order': 2, 'rows': 9}
2025-11-12 11:27:00,063 INFO [cli] {'ticker': 'QQQ', 'mode': 'tri', 'thr': 50, 'window': '20Y', 'order': 3, 'rows': 27}
2025-11-12 11:27:00,072 INFO [cli] {'ticker': 'QQQ', 'mode': 'tri', 'thr': 50, 'window': '20Y', 'order': 4, 'rows': 81}
2025-11-12 11:27:00,081 INFO [cli] {'ticker': 'QQQ', 'mode': 'tri', 'thr': 50, 'window': 'MAX', 'order': 1, 'rows': 3}
2025-11-12 11:27:00,090 INFO [cli] {'ticker': 'QQQ', 'mode': 'tri', 'thr': 50, 'window': 'MAX', 'order': 2, 'rows': 9}
2025-11-12 11:27:00,101 INFO [cli] {'ticker': 'QQQ', 'mode': 'tri', 'thr': 50, 'window': 'MAX', 'order': 3, 'rows': 27}
2025-11-12 11:27:00,112 INFO [cli] {'ticker': 'QQQ', 'mode': 'tri', 'thr': 50, 'window': 'MAX', 'order': 4, 'rows': 81}
2025-11-12 11:27:00,129 INFO [cli] {'ticker': 'QQQ', 'mode': 'tri', 'thr': 55, 'window': '1Y', 'order': 1, 'rows': 3}
2025-11-12 11:27:00,138 INFO [cli] {'ticker': 'QQQ', 'mode': 'tri', 'thr': 55, 'window': '1Y', 'order': 2, 'rows': 9}
2025-11-12 11:27:00,147 INFO [cli] {'ticker': 'QQQ', 'mode': 'tri', 'thr': 55, 'window': '1Y', 'order': 3, 'rows': 27}
2025-11-12 11:27:00,158 INFO [cli] {'ticker': 'QQQ', 'mode': 'tri', 'thr': 55, 'window': '1Y', 'order': 4, 'rows': 74}
2025-11-12 11:27:00,166 INFO [cli] {'ticker': 'QQQ', 'mode': 'tri', 'thr': 55, 'window': '2Y', 'order': 1, 'rows': 3}
2025-11-12 11:27:00,174 INFO [cli] {'ticker': 'QQQ', 'mode': 'tri', 'thr': 55, 'window': '2Y', 'order': 2, 'rows': 9}
2025-11-12 11:27:00,183 INFO [cli] {'ticker': 'QQQ', 'mode': 'tri', 'thr': 55, 'window': '2Y', 'order': 3, 'rows': 27}
2025-11-12 11:27:00,194 INFO [cli] {'ticker': 'QQQ', 'mode': 'tri', 'thr': 55, 'window': '2Y', 'order': 4, 'rows': 80}
2025-11-12 11:27:00,210 INFO [cli] {'ticker': 'QQQ', 'mode': 'tri', 'thr': 55, 'window': '5Y', 'order': 1, 'rows': 3}
2025-11-12 11:27:00,218 INFO [cli] {'ticker': 'QQQ', 'mode': 'tri', 'thr': 55, 'window': '5Y', 'order': 2, 'rows': 9}
2025-11-12 11:27:00,228 INFO [cli] {'ticker': 'QQQ', 'mode': 'tri', 'thr': 55, 'window': '5Y', 'order': 3, 'rows': 27}
2025-11-12 11:27:00,236 INFO [cli] {'ticker': 'QQQ', 'mode': 'tri', 'thr': 55, 'window': '5Y', 'order': 4, 'rows': 81}
2025-11-12 11:27:00,245 INFO [cli] {'ticker': 'QQQ', 'mode': 'tri', 'thr': 55, 'window': '10Y', 'order': 1, 'rows': 3}
2025-11-12 11:27:00,255 INFO [cli] {'ticker': 'QQQ', 'mode': 'tri', 'thr': 55, 'window': '10Y', 'order': 2, 'rows': 9}
2025-11-12 11:27:00,265 INFO [cli] {'ticker': 'QQQ', 'mode': 'tri', 'thr': 55, 'window': '10Y', 'order': 3, 'rows': 27}
2025-11-12 11:27:00,284 INFO [cli] {'ticker': 'QQQ', 'mode': 'tri', 'thr': 55, 'window': '10Y', 'order': 4, 'rows': 81}
2025-11-12 11:27:00,293 INFO [cli] {'ticker': 'QQQ', 'mode': 'tri', 'thr': 55, 'window': '20Y', 'order': 1, 'rows': 3}
2025-11-12 11:27:00,303 INFO [cli] {'ticker': 'QQQ', 'mode': 'tri', 'thr': 55, 'window': '20Y', 'order': 2, 'rows': 9}
2025-11-12 11:27:00,312 INFO [cli] {'ticker': 'QQQ', 'mode': 'tri', 'thr': 55, 'window': '20Y', 'order': 3, 'rows': 27}
2025-11-12 11:27:00,321 INFO [cli] {'ticker': 'QQQ', 'mode': 'tri', 'thr': 55, 'window': '20Y', 'order': 4, 'rows': 81}
2025-11-12 11:27:00,329 INFO [cli] {'ticker': 'QQQ', 'mode': 'tri', 'thr': 55, 'window': 'MAX', 'order': 1, 'rows': 3}
2025-11-12 11:27:00,338 INFO [cli] {'ticker': 'QQQ', 'mode': 'tri', 'thr': 55, 'window': 'MAX', 'order': 2, 'rows': 9}
2025-11-12 11:27:00,346 INFO [cli] {'ticker': 'QQQ', 'mode': 'tri', 'thr': 55, 'window': 'MAX', 'order': 3, 'rows': 27}
2025-11-12 11:27:00,355 INFO [cli] {'ticker': 'QQQ', 'mode': 'tri', 'thr': 55, 'window': 'MAX', 'order': 4, 'rows': 81}
2025-11-12 11:27:00,370 INFO [cli] {'ticker': 'QQQ', 'mode': 'tri', 'thr': 60, 'window': '1Y', 'order': 1, 'rows': 3}
2025-11-12 11:27:00,379 INFO [cli] {'ticker': 'QQQ', 'mode': 'tri', 'thr': 60, 'window': '1Y', 'order': 2, 'rows': 9}
2025-11-12 11:27:00,389 INFO [cli] {'ticker': 'QQQ', 'mode': 'tri', 'thr': 60, 'window': '1Y', 'order': 3, 'rows': 27}
2025-11-12 11:27:00,399 INFO [cli] {'ticker': 'QQQ', 'mode': 'tri', 'thr': 60, 'window': '1Y', 'order': 4, 'rows': 70}
2025-11-12 11:27:00,408 INFO [cli] {'ticker': 'QQQ', 'mode': 'tri', 'thr': 60, 'window': '2Y', 'order': 1, 'rows': 3}
2025-11-12 11:27:00,416 INFO [cli] {'ticker': 'QQQ', 'mode': 'tri', 'thr': 60, 'window': '2Y', 'order': 2, 'rows': 9}
2025-11-12 11:27:00,425 INFO [cli] {'ticker': 'QQQ', 'mode': 'tri', 'thr': 60, 'window': '2Y', 'order': 3, 'rows': 27}
2025-11-12 11:27:00,433 INFO [cli] {'ticker': 'QQQ', 'mode': 'tri', 'thr': 60, 'window': '2Y', 'order': 4, 'rows': 78}
2025-11-12 11:27:00,443 INFO [cli] {'ticker': 'QQQ', 'mode': 'tri', 'thr': 60, 'window': '5Y', 'order': 1, 'rows': 3}
2025-11-12 11:27:00,452 INFO [cli] {'ticker': 'QQQ', 'mode': 'tri', 'thr': 60, 'window': '5Y', 'order': 2, 'rows': 9}
2025-11-12 11:27:00,461 INFO [cli] {'ticker': 'QQQ', 'mode': 'tri', 'thr': 60, 'window': '5Y', 'order': 3, 'rows': 27}
2025-11-12 11:27:00,470 INFO [cli] {'ticker': 'QQQ', 'mode': 'tri', 'thr': 60, 'window': '5Y', 'order': 4, 'rows': 81}
2025-11-12 11:27:00,479 INFO [cli] {'ticker': 'QQQ', 'mode': 'tri', 'thr': 60, 'window': '10Y', 'order': 1, 'rows': 3}
2025-11-12 11:27:00,488 INFO [cli] {'ticker': 'QQQ', 'mode': 'tri', 'thr': 60, 'window': '10Y', 'order': 2, 'rows': 9}
2025-11-12 11:27:00,497 INFO [cli] {'ticker': 'QQQ', 'mode': 'tri', 'thr': 60, 'window': '10Y', 'order': 3, 'rows': 27}
2025-11-12 11:27:00,505 INFO [cli] {'ticker': 'QQQ', 'mode': 'tri', 'thr': 60, 'window': '10Y', 'order': 4, 'rows': 81}
2025-11-12 11:27:00,514 INFO [cli] {'ticker': 'QQQ', 'mode': 'tri', 'thr': 60, 'window': '20Y', 'order': 1, 'rows': 3}
2025-11-12 11:27:00,523 INFO [cli] {'ticker': 'QQQ', 'mode': 'tri', 'thr': 60, 'window': '20Y', 'order': 2, 'rows': 9}
2025-11-12 11:27:00,532 INFO [cli] {'ticker': 'QQQ', 'mode': 'tri', 'thr': 60, 'window': '20Y', 'order': 3, 'rows': 27}
2025-11-12 11:27:00,542 INFO [cli] {'ticker': 'QQQ', 'mode': 'tri', 'thr': 60, 'window': '20Y', 'order': 4, 'rows': 81}
2025-11-12 11:27:00,550 INFO [cli] {'ticker': 'QQQ', 'mode': 'tri', 'thr': 60, 'window': 'MAX', 'order': 1, 'rows': 3}
2025-11-12 11:27:00,560 INFO [cli] {'ticker': 'QQQ', 'mode': 'tri', 'thr': 60, 'window': 'MAX', 'order': 2, 'rows': 9}
2025-11-12 11:27:00,568 INFO [cli] {'ticker': 'QQQ', 'mode': 'tri', 'thr': 60, 'window': 'MAX', 'order': 3, 'rows': 27}
2025-11-12 11:27:00,577 INFO [cli] {'ticker': 'QQQ', 'mode': 'tri', 'thr': 60, 'window': 'MAX', 'order': 4, 'rows': 81}
2025-11-12 11:27:00,593 INFO [cli] {'ticker': 'QQQ', 'mode': 'tri', 'thr': 65, 'window': '1Y', 'order': 1, 'rows': 3}
2025-11-12 11:27:00,602 INFO [cli] {'ticker': 'QQQ', 'mode': 'tri', 'thr': 65, 'window': '1Y', 'order': 2, 'rows': 9}
2025-11-12 11:27:00,611 INFO [cli] {'ticker': 'QQQ', 'mode': 'tri', 'thr': 65, 'window': '1Y', 'order': 3, 'rows': 27}
2025-11-12 11:27:00,621 INFO [cli] {'ticker': 'QQQ', 'mode': 'tri', 'thr': 65, 'window': '1Y', 'order': 4, 'rows': 68}
2025-11-12 11:27:00,631 INFO [cli] {'ticker': 'QQQ', 'mode': 'tri', 'thr': 65, 'window': '2Y', 'order': 1, 'rows': 3}
2025-11-12 11:27:00,640 INFO [cli] {'ticker': 'QQQ', 'mode': 'tri', 'thr': 65, 'window': '2Y', 'order': 2, 'rows': 9}
2025-11-12 11:27:00,650 INFO [cli] {'ticker': 'QQQ', 'mode': 'tri', 'thr': 65, 'window': '2Y', 'order': 3, 'rows': 27}
2025-11-12 11:27:00,658 INFO [cli] {'ticker': 'QQQ', 'mode': 'tri', 'thr': 65, 'window': '2Y', 'order': 4, 'rows': 77}
2025-11-12 11:27:00,675 INFO [cli] {'ticker': 'QQQ', 'mode': 'tri', 'thr': 65, 'window': '5Y', 'order': 1, 'rows': 3}
2025-11-12 11:27:00,683 INFO [cli] {'ticker': 'QQQ', 'mode': 'tri', 'thr': 65, 'window': '5Y', 'order': 2, 'rows': 9}
2025-11-12 11:27:00,691 INFO [cli] {'ticker': 'QQQ', 'mode': 'tri', 'thr': 65, 'window': '5Y', 'order': 3, 'rows': 27}
2025-11-12 11:27:00,700 INFO [cli] {'ticker': 'QQQ', 'mode': 'tri', 'thr': 65, 'window': '5Y', 'order': 4, 'rows': 81}
2025-11-12 11:27:00,709 INFO [cli] {'ticker': 'QQQ', 'mode': 'tri', 'thr': 65, 'window': '10Y', 'order': 1, 'rows': 3}
2025-11-12 11:27:00,720 INFO [cli] {'ticker': 'QQQ', 'mode': 'tri', 'thr': 65, 'window': '10Y', 'order': 2, 'rows': 9}
2025-11-12 11:27:00,729 INFO [cli] {'ticker': 'QQQ', 'mode': 'tri', 'thr': 65, 'window': '10Y', 'order': 3, 'rows': 27}
2025-11-12 11:27:00,738 INFO [cli] {'ticker': 'QQQ', 'mode': 'tri', 'thr': 65, 'window': '10Y', 'order': 4, 'rows': 81}
2025-11-12 11:27:00,747 INFO [cli] {'ticker': 'QQQ', 'mode': 'tri', 'thr': 65, 'window': '20Y', 'order': 1, 'rows': 3}
2025-11-12 11:27:00,755 INFO [cli] {'ticker': 'QQQ', 'mode': 'tri', 'thr': 65, 'window': '20Y', 'order': 2, 'rows': 9}
2025-11-12 11:27:00,764 INFO [cli] {'ticker': 'QQQ', 'mode': 'tri', 'thr': 65, 'window': '20Y', 'order': 3, 'rows': 27}
2025-11-12 11:27:00,773 INFO [cli] {'ticker': 'QQQ', 'mode': 'tri', 'thr': 65, 'window': '20Y', 'order': 4, 'rows': 81}
2025-11-12 11:27:00,782 INFO [cli] {'ticker': 'QQQ', 'mode': 'tri', 'thr': 65, 'window': 'MAX', 'order': 1, 'rows': 3}
2025-11-12 11:27:00,790 INFO [cli] {'ticker': 'QQQ', 'mode': 'tri', 'thr': 65, 'window': 'MAX', 'order': 2, 'rows': 9}
2025-11-12 11:27:00,799 INFO [cli] {'ticker': 'QQQ', 'mode': 'tri', 'thr': 65, 'window': 'MAX', 'order': 3, 'rows': 27}
2025-11-12 11:27:00,808 INFO [cli] {'ticker': 'QQQ', 'mode': 'tri', 'thr': 65, 'window': 'MAX', 'order': 4, 'rows': 81}
2025-11-12 11:27:00,823 INFO [cli] {'ticker': 'QQQ', 'mode': 'tri', 'thr': 70, 'window': '1Y', 'order': 1, 'rows': 3}
2025-11-12 11:27:00,833 INFO [cli] {'ticker': 'QQQ', 'mode': 'tri', 'thr': 70, 'window': '1Y', 'order': 2, 'rows': 9}
2025-11-12 11:27:00,842 INFO [cli] {'ticker': 'QQQ', 'mode': 'tri', 'thr': 70, 'window': '1Y', 'order': 3, 'rows': 27}
2025-11-12 11:27:00,851 INFO [cli] {'ticker': 'QQQ', 'mode': 'tri', 'thr': 70, 'window': '1Y', 'order': 4, 'rows': 66}
2025-11-12 11:27:00,859 INFO [cli] {'ticker': 'QQQ', 'mode': 'tri', 'thr': 70, 'window': '2Y', 'order': 1, 'rows': 3}
2025-11-12 11:27:00,868 INFO [cli] {'ticker': 'QQQ', 'mode': 'tri', 'thr': 70, 'window': '2Y', 'order': 2, 'rows': 9}
2025-11-12 11:27:00,876 INFO [cli] {'ticker': 'QQQ', 'mode': 'tri', 'thr': 70, 'window': '2Y', 'order': 3, 'rows': 27}
2025-11-12 11:27:00,886 INFO [cli] {'ticker': 'QQQ', 'mode': 'tri', 'thr': 70, 'window': '2Y', 'order': 4, 'rows': 76}
2025-11-12 11:27:00,897 INFO [cli] {'ticker': 'QQQ', 'mode': 'tri', 'thr': 70, 'window': '5Y', 'order': 1, 'rows': 3}
2025-11-12 11:27:00,905 INFO [cli] {'ticker': 'QQQ', 'mode': 'tri', 'thr': 70, 'window': '5Y', 'order': 2, 'rows': 9}
2025-11-12 11:27:00,915 INFO [cli] {'ticker': 'QQQ', 'mode': 'tri', 'thr': 70, 'window': '5Y', 'order': 3, 'rows': 27}
2025-11-12 11:27:00,924 INFO [cli] {'ticker': 'QQQ', 'mode': 'tri', 'thr': 70, 'window': '5Y', 'order': 4, 'rows': 81}
2025-11-12 11:27:00,934 INFO [cli] {'ticker': 'QQQ', 'mode': 'tri', 'thr': 70, 'window': '10Y', 'order': 1, 'rows': 3}
2025-11-12 11:27:00,942 INFO [cli] {'ticker': 'QQQ', 'mode': 'tri', 'thr': 70, 'window': '10Y', 'order': 2, 'rows': 9}
2025-11-12 11:27:00,951 INFO [cli] {'ticker': 'QQQ', 'mode': 'tri', 'thr': 70, 'window': '10Y', 'order': 3, 'rows': 27}

{'ticker': 'QQQ', 'mode': 'tri', 'thr': 50, 'window': '10Y', 'order': 3, 'rows': 27}
{'ticker': 'QQQ', 'mode': 'tri', 'thr': 50, 'window': '10Y', 'order': 4, 'rows': 81}
{'ticker': 'QQQ', 'mode': 'tri', 'thr': 50, 'window': '20Y', 'order': 1, 'rows': 3}
{'ticker': 'QQQ', 'mode': 'tri', 'thr': 50, 'window': '20Y', 'order': 2, 'rows': 9}
{'ticker': 'QQQ', 'mode': 'tri', 'thr': 50, 'window': '20Y', 'order': 3, 'rows': 27}
{'ticker': 'QQQ', 'mode': 'tri', 'thr': 50, 'window': '20Y', 'order': 4, 'rows': 81}
{'ticker': 'QQQ', 'mode': 'tri', 'thr': 50, 'window': 'MAX', 'order': 1, 'rows': 3}
{'ticker': 'QQQ', 'mode': 'tri', 'thr': 50, 'window': 'MAX', 'order': 2, 'rows': 9}
{'ticker': 'QQQ', 'mode': 'tri', 'thr': 50, 'window': 'MAX', 'order': 3, 'rows': 27}
{'ticker': 'QQQ', 'mode': 'tri', 'thr': 50, 'window': 'MAX', 'order': 4, 'rows': 81}
{'ticker': 'QQQ', 'mode': 'tri', 'thr': 55, 'window': '1Y', 'order': 1, 'rows': 3}
{'ticker': 'QQQ', 'mode': 'tri', 'thr': 55, 'window': '1Y', 'order': 2, 'rows': 9}
{'ticker': 'QQQ', 'mode': 'tri', 'thr': 55, 'window': '1Y', 'order': 3, 'rows': 27}
{'ticker': 'QQQ', 'mode': 'tri', 'thr': 55, 'window': '1Y', 'order': 4, 'rows': 74}
{'ticker': 'QQQ', 'mode': 'tri', 'thr': 55, 'window': '2Y', 'order': 1, 'rows': 3}
{'ticker': 'QQQ', 'mode': 'tri', 'thr': 55, 'window': '2Y', 'order': 2, 'rows': 9}
{'ticker': 'QQQ', 'mode': 'tri', 'thr': 55, 'window': '2Y', 'order': 3, 'rows': 27}
{'ticker': 'QQQ', 'mode': 'tri', 'thr': 55, 'window': '2Y', 'order': 4, 'rows': 80}
{'ticker': 'QQQ', 'mode': 'tri', 'thr': 55, 'window': '5Y', 'order': 1, 'rows': 3}
{'ticker': 'QQQ', 'mode': 'tri', 'thr': 55, 'window': '5Y', 'order': 2, 'rows': 9}
{'ticker': 'QQQ', 'mode': 'tri', 'thr': 55, 'window': '5Y', 'order': 3, 'rows': 27}
{'ticker': 'QQQ', 'mode': 'tri', 'thr': 55, 'window': '5Y', 'order': 4, 'rows': 81}
{'ticker': 'QQQ', 'mode': 'tri', 'thr': 55, 'window': '10Y', 'order': 1, 'rows': 3}
{'ticker': 'QQQ', 'mode': 'tri', 'thr': 55, 'window': '10Y', 'order': 2, 'rows': 9}
{'ticker': 'QQQ', 'mode': 'tri', 'thr': 55, 'window': '10Y', 'order': 3, 'rows': 27}
{'ticker': 'QQQ', 'mode': 'tri', 'thr': 55, 'window': '10Y', 'order': 4, 'rows': 81}
{'ticker': 'QQQ', 'mode': 'tri', 'thr': 55, 'window': '20Y', 'order': 1, 'rows': 3}
{'ticker': 'QQQ', 'mode': 'tri', 'thr': 55, 'window': '20Y', 'order': 2, 'rows': 9}
{'ticker': 'QQQ', 'mode': 'tri', 'thr': 55, 'window': '20Y', 'order': 3, 'rows': 27}
{'ticker': 'QQQ', 'mode': 'tri', 'thr': 55, 'window': '20Y', 'order': 4, 'rows': 81}
{'ticker': 'QQQ', 'mode': 'tri', 'thr': 55, 'window': 'MAX', 'order': 1, 'rows': 3}
{'ticker': 'QQQ', 'mode': 'tri', 'thr': 55, 'window': 'MAX', 'order': 2, 'rows': 9}
{'ticker': 'QQQ', 'mode': 'tri', 'thr': 55, 'window': 'MAX', 'order': 3, 'rows': 27}
{'ticker': 'QQQ', 'mode': 'tri', 'thr': 55, 'window': 'MAX', 'order': 4, 'rows': 81}
{'ticker': 'QQQ', 'mode': 'tri', 'thr': 60, 'window': '1Y', 'order': 1, 'rows': 3}
{'ticker': 'QQQ', 'mode': 'tri', 'thr': 60, 'window': '1Y', 'order': 2, 'rows': 9}
{'ticker': 'QQQ', 'mode': 'tri', 'thr': 60, 'window': '1Y', 'order': 3, 'rows': 27}
{'ticker': 'QQQ', 'mode': 'tri', 'thr': 60, 'window': '1Y', 'order': 4, 'rows': 70}
{'ticker': 'QQQ', 'mode': 'tri', 'thr': 60, 'window': '2Y', 'order': 1, 'rows': 3}
{'ticker': 'QQQ', 'mode': 'tri', 'thr': 60, 'window': '2Y', 'order': 2, 'rows': 9}
{'ticker': 'QQQ', 'mode': 'tri', 'thr': 60, 'window': '2Y', 'order': 3, 'rows': 27}
{'ticker': 'QQQ', 'mode': 'tri', 'thr': 60, 'window': '2Y', 'order': 4, 'rows': 78}
{'ticker': 'QQQ', 'mode': 'tri', 'thr': 60, 'window': '5Y', 'order': 1, 'rows': 3}
{'ticker': 'QQQ', 'mode': 'tri', 'thr': 60, 'window': '5Y', 'order': 2, 'rows': 9}
{'ticker': 'QQQ', 'mode': 'tri', 'thr': 60, 'window': '5Y', 'order': 3, 'rows': 27}
{'ticker': 'QQQ', 'mode': 'tri', 'thr': 60, 'window': '5Y', 'order': 4, 'rows': 81}
{'ticker': 'QQQ', 'mode': 'tri', 'thr': 60, 'window': '10Y', 'order': 1, 'rows': 3}
{'ticker': 'QQQ', 'mode': 'tri', 'thr': 60, 'window': '10Y', 'order': 2, 'rows': 9}
{'ticker': 'QQQ', 'mode': 'tri', 'thr': 60, 'window': '10Y', 'order': 3, 'rows': 27}
{'ticker': 'QQQ', 'mode': 'tri', 'thr': 60, 'window': '10Y', 'order': 4, 'rows': 81}
{'ticker': 'QQQ', 'mode': 'tri', 'thr': 60, 'window': '20Y', 'order': 1, 'rows': 3}
{'ticker': 'QQQ', 'mode': 'tri', 'thr': 60, 'window': '20Y', 'order': 2, 'rows': 9}
{'ticker': 'QQQ', 'mode': 'tri', 'thr': 60, 'window': '20Y', 'order': 3, 'rows': 27}
{'ticker': 'QQQ', 'mode': 'tri', 'thr': 60, 'window': '20Y', 'order': 4, 'rows': 81}
{'ticker': 'QQQ', 'mode': 'tri', 'thr': 60, 'window': 'MAX', 'order': 1, 'rows': 3}
{'ticker': 'QQQ', 'mode': 'tri', 'thr': 60, 'window': 'MAX', 'order': 2, 'rows': 9}
{'ticker': 'QQQ', 'mode': 'tri', 'thr': 60, 'window': 'MAX', 'order': 3, 'rows': 27}
{'ticker': 'QQQ', 'mode': 'tri', 'thr': 60, 'window': 'MAX', 'order': 4, 'rows': 81}
{'ticker': 'QQQ', 'mode': 'tri', 'thr': 65, 'window': '1Y', 'order': 1, 'rows': 3}
{'ticker': 'QQQ', 'mode': 'tri', 'thr': 65, 'window': '1Y', 'order': 2, 'rows': 9}
{'ticker': 'QQQ', 'mode': 'tri', 'thr': 65, 'window': '1Y', 'order': 3, 'rows': 27}
{'ticker': 'QQQ', 'mode': 'tri', 'thr': 65, 'window': '1Y', 'order': 4, 'rows': 68}
{'ticker': 'QQQ', 'mode': 'tri', 'thr': 65, 'window': '2Y', 'order': 1, 'rows': 3}
{'ticker': 'QQQ', 'mode': 'tri', 'thr': 65, 'window': '2Y', 'order': 2, 'rows': 9}
{'ticker': 'QQQ', 'mode': 'tri', 'thr': 65, 'window': '2Y', 'order': 3, 'rows': 27}
{'ticker': 'QQQ', 'mode': 'tri', 'thr': 65, 'window': '2Y', 'order': 4, 'rows': 77}
{'ticker': 'QQQ', 'mode': 'tri', 'thr': 65, 'window': '5Y', 'order': 1, 'rows': 3}
{'ticker': 'QQQ', 'mode': 'tri', 'thr': 65, 'window': '5Y', 'order': 2, 'rows': 9}
{'ticker': 'QQQ', 'mode': 'tri', 'thr': 65, 'window': '5Y', 'order': 3, 'rows': 27}
{'ticker': 'QQQ', 'mode': 'tri', 'thr': 65, 'window': '5Y', 'order': 4, 'rows': 81}
{'ticker': 'QQQ', 'mode': 'tri', 'thr': 65, 'window': '10Y', 'order': 1, 'rows': 3}
{'ticker': 'QQQ', 'mode': 'tri', 'thr': 65, 'window': '10Y', 'order': 2, 'rows': 9}
{'ticker': 'QQQ', 'mode': 'tri', 'thr': 65, 'window': '10Y', 'order': 3, 'rows': 27}
{'ticker': 'QQQ', 'mode': 'tri', 'thr': 65, 'window': '10Y', 'order': 4, 'rows': 81}
{'ticker': 'QQQ', 'mode': 'tri', 'thr': 65, 'window': '20Y', 'order': 1, 'rows': 3}
{'ticker': 'QQQ', 'mode': 'tri', 'thr': 65, 'window': '20Y', 'order': 2, 'rows': 9}
{'ticker': 'QQQ', 'mode': 'tri', 'thr': 65, 'window': '20Y', 'order': 3, 'rows': 27}
{'ticker': 'QQQ', 'mode': 'tri', 'thr': 65, 'window': '20Y', 'order': 4, 'rows': 81}
{'ticker': 'QQQ', 'mode': 'tri', 'thr': 65, 'window': 'MAX', 'order': 1, 'rows': 3}
{'ticker': 'QQQ', 'mode': 'tri', 'thr': 65, 'window': 'MAX', 'order': 2, 'rows': 9}
{'ticker': 'QQQ', 'mode': 'tri', 'thr': 65, 'window': 'MAX', 'order': 3, 'rows': 27}
{'ticker': 'QQQ', 'mode': 'tri', 'thr': 65, 'window': 'MAX', 'order': 4, 'rows': 81}
{'ticker': 'QQQ', 'mode': 'tri', 'thr': 70, 'window': '1Y', 'order': 1, 'rows': 3}
{'ticker': 'QQQ', 'mode': 'tri', 'thr': 70, 'window': '1Y', 'order': 2, 'rows': 9}
{'ticker': 'QQQ', 'mode': 'tri', 'thr': 70, 'window': '1Y', 'order': 3, 'rows': 27}
{'ticker': 'QQQ', 'mode': 'tri', 'thr': 70, 'window': '1Y', 'order': 4, 'rows': 66}
{'ticker': 'QQQ', 'mode': 'tri', 'thr': 70, 'window': '2Y', 'order': 1, 'rows': 3}
{'ticker': 'QQQ', 'mode': 'tri', 'thr': 70, 'window': '2Y', 'order': 2, 'rows': 9}
{'ticker': 'QQQ', 'mode': 'tri', 'thr': 70, 'window': '2Y', 'order': 3, 'rows': 27}
{'ticker': 'QQQ', 'mode': 'tri', 'thr': 70, 'window': '2Y', 'order': 4, 'rows': 76}
{'ticker': 'QQQ', 'mode': 'tri', 'thr': 70, 'window': '5Y', 'order': 1, 'rows': 3}
{'ticker': 'QQQ', 'mode': 'tri', 'thr': 70, 'window': '5Y', 'order': 2, 'rows': 9}
{'ticker': 'QQQ', 'mode': 'tri', 'thr': 70, 'window': '5Y', 'order': 3, 'rows': 27}
{'ticker': 'QQQ', 'mode': 'tri', 'thr': 70, 'window': '5Y', 'order': 4, 'rows': 81}
{'ticker': 'QQQ', 'mode': 'tri', 'thr': 70, 'window': '10Y', 'order': 1, 'rows': 3}
{'ticker': 'QQQ', 'mode': 'tri', 'thr': 70, 'window': '10Y', 'order': 2, 'rows': 9}
{'ticker': 'QQQ', 'mode': 'tri', 'thr': 70, 'window': '10Y', 'order': 3, 'rows': 27}
{'ticker': 'QQQ', 'mode': 'tri', 'thr': 70, 'window': '10Y', 'order': 4, 'rows': 81}2025-11-12 11:27:00,959 INFO [cli] {'ticker': 'QQQ', 'mode': 'tri', 'thr': 70, 'window': '10Y', 'order': 4, 'rows': 81}
2025-11-12 11:27:00,969 INFO [cli] {'ticker': 'QQQ', 'mode': 'tri', 'thr': 70, 'window': '20Y', 'order': 1, 'rows': 3}
2025-11-12 11:27:00,980 INFO [cli] {'ticker': 'QQQ', 'mode': 'tri', 'thr': 70, 'window': '20Y', 'order': 2, 'rows': 9}
2025-11-12 11:27:00,988 INFO [cli] {'ticker': 'QQQ', 'mode': 'tri', 'thr': 70, 'window': '20Y', 'order': 3, 'rows': 27}
2025-11-12 11:27:00,997 INFO [cli] {'ticker': 'QQQ', 'mode': 'tri', 'thr': 70, 'window': '20Y', 'order': 4, 'rows': 81}
2025-11-12 11:27:01,007 INFO [cli] {'ticker': 'QQQ', 'mode': 'tri', 'thr': 70, 'window': 'MAX', 'order': 1, 'rows': 3}
2025-11-12 11:27:01,016 INFO [cli] {'ticker': 'QQQ', 'mode': 'tri', 'thr': 70, 'window': 'MAX', 'order': 2, 'rows': 9}
2025-11-12 11:27:01,025 INFO [cli] {'ticker': 'QQQ', 'mode': 'tri', 'thr': 70, 'window': 'MAX', 'order': 3, 'rows': 27}
2025-11-12 11:27:01,035 INFO [cli] {'ticker': 'QQQ', 'mode': 'tri', 'thr': 70, 'window': 'MAX', 'order': 4, 'rows': 81}
2025-11-12 11:27:01,052 INFO [cli] {'ticker': 'QQQ', 'mode': 'tri', 'thr': 75, 'window': '1Y', 'order': 1, 'rows': 3}
2025-11-12 11:27:01,060 INFO [cli] {'ticker': 'QQQ', 'mode': 'tri', 'thr': 75, 'window': '1Y', 'order': 2, 'rows': 9}
2025-11-12 11:27:01,069 INFO [cli] {'ticker': 'QQQ', 'mode': 'tri', 'thr': 75, 'window': '1Y', 'order': 3, 'rows': 26}
2025-11-12 11:27:01,079 INFO [cli] {'ticker': 'QQQ', 'mode': 'tri', 'thr': 75, 'window': '1Y', 'order': 4, 'rows': 63}
2025-11-12 11:27:01,087 INFO [cli] {'ticker': 'QQQ', 'mode': 'tri', 'thr': 75, 'window': '2Y', 'order': 1, 'rows': 3}
2025-11-12 11:27:01,095 INFO [cli] {'ticker': 'QQQ', 'mode': 'tri', 'thr': 75, 'window': '2Y', 'order': 2, 'rows': 9}
2025-11-12 11:27:01,104 INFO [cli] {'ticker': 'QQQ', 'mode': 'tri', 'thr': 75, 'window': '2Y', 'order': 3, 'rows': 27}
2025-11-12 11:27:01,115 INFO [cli] {'ticker': 'QQQ', 'mode': 'tri', 'thr': 75, 'window': '2Y', 'order': 4, 'rows': 73}
2025-11-12 11:27:01,124 INFO [cli] {'ticker': 'QQQ', 'mode': 'tri', 'thr': 75, 'window': '5Y', 'order': 1, 'rows': 3}
2025-11-12 11:27:01,131 INFO [cli] {'ticker': 'QQQ', 'mode': 'tri', 'thr': 75, 'window': '5Y', 'order': 2, 'rows': 9}
2025-11-12 11:27:01,142 INFO [cli] {'ticker': 'QQQ', 'mode': 'tri', 'thr': 75, 'window': '5Y', 'order': 3, 'rows': 27}
2025-11-12 11:27:01,150 INFO [cli] {'ticker': 'QQQ', 'mode': 'tri', 'thr': 75, 'window': '5Y', 'order': 4, 'rows': 81}
2025-11-12 11:27:01,158 INFO [cli] {'ticker': 'QQQ', 'mode': 'tri', 'thr': 75, 'window': '10Y', 'order': 1, 'rows': 3}
2025-11-12 11:27:01,177 INFO [cli] {'ticker': 'QQQ', 'mode': 'tri', 'thr': 75, 'window': '10Y', 'order': 2, 'rows': 9}
2025-11-12 11:27:01,185 INFO [cli] {'ticker': 'QQQ', 'mode': 'tri', 'thr': 75, 'window': '10Y', 'order': 3, 'rows': 27}
2025-11-12 11:27:01,195 INFO [cli] {'ticker': 'QQQ', 'mode': 'tri', 'thr': 75, 'window': '10Y', 'order': 4, 'rows': 81}
2025-11-12 11:27:01,204 INFO [cli] {'ticker': 'QQQ', 'mode': 'tri', 'thr': 75, 'window': '20Y', 'order': 1, 'rows': 3}
2025-11-12 11:27:01,213 INFO [cli] {'ticker': 'QQQ', 'mode': 'tri', 'thr': 75, 'window': '20Y', 'order': 2, 'rows': 9}
2025-11-12 11:27:01,221 INFO [cli] {'ticker': 'QQQ', 'mode': 'tri', 'thr': 75, 'window': '20Y', 'order': 3, 'rows': 27}
2025-11-12 11:27:01,230 INFO [cli] {'ticker': 'QQQ', 'mode': 'tri', 'thr': 75, 'window': '20Y', 'order': 4, 'rows': 81}
2025-11-12 11:27:01,239 INFO [cli] {'ticker': 'QQQ', 'mode': 'tri', 'thr': 75, 'window': 'MAX', 'order': 1, 'rows': 3}
2025-11-12 11:27:01,248 INFO [cli] {'ticker': 'QQQ', 'mode': 'tri', 'thr': 75, 'window': 'MAX', 'order': 2, 'rows': 9}
2025-11-12 11:27:01,258 INFO [cli] {'ticker': 'QQQ', 'mode': 'tri', 'thr': 75, 'window': 'MAX', 'order': 3, 'rows': 27}
2025-11-12 11:27:01,268 INFO [cli] {'ticker': 'QQQ', 'mode': 'tri', 'thr': 75, 'window': 'MAX', 'order': 4, 'rows': 81}
2025-11-12 11:27:01,284 INFO [cli] {'ticker': 'QQQ', 'mode': 'tri', 'thr': 80, 'window': '1Y', 'order': 1, 'rows': 3}
2025-11-12 11:27:01,292 INFO [cli] {'ticker': 'QQQ', 'mode': 'tri', 'thr': 80, 'window': '1Y', 'order': 2, 'rows': 9}
2025-11-12 11:27:01,301 INFO [cli] {'ticker': 'QQQ', 'mode': 'tri', 'thr': 80, 'window': '1Y', 'order': 3, 'rows': 25}
2025-11-12 11:27:01,310 INFO [cli] {'ticker': 'QQQ', 'mode': 'tri', 'thr': 80, 'window': '1Y', 'order': 4, 'rows': 59}
2025-11-12 11:27:01,318 INFO [cli] {'ticker': 'QQQ', 'mode': 'tri', 'thr': 80, 'window': '2Y', 'order': 1, 'rows': 3}
2025-11-12 11:27:01,328 INFO [cli] {'ticker': 'QQQ', 'mode': 'tri', 'thr': 80, 'window': '2Y', 'order': 2, 'rows': 9}
2025-11-12 11:27:01,339 INFO [cli] {'ticker': 'QQQ', 'mode': 'tri', 'thr': 80, 'window': '2Y', 'order': 3, 'rows': 27}
2025-11-12 11:27:01,348 INFO [cli] {'ticker': 'QQQ', 'mode': 'tri', 'thr': 80, 'window': '2Y', 'order': 4, 'rows': 69}
2025-11-12 11:27:01,358 INFO [cli] {'ticker': 'QQQ', 'mode': 'tri', 'thr': 80, 'window': '5Y', 'order': 1, 'rows': 3}
2025-11-12 11:27:01,366 INFO [cli] {'ticker': 'QQQ', 'mode': 'tri', 'thr': 80, 'window': '5Y', 'order': 2, 'rows': 9}
2025-11-12 11:27:01,374 INFO [cli] {'ticker': 'QQQ', 'mode': 'tri', 'thr': 80, 'window': '5Y', 'order': 3, 'rows': 27}
2025-11-12 11:27:01,386 INFO [cli] {'ticker': 'QQQ', 'mode': 'tri', 'thr': 80, 'window': '5Y', 'order': 4, 'rows': 81}
2025-11-12 11:27:01,394 INFO [cli] {'ticker': 'QQQ', 'mode': 'tri', 'thr': 80, 'window': '10Y', 'order': 1, 'rows': 3}
2025-11-12 11:27:01,403 INFO [cli] {'ticker': 'QQQ', 'mode': 'tri', 'thr': 80, 'window': '10Y', 'order': 2, 'rows': 9}
2025-11-12 11:27:01,412 INFO [cli] {'ticker': 'QQQ', 'mode': 'tri', 'thr': 80, 'window': '10Y', 'order': 3, 'rows': 27}
2025-11-12 11:27:01,421 INFO [cli] {'ticker': 'QQQ', 'mode': 'tri', 'thr': 80, 'window': '10Y', 'order': 4, 'rows': 81}
2025-11-12 11:27:01,429 INFO [cli] {'ticker': 'QQQ', 'mode': 'tri', 'thr': 80, 'window': '20Y', 'order': 1, 'rows': 3}
2025-11-12 11:27:01,437 INFO [cli] {'ticker': 'QQQ', 'mode': 'tri', 'thr': 80, 'window': '20Y', 'order': 2, 'rows': 9}
2025-11-12 11:27:01,448 INFO [cli] {'ticker': 'QQQ', 'mode': 'tri', 'thr': 80, 'window': '20Y', 'order': 3, 'rows': 27}
2025-11-12 11:27:01,457 INFO [cli] {'ticker': 'QQQ', 'mode': 'tri', 'thr': 80, 'window': '20Y', 'order': 4, 'rows': 81}
2025-11-12 11:27:01,467 INFO [cli] {'ticker': 'QQQ', 'mode': 'tri', 'thr': 80, 'window': 'MAX', 'order': 1, 'rows': 3}
2025-11-12 11:27:01,476 INFO [cli] {'ticker': 'QQQ', 'mode': 'tri', 'thr': 80, 'window': 'MAX', 'order': 2, 'rows': 9}
2025-11-12 11:27:01,486 INFO [cli] {'ticker': 'QQQ', 'mode': 'tri', 'thr': 80, 'window': 'MAX', 'order': 3, 'rows': 27}
2025-11-12 11:27:01,495 INFO [cli] {'ticker': 'QQQ', 'mode': 'tri', 'thr': 80, 'window': 'MAX', 'order': 4, 'rows': 81}
2025-11-12 11:27:01,510 INFO [cli] {'ticker': 'QQQ', 'mode': 'tri', 'thr': 85, 'window': '1Y', 'order': 1, 'rows': 3}
2025-11-12 11:27:01,519 INFO [cli] {'ticker': 'QQQ', 'mode': 'tri', 'thr': 85, 'window': '1Y', 'order': 2, 'rows': 9}
2025-11-12 11:27:01,529 INFO [cli] {'ticker': 'QQQ', 'mode': 'tri', 'thr': 85, 'window': '1Y', 'order': 3, 'rows': 25}
2025-11-12 11:27:01,538 INFO [cli] {'ticker': 'QQQ', 'mode': 'tri', 'thr': 85, 'window': '1Y', 'order': 4, 'rows': 59}
2025-11-12 11:27:01,546 INFO [cli] {'ticker': 'QQQ', 'mode': 'tri', 'thr': 85, 'window': '2Y', 'order': 1, 'rows': 3}
2025-11-12 11:27:01,555 INFO [cli] {'ticker': 'QQQ', 'mode': 'tri', 'thr': 85, 'window': '2Y', 'order': 2, 'rows': 9}
2025-11-12 11:27:01,564 INFO [cli] {'ticker': 'QQQ', 'mode': 'tri', 'thr': 85, 'window': '2Y', 'order': 3, 'rows': 27}
2025-11-12 11:27:01,572 INFO [cli] {'ticker': 'QQQ', 'mode': 'tri', 'thr': 85, 'window': '2Y', 'order': 4, 'rows': 68}
2025-11-12 11:27:01,581 INFO [cli] {'ticker': 'QQQ', 'mode': 'tri', 'thr': 85, 'window': '5Y', 'order': 1, 'rows': 3}
2025-11-12 11:27:01,590 INFO [cli] {'ticker': 'QQQ', 'mode': 'tri', 'thr': 85, 'window': '5Y', 'order': 2, 'rows': 9}
2025-11-12 11:27:01,598 INFO [cli] {'ticker': 'QQQ', 'mode': 'tri', 'thr': 85, 'window': '5Y', 'order': 3, 'rows': 27}
2025-11-12 11:27:01,606 INFO [cli] {'ticker': 'QQQ', 'mode': 'tri', 'thr': 85, 'window': '5Y', 'order': 4, 'rows': 81}
2025-11-12 11:27:01,614 INFO [cli] {'ticker': 'QQQ', 'mode': 'tri', 'thr': 85, 'window': '10Y', 'order': 1, 'rows': 3}
2025-11-12 11:27:01,623 INFO [cli] {'ticker': 'QQQ', 'mode': 'tri', 'thr': 85, 'window': '10Y', 'order': 2, 'rows': 9}
2025-11-12 11:27:01,632 INFO [cli] {'ticker': 'QQQ', 'mode': 'tri', 'thr': 85, 'window': '10Y', 'order': 3, 'rows': 27}
2025-11-12 11:27:01,641 INFO [cli] {'ticker': 'QQQ', 'mode': 'tri', 'thr': 85, 'window': '10Y', 'order': 4, 'rows': 81}
2025-11-12 11:27:01,650 INFO [cli] {'ticker': 'QQQ', 'mode': 'tri', 'thr': 85, 'window': '20Y', 'order': 1, 'rows': 3}
2025-11-12 11:27:01,661 INFO [cli] {'ticker': 'QQQ', 'mode': 'tri', 'thr': 85, 'window': '20Y', 'order': 2, 'rows': 9}
2025-11-12 11:27:01,669 INFO [cli] {'ticker': 'QQQ', 'mode': 'tri', 'thr': 85, 'window': '20Y', 'order': 3, 'rows': 27}
2025-11-12 11:27:01,676 INFO [cli] {'ticker': 'QQQ', 'mode': 'tri', 'thr': 85, 'window': '20Y', 'order': 4, 'rows': 81}
2025-11-12 11:27:01,686 INFO [cli] {'ticker': 'QQQ', 'mode': 'tri', 'thr': 85, 'window': 'MAX', 'order': 1, 'rows': 3}
2025-11-12 11:27:01,695 INFO [cli] {'ticker': 'QQQ', 'mode': 'tri', 'thr': 85, 'window': 'MAX', 'order': 2, 'rows': 9}
2025-11-12 11:27:01,704 INFO [cli] {'ticker': 'QQQ', 'mode': 'tri', 'thr': 85, 'window': 'MAX', 'order': 3, 'rows': 27}
2025-11-12 11:27:01,713 INFO [cli] {'ticker': 'QQQ', 'mode': 'tri', 'thr': 85, 'window': 'MAX', 'order': 4, 'rows': 81}
2025-11-12 11:27:01,729 INFO [cli] {'ticker': 'QQQ', 'mode': 'tri', 'thr': 90, 'window': '1Y', 'order': 1, 'rows': 3}
2025-11-12 11:27:01,739 INFO [cli] {'ticker': 'QQQ', 'mode': 'tri', 'thr': 90, 'window': '1Y', 'order': 2, 'rows': 9}
2025-11-12 11:27:01,747 INFO [cli] {'ticker': 'QQQ', 'mode': 'tri', 'thr': 90, 'window': '1Y', 'order': 3, 'rows': 25}
2025-11-12 11:27:01,756 INFO [cli] {'ticker': 'QQQ', 'mode': 'tri', 'thr': 90, 'window': '1Y', 'order': 4, 'rows': 58}
2025-11-12 11:27:01,765 INFO [cli] {'ticker': 'QQQ', 'mode': 'tri', 'thr': 90, 'window': '2Y', 'order': 1, 'rows': 3}
2025-11-12 11:27:01,773 INFO [cli] {'ticker': 'QQQ', 'mode': 'tri', 'thr': 90, 'window': '2Y', 'order': 2, 'rows': 9}
2025-11-12 11:27:01,782 INFO [cli] {'ticker': 'QQQ', 'mode': 'tri', 'thr': 90, 'window': '2Y', 'order': 3, 'rows': 27}
2025-11-12 11:27:01,792 INFO [cli] {'ticker': 'QQQ', 'mode': 'tri', 'thr': 90, 'window': '2Y', 'order': 4, 'rows': 69}
2025-11-12 11:27:01,800 INFO [cli] {'ticker': 'QQQ', 'mode': 'tri', 'thr': 90, 'window': '5Y', 'order': 1, 'rows': 3}
2025-11-12 11:27:01,810 INFO [cli] {'ticker': 'QQQ', 'mode': 'tri', 'thr': 90, 'window': '5Y', 'order': 2, 'rows': 9}
2025-11-12 11:27:01,818 INFO [cli] {'ticker': 'QQQ', 'mode': 'tri', 'thr': 90, 'window': '5Y', 'order': 3, 'rows': 27}
2025-11-12 11:27:01,828 INFO [cli] {'ticker': 'QQQ', 'mode': 'tri', 'thr': 90, 'window': '5Y', 'order': 4, 'rows': 81}
2025-11-12 11:27:01,835 INFO [cli] {'ticker': 'QQQ', 'mode': 'tri', 'thr': 90, 'window': '10Y', 'order': 1, 'rows': 3}
2025-11-12 11:27:01,844 INFO [cli] {'ticker': 'QQQ', 'mode': 'tri', 'thr': 90, 'window': '10Y', 'order': 2, 'rows': 9}
2025-11-12 11:27:01,852 INFO [cli] {'ticker': 'QQQ', 'mode': 'tri', 'thr': 90, 'window': '10Y', 'order': 3, 'rows': 27}
2025-11-12 11:27:01,862 INFO [cli] {'ticker': 'QQQ', 'mode': 'tri', 'thr': 90, 'window': '10Y', 'order': 4, 'rows': 81}
2025-11-12 11:27:01,871 INFO [cli] {'ticker': 'QQQ', 'mode': 'tri', 'thr': 90, 'window': '20Y', 'order': 1, 'rows': 3}

{'ticker': 'QQQ', 'mode': 'tri', 'thr': 70, 'window': '20Y', 'order': 1, 'rows': 3}
{'ticker': 'QQQ', 'mode': 'tri', 'thr': 70, 'window': '20Y', 'order': 2, 'rows': 9}
{'ticker': 'QQQ', 'mode': 'tri', 'thr': 70, 'window': '20Y', 'order': 3, 'rows': 27}
{'ticker': 'QQQ', 'mode': 'tri', 'thr': 70, 'window': '20Y', 'order': 4, 'rows': 81}
{'ticker': 'QQQ', 'mode': 'tri', 'thr': 70, 'window': 'MAX', 'order': 1, 'rows': 3}
{'ticker': 'QQQ', 'mode': 'tri', 'thr': 70, 'window': 'MAX', 'order': 2, 'rows': 9}
{'ticker': 'QQQ', 'mode': 'tri', 'thr': 70, 'window': 'MAX', 'order': 3, 'rows': 27}
{'ticker': 'QQQ', 'mode': 'tri', 'thr': 70, 'window': 'MAX', 'order': 4, 'rows': 81}
{'ticker': 'QQQ', 'mode': 'tri', 'thr': 75, 'window': '1Y', 'order': 1, 'rows': 3}
{'ticker': 'QQQ', 'mode': 'tri', 'thr': 75, 'window': '1Y', 'order': 2, 'rows': 9}
{'ticker': 'QQQ', 'mode': 'tri', 'thr': 75, 'window': '1Y', 'order': 3, 'rows': 26}
{'ticker': 'QQQ', 'mode': 'tri', 'thr': 75, 'window': '1Y', 'order': 4, 'rows': 63}
{'ticker': 'QQQ', 'mode': 'tri', 'thr': 75, 'window': '2Y', 'order': 1, 'rows': 3}
{'ticker': 'QQQ', 'mode': 'tri', 'thr': 75, 'window': '2Y', 'order': 2, 'rows': 9}
{'ticker': 'QQQ', 'mode': 'tri', 'thr': 75, 'window': '2Y', 'order': 3, 'rows': 27}
{'ticker': 'QQQ', 'mode': 'tri', 'thr': 75, 'window': '2Y', 'order': 4, 'rows': 73}
{'ticker': 'QQQ', 'mode': 'tri', 'thr': 75, 'window': '5Y', 'order': 1, 'rows': 3}
{'ticker': 'QQQ', 'mode': 'tri', 'thr': 75, 'window': '5Y', 'order': 2, 'rows': 9}
{'ticker': 'QQQ', 'mode': 'tri', 'thr': 75, 'window': '5Y', 'order': 3, 'rows': 27}
{'ticker': 'QQQ', 'mode': 'tri', 'thr': 75, 'window': '5Y', 'order': 4, 'rows': 81}
{'ticker': 'QQQ', 'mode': 'tri', 'thr': 75, 'window': '10Y', 'order': 1, 'rows': 3}
{'ticker': 'QQQ', 'mode': 'tri', 'thr': 75, 'window': '10Y', 'order': 2, 'rows': 9}
{'ticker': 'QQQ', 'mode': 'tri', 'thr': 75, 'window': '10Y', 'order': 3, 'rows': 27}
{'ticker': 'QQQ', 'mode': 'tri', 'thr': 75, 'window': '10Y', 'order': 4, 'rows': 81}
{'ticker': 'QQQ', 'mode': 'tri', 'thr': 75, 'window': '20Y', 'order': 1, 'rows': 3}
{'ticker': 'QQQ', 'mode': 'tri', 'thr': 75, 'window': '20Y', 'order': 2, 'rows': 9}
{'ticker': 'QQQ', 'mode': 'tri', 'thr': 75, 'window': '20Y', 'order': 3, 'rows': 27}
{'ticker': 'QQQ', 'mode': 'tri', 'thr': 75, 'window': '20Y', 'order': 4, 'rows': 81}
{'ticker': 'QQQ', 'mode': 'tri', 'thr': 75, 'window': 'MAX', 'order': 1, 'rows': 3}
{'ticker': 'QQQ', 'mode': 'tri', 'thr': 75, 'window': 'MAX', 'order': 2, 'rows': 9}
{'ticker': 'QQQ', 'mode': 'tri', 'thr': 75, 'window': 'MAX', 'order': 3, 'rows': 27}
{'ticker': 'QQQ', 'mode': 'tri', 'thr': 75, 'window': 'MAX', 'order': 4, 'rows': 81}
{'ticker': 'QQQ', 'mode': 'tri', 'thr': 80, 'window': '1Y', 'order': 1, 'rows': 3}
{'ticker': 'QQQ', 'mode': 'tri', 'thr': 80, 'window': '1Y', 'order': 2, 'rows': 9}
{'ticker': 'QQQ', 'mode': 'tri', 'thr': 80, 'window': '1Y', 'order': 3, 'rows': 25}
{'ticker': 'QQQ', 'mode': 'tri', 'thr': 80, 'window': '1Y', 'order': 4, 'rows': 59}
{'ticker': 'QQQ', 'mode': 'tri', 'thr': 80, 'window': '2Y', 'order': 1, 'rows': 3}
{'ticker': 'QQQ', 'mode': 'tri', 'thr': 80, 'window': '2Y', 'order': 2, 'rows': 9}
{'ticker': 'QQQ', 'mode': 'tri', 'thr': 80, 'window': '2Y', 'order': 3, 'rows': 27}
{'ticker': 'QQQ', 'mode': 'tri', 'thr': 80, 'window': '2Y', 'order': 4, 'rows': 69}
{'ticker': 'QQQ', 'mode': 'tri', 'thr': 80, 'window': '5Y', 'order': 1, 'rows': 3}
{'ticker': 'QQQ', 'mode': 'tri', 'thr': 80, 'window': '5Y', 'order': 2, 'rows': 9}
{'ticker': 'QQQ', 'mode': 'tri', 'thr': 80, 'window': '5Y', 'order': 3, 'rows': 27}
{'ticker': 'QQQ', 'mode': 'tri', 'thr': 80, 'window': '5Y', 'order': 4, 'rows': 81}
{'ticker': 'QQQ', 'mode': 'tri', 'thr': 80, 'window': '10Y', 'order': 1, 'rows': 3}
{'ticker': 'QQQ', 'mode': 'tri', 'thr': 80, 'window': '10Y', 'order': 2, 'rows': 9}
{'ticker': 'QQQ', 'mode': 'tri', 'thr': 80, 'window': '10Y', 'order': 3, 'rows': 27}
{'ticker': 'QQQ', 'mode': 'tri', 'thr': 80, 'window': '10Y', 'order': 4, 'rows': 81}
{'ticker': 'QQQ', 'mode': 'tri', 'thr': 80, 'window': '20Y', 'order': 1, 'rows': 3}
{'ticker': 'QQQ', 'mode': 'tri', 'thr': 80, 'window': '20Y', 'order': 2, 'rows': 9}
{'ticker': 'QQQ', 'mode': 'tri', 'thr': 80, 'window': '20Y', 'order': 3, 'rows': 27}
{'ticker': 'QQQ', 'mode': 'tri', 'thr': 80, 'window': '20Y', 'order': 4, 'rows': 81}
{'ticker': 'QQQ', 'mode': 'tri', 'thr': 80, 'window': 'MAX', 'order': 1, 'rows': 3}
{'ticker': 'QQQ', 'mode': 'tri', 'thr': 80, 'window': 'MAX', 'order': 2, 'rows': 9}
{'ticker': 'QQQ', 'mode': 'tri', 'thr': 80, 'window': 'MAX', 'order': 3, 'rows': 27}
{'ticker': 'QQQ', 'mode': 'tri', 'thr': 80, 'window': 'MAX', 'order': 4, 'rows': 81}
{'ticker': 'QQQ', 'mode': 'tri', 'thr': 85, 'window': '1Y', 'order': 1, 'rows': 3}
{'ticker': 'QQQ', 'mode': 'tri', 'thr': 85, 'window': '1Y', 'order': 2, 'rows': 9}
{'ticker': 'QQQ', 'mode': 'tri', 'thr': 85, 'window': '1Y', 'order': 3, 'rows': 25}
{'ticker': 'QQQ', 'mode': 'tri', 'thr': 85, 'window': '1Y', 'order': 4, 'rows': 59}
{'ticker': 'QQQ', 'mode': 'tri', 'thr': 85, 'window': '2Y', 'order': 1, 'rows': 3}
{'ticker': 'QQQ', 'mode': 'tri', 'thr': 85, 'window': '2Y', 'order': 2, 'rows': 9}
{'ticker': 'QQQ', 'mode': 'tri', 'thr': 85, 'window': '2Y', 'order': 3, 'rows': 27}
{'ticker': 'QQQ', 'mode': 'tri', 'thr': 85, 'window': '2Y', 'order': 4, 'rows': 68}
{'ticker': 'QQQ', 'mode': 'tri', 'thr': 85, 'window': '5Y', 'order': 1, 'rows': 3}
{'ticker': 'QQQ', 'mode': 'tri', 'thr': 85, 'window': '5Y', 'order': 2, 'rows': 9}
{'ticker': 'QQQ', 'mode': 'tri', 'thr': 85, 'window': '5Y', 'order': 3, 'rows': 27}
{'ticker': 'QQQ', 'mode': 'tri', 'thr': 85, 'window': '5Y', 'order': 4, 'rows': 81}
{'ticker': 'QQQ', 'mode': 'tri', 'thr': 85, 'window': '10Y', 'order': 1, 'rows': 3}
{'ticker': 'QQQ', 'mode': 'tri', 'thr': 85, 'window': '10Y', 'order': 2, 'rows': 9}
{'ticker': 'QQQ', 'mode': 'tri', 'thr': 85, 'window': '10Y', 'order': 3, 'rows': 27}
{'ticker': 'QQQ', 'mode': 'tri', 'thr': 85, 'window': '10Y', 'order': 4, 'rows': 81}
{'ticker': 'QQQ', 'mode': 'tri', 'thr': 85, 'window': '20Y', 'order': 1, 'rows': 3}
{'ticker': 'QQQ', 'mode': 'tri', 'thr': 85, 'window': '20Y', 'order': 2, 'rows': 9}
{'ticker': 'QQQ', 'mode': 'tri', 'thr': 85, 'window': '20Y', 'order': 3, 'rows': 27}
{'ticker': 'QQQ', 'mode': 'tri', 'thr': 85, 'window': '20Y', 'order': 4, 'rows': 81}
{'ticker': 'QQQ', 'mode': 'tri', 'thr': 85, 'window': 'MAX', 'order': 1, 'rows': 3}
{'ticker': 'QQQ', 'mode': 'tri', 'thr': 85, 'window': 'MAX', 'order': 2, 'rows': 9}
{'ticker': 'QQQ', 'mode': 'tri', 'thr': 85, 'window': 'MAX', 'order': 3, 'rows': 27}
{'ticker': 'QQQ', 'mode': 'tri', 'thr': 85, 'window': 'MAX', 'order': 4, 'rows': 81}
{'ticker': 'QQQ', 'mode': 'tri', 'thr': 90, 'window': '1Y', 'order': 1, 'rows': 3}
{'ticker': 'QQQ', 'mode': 'tri', 'thr': 90, 'window': '1Y', 'order': 2, 'rows': 9}
{'ticker': 'QQQ', 'mode': 'tri', 'thr': 90, 'window': '1Y', 'order': 3, 'rows': 25}
{'ticker': 'QQQ', 'mode': 'tri', 'thr': 90, 'window': '1Y', 'order': 4, 'rows': 58}
{'ticker': 'QQQ', 'mode': 'tri', 'thr': 90, 'window': '2Y', 'order': 1, 'rows': 3}
{'ticker': 'QQQ', 'mode': 'tri', 'thr': 90, 'window': '2Y', 'order': 2, 'rows': 9}
{'ticker': 'QQQ', 'mode': 'tri', 'thr': 90, 'window': '2Y', 'order': 3, 'rows': 27}
{'ticker': 'QQQ', 'mode': 'tri', 'thr': 90, 'window': '2Y', 'order': 4, 'rows': 69}
{'ticker': 'QQQ', 'mode': 'tri', 'thr': 90, 'window': '5Y', 'order': 1, 'rows': 3}
{'ticker': 'QQQ', 'mode': 'tri', 'thr': 90, 'window': '5Y', 'order': 2, 'rows': 9}
{'ticker': 'QQQ', 'mode': 'tri', 'thr': 90, 'window': '5Y', 'order': 3, 'rows': 27}
{'ticker': 'QQQ', 'mode': 'tri', 'thr': 90, 'window': '5Y', 'order': 4, 'rows': 81}
{'ticker': 'QQQ', 'mode': 'tri', 'thr': 90, 'window': '10Y', 'order': 1, 'rows': 3}
{'ticker': 'QQQ', 'mode': 'tri', 'thr': 90, 'window': '10Y', 'order': 2, 'rows': 9}
{'ticker': 'QQQ', 'mode': 'tri', 'thr': 90, 'window': '10Y', 'order': 3, 'rows': 27}
{'ticker': 'QQQ', 'mode': 'tri', 'thr': 90, 'window': '10Y', 'order': 4, 'rows': 81}
{'ticker': 'QQQ', 'mode': 'tri', 'thr': 90, 'window': '20Y', 'order': 1, 'rows': 3}
{'ticker': 'QQQ', 'mode': 'tri', 'thr': 90, 'window': '20Y', 'order': 2, 'rows': 9}2025-11-12 11:27:01,880 INFO [cli] {'ticker': 'QQQ', 'mode': 'tri', 'thr': 90, 'window': '20Y', 'order': 2, 'rows': 9}
2025-11-12 11:27:01,889 INFO [cli] {'ticker': 'QQQ', 'mode': 'tri', 'thr': 90, 'window': '20Y', 'order': 3, 'rows': 27}
2025-11-12 11:27:01,899 INFO [cli] {'ticker': 'QQQ', 'mode': 'tri', 'thr': 90, 'window': '20Y', 'order': 4, 'rows': 81}
2025-11-12 11:27:01,907 INFO [cli] {'ticker': 'QQQ', 'mode': 'tri', 'thr': 90, 'window': 'MAX', 'order': 1, 'rows': 3}
2025-11-12 11:27:01,918 INFO [cli] {'ticker': 'QQQ', 'mode': 'tri', 'thr': 90, 'window': 'MAX', 'order': 2, 'rows': 9}
2025-11-12 11:27:01,928 INFO [cli] {'ticker': 'QQQ', 'mode': 'tri', 'thr': 90, 'window': 'MAX', 'order': 3, 'rows': 27}
2025-11-12 11:27:01,936 INFO [cli] {'ticker': 'QQQ', 'mode': 'tri', 'thr': 90, 'window': 'MAX', 'order': 4, 'rows': 81}
2025-11-12 11:27:01,951 INFO [cli] {'ticker': 'QQQ', 'mode': 'tri', 'thr': 95, 'window': '1Y', 'order': 1, 'rows': 3}
2025-11-12 11:27:01,959 INFO [cli] {'ticker': 'QQQ', 'mode': 'tri', 'thr': 95, 'window': '1Y', 'order': 2, 'rows': 9}
2025-11-12 11:27:01,969 INFO [cli] {'ticker': 'QQQ', 'mode': 'tri', 'thr': 95, 'window': '1Y', 'order': 3, 'rows': 25}
2025-11-12 11:27:01,981 INFO [cli] {'ticker': 'QQQ', 'mode': 'tri', 'thr': 95, 'window': '1Y', 'order': 4, 'rows': 56}
2025-11-12 11:27:01,991 INFO [cli] {'ticker': 'QQQ', 'mode': 'tri', 'thr': 95, 'window': '2Y', 'order': 1, 'rows': 3}
2025-11-12 11:27:02,000 INFO [cli] {'ticker': 'QQQ', 'mode': 'tri', 'thr': 95, 'window': '2Y', 'order': 2, 'rows': 9}
2025-11-12 11:27:02,008 INFO [cli] {'ticker': 'QQQ', 'mode': 'tri', 'thr': 95, 'window': '2Y', 'order': 3, 'rows': 27}
2025-11-12 11:27:02,017 INFO [cli] {'ticker': 'QQQ', 'mode': 'tri', 'thr': 95, 'window': '2Y', 'order': 4, 'rows': 68}
2025-11-12 11:27:02,026 INFO [cli] {'ticker': 'QQQ', 'mode': 'tri', 'thr': 95, 'window': '5Y', 'order': 1, 'rows': 3}
2025-11-12 11:27:02,034 INFO [cli] {'ticker': 'QQQ', 'mode': 'tri', 'thr': 95, 'window': '5Y', 'order': 2, 'rows': 9}
2025-11-12 11:27:02,043 INFO [cli] {'ticker': 'QQQ', 'mode': 'tri', 'thr': 95, 'window': '5Y', 'order': 3, 'rows': 27}
2025-11-12 11:27:02,061 INFO [cli] {'ticker': 'QQQ', 'mode': 'tri', 'thr': 95, 'window': '5Y', 'order': 4, 'rows': 81}
2025-11-12 11:27:02,070 INFO [cli] {'ticker': 'QQQ', 'mode': 'tri', 'thr': 95, 'window': '10Y', 'order': 1, 'rows': 3}
2025-11-12 11:27:02,079 INFO [cli] {'ticker': 'QQQ', 'mode': 'tri', 'thr': 95, 'window': '10Y', 'order': 2, 'rows': 9}
2025-11-12 11:27:02,088 INFO [cli] {'ticker': 'QQQ', 'mode': 'tri', 'thr': 95, 'window': '10Y', 'order': 3, 'rows': 27}
2025-11-12 11:27:02,097 INFO [cli] {'ticker': 'QQQ', 'mode': 'tri', 'thr': 95, 'window': '10Y', 'order': 4, 'rows': 81}
2025-11-12 11:27:02,105 INFO [cli] {'ticker': 'QQQ', 'mode': 'tri', 'thr': 95, 'window': '20Y', 'order': 1, 'rows': 3}
2025-11-12 11:27:02,114 INFO [cli] {'ticker': 'QQQ', 'mode': 'tri', 'thr': 95, 'window': '20Y', 'order': 2, 'rows': 9}
2025-11-12 11:27:02,124 INFO [cli] {'ticker': 'QQQ', 'mode': 'tri', 'thr': 95, 'window': '20Y', 'order': 3, 'rows': 27}
2025-11-12 11:27:02,134 INFO [cli] {'ticker': 'QQQ', 'mode': 'tri', 'thr': 95, 'window': '20Y', 'order': 4, 'rows': 81}
2025-11-12 11:27:02,143 INFO [cli] {'ticker': 'QQQ', 'mode': 'tri', 'thr': 95, 'window': 'MAX', 'order': 1, 'rows': 3}
2025-11-12 11:27:02,152 INFO [cli] {'ticker': 'QQQ', 'mode': 'tri', 'thr': 95, 'window': 'MAX', 'order': 2, 'rows': 9}
2025-11-12 11:27:02,161 INFO [cli] {'ticker': 'QQQ', 'mode': 'tri', 'thr': 95, 'window': 'MAX', 'order': 3, 'rows': 27}
2025-11-12 11:27:02,171 INFO [cli] {'ticker': 'QQQ', 'mode': 'tri', 'thr': 95, 'window': 'MAX', 'order': 4, 'rows': 81}
2025-11-12 11:27:02,201 INFO [cli] {'ticker': 'QQQ', 'mode': 'tri', 'thr': 100, 'window': '1Y', 'order': 1, 'rows': 3}
2025-11-12 11:27:02,212 INFO [cli] {'ticker': 'QQQ', 'mode': 'tri', 'thr': 100, 'window': '1Y', 'order': 2, 'rows': 9}
2025-11-12 11:27:02,220 INFO [cli] {'ticker': 'QQQ', 'mode': 'tri', 'thr': 100, 'window': '1Y', 'order': 3, 'rows': 25}
2025-11-12 11:27:02,229 INFO [cli] {'ticker': 'QQQ', 'mode': 'tri', 'thr': 100, 'window': '1Y', 'order': 4, 'rows': 53}
2025-11-12 11:27:02,238 INFO [cli] {'ticker': 'QQQ', 'mode': 'tri', 'thr': 100, 'window': '2Y', 'order': 1, 'rows': 3}
2025-11-12 11:27:02,246 INFO [cli] {'ticker': 'QQQ', 'mode': 'tri', 'thr': 100, 'window': '2Y', 'order': 2, 'rows': 9}
2025-11-12 11:27:02,255 INFO [cli] {'ticker': 'QQQ', 'mode': 'tri', 'thr': 100, 'window': '2Y', 'order': 3, 'rows': 27}
2025-11-12 11:27:02,264 INFO [cli] {'ticker': 'QQQ', 'mode': 'tri', 'thr': 100, 'window': '2Y', 'order': 4, 'rows': 65}
2025-11-12 11:27:02,273 INFO [cli] {'ticker': 'QQQ', 'mode': 'tri', 'thr': 100, 'window': '5Y', 'order': 1, 'rows': 3}
2025-11-12 11:27:02,282 INFO [cli] {'ticker': 'QQQ', 'mode': 'tri', 'thr': 100, 'window': '5Y', 'order': 2, 'rows': 9}
2025-11-12 11:27:02,290 INFO [cli] {'ticker': 'QQQ', 'mode': 'tri', 'thr': 100, 'window': '5Y', 'order': 3, 'rows': 27}
2025-11-12 11:27:02,299 INFO [cli] {'ticker': 'QQQ', 'mode': 'tri', 'thr': 100, 'window': '5Y', 'order': 4, 'rows': 80}
2025-11-12 11:27:02,308 INFO [cli] {'ticker': 'QQQ', 'mode': 'tri', 'thr': 100, 'window': '10Y', 'order': 1, 'rows': 3}
2025-11-12 11:27:02,316 INFO [cli] {'ticker': 'QQQ', 'mode': 'tri', 'thr': 100, 'window': '10Y', 'order': 2, 'rows': 9}
2025-11-12 11:27:02,325 INFO [cli] {'ticker': 'QQQ', 'mode': 'tri', 'thr': 100, 'window': '10Y', 'order': 3, 'rows': 27}
2025-11-12 11:27:02,333 INFO [cli] {'ticker': 'QQQ', 'mode': 'tri', 'thr': 100, 'window': '10Y', 'order': 4, 'rows': 81}
2025-11-12 11:27:02,342 INFO [cli] {'ticker': 'QQQ', 'mode': 'tri', 'thr': 100, 'window': '20Y', 'order': 1, 'rows': 3}
2025-11-12 11:27:02,353 INFO [cli] {'ticker': 'QQQ', 'mode': 'tri', 'thr': 100, 'window': '20Y', 'order': 2, 'rows': 9}
2025-11-12 11:27:02,362 INFO [cli] {'ticker': 'QQQ', 'mode': 'tri', 'thr': 100, 'window': '20Y', 'order': 3, 'rows': 27}
2025-11-12 11:27:02,372 INFO [cli] {'ticker': 'QQQ', 'mode': 'tri', 'thr': 100, 'window': '20Y', 'order': 4, 'rows': 81}
2025-11-12 11:27:02,381 INFO [cli] {'ticker': 'QQQ', 'mode': 'tri', 'thr': 100, 'window': 'MAX', 'order': 1, 'rows': 3}
2025-11-12 11:27:02,390 INFO [cli] {'ticker': 'QQQ', 'mode': 'tri', 'thr': 100, 'window': 'MAX', 'order': 2, 'rows': 9}
2025-11-12 11:27:02,399 INFO [cli] {'ticker': 'QQQ', 'mode': 'tri', 'thr': 100, 'window': 'MAX', 'order': 3, 'rows': 27}
2025-11-12 11:27:02,408 INFO [cli] {'ticker': 'QQQ', 'mode': 'tri', 'thr': 100, 'window': 'MAX', 'order': 4, 'rows': 81}
2025-11-12 11:27:02,424 INFO [cli] {'ticker': 'QQQ', 'mode': 'tri', 'thr': 105, 'window': '1Y', 'order': 1, 'rows': 3}
2025-11-12 11:27:02,432 INFO [cli] {'ticker': 'QQQ', 'mode': 'tri', 'thr': 105, 'window': '1Y', 'order': 2, 'rows': 9}
2025-11-12 11:27:02,442 INFO [cli] {'ticker': 'QQQ', 'mode': 'tri', 'thr': 105, 'window': '1Y', 'order': 3, 'rows': 25}
2025-11-12 11:27:02,450 INFO [cli] {'ticker': 'QQQ', 'mode': 'tri', 'thr': 105, 'window': '1Y', 'order': 4, 'rows': 52}
2025-11-12 11:27:02,459 INFO [cli] {'ticker': 'QQQ', 'mode': 'tri', 'thr': 105, 'window': '2Y', 'order': 1, 'rows': 3}
2025-11-12 11:27:02,468 INFO [cli] {'ticker': 'QQQ', 'mode': 'tri', 'thr': 105, 'window': '2Y', 'order': 2, 'rows': 9}
2025-11-12 11:27:02,477 INFO [cli] {'ticker': 'QQQ', 'mode': 'tri', 'thr': 105, 'window': '2Y', 'order': 3, 'rows': 26}
2025-11-12 11:27:02,498 INFO [cli] {'ticker': 'QQQ', 'mode': 'tri', 'thr': 105, 'window': '2Y', 'order': 4, 'rows': 62}
2025-11-12 11:27:02,506 INFO [cli] {'ticker': 'QQQ', 'mode': 'tri', 'thr': 105, 'window': '5Y', 'order': 1, 'rows': 3}
2025-11-12 11:27:02,515 INFO [cli] {'ticker': 'QQQ', 'mode': 'tri', 'thr': 105, 'window': '5Y', 'order': 2, 'rows': 9}
2025-11-12 11:27:02,524 INFO [cli] {'ticker': 'QQQ', 'mode': 'tri', 'thr': 105, 'window': '5Y', 'order': 3, 'rows': 27}
2025-11-12 11:27:02,533 INFO [cli] {'ticker': 'QQQ', 'mode': 'tri', 'thr': 105, 'window': '5Y', 'order': 4, 'rows': 80}
2025-11-12 11:27:02,543 INFO [cli] {'ticker': 'QQQ', 'mode': 'tri', 'thr': 105, 'window': '10Y', 'order': 1, 'rows': 3}
2025-11-12 11:27:02,553 INFO [cli] {'ticker': 'QQQ', 'mode': 'tri', 'thr': 105, 'window': '10Y', 'order': 2, 'rows': 9}
2025-11-12 11:27:02,561 INFO [cli] {'ticker': 'QQQ', 'mode': 'tri', 'thr': 105, 'window': '10Y', 'order': 3, 'rows': 27}
2025-11-12 11:27:02,570 INFO [cli] {'ticker': 'QQQ', 'mode': 'tri', 'thr': 105, 'window': '10Y', 'order': 4, 'rows': 81}
2025-11-12 11:27:02,582 INFO [cli] {'ticker': 'QQQ', 'mode': 'tri', 'thr': 105, 'window': '20Y', 'order': 1, 'rows': 3}
2025-11-12 11:27:02,593 INFO [cli] {'ticker': 'QQQ', 'mode': 'tri', 'thr': 105, 'window': '20Y', 'order': 2, 'rows': 9}
2025-11-12 11:27:02,602 INFO [cli] {'ticker': 'QQQ', 'mode': 'tri', 'thr': 105, 'window': '20Y', 'order': 3, 'rows': 27}
2025-11-12 11:27:02,611 INFO [cli] {'ticker': 'QQQ', 'mode': 'tri', 'thr': 105, 'window': '20Y', 'order': 4, 'rows': 81}
2025-11-12 11:27:02,620 INFO [cli] {'ticker': 'QQQ', 'mode': 'tri', 'thr': 105, 'window': 'MAX', 'order': 1, 'rows': 3}
2025-11-12 11:27:02,630 INFO [cli] {'ticker': 'QQQ', 'mode': 'tri', 'thr': 105, 'window': 'MAX', 'order': 2, 'rows': 9}
2025-11-12 11:27:02,639 INFO [cli] {'ticker': 'QQQ', 'mode': 'tri', 'thr': 105, 'window': 'MAX', 'order': 3, 'rows': 27}
2025-11-12 11:27:02,648 INFO [cli] {'ticker': 'QQQ', 'mode': 'tri', 'thr': 105, 'window': 'MAX', 'order': 4, 'rows': 81}
2025-11-12 11:27:02,664 INFO [cli] {'ticker': 'QQQ', 'mode': 'tri', 'thr': 110, 'window': '1Y', 'order': 1, 'rows': 3}
2025-11-12 11:27:02,673 INFO [cli] {'ticker': 'QQQ', 'mode': 'tri', 'thr': 110, 'window': '1Y', 'order': 2, 'rows': 9}
2025-11-12 11:27:02,682 INFO [cli] {'ticker': 'QQQ', 'mode': 'tri', 'thr': 110, 'window': '1Y', 'order': 3, 'rows': 25}
2025-11-12 11:27:02,692 INFO [cli] {'ticker': 'QQQ', 'mode': 'tri', 'thr': 110, 'window': '1Y', 'order': 4, 'rows': 52}
2025-11-12 11:27:02,701 INFO [cli] {'ticker': 'QQQ', 'mode': 'tri', 'thr': 110, 'window': '2Y', 'order': 1, 'rows': 3}
2025-11-12 11:27:02,712 INFO [cli] {'ticker': 'QQQ', 'mode': 'tri', 'thr': 110, 'window': '2Y', 'order': 2, 'rows': 9}
2025-11-12 11:27:02,721 INFO [cli] {'ticker': 'QQQ', 'mode': 'tri', 'thr': 110, 'window': '2Y', 'order': 3, 'rows': 26}
2025-11-12 11:27:02,730 INFO [cli] {'ticker': 'QQQ', 'mode': 'tri', 'thr': 110, 'window': '2Y', 'order': 4, 'rows': 62}
2025-11-12 11:27:02,739 INFO [cli] {'ticker': 'QQQ', 'mode': 'tri', 'thr': 110, 'window': '5Y', 'order': 1, 'rows': 3}
2025-11-12 11:27:02,746 INFO [cli] {'ticker': 'QQQ', 'mode': 'tri', 'thr': 110, 'window': '5Y', 'order': 2, 'rows': 9}
2025-11-12 11:27:02,754 INFO [cli] {'ticker': 'QQQ', 'mode': 'tri', 'thr': 110, 'window': '5Y', 'order': 3, 'rows': 27}
2025-11-12 11:27:02,763 INFO [cli] {'ticker': 'QQQ', 'mode': 'tri', 'thr': 110, 'window': '5Y', 'order': 4, 'rows': 79}
2025-11-12 11:27:02,772 INFO [cli] {'ticker': 'QQQ', 'mode': 'tri', 'thr': 110, 'window': '10Y', 'order': 1, 'rows': 3}
2025-11-12 11:27:02,781 INFO [cli] {'ticker': 'QQQ', 'mode': 'tri', 'thr': 110, 'window': '10Y', 'order': 2, 'rows': 9}
2025-11-12 11:27:02,791 INFO [cli] {'ticker': 'QQQ', 'mode': 'tri', 'thr': 110, 'window': '10Y', 'order': 3, 'rows': 27}
2025-11-12 11:27:02,800 INFO [cli] {'ticker': 'QQQ', 'mode': 'tri', 'thr': 110, 'window': '10Y', 'order': 4, 'rows': 80}
2025-11-12 11:27:02,813 INFO [cli] {'ticker': 'QQQ', 'mode': 'tri', 'thr': 110, 'window': '20Y', 'order': 1, 'rows': 3}
2025-11-12 11:27:02,820 INFO [cli] {'ticker': 'QQQ', 'mode': 'tri', 'thr': 110, 'window': '20Y', 'order': 2, 'rows': 9}

{'ticker': 'QQQ', 'mode': 'tri', 'thr': 90, 'window': '20Y', 'order': 3, 'rows': 27}
{'ticker': 'QQQ', 'mode': 'tri', 'thr': 90, 'window': '20Y', 'order': 4, 'rows': 81}
{'ticker': 'QQQ', 'mode': 'tri', 'thr': 90, 'window': 'MAX', 'order': 1, 'rows': 3}
{'ticker': 'QQQ', 'mode': 'tri', 'thr': 90, 'window': 'MAX', 'order': 2, 'rows': 9}
{'ticker': 'QQQ', 'mode': 'tri', 'thr': 90, 'window': 'MAX', 'order': 3, 'rows': 27}
{'ticker': 'QQQ', 'mode': 'tri', 'thr': 90, 'window': 'MAX', 'order': 4, 'rows': 81}
{'ticker': 'QQQ', 'mode': 'tri', 'thr': 95, 'window': '1Y', 'order': 1, 'rows': 3}
{'ticker': 'QQQ', 'mode': 'tri', 'thr': 95, 'window': '1Y', 'order': 2, 'rows': 9}
{'ticker': 'QQQ', 'mode': 'tri', 'thr': 95, 'window': '1Y', 'order': 3, 'rows': 25}
{'ticker': 'QQQ', 'mode': 'tri', 'thr': 95, 'window': '1Y', 'order': 4, 'rows': 56}
{'ticker': 'QQQ', 'mode': 'tri', 'thr': 95, 'window': '2Y', 'order': 1, 'rows': 3}
{'ticker': 'QQQ', 'mode': 'tri', 'thr': 95, 'window': '2Y', 'order': 2, 'rows': 9}
{'ticker': 'QQQ', 'mode': 'tri', 'thr': 95, 'window': '2Y', 'order': 3, 'rows': 27}
{'ticker': 'QQQ', 'mode': 'tri', 'thr': 95, 'window': '2Y', 'order': 4, 'rows': 68}
{'ticker': 'QQQ', 'mode': 'tri', 'thr': 95, 'window': '5Y', 'order': 1, 'rows': 3}
{'ticker': 'QQQ', 'mode': 'tri', 'thr': 95, 'window': '5Y', 'order': 2, 'rows': 9}
{'ticker': 'QQQ', 'mode': 'tri', 'thr': 95, 'window': '5Y', 'order': 3, 'rows': 27}
{'ticker': 'QQQ', 'mode': 'tri', 'thr': 95, 'window': '5Y', 'order': 4, 'rows': 81}
{'ticker': 'QQQ', 'mode': 'tri', 'thr': 95, 'window': '10Y', 'order': 1, 'rows': 3}
{'ticker': 'QQQ', 'mode': 'tri', 'thr': 95, 'window': '10Y', 'order': 2, 'rows': 9}
{'ticker': 'QQQ', 'mode': 'tri', 'thr': 95, 'window': '10Y', 'order': 3, 'rows': 27}
{'ticker': 'QQQ', 'mode': 'tri', 'thr': 95, 'window': '10Y', 'order': 4, 'rows': 81}
{'ticker': 'QQQ', 'mode': 'tri', 'thr': 95, 'window': '20Y', 'order': 1, 'rows': 3}
{'ticker': 'QQQ', 'mode': 'tri', 'thr': 95, 'window': '20Y', 'order': 2, 'rows': 9}
{'ticker': 'QQQ', 'mode': 'tri', 'thr': 95, 'window': '20Y', 'order': 3, 'rows': 27}
{'ticker': 'QQQ', 'mode': 'tri', 'thr': 95, 'window': '20Y', 'order': 4, 'rows': 81}
{'ticker': 'QQQ', 'mode': 'tri', 'thr': 95, 'window': 'MAX', 'order': 1, 'rows': 3}
{'ticker': 'QQQ', 'mode': 'tri', 'thr': 95, 'window': 'MAX', 'order': 2, 'rows': 9}
{'ticker': 'QQQ', 'mode': 'tri', 'thr': 95, 'window': 'MAX', 'order': 3, 'rows': 27}
{'ticker': 'QQQ', 'mode': 'tri', 'thr': 95, 'window': 'MAX', 'order': 4, 'rows': 81}
{'ticker': 'QQQ', 'mode': 'tri', 'thr': 100, 'window': '1Y', 'order': 1, 'rows': 3}
{'ticker': 'QQQ', 'mode': 'tri', 'thr': 100, 'window': '1Y', 'order': 2, 'rows': 9}
{'ticker': 'QQQ', 'mode': 'tri', 'thr': 100, 'window': '1Y', 'order': 3, 'rows': 25}
{'ticker': 'QQQ', 'mode': 'tri', 'thr': 100, 'window': '1Y', 'order': 4, 'rows': 53}
{'ticker': 'QQQ', 'mode': 'tri', 'thr': 100, 'window': '2Y', 'order': 1, 'rows': 3}
{'ticker': 'QQQ', 'mode': 'tri', 'thr': 100, 'window': '2Y', 'order': 2, 'rows': 9}
{'ticker': 'QQQ', 'mode': 'tri', 'thr': 100, 'window': '2Y', 'order': 3, 'rows': 27}
{'ticker': 'QQQ', 'mode': 'tri', 'thr': 100, 'window': '2Y', 'order': 4, 'rows': 65}
{'ticker': 'QQQ', 'mode': 'tri', 'thr': 100, 'window': '5Y', 'order': 1, 'rows': 3}
{'ticker': 'QQQ', 'mode': 'tri', 'thr': 100, 'window': '5Y', 'order': 2, 'rows': 9}
{'ticker': 'QQQ', 'mode': 'tri', 'thr': 100, 'window': '5Y', 'order': 3, 'rows': 27}
{'ticker': 'QQQ', 'mode': 'tri', 'thr': 100, 'window': '5Y', 'order': 4, 'rows': 80}
{'ticker': 'QQQ', 'mode': 'tri', 'thr': 100, 'window': '10Y', 'order': 1, 'rows': 3}
{'ticker': 'QQQ', 'mode': 'tri', 'thr': 100, 'window': '10Y', 'order': 2, 'rows': 9}
{'ticker': 'QQQ', 'mode': 'tri', 'thr': 100, 'window': '10Y', 'order': 3, 'rows': 27}
{'ticker': 'QQQ', 'mode': 'tri', 'thr': 100, 'window': '10Y', 'order': 4, 'rows': 81}
{'ticker': 'QQQ', 'mode': 'tri', 'thr': 100, 'window': '20Y', 'order': 1, 'rows': 3}
{'ticker': 'QQQ', 'mode': 'tri', 'thr': 100, 'window': '20Y', 'order': 2, 'rows': 9}
{'ticker': 'QQQ', 'mode': 'tri', 'thr': 100, 'window': '20Y', 'order': 3, 'rows': 27}
{'ticker': 'QQQ', 'mode': 'tri', 'thr': 100, 'window': '20Y', 'order': 4, 'rows': 81}
{'ticker': 'QQQ', 'mode': 'tri', 'thr': 100, 'window': 'MAX', 'order': 1, 'rows': 3}
{'ticker': 'QQQ', 'mode': 'tri', 'thr': 100, 'window': 'MAX', 'order': 2, 'rows': 9}
{'ticker': 'QQQ', 'mode': 'tri', 'thr': 100, 'window': 'MAX', 'order': 3, 'rows': 27}
{'ticker': 'QQQ', 'mode': 'tri', 'thr': 100, 'window': 'MAX', 'order': 4, 'rows': 81}
{'ticker': 'QQQ', 'mode': 'tri', 'thr': 105, 'window': '1Y', 'order': 1, 'rows': 3}
{'ticker': 'QQQ', 'mode': 'tri', 'thr': 105, 'window': '1Y', 'order': 2, 'rows': 9}
{'ticker': 'QQQ', 'mode': 'tri', 'thr': 105, 'window': '1Y', 'order': 3, 'rows': 25}
{'ticker': 'QQQ', 'mode': 'tri', 'thr': 105, 'window': '1Y', 'order': 4, 'rows': 52}
{'ticker': 'QQQ', 'mode': 'tri', 'thr': 105, 'window': '2Y', 'order': 1, 'rows': 3}
{'ticker': 'QQQ', 'mode': 'tri', 'thr': 105, 'window': '2Y', 'order': 2, 'rows': 9}
{'ticker': 'QQQ', 'mode': 'tri', 'thr': 105, 'window': '2Y', 'order': 3, 'rows': 26}
{'ticker': 'QQQ', 'mode': 'tri', 'thr': 105, 'window': '2Y', 'order': 4, 'rows': 62}
{'ticker': 'QQQ', 'mode': 'tri', 'thr': 105, 'window': '5Y', 'order': 1, 'rows': 3}
{'ticker': 'QQQ', 'mode': 'tri', 'thr': 105, 'window': '5Y', 'order': 2, 'rows': 9}
{'ticker': 'QQQ', 'mode': 'tri', 'thr': 105, 'window': '5Y', 'order': 3, 'rows': 27}
{'ticker': 'QQQ', 'mode': 'tri', 'thr': 105, 'window': '5Y', 'order': 4, 'rows': 80}
{'ticker': 'QQQ', 'mode': 'tri', 'thr': 105, 'window': '10Y', 'order': 1, 'rows': 3}
{'ticker': 'QQQ', 'mode': 'tri', 'thr': 105, 'window': '10Y', 'order': 2, 'rows': 9}
{'ticker': 'QQQ', 'mode': 'tri', 'thr': 105, 'window': '10Y', 'order': 3, 'rows': 27}
{'ticker': 'QQQ', 'mode': 'tri', 'thr': 105, 'window': '10Y', 'order': 4, 'rows': 81}
{'ticker': 'QQQ', 'mode': 'tri', 'thr': 105, 'window': '20Y', 'order': 1, 'rows': 3}
{'ticker': 'QQQ', 'mode': 'tri', 'thr': 105, 'window': '20Y', 'order': 2, 'rows': 9}
{'ticker': 'QQQ', 'mode': 'tri', 'thr': 105, 'window': '20Y', 'order': 3, 'rows': 27}
{'ticker': 'QQQ', 'mode': 'tri', 'thr': 105, 'window': '20Y', 'order': 4, 'rows': 81}
{'ticker': 'QQQ', 'mode': 'tri', 'thr': 105, 'window': 'MAX', 'order': 1, 'rows': 3}
{'ticker': 'QQQ', 'mode': 'tri', 'thr': 105, 'window': 'MAX', 'order': 2, 'rows': 9}
{'ticker': 'QQQ', 'mode': 'tri', 'thr': 105, 'window': 'MAX', 'order': 3, 'rows': 27}
{'ticker': 'QQQ', 'mode': 'tri', 'thr': 105, 'window': 'MAX', 'order': 4, 'rows': 81}
{'ticker': 'QQQ', 'mode': 'tri', 'thr': 110, 'window': '1Y', 'order': 1, 'rows': 3}
{'ticker': 'QQQ', 'mode': 'tri', 'thr': 110, 'window': '1Y', 'order': 2, 'rows': 9}
{'ticker': 'QQQ', 'mode': 'tri', 'thr': 110, 'window': '1Y', 'order': 3, 'rows': 25}
{'ticker': 'QQQ', 'mode': 'tri', 'thr': 110, 'window': '1Y', 'order': 4, 'rows': 52}
{'ticker': 'QQQ', 'mode': 'tri', 'thr': 110, 'window': '2Y', 'order': 1, 'rows': 3}
{'ticker': 'QQQ', 'mode': 'tri', 'thr': 110, 'window': '2Y', 'order': 2, 'rows': 9}
{'ticker': 'QQQ', 'mode': 'tri', 'thr': 110, 'window': '2Y', 'order': 3, 'rows': 26}
{'ticker': 'QQQ', 'mode': 'tri', 'thr': 110, 'window': '2Y', 'order': 4, 'rows': 62}
{'ticker': 'QQQ', 'mode': 'tri', 'thr': 110, 'window': '5Y', 'order': 1, 'rows': 3}
{'ticker': 'QQQ', 'mode': 'tri', 'thr': 110, 'window': '5Y', 'order': 2, 'rows': 9}
{'ticker': 'QQQ', 'mode': 'tri', 'thr': 110, 'window': '5Y', 'order': 3, 'rows': 27}
{'ticker': 'QQQ', 'mode': 'tri', 'thr': 110, 'window': '5Y', 'order': 4, 'rows': 79}
{'ticker': 'QQQ', 'mode': 'tri', 'thr': 110, 'window': '10Y', 'order': 1, 'rows': 3}
{'ticker': 'QQQ', 'mode': 'tri', 'thr': 110, 'window': '10Y', 'order': 2, 'rows': 9}
{'ticker': 'QQQ', 'mode': 'tri', 'thr': 110, 'window': '10Y', 'order': 3, 'rows': 27}
{'ticker': 'QQQ', 'mode': 'tri', 'thr': 110, 'window': '10Y', 'order': 4, 'rows': 80}
{'ticker': 'QQQ', 'mode': 'tri', 'thr': 110, 'window': '20Y', 'order': 1, 'rows': 3}
{'ticker': 'QQQ', 'mode': 'tri', 'thr': 110, 'window': '20Y', 'order': 2, 'rows': 9}
{'ticker': 'QQQ', 'mode': 'tri', 'thr': 110, 'window': '20Y', 'order': 3, 'rows': 27}2025-11-12 11:27:02,829 INFO [cli] {'ticker': 'QQQ', 'mode': 'tri', 'thr': 110, 'window': '20Y', 'order': 3, 'rows': 27}
2025-11-12 11:27:02,838 INFO [cli] {'ticker': 'QQQ', 'mode': 'tri', 'thr': 110, 'window': '20Y', 'order': 4, 'rows': 81}
2025-11-12 11:27:02,847 INFO [cli] {'ticker': 'QQQ', 'mode': 'tri', 'thr': 110, 'window': 'MAX', 'order': 1, 'rows': 3}
2025-11-12 11:27:02,856 INFO [cli] {'ticker': 'QQQ', 'mode': 'tri', 'thr': 110, 'window': 'MAX', 'order': 2, 'rows': 9}
2025-11-12 11:27:02,865 INFO [cli] {'ticker': 'QQQ', 'mode': 'tri', 'thr': 110, 'window': 'MAX', 'order': 3, 'rows': 27}
2025-11-12 11:27:02,873 INFO [cli] {'ticker': 'QQQ', 'mode': 'tri', 'thr': 110, 'window': 'MAX', 'order': 4, 'rows': 81}
2025-11-12 11:27:02,890 INFO [cli] {'ticker': 'QQQ', 'mode': 'tri', 'thr': 115, 'window': '1Y', 'order': 1, 'rows': 3}
2025-11-12 11:27:02,899 INFO [cli] {'ticker': 'QQQ', 'mode': 'tri', 'thr': 115, 'window': '1Y', 'order': 2, 'rows': 9}
2025-11-12 11:27:02,907 INFO [cli] {'ticker': 'QQQ', 'mode': 'tri', 'thr': 115, 'window': '1Y', 'order': 3, 'rows': 24}
2025-11-12 11:27:02,916 INFO [cli] {'ticker': 'QQQ', 'mode': 'tri', 'thr': 115, 'window': '1Y', 'order': 4, 'rows': 47}
2025-11-12 11:27:02,927 INFO [cli] {'ticker': 'QQQ', 'mode': 'tri', 'thr': 115, 'window': '2Y', 'order': 1, 'rows': 3}
2025-11-12 11:27:02,938 INFO [cli] {'ticker': 'QQQ', 'mode': 'tri', 'thr': 115, 'window': '2Y', 'order': 2, 'rows': 9}
2025-11-12 11:27:02,947 INFO [cli] {'ticker': 'QQQ', 'mode': 'tri', 'thr': 115, 'window': '2Y', 'order': 3, 'rows': 25}
2025-11-12 11:27:02,955 INFO [cli] {'ticker': 'QQQ', 'mode': 'tri', 'thr': 115, 'window': '2Y', 'order': 4, 'rows': 58}
2025-11-12 11:27:02,964 INFO [cli] {'ticker': 'QQQ', 'mode': 'tri', 'thr': 115, 'window': '5Y', 'order': 1, 'rows': 3}
2025-11-12 11:27:02,973 INFO [cli] {'ticker': 'QQQ', 'mode': 'tri', 'thr': 115, 'window': '5Y', 'order': 2, 'rows': 9}
2025-11-12 11:27:02,982 INFO [cli] {'ticker': 'QQQ', 'mode': 'tri', 'thr': 115, 'window': '5Y', 'order': 3, 'rows': 27}
2025-11-12 11:27:02,990 INFO [cli] {'ticker': 'QQQ', 'mode': 'tri', 'thr': 115, 'window': '5Y', 'order': 4, 'rows': 78}
2025-11-12 11:27:02,999 INFO [cli] {'ticker': 'QQQ', 'mode': 'tri', 'thr': 115, 'window': '10Y', 'order': 1, 'rows': 3}
2025-11-12 11:27:03,007 INFO [cli] {'ticker': 'QQQ', 'mode': 'tri', 'thr': 115, 'window': '10Y', 'order': 2, 'rows': 9}
2025-11-12 11:27:03,016 INFO [cli] {'ticker': 'QQQ', 'mode': 'tri', 'thr': 115, 'window': '10Y', 'order': 3, 'rows': 27}
2025-11-12 11:27:03,025 INFO [cli] {'ticker': 'QQQ', 'mode': 'tri', 'thr': 115, 'window': '10Y', 'order': 4, 'rows': 80}
2025-11-12 11:27:03,033 INFO [cli] {'ticker': 'QQQ', 'mode': 'tri', 'thr': 115, 'window': '20Y', 'order': 1, 'rows': 3}
2025-11-12 11:27:03,041 INFO [cli] {'ticker': 'QQQ', 'mode': 'tri', 'thr': 115, 'window': '20Y', 'order': 2, 'rows': 9}
2025-11-12 11:27:03,050 INFO [cli] {'ticker': 'QQQ', 'mode': 'tri', 'thr': 115, 'window': '20Y', 'order': 3, 'rows': 27}
2025-11-12 11:27:03,062 INFO [cli] {'ticker': 'QQQ', 'mode': 'tri', 'thr': 115, 'window': '20Y', 'order': 4, 'rows': 81}
2025-11-12 11:27:03,081 INFO [cli] {'ticker': 'QQQ', 'mode': 'tri', 'thr': 115, 'window': 'MAX', 'order': 1, 'rows': 3}
2025-11-12 11:27:03,097 INFO [cli] {'ticker': 'QQQ', 'mode': 'tri', 'thr': 115, 'window': 'MAX', 'order': 2, 'rows': 9}
2025-11-12 11:27:03,107 INFO [cli] {'ticker': 'QQQ', 'mode': 'tri', 'thr': 115, 'window': 'MAX', 'order': 3, 'rows': 27}
2025-11-12 11:27:03,115 INFO [cli] {'ticker': 'QQQ', 'mode': 'tri', 'thr': 115, 'window': 'MAX', 'order': 4, 'rows': 81}
2025-11-12 11:27:03,131 INFO [cli] {'ticker': 'QQQ', 'mode': 'tri', 'thr': 120, 'window': '1Y', 'order': 1, 'rows': 3}
2025-11-12 11:27:03,139 INFO [cli] {'ticker': 'QQQ', 'mode': 'tri', 'thr': 120, 'window': '1Y', 'order': 2, 'rows': 9}
2025-11-12 11:27:03,148 INFO [cli] {'ticker': 'QQQ', 'mode': 'tri', 'thr': 120, 'window': '1Y', 'order': 3, 'rows': 23}
2025-11-12 11:27:03,156 INFO [cli] {'ticker': 'QQQ', 'mode': 'tri', 'thr': 120, 'window': '1Y', 'order': 4, 'rows': 45}
2025-11-12 11:27:03,164 INFO [cli] {'ticker': 'QQQ', 'mode': 'tri', 'thr': 120, 'window': '2Y', 'order': 1, 'rows': 3}
2025-11-12 11:27:03,172 INFO [cli] {'ticker': 'QQQ', 'mode': 'tri', 'thr': 120, 'window': '2Y', 'order': 2, 'rows': 9}
2025-11-12 11:27:03,180 INFO [cli] {'ticker': 'QQQ', 'mode': 'tri', 'thr': 120, 'window': '2Y', 'order': 3, 'rows': 25}
2025-11-12 11:27:03,188 INFO [cli] {'ticker': 'QQQ', 'mode': 'tri', 'thr': 120, 'window': '2Y', 'order': 4, 'rows': 55}
2025-11-12 11:27:03,198 INFO [cli] {'ticker': 'QQQ', 'mode': 'tri', 'thr': 120, 'window': '5Y', 'order': 1, 'rows': 3}
2025-11-12 11:27:03,207 INFO [cli] {'ticker': 'QQQ', 'mode': 'tri', 'thr': 120, 'window': '5Y', 'order': 2, 'rows': 9}
2025-11-12 11:27:03,215 INFO [cli] {'ticker': 'QQQ', 'mode': 'tri', 'thr': 120, 'window': '5Y', 'order': 3, 'rows': 27}
2025-11-12 11:27:03,224 INFO [cli] {'ticker': 'QQQ', 'mode': 'tri', 'thr': 120, 'window': '5Y', 'order': 4, 'rows': 76}
2025-11-12 11:27:03,233 INFO [cli] {'ticker': 'QQQ', 'mode': 'tri', 'thr': 120, 'window': '10Y', 'order': 1, 'rows': 3}
2025-11-12 11:27:03,242 INFO [cli] {'ticker': 'QQQ', 'mode': 'tri', 'thr': 120, 'window': '10Y', 'order': 2, 'rows': 9}
2025-11-12 11:27:03,250 INFO [cli] {'ticker': 'QQQ', 'mode': 'tri', 'thr': 120, 'window': '10Y', 'order': 3, 'rows': 27}
2025-11-12 11:27:03,258 INFO [cli] {'ticker': 'QQQ', 'mode': 'tri', 'thr': 120, 'window': '10Y', 'order': 4, 'rows': 80}
2025-11-12 11:27:03,266 INFO [cli] {'ticker': 'QQQ', 'mode': 'tri', 'thr': 120, 'window': '20Y', 'order': 1, 'rows': 3}
2025-11-12 11:27:03,275 INFO [cli] {'ticker': 'QQQ', 'mode': 'tri', 'thr': 120, 'window': '20Y', 'order': 2, 'rows': 9}
2025-11-12 11:27:03,283 INFO [cli] {'ticker': 'QQQ', 'mode': 'tri', 'thr': 120, 'window': '20Y', 'order': 3, 'rows': 27}
2025-11-12 11:27:03,294 INFO [cli] {'ticker': 'QQQ', 'mode': 'tri', 'thr': 120, 'window': '20Y', 'order': 4, 'rows': 81}
2025-11-12 11:27:03,302 INFO [cli] {'ticker': 'QQQ', 'mode': 'tri', 'thr': 120, 'window': 'MAX', 'order': 1, 'rows': 3}
2025-11-12 11:27:03,311 INFO [cli] {'ticker': 'QQQ', 'mode': 'tri', 'thr': 120, 'window': 'MAX', 'order': 2, 'rows': 9}
2025-11-12 11:27:03,319 INFO [cli] {'ticker': 'QQQ', 'mode': 'tri', 'thr': 120, 'window': 'MAX', 'order': 3, 'rows': 27}
2025-11-12 11:27:03,329 INFO [cli] {'ticker': 'QQQ', 'mode': 'tri', 'thr': 120, 'window': 'MAX', 'order': 4, 'rows': 81}
2025-11-12 11:27:03,346 INFO [cli] {'ticker': 'QQQ', 'mode': 'tri', 'thr': 125, 'window': '1Y', 'order': 1, 'rows': 3}
2025-11-12 11:27:03,356 INFO [cli] {'ticker': 'QQQ', 'mode': 'tri', 'thr': 125, 'window': '1Y', 'order': 2, 'rows': 9}
2025-11-12 11:27:03,364 INFO [cli] {'ticker': 'QQQ', 'mode': 'tri', 'thr': 125, 'window': '1Y', 'order': 3, 'rows': 23}
2025-11-12 11:27:03,372 INFO [cli] {'ticker': 'QQQ', 'mode': 'tri', 'thr': 125, 'window': '1Y', 'order': 4, 'rows': 45}
2025-11-12 11:27:03,382 INFO [cli] {'ticker': 'QQQ', 'mode': 'tri', 'thr': 125, 'window': '2Y', 'order': 1, 'rows': 3}
2025-11-12 11:27:03,390 INFO [cli] {'ticker': 'QQQ', 'mode': 'tri', 'thr': 125, 'window': '2Y', 'order': 2, 'rows': 9}
2025-11-12 11:27:03,401 INFO [cli] {'ticker': 'QQQ', 'mode': 'tri', 'thr': 125, 'window': '2Y', 'order': 3, 'rows': 25}
2025-11-12 11:27:03,410 INFO [cli] {'ticker': 'QQQ', 'mode': 'tri', 'thr': 125, 'window': '2Y', 'order': 4, 'rows': 55}
2025-11-12 11:27:03,420 INFO [cli] {'ticker': 'QQQ', 'mode': 'tri', 'thr': 125, 'window': '5Y', 'order': 1, 'rows': 3}
2025-11-12 11:27:03,429 INFO [cli] {'ticker': 'QQQ', 'mode': 'tri', 'thr': 125, 'window': '5Y', 'order': 2, 'rows': 9}
2025-11-12 11:27:03,439 INFO [cli] {'ticker': 'QQQ', 'mode': 'tri', 'thr': 125, 'window': '5Y', 'order': 3, 'rows': 27}
2025-11-12 11:27:03,450 INFO [cli] {'ticker': 'QQQ', 'mode': 'tri', 'thr': 125, 'window': '5Y', 'order': 4, 'rows': 75}
2025-11-12 11:27:03,460 INFO [cli] {'ticker': 'QQQ', 'mode': 'tri', 'thr': 125, 'window': '10Y', 'order': 1, 'rows': 3}
2025-11-12 11:27:03,469 INFO [cli] {'ticker': 'QQQ', 'mode': 'tri', 'thr': 125, 'window': '10Y', 'order': 2, 'rows': 9}
2025-11-12 11:27:03,480 INFO [cli] {'ticker': 'QQQ', 'mode': 'tri', 'thr': 125, 'window': '10Y', 'order': 3, 'rows': 27}
2025-11-12 11:27:03,489 INFO [cli] {'ticker': 'QQQ', 'mode': 'tri', 'thr': 125, 'window': '10Y', 'order': 4, 'rows': 79}
2025-11-12 11:27:03,499 INFO [cli] {'ticker': 'QQQ', 'mode': 'tri', 'thr': 125, 'window': '20Y', 'order': 1, 'rows': 3}
2025-11-12 11:27:03,510 INFO [cli] {'ticker': 'QQQ', 'mode': 'tri', 'thr': 125, 'window': '20Y', 'order': 2, 'rows': 9}
2025-11-12 11:27:03,519 INFO [cli] {'ticker': 'QQQ', 'mode': 'tri', 'thr': 125, 'window': '20Y', 'order': 3, 'rows': 27}
2025-11-12 11:27:03,529 INFO [cli] {'ticker': 'QQQ', 'mode': 'tri', 'thr': 125, 'window': '20Y', 'order': 4, 'rows': 81}
2025-11-12 11:27:03,539 INFO [cli] {'ticker': 'QQQ', 'mode': 'tri', 'thr': 125, 'window': 'MAX', 'order': 1, 'rows': 3}
2025-11-12 11:27:03,550 INFO [cli] {'ticker': 'QQQ', 'mode': 'tri', 'thr': 125, 'window': 'MAX', 'order': 2, 'rows': 9}
2025-11-12 11:27:03,562 INFO [cli] {'ticker': 'QQQ', 'mode': 'tri', 'thr': 125, 'window': 'MAX', 'order': 3, 'rows': 27}
2025-11-12 11:27:03,573 INFO [cli] {'ticker': 'QQQ', 'mode': 'tri', 'thr': 125, 'window': 'MAX', 'order': 4, 'rows': 81}
2025-11-12 11:27:03,590 INFO [cli] {'ticker': 'QQQ', 'mode': 'tri', 'thr': 130, 'window': '1Y', 'order': 1, 'rows': 3}
2025-11-12 11:27:03,598 INFO [cli] {'ticker': 'QQQ', 'mode': 'tri', 'thr': 130, 'window': '1Y', 'order': 2, 'rows': 9}
2025-11-12 11:27:03,606 INFO [cli] {'ticker': 'QQQ', 'mode': 'tri', 'thr': 130, 'window': '1Y', 'order': 3, 'rows': 23}
2025-11-12 11:27:03,615 INFO [cli] {'ticker': 'QQQ', 'mode': 'tri', 'thr': 130, 'window': '1Y', 'order': 4, 'rows': 44}
2025-11-12 11:27:03,624 INFO [cli] {'ticker': 'QQQ', 'mode': 'tri', 'thr': 130, 'window': '2Y', 'order': 1, 'rows': 3}
2025-11-12 11:27:03,632 INFO [cli] {'ticker': 'QQQ', 'mode': 'tri', 'thr': 130, 'window': '2Y', 'order': 2, 'rows': 9}
2025-11-12 11:27:03,641 INFO [cli] {'ticker': 'QQQ', 'mode': 'tri', 'thr': 130, 'window': '2Y', 'order': 3, 'rows': 25}
2025-11-12 11:27:03,649 INFO [cli] {'ticker': 'QQQ', 'mode': 'tri', 'thr': 130, 'window': '2Y', 'order': 4, 'rows': 52}
2025-11-12 11:27:03,658 INFO [cli] {'ticker': 'QQQ', 'mode': 'tri', 'thr': 130, 'window': '5Y', 'order': 1, 'rows': 3}
2025-11-12 11:27:03,667 INFO [cli] {'ticker': 'QQQ', 'mode': 'tri', 'thr': 130, 'window': '5Y', 'order': 2, 'rows': 9}
2025-11-12 11:27:03,676 INFO [cli] {'ticker': 'QQQ', 'mode': 'tri', 'thr': 130, 'window': '5Y', 'order': 3, 'rows': 27}
2025-11-12 11:27:03,685 INFO [cli] {'ticker': 'QQQ', 'mode': 'tri', 'thr': 130, 'window': '5Y', 'order': 4, 'rows': 73}
2025-11-12 11:27:03,693 INFO [cli] {'ticker': 'QQQ', 'mode': 'tri', 'thr': 130, 'window': '10Y', 'order': 1, 'rows': 3}
2025-11-12 11:27:03,704 INFO [cli] {'ticker': 'QQQ', 'mode': 'tri', 'thr': 130, 'window': '10Y', 'order': 2, 'rows': 9}
2025-11-12 11:27:03,715 INFO [cli] {'ticker': 'QQQ', 'mode': 'tri', 'thr': 130, 'window': '10Y', 'order': 3, 'rows': 27}
2025-11-12 11:27:03,739 INFO [cli] {'ticker': 'QQQ', 'mode': 'tri', 'thr': 130, 'window': '10Y', 'order': 4, 'rows': 78}
2025-11-12 11:27:03,752 INFO [cli] {'ticker': 'QQQ', 'mode': 'tri', 'thr': 130, 'window': '20Y', 'order': 1, 'rows': 3}
2025-11-12 11:27:03,762 INFO [cli] {'ticker': 'QQQ', 'mode': 'tri', 'thr': 130, 'window': '20Y', 'order': 2, 'rows': 9}
2025-11-12 11:27:03,772 INFO [cli] {'ticker': 'QQQ', 'mode': 'tri', 'thr': 130, 'window': '20Y', 'order': 3, 'rows': 27}

{'ticker': 'QQQ', 'mode': 'tri', 'thr': 110, 'window': '20Y', 'order': 4, 'rows': 81}
{'ticker': 'QQQ', 'mode': 'tri', 'thr': 110, 'window': 'MAX', 'order': 1, 'rows': 3}
{'ticker': 'QQQ', 'mode': 'tri', 'thr': 110, 'window': 'MAX', 'order': 2, 'rows': 9}
{'ticker': 'QQQ', 'mode': 'tri', 'thr': 110, 'window': 'MAX', 'order': 3, 'rows': 27}
{'ticker': 'QQQ', 'mode': 'tri', 'thr': 110, 'window': 'MAX', 'order': 4, 'rows': 81}
{'ticker': 'QQQ', 'mode': 'tri', 'thr': 115, 'window': '1Y', 'order': 1, 'rows': 3}
{'ticker': 'QQQ', 'mode': 'tri', 'thr': 115, 'window': '1Y', 'order': 2, 'rows': 9}
{'ticker': 'QQQ', 'mode': 'tri', 'thr': 115, 'window': '1Y', 'order': 3, 'rows': 24}
{'ticker': 'QQQ', 'mode': 'tri', 'thr': 115, 'window': '1Y', 'order': 4, 'rows': 47}
{'ticker': 'QQQ', 'mode': 'tri', 'thr': 115, 'window': '2Y', 'order': 1, 'rows': 3}
{'ticker': 'QQQ', 'mode': 'tri', 'thr': 115, 'window': '2Y', 'order': 2, 'rows': 9}
{'ticker': 'QQQ', 'mode': 'tri', 'thr': 115, 'window': '2Y', 'order': 3, 'rows': 25}
{'ticker': 'QQQ', 'mode': 'tri', 'thr': 115, 'window': '2Y', 'order': 4, 'rows': 58}
{'ticker': 'QQQ', 'mode': 'tri', 'thr': 115, 'window': '5Y', 'order': 1, 'rows': 3}
{'ticker': 'QQQ', 'mode': 'tri', 'thr': 115, 'window': '5Y', 'order': 2, 'rows': 9}
{'ticker': 'QQQ', 'mode': 'tri', 'thr': 115, 'window': '5Y', 'order': 3, 'rows': 27}
{'ticker': 'QQQ', 'mode': 'tri', 'thr': 115, 'window': '5Y', 'order': 4, 'rows': 78}
{'ticker': 'QQQ', 'mode': 'tri', 'thr': 115, 'window': '10Y', 'order': 1, 'rows': 3}
{'ticker': 'QQQ', 'mode': 'tri', 'thr': 115, 'window': '10Y', 'order': 2, 'rows': 9}
{'ticker': 'QQQ', 'mode': 'tri', 'thr': 115, 'window': '10Y', 'order': 3, 'rows': 27}
{'ticker': 'QQQ', 'mode': 'tri', 'thr': 115, 'window': '10Y', 'order': 4, 'rows': 80}
{'ticker': 'QQQ', 'mode': 'tri', 'thr': 115, 'window': '20Y', 'order': 1, 'rows': 3}
{'ticker': 'QQQ', 'mode': 'tri', 'thr': 115, 'window': '20Y', 'order': 2, 'rows': 9}
{'ticker': 'QQQ', 'mode': 'tri', 'thr': 115, 'window': '20Y', 'order': 3, 'rows': 27}
{'ticker': 'QQQ', 'mode': 'tri', 'thr': 115, 'window': '20Y', 'order': 4, 'rows': 81}
{'ticker': 'QQQ', 'mode': 'tri', 'thr': 115, 'window': 'MAX', 'order': 1, 'rows': 3}
{'ticker': 'QQQ', 'mode': 'tri', 'thr': 115, 'window': 'MAX', 'order': 2, 'rows': 9}
{'ticker': 'QQQ', 'mode': 'tri', 'thr': 115, 'window': 'MAX', 'order': 3, 'rows': 27}
{'ticker': 'QQQ', 'mode': 'tri', 'thr': 115, 'window': 'MAX', 'order': 4, 'rows': 81}
{'ticker': 'QQQ', 'mode': 'tri', 'thr': 120, 'window': '1Y', 'order': 1, 'rows': 3}
{'ticker': 'QQQ', 'mode': 'tri', 'thr': 120, 'window': '1Y', 'order': 2, 'rows': 9}
{'ticker': 'QQQ', 'mode': 'tri', 'thr': 120, 'window': '1Y', 'order': 3, 'rows': 23}
{'ticker': 'QQQ', 'mode': 'tri', 'thr': 120, 'window': '1Y', 'order': 4, 'rows': 45}
{'ticker': 'QQQ', 'mode': 'tri', 'thr': 120, 'window': '2Y', 'order': 1, 'rows': 3}
{'ticker': 'QQQ', 'mode': 'tri', 'thr': 120, 'window': '2Y', 'order': 2, 'rows': 9}
{'ticker': 'QQQ', 'mode': 'tri', 'thr': 120, 'window': '2Y', 'order': 3, 'rows': 25}
{'ticker': 'QQQ', 'mode': 'tri', 'thr': 120, 'window': '2Y', 'order': 4, 'rows': 55}
{'ticker': 'QQQ', 'mode': 'tri', 'thr': 120, 'window': '5Y', 'order': 1, 'rows': 3}
{'ticker': 'QQQ', 'mode': 'tri', 'thr': 120, 'window': '5Y', 'order': 2, 'rows': 9}
{'ticker': 'QQQ', 'mode': 'tri', 'thr': 120, 'window': '5Y', 'order': 3, 'rows': 27}
{'ticker': 'QQQ', 'mode': 'tri', 'thr': 120, 'window': '5Y', 'order': 4, 'rows': 76}
{'ticker': 'QQQ', 'mode': 'tri', 'thr': 120, 'window': '10Y', 'order': 1, 'rows': 3}
{'ticker': 'QQQ', 'mode': 'tri', 'thr': 120, 'window': '10Y', 'order': 2, 'rows': 9}
{'ticker': 'QQQ', 'mode': 'tri', 'thr': 120, 'window': '10Y', 'order': 3, 'rows': 27}
{'ticker': 'QQQ', 'mode': 'tri', 'thr': 120, 'window': '10Y', 'order': 4, 'rows': 80}
{'ticker': 'QQQ', 'mode': 'tri', 'thr': 120, 'window': '20Y', 'order': 1, 'rows': 3}
{'ticker': 'QQQ', 'mode': 'tri', 'thr': 120, 'window': '20Y', 'order': 2, 'rows': 9}
{'ticker': 'QQQ', 'mode': 'tri', 'thr': 120, 'window': '20Y', 'order': 3, 'rows': 27}
{'ticker': 'QQQ', 'mode': 'tri', 'thr': 120, 'window': '20Y', 'order': 4, 'rows': 81}
{'ticker': 'QQQ', 'mode': 'tri', 'thr': 120, 'window': 'MAX', 'order': 1, 'rows': 3}
{'ticker': 'QQQ', 'mode': 'tri', 'thr': 120, 'window': 'MAX', 'order': 2, 'rows': 9}
{'ticker': 'QQQ', 'mode': 'tri', 'thr': 120, 'window': 'MAX', 'order': 3, 'rows': 27}
{'ticker': 'QQQ', 'mode': 'tri', 'thr': 120, 'window': 'MAX', 'order': 4, 'rows': 81}
{'ticker': 'QQQ', 'mode': 'tri', 'thr': 125, 'window': '1Y', 'order': 1, 'rows': 3}
{'ticker': 'QQQ', 'mode': 'tri', 'thr': 125, 'window': '1Y', 'order': 2, 'rows': 9}
{'ticker': 'QQQ', 'mode': 'tri', 'thr': 125, 'window': '1Y', 'order': 3, 'rows': 23}
{'ticker': 'QQQ', 'mode': 'tri', 'thr': 125, 'window': '1Y', 'order': 4, 'rows': 45}
{'ticker': 'QQQ', 'mode': 'tri', 'thr': 125, 'window': '2Y', 'order': 1, 'rows': 3}
{'ticker': 'QQQ', 'mode': 'tri', 'thr': 125, 'window': '2Y', 'order': 2, 'rows': 9}
{'ticker': 'QQQ', 'mode': 'tri', 'thr': 125, 'window': '2Y', 'order': 3, 'rows': 25}
{'ticker': 'QQQ', 'mode': 'tri', 'thr': 125, 'window': '2Y', 'order': 4, 'rows': 55}
{'ticker': 'QQQ', 'mode': 'tri', 'thr': 125, 'window': '5Y', 'order': 1, 'rows': 3}
{'ticker': 'QQQ', 'mode': 'tri', 'thr': 125, 'window': '5Y', 'order': 2, 'rows': 9}
{'ticker': 'QQQ', 'mode': 'tri', 'thr': 125, 'window': '5Y', 'order': 3, 'rows': 27}
{'ticker': 'QQQ', 'mode': 'tri', 'thr': 125, 'window': '5Y', 'order': 4, 'rows': 75}
{'ticker': 'QQQ', 'mode': 'tri', 'thr': 125, 'window': '10Y', 'order': 1, 'rows': 3}
{'ticker': 'QQQ', 'mode': 'tri', 'thr': 125, 'window': '10Y', 'order': 2, 'rows': 9}
{'ticker': 'QQQ', 'mode': 'tri', 'thr': 125, 'window': '10Y', 'order': 3, 'rows': 27}
{'ticker': 'QQQ', 'mode': 'tri', 'thr': 125, 'window': '10Y', 'order': 4, 'rows': 79}
{'ticker': 'QQQ', 'mode': 'tri', 'thr': 125, 'window': '20Y', 'order': 1, 'rows': 3}
{'ticker': 'QQQ', 'mode': 'tri', 'thr': 125, 'window': '20Y', 'order': 2, 'rows': 9}
{'ticker': 'QQQ', 'mode': 'tri', 'thr': 125, 'window': '20Y', 'order': 3, 'rows': 27}
{'ticker': 'QQQ', 'mode': 'tri', 'thr': 125, 'window': '20Y', 'order': 4, 'rows': 81}
{'ticker': 'QQQ', 'mode': 'tri', 'thr': 125, 'window': 'MAX', 'order': 1, 'rows': 3}
{'ticker': 'QQQ', 'mode': 'tri', 'thr': 125, 'window': 'MAX', 'order': 2, 'rows': 9}
{'ticker': 'QQQ', 'mode': 'tri', 'thr': 125, 'window': 'MAX', 'order': 3, 'rows': 27}
{'ticker': 'QQQ', 'mode': 'tri', 'thr': 125, 'window': 'MAX', 'order': 4, 'rows': 81}
{'ticker': 'QQQ', 'mode': 'tri', 'thr': 130, 'window': '1Y', 'order': 1, 'rows': 3}
{'ticker': 'QQQ', 'mode': 'tri', 'thr': 130, 'window': '1Y', 'order': 2, 'rows': 9}
{'ticker': 'QQQ', 'mode': 'tri', 'thr': 130, 'window': '1Y', 'order': 3, 'rows': 23}
{'ticker': 'QQQ', 'mode': 'tri', 'thr': 130, 'window': '1Y', 'order': 4, 'rows': 44}
{'ticker': 'QQQ', 'mode': 'tri', 'thr': 130, 'window': '2Y', 'order': 1, 'rows': 3}
{'ticker': 'QQQ', 'mode': 'tri', 'thr': 130, 'window': '2Y', 'order': 2, 'rows': 9}
{'ticker': 'QQQ', 'mode': 'tri', 'thr': 130, 'window': '2Y', 'order': 3, 'rows': 25}
{'ticker': 'QQQ', 'mode': 'tri', 'thr': 130, 'window': '2Y', 'order': 4, 'rows': 52}
{'ticker': 'QQQ', 'mode': 'tri', 'thr': 130, 'window': '5Y', 'order': 1, 'rows': 3}
{'ticker': 'QQQ', 'mode': 'tri', 'thr': 130, 'window': '5Y', 'order': 2, 'rows': 9}
{'ticker': 'QQQ', 'mode': 'tri', 'thr': 130, 'window': '5Y', 'order': 3, 'rows': 27}
{'ticker': 'QQQ', 'mode': 'tri', 'thr': 130, 'window': '5Y', 'order': 4, 'rows': 73}
{'ticker': 'QQQ', 'mode': 'tri', 'thr': 130, 'window': '10Y', 'order': 1, 'rows': 3}
{'ticker': 'QQQ', 'mode': 'tri', 'thr': 130, 'window': '10Y', 'order': 2, 'rows': 9}
{'ticker': 'QQQ', 'mode': 'tri', 'thr': 130, 'window': '10Y', 'order': 3, 'rows': 27}
{'ticker': 'QQQ', 'mode': 'tri', 'thr': 130, 'window': '10Y', 'order': 4, 'rows': 78}
{'ticker': 'QQQ', 'mode': 'tri', 'thr': 130, 'window': '20Y', 'order': 1, 'rows': 3}
{'ticker': 'QQQ', 'mode': 'tri', 'thr': 130, 'window': '20Y', 'order': 2, 'rows': 9}
{'ticker': 'QQQ', 'mode': 'tri', 'thr': 130, 'window': '20Y', 'order': 3, 'rows': 27}
{'ticker': 'QQQ', 'mode': 'tri', 'thr': 130, 'window': '20Y', 'order': 4, 'rows': 80}2025-11-12 11:27:03,780 INFO [cli] {'ticker': 'QQQ', 'mode': 'tri', 'thr': 130, 'window': '20Y', 'order': 4, 'rows': 80}
2025-11-12 11:27:03,789 INFO [cli] {'ticker': 'QQQ', 'mode': 'tri', 'thr': 130, 'window': 'MAX', 'order': 1, 'rows': 3}
2025-11-12 11:27:03,797 INFO [cli] {'ticker': 'QQQ', 'mode': 'tri', 'thr': 130, 'window': 'MAX', 'order': 2, 'rows': 9}
2025-11-12 11:27:03,806 INFO [cli] {'ticker': 'QQQ', 'mode': 'tri', 'thr': 130, 'window': 'MAX', 'order': 3, 'rows': 27}
2025-11-12 11:27:03,815 INFO [cli] {'ticker': 'QQQ', 'mode': 'tri', 'thr': 130, 'window': 'MAX', 'order': 4, 'rows': 81}
2025-11-12 11:27:03,832 INFO [cli] {'ticker': 'QQQ', 'mode': 'tri', 'thr': 135, 'window': '1Y', 'order': 1, 'rows': 3}
2025-11-12 11:27:03,841 INFO [cli] {'ticker': 'QQQ', 'mode': 'tri', 'thr': 135, 'window': '1Y', 'order': 2, 'rows': 9}
2025-11-12 11:27:03,850 INFO [cli] {'ticker': 'QQQ', 'mode': 'tri', 'thr': 135, 'window': '1Y', 'order': 3, 'rows': 21}
2025-11-12 11:27:03,858 INFO [cli] {'ticker': 'QQQ', 'mode': 'tri', 'thr': 135, 'window': '1Y', 'order': 4, 'rows': 38}
2025-11-12 11:27:03,869 INFO [cli] {'ticker': 'QQQ', 'mode': 'tri', 'thr': 135, 'window': '2Y', 'order': 1, 'rows': 3}
2025-11-12 11:27:03,878 INFO [cli] {'ticker': 'QQQ', 'mode': 'tri', 'thr': 135, 'window': '2Y', 'order': 2, 'rows': 9}
2025-11-12 11:27:03,886 INFO [cli] {'ticker': 'QQQ', 'mode': 'tri', 'thr': 135, 'window': '2Y', 'order': 3, 'rows': 25}
2025-11-12 11:27:03,895 INFO [cli] {'ticker': 'QQQ', 'mode': 'tri', 'thr': 135, 'window': '2Y', 'order': 4, 'rows': 50}
2025-11-12 11:27:03,905 INFO [cli] {'ticker': 'QQQ', 'mode': 'tri', 'thr': 135, 'window': '5Y', 'order': 1, 'rows': 3}
2025-11-12 11:27:03,913 INFO [cli] {'ticker': 'QQQ', 'mode': 'tri', 'thr': 135, 'window': '5Y', 'order': 2, 'rows': 9}
2025-11-12 11:27:03,922 INFO [cli] {'ticker': 'QQQ', 'mode': 'tri', 'thr': 135, 'window': '5Y', 'order': 3, 'rows': 27}
2025-11-12 11:27:03,932 INFO [cli] {'ticker': 'QQQ', 'mode': 'tri', 'thr': 135, 'window': '5Y', 'order': 4, 'rows': 73}
2025-11-12 11:27:03,940 INFO [cli] {'ticker': 'QQQ', 'mode': 'tri', 'thr': 135, 'window': '10Y', 'order': 1, 'rows': 3}
2025-11-12 11:27:03,951 INFO [cli] {'ticker': 'QQQ', 'mode': 'tri', 'thr': 135, 'window': '10Y', 'order': 2, 'rows': 9}
2025-11-12 11:27:03,960 INFO [cli] {'ticker': 'QQQ', 'mode': 'tri', 'thr': 135, 'window': '10Y', 'order': 3, 'rows': 27}
2025-11-12 11:27:03,969 INFO [cli] {'ticker': 'QQQ', 'mode': 'tri', 'thr': 135, 'window': '10Y', 'order': 4, 'rows': 78}
2025-11-12 11:27:03,978 INFO [cli] {'ticker': 'QQQ', 'mode': 'tri', 'thr': 135, 'window': '20Y', 'order': 1, 'rows': 3}
2025-11-12 11:27:03,988 INFO [cli] {'ticker': 'QQQ', 'mode': 'tri', 'thr': 135, 'window': '20Y', 'order': 2, 'rows': 9}
2025-11-12 11:27:03,997 INFO [cli] {'ticker': 'QQQ', 'mode': 'tri', 'thr': 135, 'window': '20Y', 'order': 3, 'rows': 27}
2025-11-12 11:27:04,012 INFO [cli] {'ticker': 'QQQ', 'mode': 'tri', 'thr': 135, 'window': '20Y', 'order': 4, 'rows': 80}
2025-11-12 11:27:04,021 INFO [cli] {'ticker': 'QQQ', 'mode': 'tri', 'thr': 135, 'window': 'MAX', 'order': 1, 'rows': 3}
2025-11-12 11:27:04,031 INFO [cli] {'ticker': 'QQQ', 'mode': 'tri', 'thr': 135, 'window': 'MAX', 'order': 2, 'rows': 9}
2025-11-12 11:27:04,041 INFO [cli] {'ticker': 'QQQ', 'mode': 'tri', 'thr': 135, 'window': 'MAX', 'order': 3, 'rows': 27}
2025-11-12 11:27:04,049 INFO [cli] {'ticker': 'QQQ', 'mode': 'tri', 'thr': 135, 'window': 'MAX', 'order': 4, 'rows': 81}
2025-11-12 11:27:04,066 INFO [cli] {'ticker': 'QQQ', 'mode': 'tri', 'thr': 140, 'window': '1Y', 'order': 1, 'rows': 3}
2025-11-12 11:27:04,075 INFO [cli] {'ticker': 'QQQ', 'mode': 'tri', 'thr': 140, 'window': '1Y', 'order': 2, 'rows': 9}
2025-11-12 11:27:04,085 INFO [cli] {'ticker': 'QQQ', 'mode': 'tri', 'thr': 140, 'window': '1Y', 'order': 3, 'rows': 21}
2025-11-12 11:27:04,094 INFO [cli] {'ticker': 'QQQ', 'mode': 'tri', 'thr': 140, 'window': '1Y', 'order': 4, 'rows': 38}
2025-11-12 11:27:04,102 INFO [cli] {'ticker': 'QQQ', 'mode': 'tri', 'thr': 140, 'window': '2Y', 'order': 1, 'rows': 3}
2025-11-12 11:27:04,110 INFO [cli] {'ticker': 'QQQ', 'mode': 'tri', 'thr': 140, 'window': '2Y', 'order': 2, 'rows': 9}
2025-11-12 11:27:04,118 INFO [cli] {'ticker': 'QQQ', 'mode': 'tri', 'thr': 140, 'window': '2Y', 'order': 3, 'rows': 25}
2025-11-12 11:27:04,129 INFO [cli] {'ticker': 'QQQ', 'mode': 'tri', 'thr': 140, 'window': '2Y', 'order': 4, 'rows': 49}
2025-11-12 11:27:04,137 INFO [cli] {'ticker': 'QQQ', 'mode': 'tri', 'thr': 140, 'window': '5Y', 'order': 1, 'rows': 3}
2025-11-12 11:27:04,147 INFO [cli] {'ticker': 'QQQ', 'mode': 'tri', 'thr': 140, 'window': '5Y', 'order': 2, 'rows': 9}
2025-11-12 11:27:04,155 INFO [cli] {'ticker': 'QQQ', 'mode': 'tri', 'thr': 140, 'window': '5Y', 'order': 3, 'rows': 27}
2025-11-12 11:27:04,164 INFO [cli] {'ticker': 'QQQ', 'mode': 'tri', 'thr': 140, 'window': '5Y', 'order': 4, 'rows': 72}
2025-11-12 11:27:04,173 INFO [cli] {'ticker': 'QQQ', 'mode': 'tri', 'thr': 140, 'window': '10Y', 'order': 1, 'rows': 3}
2025-11-12 11:27:04,183 INFO [cli] {'ticker': 'QQQ', 'mode': 'tri', 'thr': 140, 'window': '10Y', 'order': 2, 'rows': 9}
2025-11-12 11:27:04,191 INFO [cli] {'ticker': 'QQQ', 'mode': 'tri', 'thr': 140, 'window': '10Y', 'order': 3, 'rows': 27}
2025-11-12 11:27:04,202 INFO [cli] {'ticker': 'QQQ', 'mode': 'tri', 'thr': 140, 'window': '10Y', 'order': 4, 'rows': 77}
2025-11-12 11:27:04,212 INFO [cli] {'ticker': 'QQQ', 'mode': 'tri', 'thr': 140, 'window': '20Y', 'order': 1, 'rows': 3}
2025-11-12 11:27:04,222 INFO [cli] {'ticker': 'QQQ', 'mode': 'tri', 'thr': 140, 'window': '20Y', 'order': 2, 'rows': 9}
2025-11-12 11:27:04,232 INFO [cli] {'ticker': 'QQQ', 'mode': 'tri', 'thr': 140, 'window': '20Y', 'order': 3, 'rows': 27}
2025-11-12 11:27:04,242 INFO [cli] {'ticker': 'QQQ', 'mode': 'tri', 'thr': 140, 'window': '20Y', 'order': 4, 'rows': 80}
2025-11-12 11:27:04,251 INFO [cli] {'ticker': 'QQQ', 'mode': 'tri', 'thr': 140, 'window': 'MAX', 'order': 1, 'rows': 3}
2025-11-12 11:27:04,259 INFO [cli] {'ticker': 'QQQ', 'mode': 'tri', 'thr': 140, 'window': 'MAX', 'order': 2, 'rows': 9}
2025-11-12 11:27:04,268 INFO [cli] {'ticker': 'QQQ', 'mode': 'tri', 'thr': 140, 'window': 'MAX', 'order': 3, 'rows': 27}
2025-11-12 11:27:04,278 INFO [cli] {'ticker': 'QQQ', 'mode': 'tri', 'thr': 140, 'window': 'MAX', 'order': 4, 'rows': 81}
2025-11-12 11:27:04,295 INFO [cli] {'ticker': 'QQQ', 'mode': 'tri', 'thr': 145, 'window': '1Y', 'order': 1, 'rows': 3}
2025-11-12 11:27:04,304 INFO [cli] {'ticker': 'QQQ', 'mode': 'tri', 'thr': 145, 'window': '1Y', 'order': 2, 'rows': 9}
2025-11-12 11:27:04,314 INFO [cli] {'ticker': 'QQQ', 'mode': 'tri', 'thr': 145, 'window': '1Y', 'order': 3, 'rows': 21}
2025-11-12 11:27:04,322 INFO [cli] {'ticker': 'QQQ', 'mode': 'tri', 'thr': 145, 'window': '1Y', 'order': 4, 'rows': 37}
2025-11-12 11:27:04,332 INFO [cli] {'ticker': 'QQQ', 'mode': 'tri', 'thr': 145, 'window': '2Y', 'order': 1, 'rows': 3}
2025-11-12 11:27:04,343 INFO [cli] {'ticker': 'QQQ', 'mode': 'tri', 'thr': 145, 'window': '2Y', 'order': 2, 'rows': 9}
2025-11-12 11:27:04,355 INFO [cli] {'ticker': 'QQQ', 'mode': 'tri', 'thr': 145, 'window': '2Y', 'order': 3, 'rows': 25}
2025-11-12 11:27:04,366 INFO [cli] {'ticker': 'QQQ', 'mode': 'tri', 'thr': 145, 'window': '2Y', 'order': 4, 'rows': 46}
2025-11-12 11:27:04,375 INFO [cli] {'ticker': 'QQQ', 'mode': 'tri', 'thr': 145, 'window': '5Y', 'order': 1, 'rows': 3}
2025-11-12 11:27:04,384 INFO [cli] {'ticker': 'QQQ', 'mode': 'tri', 'thr': 145, 'window': '5Y', 'order': 2, 'rows': 9}
2025-11-12 11:27:04,395 INFO [cli] {'ticker': 'QQQ', 'mode': 'tri', 'thr': 145, 'window': '5Y', 'order': 3, 'rows': 27}
2025-11-12 11:27:04,405 INFO [cli] {'ticker': 'QQQ', 'mode': 'tri', 'thr': 145, 'window': '5Y', 'order': 4, 'rows': 72}
2025-11-12 11:27:04,415 INFO [cli] {'ticker': 'QQQ', 'mode': 'tri', 'thr': 145, 'window': '10Y', 'order': 1, 'rows': 3}
2025-11-12 11:27:04,424 INFO [cli] {'ticker': 'QQQ', 'mode': 'tri', 'thr': 145, 'window': '10Y', 'order': 2, 'rows': 9}
2025-11-12 11:27:04,433 INFO [cli] {'ticker': 'QQQ', 'mode': 'tri', 'thr': 145, 'window': '10Y', 'order': 3, 'rows': 27}
2025-11-12 11:27:04,443 INFO [cli] {'ticker': 'QQQ', 'mode': 'tri', 'thr': 145, 'window': '10Y', 'order': 4, 'rows': 74}
2025-11-12 11:27:04,452 INFO [cli] {'ticker': 'QQQ', 'mode': 'tri', 'thr': 145, 'window': '20Y', 'order': 1, 'rows': 3}
2025-11-12 11:27:04,461 INFO [cli] {'ticker': 'QQQ', 'mode': 'tri', 'thr': 145, 'window': '20Y', 'order': 2, 'rows': 9}
2025-11-12 11:27:04,472 INFO [cli] {'ticker': 'QQQ', 'mode': 'tri', 'thr': 145, 'window': '20Y', 'order': 3, 'rows': 27}
2025-11-12 11:27:04,481 INFO [cli] {'ticker': 'QQQ', 'mode': 'tri', 'thr': 145, 'window': '20Y', 'order': 4, 'rows': 78}
2025-11-12 11:27:04,491 INFO [cli] {'ticker': 'QQQ', 'mode': 'tri', 'thr': 145, 'window': 'MAX', 'order': 1, 'rows': 3}
2025-11-12 11:27:04,501 INFO [cli] {'ticker': 'QQQ', 'mode': 'tri', 'thr': 145, 'window': 'MAX', 'order': 2, 'rows': 9}
2025-11-12 11:27:04,511 INFO [cli] {'ticker': 'QQQ', 'mode': 'tri', 'thr': 145, 'window': 'MAX', 'order': 3, 'rows': 27}
2025-11-12 11:27:04,521 INFO [cli] {'ticker': 'QQQ', 'mode': 'tri', 'thr': 145, 'window': 'MAX', 'order': 4, 'rows': 81}
2025-11-12 11:27:04,538 INFO [cli] {'ticker': 'QQQ', 'mode': 'tri', 'thr': 150, 'window': '1Y', 'order': 1, 'rows': 3}
2025-11-12 11:27:04,549 INFO [cli] {'ticker': 'QQQ', 'mode': 'tri', 'thr': 150, 'window': '1Y', 'order': 2, 'rows': 9}
2025-11-12 11:27:04,559 INFO [cli] {'ticker': 'QQQ', 'mode': 'tri', 'thr': 150, 'window': '1Y', 'order': 3, 'rows': 21}
2025-11-12 11:27:04,567 INFO [cli] {'ticker': 'QQQ', 'mode': 'tri', 'thr': 150, 'window': '1Y', 'order': 4, 'rows': 37}
2025-11-12 11:27:04,577 INFO [cli] {'ticker': 'QQQ', 'mode': 'tri', 'thr': 150, 'window': '2Y', 'order': 1, 'rows': 3}
2025-11-12 11:27:04,585 INFO [cli] {'ticker': 'QQQ', 'mode': 'tri', 'thr': 150, 'window': '2Y', 'order': 2, 'rows': 9}
2025-11-12 11:27:04,594 INFO [cli] {'ticker': 'QQQ', 'mode': 'tri', 'thr': 150, 'window': '2Y', 'order': 3, 'rows': 25}
2025-11-12 11:27:04,604 INFO [cli] {'ticker': 'QQQ', 'mode': 'tri', 'thr': 150, 'window': '2Y', 'order': 4, 'rows': 46}
2025-11-12 11:27:04,615 INFO [cli] {'ticker': 'QQQ', 'mode': 'tri', 'thr': 150, 'window': '5Y', 'order': 1, 'rows': 3}
2025-11-12 11:27:04,637 INFO [cli] {'ticker': 'QQQ', 'mode': 'tri', 'thr': 150, 'window': '5Y', 'order': 2, 'rows': 9}
2025-11-12 11:27:04,645 INFO [cli] {'ticker': 'QQQ', 'mode': 'tri', 'thr': 150, 'window': '5Y', 'order': 3, 'rows': 27}
2025-11-12 11:27:04,655 INFO [cli] {'ticker': 'QQQ', 'mode': 'tri', 'thr': 150, 'window': '5Y', 'order': 4, 'rows': 71}
2025-11-12 11:27:04,664 INFO [cli] {'ticker': 'QQQ', 'mode': 'tri', 'thr': 150, 'window': '10Y', 'order': 1, 'rows': 3}
2025-11-12 11:27:04,676 INFO [cli] {'ticker': 'QQQ', 'mode': 'tri', 'thr': 150, 'window': '10Y', 'order': 2, 'rows': 9}
2025-11-12 11:27:04,685 INFO [cli] {'ticker': 'QQQ', 'mode': 'tri', 'thr': 150, 'window': '10Y', 'order': 3, 'rows': 27}
2025-11-12 11:27:04,694 INFO [cli] {'ticker': 'QQQ', 'mode': 'tri', 'thr': 150, 'window': '10Y', 'order': 4, 'rows': 74}
2025-11-12 11:27:04,704 INFO [cli] {'ticker': 'QQQ', 'mode': 'tri', 'thr': 150, 'window': '20Y', 'order': 1, 'rows': 3}
2025-11-12 11:27:04,714 INFO [cli] {'ticker': 'QQQ', 'mode': 'tri', 'thr': 150, 'window': '20Y', 'order': 2, 'rows': 9}
2025-11-12 11:27:04,726 INFO [cli] {'ticker': 'QQQ', 'mode': 'tri', 'thr': 150, 'window': '20Y', 'order': 3, 'rows': 27}
2025-11-12 11:27:04,734 INFO [cli] {'ticker': 'QQQ', 'mode': 'tri', 'thr': 150, 'window': '20Y', 'order': 4, 'rows': 78}

{'ticker': 'QQQ', 'mode': 'tri', 'thr': 130, 'window': 'MAX', 'order': 1, 'rows': 3}
{'ticker': 'QQQ', 'mode': 'tri', 'thr': 130, 'window': 'MAX', 'order': 2, 'rows': 9}
{'ticker': 'QQQ', 'mode': 'tri', 'thr': 130, 'window': 'MAX', 'order': 3, 'rows': 27}
{'ticker': 'QQQ', 'mode': 'tri', 'thr': 130, 'window': 'MAX', 'order': 4, 'rows': 81}
{'ticker': 'QQQ', 'mode': 'tri', 'thr': 135, 'window': '1Y', 'order': 1, 'rows': 3}
{'ticker': 'QQQ', 'mode': 'tri', 'thr': 135, 'window': '1Y', 'order': 2, 'rows': 9}
{'ticker': 'QQQ', 'mode': 'tri', 'thr': 135, 'window': '1Y', 'order': 3, 'rows': 21}
{'ticker': 'QQQ', 'mode': 'tri', 'thr': 135, 'window': '1Y', 'order': 4, 'rows': 38}
{'ticker': 'QQQ', 'mode': 'tri', 'thr': 135, 'window': '2Y', 'order': 1, 'rows': 3}
{'ticker': 'QQQ', 'mode': 'tri', 'thr': 135, 'window': '2Y', 'order': 2, 'rows': 9}
{'ticker': 'QQQ', 'mode': 'tri', 'thr': 135, 'window': '2Y', 'order': 3, 'rows': 25}
{'ticker': 'QQQ', 'mode': 'tri', 'thr': 135, 'window': '2Y', 'order': 4, 'rows': 50}
{'ticker': 'QQQ', 'mode': 'tri', 'thr': 135, 'window': '5Y', 'order': 1, 'rows': 3}
{'ticker': 'QQQ', 'mode': 'tri', 'thr': 135, 'window': '5Y', 'order': 2, 'rows': 9}
{'ticker': 'QQQ', 'mode': 'tri', 'thr': 135, 'window': '5Y', 'order': 3, 'rows': 27}
{'ticker': 'QQQ', 'mode': 'tri', 'thr': 135, 'window': '5Y', 'order': 4, 'rows': 73}
{'ticker': 'QQQ', 'mode': 'tri', 'thr': 135, 'window': '10Y', 'order': 1, 'rows': 3}
{'ticker': 'QQQ', 'mode': 'tri', 'thr': 135, 'window': '10Y', 'order': 2, 'rows': 9}
{'ticker': 'QQQ', 'mode': 'tri', 'thr': 135, 'window': '10Y', 'order': 3, 'rows': 27}
{'ticker': 'QQQ', 'mode': 'tri', 'thr': 135, 'window': '10Y', 'order': 4, 'rows': 78}
{'ticker': 'QQQ', 'mode': 'tri', 'thr': 135, 'window': '20Y', 'order': 1, 'rows': 3}
{'ticker': 'QQQ', 'mode': 'tri', 'thr': 135, 'window': '20Y', 'order': 2, 'rows': 9}
{'ticker': 'QQQ', 'mode': 'tri', 'thr': 135, 'window': '20Y', 'order': 3, 'rows': 27}
{'ticker': 'QQQ', 'mode': 'tri', 'thr': 135, 'window': '20Y', 'order': 4, 'rows': 80}
{'ticker': 'QQQ', 'mode': 'tri', 'thr': 135, 'window': 'MAX', 'order': 1, 'rows': 3}
{'ticker': 'QQQ', 'mode': 'tri', 'thr': 135, 'window': 'MAX', 'order': 2, 'rows': 9}
{'ticker': 'QQQ', 'mode': 'tri', 'thr': 135, 'window': 'MAX', 'order': 3, 'rows': 27}
{'ticker': 'QQQ', 'mode': 'tri', 'thr': 135, 'window': 'MAX', 'order': 4, 'rows': 81}
{'ticker': 'QQQ', 'mode': 'tri', 'thr': 140, 'window': '1Y', 'order': 1, 'rows': 3}
{'ticker': 'QQQ', 'mode': 'tri', 'thr': 140, 'window': '1Y', 'order': 2, 'rows': 9}
{'ticker': 'QQQ', 'mode': 'tri', 'thr': 140, 'window': '1Y', 'order': 3, 'rows': 21}
{'ticker': 'QQQ', 'mode': 'tri', 'thr': 140, 'window': '1Y', 'order': 4, 'rows': 38}
{'ticker': 'QQQ', 'mode': 'tri', 'thr': 140, 'window': '2Y', 'order': 1, 'rows': 3}
{'ticker': 'QQQ', 'mode': 'tri', 'thr': 140, 'window': '2Y', 'order': 2, 'rows': 9}
{'ticker': 'QQQ', 'mode': 'tri', 'thr': 140, 'window': '2Y', 'order': 3, 'rows': 25}
{'ticker': 'QQQ', 'mode': 'tri', 'thr': 140, 'window': '2Y', 'order': 4, 'rows': 49}
{'ticker': 'QQQ', 'mode': 'tri', 'thr': 140, 'window': '5Y', 'order': 1, 'rows': 3}
{'ticker': 'QQQ', 'mode': 'tri', 'thr': 140, 'window': '5Y', 'order': 2, 'rows': 9}
{'ticker': 'QQQ', 'mode': 'tri', 'thr': 140, 'window': '5Y', 'order': 3, 'rows': 27}
{'ticker': 'QQQ', 'mode': 'tri', 'thr': 140, 'window': '5Y', 'order': 4, 'rows': 72}
{'ticker': 'QQQ', 'mode': 'tri', 'thr': 140, 'window': '10Y', 'order': 1, 'rows': 3}
{'ticker': 'QQQ', 'mode': 'tri', 'thr': 140, 'window': '10Y', 'order': 2, 'rows': 9}
{'ticker': 'QQQ', 'mode': 'tri', 'thr': 140, 'window': '10Y', 'order': 3, 'rows': 27}
{'ticker': 'QQQ', 'mode': 'tri', 'thr': 140, 'window': '10Y', 'order': 4, 'rows': 77}
{'ticker': 'QQQ', 'mode': 'tri', 'thr': 140, 'window': '20Y', 'order': 1, 'rows': 3}
{'ticker': 'QQQ', 'mode': 'tri', 'thr': 140, 'window': '20Y', 'order': 2, 'rows': 9}
{'ticker': 'QQQ', 'mode': 'tri', 'thr': 140, 'window': '20Y', 'order': 3, 'rows': 27}
{'ticker': 'QQQ', 'mode': 'tri', 'thr': 140, 'window': '20Y', 'order': 4, 'rows': 80}
{'ticker': 'QQQ', 'mode': 'tri', 'thr': 140, 'window': 'MAX', 'order': 1, 'rows': 3}
{'ticker': 'QQQ', 'mode': 'tri', 'thr': 140, 'window': 'MAX', 'order': 2, 'rows': 9}
{'ticker': 'QQQ', 'mode': 'tri', 'thr': 140, 'window': 'MAX', 'order': 3, 'rows': 27}
{'ticker': 'QQQ', 'mode': 'tri', 'thr': 140, 'window': 'MAX', 'order': 4, 'rows': 81}
{'ticker': 'QQQ', 'mode': 'tri', 'thr': 145, 'window': '1Y', 'order': 1, 'rows': 3}
{'ticker': 'QQQ', 'mode': 'tri', 'thr': 145, 'window': '1Y', 'order': 2, 'rows': 9}
{'ticker': 'QQQ', 'mode': 'tri', 'thr': 145, 'window': '1Y', 'order': 3, 'rows': 21}
{'ticker': 'QQQ', 'mode': 'tri', 'thr': 145, 'window': '1Y', 'order': 4, 'rows': 37}
{'ticker': 'QQQ', 'mode': 'tri', 'thr': 145, 'window': '2Y', 'order': 1, 'rows': 3}
{'ticker': 'QQQ', 'mode': 'tri', 'thr': 145, 'window': '2Y', 'order': 2, 'rows': 9}
{'ticker': 'QQQ', 'mode': 'tri', 'thr': 145, 'window': '2Y', 'order': 3, 'rows': 25}
{'ticker': 'QQQ', 'mode': 'tri', 'thr': 145, 'window': '2Y', 'order': 4, 'rows': 46}
{'ticker': 'QQQ', 'mode': 'tri', 'thr': 145, 'window': '5Y', 'order': 1, 'rows': 3}
{'ticker': 'QQQ', 'mode': 'tri', 'thr': 145, 'window': '5Y', 'order': 2, 'rows': 9}
{'ticker': 'QQQ', 'mode': 'tri', 'thr': 145, 'window': '5Y', 'order': 3, 'rows': 27}
{'ticker': 'QQQ', 'mode': 'tri', 'thr': 145, 'window': '5Y', 'order': 4, 'rows': 72}
{'ticker': 'QQQ', 'mode': 'tri', 'thr': 145, 'window': '10Y', 'order': 1, 'rows': 3}
{'ticker': 'QQQ', 'mode': 'tri', 'thr': 145, 'window': '10Y', 'order': 2, 'rows': 9}
{'ticker': 'QQQ', 'mode': 'tri', 'thr': 145, 'window': '10Y', 'order': 3, 'rows': 27}
{'ticker': 'QQQ', 'mode': 'tri', 'thr': 145, 'window': '10Y', 'order': 4, 'rows': 74}
{'ticker': 'QQQ', 'mode': 'tri', 'thr': 145, 'window': '20Y', 'order': 1, 'rows': 3}
{'ticker': 'QQQ', 'mode': 'tri', 'thr': 145, 'window': '20Y', 'order': 2, 'rows': 9}
{'ticker': 'QQQ', 'mode': 'tri', 'thr': 145, 'window': '20Y', 'order': 3, 'rows': 27}
{'ticker': 'QQQ', 'mode': 'tri', 'thr': 145, 'window': '20Y', 'order': 4, 'rows': 78}
{'ticker': 'QQQ', 'mode': 'tri', 'thr': 145, 'window': 'MAX', 'order': 1, 'rows': 3}
{'ticker': 'QQQ', 'mode': 'tri', 'thr': 145, 'window': 'MAX', 'order': 2, 'rows': 9}
{'ticker': 'QQQ', 'mode': 'tri', 'thr': 145, 'window': 'MAX', 'order': 3, 'rows': 27}
{'ticker': 'QQQ', 'mode': 'tri', 'thr': 145, 'window': 'MAX', 'order': 4, 'rows': 81}
{'ticker': 'QQQ', 'mode': 'tri', 'thr': 150, 'window': '1Y', 'order': 1, 'rows': 3}
{'ticker': 'QQQ', 'mode': 'tri', 'thr': 150, 'window': '1Y', 'order': 2, 'rows': 9}
{'ticker': 'QQQ', 'mode': 'tri', 'thr': 150, 'window': '1Y', 'order': 3, 'rows': 21}
{'ticker': 'QQQ', 'mode': 'tri', 'thr': 150, 'window': '1Y', 'order': 4, 'rows': 37}
{'ticker': 'QQQ', 'mode': 'tri', 'thr': 150, 'window': '2Y', 'order': 1, 'rows': 3}
{'ticker': 'QQQ', 'mode': 'tri', 'thr': 150, 'window': '2Y', 'order': 2, 'rows': 9}
{'ticker': 'QQQ', 'mode': 'tri', 'thr': 150, 'window': '2Y', 'order': 3, 'rows': 25}
{'ticker': 'QQQ', 'mode': 'tri', 'thr': 150, 'window': '2Y', 'order': 4, 'rows': 46}
{'ticker': 'QQQ', 'mode': 'tri', 'thr': 150, 'window': '5Y', 'order': 1, 'rows': 3}
{'ticker': 'QQQ', 'mode': 'tri', 'thr': 150, 'window': '5Y', 'order': 2, 'rows': 9}
{'ticker': 'QQQ', 'mode': 'tri', 'thr': 150, 'window': '5Y', 'order': 3, 'rows': 27}
{'ticker': 'QQQ', 'mode': 'tri', 'thr': 150, 'window': '5Y', 'order': 4, 'rows': 71}
{'ticker': 'QQQ', 'mode': 'tri', 'thr': 150, 'window': '10Y', 'order': 1, 'rows': 3}
{'ticker': 'QQQ', 'mode': 'tri', 'thr': 150, 'window': '10Y', 'order': 2, 'rows': 9}
{'ticker': 'QQQ', 'mode': 'tri', 'thr': 150, 'window': '10Y', 'order': 3, 'rows': 27}
{'ticker': 'QQQ', 'mode': 'tri', 'thr': 150, 'window': '10Y', 'order': 4, 'rows': 74}
{'ticker': 'QQQ', 'mode': 'tri', 'thr': 150, 'window': '20Y', 'order': 1, 'rows': 3}
{'ticker': 'QQQ', 'mode': 'tri', 'thr': 150, 'window': '20Y', 'order': 2, 'rows': 9}
{'ticker': 'QQQ', 'mode': 'tri', 'thr': 150, 'window': '20Y', 'order': 3, 'rows': 27}
{'ticker': 'QQQ', 'mode': 'tri', 'thr': 150, 'window': '20Y', 'order': 4, 'rows': 78}
{'ticker': 'QQQ', 'mode': 'tri', 'thr': 150, 'window': 'MAX', 'order': 1, 'rows': 3}2025-11-12 11:27:04,742 INFO [cli] {'ticker': 'QQQ', 'mode': 'tri', 'thr': 150, 'window': 'MAX', 'order': 1, 'rows': 3}
2025-11-12 11:27:04,752 INFO [cli] {'ticker': 'QQQ', 'mode': 'tri', 'thr': 150, 'window': 'MAX', 'order': 2, 'rows': 9}
2025-11-12 11:27:04,760 INFO [cli] {'ticker': 'QQQ', 'mode': 'tri', 'thr': 150, 'window': 'MAX', 'order': 3, 'rows': 27}
2025-11-12 11:27:04,770 INFO [cli] {'ticker': 'QQQ', 'mode': 'tri', 'thr': 150, 'window': 'MAX', 'order': 4, 'rows': 81}
2025-11-12 11:27:04,789 INFO [cli] {'ticker': 'DIA', 'mode': 'binary', 'thr': 0, 'window': '1Y', 'order': 1, 'rows': 2}
2025-11-12 11:27:04,799 INFO [cli] {'ticker': 'DIA', 'mode': 'binary', 'thr': 0, 'window': '1Y', 'order': 2, 'rows': 4}
2025-11-12 11:27:04,808 INFO [cli] {'ticker': 'DIA', 'mode': 'binary', 'thr': 0, 'window': '1Y', 'order': 3, 'rows': 8}
2025-11-12 11:27:04,818 INFO [cli] {'ticker': 'DIA', 'mode': 'binary', 'thr': 0, 'window': '1Y', 'order': 4, 'rows': 16}
2025-11-12 11:27:04,828 INFO [cli] {'ticker': 'DIA', 'mode': 'binary', 'thr': 0, 'window': '2Y', 'order': 1, 'rows': 2}
2025-11-12 11:27:04,838 INFO [cli] {'ticker': 'DIA', 'mode': 'binary', 'thr': 0, 'window': '2Y', 'order': 2, 'rows': 4}
2025-11-12 11:27:04,847 INFO [cli] {'ticker': 'DIA', 'mode': 'binary', 'thr': 0, 'window': '2Y', 'order': 3, 'rows': 8}
2025-11-12 11:27:04,857 INFO [cli] {'ticker': 'DIA', 'mode': 'binary', 'thr': 0, 'window': '2Y', 'order': 4, 'rows': 16}
2025-11-12 11:27:04,867 INFO [cli] {'ticker': 'DIA', 'mode': 'binary', 'thr': 0, 'window': '5Y', 'order': 1, 'rows': 2}
2025-11-12 11:27:04,877 INFO [cli] {'ticker': 'DIA', 'mode': 'binary', 'thr': 0, 'window': '5Y', 'order': 2, 'rows': 4}
2025-11-12 11:27:04,887 INFO [cli] {'ticker': 'DIA', 'mode': 'binary', 'thr': 0, 'window': '5Y', 'order': 3, 'rows': 8}
2025-11-12 11:27:04,895 INFO [cli] {'ticker': 'DIA', 'mode': 'binary', 'thr': 0, 'window': '5Y', 'order': 4, 'rows': 16}
2025-11-12 11:27:04,906 INFO [cli] {'ticker': 'DIA', 'mode': 'binary', 'thr': 0, 'window': '10Y', 'order': 1, 'rows': 2}
2025-11-12 11:27:04,916 INFO [cli] {'ticker': 'DIA', 'mode': 'binary', 'thr': 0, 'window': '10Y', 'order': 2, 'rows': 4}
2025-11-12 11:27:04,925 INFO [cli] {'ticker': 'DIA', 'mode': 'binary', 'thr': 0, 'window': '10Y', 'order': 3, 'rows': 8}
2025-11-12 11:27:04,936 INFO [cli] {'ticker': 'DIA', 'mode': 'binary', 'thr': 0, 'window': '10Y', 'order': 4, 'rows': 16}
2025-11-12 11:27:04,956 INFO [cli] {'ticker': 'DIA', 'mode': 'binary', 'thr': 0, 'window': '20Y', 'order': 1, 'rows': 2}
2025-11-12 11:27:04,967 INFO [cli] {'ticker': 'DIA', 'mode': 'binary', 'thr': 0, 'window': '20Y', 'order': 2, 'rows': 4}
2025-11-12 11:27:04,977 INFO [cli] {'ticker': 'DIA', 'mode': 'binary', 'thr': 0, 'window': '20Y', 'order': 3, 'rows': 8}
2025-11-12 11:27:04,987 INFO [cli] {'ticker': 'DIA', 'mode': 'binary', 'thr': 0, 'window': '20Y', 'order': 4, 'rows': 16}
2025-11-12 11:27:04,997 INFO [cli] {'ticker': 'DIA', 'mode': 'binary', 'thr': 0, 'window': 'MAX', 'order': 1, 'rows': 2}
2025-11-12 11:27:05,006 INFO [cli] {'ticker': 'DIA', 'mode': 'binary', 'thr': 0, 'window': 'MAX', 'order': 2, 'rows': 4}
2025-11-12 11:27:05,016 INFO [cli] {'ticker': 'DIA', 'mode': 'binary', 'thr': 0, 'window': 'MAX', 'order': 3, 'rows': 8}
2025-11-12 11:27:05,024 INFO [cli] {'ticker': 'DIA', 'mode': 'binary', 'thr': 0, 'window': 'MAX', 'order': 4, 'rows': 16}
2025-11-12 11:27:05,041 INFO [cli] {'ticker': 'DIA', 'mode': 'binary', 'thr': 5, 'window': '1Y', 'order': 1, 'rows': 2}
2025-11-12 11:27:05,051 INFO [cli] {'ticker': 'DIA', 'mode': 'binary', 'thr': 5, 'window': '1Y', 'order': 2, 'rows': 4}
2025-11-12 11:27:05,060 INFO [cli] {'ticker': 'DIA', 'mode': 'binary', 'thr': 5, 'window': '1Y', 'order': 3, 'rows': 8}
2025-11-12 11:27:05,069 INFO [cli] {'ticker': 'DIA', 'mode': 'binary', 'thr': 5, 'window': '1Y', 'order': 4, 'rows': 16}
2025-11-12 11:27:05,080 INFO [cli] {'ticker': 'DIA', 'mode': 'binary', 'thr': 5, 'window': '2Y', 'order': 1, 'rows': 2}
2025-11-12 11:27:05,088 INFO [cli] {'ticker': 'DIA', 'mode': 'binary', 'thr': 5, 'window': '2Y', 'order': 2, 'rows': 4}
2025-11-12 11:27:05,098 INFO [cli] {'ticker': 'DIA', 'mode': 'binary', 'thr': 5, 'window': '2Y', 'order': 3, 'rows': 8}
2025-11-12 11:27:05,109 INFO [cli] {'ticker': 'DIA', 'mode': 'binary', 'thr': 5, 'window': '2Y', 'order': 4, 'rows': 16}
2025-11-12 11:27:05,118 INFO [cli] {'ticker': 'DIA', 'mode': 'binary', 'thr': 5, 'window': '5Y', 'order': 1, 'rows': 2}
2025-11-12 11:27:05,128 INFO [cli] {'ticker': 'DIA', 'mode': 'binary', 'thr': 5, 'window': '5Y', 'order': 2, 'rows': 4}
2025-11-12 11:27:05,137 INFO [cli] {'ticker': 'DIA', 'mode': 'binary', 'thr': 5, 'window': '5Y', 'order': 3, 'rows': 8}
2025-11-12 11:27:05,146 INFO [cli] {'ticker': 'DIA', 'mode': 'binary', 'thr': 5, 'window': '5Y', 'order': 4, 'rows': 16}
2025-11-12 11:27:05,156 INFO [cli] {'ticker': 'DIA', 'mode': 'binary', 'thr': 5, 'window': '10Y', 'order': 1, 'rows': 2}
2025-11-12 11:27:05,164 INFO [cli] {'ticker': 'DIA', 'mode': 'binary', 'thr': 5, 'window': '10Y', 'order': 2, 'rows': 4}
2025-11-12 11:27:05,175 INFO [cli] {'ticker': 'DIA', 'mode': 'binary', 'thr': 5, 'window': '10Y', 'order': 3, 'rows': 8}
2025-11-12 11:27:05,184 INFO [cli] {'ticker': 'DIA', 'mode': 'binary', 'thr': 5, 'window': '10Y', 'order': 4, 'rows': 16}
2025-11-12 11:27:05,192 INFO [cli] {'ticker': 'DIA', 'mode': 'binary', 'thr': 5, 'window': '20Y', 'order': 1, 'rows': 2}
2025-11-12 11:27:05,202 INFO [cli] {'ticker': 'DIA', 'mode': 'binary', 'thr': 5, 'window': '20Y', 'order': 2, 'rows': 4}
2025-11-12 11:27:05,211 INFO [cli] {'ticker': 'DIA', 'mode': 'binary', 'thr': 5, 'window': '20Y', 'order': 3, 'rows': 8}
2025-11-12 11:27:05,220 INFO [cli] {'ticker': 'DIA', 'mode': 'binary', 'thr': 5, 'window': '20Y', 'order': 4, 'rows': 16}
2025-11-12 11:27:05,228 INFO [cli] {'ticker': 'DIA', 'mode': 'binary', 'thr': 5, 'window': 'MAX', 'order': 1, 'rows': 2}
2025-11-12 11:27:05,238 INFO [cli] {'ticker': 'DIA', 'mode': 'binary', 'thr': 5, 'window': 'MAX', 'order': 2, 'rows': 4}
2025-11-12 11:27:05,246 INFO [cli] {'ticker': 'DIA', 'mode': 'binary', 'thr': 5, 'window': 'MAX', 'order': 3, 'rows': 8}
2025-11-12 11:27:05,255 INFO [cli] {'ticker': 'DIA', 'mode': 'binary', 'thr': 5, 'window': 'MAX', 'order': 4, 'rows': 16}
2025-11-12 11:27:05,273 INFO [cli] {'ticker': 'DIA', 'mode': 'binary', 'thr': 10, 'window': '1Y', 'order': 1, 'rows': 2}
2025-11-12 11:27:05,283 INFO [cli] {'ticker': 'DIA', 'mode': 'binary', 'thr': 10, 'window': '1Y', 'order': 2, 'rows': 4}
2025-11-12 11:27:05,292 INFO [cli] {'ticker': 'DIA', 'mode': 'binary', 'thr': 10, 'window': '1Y', 'order': 3, 'rows': 8}
2025-11-12 11:27:05,302 INFO [cli] {'ticker': 'DIA', 'mode': 'binary', 'thr': 10, 'window': '1Y', 'order': 4, 'rows': 16}
2025-11-12 11:27:05,311 INFO [cli] {'ticker': 'DIA', 'mode': 'binary', 'thr': 10, 'window': '2Y', 'order': 1, 'rows': 2}
2025-11-12 11:27:05,320 INFO [cli] {'ticker': 'DIA', 'mode': 'binary', 'thr': 10, 'window': '2Y', 'order': 2, 'rows': 4}
2025-11-12 11:27:05,330 INFO [cli] {'ticker': 'DIA', 'mode': 'binary', 'thr': 10, 'window': '2Y', 'order': 3, 'rows': 8}
2025-11-12 11:27:05,340 INFO [cli] {'ticker': 'DIA', 'mode': 'binary', 'thr': 10, 'window': '2Y', 'order': 4, 'rows': 16}
2025-11-12 11:27:05,350 INFO [cli] {'ticker': 'DIA', 'mode': 'binary', 'thr': 10, 'window': '5Y', 'order': 1, 'rows': 2}
2025-11-12 11:27:05,360 INFO [cli] {'ticker': 'DIA', 'mode': 'binary', 'thr': 10, 'window': '5Y', 'order': 2, 'rows': 4}
2025-11-12 11:27:05,369 INFO [cli] {'ticker': 'DIA', 'mode': 'binary', 'thr': 10, 'window': '5Y', 'order': 3, 'rows': 8}
2025-11-12 11:27:05,379 INFO [cli] {'ticker': 'DIA', 'mode': 'binary', 'thr': 10, 'window': '5Y', 'order': 4, 'rows': 16}
2025-11-12 11:27:05,390 INFO [cli] {'ticker': 'DIA', 'mode': 'binary', 'thr': 10, 'window': '10Y', 'order': 1, 'rows': 2}
2025-11-12 11:27:05,399 INFO [cli] {'ticker': 'DIA', 'mode': 'binary', 'thr': 10, 'window': '10Y', 'order': 2, 'rows': 4}
2025-11-12 11:27:05,411 INFO [cli] {'ticker': 'DIA', 'mode': 'binary', 'thr': 10, 'window': '10Y', 'order': 3, 'rows': 8}
2025-11-12 11:27:05,422 INFO [cli] {'ticker': 'DIA', 'mode': 'binary', 'thr': 10, 'window': '10Y', 'order': 4, 'rows': 16}
2025-11-12 11:27:05,433 INFO [cli] {'ticker': 'DIA', 'mode': 'binary', 'thr': 10, 'window': '20Y', 'order': 1, 'rows': 2}
2025-11-12 11:27:05,442 INFO [cli] {'ticker': 'DIA', 'mode': 'binary', 'thr': 10, 'window': '20Y', 'order': 2, 'rows': 4}
2025-11-12 11:27:05,454 INFO [cli] {'ticker': 'DIA', 'mode': 'binary', 'thr': 10, 'window': '20Y', 'order': 3, 'rows': 8}
2025-11-12 11:27:05,464 INFO [cli] {'ticker': 'DIA', 'mode': 'binary', 'thr': 10, 'window': '20Y', 'order': 4, 'rows': 16}
2025-11-12 11:27:05,475 INFO [cli] {'ticker': 'DIA', 'mode': 'binary', 'thr': 10, 'window': 'MAX', 'order': 1, 'rows': 2}
2025-11-12 11:27:05,486 INFO [cli] {'ticker': 'DIA', 'mode': 'binary', 'thr': 10, 'window': 'MAX', 'order': 2, 'rows': 4}
2025-11-12 11:27:05,497 INFO [cli] {'ticker': 'DIA', 'mode': 'binary', 'thr': 10, 'window': 'MAX', 'order': 3, 'rows': 8}
2025-11-12 11:27:05,506 INFO [cli] {'ticker': 'DIA', 'mode': 'binary', 'thr': 10, 'window': 'MAX', 'order': 4, 'rows': 16}
2025-11-12 11:27:05,523 INFO [cli] {'ticker': 'DIA', 'mode': 'binary', 'thr': 15, 'window': '1Y', 'order': 1, 'rows': 2}
2025-11-12 11:27:05,535 INFO [cli] {'ticker': 'DIA', 'mode': 'binary', 'thr': 15, 'window': '1Y', 'order': 2, 'rows': 4}
2025-11-12 11:27:05,543 INFO [cli] {'ticker': 'DIA', 'mode': 'binary', 'thr': 15, 'window': '1Y', 'order': 3, 'rows': 8}
2025-11-12 11:27:05,553 INFO [cli] {'ticker': 'DIA', 'mode': 'binary', 'thr': 15, 'window': '1Y', 'order': 4, 'rows': 16}
2025-11-12 11:27:05,563 INFO [cli] {'ticker': 'DIA', 'mode': 'binary', 'thr': 15, 'window': '2Y', 'order': 1, 'rows': 2}
2025-11-12 11:27:05,572 INFO [cli] {'ticker': 'DIA', 'mode': 'binary', 'thr': 15, 'window': '2Y', 'order': 2, 'rows': 4}
2025-11-12 11:27:05,580 INFO [cli] {'ticker': 'DIA', 'mode': 'binary', 'thr': 15, 'window': '2Y', 'order': 3, 'rows': 8}
2025-11-12 11:27:05,591 INFO [cli] {'ticker': 'DIA', 'mode': 'binary', 'thr': 15, 'window': '2Y', 'order': 4, 'rows': 16}
2025-11-12 11:27:05,601 INFO [cli] {'ticker': 'DIA', 'mode': 'binary', 'thr': 15, 'window': '5Y', 'order': 1, 'rows': 2}
2025-11-12 11:27:05,610 INFO [cli] {'ticker': 'DIA', 'mode': 'binary', 'thr': 15, 'window': '5Y', 'order': 2, 'rows': 4}
2025-11-12 11:27:05,619 INFO [cli] {'ticker': 'DIA', 'mode': 'binary', 'thr': 15, 'window': '5Y', 'order': 3, 'rows': 8}
2025-11-12 11:27:05,629 INFO [cli] {'ticker': 'DIA', 'mode': 'binary', 'thr': 15, 'window': '5Y', 'order': 4, 'rows': 16}
2025-11-12 11:27:05,637 INFO [cli] {'ticker': 'DIA', 'mode': 'binary', 'thr': 15, 'window': '10Y', 'order': 1, 'rows': 2}
2025-11-12 11:27:05,647 INFO [cli] {'ticker': 'DIA', 'mode': 'binary', 'thr': 15, 'window': '10Y', 'order': 2, 'rows': 4}
2025-11-12 11:27:05,656 INFO [cli] {'ticker': 'DIA', 'mode': 'binary', 'thr': 15, 'window': '10Y', 'order': 3, 'rows': 8}
2025-11-12 11:27:05,666 INFO [cli] {'ticker': 'DIA', 'mode': 'binary', 'thr': 15, 'window': '10Y', 'order': 4, 'rows': 16}
2025-11-12 11:27:05,676 INFO [cli] {'ticker': 'DIA', 'mode': 'binary', 'thr': 15, 'window': '20Y', 'order': 1, 'rows': 2}
2025-11-12 11:27:05,687 INFO [cli] {'ticker': 'DIA', 'mode': 'binary', 'thr': 15, 'window': '20Y', 'order': 2, 'rows': 4}
2025-11-12 11:27:05,696 INFO [cli] {'ticker': 'DIA', 'mode': 'binary', 'thr': 15, 'window': '20Y', 'order': 3, 'rows': 8}
2025-11-12 11:27:05,706 INFO [cli] {'ticker': 'DIA', 'mode': 'binary', 'thr': 15, 'window': '20Y', 'order': 4, 'rows': 16}

{'ticker': 'QQQ', 'mode': 'tri', 'thr': 150, 'window': 'MAX', 'order': 2, 'rows': 9}
{'ticker': 'QQQ', 'mode': 'tri', 'thr': 150, 'window': 'MAX', 'order': 3, 'rows': 27}
{'ticker': 'QQQ', 'mode': 'tri', 'thr': 150, 'window': 'MAX', 'order': 4, 'rows': 81}
{'ticker': 'DIA', 'mode': 'binary', 'thr': 0, 'window': '1Y', 'order': 1, 'rows': 2}
{'ticker': 'DIA', 'mode': 'binary', 'thr': 0, 'window': '1Y', 'order': 2, 'rows': 4}
{'ticker': 'DIA', 'mode': 'binary', 'thr': 0, 'window': '1Y', 'order': 3, 'rows': 8}
{'ticker': 'DIA', 'mode': 'binary', 'thr': 0, 'window': '1Y', 'order': 4, 'rows': 16}
{'ticker': 'DIA', 'mode': 'binary', 'thr': 0, 'window': '2Y', 'order': 1, 'rows': 2}
{'ticker': 'DIA', 'mode': 'binary', 'thr': 0, 'window': '2Y', 'order': 2, 'rows': 4}
{'ticker': 'DIA', 'mode': 'binary', 'thr': 0, 'window': '2Y', 'order': 3, 'rows': 8}
{'ticker': 'DIA', 'mode': 'binary', 'thr': 0, 'window': '2Y', 'order': 4, 'rows': 16}
{'ticker': 'DIA', 'mode': 'binary', 'thr': 0, 'window': '5Y', 'order': 1, 'rows': 2}
{'ticker': 'DIA', 'mode': 'binary', 'thr': 0, 'window': '5Y', 'order': 2, 'rows': 4}
{'ticker': 'DIA', 'mode': 'binary', 'thr': 0, 'window': '5Y', 'order': 3, 'rows': 8}
{'ticker': 'DIA', 'mode': 'binary', 'thr': 0, 'window': '5Y', 'order': 4, 'rows': 16}
{'ticker': 'DIA', 'mode': 'binary', 'thr': 0, 'window': '10Y', 'order': 1, 'rows': 2}
{'ticker': 'DIA', 'mode': 'binary', 'thr': 0, 'window': '10Y', 'order': 2, 'rows': 4}
{'ticker': 'DIA', 'mode': 'binary', 'thr': 0, 'window': '10Y', 'order': 3, 'rows': 8}
{'ticker': 'DIA', 'mode': 'binary', 'thr': 0, 'window': '10Y', 'order': 4, 'rows': 16}
{'ticker': 'DIA', 'mode': 'binary', 'thr': 0, 'window': '20Y', 'order': 1, 'rows': 2}
{'ticker': 'DIA', 'mode': 'binary', 'thr': 0, 'window': '20Y', 'order': 2, 'rows': 4}
{'ticker': 'DIA', 'mode': 'binary', 'thr': 0, 'window': '20Y', 'order': 3, 'rows': 8}
{'ticker': 'DIA', 'mode': 'binary', 'thr': 0, 'window': '20Y', 'order': 4, 'rows': 16}
{'ticker': 'DIA', 'mode': 'binary', 'thr': 0, 'window': 'MAX', 'order': 1, 'rows': 2}
{'ticker': 'DIA', 'mode': 'binary', 'thr': 0, 'window': 'MAX', 'order': 2, 'rows': 4}
{'ticker': 'DIA', 'mode': 'binary', 'thr': 0, 'window': 'MAX', 'order': 3, 'rows': 8}
{'ticker': 'DIA', 'mode': 'binary', 'thr': 0, 'window': 'MAX', 'order': 4, 'rows': 16}
{'ticker': 'DIA', 'mode': 'binary', 'thr': 5, 'window': '1Y', 'order': 1, 'rows': 2}
{'ticker': 'DIA', 'mode': 'binary', 'thr': 5, 'window': '1Y', 'order': 2, 'rows': 4}
{'ticker': 'DIA', 'mode': 'binary', 'thr': 5, 'window': '1Y', 'order': 3, 'rows': 8}
{'ticker': 'DIA', 'mode': 'binary', 'thr': 5, 'window': '1Y', 'order': 4, 'rows': 16}
{'ticker': 'DIA', 'mode': 'binary', 'thr': 5, 'window': '2Y', 'order': 1, 'rows': 2}
{'ticker': 'DIA', 'mode': 'binary', 'thr': 5, 'window': '2Y', 'order': 2, 'rows': 4}
{'ticker': 'DIA', 'mode': 'binary', 'thr': 5, 'window': '2Y', 'order': 3, 'rows': 8}
{'ticker': 'DIA', 'mode': 'binary', 'thr': 5, 'window': '2Y', 'order': 4, 'rows': 16}
{'ticker': 'DIA', 'mode': 'binary', 'thr': 5, 'window': '5Y', 'order': 1, 'rows': 2}
{'ticker': 'DIA', 'mode': 'binary', 'thr': 5, 'window': '5Y', 'order': 2, 'rows': 4}
{'ticker': 'DIA', 'mode': 'binary', 'thr': 5, 'window': '5Y', 'order': 3, 'rows': 8}
{'ticker': 'DIA', 'mode': 'binary', 'thr': 5, 'window': '5Y', 'order': 4, 'rows': 16}
{'ticker': 'DIA', 'mode': 'binary', 'thr': 5, 'window': '10Y', 'order': 1, 'rows': 2}
{'ticker': 'DIA', 'mode': 'binary', 'thr': 5, 'window': '10Y', 'order': 2, 'rows': 4}
{'ticker': 'DIA', 'mode': 'binary', 'thr': 5, 'window': '10Y', 'order': 3, 'rows': 8}
{'ticker': 'DIA', 'mode': 'binary', 'thr': 5, 'window': '10Y', 'order': 4, 'rows': 16}
{'ticker': 'DIA', 'mode': 'binary', 'thr': 5, 'window': '20Y', 'order': 1, 'rows': 2}
{'ticker': 'DIA', 'mode': 'binary', 'thr': 5, 'window': '20Y', 'order': 2, 'rows': 4}
{'ticker': 'DIA', 'mode': 'binary', 'thr': 5, 'window': '20Y', 'order': 3, 'rows': 8}
{'ticker': 'DIA', 'mode': 'binary', 'thr': 5, 'window': '20Y', 'order': 4, 'rows': 16}
{'ticker': 'DIA', 'mode': 'binary', 'thr': 5, 'window': 'MAX', 'order': 1, 'rows': 2}
{'ticker': 'DIA', 'mode': 'binary', 'thr': 5, 'window': 'MAX', 'order': 2, 'rows': 4}
{'ticker': 'DIA', 'mode': 'binary', 'thr': 5, 'window': 'MAX', 'order': 3, 'rows': 8}
{'ticker': 'DIA', 'mode': 'binary', 'thr': 5, 'window': 'MAX', 'order': 4, 'rows': 16}
{'ticker': 'DIA', 'mode': 'binary', 'thr': 10, 'window': '1Y', 'order': 1, 'rows': 2}
{'ticker': 'DIA', 'mode': 'binary', 'thr': 10, 'window': '1Y', 'order': 2, 'rows': 4}
{'ticker': 'DIA', 'mode': 'binary', 'thr': 10, 'window': '1Y', 'order': 3, 'rows': 8}
{'ticker': 'DIA', 'mode': 'binary', 'thr': 10, 'window': '1Y', 'order': 4, 'rows': 16}
{'ticker': 'DIA', 'mode': 'binary', 'thr': 10, 'window': '2Y', 'order': 1, 'rows': 2}
{'ticker': 'DIA', 'mode': 'binary', 'thr': 10, 'window': '2Y', 'order': 2, 'rows': 4}
{'ticker': 'DIA', 'mode': 'binary', 'thr': 10, 'window': '2Y', 'order': 3, 'rows': 8}
{'ticker': 'DIA', 'mode': 'binary', 'thr': 10, 'window': '2Y', 'order': 4, 'rows': 16}
{'ticker': 'DIA', 'mode': 'binary', 'thr': 10, 'window': '5Y', 'order': 1, 'rows': 2}
{'ticker': 'DIA', 'mode': 'binary', 'thr': 10, 'window': '5Y', 'order': 2, 'rows': 4}
{'ticker': 'DIA', 'mode': 'binary', 'thr': 10, 'window': '5Y', 'order': 3, 'rows': 8}
{'ticker': 'DIA', 'mode': 'binary', 'thr': 10, 'window': '5Y', 'order': 4, 'rows': 16}
{'ticker': 'DIA', 'mode': 'binary', 'thr': 10, 'window': '10Y', 'order': 1, 'rows': 2}
{'ticker': 'DIA', 'mode': 'binary', 'thr': 10, 'window': '10Y', 'order': 2, 'rows': 4}
{'ticker': 'DIA', 'mode': 'binary', 'thr': 10, 'window': '10Y', 'order': 3, 'rows': 8}
{'ticker': 'DIA', 'mode': 'binary', 'thr': 10, 'window': '10Y', 'order': 4, 'rows': 16}
{'ticker': 'DIA', 'mode': 'binary', 'thr': 10, 'window': '20Y', 'order': 1, 'rows': 2}
{'ticker': 'DIA', 'mode': 'binary', 'thr': 10, 'window': '20Y', 'order': 2, 'rows': 4}
{'ticker': 'DIA', 'mode': 'binary', 'thr': 10, 'window': '20Y', 'order': 3, 'rows': 8}
{'ticker': 'DIA', 'mode': 'binary', 'thr': 10, 'window': '20Y', 'order': 4, 'rows': 16}
{'ticker': 'DIA', 'mode': 'binary', 'thr': 10, 'window': 'MAX', 'order': 1, 'rows': 2}
{'ticker': 'DIA', 'mode': 'binary', 'thr': 10, 'window': 'MAX', 'order': 2, 'rows': 4}
{'ticker': 'DIA', 'mode': 'binary', 'thr': 10, 'window': 'MAX', 'order': 3, 'rows': 8}
{'ticker': 'DIA', 'mode': 'binary', 'thr': 10, 'window': 'MAX', 'order': 4, 'rows': 16}
{'ticker': 'DIA', 'mode': 'binary', 'thr': 15, 'window': '1Y', 'order': 1, 'rows': 2}
{'ticker': 'DIA', 'mode': 'binary', 'thr': 15, 'window': '1Y', 'order': 2, 'rows': 4}
{'ticker': 'DIA', 'mode': 'binary', 'thr': 15, 'window': '1Y', 'order': 3, 'rows': 8}
{'ticker': 'DIA', 'mode': 'binary', 'thr': 15, 'window': '1Y', 'order': 4, 'rows': 16}
{'ticker': 'DIA', 'mode': 'binary', 'thr': 15, 'window': '2Y', 'order': 1, 'rows': 2}
{'ticker': 'DIA', 'mode': 'binary', 'thr': 15, 'window': '2Y', 'order': 2, 'rows': 4}
{'ticker': 'DIA', 'mode': 'binary', 'thr': 15, 'window': '2Y', 'order': 3, 'rows': 8}
{'ticker': 'DIA', 'mode': 'binary', 'thr': 15, 'window': '2Y', 'order': 4, 'rows': 16}
{'ticker': 'DIA', 'mode': 'binary', 'thr': 15, 'window': '5Y', 'order': 1, 'rows': 2}
{'ticker': 'DIA', 'mode': 'binary', 'thr': 15, 'window': '5Y', 'order': 2, 'rows': 4}
{'ticker': 'DIA', 'mode': 'binary', 'thr': 15, 'window': '5Y', 'order': 3, 'rows': 8}
{'ticker': 'DIA', 'mode': 'binary', 'thr': 15, 'window': '5Y', 'order': 4, 'rows': 16}
{'ticker': 'DIA', 'mode': 'binary', 'thr': 15, 'window': '10Y', 'order': 1, 'rows': 2}
{'ticker': 'DIA', 'mode': 'binary', 'thr': 15, 'window': '10Y', 'order': 2, 'rows': 4}
{'ticker': 'DIA', 'mode': 'binary', 'thr': 15, 'window': '10Y', 'order': 3, 'rows': 8}
{'ticker': 'DIA', 'mode': 'binary', 'thr': 15, 'window': '10Y', 'order': 4, 'rows': 16}
{'ticker': 'DIA', 'mode': 'binary', 'thr': 15, 'window': '20Y', 'order': 1, 'rows': 2}
{'ticker': 'DIA', 'mode': 'binary', 'thr': 15, 'window': '20Y', 'order': 2, 'rows': 4}
{'ticker': 'DIA', 'mode': 'binary', 'thr': 15, 'window': '20Y', 'order': 3, 'rows': 8}
{'ticker': 'DIA', 'mode': 'binary', 'thr': 15, 'window': '20Y', 'order': 4, 'rows': 16}
{'ticker': 'DIA', 'mode': 'binary', 'thr': 15, 'window': 'MAX', 'order': 1, 'rows': 2}2025-11-12 11:27:05,715 INFO [cli] {'ticker': 'DIA', 'mode': 'binary', 'thr': 15, 'window': 'MAX', 'order': 1, 'rows': 2}
2025-11-12 11:27:05,724 INFO [cli] {'ticker': 'DIA', 'mode': 'binary', 'thr': 15, 'window': 'MAX', 'order': 2, 'rows': 4}
2025-11-12 11:27:05,733 INFO [cli] {'ticker': 'DIA', 'mode': 'binary', 'thr': 15, 'window': 'MAX', 'order': 3, 'rows': 8}
2025-11-12 11:27:05,742 INFO [cli] {'ticker': 'DIA', 'mode': 'binary', 'thr': 15, 'window': 'MAX', 'order': 4, 'rows': 16}
2025-11-12 11:27:05,759 INFO [cli] {'ticker': 'DIA', 'mode': 'binary', 'thr': 20, 'window': '1Y', 'order': 1, 'rows': 2}
2025-11-12 11:27:05,769 INFO [cli] {'ticker': 'DIA', 'mode': 'binary', 'thr': 20, 'window': '1Y', 'order': 2, 'rows': 4}
2025-11-12 11:27:05,778 INFO [cli] {'ticker': 'DIA', 'mode': 'binary', 'thr': 20, 'window': '1Y', 'order': 3, 'rows': 8}
2025-11-12 11:27:05,788 INFO [cli] {'ticker': 'DIA', 'mode': 'binary', 'thr': 20, 'window': '1Y', 'order': 4, 'rows': 16}
2025-11-12 11:27:05,796 INFO [cli] {'ticker': 'DIA', 'mode': 'binary', 'thr': 20, 'window': '2Y', 'order': 1, 'rows': 2}
2025-11-12 11:27:05,805 INFO [cli] {'ticker': 'DIA', 'mode': 'binary', 'thr': 20, 'window': '2Y', 'order': 2, 'rows': 4}
2025-11-12 11:27:05,814 INFO [cli] {'ticker': 'DIA', 'mode': 'binary', 'thr': 20, 'window': '2Y', 'order': 3, 'rows': 8}
2025-11-12 11:27:05,821 INFO [cli] {'ticker': 'DIA', 'mode': 'binary', 'thr': 20, 'window': '2Y', 'order': 4, 'rows': 16}
2025-11-12 11:27:05,830 INFO [cli] {'ticker': 'DIA', 'mode': 'binary', 'thr': 20, 'window': '5Y', 'order': 1, 'rows': 2}
2025-11-12 11:27:05,839 INFO [cli] {'ticker': 'DIA', 'mode': 'binary', 'thr': 20, 'window': '5Y', 'order': 2, 'rows': 4}
2025-11-12 11:27:05,847 INFO [cli] {'ticker': 'DIA', 'mode': 'binary', 'thr': 20, 'window': '5Y', 'order': 3, 'rows': 8}
2025-11-12 11:27:05,855 INFO [cli] {'ticker': 'DIA', 'mode': 'binary', 'thr': 20, 'window': '5Y', 'order': 4, 'rows': 16}
2025-11-12 11:27:05,867 INFO [cli] {'ticker': 'DIA', 'mode': 'binary', 'thr': 20, 'window': '10Y', 'order': 1, 'rows': 2}
2025-11-12 11:27:05,884 INFO [cli] {'ticker': 'DIA', 'mode': 'binary', 'thr': 20, 'window': '10Y', 'order': 2, 'rows': 4}
2025-11-12 11:27:05,895 INFO [cli] {'ticker': 'DIA', 'mode': 'binary', 'thr': 20, 'window': '10Y', 'order': 3, 'rows': 8}
2025-11-12 11:27:05,904 INFO [cli] {'ticker': 'DIA', 'mode': 'binary', 'thr': 20, 'window': '10Y', 'order': 4, 'rows': 16}
2025-11-12 11:27:05,913 INFO [cli] {'ticker': 'DIA', 'mode': 'binary', 'thr': 20, 'window': '20Y', 'order': 1, 'rows': 2}
2025-11-12 11:27:05,923 INFO [cli] {'ticker': 'DIA', 'mode': 'binary', 'thr': 20, 'window': '20Y', 'order': 2, 'rows': 4}
2025-11-12 11:27:05,931 INFO [cli] {'ticker': 'DIA', 'mode': 'binary', 'thr': 20, 'window': '20Y', 'order': 3, 'rows': 8}
2025-11-12 11:27:05,939 INFO [cli] {'ticker': 'DIA', 'mode': 'binary', 'thr': 20, 'window': '20Y', 'order': 4, 'rows': 16}
2025-11-12 11:27:05,948 INFO [cli] {'ticker': 'DIA', 'mode': 'binary', 'thr': 20, 'window': 'MAX', 'order': 1, 'rows': 2}
2025-11-12 11:27:05,958 INFO [cli] {'ticker': 'DIA', 'mode': 'binary', 'thr': 20, 'window': 'MAX', 'order': 2, 'rows': 4}
2025-11-12 11:27:05,966 INFO [cli] {'ticker': 'DIA', 'mode': 'binary', 'thr': 20, 'window': 'MAX', 'order': 3, 'rows': 8}
2025-11-12 11:27:05,976 INFO [cli] {'ticker': 'DIA', 'mode': 'binary', 'thr': 20, 'window': 'MAX', 'order': 4, 'rows': 16}
2025-11-12 11:27:05,993 INFO [cli] {'ticker': 'DIA', 'mode': 'binary', 'thr': 25, 'window': '1Y', 'order': 1, 'rows': 2}
2025-11-12 11:27:06,003 INFO [cli] {'ticker': 'DIA', 'mode': 'binary', 'thr': 25, 'window': '1Y', 'order': 2, 'rows': 4}
2025-11-12 11:27:06,011 INFO [cli] {'ticker': 'DIA', 'mode': 'binary', 'thr': 25, 'window': '1Y', 'order': 3, 'rows': 8}
2025-11-12 11:27:06,019 INFO [cli] {'ticker': 'DIA', 'mode': 'binary', 'thr': 25, 'window': '1Y', 'order': 4, 'rows': 16}
2025-11-12 11:27:06,029 INFO [cli] {'ticker': 'DIA', 'mode': 'binary', 'thr': 25, 'window': '2Y', 'order': 1, 'rows': 2}
2025-11-12 11:27:06,039 INFO [cli] {'ticker': 'DIA', 'mode': 'binary', 'thr': 25, 'window': '2Y', 'order': 2, 'rows': 4}
2025-11-12 11:27:06,047 INFO [cli] {'ticker': 'DIA', 'mode': 'binary', 'thr': 25, 'window': '2Y', 'order': 3, 'rows': 8}
2025-11-12 11:27:06,056 INFO [cli] {'ticker': 'DIA', 'mode': 'binary', 'thr': 25, 'window': '2Y', 'order': 4, 'rows': 16}
2025-11-12 11:27:06,065 INFO [cli] {'ticker': 'DIA', 'mode': 'binary', 'thr': 25, 'window': '5Y', 'order': 1, 'rows': 2}
2025-11-12 11:27:06,074 INFO [cli] {'ticker': 'DIA', 'mode': 'binary', 'thr': 25, 'window': '5Y', 'order': 2, 'rows': 4}
2025-11-12 11:27:06,083 INFO [cli] {'ticker': 'DIA', 'mode': 'binary', 'thr': 25, 'window': '5Y', 'order': 3, 'rows': 8}
2025-11-12 11:27:06,092 INFO [cli] {'ticker': 'DIA', 'mode': 'binary', 'thr': 25, 'window': '5Y', 'order': 4, 'rows': 16}
2025-11-12 11:27:06,102 INFO [cli] {'ticker': 'DIA', 'mode': 'binary', 'thr': 25, 'window': '10Y', 'order': 1, 'rows': 2}
2025-11-12 11:27:06,112 INFO [cli] {'ticker': 'DIA', 'mode': 'binary', 'thr': 25, 'window': '10Y', 'order': 2, 'rows': 4}
2025-11-12 11:27:06,122 INFO [cli] {'ticker': 'DIA', 'mode': 'binary', 'thr': 25, 'window': '10Y', 'order': 3, 'rows': 8}
2025-11-12 11:27:06,131 INFO [cli] {'ticker': 'DIA', 'mode': 'binary', 'thr': 25, 'window': '10Y', 'order': 4, 'rows': 16}
2025-11-12 11:27:06,142 INFO [cli] {'ticker': 'DIA', 'mode': 'binary', 'thr': 25, 'window': '20Y', 'order': 1, 'rows': 2}
2025-11-12 11:27:06,151 INFO [cli] {'ticker': 'DIA', 'mode': 'binary', 'thr': 25, 'window': '20Y', 'order': 2, 'rows': 4}
2025-11-12 11:27:06,159 INFO [cli] {'ticker': 'DIA', 'mode': 'binary', 'thr': 25, 'window': '20Y', 'order': 3, 'rows': 8}
2025-11-12 11:27:06,168 INFO [cli] {'ticker': 'DIA', 'mode': 'binary', 'thr': 25, 'window': '20Y', 'order': 4, 'rows': 16}
2025-11-12 11:27:06,179 INFO [cli] {'ticker': 'DIA', 'mode': 'binary', 'thr': 25, 'window': 'MAX', 'order': 1, 'rows': 2}
2025-11-12 11:27:06,189 INFO [cli] {'ticker': 'DIA', 'mode': 'binary', 'thr': 25, 'window': 'MAX', 'order': 2, 'rows': 4}
2025-11-12 11:27:06,198 INFO [cli] {'ticker': 'DIA', 'mode': 'binary', 'thr': 25, 'window': 'MAX', 'order': 3, 'rows': 8}
2025-11-12 11:27:06,211 INFO [cli] {'ticker': 'DIA', 'mode': 'binary', 'thr': 25, 'window': 'MAX', 'order': 4, 'rows': 16}
2025-11-12 11:27:06,227 INFO [cli] {'ticker': 'DIA', 'mode': 'binary', 'thr': 30, 'window': '1Y', 'order': 1, 'rows': 2}
2025-11-12 11:27:06,237 INFO [cli] {'ticker': 'DIA', 'mode': 'binary', 'thr': 30, 'window': '1Y', 'order': 2, 'rows': 4}
2025-11-12 11:27:06,246 INFO [cli] {'ticker': 'DIA', 'mode': 'binary', 'thr': 30, 'window': '1Y', 'order': 3, 'rows': 8}
2025-11-12 11:27:06,255 INFO [cli] {'ticker': 'DIA', 'mode': 'binary', 'thr': 30, 'window': '1Y', 'order': 4, 'rows': 16}
2025-11-12 11:27:06,265 INFO [cli] {'ticker': 'DIA', 'mode': 'binary', 'thr': 30, 'window': '2Y', 'order': 1, 'rows': 2}
2025-11-12 11:27:06,278 INFO [cli] {'ticker': 'DIA', 'mode': 'binary', 'thr': 30, 'window': '2Y', 'order': 2, 'rows': 4}
2025-11-12 11:27:06,286 INFO [cli] {'ticker': 'DIA', 'mode': 'binary', 'thr': 30, 'window': '2Y', 'order': 3, 'rows': 8}
2025-11-12 11:27:06,297 INFO [cli] {'ticker': 'DIA', 'mode': 'binary', 'thr': 30, 'window': '2Y', 'order': 4, 'rows': 16}
2025-11-12 11:27:06,308 INFO [cli] {'ticker': 'DIA', 'mode': 'binary', 'thr': 30, 'window': '5Y', 'order': 1, 'rows': 2}
2025-11-12 11:27:06,320 INFO [cli] {'ticker': 'DIA', 'mode': 'binary', 'thr': 30, 'window': '5Y', 'order': 2, 'rows': 4}
2025-11-12 11:27:06,331 INFO [cli] {'ticker': 'DIA', 'mode': 'binary', 'thr': 30, 'window': '5Y', 'order': 3, 'rows': 8}
2025-11-12 11:27:06,339 INFO [cli] {'ticker': 'DIA', 'mode': 'binary', 'thr': 30, 'window': '5Y', 'order': 4, 'rows': 16}
2025-11-12 11:27:06,350 INFO [cli] {'ticker': 'DIA', 'mode': 'binary', 'thr': 30, 'window': '10Y', 'order': 1, 'rows': 2}
2025-11-12 11:27:06,361 INFO [cli] {'ticker': 'DIA', 'mode': 'binary', 'thr': 30, 'window': '10Y', 'order': 2, 'rows': 4}
2025-11-12 11:27:06,371 INFO [cli] {'ticker': 'DIA', 'mode': 'binary', 'thr': 30, 'window': '10Y', 'order': 3, 'rows': 8}
2025-11-12 11:27:06,379 INFO [cli] {'ticker': 'DIA', 'mode': 'binary', 'thr': 30, 'window': '10Y', 'order': 4, 'rows': 16}
2025-11-12 11:27:06,389 INFO [cli] {'ticker': 'DIA', 'mode': 'binary', 'thr': 30, 'window': '20Y', 'order': 1, 'rows': 2}
2025-11-12 11:27:06,398 INFO [cli] {'ticker': 'DIA', 'mode': 'binary', 'thr': 30, 'window': '20Y', 'order': 2, 'rows': 4}
2025-11-12 11:27:06,407 INFO [cli] {'ticker': 'DIA', 'mode': 'binary', 'thr': 30, 'window': '20Y', 'order': 3, 'rows': 8}
2025-11-12 11:27:06,417 INFO [cli] {'ticker': 'DIA', 'mode': 'binary', 'thr': 30, 'window': '20Y', 'order': 4, 'rows': 16}
2025-11-12 11:27:06,427 INFO [cli] {'ticker': 'DIA', 'mode': 'binary', 'thr': 30, 'window': 'MAX', 'order': 1, 'rows': 2}
2025-11-12 11:27:06,435 INFO [cli] {'ticker': 'DIA', 'mode': 'binary', 'thr': 30, 'window': 'MAX', 'order': 2, 'rows': 4}
2025-11-12 11:27:06,443 INFO [cli] {'ticker': 'DIA', 'mode': 'binary', 'thr': 30, 'window': 'MAX', 'order': 3, 'rows': 8}
2025-11-12 11:27:06,452 INFO [cli] {'ticker': 'DIA', 'mode': 'binary', 'thr': 30, 'window': 'MAX', 'order': 4, 'rows': 16}
2025-11-12 11:27:06,468 INFO [cli] {'ticker': 'DIA', 'mode': 'binary', 'thr': 35, 'window': '1Y', 'order': 1, 'rows': 2}
2025-11-12 11:27:06,476 INFO [cli] {'ticker': 'DIA', 'mode': 'binary', 'thr': 35, 'window': '1Y', 'order': 2, 'rows': 4}
2025-11-12 11:27:06,485 INFO [cli] {'ticker': 'DIA', 'mode': 'binary', 'thr': 35, 'window': '1Y', 'order': 3, 'rows': 8}
2025-11-12 11:27:06,494 INFO [cli] {'ticker': 'DIA', 'mode': 'binary', 'thr': 35, 'window': '1Y', 'order': 4, 'rows': 16}
2025-11-12 11:27:06,503 INFO [cli] {'ticker': 'DIA', 'mode': 'binary', 'thr': 35, 'window': '2Y', 'order': 1, 'rows': 2}
2025-11-12 11:27:06,511 INFO [cli] {'ticker': 'DIA', 'mode': 'binary', 'thr': 35, 'window': '2Y', 'order': 2, 'rows': 4}
2025-11-12 11:27:06,519 INFO [cli] {'ticker': 'DIA', 'mode': 'binary', 'thr': 35, 'window': '2Y', 'order': 3, 'rows': 8}
2025-11-12 11:27:06,529 INFO [cli] {'ticker': 'DIA', 'mode': 'binary', 'thr': 35, 'window': '2Y', 'order': 4, 'rows': 16}
2025-11-12 11:27:06,538 INFO [cli] {'ticker': 'DIA', 'mode': 'binary', 'thr': 35, 'window': '5Y', 'order': 1, 'rows': 2}
2025-11-12 11:27:06,547 INFO [cli] {'ticker': 'DIA', 'mode': 'binary', 'thr': 35, 'window': '5Y', 'order': 2, 'rows': 4}
2025-11-12 11:27:06,557 INFO [cli] {'ticker': 'DIA', 'mode': 'binary', 'thr': 35, 'window': '5Y', 'order': 3, 'rows': 8}
2025-11-12 11:27:06,566 INFO [cli] {'ticker': 'DIA', 'mode': 'binary', 'thr': 35, 'window': '5Y', 'order': 4, 'rows': 16}
2025-11-12 11:27:06,577 INFO [cli] {'ticker': 'DIA', 'mode': 'binary', 'thr': 35, 'window': '10Y', 'order': 1, 'rows': 2}
2025-11-12 11:27:06,585 INFO [cli] {'ticker': 'DIA', 'mode': 'binary', 'thr': 35, 'window': '10Y', 'order': 2, 'rows': 4}
2025-11-12 11:27:06,594 INFO [cli] {'ticker': 'DIA', 'mode': 'binary', 'thr': 35, 'window': '10Y', 'order': 3, 'rows': 8}
2025-11-12 11:27:06,603 INFO [cli] {'ticker': 'DIA', 'mode': 'binary', 'thr': 35, 'window': '10Y', 'order': 4, 'rows': 16}
2025-11-12 11:27:06,611 INFO [cli] {'ticker': 'DIA', 'mode': 'binary', 'thr': 35, 'window': '20Y', 'order': 1, 'rows': 2}
2025-11-12 11:27:06,621 INFO [cli] {'ticker': 'DIA', 'mode': 'binary', 'thr': 35, 'window': '20Y', 'order': 2, 'rows': 4}
2025-11-12 11:27:06,631 INFO [cli] {'ticker': 'DIA', 'mode': 'binary', 'thr': 35, 'window': '20Y', 'order': 3, 'rows': 8}

{'ticker': 'DIA', 'mode': 'binary', 'thr': 15, 'window': 'MAX', 'order': 2, 'rows': 4}
{'ticker': 'DIA', 'mode': 'binary', 'thr': 15, 'window': 'MAX', 'order': 3, 'rows': 8}
{'ticker': 'DIA', 'mode': 'binary', 'thr': 15, 'window': 'MAX', 'order': 4, 'rows': 16}
{'ticker': 'DIA', 'mode': 'binary', 'thr': 20, 'window': '1Y', 'order': 1, 'rows': 2}
{'ticker': 'DIA', 'mode': 'binary', 'thr': 20, 'window': '1Y', 'order': 2, 'rows': 4}
{'ticker': 'DIA', 'mode': 'binary', 'thr': 20, 'window': '1Y', 'order': 3, 'rows': 8}
{'ticker': 'DIA', 'mode': 'binary', 'thr': 20, 'window': '1Y', 'order': 4, 'rows': 16}
{'ticker': 'DIA', 'mode': 'binary', 'thr': 20, 'window': '2Y', 'order': 1, 'rows': 2}
{'ticker': 'DIA', 'mode': 'binary', 'thr': 20, 'window': '2Y', 'order': 2, 'rows': 4}
{'ticker': 'DIA', 'mode': 'binary', 'thr': 20, 'window': '2Y', 'order': 3, 'rows': 8}
{'ticker': 'DIA', 'mode': 'binary', 'thr': 20, 'window': '2Y', 'order': 4, 'rows': 16}
{'ticker': 'DIA', 'mode': 'binary', 'thr': 20, 'window': '5Y', 'order': 1, 'rows': 2}
{'ticker': 'DIA', 'mode': 'binary', 'thr': 20, 'window': '5Y', 'order': 2, 'rows': 4}
{'ticker': 'DIA', 'mode': 'binary', 'thr': 20, 'window': '5Y', 'order': 3, 'rows': 8}
{'ticker': 'DIA', 'mode': 'binary', 'thr': 20, 'window': '5Y', 'order': 4, 'rows': 16}
{'ticker': 'DIA', 'mode': 'binary', 'thr': 20, 'window': '10Y', 'order': 1, 'rows': 2}
{'ticker': 'DIA', 'mode': 'binary', 'thr': 20, 'window': '10Y', 'order': 2, 'rows': 4}
{'ticker': 'DIA', 'mode': 'binary', 'thr': 20, 'window': '10Y', 'order': 3, 'rows': 8}
{'ticker': 'DIA', 'mode': 'binary', 'thr': 20, 'window': '10Y', 'order': 4, 'rows': 16}
{'ticker': 'DIA', 'mode': 'binary', 'thr': 20, 'window': '20Y', 'order': 1, 'rows': 2}
{'ticker': 'DIA', 'mode': 'binary', 'thr': 20, 'window': '20Y', 'order': 2, 'rows': 4}
{'ticker': 'DIA', 'mode': 'binary', 'thr': 20, 'window': '20Y', 'order': 3, 'rows': 8}
{'ticker': 'DIA', 'mode': 'binary', 'thr': 20, 'window': '20Y', 'order': 4, 'rows': 16}
{'ticker': 'DIA', 'mode': 'binary', 'thr': 20, 'window': 'MAX', 'order': 1, 'rows': 2}
{'ticker': 'DIA', 'mode': 'binary', 'thr': 20, 'window': 'MAX', 'order': 2, 'rows': 4}
{'ticker': 'DIA', 'mode': 'binary', 'thr': 20, 'window': 'MAX', 'order': 3, 'rows': 8}
{'ticker': 'DIA', 'mode': 'binary', 'thr': 20, 'window': 'MAX', 'order': 4, 'rows': 16}
{'ticker': 'DIA', 'mode': 'binary', 'thr': 25, 'window': '1Y', 'order': 1, 'rows': 2}
{'ticker': 'DIA', 'mode': 'binary', 'thr': 25, 'window': '1Y', 'order': 2, 'rows': 4}
{'ticker': 'DIA', 'mode': 'binary', 'thr': 25, 'window': '1Y', 'order': 3, 'rows': 8}
{'ticker': 'DIA', 'mode': 'binary', 'thr': 25, 'window': '1Y', 'order': 4, 'rows': 16}
{'ticker': 'DIA', 'mode': 'binary', 'thr': 25, 'window': '2Y', 'order': 1, 'rows': 2}
{'ticker': 'DIA', 'mode': 'binary', 'thr': 25, 'window': '2Y', 'order': 2, 'rows': 4}
{'ticker': 'DIA', 'mode': 'binary', 'thr': 25, 'window': '2Y', 'order': 3, 'rows': 8}
{'ticker': 'DIA', 'mode': 'binary', 'thr': 25, 'window': '2Y', 'order': 4, 'rows': 16}
{'ticker': 'DIA', 'mode': 'binary', 'thr': 25, 'window': '5Y', 'order': 1, 'rows': 2}
{'ticker': 'DIA', 'mode': 'binary', 'thr': 25, 'window': '5Y', 'order': 2, 'rows': 4}
{'ticker': 'DIA', 'mode': 'binary', 'thr': 25, 'window': '5Y', 'order': 3, 'rows': 8}
{'ticker': 'DIA', 'mode': 'binary', 'thr': 25, 'window': '5Y', 'order': 4, 'rows': 16}
{'ticker': 'DIA', 'mode': 'binary', 'thr': 25, 'window': '10Y', 'order': 1, 'rows': 2}
{'ticker': 'DIA', 'mode': 'binary', 'thr': 25, 'window': '10Y', 'order': 2, 'rows': 4}
{'ticker': 'DIA', 'mode': 'binary', 'thr': 25, 'window': '10Y', 'order': 3, 'rows': 8}
{'ticker': 'DIA', 'mode': 'binary', 'thr': 25, 'window': '10Y', 'order': 4, 'rows': 16}
{'ticker': 'DIA', 'mode': 'binary', 'thr': 25, 'window': '20Y', 'order': 1, 'rows': 2}
{'ticker': 'DIA', 'mode': 'binary', 'thr': 25, 'window': '20Y', 'order': 2, 'rows': 4}
{'ticker': 'DIA', 'mode': 'binary', 'thr': 25, 'window': '20Y', 'order': 3, 'rows': 8}
{'ticker': 'DIA', 'mode': 'binary', 'thr': 25, 'window': '20Y', 'order': 4, 'rows': 16}
{'ticker': 'DIA', 'mode': 'binary', 'thr': 25, 'window': 'MAX', 'order': 1, 'rows': 2}
{'ticker': 'DIA', 'mode': 'binary', 'thr': 25, 'window': 'MAX', 'order': 2, 'rows': 4}
{'ticker': 'DIA', 'mode': 'binary', 'thr': 25, 'window': 'MAX', 'order': 3, 'rows': 8}
{'ticker': 'DIA', 'mode': 'binary', 'thr': 25, 'window': 'MAX', 'order': 4, 'rows': 16}
{'ticker': 'DIA', 'mode': 'binary', 'thr': 30, 'window': '1Y', 'order': 1, 'rows': 2}
{'ticker': 'DIA', 'mode': 'binary', 'thr': 30, 'window': '1Y', 'order': 2, 'rows': 4}
{'ticker': 'DIA', 'mode': 'binary', 'thr': 30, 'window': '1Y', 'order': 3, 'rows': 8}
{'ticker': 'DIA', 'mode': 'binary', 'thr': 30, 'window': '1Y', 'order': 4, 'rows': 16}
{'ticker': 'DIA', 'mode': 'binary', 'thr': 30, 'window': '2Y', 'order': 1, 'rows': 2}
{'ticker': 'DIA', 'mode': 'binary', 'thr': 30, 'window': '2Y', 'order': 2, 'rows': 4}
{'ticker': 'DIA', 'mode': 'binary', 'thr': 30, 'window': '2Y', 'order': 3, 'rows': 8}
{'ticker': 'DIA', 'mode': 'binary', 'thr': 30, 'window': '2Y', 'order': 4, 'rows': 16}
{'ticker': 'DIA', 'mode': 'binary', 'thr': 30, 'window': '5Y', 'order': 1, 'rows': 2}
{'ticker': 'DIA', 'mode': 'binary', 'thr': 30, 'window': '5Y', 'order': 2, 'rows': 4}
{'ticker': 'DIA', 'mode': 'binary', 'thr': 30, 'window': '5Y', 'order': 3, 'rows': 8}
{'ticker': 'DIA', 'mode': 'binary', 'thr': 30, 'window': '5Y', 'order': 4, 'rows': 16}
{'ticker': 'DIA', 'mode': 'binary', 'thr': 30, 'window': '10Y', 'order': 1, 'rows': 2}
{'ticker': 'DIA', 'mode': 'binary', 'thr': 30, 'window': '10Y', 'order': 2, 'rows': 4}
{'ticker': 'DIA', 'mode': 'binary', 'thr': 30, 'window': '10Y', 'order': 3, 'rows': 8}
{'ticker': 'DIA', 'mode': 'binary', 'thr': 30, 'window': '10Y', 'order': 4, 'rows': 16}
{'ticker': 'DIA', 'mode': 'binary', 'thr': 30, 'window': '20Y', 'order': 1, 'rows': 2}
{'ticker': 'DIA', 'mode': 'binary', 'thr': 30, 'window': '20Y', 'order': 2, 'rows': 4}
{'ticker': 'DIA', 'mode': 'binary', 'thr': 30, 'window': '20Y', 'order': 3, 'rows': 8}
{'ticker': 'DIA', 'mode': 'binary', 'thr': 30, 'window': '20Y', 'order': 4, 'rows': 16}
{'ticker': 'DIA', 'mode': 'binary', 'thr': 30, 'window': 'MAX', 'order': 1, 'rows': 2}
{'ticker': 'DIA', 'mode': 'binary', 'thr': 30, 'window': 'MAX', 'order': 2, 'rows': 4}
{'ticker': 'DIA', 'mode': 'binary', 'thr': 30, 'window': 'MAX', 'order': 3, 'rows': 8}
{'ticker': 'DIA', 'mode': 'binary', 'thr': 30, 'window': 'MAX', 'order': 4, 'rows': 16}
{'ticker': 'DIA', 'mode': 'binary', 'thr': 35, 'window': '1Y', 'order': 1, 'rows': 2}
{'ticker': 'DIA', 'mode': 'binary', 'thr': 35, 'window': '1Y', 'order': 2, 'rows': 4}
{'ticker': 'DIA', 'mode': 'binary', 'thr': 35, 'window': '1Y', 'order': 3, 'rows': 8}
{'ticker': 'DIA', 'mode': 'binary', 'thr': 35, 'window': '1Y', 'order': 4, 'rows': 16}
{'ticker': 'DIA', 'mode': 'binary', 'thr': 35, 'window': '2Y', 'order': 1, 'rows': 2}
{'ticker': 'DIA', 'mode': 'binary', 'thr': 35, 'window': '2Y', 'order': 2, 'rows': 4}
{'ticker': 'DIA', 'mode': 'binary', 'thr': 35, 'window': '2Y', 'order': 3, 'rows': 8}
{'ticker': 'DIA', 'mode': 'binary', 'thr': 35, 'window': '2Y', 'order': 4, 'rows': 16}
{'ticker': 'DIA', 'mode': 'binary', 'thr': 35, 'window': '5Y', 'order': 1, 'rows': 2}
{'ticker': 'DIA', 'mode': 'binary', 'thr': 35, 'window': '5Y', 'order': 2, 'rows': 4}
{'ticker': 'DIA', 'mode': 'binary', 'thr': 35, 'window': '5Y', 'order': 3, 'rows': 8}
{'ticker': 'DIA', 'mode': 'binary', 'thr': 35, 'window': '5Y', 'order': 4, 'rows': 16}
{'ticker': 'DIA', 'mode': 'binary', 'thr': 35, 'window': '10Y', 'order': 1, 'rows': 2}
{'ticker': 'DIA', 'mode': 'binary', 'thr': 35, 'window': '10Y', 'order': 2, 'rows': 4}
{'ticker': 'DIA', 'mode': 'binary', 'thr': 35, 'window': '10Y', 'order': 3, 'rows': 8}
{'ticker': 'DIA', 'mode': 'binary', 'thr': 35, 'window': '10Y', 'order': 4, 'rows': 16}
{'ticker': 'DIA', 'mode': 'binary', 'thr': 35, 'window': '20Y', 'order': 1, 'rows': 2}
{'ticker': 'DIA', 'mode': 'binary', 'thr': 35, 'window': '20Y', 'order': 2, 'rows': 4}
{'ticker': 'DIA', 'mode': 'binary', 'thr': 35, 'window': '20Y', 'order': 3, 'rows': 8}
{'ticker': 'DIA', 'mode': 'binary', 'thr': 35, 'window': '20Y', 'order': 4, 'rows': 16}2025-11-12 11:27:06,640 INFO [cli] {'ticker': 'DIA', 'mode': 'binary', 'thr': 35, 'window': '20Y', 'order': 4, 'rows': 16}
2025-11-12 11:27:06,649 INFO [cli] {'ticker': 'DIA', 'mode': 'binary', 'thr': 35, 'window': 'MAX', 'order': 1, 'rows': 2}
2025-11-12 11:27:06,659 INFO [cli] {'ticker': 'DIA', 'mode': 'binary', 'thr': 35, 'window': 'MAX', 'order': 2, 'rows': 4}
2025-11-12 11:27:06,669 INFO [cli] {'ticker': 'DIA', 'mode': 'binary', 'thr': 35, 'window': 'MAX', 'order': 3, 'rows': 8}
2025-11-12 11:27:06,678 INFO [cli] {'ticker': 'DIA', 'mode': 'binary', 'thr': 35, 'window': 'MAX', 'order': 4, 'rows': 16}
2025-11-12 11:27:06,696 INFO [cli] {'ticker': 'DIA', 'mode': 'binary', 'thr': 40, 'window': '1Y', 'order': 1, 'rows': 2}
2025-11-12 11:27:06,704 INFO [cli] {'ticker': 'DIA', 'mode': 'binary', 'thr': 40, 'window': '1Y', 'order': 2, 'rows': 4}
2025-11-12 11:27:06,713 INFO [cli] {'ticker': 'DIA', 'mode': 'binary', 'thr': 40, 'window': '1Y', 'order': 3, 'rows': 8}
2025-11-12 11:27:06,722 INFO [cli] {'ticker': 'DIA', 'mode': 'binary', 'thr': 40, 'window': '1Y', 'order': 4, 'rows': 16}
2025-11-12 11:27:06,730 INFO [cli] {'ticker': 'DIA', 'mode': 'binary', 'thr': 40, 'window': '2Y', 'order': 1, 'rows': 2}
2025-11-12 11:27:06,738 INFO [cli] {'ticker': 'DIA', 'mode': 'binary', 'thr': 40, 'window': '2Y', 'order': 2, 'rows': 4}
2025-11-12 11:27:06,747 INFO [cli] {'ticker': 'DIA', 'mode': 'binary', 'thr': 40, 'window': '2Y', 'order': 3, 'rows': 8}
2025-11-12 11:27:06,756 INFO [cli] {'ticker': 'DIA', 'mode': 'binary', 'thr': 40, 'window': '2Y', 'order': 4, 'rows': 16}
2025-11-12 11:27:06,765 INFO [cli] {'ticker': 'DIA', 'mode': 'binary', 'thr': 40, 'window': '5Y', 'order': 1, 'rows': 2}
2025-11-12 11:27:06,775 INFO [cli] {'ticker': 'DIA', 'mode': 'binary', 'thr': 40, 'window': '5Y', 'order': 2, 'rows': 4}
2025-11-12 11:27:06,792 INFO [cli] {'ticker': 'DIA', 'mode': 'binary', 'thr': 40, 'window': '5Y', 'order': 3, 'rows': 8}
2025-11-12 11:27:06,802 INFO [cli] {'ticker': 'DIA', 'mode': 'binary', 'thr': 40, 'window': '5Y', 'order': 4, 'rows': 16}
2025-11-12 11:27:06,812 INFO [cli] {'ticker': 'DIA', 'mode': 'binary', 'thr': 40, 'window': '10Y', 'order': 1, 'rows': 2}
2025-11-12 11:27:06,822 INFO [cli] {'ticker': 'DIA', 'mode': 'binary', 'thr': 40, 'window': '10Y', 'order': 2, 'rows': 4}
2025-11-12 11:27:06,830 INFO [cli] {'ticker': 'DIA', 'mode': 'binary', 'thr': 40, 'window': '10Y', 'order': 3, 'rows': 8}
2025-11-12 11:27:06,839 INFO [cli] {'ticker': 'DIA', 'mode': 'binary', 'thr': 40, 'window': '10Y', 'order': 4, 'rows': 16}
2025-11-12 11:27:06,848 INFO [cli] {'ticker': 'DIA', 'mode': 'binary', 'thr': 40, 'window': '20Y', 'order': 1, 'rows': 2}
2025-11-12 11:27:06,858 INFO [cli] {'ticker': 'DIA', 'mode': 'binary', 'thr': 40, 'window': '20Y', 'order': 2, 'rows': 4}
2025-11-12 11:27:06,867 INFO [cli] {'ticker': 'DIA', 'mode': 'binary', 'thr': 40, 'window': '20Y', 'order': 3, 'rows': 8}
2025-11-12 11:27:06,876 INFO [cli] {'ticker': 'DIA', 'mode': 'binary', 'thr': 40, 'window': '20Y', 'order': 4, 'rows': 16}
2025-11-12 11:27:06,887 INFO [cli] {'ticker': 'DIA', 'mode': 'binary', 'thr': 40, 'window': 'MAX', 'order': 1, 'rows': 2}
2025-11-12 11:27:06,895 INFO [cli] {'ticker': 'DIA', 'mode': 'binary', 'thr': 40, 'window': 'MAX', 'order': 2, 'rows': 4}
2025-11-12 11:27:06,904 INFO [cli] {'ticker': 'DIA', 'mode': 'binary', 'thr': 40, 'window': 'MAX', 'order': 3, 'rows': 8}
2025-11-12 11:27:06,913 INFO [cli] {'ticker': 'DIA', 'mode': 'binary', 'thr': 40, 'window': 'MAX', 'order': 4, 'rows': 16}
2025-11-12 11:27:06,930 INFO [cli] {'ticker': 'DIA', 'mode': 'binary', 'thr': 45, 'window': '1Y', 'order': 1, 'rows': 2}
2025-11-12 11:27:06,940 INFO [cli] {'ticker': 'DIA', 'mode': 'binary', 'thr': 45, 'window': '1Y', 'order': 2, 'rows': 4}
2025-11-12 11:27:06,950 INFO [cli] {'ticker': 'DIA', 'mode': 'binary', 'thr': 45, 'window': '1Y', 'order': 3, 'rows': 8}
2025-11-12 11:27:06,958 INFO [cli] {'ticker': 'DIA', 'mode': 'binary', 'thr': 45, 'window': '1Y', 'order': 4, 'rows': 16}
2025-11-12 11:27:06,967 INFO [cli] {'ticker': 'DIA', 'mode': 'binary', 'thr': 45, 'window': '2Y', 'order': 1, 'rows': 2}
2025-11-12 11:27:06,977 INFO [cli] {'ticker': 'DIA', 'mode': 'binary', 'thr': 45, 'window': '2Y', 'order': 2, 'rows': 4}
2025-11-12 11:27:06,989 INFO [cli] {'ticker': 'DIA', 'mode': 'binary', 'thr': 45, 'window': '2Y', 'order': 3, 'rows': 8}
2025-11-12 11:27:06,999 INFO [cli] {'ticker': 'DIA', 'mode': 'binary', 'thr': 45, 'window': '2Y', 'order': 4, 'rows': 16}
2025-11-12 11:27:07,008 INFO [cli] {'ticker': 'DIA', 'mode': 'binary', 'thr': 45, 'window': '5Y', 'order': 1, 'rows': 2}
2025-11-12 11:27:07,017 INFO [cli] {'ticker': 'DIA', 'mode': 'binary', 'thr': 45, 'window': '5Y', 'order': 2, 'rows': 4}
2025-11-12 11:27:07,027 INFO [cli] {'ticker': 'DIA', 'mode': 'binary', 'thr': 45, 'window': '5Y', 'order': 3, 'rows': 8}
2025-11-12 11:27:07,036 INFO [cli] {'ticker': 'DIA', 'mode': 'binary', 'thr': 45, 'window': '5Y', 'order': 4, 'rows': 16}
2025-11-12 11:27:07,046 INFO [cli] {'ticker': 'DIA', 'mode': 'binary', 'thr': 45, 'window': '10Y', 'order': 1, 'rows': 2}
2025-11-12 11:27:07,054 INFO [cli] {'ticker': 'DIA', 'mode': 'binary', 'thr': 45, 'window': '10Y', 'order': 2, 'rows': 4}
2025-11-12 11:27:07,062 INFO [cli] {'ticker': 'DIA', 'mode': 'binary', 'thr': 45, 'window': '10Y', 'order': 3, 'rows': 8}
2025-11-12 11:27:07,071 INFO [cli] {'ticker': 'DIA', 'mode': 'binary', 'thr': 45, 'window': '10Y', 'order': 4, 'rows': 16}
2025-11-12 11:27:07,081 INFO [cli] {'ticker': 'DIA', 'mode': 'binary', 'thr': 45, 'window': '20Y', 'order': 1, 'rows': 2}
2025-11-12 11:27:07,089 INFO [cli] {'ticker': 'DIA', 'mode': 'binary', 'thr': 45, 'window': '20Y', 'order': 2, 'rows': 4}
2025-11-12 11:27:07,098 INFO [cli] {'ticker': 'DIA', 'mode': 'binary', 'thr': 45, 'window': '20Y', 'order': 3, 'rows': 8}
2025-11-12 11:27:07,106 INFO [cli] {'ticker': 'DIA', 'mode': 'binary', 'thr': 45, 'window': '20Y', 'order': 4, 'rows': 16}
2025-11-12 11:27:07,114 INFO [cli] {'ticker': 'DIA', 'mode': 'binary', 'thr': 45, 'window': 'MAX', 'order': 1, 'rows': 2}
2025-11-12 11:27:07,121 INFO [cli] {'ticker': 'DIA', 'mode': 'binary', 'thr': 45, 'window': 'MAX', 'order': 2, 'rows': 4}
2025-11-12 11:27:07,128 INFO [cli] {'ticker': 'DIA', 'mode': 'binary', 'thr': 45, 'window': 'MAX', 'order': 3, 'rows': 8}
2025-11-12 11:27:07,139 INFO [cli] {'ticker': 'DIA', 'mode': 'binary', 'thr': 45, 'window': 'MAX', 'order': 4, 'rows': 16}
2025-11-12 11:27:07,163 INFO [cli] {'ticker': 'DIA', 'mode': 'binary', 'thr': 50, 'window': '1Y', 'order': 1, 'rows': 2}
2025-11-12 11:27:07,172 INFO [cli] {'ticker': 'DIA', 'mode': 'binary', 'thr': 50, 'window': '1Y', 'order': 2, 'rows': 4}
2025-11-12 11:27:07,182 INFO [cli] {'ticker': 'DIA', 'mode': 'binary', 'thr': 50, 'window': '1Y', 'order': 3, 'rows': 8}
2025-11-12 11:27:07,192 INFO [cli] {'ticker': 'DIA', 'mode': 'binary', 'thr': 50, 'window': '1Y', 'order': 4, 'rows': 16}
2025-11-12 11:27:07,202 INFO [cli] {'ticker': 'DIA', 'mode': 'binary', 'thr': 50, 'window': '2Y', 'order': 1, 'rows': 2}
2025-11-12 11:27:07,212 INFO [cli] {'ticker': 'DIA', 'mode': 'binary', 'thr': 50, 'window': '2Y', 'order': 2, 'rows': 4}
2025-11-12 11:27:07,221 INFO [cli] {'ticker': 'DIA', 'mode': 'binary', 'thr': 50, 'window': '2Y', 'order': 3, 'rows': 8}
2025-11-12 11:27:07,230 INFO [cli] {'ticker': 'DIA', 'mode': 'binary', 'thr': 50, 'window': '2Y', 'order': 4, 'rows': 16}
2025-11-12 11:27:07,238 INFO [cli] {'ticker': 'DIA', 'mode': 'binary', 'thr': 50, 'window': '5Y', 'order': 1, 'rows': 2}
2025-11-12 11:27:07,247 INFO [cli] {'ticker': 'DIA', 'mode': 'binary', 'thr': 50, 'window': '5Y', 'order': 2, 'rows': 4}
2025-11-12 11:27:07,257 INFO [cli] {'ticker': 'DIA', 'mode': 'binary', 'thr': 50, 'window': '5Y', 'order': 3, 'rows': 8}
2025-11-12 11:27:07,265 INFO [cli] {'ticker': 'DIA', 'mode': 'binary', 'thr': 50, 'window': '5Y', 'order': 4, 'rows': 16}
2025-11-12 11:27:07,274 INFO [cli] {'ticker': 'DIA', 'mode': 'binary', 'thr': 50, 'window': '10Y', 'order': 1, 'rows': 2}
2025-11-12 11:27:07,284 INFO [cli] {'ticker': 'DIA', 'mode': 'binary', 'thr': 50, 'window': '10Y', 'order': 2, 'rows': 4}
2025-11-12 11:27:07,293 INFO [cli] {'ticker': 'DIA', 'mode': 'binary', 'thr': 50, 'window': '10Y', 'order': 3, 'rows': 8}
2025-11-12 11:27:07,302 INFO [cli] {'ticker': 'DIA', 'mode': 'binary', 'thr': 50, 'window': '10Y', 'order': 4, 'rows': 16}
2025-11-12 11:27:07,312 INFO [cli] {'ticker': 'DIA', 'mode': 'binary', 'thr': 50, 'window': '20Y', 'order': 1, 'rows': 2}
2025-11-12 11:27:07,321 INFO [cli] {'ticker': 'DIA', 'mode': 'binary', 'thr': 50, 'window': '20Y', 'order': 2, 'rows': 4}
2025-11-12 11:27:07,329 INFO [cli] {'ticker': 'DIA', 'mode': 'binary', 'thr': 50, 'window': '20Y', 'order': 3, 'rows': 8}
2025-11-12 11:27:07,338 INFO [cli] {'ticker': 'DIA', 'mode': 'binary', 'thr': 50, 'window': '20Y', 'order': 4, 'rows': 16}
2025-11-12 11:27:07,348 INFO [cli] {'ticker': 'DIA', 'mode': 'binary', 'thr': 50, 'window': 'MAX', 'order': 1, 'rows': 2}
2025-11-12 11:27:07,356 INFO [cli] {'ticker': 'DIA', 'mode': 'binary', 'thr': 50, 'window': 'MAX', 'order': 2, 'rows': 4}
2025-11-12 11:27:07,366 INFO [cli] {'ticker': 'DIA', 'mode': 'binary', 'thr': 50, 'window': 'MAX', 'order': 3, 'rows': 8}
2025-11-12 11:27:07,375 INFO [cli] {'ticker': 'DIA', 'mode': 'binary', 'thr': 50, 'window': 'MAX', 'order': 4, 'rows': 16}
2025-11-12 11:27:07,391 INFO [cli] {'ticker': 'DIA', 'mode': 'binary', 'thr': 55, 'window': '1Y', 'order': 1, 'rows': 2}
2025-11-12 11:27:07,399 INFO [cli] {'ticker': 'DIA', 'mode': 'binary', 'thr': 55, 'window': '1Y', 'order': 2, 'rows': 4}
2025-11-12 11:27:07,407 INFO [cli] {'ticker': 'DIA', 'mode': 'binary', 'thr': 55, 'window': '1Y', 'order': 3, 'rows': 8}
2025-11-12 11:27:07,415 INFO [cli] {'ticker': 'DIA', 'mode': 'binary', 'thr': 55, 'window': '1Y', 'order': 4, 'rows': 16}
2025-11-12 11:27:07,424 INFO [cli] {'ticker': 'DIA', 'mode': 'binary', 'thr': 55, 'window': '2Y', 'order': 1, 'rows': 2}
2025-11-12 11:27:07,433 INFO [cli] {'ticker': 'DIA', 'mode': 'binary', 'thr': 55, 'window': '2Y', 'order': 2, 'rows': 4}
2025-11-12 11:27:07,443 INFO [cli] {'ticker': 'DIA', 'mode': 'binary', 'thr': 55, 'window': '2Y', 'order': 3, 'rows': 8}
2025-11-12 11:27:07,453 INFO [cli] {'ticker': 'DIA', 'mode': 'binary', 'thr': 55, 'window': '2Y', 'order': 4, 'rows': 16}
2025-11-12 11:27:07,464 INFO [cli] {'ticker': 'DIA', 'mode': 'binary', 'thr': 55, 'window': '5Y', 'order': 1, 'rows': 2}
2025-11-12 11:27:07,472 INFO [cli] {'ticker': 'DIA', 'mode': 'binary', 'thr': 55, 'window': '5Y', 'order': 2, 'rows': 4}
2025-11-12 11:27:07,480 INFO [cli] {'ticker': 'DIA', 'mode': 'binary', 'thr': 55, 'window': '5Y', 'order': 3, 'rows': 8}
2025-11-12 11:27:07,489 INFO [cli] {'ticker': 'DIA', 'mode': 'binary', 'thr': 55, 'window': '5Y', 'order': 4, 'rows': 16}
2025-11-12 11:27:07,500 INFO [cli] {'ticker': 'DIA', 'mode': 'binary', 'thr': 55, 'window': '10Y', 'order': 1, 'rows': 2}
2025-11-12 11:27:07,509 INFO [cli] {'ticker': 'DIA', 'mode': 'binary', 'thr': 55, 'window': '10Y', 'order': 2, 'rows': 4}
2025-11-12 11:27:07,518 INFO [cli] {'ticker': 'DIA', 'mode': 'binary', 'thr': 55, 'window': '10Y', 'order': 3, 'rows': 8}
2025-11-12 11:27:07,528 INFO [cli] {'ticker': 'DIA', 'mode': 'binary', 'thr': 55, 'window': '10Y', 'order': 4, 'rows': 16}
2025-11-12 11:27:07,538 INFO [cli] {'ticker': 'DIA', 'mode': 'binary', 'thr': 55, 'window': '20Y', 'order': 1, 'rows': 2}
2025-11-12 11:27:07,547 INFO [cli] {'ticker': 'DIA', 'mode': 'binary', 'thr': 55, 'window': '20Y', 'order': 2, 'rows': 4}

{'ticker': 'DIA', 'mode': 'binary', 'thr': 35, 'window': 'MAX', 'order': 1, 'rows': 2}
{'ticker': 'DIA', 'mode': 'binary', 'thr': 35, 'window': 'MAX', 'order': 2, 'rows': 4}
{'ticker': 'DIA', 'mode': 'binary', 'thr': 35, 'window': 'MAX', 'order': 3, 'rows': 8}
{'ticker': 'DIA', 'mode': 'binary', 'thr': 35, 'window': 'MAX', 'order': 4, 'rows': 16}
{'ticker': 'DIA', 'mode': 'binary', 'thr': 40, 'window': '1Y', 'order': 1, 'rows': 2}
{'ticker': 'DIA', 'mode': 'binary', 'thr': 40, 'window': '1Y', 'order': 2, 'rows': 4}
{'ticker': 'DIA', 'mode': 'binary', 'thr': 40, 'window': '1Y', 'order': 3, 'rows': 8}
{'ticker': 'DIA', 'mode': 'binary', 'thr': 40, 'window': '1Y', 'order': 4, 'rows': 16}
{'ticker': 'DIA', 'mode': 'binary', 'thr': 40, 'window': '2Y', 'order': 1, 'rows': 2}
{'ticker': 'DIA', 'mode': 'binary', 'thr': 40, 'window': '2Y', 'order': 2, 'rows': 4}
{'ticker': 'DIA', 'mode': 'binary', 'thr': 40, 'window': '2Y', 'order': 3, 'rows': 8}
{'ticker': 'DIA', 'mode': 'binary', 'thr': 40, 'window': '2Y', 'order': 4, 'rows': 16}
{'ticker': 'DIA', 'mode': 'binary', 'thr': 40, 'window': '5Y', 'order': 1, 'rows': 2}
{'ticker': 'DIA', 'mode': 'binary', 'thr': 40, 'window': '5Y', 'order': 2, 'rows': 4}
{'ticker': 'DIA', 'mode': 'binary', 'thr': 40, 'window': '5Y', 'order': 3, 'rows': 8}
{'ticker': 'DIA', 'mode': 'binary', 'thr': 40, 'window': '5Y', 'order': 4, 'rows': 16}
{'ticker': 'DIA', 'mode': 'binary', 'thr': 40, 'window': '10Y', 'order': 1, 'rows': 2}
{'ticker': 'DIA', 'mode': 'binary', 'thr': 40, 'window': '10Y', 'order': 2, 'rows': 4}
{'ticker': 'DIA', 'mode': 'binary', 'thr': 40, 'window': '10Y', 'order': 3, 'rows': 8}
{'ticker': 'DIA', 'mode': 'binary', 'thr': 40, 'window': '10Y', 'order': 4, 'rows': 16}
{'ticker': 'DIA', 'mode': 'binary', 'thr': 40, 'window': '20Y', 'order': 1, 'rows': 2}
{'ticker': 'DIA', 'mode': 'binary', 'thr': 40, 'window': '20Y', 'order': 2, 'rows': 4}
{'ticker': 'DIA', 'mode': 'binary', 'thr': 40, 'window': '20Y', 'order': 3, 'rows': 8}
{'ticker': 'DIA', 'mode': 'binary', 'thr': 40, 'window': '20Y', 'order': 4, 'rows': 16}
{'ticker': 'DIA', 'mode': 'binary', 'thr': 40, 'window': 'MAX', 'order': 1, 'rows': 2}
{'ticker': 'DIA', 'mode': 'binary', 'thr': 40, 'window': 'MAX', 'order': 2, 'rows': 4}
{'ticker': 'DIA', 'mode': 'binary', 'thr': 40, 'window': 'MAX', 'order': 3, 'rows': 8}
{'ticker': 'DIA', 'mode': 'binary', 'thr': 40, 'window': 'MAX', 'order': 4, 'rows': 16}
{'ticker': 'DIA', 'mode': 'binary', 'thr': 45, 'window': '1Y', 'order': 1, 'rows': 2}
{'ticker': 'DIA', 'mode': 'binary', 'thr': 45, 'window': '1Y', 'order': 2, 'rows': 4}
{'ticker': 'DIA', 'mode': 'binary', 'thr': 45, 'window': '1Y', 'order': 3, 'rows': 8}
{'ticker': 'DIA', 'mode': 'binary', 'thr': 45, 'window': '1Y', 'order': 4, 'rows': 16}
{'ticker': 'DIA', 'mode': 'binary', 'thr': 45, 'window': '2Y', 'order': 1, 'rows': 2}
{'ticker': 'DIA', 'mode': 'binary', 'thr': 45, 'window': '2Y', 'order': 2, 'rows': 4}
{'ticker': 'DIA', 'mode': 'binary', 'thr': 45, 'window': '2Y', 'order': 3, 'rows': 8}
{'ticker': 'DIA', 'mode': 'binary', 'thr': 45, 'window': '2Y', 'order': 4, 'rows': 16}
{'ticker': 'DIA', 'mode': 'binary', 'thr': 45, 'window': '5Y', 'order': 1, 'rows': 2}
{'ticker': 'DIA', 'mode': 'binary', 'thr': 45, 'window': '5Y', 'order': 2, 'rows': 4}
{'ticker': 'DIA', 'mode': 'binary', 'thr': 45, 'window': '5Y', 'order': 3, 'rows': 8}
{'ticker': 'DIA', 'mode': 'binary', 'thr': 45, 'window': '5Y', 'order': 4, 'rows': 16}
{'ticker': 'DIA', 'mode': 'binary', 'thr': 45, 'window': '10Y', 'order': 1, 'rows': 2}
{'ticker': 'DIA', 'mode': 'binary', 'thr': 45, 'window': '10Y', 'order': 2, 'rows': 4}
{'ticker': 'DIA', 'mode': 'binary', 'thr': 45, 'window': '10Y', 'order': 3, 'rows': 8}
{'ticker': 'DIA', 'mode': 'binary', 'thr': 45, 'window': '10Y', 'order': 4, 'rows': 16}
{'ticker': 'DIA', 'mode': 'binary', 'thr': 45, 'window': '20Y', 'order': 1, 'rows': 2}
{'ticker': 'DIA', 'mode': 'binary', 'thr': 45, 'window': '20Y', 'order': 2, 'rows': 4}
{'ticker': 'DIA', 'mode': 'binary', 'thr': 45, 'window': '20Y', 'order': 3, 'rows': 8}
{'ticker': 'DIA', 'mode': 'binary', 'thr': 45, 'window': '20Y', 'order': 4, 'rows': 16}
{'ticker': 'DIA', 'mode': 'binary', 'thr': 45, 'window': 'MAX', 'order': 1, 'rows': 2}
{'ticker': 'DIA', 'mode': 'binary', 'thr': 45, 'window': 'MAX', 'order': 2, 'rows': 4}
{'ticker': 'DIA', 'mode': 'binary', 'thr': 45, 'window': 'MAX', 'order': 3, 'rows': 8}
{'ticker': 'DIA', 'mode': 'binary', 'thr': 45, 'window': 'MAX', 'order': 4, 'rows': 16}
{'ticker': 'DIA', 'mode': 'binary', 'thr': 50, 'window': '1Y', 'order': 1, 'rows': 2}
{'ticker': 'DIA', 'mode': 'binary', 'thr': 50, 'window': '1Y', 'order': 2, 'rows': 4}
{'ticker': 'DIA', 'mode': 'binary', 'thr': 50, 'window': '1Y', 'order': 3, 'rows': 8}
{'ticker': 'DIA', 'mode': 'binary', 'thr': 50, 'window': '1Y', 'order': 4, 'rows': 16}
{'ticker': 'DIA', 'mode': 'binary', 'thr': 50, 'window': '2Y', 'order': 1, 'rows': 2}
{'ticker': 'DIA', 'mode': 'binary', 'thr': 50, 'window': '2Y', 'order': 2, 'rows': 4}
{'ticker': 'DIA', 'mode': 'binary', 'thr': 50, 'window': '2Y', 'order': 3, 'rows': 8}
{'ticker': 'DIA', 'mode': 'binary', 'thr': 50, 'window': '2Y', 'order': 4, 'rows': 16}
{'ticker': 'DIA', 'mode': 'binary', 'thr': 50, 'window': '5Y', 'order': 1, 'rows': 2}
{'ticker': 'DIA', 'mode': 'binary', 'thr': 50, 'window': '5Y', 'order': 2, 'rows': 4}
{'ticker': 'DIA', 'mode': 'binary', 'thr': 50, 'window': '5Y', 'order': 3, 'rows': 8}
{'ticker': 'DIA', 'mode': 'binary', 'thr': 50, 'window': '5Y', 'order': 4, 'rows': 16}
{'ticker': 'DIA', 'mode': 'binary', 'thr': 50, 'window': '10Y', 'order': 1, 'rows': 2}
{'ticker': 'DIA', 'mode': 'binary', 'thr': 50, 'window': '10Y', 'order': 2, 'rows': 4}
{'ticker': 'DIA', 'mode': 'binary', 'thr': 50, 'window': '10Y', 'order': 3, 'rows': 8}
{'ticker': 'DIA', 'mode': 'binary', 'thr': 50, 'window': '10Y', 'order': 4, 'rows': 16}
{'ticker': 'DIA', 'mode': 'binary', 'thr': 50, 'window': '20Y', 'order': 1, 'rows': 2}
{'ticker': 'DIA', 'mode': 'binary', 'thr': 50, 'window': '20Y', 'order': 2, 'rows': 4}
{'ticker': 'DIA', 'mode': 'binary', 'thr': 50, 'window': '20Y', 'order': 3, 'rows': 8}
{'ticker': 'DIA', 'mode': 'binary', 'thr': 50, 'window': '20Y', 'order': 4, 'rows': 16}
{'ticker': 'DIA', 'mode': 'binary', 'thr': 50, 'window': 'MAX', 'order': 1, 'rows': 2}
{'ticker': 'DIA', 'mode': 'binary', 'thr': 50, 'window': 'MAX', 'order': 2, 'rows': 4}
{'ticker': 'DIA', 'mode': 'binary', 'thr': 50, 'window': 'MAX', 'order': 3, 'rows': 8}
{'ticker': 'DIA', 'mode': 'binary', 'thr': 50, 'window': 'MAX', 'order': 4, 'rows': 16}
{'ticker': 'DIA', 'mode': 'binary', 'thr': 55, 'window': '1Y', 'order': 1, 'rows': 2}
{'ticker': 'DIA', 'mode': 'binary', 'thr': 55, 'window': '1Y', 'order': 2, 'rows': 4}
{'ticker': 'DIA', 'mode': 'binary', 'thr': 55, 'window': '1Y', 'order': 3, 'rows': 8}
{'ticker': 'DIA', 'mode': 'binary', 'thr': 55, 'window': '1Y', 'order': 4, 'rows': 16}
{'ticker': 'DIA', 'mode': 'binary', 'thr': 55, 'window': '2Y', 'order': 1, 'rows': 2}
{'ticker': 'DIA', 'mode': 'binary', 'thr': 55, 'window': '2Y', 'order': 2, 'rows': 4}
{'ticker': 'DIA', 'mode': 'binary', 'thr': 55, 'window': '2Y', 'order': 3, 'rows': 8}
{'ticker': 'DIA', 'mode': 'binary', 'thr': 55, 'window': '2Y', 'order': 4, 'rows': 16}
{'ticker': 'DIA', 'mode': 'binary', 'thr': 55, 'window': '5Y', 'order': 1, 'rows': 2}
{'ticker': 'DIA', 'mode': 'binary', 'thr': 55, 'window': '5Y', 'order': 2, 'rows': 4}
{'ticker': 'DIA', 'mode': 'binary', 'thr': 55, 'window': '5Y', 'order': 3, 'rows': 8}
{'ticker': 'DIA', 'mode': 'binary', 'thr': 55, 'window': '5Y', 'order': 4, 'rows': 16}
{'ticker': 'DIA', 'mode': 'binary', 'thr': 55, 'window': '10Y', 'order': 1, 'rows': 2}
{'ticker': 'DIA', 'mode': 'binary', 'thr': 55, 'window': '10Y', 'order': 2, 'rows': 4}
{'ticker': 'DIA', 'mode': 'binary', 'thr': 55, 'window': '10Y', 'order': 3, 'rows': 8}
{'ticker': 'DIA', 'mode': 'binary', 'thr': 55, 'window': '10Y', 'order': 4, 'rows': 16}
{'ticker': 'DIA', 'mode': 'binary', 'thr': 55, 'window': '20Y', 'order': 1, 'rows': 2}
{'ticker': 'DIA', 'mode': 'binary', 'thr': 55, 'window': '20Y', 'order': 2, 'rows': 4}
{'ticker': 'DIA', 'mode': 'binary', 'thr': 55, 'window': '20Y', 'order': 3, 'rows': 8}2025-11-12 11:27:07,557 INFO [cli] {'ticker': 'DIA', 'mode': 'binary', 'thr': 55, 'window': '20Y', 'order': 3, 'rows': 8}
2025-11-12 11:27:07,568 INFO [cli] {'ticker': 'DIA', 'mode': 'binary', 'thr': 55, 'window': '20Y', 'order': 4, 'rows': 16}
2025-11-12 11:27:07,579 INFO [cli] {'ticker': 'DIA', 'mode': 'binary', 'thr': 55, 'window': 'MAX', 'order': 1, 'rows': 2}
2025-11-12 11:27:07,590 INFO [cli] {'ticker': 'DIA', 'mode': 'binary', 'thr': 55, 'window': 'MAX', 'order': 2, 'rows': 4}
2025-11-12 11:27:07,598 INFO [cli] {'ticker': 'DIA', 'mode': 'binary', 'thr': 55, 'window': 'MAX', 'order': 3, 'rows': 8}
2025-11-12 11:27:07,607 INFO [cli] {'ticker': 'DIA', 'mode': 'binary', 'thr': 55, 'window': 'MAX', 'order': 4, 'rows': 16}
2025-11-12 11:27:07,624 INFO [cli] {'ticker': 'DIA', 'mode': 'binary', 'thr': 60, 'window': '1Y', 'order': 1, 'rows': 2}
2025-11-12 11:27:07,633 INFO [cli] {'ticker': 'DIA', 'mode': 'binary', 'thr': 60, 'window': '1Y', 'order': 2, 'rows': 4}
2025-11-12 11:27:07,644 INFO [cli] {'ticker': 'DIA', 'mode': 'binary', 'thr': 60, 'window': '1Y', 'order': 3, 'rows': 8}
2025-11-12 11:27:07,654 INFO [cli] {'ticker': 'DIA', 'mode': 'binary', 'thr': 60, 'window': '1Y', 'order': 4, 'rows': 16}
2025-11-12 11:27:07,665 INFO [cli] {'ticker': 'DIA', 'mode': 'binary', 'thr': 60, 'window': '2Y', 'order': 1, 'rows': 2}
2025-11-12 11:27:07,674 INFO [cli] {'ticker': 'DIA', 'mode': 'binary', 'thr': 60, 'window': '2Y', 'order': 2, 'rows': 4}
2025-11-12 11:27:07,683 INFO [cli] {'ticker': 'DIA', 'mode': 'binary', 'thr': 60, 'window': '2Y', 'order': 3, 'rows': 8}
2025-11-12 11:27:07,702 INFO [cli] {'ticker': 'DIA', 'mode': 'binary', 'thr': 60, 'window': '2Y', 'order': 4, 'rows': 16}
2025-11-12 11:27:07,712 INFO [cli] {'ticker': 'DIA', 'mode': 'binary', 'thr': 60, 'window': '5Y', 'order': 1, 'rows': 2}
2025-11-12 11:27:07,720 INFO [cli] {'ticker': 'DIA', 'mode': 'binary', 'thr': 60, 'window': '5Y', 'order': 2, 'rows': 4}
2025-11-12 11:27:07,728 INFO [cli] {'ticker': 'DIA', 'mode': 'binary', 'thr': 60, 'window': '5Y', 'order': 3, 'rows': 8}
2025-11-12 11:27:07,738 INFO [cli] {'ticker': 'DIA', 'mode': 'binary', 'thr': 60, 'window': '5Y', 'order': 4, 'rows': 16}
2025-11-12 11:27:07,746 INFO [cli] {'ticker': 'DIA', 'mode': 'binary', 'thr': 60, 'window': '10Y', 'order': 1, 'rows': 2}
2025-11-12 11:27:07,757 INFO [cli] {'ticker': 'DIA', 'mode': 'binary', 'thr': 60, 'window': '10Y', 'order': 2, 'rows': 4}
2025-11-12 11:27:07,766 INFO [cli] {'ticker': 'DIA', 'mode': 'binary', 'thr': 60, 'window': '10Y', 'order': 3, 'rows': 8}
2025-11-12 11:27:07,775 INFO [cli] {'ticker': 'DIA', 'mode': 'binary', 'thr': 60, 'window': '10Y', 'order': 4, 'rows': 16}
2025-11-12 11:27:07,785 INFO [cli] {'ticker': 'DIA', 'mode': 'binary', 'thr': 60, 'window': '20Y', 'order': 1, 'rows': 2}
2025-11-12 11:27:07,795 INFO [cli] {'ticker': 'DIA', 'mode': 'binary', 'thr': 60, 'window': '20Y', 'order': 2, 'rows': 4}
2025-11-12 11:27:07,804 INFO [cli] {'ticker': 'DIA', 'mode': 'binary', 'thr': 60, 'window': '20Y', 'order': 3, 'rows': 8}
2025-11-12 11:27:07,812 INFO [cli] {'ticker': 'DIA', 'mode': 'binary', 'thr': 60, 'window': '20Y', 'order': 4, 'rows': 16}
2025-11-12 11:27:07,821 INFO [cli] {'ticker': 'DIA', 'mode': 'binary', 'thr': 60, 'window': 'MAX', 'order': 1, 'rows': 2}
2025-11-12 11:27:07,830 INFO [cli] {'ticker': 'DIA', 'mode': 'binary', 'thr': 60, 'window': 'MAX', 'order': 2, 'rows': 4}
2025-11-12 11:27:07,838 INFO [cli] {'ticker': 'DIA', 'mode': 'binary', 'thr': 60, 'window': 'MAX', 'order': 3, 'rows': 8}
2025-11-12 11:27:07,848 INFO [cli] {'ticker': 'DIA', 'mode': 'binary', 'thr': 60, 'window': 'MAX', 'order': 4, 'rows': 16}
2025-11-12 11:27:07,864 INFO [cli] {'ticker': 'DIA', 'mode': 'binary', 'thr': 65, 'window': '1Y', 'order': 1, 'rows': 2}
2025-11-12 11:27:07,874 INFO [cli] {'ticker': 'DIA', 'mode': 'binary', 'thr': 65, 'window': '1Y', 'order': 2, 'rows': 4}
2025-11-12 11:27:07,884 INFO [cli] {'ticker': 'DIA', 'mode': 'binary', 'thr': 65, 'window': '1Y', 'order': 3, 'rows': 8}
2025-11-12 11:27:07,893 INFO [cli] {'ticker': 'DIA', 'mode': 'binary', 'thr': 65, 'window': '1Y', 'order': 4, 'rows': 15}
2025-11-12 11:27:07,911 INFO [cli] {'ticker': 'DIA', 'mode': 'binary', 'thr': 65, 'window': '2Y', 'order': 1, 'rows': 2}
2025-11-12 11:27:07,918 INFO [cli] {'ticker': 'DIA', 'mode': 'binary', 'thr': 65, 'window': '2Y', 'order': 2, 'rows': 4}
2025-11-12 11:27:07,926 INFO [cli] {'ticker': 'DIA', 'mode': 'binary', 'thr': 65, 'window': '2Y', 'order': 3, 'rows': 8}
2025-11-12 11:27:07,934 INFO [cli] {'ticker': 'DIA', 'mode': 'binary', 'thr': 65, 'window': '2Y', 'order': 4, 'rows': 15}
2025-11-12 11:27:07,942 INFO [cli] {'ticker': 'DIA', 'mode': 'binary', 'thr': 65, 'window': '5Y', 'order': 1, 'rows': 2}
2025-11-12 11:27:07,952 INFO [cli] {'ticker': 'DIA', 'mode': 'binary', 'thr': 65, 'window': '5Y', 'order': 2, 'rows': 4}
2025-11-12 11:27:07,961 INFO [cli] {'ticker': 'DIA', 'mode': 'binary', 'thr': 65, 'window': '5Y', 'order': 3, 'rows': 8}
2025-11-12 11:27:07,970 INFO [cli] {'ticker': 'DIA', 'mode': 'binary', 'thr': 65, 'window': '5Y', 'order': 4, 'rows': 16}
2025-11-12 11:27:07,979 INFO [cli] {'ticker': 'DIA', 'mode': 'binary', 'thr': 65, 'window': '10Y', 'order': 1, 'rows': 2}
2025-11-12 11:27:07,987 INFO [cli] {'ticker': 'DIA', 'mode': 'binary', 'thr': 65, 'window': '10Y', 'order': 2, 'rows': 4}
2025-11-12 11:27:07,996 INFO [cli] {'ticker': 'DIA', 'mode': 'binary', 'thr': 65, 'window': '10Y', 'order': 3, 'rows': 8}
2025-11-12 11:27:08,005 INFO [cli] {'ticker': 'DIA', 'mode': 'binary', 'thr': 65, 'window': '10Y', 'order': 4, 'rows': 16}
2025-11-12 11:27:08,014 INFO [cli] {'ticker': 'DIA', 'mode': 'binary', 'thr': 65, 'window': '20Y', 'order': 1, 'rows': 2}
2025-11-12 11:27:08,023 INFO [cli] {'ticker': 'DIA', 'mode': 'binary', 'thr': 65, 'window': '20Y', 'order': 2, 'rows': 4}
2025-11-12 11:27:08,031 INFO [cli] {'ticker': 'DIA', 'mode': 'binary', 'thr': 65, 'window': '20Y', 'order': 3, 'rows': 8}
2025-11-12 11:27:08,041 INFO [cli] {'ticker': 'DIA', 'mode': 'binary', 'thr': 65, 'window': '20Y', 'order': 4, 'rows': 16}
2025-11-12 11:27:08,049 INFO [cli] {'ticker': 'DIA', 'mode': 'binary', 'thr': 65, 'window': 'MAX', 'order': 1, 'rows': 2}
2025-11-12 11:27:08,058 INFO [cli] {'ticker': 'DIA', 'mode': 'binary', 'thr': 65, 'window': 'MAX', 'order': 2, 'rows': 4}
2025-11-12 11:27:08,066 INFO [cli] {'ticker': 'DIA', 'mode': 'binary', 'thr': 65, 'window': 'MAX', 'order': 3, 'rows': 8}
2025-11-12 11:27:08,073 INFO [cli] {'ticker': 'DIA', 'mode': 'binary', 'thr': 65, 'window': 'MAX', 'order': 4, 'rows': 16}
2025-11-12 11:27:08,090 INFO [cli] {'ticker': 'DIA', 'mode': 'binary', 'thr': 70, 'window': '1Y', 'order': 1, 'rows': 2}
2025-11-12 11:27:08,098 INFO [cli] {'ticker': 'DIA', 'mode': 'binary', 'thr': 70, 'window': '1Y', 'order': 2, 'rows': 4}
2025-11-12 11:27:08,106 INFO [cli] {'ticker': 'DIA', 'mode': 'binary', 'thr': 70, 'window': '1Y', 'order': 3, 'rows': 8}
2025-11-12 11:27:08,116 INFO [cli] {'ticker': 'DIA', 'mode': 'binary', 'thr': 70, 'window': '1Y', 'order': 4, 'rows': 15}
2025-11-12 11:27:08,125 INFO [cli] {'ticker': 'DIA', 'mode': 'binary', 'thr': 70, 'window': '2Y', 'order': 1, 'rows': 2}
2025-11-12 11:27:08,134 INFO [cli] {'ticker': 'DIA', 'mode': 'binary', 'thr': 70, 'window': '2Y', 'order': 2, 'rows': 4}
2025-11-12 11:27:08,144 INFO [cli] {'ticker': 'DIA', 'mode': 'binary', 'thr': 70, 'window': '2Y', 'order': 3, 'rows': 8}
2025-11-12 11:27:08,152 INFO [cli] {'ticker': 'DIA', 'mode': 'binary', 'thr': 70, 'window': '2Y', 'order': 4, 'rows': 15}
2025-11-12 11:27:08,161 INFO [cli] {'ticker': 'DIA', 'mode': 'binary', 'thr': 70, 'window': '5Y', 'order': 1, 'rows': 2}
2025-11-12 11:27:08,170 INFO [cli] {'ticker': 'DIA', 'mode': 'binary', 'thr': 70, 'window': '5Y', 'order': 2, 'rows': 4}
2025-11-12 11:27:08,178 INFO [cli] {'ticker': 'DIA', 'mode': 'binary', 'thr': 70, 'window': '5Y', 'order': 3, 'rows': 8}
2025-11-12 11:27:08,185 INFO [cli] {'ticker': 'DIA', 'mode': 'binary', 'thr': 70, 'window': '5Y', 'order': 4, 'rows': 16}
2025-11-12 11:27:08,197 INFO [cli] {'ticker': 'DIA', 'mode': 'binary', 'thr': 70, 'window': '10Y', 'order': 1, 'rows': 2}
2025-11-12 11:27:08,205 INFO [cli] {'ticker': 'DIA', 'mode': 'binary', 'thr': 70, 'window': '10Y', 'order': 2, 'rows': 4}
2025-11-12 11:27:08,214 INFO [cli] {'ticker': 'DIA', 'mode': 'binary', 'thr': 70, 'window': '10Y', 'order': 3, 'rows': 8}
2025-11-12 11:27:08,222 INFO [cli] {'ticker': 'DIA', 'mode': 'binary', 'thr': 70, 'window': '10Y', 'order': 4, 'rows': 16}
2025-11-12 11:27:08,232 INFO [cli] {'ticker': 'DIA', 'mode': 'binary', 'thr': 70, 'window': '20Y', 'order': 1, 'rows': 2}
2025-11-12 11:27:08,240 INFO [cli] {'ticker': 'DIA', 'mode': 'binary', 'thr': 70, 'window': '20Y', 'order': 2, 'rows': 4}
2025-11-12 11:27:08,249 INFO [cli] {'ticker': 'DIA', 'mode': 'binary', 'thr': 70, 'window': '20Y', 'order': 3, 'rows': 8}
2025-11-12 11:27:08,259 INFO [cli] {'ticker': 'DIA', 'mode': 'binary', 'thr': 70, 'window': '20Y', 'order': 4, 'rows': 16}
2025-11-12 11:27:08,268 INFO [cli] {'ticker': 'DIA', 'mode': 'binary', 'thr': 70, 'window': 'MAX', 'order': 1, 'rows': 2}
2025-11-12 11:27:08,277 INFO [cli] {'ticker': 'DIA', 'mode': 'binary', 'thr': 70, 'window': 'MAX', 'order': 2, 'rows': 4}
2025-11-12 11:27:08,286 INFO [cli] {'ticker': 'DIA', 'mode': 'binary', 'thr': 70, 'window': 'MAX', 'order': 3, 'rows': 8}
2025-11-12 11:27:08,295 INFO [cli] {'ticker': 'DIA', 'mode': 'binary', 'thr': 70, 'window': 'MAX', 'order': 4, 'rows': 16}
2025-11-12 11:27:08,312 INFO [cli] {'ticker': 'DIA', 'mode': 'binary', 'thr': 75, 'window': '1Y', 'order': 1, 'rows': 2}
2025-11-12 11:27:08,321 INFO [cli] {'ticker': 'DIA', 'mode': 'binary', 'thr': 75, 'window': '1Y', 'order': 2, 'rows': 4}
2025-11-12 11:27:08,329 INFO [cli] {'ticker': 'DIA', 'mode': 'binary', 'thr': 75, 'window': '1Y', 'order': 3, 'rows': 8}
2025-11-12 11:27:08,339 INFO [cli] {'ticker': 'DIA', 'mode': 'binary', 'thr': 75, 'window': '1Y', 'order': 4, 'rows': 15}
2025-11-12 11:27:08,347 INFO [cli] {'ticker': 'DIA', 'mode': 'binary', 'thr': 75, 'window': '2Y', 'order': 1, 'rows': 2}
2025-11-12 11:27:08,355 INFO [cli] {'ticker': 'DIA', 'mode': 'binary', 'thr': 75, 'window': '2Y', 'order': 2, 'rows': 4}
2025-11-12 11:27:08,364 INFO [cli] {'ticker': 'DIA', 'mode': 'binary', 'thr': 75, 'window': '2Y', 'order': 3, 'rows': 8}
2025-11-12 11:27:08,372 INFO [cli] {'ticker': 'DIA', 'mode': 'binary', 'thr': 75, 'window': '2Y', 'order': 4, 'rows': 15}
2025-11-12 11:27:08,379 INFO [cli] {'ticker': 'DIA', 'mode': 'binary', 'thr': 75, 'window': '5Y', 'order': 1, 'rows': 2}
2025-11-12 11:27:08,388 INFO [cli] {'ticker': 'DIA', 'mode': 'binary', 'thr': 75, 'window': '5Y', 'order': 2, 'rows': 4}
2025-11-12 11:27:08,396 INFO [cli] {'ticker': 'DIA', 'mode': 'binary', 'thr': 75, 'window': '5Y', 'order': 3, 'rows': 8}
2025-11-12 11:27:08,406 INFO [cli] {'ticker': 'DIA', 'mode': 'binary', 'thr': 75, 'window': '5Y', 'order': 4, 'rows': 15}
2025-11-12 11:27:08,415 INFO [cli] {'ticker': 'DIA', 'mode': 'binary', 'thr': 75, 'window': '10Y', 'order': 1, 'rows': 2}
2025-11-12 11:27:08,427 INFO [cli] {'ticker': 'DIA', 'mode': 'binary', 'thr': 75, 'window': '10Y', 'order': 2, 'rows': 4}
2025-11-12 11:27:08,445 INFO [cli] {'ticker': 'DIA', 'mode': 'binary', 'thr': 75, 'window': '10Y', 'order': 3, 'rows': 8}
2025-11-12 11:27:08,454 INFO [cli] {'ticker': 'DIA', 'mode': 'binary', 'thr': 75, 'window': '10Y', 'order': 4, 'rows': 16}
2025-11-12 11:27:08,463 INFO [cli] {'ticker': 'DIA', 'mode': 'binary', 'thr': 75, 'window': '20Y', 'order': 1, 'rows': 2}

{'ticker': 'DIA', 'mode': 'binary', 'thr': 55, 'window': '20Y', 'order': 4, 'rows': 16}
{'ticker': 'DIA', 'mode': 'binary', 'thr': 55, 'window': 'MAX', 'order': 1, 'rows': 2}
{'ticker': 'DIA', 'mode': 'binary', 'thr': 55, 'window': 'MAX', 'order': 2, 'rows': 4}
{'ticker': 'DIA', 'mode': 'binary', 'thr': 55, 'window': 'MAX', 'order': 3, 'rows': 8}
{'ticker': 'DIA', 'mode': 'binary', 'thr': 55, 'window': 'MAX', 'order': 4, 'rows': 16}
{'ticker': 'DIA', 'mode': 'binary', 'thr': 60, 'window': '1Y', 'order': 1, 'rows': 2}
{'ticker': 'DIA', 'mode': 'binary', 'thr': 60, 'window': '1Y', 'order': 2, 'rows': 4}
{'ticker': 'DIA', 'mode': 'binary', 'thr': 60, 'window': '1Y', 'order': 3, 'rows': 8}
{'ticker': 'DIA', 'mode': 'binary', 'thr': 60, 'window': '1Y', 'order': 4, 'rows': 16}
{'ticker': 'DIA', 'mode': 'binary', 'thr': 60, 'window': '2Y', 'order': 1, 'rows': 2}
{'ticker': 'DIA', 'mode': 'binary', 'thr': 60, 'window': '2Y', 'order': 2, 'rows': 4}
{'ticker': 'DIA', 'mode': 'binary', 'thr': 60, 'window': '2Y', 'order': 3, 'rows': 8}
{'ticker': 'DIA', 'mode': 'binary', 'thr': 60, 'window': '2Y', 'order': 4, 'rows': 16}
{'ticker': 'DIA', 'mode': 'binary', 'thr': 60, 'window': '5Y', 'order': 1, 'rows': 2}
{'ticker': 'DIA', 'mode': 'binary', 'thr': 60, 'window': '5Y', 'order': 2, 'rows': 4}
{'ticker': 'DIA', 'mode': 'binary', 'thr': 60, 'window': '5Y', 'order': 3, 'rows': 8}
{'ticker': 'DIA', 'mode': 'binary', 'thr': 60, 'window': '5Y', 'order': 4, 'rows': 16}
{'ticker': 'DIA', 'mode': 'binary', 'thr': 60, 'window': '10Y', 'order': 1, 'rows': 2}
{'ticker': 'DIA', 'mode': 'binary', 'thr': 60, 'window': '10Y', 'order': 2, 'rows': 4}
{'ticker': 'DIA', 'mode': 'binary', 'thr': 60, 'window': '10Y', 'order': 3, 'rows': 8}
{'ticker': 'DIA', 'mode': 'binary', 'thr': 60, 'window': '10Y', 'order': 4, 'rows': 16}
{'ticker': 'DIA', 'mode': 'binary', 'thr': 60, 'window': '20Y', 'order': 1, 'rows': 2}
{'ticker': 'DIA', 'mode': 'binary', 'thr': 60, 'window': '20Y', 'order': 2, 'rows': 4}
{'ticker': 'DIA', 'mode': 'binary', 'thr': 60, 'window': '20Y', 'order': 3, 'rows': 8}
{'ticker': 'DIA', 'mode': 'binary', 'thr': 60, 'window': '20Y', 'order': 4, 'rows': 16}
{'ticker': 'DIA', 'mode': 'binary', 'thr': 60, 'window': 'MAX', 'order': 1, 'rows': 2}
{'ticker': 'DIA', 'mode': 'binary', 'thr': 60, 'window': 'MAX', 'order': 2, 'rows': 4}
{'ticker': 'DIA', 'mode': 'binary', 'thr': 60, 'window': 'MAX', 'order': 3, 'rows': 8}
{'ticker': 'DIA', 'mode': 'binary', 'thr': 60, 'window': 'MAX', 'order': 4, 'rows': 16}
{'ticker': 'DIA', 'mode': 'binary', 'thr': 65, 'window': '1Y', 'order': 1, 'rows': 2}
{'ticker': 'DIA', 'mode': 'binary', 'thr': 65, 'window': '1Y', 'order': 2, 'rows': 4}
{'ticker': 'DIA', 'mode': 'binary', 'thr': 65, 'window': '1Y', 'order': 3, 'rows': 8}
{'ticker': 'DIA', 'mode': 'binary', 'thr': 65, 'window': '1Y', 'order': 4, 'rows': 15}
{'ticker': 'DIA', 'mode': 'binary', 'thr': 65, 'window': '2Y', 'order': 1, 'rows': 2}
{'ticker': 'DIA', 'mode': 'binary', 'thr': 65, 'window': '2Y', 'order': 2, 'rows': 4}
{'ticker': 'DIA', 'mode': 'binary', 'thr': 65, 'window': '2Y', 'order': 3, 'rows': 8}
{'ticker': 'DIA', 'mode': 'binary', 'thr': 65, 'window': '2Y', 'order': 4, 'rows': 15}
{'ticker': 'DIA', 'mode': 'binary', 'thr': 65, 'window': '5Y', 'order': 1, 'rows': 2}
{'ticker': 'DIA', 'mode': 'binary', 'thr': 65, 'window': '5Y', 'order': 2, 'rows': 4}
{'ticker': 'DIA', 'mode': 'binary', 'thr': 65, 'window': '5Y', 'order': 3, 'rows': 8}
{'ticker': 'DIA', 'mode': 'binary', 'thr': 65, 'window': '5Y', 'order': 4, 'rows': 16}
{'ticker': 'DIA', 'mode': 'binary', 'thr': 65, 'window': '10Y', 'order': 1, 'rows': 2}
{'ticker': 'DIA', 'mode': 'binary', 'thr': 65, 'window': '10Y', 'order': 2, 'rows': 4}
{'ticker': 'DIA', 'mode': 'binary', 'thr': 65, 'window': '10Y', 'order': 3, 'rows': 8}
{'ticker': 'DIA', 'mode': 'binary', 'thr': 65, 'window': '10Y', 'order': 4, 'rows': 16}
{'ticker': 'DIA', 'mode': 'binary', 'thr': 65, 'window': '20Y', 'order': 1, 'rows': 2}
{'ticker': 'DIA', 'mode': 'binary', 'thr': 65, 'window': '20Y', 'order': 2, 'rows': 4}
{'ticker': 'DIA', 'mode': 'binary', 'thr': 65, 'window': '20Y', 'order': 3, 'rows': 8}
{'ticker': 'DIA', 'mode': 'binary', 'thr': 65, 'window': '20Y', 'order': 4, 'rows': 16}
{'ticker': 'DIA', 'mode': 'binary', 'thr': 65, 'window': 'MAX', 'order': 1, 'rows': 2}
{'ticker': 'DIA', 'mode': 'binary', 'thr': 65, 'window': 'MAX', 'order': 2, 'rows': 4}
{'ticker': 'DIA', 'mode': 'binary', 'thr': 65, 'window': 'MAX', 'order': 3, 'rows': 8}
{'ticker': 'DIA', 'mode': 'binary', 'thr': 65, 'window': 'MAX', 'order': 4, 'rows': 16}
{'ticker': 'DIA', 'mode': 'binary', 'thr': 70, 'window': '1Y', 'order': 1, 'rows': 2}
{'ticker': 'DIA', 'mode': 'binary', 'thr': 70, 'window': '1Y', 'order': 2, 'rows': 4}
{'ticker': 'DIA', 'mode': 'binary', 'thr': 70, 'window': '1Y', 'order': 3, 'rows': 8}
{'ticker': 'DIA', 'mode': 'binary', 'thr': 70, 'window': '1Y', 'order': 4, 'rows': 15}
{'ticker': 'DIA', 'mode': 'binary', 'thr': 70, 'window': '2Y', 'order': 1, 'rows': 2}
{'ticker': 'DIA', 'mode': 'binary', 'thr': 70, 'window': '2Y', 'order': 2, 'rows': 4}
{'ticker': 'DIA', 'mode': 'binary', 'thr': 70, 'window': '2Y', 'order': 3, 'rows': 8}
{'ticker': 'DIA', 'mode': 'binary', 'thr': 70, 'window': '2Y', 'order': 4, 'rows': 15}
{'ticker': 'DIA', 'mode': 'binary', 'thr': 70, 'window': '5Y', 'order': 1, 'rows': 2}
{'ticker': 'DIA', 'mode': 'binary', 'thr': 70, 'window': '5Y', 'order': 2, 'rows': 4}
{'ticker': 'DIA', 'mode': 'binary', 'thr': 70, 'window': '5Y', 'order': 3, 'rows': 8}
{'ticker': 'DIA', 'mode': 'binary', 'thr': 70, 'window': '5Y', 'order': 4, 'rows': 16}
{'ticker': 'DIA', 'mode': 'binary', 'thr': 70, 'window': '10Y', 'order': 1, 'rows': 2}
{'ticker': 'DIA', 'mode': 'binary', 'thr': 70, 'window': '10Y', 'order': 2, 'rows': 4}
{'ticker': 'DIA', 'mode': 'binary', 'thr': 70, 'window': '10Y', 'order': 3, 'rows': 8}
{'ticker': 'DIA', 'mode': 'binary', 'thr': 70, 'window': '10Y', 'order': 4, 'rows': 16}
{'ticker': 'DIA', 'mode': 'binary', 'thr': 70, 'window': '20Y', 'order': 1, 'rows': 2}
{'ticker': 'DIA', 'mode': 'binary', 'thr': 70, 'window': '20Y', 'order': 2, 'rows': 4}
{'ticker': 'DIA', 'mode': 'binary', 'thr': 70, 'window': '20Y', 'order': 3, 'rows': 8}
{'ticker': 'DIA', 'mode': 'binary', 'thr': 70, 'window': '20Y', 'order': 4, 'rows': 16}
{'ticker': 'DIA', 'mode': 'binary', 'thr': 70, 'window': 'MAX', 'order': 1, 'rows': 2}
{'ticker': 'DIA', 'mode': 'binary', 'thr': 70, 'window': 'MAX', 'order': 2, 'rows': 4}
{'ticker': 'DIA', 'mode': 'binary', 'thr': 70, 'window': 'MAX', 'order': 3, 'rows': 8}
{'ticker': 'DIA', 'mode': 'binary', 'thr': 70, 'window': 'MAX', 'order': 4, 'rows': 16}
{'ticker': 'DIA', 'mode': 'binary', 'thr': 75, 'window': '1Y', 'order': 1, 'rows': 2}
{'ticker': 'DIA', 'mode': 'binary', 'thr': 75, 'window': '1Y', 'order': 2, 'rows': 4}
{'ticker': 'DIA', 'mode': 'binary', 'thr': 75, 'window': '1Y', 'order': 3, 'rows': 8}
{'ticker': 'DIA', 'mode': 'binary', 'thr': 75, 'window': '1Y', 'order': 4, 'rows': 15}
{'ticker': 'DIA', 'mode': 'binary', 'thr': 75, 'window': '2Y', 'order': 1, 'rows': 2}
{'ticker': 'DIA', 'mode': 'binary', 'thr': 75, 'window': '2Y', 'order': 2, 'rows': 4}
{'ticker': 'DIA', 'mode': 'binary', 'thr': 75, 'window': '2Y', 'order': 3, 'rows': 8}
{'ticker': 'DIA', 'mode': 'binary', 'thr': 75, 'window': '2Y', 'order': 4, 'rows': 15}
{'ticker': 'DIA', 'mode': 'binary', 'thr': 75, 'window': '5Y', 'order': 1, 'rows': 2}
{'ticker': 'DIA', 'mode': 'binary', 'thr': 75, 'window': '5Y', 'order': 2, 'rows': 4}
{'ticker': 'DIA', 'mode': 'binary', 'thr': 75, 'window': '5Y', 'order': 3, 'rows': 8}
{'ticker': 'DIA', 'mode': 'binary', 'thr': 75, 'window': '5Y', 'order': 4, 'rows': 15}
{'ticker': 'DIA', 'mode': 'binary', 'thr': 75, 'window': '10Y', 'order': 1, 'rows': 2}
{'ticker': 'DIA', 'mode': 'binary', 'thr': 75, 'window': '10Y', 'order': 2, 'rows': 4}
{'ticker': 'DIA', 'mode': 'binary', 'thr': 75, 'window': '10Y', 'order': 3, 'rows': 8}
{'ticker': 'DIA', 'mode': 'binary', 'thr': 75, 'window': '10Y', 'order': 4, 'rows': 16}
{'ticker': 'DIA', 'mode': 'binary', 'thr': 75, 'window': '20Y', 'order': 1, 'rows': 2}
{'ticker': 'DIA', 'mode': 'binary', 'thr': 75, 'window': '20Y', 'order': 2, 'rows': 4}2025-11-12 11:27:08,472 INFO [cli] {'ticker': 'DIA', 'mode': 'binary', 'thr': 75, 'window': '20Y', 'order': 2, 'rows': 4}
2025-11-12 11:27:08,480 INFO [cli] {'ticker': 'DIA', 'mode': 'binary', 'thr': 75, 'window': '20Y', 'order': 3, 'rows': 8}
2025-11-12 11:27:08,492 INFO [cli] {'ticker': 'DIA', 'mode': 'binary', 'thr': 75, 'window': '20Y', 'order': 4, 'rows': 16}
2025-11-12 11:27:08,500 INFO [cli] {'ticker': 'DIA', 'mode': 'binary', 'thr': 75, 'window': 'MAX', 'order': 1, 'rows': 2}
2025-11-12 11:27:08,508 INFO [cli] {'ticker': 'DIA', 'mode': 'binary', 'thr': 75, 'window': 'MAX', 'order': 2, 'rows': 4}
2025-11-12 11:27:08,518 INFO [cli] {'ticker': 'DIA', 'mode': 'binary', 'thr': 75, 'window': 'MAX', 'order': 3, 'rows': 8}
2025-11-12 11:27:08,527 INFO [cli] {'ticker': 'DIA', 'mode': 'binary', 'thr': 75, 'window': 'MAX', 'order': 4, 'rows': 16}
2025-11-12 11:27:08,545 INFO [cli] {'ticker': 'DIA', 'mode': 'binary', 'thr': 80, 'window': '1Y', 'order': 1, 'rows': 2}
2025-11-12 11:27:08,553 INFO [cli] {'ticker': 'DIA', 'mode': 'binary', 'thr': 80, 'window': '1Y', 'order': 2, 'rows': 4}
2025-11-12 11:27:08,563 INFO [cli] {'ticker': 'DIA', 'mode': 'binary', 'thr': 80, 'window': '1Y', 'order': 3, 'rows': 8}
2025-11-12 11:27:08,572 INFO [cli] {'ticker': 'DIA', 'mode': 'binary', 'thr': 80, 'window': '1Y', 'order': 4, 'rows': 15}
2025-11-12 11:27:08,593 INFO [cli] {'ticker': 'DIA', 'mode': 'binary', 'thr': 80, 'window': '2Y', 'order': 1, 'rows': 2}
2025-11-12 11:27:08,601 INFO [cli] {'ticker': 'DIA', 'mode': 'binary', 'thr': 80, 'window': '2Y', 'order': 2, 'rows': 4}
2025-11-12 11:27:08,611 INFO [cli] {'ticker': 'DIA', 'mode': 'binary', 'thr': 80, 'window': '2Y', 'order': 3, 'rows': 8}
2025-11-12 11:27:08,618 INFO [cli] {'ticker': 'DIA', 'mode': 'binary', 'thr': 80, 'window': '2Y', 'order': 4, 'rows': 15}
2025-11-12 11:27:08,626 INFO [cli] {'ticker': 'DIA', 'mode': 'binary', 'thr': 80, 'window': '5Y', 'order': 1, 'rows': 2}
2025-11-12 11:27:08,634 INFO [cli] {'ticker': 'DIA', 'mode': 'binary', 'thr': 80, 'window': '5Y', 'order': 2, 'rows': 4}
2025-11-12 11:27:08,643 INFO [cli] {'ticker': 'DIA', 'mode': 'binary', 'thr': 80, 'window': '5Y', 'order': 3, 'rows': 8}
2025-11-12 11:27:08,651 INFO [cli] {'ticker': 'DIA', 'mode': 'binary', 'thr': 80, 'window': '5Y', 'order': 4, 'rows': 15}
2025-11-12 11:27:08,659 INFO [cli] {'ticker': 'DIA', 'mode': 'binary', 'thr': 80, 'window': '10Y', 'order': 1, 'rows': 2}
2025-11-12 11:27:08,667 INFO [cli] {'ticker': 'DIA', 'mode': 'binary', 'thr': 80, 'window': '10Y', 'order': 2, 'rows': 4}
2025-11-12 11:27:08,677 INFO [cli] {'ticker': 'DIA', 'mode': 'binary', 'thr': 80, 'window': '10Y', 'order': 3, 'rows': 8}
2025-11-12 11:27:08,686 INFO [cli] {'ticker': 'DIA', 'mode': 'binary', 'thr': 80, 'window': '10Y', 'order': 4, 'rows': 16}
2025-11-12 11:27:08,696 INFO [cli] {'ticker': 'DIA', 'mode': 'binary', 'thr': 80, 'window': '20Y', 'order': 1, 'rows': 2}
2025-11-12 11:27:08,705 INFO [cli] {'ticker': 'DIA', 'mode': 'binary', 'thr': 80, 'window': '20Y', 'order': 2, 'rows': 4}
2025-11-12 11:27:08,716 INFO [cli] {'ticker': 'DIA', 'mode': 'binary', 'thr': 80, 'window': '20Y', 'order': 3, 'rows': 8}
2025-11-12 11:27:08,725 INFO [cli] {'ticker': 'DIA', 'mode': 'binary', 'thr': 80, 'window': '20Y', 'order': 4, 'rows': 16}
2025-11-12 11:27:08,732 INFO [cli] {'ticker': 'DIA', 'mode': 'binary', 'thr': 80, 'window': 'MAX', 'order': 1, 'rows': 2}
2025-11-12 11:27:08,741 INFO [cli] {'ticker': 'DIA', 'mode': 'binary', 'thr': 80, 'window': 'MAX', 'order': 2, 'rows': 4}
2025-11-12 11:27:08,752 INFO [cli] {'ticker': 'DIA', 'mode': 'binary', 'thr': 80, 'window': 'MAX', 'order': 3, 'rows': 8}
2025-11-12 11:27:08,763 INFO [cli] {'ticker': 'DIA', 'mode': 'binary', 'thr': 80, 'window': 'MAX', 'order': 4, 'rows': 16}
2025-11-12 11:27:08,779 INFO [cli] {'ticker': 'DIA', 'mode': 'binary', 'thr': 85, 'window': '1Y', 'order': 1, 'rows': 2}
2025-11-12 11:27:08,788 INFO [cli] {'ticker': 'DIA', 'mode': 'binary', 'thr': 85, 'window': '1Y', 'order': 2, 'rows': 4}
2025-11-12 11:27:08,798 INFO [cli] {'ticker': 'DIA', 'mode': 'binary', 'thr': 85, 'window': '1Y', 'order': 3, 'rows': 8}
2025-11-12 11:27:08,808 INFO [cli] {'ticker': 'DIA', 'mode': 'binary', 'thr': 85, 'window': '1Y', 'order': 4, 'rows': 15}
2025-11-12 11:27:08,817 INFO [cli] {'ticker': 'DIA', 'mode': 'binary', 'thr': 85, 'window': '2Y', 'order': 1, 'rows': 2}
2025-11-12 11:27:08,827 INFO [cli] {'ticker': 'DIA', 'mode': 'binary', 'thr': 85, 'window': '2Y', 'order': 2, 'rows': 4}
2025-11-12 11:27:08,837 INFO [cli] {'ticker': 'DIA', 'mode': 'binary', 'thr': 85, 'window': '2Y', 'order': 3, 'rows': 8}
2025-11-12 11:27:08,847 INFO [cli] {'ticker': 'DIA', 'mode': 'binary', 'thr': 85, 'window': '2Y', 'order': 4, 'rows': 15}
2025-11-12 11:27:08,856 INFO [cli] {'ticker': 'DIA', 'mode': 'binary', 'thr': 85, 'window': '5Y', 'order': 1, 'rows': 2}
2025-11-12 11:27:08,864 INFO [cli] {'ticker': 'DIA', 'mode': 'binary', 'thr': 85, 'window': '5Y', 'order': 2, 'rows': 4}
2025-11-12 11:27:08,877 INFO [cli] {'ticker': 'DIA', 'mode': 'binary', 'thr': 85, 'window': '5Y', 'order': 3, 'rows': 8}
2025-11-12 11:27:08,885 INFO [cli] {'ticker': 'DIA', 'mode': 'binary', 'thr': 85, 'window': '5Y', 'order': 4, 'rows': 15}
2025-11-12 11:27:08,893 INFO [cli] {'ticker': 'DIA', 'mode': 'binary', 'thr': 85, 'window': '10Y', 'order': 1, 'rows': 2}
2025-11-12 11:27:08,900 INFO [cli] {'ticker': 'DIA', 'mode': 'binary', 'thr': 85, 'window': '10Y', 'order': 2, 'rows': 4}
2025-11-12 11:27:08,909 INFO [cli] {'ticker': 'DIA', 'mode': 'binary', 'thr': 85, 'window': '10Y', 'order': 3, 'rows': 8}
2025-11-12 11:27:08,920 INFO [cli] {'ticker': 'DIA', 'mode': 'binary', 'thr': 85, 'window': '10Y', 'order': 4, 'rows': 16}
2025-11-12 11:27:08,929 INFO [cli] {'ticker': 'DIA', 'mode': 'binary', 'thr': 85, 'window': '20Y', 'order': 1, 'rows': 2}
2025-11-12 11:27:08,939 INFO [cli] {'ticker': 'DIA', 'mode': 'binary', 'thr': 85, 'window': '20Y', 'order': 2, 'rows': 4}
2025-11-12 11:27:08,949 INFO [cli] {'ticker': 'DIA', 'mode': 'binary', 'thr': 85, 'window': '20Y', 'order': 3, 'rows': 8}
2025-11-12 11:27:08,957 INFO [cli] {'ticker': 'DIA', 'mode': 'binary', 'thr': 85, 'window': '20Y', 'order': 4, 'rows': 16}
2025-11-12 11:27:08,967 INFO [cli] {'ticker': 'DIA', 'mode': 'binary', 'thr': 85, 'window': 'MAX', 'order': 1, 'rows': 2}
2025-11-12 11:27:08,977 INFO [cli] {'ticker': 'DIA', 'mode': 'binary', 'thr': 85, 'window': 'MAX', 'order': 2, 'rows': 4}
2025-11-12 11:27:08,985 INFO [cli] {'ticker': 'DIA', 'mode': 'binary', 'thr': 85, 'window': 'MAX', 'order': 3, 'rows': 8}
2025-11-12 11:27:08,992 INFO [cli] {'ticker': 'DIA', 'mode': 'binary', 'thr': 85, 'window': 'MAX', 'order': 4, 'rows': 16}
2025-11-12 11:27:09,008 INFO [cli] {'ticker': 'DIA', 'mode': 'binary', 'thr': 90, 'window': '1Y', 'order': 1, 'rows': 2}
2025-11-12 11:27:09,018 INFO [cli] {'ticker': 'DIA', 'mode': 'binary', 'thr': 90, 'window': '1Y', 'order': 2, 'rows': 4}
2025-11-12 11:27:09,028 INFO [cli] {'ticker': 'DIA', 'mode': 'binary', 'thr': 90, 'window': '1Y', 'order': 3, 'rows': 8}
2025-11-12 11:27:09,037 INFO [cli] {'ticker': 'DIA', 'mode': 'binary', 'thr': 90, 'window': '1Y', 'order': 4, 'rows': 15}
2025-11-12 11:27:09,046 INFO [cli] {'ticker': 'DIA', 'mode': 'binary', 'thr': 90, 'window': '2Y', 'order': 1, 'rows': 2}
2025-11-12 11:27:09,054 INFO [cli] {'ticker': 'DIA', 'mode': 'binary', 'thr': 90, 'window': '2Y', 'order': 2, 'rows': 4}
2025-11-12 11:27:09,063 INFO [cli] {'ticker': 'DIA', 'mode': 'binary', 'thr': 90, 'window': '2Y', 'order': 3, 'rows': 8}
2025-11-12 11:27:09,072 INFO [cli] {'ticker': 'DIA', 'mode': 'binary', 'thr': 90, 'window': '2Y', 'order': 4, 'rows': 15}
2025-11-12 11:27:09,082 INFO [cli] {'ticker': 'DIA', 'mode': 'binary', 'thr': 90, 'window': '5Y', 'order': 1, 'rows': 2}
2025-11-12 11:27:09,090 INFO [cli] {'ticker': 'DIA', 'mode': 'binary', 'thr': 90, 'window': '5Y', 'order': 2, 'rows': 4}
2025-11-12 11:27:09,100 INFO [cli] {'ticker': 'DIA', 'mode': 'binary', 'thr': 90, 'window': '5Y', 'order': 3, 'rows': 8}
2025-11-12 11:27:09,111 INFO [cli] {'ticker': 'DIA', 'mode': 'binary', 'thr': 90, 'window': '5Y', 'order': 4, 'rows': 15}
2025-11-12 11:27:09,120 INFO [cli] {'ticker': 'DIA', 'mode': 'binary', 'thr': 90, 'window': '10Y', 'order': 1, 'rows': 2}
2025-11-12 11:27:09,129 INFO [cli] {'ticker': 'DIA', 'mode': 'binary', 'thr': 90, 'window': '10Y', 'order': 2, 'rows': 4}
2025-11-12 11:27:09,138 INFO [cli] {'ticker': 'DIA', 'mode': 'binary', 'thr': 90, 'window': '10Y', 'order': 3, 'rows': 8}
2025-11-12 11:27:09,147 INFO [cli] {'ticker': 'DIA', 'mode': 'binary', 'thr': 90, 'window': '10Y', 'order': 4, 'rows': 16}
2025-11-12 11:27:09,155 INFO [cli] {'ticker': 'DIA', 'mode': 'binary', 'thr': 90, 'window': '20Y', 'order': 1, 'rows': 2}
2025-11-12 11:27:09,164 INFO [cli] {'ticker': 'DIA', 'mode': 'binary', 'thr': 90, 'window': '20Y', 'order': 2, 'rows': 4}
2025-11-12 11:27:09,172 INFO [cli] {'ticker': 'DIA', 'mode': 'binary', 'thr': 90, 'window': '20Y', 'order': 3, 'rows': 8}
2025-11-12 11:27:09,181 INFO [cli] {'ticker': 'DIA', 'mode': 'binary', 'thr': 90, 'window': '20Y', 'order': 4, 'rows': 16}
2025-11-12 11:27:09,189 INFO [cli] {'ticker': 'DIA', 'mode': 'binary', 'thr': 90, 'window': 'MAX', 'order': 1, 'rows': 2}
2025-11-12 11:27:09,198 INFO [cli] {'ticker': 'DIA', 'mode': 'binary', 'thr': 90, 'window': 'MAX', 'order': 2, 'rows': 4}
2025-11-12 11:27:09,206 INFO [cli] {'ticker': 'DIA', 'mode': 'binary', 'thr': 90, 'window': 'MAX', 'order': 3, 'rows': 8}
2025-11-12 11:27:09,214 INFO [cli] {'ticker': 'DIA', 'mode': 'binary', 'thr': 90, 'window': 'MAX', 'order': 4, 'rows': 16}
2025-11-12 11:27:09,229 INFO [cli] {'ticker': 'DIA', 'mode': 'binary', 'thr': 95, 'window': '1Y', 'order': 1, 'rows': 2}
2025-11-12 11:27:09,241 INFO [cli] {'ticker': 'DIA', 'mode': 'binary', 'thr': 95, 'window': '1Y', 'order': 2, 'rows': 4}
2025-11-12 11:27:09,251 INFO [cli] {'ticker': 'DIA', 'mode': 'binary', 'thr': 95, 'window': '1Y', 'order': 3, 'rows': 8}
2025-11-12 11:27:09,261 INFO [cli] {'ticker': 'DIA', 'mode': 'binary', 'thr': 95, 'window': '1Y', 'order': 4, 'rows': 13}
2025-11-12 11:27:09,270 INFO [cli] {'ticker': 'DIA', 'mode': 'binary', 'thr': 95, 'window': '2Y', 'order': 1, 'rows': 2}
2025-11-12 11:27:09,279 INFO [cli] {'ticker': 'DIA', 'mode': 'binary', 'thr': 95, 'window': '2Y', 'order': 2, 'rows': 4}
2025-11-12 11:27:09,287 INFO [cli] {'ticker': 'DIA', 'mode': 'binary', 'thr': 95, 'window': '2Y', 'order': 3, 'rows': 8}
2025-11-12 11:27:09,295 INFO [cli] {'ticker': 'DIA', 'mode': 'binary', 'thr': 95, 'window': '2Y', 'order': 4, 'rows': 13}
2025-11-12 11:27:09,306 INFO [cli] {'ticker': 'DIA', 'mode': 'binary', 'thr': 95, 'window': '5Y', 'order': 1, 'rows': 2}
2025-11-12 11:27:09,315 INFO [cli] {'ticker': 'DIA', 'mode': 'binary', 'thr': 95, 'window': '5Y', 'order': 2, 'rows': 4}
2025-11-12 11:27:09,323 INFO [cli] {'ticker': 'DIA', 'mode': 'binary', 'thr': 95, 'window': '5Y', 'order': 3, 'rows': 8}
2025-11-12 11:27:09,333 INFO [cli] {'ticker': 'DIA', 'mode': 'binary', 'thr': 95, 'window': '5Y', 'order': 4, 'rows': 15}
2025-11-12 11:27:09,345 INFO [cli] {'ticker': 'DIA', 'mode': 'binary', 'thr': 95, 'window': '10Y', 'order': 1, 'rows': 2}
2025-11-12 11:27:09,351 INFO [cli] {'ticker': 'DIA', 'mode': 'binary', 'thr': 95, 'window': '10Y', 'order': 2, 'rows': 4}
2025-11-12 11:27:09,359 INFO [cli] {'ticker': 'DIA', 'mode': 'binary', 'thr': 95, 'window': '10Y', 'order': 3, 'rows': 8}
2025-11-12 11:27:09,370 INFO [cli] {'ticker': 'DIA', 'mode': 'binary', 'thr': 95, 'window': '10Y', 'order': 4, 'rows': 16}

{'ticker': 'DIA', 'mode': 'binary', 'thr': 75, 'window': '20Y', 'order': 3, 'rows': 8}
{'ticker': 'DIA', 'mode': 'binary', 'thr': 75, 'window': '20Y', 'order': 4, 'rows': 16}
{'ticker': 'DIA', 'mode': 'binary', 'thr': 75, 'window': 'MAX', 'order': 1, 'rows': 2}
{'ticker': 'DIA', 'mode': 'binary', 'thr': 75, 'window': 'MAX', 'order': 2, 'rows': 4}
{'ticker': 'DIA', 'mode': 'binary', 'thr': 75, 'window': 'MAX', 'order': 3, 'rows': 8}
{'ticker': 'DIA', 'mode': 'binary', 'thr': 75, 'window': 'MAX', 'order': 4, 'rows': 16}
{'ticker': 'DIA', 'mode': 'binary', 'thr': 80, 'window': '1Y', 'order': 1, 'rows': 2}
{'ticker': 'DIA', 'mode': 'binary', 'thr': 80, 'window': '1Y', 'order': 2, 'rows': 4}
{'ticker': 'DIA', 'mode': 'binary', 'thr': 80, 'window': '1Y', 'order': 3, 'rows': 8}
{'ticker': 'DIA', 'mode': 'binary', 'thr': 80, 'window': '1Y', 'order': 4, 'rows': 15}
{'ticker': 'DIA', 'mode': 'binary', 'thr': 80, 'window': '2Y', 'order': 1, 'rows': 2}
{'ticker': 'DIA', 'mode': 'binary', 'thr': 80, 'window': '2Y', 'order': 2, 'rows': 4}
{'ticker': 'DIA', 'mode': 'binary', 'thr': 80, 'window': '2Y', 'order': 3, 'rows': 8}
{'ticker': 'DIA', 'mode': 'binary', 'thr': 80, 'window': '2Y', 'order': 4, 'rows': 15}
{'ticker': 'DIA', 'mode': 'binary', 'thr': 80, 'window': '5Y', 'order': 1, 'rows': 2}
{'ticker': 'DIA', 'mode': 'binary', 'thr': 80, 'window': '5Y', 'order': 2, 'rows': 4}
{'ticker': 'DIA', 'mode': 'binary', 'thr': 80, 'window': '5Y', 'order': 3, 'rows': 8}
{'ticker': 'DIA', 'mode': 'binary', 'thr': 80, 'window': '5Y', 'order': 4, 'rows': 15}
{'ticker': 'DIA', 'mode': 'binary', 'thr': 80, 'window': '10Y', 'order': 1, 'rows': 2}
{'ticker': 'DIA', 'mode': 'binary', 'thr': 80, 'window': '10Y', 'order': 2, 'rows': 4}
{'ticker': 'DIA', 'mode': 'binary', 'thr': 80, 'window': '10Y', 'order': 3, 'rows': 8}
{'ticker': 'DIA', 'mode': 'binary', 'thr': 80, 'window': '10Y', 'order': 4, 'rows': 16}
{'ticker': 'DIA', 'mode': 'binary', 'thr': 80, 'window': '20Y', 'order': 1, 'rows': 2}
{'ticker': 'DIA', 'mode': 'binary', 'thr': 80, 'window': '20Y', 'order': 2, 'rows': 4}
{'ticker': 'DIA', 'mode': 'binary', 'thr': 80, 'window': '20Y', 'order': 3, 'rows': 8}
{'ticker': 'DIA', 'mode': 'binary', 'thr': 80, 'window': '20Y', 'order': 4, 'rows': 16}
{'ticker': 'DIA', 'mode': 'binary', 'thr': 80, 'window': 'MAX', 'order': 1, 'rows': 2}
{'ticker': 'DIA', 'mode': 'binary', 'thr': 80, 'window': 'MAX', 'order': 2, 'rows': 4}
{'ticker': 'DIA', 'mode': 'binary', 'thr': 80, 'window': 'MAX', 'order': 3, 'rows': 8}
{'ticker': 'DIA', 'mode': 'binary', 'thr': 80, 'window': 'MAX', 'order': 4, 'rows': 16}
{'ticker': 'DIA', 'mode': 'binary', 'thr': 85, 'window': '1Y', 'order': 1, 'rows': 2}
{'ticker': 'DIA', 'mode': 'binary', 'thr': 85, 'window': '1Y', 'order': 2, 'rows': 4}
{'ticker': 'DIA', 'mode': 'binary', 'thr': 85, 'window': '1Y', 'order': 3, 'rows': 8}
{'ticker': 'DIA', 'mode': 'binary', 'thr': 85, 'window': '1Y', 'order': 4, 'rows': 15}
{'ticker': 'DIA', 'mode': 'binary', 'thr': 85, 'window': '2Y', 'order': 1, 'rows': 2}
{'ticker': 'DIA', 'mode': 'binary', 'thr': 85, 'window': '2Y', 'order': 2, 'rows': 4}
{'ticker': 'DIA', 'mode': 'binary', 'thr': 85, 'window': '2Y', 'order': 3, 'rows': 8}
{'ticker': 'DIA', 'mode': 'binary', 'thr': 85, 'window': '2Y', 'order': 4, 'rows': 15}
{'ticker': 'DIA', 'mode': 'binary', 'thr': 85, 'window': '5Y', 'order': 1, 'rows': 2}
{'ticker': 'DIA', 'mode': 'binary', 'thr': 85, 'window': '5Y', 'order': 2, 'rows': 4}
{'ticker': 'DIA', 'mode': 'binary', 'thr': 85, 'window': '5Y', 'order': 3, 'rows': 8}
{'ticker': 'DIA', 'mode': 'binary', 'thr': 85, 'window': '5Y', 'order': 4, 'rows': 15}
{'ticker': 'DIA', 'mode': 'binary', 'thr': 85, 'window': '10Y', 'order': 1, 'rows': 2}
{'ticker': 'DIA', 'mode': 'binary', 'thr': 85, 'window': '10Y', 'order': 2, 'rows': 4}
{'ticker': 'DIA', 'mode': 'binary', 'thr': 85, 'window': '10Y', 'order': 3, 'rows': 8}
{'ticker': 'DIA', 'mode': 'binary', 'thr': 85, 'window': '10Y', 'order': 4, 'rows': 16}
{'ticker': 'DIA', 'mode': 'binary', 'thr': 85, 'window': '20Y', 'order': 1, 'rows': 2}
{'ticker': 'DIA', 'mode': 'binary', 'thr': 85, 'window': '20Y', 'order': 2, 'rows': 4}
{'ticker': 'DIA', 'mode': 'binary', 'thr': 85, 'window': '20Y', 'order': 3, 'rows': 8}
{'ticker': 'DIA', 'mode': 'binary', 'thr': 85, 'window': '20Y', 'order': 4, 'rows': 16}
{'ticker': 'DIA', 'mode': 'binary', 'thr': 85, 'window': 'MAX', 'order': 1, 'rows': 2}
{'ticker': 'DIA', 'mode': 'binary', 'thr': 85, 'window': 'MAX', 'order': 2, 'rows': 4}
{'ticker': 'DIA', 'mode': 'binary', 'thr': 85, 'window': 'MAX', 'order': 3, 'rows': 8}
{'ticker': 'DIA', 'mode': 'binary', 'thr': 85, 'window': 'MAX', 'order': 4, 'rows': 16}
{'ticker': 'DIA', 'mode': 'binary', 'thr': 90, 'window': '1Y', 'order': 1, 'rows': 2}
{'ticker': 'DIA', 'mode': 'binary', 'thr': 90, 'window': '1Y', 'order': 2, 'rows': 4}
{'ticker': 'DIA', 'mode': 'binary', 'thr': 90, 'window': '1Y', 'order': 3, 'rows': 8}
{'ticker': 'DIA', 'mode': 'binary', 'thr': 90, 'window': '1Y', 'order': 4, 'rows': 15}
{'ticker': 'DIA', 'mode': 'binary', 'thr': 90, 'window': '2Y', 'order': 1, 'rows': 2}
{'ticker': 'DIA', 'mode': 'binary', 'thr': 90, 'window': '2Y', 'order': 2, 'rows': 4}
{'ticker': 'DIA', 'mode': 'binary', 'thr': 90, 'window': '2Y', 'order': 3, 'rows': 8}
{'ticker': 'DIA', 'mode': 'binary', 'thr': 90, 'window': '2Y', 'order': 4, 'rows': 15}
{'ticker': 'DIA', 'mode': 'binary', 'thr': 90, 'window': '5Y', 'order': 1, 'rows': 2}
{'ticker': 'DIA', 'mode': 'binary', 'thr': 90, 'window': '5Y', 'order': 2, 'rows': 4}
{'ticker': 'DIA', 'mode': 'binary', 'thr': 90, 'window': '5Y', 'order': 3, 'rows': 8}
{'ticker': 'DIA', 'mode': 'binary', 'thr': 90, 'window': '5Y', 'order': 4, 'rows': 15}
{'ticker': 'DIA', 'mode': 'binary', 'thr': 90, 'window': '10Y', 'order': 1, 'rows': 2}
{'ticker': 'DIA', 'mode': 'binary', 'thr': 90, 'window': '10Y', 'order': 2, 'rows': 4}
{'ticker': 'DIA', 'mode': 'binary', 'thr': 90, 'window': '10Y', 'order': 3, 'rows': 8}
{'ticker': 'DIA', 'mode': 'binary', 'thr': 90, 'window': '10Y', 'order': 4, 'rows': 16}
{'ticker': 'DIA', 'mode': 'binary', 'thr': 90, 'window': '20Y', 'order': 1, 'rows': 2}
{'ticker': 'DIA', 'mode': 'binary', 'thr': 90, 'window': '20Y', 'order': 2, 'rows': 4}
{'ticker': 'DIA', 'mode': 'binary', 'thr': 90, 'window': '20Y', 'order': 3, 'rows': 8}
{'ticker': 'DIA', 'mode': 'binary', 'thr': 90, 'window': '20Y', 'order': 4, 'rows': 16}
{'ticker': 'DIA', 'mode': 'binary', 'thr': 90, 'window': 'MAX', 'order': 1, 'rows': 2}
{'ticker': 'DIA', 'mode': 'binary', 'thr': 90, 'window': 'MAX', 'order': 2, 'rows': 4}
{'ticker': 'DIA', 'mode': 'binary', 'thr': 90, 'window': 'MAX', 'order': 3, 'rows': 8}
{'ticker': 'DIA', 'mode': 'binary', 'thr': 90, 'window': 'MAX', 'order': 4, 'rows': 16}
{'ticker': 'DIA', 'mode': 'binary', 'thr': 95, 'window': '1Y', 'order': 1, 'rows': 2}
{'ticker': 'DIA', 'mode': 'binary', 'thr': 95, 'window': '1Y', 'order': 2, 'rows': 4}
{'ticker': 'DIA', 'mode': 'binary', 'thr': 95, 'window': '1Y', 'order': 3, 'rows': 8}
{'ticker': 'DIA', 'mode': 'binary', 'thr': 95, 'window': '1Y', 'order': 4, 'rows': 13}
{'ticker': 'DIA', 'mode': 'binary', 'thr': 95, 'window': '2Y', 'order': 1, 'rows': 2}
{'ticker': 'DIA', 'mode': 'binary', 'thr': 95, 'window': '2Y', 'order': 2, 'rows': 4}
{'ticker': 'DIA', 'mode': 'binary', 'thr': 95, 'window': '2Y', 'order': 3, 'rows': 8}
{'ticker': 'DIA', 'mode': 'binary', 'thr': 95, 'window': '2Y', 'order': 4, 'rows': 13}
{'ticker': 'DIA', 'mode': 'binary', 'thr': 95, 'window': '5Y', 'order': 1, 'rows': 2}
{'ticker': 'DIA', 'mode': 'binary', 'thr': 95, 'window': '5Y', 'order': 2, 'rows': 4}
{'ticker': 'DIA', 'mode': 'binary', 'thr': 95, 'window': '5Y', 'order': 3, 'rows': 8}
{'ticker': 'DIA', 'mode': 'binary', 'thr': 95, 'window': '5Y', 'order': 4, 'rows': 15}
{'ticker': 'DIA', 'mode': 'binary', 'thr': 95, 'window': '10Y', 'order': 1, 'rows': 2}
{'ticker': 'DIA', 'mode': 'binary', 'thr': 95, 'window': '10Y', 'order': 2, 'rows': 4}
{'ticker': 'DIA', 'mode': 'binary', 'thr': 95, 'window': '10Y', 'order': 3, 'rows': 8}
{'ticker': 'DIA', 'mode': 'binary', 'thr': 95, 'window': '10Y', 'order': 4, 'rows': 16}
{'ticker': 'DIA', 'mode': 'binary', 'thr': 95, 'window': '20Y', 'order': 1, 'rows': 2}2025-11-12 11:27:09,380 INFO [cli] {'ticker': 'DIA', 'mode': 'binary', 'thr': 95, 'window': '20Y', 'order': 1, 'rows': 2}
2025-11-12 11:27:09,388 INFO [cli] {'ticker': 'DIA', 'mode': 'binary', 'thr': 95, 'window': '20Y', 'order': 2, 'rows': 4}
2025-11-12 11:27:09,395 INFO [cli] {'ticker': 'DIA', 'mode': 'binary', 'thr': 95, 'window': '20Y', 'order': 3, 'rows': 8}
2025-11-12 11:27:09,405 INFO [cli] {'ticker': 'DIA', 'mode': 'binary', 'thr': 95, 'window': '20Y', 'order': 4, 'rows': 16}
2025-11-12 11:27:09,414 INFO [cli] {'ticker': 'DIA', 'mode': 'binary', 'thr': 95, 'window': 'MAX', 'order': 1, 'rows': 2}
2025-11-12 11:27:09,423 INFO [cli] {'ticker': 'DIA', 'mode': 'binary', 'thr': 95, 'window': 'MAX', 'order': 2, 'rows': 4}
2025-11-12 11:27:09,432 INFO [cli] {'ticker': 'DIA', 'mode': 'binary', 'thr': 95, 'window': 'MAX', 'order': 3, 'rows': 8}
2025-11-12 11:27:09,441 INFO [cli] {'ticker': 'DIA', 'mode': 'binary', 'thr': 95, 'window': 'MAX', 'order': 4, 'rows': 16}
2025-11-12 11:27:09,457 INFO [cli] {'ticker': 'DIA', 'mode': 'binary', 'thr': 100, 'window': '1Y', 'order': 1, 'rows': 2}
2025-11-12 11:27:09,474 INFO [cli] {'ticker': 'DIA', 'mode': 'binary', 'thr': 100, 'window': '1Y', 'order': 2, 'rows': 4}
2025-11-12 11:27:09,483 INFO [cli] {'ticker': 'DIA', 'mode': 'binary', 'thr': 100, 'window': '1Y', 'order': 3, 'rows': 8}
2025-11-12 11:27:09,491 INFO [cli] {'ticker': 'DIA', 'mode': 'binary', 'thr': 100, 'window': '1Y', 'order': 4, 'rows': 13}
2025-11-12 11:27:09,498 INFO [cli] {'ticker': 'DIA', 'mode': 'binary', 'thr': 100, 'window': '2Y', 'order': 1, 'rows': 2}
2025-11-12 11:27:09,506 INFO [cli] {'ticker': 'DIA', 'mode': 'binary', 'thr': 100, 'window': '2Y', 'order': 2, 'rows': 4}
2025-11-12 11:27:09,514 INFO [cli] {'ticker': 'DIA', 'mode': 'binary', 'thr': 100, 'window': '2Y', 'order': 3, 'rows': 8}
2025-11-12 11:27:09,522 INFO [cli] {'ticker': 'DIA', 'mode': 'binary', 'thr': 100, 'window': '2Y', 'order': 4, 'rows': 13}
2025-11-12 11:27:09,531 INFO [cli] {'ticker': 'DIA', 'mode': 'binary', 'thr': 100, 'window': '5Y', 'order': 1, 'rows': 2}
2025-11-12 11:27:09,540 INFO [cli] {'ticker': 'DIA', 'mode': 'binary', 'thr': 100, 'window': '5Y', 'order': 2, 'rows': 4}
2025-11-12 11:27:09,549 INFO [cli] {'ticker': 'DIA', 'mode': 'binary', 'thr': 100, 'window': '5Y', 'order': 3, 'rows': 8}
2025-11-12 11:27:09,559 INFO [cli] {'ticker': 'DIA', 'mode': 'binary', 'thr': 100, 'window': '5Y', 'order': 4, 'rows': 15}
2025-11-12 11:27:09,567 INFO [cli] {'ticker': 'DIA', 'mode': 'binary', 'thr': 100, 'window': '10Y', 'order': 1, 'rows': 2}
2025-11-12 11:27:09,577 INFO [cli] {'ticker': 'DIA', 'mode': 'binary', 'thr': 100, 'window': '10Y', 'order': 2, 'rows': 4}
2025-11-12 11:27:09,588 INFO [cli] {'ticker': 'DIA', 'mode': 'binary', 'thr': 100, 'window': '10Y', 'order': 3, 'rows': 8}
2025-11-12 11:27:09,604 INFO [cli] {'ticker': 'DIA', 'mode': 'binary', 'thr': 100, 'window': '10Y', 'order': 4, 'rows': 16}
2025-11-12 11:27:09,613 INFO [cli] {'ticker': 'DIA', 'mode': 'binary', 'thr': 100, 'window': '20Y', 'order': 1, 'rows': 2}
2025-11-12 11:27:09,621 INFO [cli] {'ticker': 'DIA', 'mode': 'binary', 'thr': 100, 'window': '20Y', 'order': 2, 'rows': 4}
2025-11-12 11:27:09,629 INFO [cli] {'ticker': 'DIA', 'mode': 'binary', 'thr': 100, 'window': '20Y', 'order': 3, 'rows': 8}
2025-11-12 11:27:09,638 INFO [cli] {'ticker': 'DIA', 'mode': 'binary', 'thr': 100, 'window': '20Y', 'order': 4, 'rows': 16}
2025-11-12 11:27:09,647 INFO [cli] {'ticker': 'DIA', 'mode': 'binary', 'thr': 100, 'window': 'MAX', 'order': 1, 'rows': 2}
2025-11-12 11:27:09,655 INFO [cli] {'ticker': 'DIA', 'mode': 'binary', 'thr': 100, 'window': 'MAX', 'order': 2, 'rows': 4}
2025-11-12 11:27:09,664 INFO [cli] {'ticker': 'DIA', 'mode': 'binary', 'thr': 100, 'window': 'MAX', 'order': 3, 'rows': 8}
2025-11-12 11:27:09,673 INFO [cli] {'ticker': 'DIA', 'mode': 'binary', 'thr': 100, 'window': 'MAX', 'order': 4, 'rows': 16}
2025-11-12 11:27:09,690 INFO [cli] {'ticker': 'DIA', 'mode': 'binary', 'thr': 105, 'window': '1Y', 'order': 1, 'rows': 2}
2025-11-12 11:27:09,699 INFO [cli] {'ticker': 'DIA', 'mode': 'binary', 'thr': 105, 'window': '1Y', 'order': 2, 'rows': 4}
2025-11-12 11:27:09,707 INFO [cli] {'ticker': 'DIA', 'mode': 'binary', 'thr': 105, 'window': '1Y', 'order': 3, 'rows': 7}
2025-11-12 11:27:09,715 INFO [cli] {'ticker': 'DIA', 'mode': 'binary', 'thr': 105, 'window': '1Y', 'order': 4, 'rows': 11}
2025-11-12 11:27:09,724 INFO [cli] {'ticker': 'DIA', 'mode': 'binary', 'thr': 105, 'window': '2Y', 'order': 1, 'rows': 2}
2025-11-12 11:27:09,733 INFO [cli] {'ticker': 'DIA', 'mode': 'binary', 'thr': 105, 'window': '2Y', 'order': 2, 'rows': 4}
2025-11-12 11:27:09,742 INFO [cli] {'ticker': 'DIA', 'mode': 'binary', 'thr': 105, 'window': '2Y', 'order': 3, 'rows': 7}
2025-11-12 11:27:09,751 INFO [cli] {'ticker': 'DIA', 'mode': 'binary', 'thr': 105, 'window': '2Y', 'order': 4, 'rows': 11}
2025-11-12 11:27:09,761 INFO [cli] {'ticker': 'DIA', 'mode': 'binary', 'thr': 105, 'window': '5Y', 'order': 1, 'rows': 2}
2025-11-12 11:27:09,770 INFO [cli] {'ticker': 'DIA', 'mode': 'binary', 'thr': 105, 'window': '5Y', 'order': 2, 'rows': 4}
2025-11-12 11:27:09,780 INFO [cli] {'ticker': 'DIA', 'mode': 'binary', 'thr': 105, 'window': '5Y', 'order': 3, 'rows': 8}
2025-11-12 11:27:09,791 INFO [cli] {'ticker': 'DIA', 'mode': 'binary', 'thr': 105, 'window': '5Y', 'order': 4, 'rows': 14}
2025-11-12 11:27:09,800 INFO [cli] {'ticker': 'DIA', 'mode': 'binary', 'thr': 105, 'window': '10Y', 'order': 1, 'rows': 2}
2025-11-12 11:27:09,810 INFO [cli] {'ticker': 'DIA', 'mode': 'binary', 'thr': 105, 'window': '10Y', 'order': 2, 'rows': 4}
2025-11-12 11:27:09,820 INFO [cli] {'ticker': 'DIA', 'mode': 'binary', 'thr': 105, 'window': '10Y', 'order': 3, 'rows': 8}
2025-11-12 11:27:09,828 INFO [cli] {'ticker': 'DIA', 'mode': 'binary', 'thr': 105, 'window': '10Y', 'order': 4, 'rows': 16}
2025-11-12 11:27:09,838 INFO [cli] {'ticker': 'DIA', 'mode': 'binary', 'thr': 105, 'window': '20Y', 'order': 1, 'rows': 2}
2025-11-12 11:27:09,848 INFO [cli] {'ticker': 'DIA', 'mode': 'binary', 'thr': 105, 'window': '20Y', 'order': 2, 'rows': 4}
2025-11-12 11:27:09,856 INFO [cli] {'ticker': 'DIA', 'mode': 'binary', 'thr': 105, 'window': '20Y', 'order': 3, 'rows': 8}
2025-11-12 11:27:09,865 INFO [cli] {'ticker': 'DIA', 'mode': 'binary', 'thr': 105, 'window': '20Y', 'order': 4, 'rows': 16}
2025-11-12 11:27:09,874 INFO [cli] {'ticker': 'DIA', 'mode': 'binary', 'thr': 105, 'window': 'MAX', 'order': 1, 'rows': 2}
2025-11-12 11:27:09,884 INFO [cli] {'ticker': 'DIA', 'mode': 'binary', 'thr': 105, 'window': 'MAX', 'order': 2, 'rows': 4}
2025-11-12 11:27:09,895 INFO [cli] {'ticker': 'DIA', 'mode': 'binary', 'thr': 105, 'window': 'MAX', 'order': 3, 'rows': 8}
2025-11-12 11:27:09,904 INFO [cli] {'ticker': 'DIA', 'mode': 'binary', 'thr': 105, 'window': 'MAX', 'order': 4, 'rows': 16}
2025-11-12 11:27:09,920 INFO [cli] {'ticker': 'DIA', 'mode': 'binary', 'thr': 110, 'window': '1Y', 'order': 1, 'rows': 2}
2025-11-12 11:27:09,928 INFO [cli] {'ticker': 'DIA', 'mode': 'binary', 'thr': 110, 'window': '1Y', 'order': 2, 'rows': 3}
2025-11-12 11:27:09,939 INFO [cli] {'ticker': 'DIA', 'mode': 'binary', 'thr': 110, 'window': '1Y', 'order': 3, 'rows': 5}
2025-11-12 11:27:09,949 INFO [cli] {'ticker': 'DIA', 'mode': 'binary', 'thr': 110, 'window': '1Y', 'order': 4, 'rows': 8}
2025-11-12 11:27:09,957 INFO [cli] {'ticker': 'DIA', 'mode': 'binary', 'thr': 110, 'window': '2Y', 'order': 1, 'rows': 2}
2025-11-12 11:27:09,967 INFO [cli] {'ticker': 'DIA', 'mode': 'binary', 'thr': 110, 'window': '2Y', 'order': 2, 'rows': 3}
2025-11-12 11:27:09,976 INFO [cli] {'ticker': 'DIA', 'mode': 'binary', 'thr': 110, 'window': '2Y', 'order': 3, 'rows': 5}
2025-11-12 11:27:09,985 INFO [cli] {'ticker': 'DIA', 'mode': 'binary', 'thr': 110, 'window': '2Y', 'order': 4, 'rows': 8}
2025-11-12 11:27:09,995 INFO [cli] {'ticker': 'DIA', 'mode': 'binary', 'thr': 110, 'window': '5Y', 'order': 1, 'rows': 2}
2025-11-12 11:27:10,004 INFO [cli] {'ticker': 'DIA', 'mode': 'binary', 'thr': 110, 'window': '5Y', 'order': 2, 'rows': 4}
2025-11-12 11:27:10,012 INFO [cli] {'ticker': 'DIA', 'mode': 'binary', 'thr': 110, 'window': '5Y', 'order': 3, 'rows': 8}
2025-11-12 11:27:10,021 INFO [cli] {'ticker': 'DIA', 'mode': 'binary', 'thr': 110, 'window': '5Y', 'order': 4, 'rows': 14}
2025-11-12 11:27:10,030 INFO [cli] {'ticker': 'DIA', 'mode': 'binary', 'thr': 110, 'window': '10Y', 'order': 1, 'rows': 2}
2025-11-12 11:27:10,039 INFO [cli] {'ticker': 'DIA', 'mode': 'binary', 'thr': 110, 'window': '10Y', 'order': 2, 'rows': 4}
2025-11-12 11:27:10,047 INFO [cli] {'ticker': 'DIA', 'mode': 'binary', 'thr': 110, 'window': '10Y', 'order': 3, 'rows': 8}
2025-11-12 11:27:10,055 INFO [cli] {'ticker': 'DIA', 'mode': 'binary', 'thr': 110, 'window': '10Y', 'order': 4, 'rows': 16}
2025-11-12 11:27:10,063 INFO [cli] {'ticker': 'DIA', 'mode': 'binary', 'thr': 110, 'window': '20Y', 'order': 1, 'rows': 2}
2025-11-12 11:27:10,070 INFO [cli] {'ticker': 'DIA', 'mode': 'binary', 'thr': 110, 'window': '20Y', 'order': 2, 'rows': 4}
2025-11-12 11:27:10,079 INFO [cli] {'ticker': 'DIA', 'mode': 'binary', 'thr': 110, 'window': '20Y', 'order': 3, 'rows': 8}
2025-11-12 11:27:10,087 INFO [cli] {'ticker': 'DIA', 'mode': 'binary', 'thr': 110, 'window': '20Y', 'order': 4, 'rows': 16}
2025-11-12 11:27:10,095 INFO [cli] {'ticker': 'DIA', 'mode': 'binary', 'thr': 110, 'window': 'MAX', 'order': 1, 'rows': 2}
2025-11-12 11:27:10,103 INFO [cli] {'ticker': 'DIA', 'mode': 'binary', 'thr': 110, 'window': 'MAX', 'order': 2, 'rows': 4}
2025-11-12 11:27:10,113 INFO [cli] {'ticker': 'DIA', 'mode': 'binary', 'thr': 110, 'window': 'MAX', 'order': 3, 'rows': 8}
2025-11-12 11:27:10,123 INFO [cli] {'ticker': 'DIA', 'mode': 'binary', 'thr': 110, 'window': 'MAX', 'order': 4, 'rows': 16}
2025-11-12 11:27:10,138 INFO [cli] {'ticker': 'DIA', 'mode': 'binary', 'thr': 115, 'window': '1Y', 'order': 1, 'rows': 2}
2025-11-12 11:27:10,146 INFO [cli] {'ticker': 'DIA', 'mode': 'binary', 'thr': 115, 'window': '1Y', 'order': 2, 'rows': 3}
2025-11-12 11:27:10,154 INFO [cli] {'ticker': 'DIA', 'mode': 'binary', 'thr': 115, 'window': '1Y', 'order': 3, 'rows': 5}
2025-11-12 11:27:10,161 INFO [cli] {'ticker': 'DIA', 'mode': 'binary', 'thr': 115, 'window': '1Y', 'order': 4, 'rows': 8}
2025-11-12 11:27:10,170 INFO [cli] {'ticker': 'DIA', 'mode': 'binary', 'thr': 115, 'window': '2Y', 'order': 1, 'rows': 2}
2025-11-12 11:27:10,178 INFO [cli] {'ticker': 'DIA', 'mode': 'binary', 'thr': 115, 'window': '2Y', 'order': 2, 'rows': 3}
2025-11-12 11:27:10,186 INFO [cli] {'ticker': 'DIA', 'mode': 'binary', 'thr': 115, 'window': '2Y', 'order': 3, 'rows': 5}
2025-11-12 11:27:10,195 INFO [cli] {'ticker': 'DIA', 'mode': 'binary', 'thr': 115, 'window': '2Y', 'order': 4, 'rows': 8}
2025-11-12 11:27:10,205 INFO [cli] {'ticker': 'DIA', 'mode': 'binary', 'thr': 115, 'window': '5Y', 'order': 1, 'rows': 2}
2025-11-12 11:27:10,212 INFO [cli] {'ticker': 'DIA', 'mode': 'binary', 'thr': 115, 'window': '5Y', 'order': 2, 'rows': 4}
2025-11-12 11:27:10,221 INFO [cli] {'ticker': 'DIA', 'mode': 'binary', 'thr': 115, 'window': '5Y', 'order': 3, 'rows': 8}
2025-11-12 11:27:10,230 INFO [cli] {'ticker': 'DIA', 'mode': 'binary', 'thr': 115, 'window': '5Y', 'order': 4, 'rows': 14}
2025-11-12 11:27:10,237 INFO [cli] {'ticker': 'DIA', 'mode': 'binary', 'thr': 115, 'window': '10Y', 'order': 1, 'rows': 2}
2025-11-12 11:27:10,245 INFO [cli] {'ticker': 'DIA', 'mode': 'binary', 'thr': 115, 'window': '10Y', 'order': 2, 'rows': 4}

{'ticker': 'DIA', 'mode': 'binary', 'thr': 95, 'window': '20Y', 'order': 2, 'rows': 4}
{'ticker': 'DIA', 'mode': 'binary', 'thr': 95, 'window': '20Y', 'order': 3, 'rows': 8}
{'ticker': 'DIA', 'mode': 'binary', 'thr': 95, 'window': '20Y', 'order': 4, 'rows': 16}
{'ticker': 'DIA', 'mode': 'binary', 'thr': 95, 'window': 'MAX', 'order': 1, 'rows': 2}
{'ticker': 'DIA', 'mode': 'binary', 'thr': 95, 'window': 'MAX', 'order': 2, 'rows': 4}
{'ticker': 'DIA', 'mode': 'binary', 'thr': 95, 'window': 'MAX', 'order': 3, 'rows': 8}
{'ticker': 'DIA', 'mode': 'binary', 'thr': 95, 'window': 'MAX', 'order': 4, 'rows': 16}
{'ticker': 'DIA', 'mode': 'binary', 'thr': 100, 'window': '1Y', 'order': 1, 'rows': 2}
{'ticker': 'DIA', 'mode': 'binary', 'thr': 100, 'window': '1Y', 'order': 2, 'rows': 4}
{'ticker': 'DIA', 'mode': 'binary', 'thr': 100, 'window': '1Y', 'order': 3, 'rows': 8}
{'ticker': 'DIA', 'mode': 'binary', 'thr': 100, 'window': '1Y', 'order': 4, 'rows': 13}
{'ticker': 'DIA', 'mode': 'binary', 'thr': 100, 'window': '2Y', 'order': 1, 'rows': 2}
{'ticker': 'DIA', 'mode': 'binary', 'thr': 100, 'window': '2Y', 'order': 2, 'rows': 4}
{'ticker': 'DIA', 'mode': 'binary', 'thr': 100, 'window': '2Y', 'order': 3, 'rows': 8}
{'ticker': 'DIA', 'mode': 'binary', 'thr': 100, 'window': '2Y', 'order': 4, 'rows': 13}
{'ticker': 'DIA', 'mode': 'binary', 'thr': 100, 'window': '5Y', 'order': 1, 'rows': 2}
{'ticker': 'DIA', 'mode': 'binary', 'thr': 100, 'window': '5Y', 'order': 2, 'rows': 4}
{'ticker': 'DIA', 'mode': 'binary', 'thr': 100, 'window': '5Y', 'order': 3, 'rows': 8}
{'ticker': 'DIA', 'mode': 'binary', 'thr': 100, 'window': '5Y', 'order': 4, 'rows': 15}
{'ticker': 'DIA', 'mode': 'binary', 'thr': 100, 'window': '10Y', 'order': 1, 'rows': 2}
{'ticker': 'DIA', 'mode': 'binary', 'thr': 100, 'window': '10Y', 'order': 2, 'rows': 4}
{'ticker': 'DIA', 'mode': 'binary', 'thr': 100, 'window': '10Y', 'order': 3, 'rows': 8}
{'ticker': 'DIA', 'mode': 'binary', 'thr': 100, 'window': '10Y', 'order': 4, 'rows': 16}
{'ticker': 'DIA', 'mode': 'binary', 'thr': 100, 'window': '20Y', 'order': 1, 'rows': 2}
{'ticker': 'DIA', 'mode': 'binary', 'thr': 100, 'window': '20Y', 'order': 2, 'rows': 4}
{'ticker': 'DIA', 'mode': 'binary', 'thr': 100, 'window': '20Y', 'order': 3, 'rows': 8}
{'ticker': 'DIA', 'mode': 'binary', 'thr': 100, 'window': '20Y', 'order': 4, 'rows': 16}
{'ticker': 'DIA', 'mode': 'binary', 'thr': 100, 'window': 'MAX', 'order': 1, 'rows': 2}
{'ticker': 'DIA', 'mode': 'binary', 'thr': 100, 'window': 'MAX', 'order': 2, 'rows': 4}
{'ticker': 'DIA', 'mode': 'binary', 'thr': 100, 'window': 'MAX', 'order': 3, 'rows': 8}
{'ticker': 'DIA', 'mode': 'binary', 'thr': 100, 'window': 'MAX', 'order': 4, 'rows': 16}
{'ticker': 'DIA', 'mode': 'binary', 'thr': 105, 'window': '1Y', 'order': 1, 'rows': 2}
{'ticker': 'DIA', 'mode': 'binary', 'thr': 105, 'window': '1Y', 'order': 2, 'rows': 4}
{'ticker': 'DIA', 'mode': 'binary', 'thr': 105, 'window': '1Y', 'order': 3, 'rows': 7}
{'ticker': 'DIA', 'mode': 'binary', 'thr': 105, 'window': '1Y', 'order': 4, 'rows': 11}
{'ticker': 'DIA', 'mode': 'binary', 'thr': 105, 'window': '2Y', 'order': 1, 'rows': 2}
{'ticker': 'DIA', 'mode': 'binary', 'thr': 105, 'window': '2Y', 'order': 2, 'rows': 4}
{'ticker': 'DIA', 'mode': 'binary', 'thr': 105, 'window': '2Y', 'order': 3, 'rows': 7}
{'ticker': 'DIA', 'mode': 'binary', 'thr': 105, 'window': '2Y', 'order': 4, 'rows': 11}
{'ticker': 'DIA', 'mode': 'binary', 'thr': 105, 'window': '5Y', 'order': 1, 'rows': 2}
{'ticker': 'DIA', 'mode': 'binary', 'thr': 105, 'window': '5Y', 'order': 2, 'rows': 4}
{'ticker': 'DIA', 'mode': 'binary', 'thr': 105, 'window': '5Y', 'order': 3, 'rows': 8}
{'ticker': 'DIA', 'mode': 'binary', 'thr': 105, 'window': '5Y', 'order': 4, 'rows': 14}
{'ticker': 'DIA', 'mode': 'binary', 'thr': 105, 'window': '10Y', 'order': 1, 'rows': 2}
{'ticker': 'DIA', 'mode': 'binary', 'thr': 105, 'window': '10Y', 'order': 2, 'rows': 4}
{'ticker': 'DIA', 'mode': 'binary', 'thr': 105, 'window': '10Y', 'order': 3, 'rows': 8}
{'ticker': 'DIA', 'mode': 'binary', 'thr': 105, 'window': '10Y', 'order': 4, 'rows': 16}
{'ticker': 'DIA', 'mode': 'binary', 'thr': 105, 'window': '20Y', 'order': 1, 'rows': 2}
{'ticker': 'DIA', 'mode': 'binary', 'thr': 105, 'window': '20Y', 'order': 2, 'rows': 4}
{'ticker': 'DIA', 'mode': 'binary', 'thr': 105, 'window': '20Y', 'order': 3, 'rows': 8}
{'ticker': 'DIA', 'mode': 'binary', 'thr': 105, 'window': '20Y', 'order': 4, 'rows': 16}
{'ticker': 'DIA', 'mode': 'binary', 'thr': 105, 'window': 'MAX', 'order': 1, 'rows': 2}
{'ticker': 'DIA', 'mode': 'binary', 'thr': 105, 'window': 'MAX', 'order': 2, 'rows': 4}
{'ticker': 'DIA', 'mode': 'binary', 'thr': 105, 'window': 'MAX', 'order': 3, 'rows': 8}
{'ticker': 'DIA', 'mode': 'binary', 'thr': 105, 'window': 'MAX', 'order': 4, 'rows': 16}
{'ticker': 'DIA', 'mode': 'binary', 'thr': 110, 'window': '1Y', 'order': 1, 'rows': 2}
{'ticker': 'DIA', 'mode': 'binary', 'thr': 110, 'window': '1Y', 'order': 2, 'rows': 3}
{'ticker': 'DIA', 'mode': 'binary', 'thr': 110, 'window': '1Y', 'order': 3, 'rows': 5}
{'ticker': 'DIA', 'mode': 'binary', 'thr': 110, 'window': '1Y', 'order': 4, 'rows': 8}
{'ticker': 'DIA', 'mode': 'binary', 'thr': 110, 'window': '2Y', 'order': 1, 'rows': 2}
{'ticker': 'DIA', 'mode': 'binary', 'thr': 110, 'window': '2Y', 'order': 2, 'rows': 3}
{'ticker': 'DIA', 'mode': 'binary', 'thr': 110, 'window': '2Y', 'order': 3, 'rows': 5}
{'ticker': 'DIA', 'mode': 'binary', 'thr': 110, 'window': '2Y', 'order': 4, 'rows': 8}
{'ticker': 'DIA', 'mode': 'binary', 'thr': 110, 'window': '5Y', 'order': 1, 'rows': 2}
{'ticker': 'DIA', 'mode': 'binary', 'thr': 110, 'window': '5Y', 'order': 2, 'rows': 4}
{'ticker': 'DIA', 'mode': 'binary', 'thr': 110, 'window': '5Y', 'order': 3, 'rows': 8}
{'ticker': 'DIA', 'mode': 'binary', 'thr': 110, 'window': '5Y', 'order': 4, 'rows': 14}
{'ticker': 'DIA', 'mode': 'binary', 'thr': 110, 'window': '10Y', 'order': 1, 'rows': 2}
{'ticker': 'DIA', 'mode': 'binary', 'thr': 110, 'window': '10Y', 'order': 2, 'rows': 4}
{'ticker': 'DIA', 'mode': 'binary', 'thr': 110, 'window': '10Y', 'order': 3, 'rows': 8}
{'ticker': 'DIA', 'mode': 'binary', 'thr': 110, 'window': '10Y', 'order': 4, 'rows': 16}
{'ticker': 'DIA', 'mode': 'binary', 'thr': 110, 'window': '20Y', 'order': 1, 'rows': 2}
{'ticker': 'DIA', 'mode': 'binary', 'thr': 110, 'window': '20Y', 'order': 2, 'rows': 4}
{'ticker': 'DIA', 'mode': 'binary', 'thr': 110, 'window': '20Y', 'order': 3, 'rows': 8}
{'ticker': 'DIA', 'mode': 'binary', 'thr': 110, 'window': '20Y', 'order': 4, 'rows': 16}
{'ticker': 'DIA', 'mode': 'binary', 'thr': 110, 'window': 'MAX', 'order': 1, 'rows': 2}
{'ticker': 'DIA', 'mode': 'binary', 'thr': 110, 'window': 'MAX', 'order': 2, 'rows': 4}
{'ticker': 'DIA', 'mode': 'binary', 'thr': 110, 'window': 'MAX', 'order': 3, 'rows': 8}
{'ticker': 'DIA', 'mode': 'binary', 'thr': 110, 'window': 'MAX', 'order': 4, 'rows': 16}
{'ticker': 'DIA', 'mode': 'binary', 'thr': 115, 'window': '1Y', 'order': 1, 'rows': 2}
{'ticker': 'DIA', 'mode': 'binary', 'thr': 115, 'window': '1Y', 'order': 2, 'rows': 3}
{'ticker': 'DIA', 'mode': 'binary', 'thr': 115, 'window': '1Y', 'order': 3, 'rows': 5}
{'ticker': 'DIA', 'mode': 'binary', 'thr': 115, 'window': '1Y', 'order': 4, 'rows': 8}
{'ticker': 'DIA', 'mode': 'binary', 'thr': 115, 'window': '2Y', 'order': 1, 'rows': 2}
{'ticker': 'DIA', 'mode': 'binary', 'thr': 115, 'window': '2Y', 'order': 2, 'rows': 3}
{'ticker': 'DIA', 'mode': 'binary', 'thr': 115, 'window': '2Y', 'order': 3, 'rows': 5}
{'ticker': 'DIA', 'mode': 'binary', 'thr': 115, 'window': '2Y', 'order': 4, 'rows': 8}
{'ticker': 'DIA', 'mode': 'binary', 'thr': 115, 'window': '5Y', 'order': 1, 'rows': 2}
{'ticker': 'DIA', 'mode': 'binary', 'thr': 115, 'window': '5Y', 'order': 2, 'rows': 4}
{'ticker': 'DIA', 'mode': 'binary', 'thr': 115, 'window': '5Y', 'order': 3, 'rows': 8}
{'ticker': 'DIA', 'mode': 'binary', 'thr': 115, 'window': '5Y', 'order': 4, 'rows': 14}
{'ticker': 'DIA', 'mode': 'binary', 'thr': 115, 'window': '10Y', 'order': 1, 'rows': 2}
{'ticker': 'DIA', 'mode': 'binary', 'thr': 115, 'window': '10Y', 'order': 2, 'rows': 4}
{'ticker': 'DIA', 'mode': 'binary', 'thr': 115, 'window': '10Y', 'order': 3, 'rows': 8}2025-11-12 11:27:10,253 INFO [cli] {'ticker': 'DIA', 'mode': 'binary', 'thr': 115, 'window': '10Y', 'order': 3, 'rows': 8}
2025-11-12 11:27:10,260 INFO [cli] {'ticker': 'DIA', 'mode': 'binary', 'thr': 115, 'window': '10Y', 'order': 4, 'rows': 16}
2025-11-12 11:27:10,269 INFO [cli] {'ticker': 'DIA', 'mode': 'binary', 'thr': 115, 'window': '20Y', 'order': 1, 'rows': 2}
2025-11-12 11:27:10,278 INFO [cli] {'ticker': 'DIA', 'mode': 'binary', 'thr': 115, 'window': '20Y', 'order': 2, 'rows': 4}
2025-11-12 11:27:10,286 INFO [cli] {'ticker': 'DIA', 'mode': 'binary', 'thr': 115, 'window': '20Y', 'order': 3, 'rows': 8}
2025-11-12 11:27:10,296 INFO [cli] {'ticker': 'DIA', 'mode': 'binary', 'thr': 115, 'window': '20Y', 'order': 4, 'rows': 16}
2025-11-12 11:27:10,305 INFO [cli] {'ticker': 'DIA', 'mode': 'binary', 'thr': 115, 'window': 'MAX', 'order': 1, 'rows': 2}
2025-11-12 11:27:10,315 INFO [cli] {'ticker': 'DIA', 'mode': 'binary', 'thr': 115, 'window': 'MAX', 'order': 2, 'rows': 4}
2025-11-12 11:27:10,334 INFO [cli] {'ticker': 'DIA', 'mode': 'binary', 'thr': 115, 'window': 'MAX', 'order': 3, 'rows': 8}
2025-11-12 11:27:10,343 INFO [cli] {'ticker': 'DIA', 'mode': 'binary', 'thr': 115, 'window': 'MAX', 'order': 4, 'rows': 16}
2025-11-12 11:27:10,358 INFO [cli] {'ticker': 'DIA', 'mode': 'binary', 'thr': 120, 'window': '1Y', 'order': 1, 'rows': 2}
2025-11-12 11:27:10,367 INFO [cli] {'ticker': 'DIA', 'mode': 'binary', 'thr': 120, 'window': '1Y', 'order': 2, 'rows': 3}
2025-11-12 11:27:10,377 INFO [cli] {'ticker': 'DIA', 'mode': 'binary', 'thr': 120, 'window': '1Y', 'order': 3, 'rows': 5}
2025-11-12 11:27:10,386 INFO [cli] {'ticker': 'DIA', 'mode': 'binary', 'thr': 120, 'window': '1Y', 'order': 4, 'rows': 8}
2025-11-12 11:27:10,393 INFO [cli] {'ticker': 'DIA', 'mode': 'binary', 'thr': 120, 'window': '2Y', 'order': 1, 'rows': 2}
2025-11-12 11:27:10,401 INFO [cli] {'ticker': 'DIA', 'mode': 'binary', 'thr': 120, 'window': '2Y', 'order': 2, 'rows': 3}
2025-11-12 11:27:10,411 INFO [cli] {'ticker': 'DIA', 'mode': 'binary', 'thr': 120, 'window': '2Y', 'order': 3, 'rows': 5}
2025-11-12 11:27:10,419 INFO [cli] {'ticker': 'DIA', 'mode': 'binary', 'thr': 120, 'window': '2Y', 'order': 4, 'rows': 8}
2025-11-12 11:27:10,427 INFO [cli] {'ticker': 'DIA', 'mode': 'binary', 'thr': 120, 'window': '5Y', 'order': 1, 'rows': 2}
2025-11-12 11:27:10,436 INFO [cli] {'ticker': 'DIA', 'mode': 'binary', 'thr': 120, 'window': '5Y', 'order': 2, 'rows': 4}
2025-11-12 11:27:10,445 INFO [cli] {'ticker': 'DIA', 'mode': 'binary', 'thr': 120, 'window': '5Y', 'order': 3, 'rows': 7}
2025-11-12 11:27:10,452 INFO [cli] {'ticker': 'DIA', 'mode': 'binary', 'thr': 120, 'window': '5Y', 'order': 4, 'rows': 12}
2025-11-12 11:27:10,460 INFO [cli] {'ticker': 'DIA', 'mode': 'binary', 'thr': 120, 'window': '10Y', 'order': 1, 'rows': 2}
2025-11-12 11:27:10,470 INFO [cli] {'ticker': 'DIA', 'mode': 'binary', 'thr': 120, 'window': '10Y', 'order': 2, 'rows': 4}
2025-11-12 11:27:10,480 INFO [cli] {'ticker': 'DIA', 'mode': 'binary', 'thr': 120, 'window': '10Y', 'order': 3, 'rows': 8}
2025-11-12 11:27:10,489 INFO [cli] {'ticker': 'DIA', 'mode': 'binary', 'thr': 120, 'window': '10Y', 'order': 4, 'rows': 16}
2025-11-12 11:27:10,498 INFO [cli] {'ticker': 'DIA', 'mode': 'binary', 'thr': 120, 'window': '20Y', 'order': 1, 'rows': 2}
2025-11-12 11:27:10,506 INFO [cli] {'ticker': 'DIA', 'mode': 'binary', 'thr': 120, 'window': '20Y', 'order': 2, 'rows': 4}
2025-11-12 11:27:10,516 INFO [cli] {'ticker': 'DIA', 'mode': 'binary', 'thr': 120, 'window': '20Y', 'order': 3, 'rows': 8}
2025-11-12 11:27:10,525 INFO [cli] {'ticker': 'DIA', 'mode': 'binary', 'thr': 120, 'window': '20Y', 'order': 4, 'rows': 16}
2025-11-12 11:27:10,535 INFO [cli] {'ticker': 'DIA', 'mode': 'binary', 'thr': 120, 'window': 'MAX', 'order': 1, 'rows': 2}
2025-11-12 11:27:10,545 INFO [cli] {'ticker': 'DIA', 'mode': 'binary', 'thr': 120, 'window': 'MAX', 'order': 2, 'rows': 4}
2025-11-12 11:27:10,553 INFO [cli] {'ticker': 'DIA', 'mode': 'binary', 'thr': 120, 'window': 'MAX', 'order': 3, 'rows': 8}
2025-11-12 11:27:10,560 INFO [cli] {'ticker': 'DIA', 'mode': 'binary', 'thr': 120, 'window': 'MAX', 'order': 4, 'rows': 16}
2025-11-12 11:27:10,578 INFO [cli] {'ticker': 'DIA', 'mode': 'binary', 'thr': 125, 'window': '1Y', 'order': 1, 'rows': 2}
2025-11-12 11:27:10,587 INFO [cli] {'ticker': 'DIA', 'mode': 'binary', 'thr': 125, 'window': '1Y', 'order': 2, 'rows': 3}
2025-11-12 11:27:10,595 INFO [cli] {'ticker': 'DIA', 'mode': 'binary', 'thr': 125, 'window': '1Y', 'order': 3, 'rows': 5}
2025-11-12 11:27:10,606 INFO [cli] {'ticker': 'DIA', 'mode': 'binary', 'thr': 125, 'window': '1Y', 'order': 4, 'rows': 7}
2025-11-12 11:27:10,617 INFO [cli] {'ticker': 'DIA', 'mode': 'binary', 'thr': 125, 'window': '2Y', 'order': 1, 'rows': 2}
2025-11-12 11:27:10,624 INFO [cli] {'ticker': 'DIA', 'mode': 'binary', 'thr': 125, 'window': '2Y', 'order': 2, 'rows': 3}
2025-11-12 11:27:10,633 INFO [cli] {'ticker': 'DIA', 'mode': 'binary', 'thr': 125, 'window': '2Y', 'order': 3, 'rows': 5}
2025-11-12 11:27:10,640 INFO [cli] {'ticker': 'DIA', 'mode': 'binary', 'thr': 125, 'window': '2Y', 'order': 4, 'rows': 7}
2025-11-12 11:27:10,649 INFO [cli] {'ticker': 'DIA', 'mode': 'binary', 'thr': 125, 'window': '5Y', 'order': 1, 'rows': 2}
2025-11-12 11:27:10,658 INFO [cli] {'ticker': 'DIA', 'mode': 'binary', 'thr': 125, 'window': '5Y', 'order': 2, 'rows': 4}
2025-11-12 11:27:10,667 INFO [cli] {'ticker': 'DIA', 'mode': 'binary', 'thr': 125, 'window': '5Y', 'order': 3, 'rows': 7}
2025-11-12 11:27:10,675 INFO [cli] {'ticker': 'DIA', 'mode': 'binary', 'thr': 125, 'window': '5Y', 'order': 4, 'rows': 12}
2025-11-12 11:27:10,683 INFO [cli] {'ticker': 'DIA', 'mode': 'binary', 'thr': 125, 'window': '10Y', 'order': 1, 'rows': 2}
2025-11-12 11:27:10,691 INFO [cli] {'ticker': 'DIA', 'mode': 'binary', 'thr': 125, 'window': '10Y', 'order': 2, 'rows': 4}
2025-11-12 11:27:10,700 INFO [cli] {'ticker': 'DIA', 'mode': 'binary', 'thr': 125, 'window': '10Y', 'order': 3, 'rows': 8}
2025-11-12 11:27:10,710 INFO [cli] {'ticker': 'DIA', 'mode': 'binary', 'thr': 125, 'window': '10Y', 'order': 4, 'rows': 16}
2025-11-12 11:27:10,720 INFO [cli] {'ticker': 'DIA', 'mode': 'binary', 'thr': 125, 'window': '20Y', 'order': 1, 'rows': 2}
2025-11-12 11:27:10,728 INFO [cli] {'ticker': 'DIA', 'mode': 'binary', 'thr': 125, 'window': '20Y', 'order': 2, 'rows': 4}
2025-11-12 11:27:10,737 INFO [cli] {'ticker': 'DIA', 'mode': 'binary', 'thr': 125, 'window': '20Y', 'order': 3, 'rows': 8}
2025-11-12 11:27:10,746 INFO [cli] {'ticker': 'DIA', 'mode': 'binary', 'thr': 125, 'window': '20Y', 'order': 4, 'rows': 16}
2025-11-12 11:27:10,754 INFO [cli] {'ticker': 'DIA', 'mode': 'binary', 'thr': 125, 'window': 'MAX', 'order': 1, 'rows': 2}
2025-11-12 11:27:10,764 INFO [cli] {'ticker': 'DIA', 'mode': 'binary', 'thr': 125, 'window': 'MAX', 'order': 2, 'rows': 4}
2025-11-12 11:27:10,773 INFO [cli] {'ticker': 'DIA', 'mode': 'binary', 'thr': 125, 'window': 'MAX', 'order': 3, 'rows': 8}
2025-11-12 11:27:10,783 INFO [cli] {'ticker': 'DIA', 'mode': 'binary', 'thr': 125, 'window': 'MAX', 'order': 4, 'rows': 16}
2025-11-12 11:27:10,799 INFO [cli] {'ticker': 'DIA', 'mode': 'binary', 'thr': 130, 'window': '1Y', 'order': 1, 'rows': 2}
2025-11-12 11:27:10,808 INFO [cli] {'ticker': 'DIA', 'mode': 'binary', 'thr': 130, 'window': '1Y', 'order': 2, 'rows': 3}
2025-11-12 11:27:10,816 INFO [cli] {'ticker': 'DIA', 'mode': 'binary', 'thr': 130, 'window': '1Y', 'order': 3, 'rows': 5}
2025-11-12 11:27:10,824 INFO [cli] {'ticker': 'DIA', 'mode': 'binary', 'thr': 130, 'window': '1Y', 'order': 4, 'rows': 7}
2025-11-12 11:27:10,833 INFO [cli] {'ticker': 'DIA', 'mode': 'binary', 'thr': 130, 'window': '2Y', 'order': 1, 'rows': 2}
2025-11-12 11:27:10,844 INFO [cli] {'ticker': 'DIA', 'mode': 'binary', 'thr': 130, 'window': '2Y', 'order': 2, 'rows': 3}
2025-11-12 11:27:10,854 INFO [cli] {'ticker': 'DIA', 'mode': 'binary', 'thr': 130, 'window': '2Y', 'order': 3, 'rows': 5}
2025-11-12 11:27:10,863 INFO [cli] {'ticker': 'DIA', 'mode': 'binary', 'thr': 130, 'window': '2Y', 'order': 4, 'rows': 7}
2025-11-12 11:27:10,872 INFO [cli] {'ticker': 'DIA', 'mode': 'binary', 'thr': 130, 'window': '5Y', 'order': 1, 'rows': 2}
2025-11-12 11:27:10,881 INFO [cli] {'ticker': 'DIA', 'mode': 'binary', 'thr': 130, 'window': '5Y', 'order': 2, 'rows': 4}
2025-11-12 11:27:10,889 INFO [cli] {'ticker': 'DIA', 'mode': 'binary', 'thr': 130, 'window': '5Y', 'order': 3, 'rows': 7}
2025-11-12 11:27:10,899 INFO [cli] {'ticker': 'DIA', 'mode': 'binary', 'thr': 130, 'window': '5Y', 'order': 4, 'rows': 12}
2025-11-12 11:27:10,911 INFO [cli] {'ticker': 'DIA', 'mode': 'binary', 'thr': 130, 'window': '10Y', 'order': 1, 'rows': 2}
2025-11-12 11:27:10,920 INFO [cli] {'ticker': 'DIA', 'mode': 'binary', 'thr': 130, 'window': '10Y', 'order': 2, 'rows': 4}
2025-11-12 11:27:10,929 INFO [cli] {'ticker': 'DIA', 'mode': 'binary', 'thr': 130, 'window': '10Y', 'order': 3, 'rows': 8}
2025-11-12 11:27:10,938 INFO [cli] {'ticker': 'DIA', 'mode': 'binary', 'thr': 130, 'window': '10Y', 'order': 4, 'rows': 16}
2025-11-12 11:27:10,945 INFO [cli] {'ticker': 'DIA', 'mode': 'binary', 'thr': 130, 'window': '20Y', 'order': 1, 'rows': 2}
2025-11-12 11:27:10,953 INFO [cli] {'ticker': 'DIA', 'mode': 'binary', 'thr': 130, 'window': '20Y', 'order': 2, 'rows': 4}
2025-11-12 11:27:10,962 INFO [cli] {'ticker': 'DIA', 'mode': 'binary', 'thr': 130, 'window': '20Y', 'order': 3, 'rows': 8}
2025-11-12 11:27:10,969 INFO [cli] {'ticker': 'DIA', 'mode': 'binary', 'thr': 130, 'window': '20Y', 'order': 4, 'rows': 16}
2025-11-12 11:27:10,980 INFO [cli] {'ticker': 'DIA', 'mode': 'binary', 'thr': 130, 'window': 'MAX', 'order': 1, 'rows': 2}
2025-11-12 11:27:10,990 INFO [cli] {'ticker': 'DIA', 'mode': 'binary', 'thr': 130, 'window': 'MAX', 'order': 2, 'rows': 4}
2025-11-12 11:27:10,999 INFO [cli] {'ticker': 'DIA', 'mode': 'binary', 'thr': 130, 'window': 'MAX', 'order': 3, 'rows': 8}
2025-11-12 11:27:11,009 INFO [cli] {'ticker': 'DIA', 'mode': 'binary', 'thr': 130, 'window': 'MAX', 'order': 4, 'rows': 16}
2025-11-12 11:27:11,025 INFO [cli] {'ticker': 'DIA', 'mode': 'binary', 'thr': 135, 'window': '1Y', 'order': 1, 'rows': 2}
2025-11-12 11:27:11,036 INFO [cli] {'ticker': 'DIA', 'mode': 'binary', 'thr': 135, 'window': '1Y', 'order': 2, 'rows': 3}
2025-11-12 11:27:11,044 INFO [cli] {'ticker': 'DIA', 'mode': 'binary', 'thr': 135, 'window': '1Y', 'order': 3, 'rows': 5}
2025-11-12 11:27:11,054 INFO [cli] {'ticker': 'DIA', 'mode': 'binary', 'thr': 135, 'window': '1Y', 'order': 4, 'rows': 7}
2025-11-12 11:27:11,063 INFO [cli] {'ticker': 'DIA', 'mode': 'binary', 'thr': 135, 'window': '2Y', 'order': 1, 'rows': 2}
2025-11-12 11:27:11,073 INFO [cli] {'ticker': 'DIA', 'mode': 'binary', 'thr': 135, 'window': '2Y', 'order': 2, 'rows': 3}
2025-11-12 11:27:11,081 INFO [cli] {'ticker': 'DIA', 'mode': 'binary', 'thr': 135, 'window': '2Y', 'order': 3, 'rows': 5}
2025-11-12 11:27:11,092 INFO [cli] {'ticker': 'DIA', 'mode': 'binary', 'thr': 135, 'window': '2Y', 'order': 4, 'rows': 7}
2025-11-12 11:27:11,101 INFO [cli] {'ticker': 'DIA', 'mode': 'binary', 'thr': 135, 'window': '5Y', 'order': 1, 'rows': 2}
2025-11-12 11:27:11,110 INFO [cli] {'ticker': 'DIA', 'mode': 'binary', 'thr': 135, 'window': '5Y', 'order': 2, 'rows': 4}
2025-11-12 11:27:11,118 INFO [cli] {'ticker': 'DIA', 'mode': 'binary', 'thr': 135, 'window': '5Y', 'order': 3, 'rows': 7}
2025-11-12 11:27:11,128 INFO [cli] {'ticker': 'DIA', 'mode': 'binary', 'thr': 135, 'window': '5Y', 'order': 4, 'rows': 12}

{'ticker': 'DIA', 'mode': 'binary', 'thr': 115, 'window': '10Y', 'order': 4, 'rows': 16}
{'ticker': 'DIA', 'mode': 'binary', 'thr': 115, 'window': '20Y', 'order': 1, 'rows': 2}
{'ticker': 'DIA', 'mode': 'binary', 'thr': 115, 'window': '20Y', 'order': 2, 'rows': 4}
{'ticker': 'DIA', 'mode': 'binary', 'thr': 115, 'window': '20Y', 'order': 3, 'rows': 8}
{'ticker': 'DIA', 'mode': 'binary', 'thr': 115, 'window': '20Y', 'order': 4, 'rows': 16}
{'ticker': 'DIA', 'mode': 'binary', 'thr': 115, 'window': 'MAX', 'order': 1, 'rows': 2}
{'ticker': 'DIA', 'mode': 'binary', 'thr': 115, 'window': 'MAX', 'order': 2, 'rows': 4}
{'ticker': 'DIA', 'mode': 'binary', 'thr': 115, 'window': 'MAX', 'order': 3, 'rows': 8}
{'ticker': 'DIA', 'mode': 'binary', 'thr': 115, 'window': 'MAX', 'order': 4, 'rows': 16}
{'ticker': 'DIA', 'mode': 'binary', 'thr': 120, 'window': '1Y', 'order': 1, 'rows': 2}
{'ticker': 'DIA', 'mode': 'binary', 'thr': 120, 'window': '1Y', 'order': 2, 'rows': 3}
{'ticker': 'DIA', 'mode': 'binary', 'thr': 120, 'window': '1Y', 'order': 3, 'rows': 5}
{'ticker': 'DIA', 'mode': 'binary', 'thr': 120, 'window': '1Y', 'order': 4, 'rows': 8}
{'ticker': 'DIA', 'mode': 'binary', 'thr': 120, 'window': '2Y', 'order': 1, 'rows': 2}
{'ticker': 'DIA', 'mode': 'binary', 'thr': 120, 'window': '2Y', 'order': 2, 'rows': 3}
{'ticker': 'DIA', 'mode': 'binary', 'thr': 120, 'window': '2Y', 'order': 3, 'rows': 5}
{'ticker': 'DIA', 'mode': 'binary', 'thr': 120, 'window': '2Y', 'order': 4, 'rows': 8}
{'ticker': 'DIA', 'mode': 'binary', 'thr': 120, 'window': '5Y', 'order': 1, 'rows': 2}
{'ticker': 'DIA', 'mode': 'binary', 'thr': 120, 'window': '5Y', 'order': 2, 'rows': 4}
{'ticker': 'DIA', 'mode': 'binary', 'thr': 120, 'window': '5Y', 'order': 3, 'rows': 7}
{'ticker': 'DIA', 'mode': 'binary', 'thr': 120, 'window': '5Y', 'order': 4, 'rows': 12}
{'ticker': 'DIA', 'mode': 'binary', 'thr': 120, 'window': '10Y', 'order': 1, 'rows': 2}
{'ticker': 'DIA', 'mode': 'binary', 'thr': 120, 'window': '10Y', 'order': 2, 'rows': 4}
{'ticker': 'DIA', 'mode': 'binary', 'thr': 120, 'window': '10Y', 'order': 3, 'rows': 8}
{'ticker': 'DIA', 'mode': 'binary', 'thr': 120, 'window': '10Y', 'order': 4, 'rows': 16}
{'ticker': 'DIA', 'mode': 'binary', 'thr': 120, 'window': '20Y', 'order': 1, 'rows': 2}
{'ticker': 'DIA', 'mode': 'binary', 'thr': 120, 'window': '20Y', 'order': 2, 'rows': 4}
{'ticker': 'DIA', 'mode': 'binary', 'thr': 120, 'window': '20Y', 'order': 3, 'rows': 8}
{'ticker': 'DIA', 'mode': 'binary', 'thr': 120, 'window': '20Y', 'order': 4, 'rows': 16}
{'ticker': 'DIA', 'mode': 'binary', 'thr': 120, 'window': 'MAX', 'order': 1, 'rows': 2}
{'ticker': 'DIA', 'mode': 'binary', 'thr': 120, 'window': 'MAX', 'order': 2, 'rows': 4}
{'ticker': 'DIA', 'mode': 'binary', 'thr': 120, 'window': 'MAX', 'order': 3, 'rows': 8}
{'ticker': 'DIA', 'mode': 'binary', 'thr': 120, 'window': 'MAX', 'order': 4, 'rows': 16}
{'ticker': 'DIA', 'mode': 'binary', 'thr': 125, 'window': '1Y', 'order': 1, 'rows': 2}
{'ticker': 'DIA', 'mode': 'binary', 'thr': 125, 'window': '1Y', 'order': 2, 'rows': 3}
{'ticker': 'DIA', 'mode': 'binary', 'thr': 125, 'window': '1Y', 'order': 3, 'rows': 5}
{'ticker': 'DIA', 'mode': 'binary', 'thr': 125, 'window': '1Y', 'order': 4, 'rows': 7}
{'ticker': 'DIA', 'mode': 'binary', 'thr': 125, 'window': '2Y', 'order': 1, 'rows': 2}
{'ticker': 'DIA', 'mode': 'binary', 'thr': 125, 'window': '2Y', 'order': 2, 'rows': 3}
{'ticker': 'DIA', 'mode': 'binary', 'thr': 125, 'window': '2Y', 'order': 3, 'rows': 5}
{'ticker': 'DIA', 'mode': 'binary', 'thr': 125, 'window': '2Y', 'order': 4, 'rows': 7}
{'ticker': 'DIA', 'mode': 'binary', 'thr': 125, 'window': '5Y', 'order': 1, 'rows': 2}
{'ticker': 'DIA', 'mode': 'binary', 'thr': 125, 'window': '5Y', 'order': 2, 'rows': 4}
{'ticker': 'DIA', 'mode': 'binary', 'thr': 125, 'window': '5Y', 'order': 3, 'rows': 7}
{'ticker': 'DIA', 'mode': 'binary', 'thr': 125, 'window': '5Y', 'order': 4, 'rows': 12}
{'ticker': 'DIA', 'mode': 'binary', 'thr': 125, 'window': '10Y', 'order': 1, 'rows': 2}
{'ticker': 'DIA', 'mode': 'binary', 'thr': 125, 'window': '10Y', 'order': 2, 'rows': 4}
{'ticker': 'DIA', 'mode': 'binary', 'thr': 125, 'window': '10Y', 'order': 3, 'rows': 8}
{'ticker': 'DIA', 'mode': 'binary', 'thr': 125, 'window': '10Y', 'order': 4, 'rows': 16}
{'ticker': 'DIA', 'mode': 'binary', 'thr': 125, 'window': '20Y', 'order': 1, 'rows': 2}
{'ticker': 'DIA', 'mode': 'binary', 'thr': 125, 'window': '20Y', 'order': 2, 'rows': 4}
{'ticker': 'DIA', 'mode': 'binary', 'thr': 125, 'window': '20Y', 'order': 3, 'rows': 8}
{'ticker': 'DIA', 'mode': 'binary', 'thr': 125, 'window': '20Y', 'order': 4, 'rows': 16}
{'ticker': 'DIA', 'mode': 'binary', 'thr': 125, 'window': 'MAX', 'order': 1, 'rows': 2}
{'ticker': 'DIA', 'mode': 'binary', 'thr': 125, 'window': 'MAX', 'order': 2, 'rows': 4}
{'ticker': 'DIA', 'mode': 'binary', 'thr': 125, 'window': 'MAX', 'order': 3, 'rows': 8}
{'ticker': 'DIA', 'mode': 'binary', 'thr': 125, 'window': 'MAX', 'order': 4, 'rows': 16}
{'ticker': 'DIA', 'mode': 'binary', 'thr': 130, 'window': '1Y', 'order': 1, 'rows': 2}
{'ticker': 'DIA', 'mode': 'binary', 'thr': 130, 'window': '1Y', 'order': 2, 'rows': 3}
{'ticker': 'DIA', 'mode': 'binary', 'thr': 130, 'window': '1Y', 'order': 3, 'rows': 5}
{'ticker': 'DIA', 'mode': 'binary', 'thr': 130, 'window': '1Y', 'order': 4, 'rows': 7}
{'ticker': 'DIA', 'mode': 'binary', 'thr': 130, 'window': '2Y', 'order': 1, 'rows': 2}
{'ticker': 'DIA', 'mode': 'binary', 'thr': 130, 'window': '2Y', 'order': 2, 'rows': 3}
{'ticker': 'DIA', 'mode': 'binary', 'thr': 130, 'window': '2Y', 'order': 3, 'rows': 5}
{'ticker': 'DIA', 'mode': 'binary', 'thr': 130, 'window': '2Y', 'order': 4, 'rows': 7}
{'ticker': 'DIA', 'mode': 'binary', 'thr': 130, 'window': '5Y', 'order': 1, 'rows': 2}
{'ticker': 'DIA', 'mode': 'binary', 'thr': 130, 'window': '5Y', 'order': 2, 'rows': 4}
{'ticker': 'DIA', 'mode': 'binary', 'thr': 130, 'window': '5Y', 'order': 3, 'rows': 7}
{'ticker': 'DIA', 'mode': 'binary', 'thr': 130, 'window': '5Y', 'order': 4, 'rows': 12}
{'ticker': 'DIA', 'mode': 'binary', 'thr': 130, 'window': '10Y', 'order': 1, 'rows': 2}
{'ticker': 'DIA', 'mode': 'binary', 'thr': 130, 'window': '10Y', 'order': 2, 'rows': 4}
{'ticker': 'DIA', 'mode': 'binary', 'thr': 130, 'window': '10Y', 'order': 3, 'rows': 8}
{'ticker': 'DIA', 'mode': 'binary', 'thr': 130, 'window': '10Y', 'order': 4, 'rows': 16}
{'ticker': 'DIA', 'mode': 'binary', 'thr': 130, 'window': '20Y', 'order': 1, 'rows': 2}
{'ticker': 'DIA', 'mode': 'binary', 'thr': 130, 'window': '20Y', 'order': 2, 'rows': 4}
{'ticker': 'DIA', 'mode': 'binary', 'thr': 130, 'window': '20Y', 'order': 3, 'rows': 8}
{'ticker': 'DIA', 'mode': 'binary', 'thr': 130, 'window': '20Y', 'order': 4, 'rows': 16}
{'ticker': 'DIA', 'mode': 'binary', 'thr': 130, 'window': 'MAX', 'order': 1, 'rows': 2}
{'ticker': 'DIA', 'mode': 'binary', 'thr': 130, 'window': 'MAX', 'order': 2, 'rows': 4}
{'ticker': 'DIA', 'mode': 'binary', 'thr': 130, 'window': 'MAX', 'order': 3, 'rows': 8}
{'ticker': 'DIA', 'mode': 'binary', 'thr': 130, 'window': 'MAX', 'order': 4, 'rows': 16}
{'ticker': 'DIA', 'mode': 'binary', 'thr': 135, 'window': '1Y', 'order': 1, 'rows': 2}
{'ticker': 'DIA', 'mode': 'binary', 'thr': 135, 'window': '1Y', 'order': 2, 'rows': 3}
{'ticker': 'DIA', 'mode': 'binary', 'thr': 135, 'window': '1Y', 'order': 3, 'rows': 5}
{'ticker': 'DIA', 'mode': 'binary', 'thr': 135, 'window': '1Y', 'order': 4, 'rows': 7}
{'ticker': 'DIA', 'mode': 'binary', 'thr': 135, 'window': '2Y', 'order': 1, 'rows': 2}
{'ticker': 'DIA', 'mode': 'binary', 'thr': 135, 'window': '2Y', 'order': 2, 'rows': 3}
{'ticker': 'DIA', 'mode': 'binary', 'thr': 135, 'window': '2Y', 'order': 3, 'rows': 5}
{'ticker': 'DIA', 'mode': 'binary', 'thr': 135, 'window': '2Y', 'order': 4, 'rows': 7}
{'ticker': 'DIA', 'mode': 'binary', 'thr': 135, 'window': '5Y', 'order': 1, 'rows': 2}
{'ticker': 'DIA', 'mode': 'binary', 'thr': 135, 'window': '5Y', 'order': 2, 'rows': 4}
{'ticker': 'DIA', 'mode': 'binary', 'thr': 135, 'window': '5Y', 'order': 3, 'rows': 7}
{'ticker': 'DIA', 'mode': 'binary', 'thr': 135, 'window': '5Y', 'order': 4, 'rows': 12}
{'ticker': 'DIA', 'mode': 'binary', 'thr': 135, 'window': '10Y', 'order': 1, 'rows': 2}2025-11-12 11:27:11,136 INFO [cli] {'ticker': 'DIA', 'mode': 'binary', 'thr': 135, 'window': '10Y', 'order': 1, 'rows': 2}
2025-11-12 11:27:11,146 INFO [cli] {'ticker': 'DIA', 'mode': 'binary', 'thr': 135, 'window': '10Y', 'order': 2, 'rows': 4}
2025-11-12 11:27:11,154 INFO [cli] {'ticker': 'DIA', 'mode': 'binary', 'thr': 135, 'window': '10Y', 'order': 3, 'rows': 8}
2025-11-12 11:27:11,162 INFO [cli] {'ticker': 'DIA', 'mode': 'binary', 'thr': 135, 'window': '10Y', 'order': 4, 'rows': 16}
2025-11-12 11:27:11,171 INFO [cli] {'ticker': 'DIA', 'mode': 'binary', 'thr': 135, 'window': '20Y', 'order': 1, 'rows': 2}
2025-11-12 11:27:11,182 INFO [cli] {'ticker': 'DIA', 'mode': 'binary', 'thr': 135, 'window': '20Y', 'order': 2, 'rows': 4}
2025-11-12 11:27:11,192 INFO [cli] {'ticker': 'DIA', 'mode': 'binary', 'thr': 135, 'window': '20Y', 'order': 3, 'rows': 8}
2025-11-12 11:27:11,212 INFO [cli] {'ticker': 'DIA', 'mode': 'binary', 'thr': 135, 'window': '20Y', 'order': 4, 'rows': 16}
2025-11-12 11:27:11,221 INFO [cli] {'ticker': 'DIA', 'mode': 'binary', 'thr': 135, 'window': 'MAX', 'order': 1, 'rows': 2}
2025-11-12 11:27:11,231 INFO [cli] {'ticker': 'DIA', 'mode': 'binary', 'thr': 135, 'window': 'MAX', 'order': 2, 'rows': 4}
2025-11-12 11:27:11,241 INFO [cli] {'ticker': 'DIA', 'mode': 'binary', 'thr': 135, 'window': 'MAX', 'order': 3, 'rows': 8}
2025-11-12 11:27:11,249 INFO [cli] {'ticker': 'DIA', 'mode': 'binary', 'thr': 135, 'window': 'MAX', 'order': 4, 'rows': 16}
2025-11-12 11:27:11,266 INFO [cli] {'ticker': 'DIA', 'mode': 'binary', 'thr': 140, 'window': '1Y', 'order': 1, 'rows': 2}
2025-11-12 11:27:11,274 INFO [cli] {'ticker': 'DIA', 'mode': 'binary', 'thr': 140, 'window': '1Y', 'order': 2, 'rows': 3}
2025-11-12 11:27:11,282 INFO [cli] {'ticker': 'DIA', 'mode': 'binary', 'thr': 140, 'window': '1Y', 'order': 3, 'rows': 5}
2025-11-12 11:27:11,290 INFO [cli] {'ticker': 'DIA', 'mode': 'binary', 'thr': 140, 'window': '1Y', 'order': 4, 'rows': 7}
2025-11-12 11:27:11,300 INFO [cli] {'ticker': 'DIA', 'mode': 'binary', 'thr': 140, 'window': '2Y', 'order': 1, 'rows': 2}
2025-11-12 11:27:11,309 INFO [cli] {'ticker': 'DIA', 'mode': 'binary', 'thr': 140, 'window': '2Y', 'order': 2, 'rows': 3}
2025-11-12 11:27:11,317 INFO [cli] {'ticker': 'DIA', 'mode': 'binary', 'thr': 140, 'window': '2Y', 'order': 3, 'rows': 5}
2025-11-12 11:27:11,327 INFO [cli] {'ticker': 'DIA', 'mode': 'binary', 'thr': 140, 'window': '2Y', 'order': 4, 'rows': 7}
2025-11-12 11:27:11,338 INFO [cli] {'ticker': 'DIA', 'mode': 'binary', 'thr': 140, 'window': '5Y', 'order': 1, 'rows': 2}
2025-11-12 11:27:11,348 INFO [cli] {'ticker': 'DIA', 'mode': 'binary', 'thr': 140, 'window': '5Y', 'order': 2, 'rows': 4}
2025-11-12 11:27:11,356 INFO [cli] {'ticker': 'DIA', 'mode': 'binary', 'thr': 140, 'window': '5Y', 'order': 3, 'rows': 7}
2025-11-12 11:27:11,365 INFO [cli] {'ticker': 'DIA', 'mode': 'binary', 'thr': 140, 'window': '5Y', 'order': 4, 'rows': 11}
2025-11-12 11:27:11,373 INFO [cli] {'ticker': 'DIA', 'mode': 'binary', 'thr': 140, 'window': '10Y', 'order': 1, 'rows': 2}
2025-11-12 11:27:11,382 INFO [cli] {'ticker': 'DIA', 'mode': 'binary', 'thr': 140, 'window': '10Y', 'order': 2, 'rows': 4}
2025-11-12 11:27:11,392 INFO [cli] {'ticker': 'DIA', 'mode': 'binary', 'thr': 140, 'window': '10Y', 'order': 3, 'rows': 8}
2025-11-12 11:27:11,400 INFO [cli] {'ticker': 'DIA', 'mode': 'binary', 'thr': 140, 'window': '10Y', 'order': 4, 'rows': 16}
2025-11-12 11:27:11,410 INFO [cli] {'ticker': 'DIA', 'mode': 'binary', 'thr': 140, 'window': '20Y', 'order': 1, 'rows': 2}
2025-11-12 11:27:11,420 INFO [cli] {'ticker': 'DIA', 'mode': 'binary', 'thr': 140, 'window': '20Y', 'order': 2, 'rows': 4}
2025-11-12 11:27:11,427 INFO [cli] {'ticker': 'DIA', 'mode': 'binary', 'thr': 140, 'window': '20Y', 'order': 3, 'rows': 8}
2025-11-12 11:27:11,436 INFO [cli] {'ticker': 'DIA', 'mode': 'binary', 'thr': 140, 'window': '20Y', 'order': 4, 'rows': 16}
2025-11-12 11:27:11,446 INFO [cli] {'ticker': 'DIA', 'mode': 'binary', 'thr': 140, 'window': 'MAX', 'order': 1, 'rows': 2}
2025-11-12 11:27:11,457 INFO [cli] {'ticker': 'DIA', 'mode': 'binary', 'thr': 140, 'window': 'MAX', 'order': 2, 'rows': 4}
2025-11-12 11:27:11,466 INFO [cli] {'ticker': 'DIA', 'mode': 'binary', 'thr': 140, 'window': 'MAX', 'order': 3, 'rows': 8}
2025-11-12 11:27:11,475 INFO [cli] {'ticker': 'DIA', 'mode': 'binary', 'thr': 140, 'window': 'MAX', 'order': 4, 'rows': 16}
2025-11-12 11:27:11,490 INFO [cli] {'ticker': 'DIA', 'mode': 'binary', 'thr': 145, 'window': '1Y', 'order': 1, 'rows': 2}
2025-11-12 11:27:11,499 INFO [cli] {'ticker': 'DIA', 'mode': 'binary', 'thr': 145, 'window': '1Y', 'order': 2, 'rows': 3}
2025-11-12 11:27:11,506 INFO [cli] {'ticker': 'DIA', 'mode': 'binary', 'thr': 145, 'window': '1Y', 'order': 3, 'rows': 5}
2025-11-12 11:27:11,515 INFO [cli] {'ticker': 'DIA', 'mode': 'binary', 'thr': 145, 'window': '1Y', 'order': 4, 'rows': 7}
2025-11-12 11:27:11,526 INFO [cli] {'ticker': 'DIA', 'mode': 'binary', 'thr': 145, 'window': '2Y', 'order': 1, 'rows': 2}
2025-11-12 11:27:11,535 INFO [cli] {'ticker': 'DIA', 'mode': 'binary', 'thr': 145, 'window': '2Y', 'order': 2, 'rows': 3}
2025-11-12 11:27:11,543 INFO [cli] {'ticker': 'DIA', 'mode': 'binary', 'thr': 145, 'window': '2Y', 'order': 3, 'rows': 5}
2025-11-12 11:27:11,551 INFO [cli] {'ticker': 'DIA', 'mode': 'binary', 'thr': 145, 'window': '2Y', 'order': 4, 'rows': 7}
2025-11-12 11:27:11,559 INFO [cli] {'ticker': 'DIA', 'mode': 'binary', 'thr': 145, 'window': '5Y', 'order': 1, 'rows': 2}
2025-11-12 11:27:11,567 INFO [cli] {'ticker': 'DIA', 'mode': 'binary', 'thr': 145, 'window': '5Y', 'order': 2, 'rows': 4}
2025-11-12 11:27:11,576 INFO [cli] {'ticker': 'DIA', 'mode': 'binary', 'thr': 145, 'window': '5Y', 'order': 3, 'rows': 7}
2025-11-12 11:27:11,585 INFO [cli] {'ticker': 'DIA', 'mode': 'binary', 'thr': 145, 'window': '5Y', 'order': 4, 'rows': 11}
2025-11-12 11:27:11,594 INFO [cli] {'ticker': 'DIA', 'mode': 'binary', 'thr': 145, 'window': '10Y', 'order': 1, 'rows': 2}
2025-11-12 11:27:11,604 INFO [cli] {'ticker': 'DIA', 'mode': 'binary', 'thr': 145, 'window': '10Y', 'order': 2, 'rows': 4}
2025-11-12 11:27:11,613 INFO [cli] {'ticker': 'DIA', 'mode': 'binary', 'thr': 145, 'window': '10Y', 'order': 3, 'rows': 8}
2025-11-12 11:27:11,624 INFO [cli] {'ticker': 'DIA', 'mode': 'binary', 'thr': 145, 'window': '10Y', 'order': 4, 'rows': 15}
2025-11-12 11:27:11,634 INFO [cli] {'ticker': 'DIA', 'mode': 'binary', 'thr': 145, 'window': '20Y', 'order': 1, 'rows': 2}
2025-11-12 11:27:11,643 INFO [cli] {'ticker': 'DIA', 'mode': 'binary', 'thr': 145, 'window': '20Y', 'order': 2, 'rows': 4}
2025-11-12 11:27:11,652 INFO [cli] {'ticker': 'DIA', 'mode': 'binary', 'thr': 145, 'window': '20Y', 'order': 3, 'rows': 8}
2025-11-12 11:27:11,661 INFO [cli] {'ticker': 'DIA', 'mode': 'binary', 'thr': 145, 'window': '20Y', 'order': 4, 'rows': 15}
2025-11-12 11:27:11,668 INFO [cli] {'ticker': 'DIA', 'mode': 'binary', 'thr': 145, 'window': 'MAX', 'order': 1, 'rows': 2}
2025-11-12 11:27:11,676 INFO [cli] {'ticker': 'DIA', 'mode': 'binary', 'thr': 145, 'window': 'MAX', 'order': 2, 'rows': 4}
2025-11-12 11:27:11,687 INFO [cli] {'ticker': 'DIA', 'mode': 'binary', 'thr': 145, 'window': 'MAX', 'order': 3, 'rows': 8}
2025-11-12 11:27:11,697 INFO [cli] {'ticker': 'DIA', 'mode': 'binary', 'thr': 145, 'window': 'MAX', 'order': 4, 'rows': 15}
2025-11-12 11:27:11,714 INFO [cli] {'ticker': 'DIA', 'mode': 'binary', 'thr': 150, 'window': '1Y', 'order': 1, 'rows': 2}
2025-11-12 11:27:11,721 INFO [cli] {'ticker': 'DIA', 'mode': 'binary', 'thr': 150, 'window': '1Y', 'order': 2, 'rows': 3}
2025-11-12 11:27:11,731 INFO [cli] {'ticker': 'DIA', 'mode': 'binary', 'thr': 150, 'window': '1Y', 'order': 3, 'rows': 5}
2025-11-12 11:27:11,739 INFO [cli] {'ticker': 'DIA', 'mode': 'binary', 'thr': 150, 'window': '1Y', 'order': 4, 'rows': 7}
2025-11-12 11:27:11,750 INFO [cli] {'ticker': 'DIA', 'mode': 'binary', 'thr': 150, 'window': '2Y', 'order': 1, 'rows': 2}
2025-11-12 11:27:11,759 INFO [cli] {'ticker': 'DIA', 'mode': 'binary', 'thr': 150, 'window': '2Y', 'order': 2, 'rows': 3}
2025-11-12 11:27:11,766 INFO [cli] {'ticker': 'DIA', 'mode': 'binary', 'thr': 150, 'window': '2Y', 'order': 3, 'rows': 5}
2025-11-12 11:27:11,775 INFO [cli] {'ticker': 'DIA', 'mode': 'binary', 'thr': 150, 'window': '2Y', 'order': 4, 'rows': 7}
2025-11-12 11:27:11,782 INFO [cli] {'ticker': 'DIA', 'mode': 'binary', 'thr': 150, 'window': '5Y', 'order': 1, 'rows': 2}
2025-11-12 11:27:11,793 INFO [cli] {'ticker': 'DIA', 'mode': 'binary', 'thr': 150, 'window': '5Y', 'order': 2, 'rows': 4}
2025-11-12 11:27:11,803 INFO [cli] {'ticker': 'DIA', 'mode': 'binary', 'thr': 150, 'window': '5Y', 'order': 3, 'rows': 7}
2025-11-12 11:27:11,813 INFO [cli] {'ticker': 'DIA', 'mode': 'binary', 'thr': 150, 'window': '5Y', 'order': 4, 'rows': 11}
2025-11-12 11:27:11,826 INFO [cli] {'ticker': 'DIA', 'mode': 'binary', 'thr': 150, 'window': '10Y', 'order': 1, 'rows': 2}
2025-11-12 11:27:11,836 INFO [cli] {'ticker': 'DIA', 'mode': 'binary', 'thr': 150, 'window': '10Y', 'order': 2, 'rows': 4}
2025-11-12 11:27:11,845 INFO [cli] {'ticker': 'DIA', 'mode': 'binary', 'thr': 150, 'window': '10Y', 'order': 3, 'rows': 8}
2025-11-12 11:27:11,853 INFO [cli] {'ticker': 'DIA', 'mode': 'binary', 'thr': 150, 'window': '10Y', 'order': 4, 'rows': 15}
2025-11-12 11:27:11,862 INFO [cli] {'ticker': 'DIA', 'mode': 'binary', 'thr': 150, 'window': '20Y', 'order': 1, 'rows': 2}
2025-11-12 11:27:11,871 INFO [cli] {'ticker': 'DIA', 'mode': 'binary', 'thr': 150, 'window': '20Y', 'order': 2, 'rows': 4}
2025-11-12 11:27:11,880 INFO [cli] {'ticker': 'DIA', 'mode': 'binary', 'thr': 150, 'window': '20Y', 'order': 3, 'rows': 8}
2025-11-12 11:27:11,888 INFO [cli] {'ticker': 'DIA', 'mode': 'binary', 'thr': 150, 'window': '20Y', 'order': 4, 'rows': 15}
2025-11-12 11:27:11,898 INFO [cli] {'ticker': 'DIA', 'mode': 'binary', 'thr': 150, 'window': 'MAX', 'order': 1, 'rows': 2}
2025-11-12 11:27:11,907 INFO [cli] {'ticker': 'DIA', 'mode': 'binary', 'thr': 150, 'window': 'MAX', 'order': 2, 'rows': 4}
2025-11-12 11:27:11,915 INFO [cli] {'ticker': 'DIA', 'mode': 'binary', 'thr': 150, 'window': 'MAX', 'order': 3, 'rows': 8}
2025-11-12 11:27:11,924 INFO [cli] {'ticker': 'DIA', 'mode': 'binary', 'thr': 150, 'window': 'MAX', 'order': 4, 'rows': 15}
2025-11-12 11:27:11,940 INFO [cli] {'ticker': 'DIA', 'mode': 'tri', 'thr': 0, 'window': '1Y', 'order': 1, 'rows': 3}
2025-11-12 11:27:11,950 INFO [cli] {'ticker': 'DIA', 'mode': 'tri', 'thr': 0, 'window': '1Y', 'order': 2, 'rows': 6}
2025-11-12 11:27:11,960 INFO [cli] {'ticker': 'DIA', 'mode': 'tri', 'thr': 0, 'window': '1Y', 'order': 3, 'rows': 11}
2025-11-12 11:27:11,968 INFO [cli] {'ticker': 'DIA', 'mode': 'tri', 'thr': 0, 'window': '1Y', 'order': 4, 'rows': 20}
2025-11-12 11:27:11,979 INFO [cli] {'ticker': 'DIA', 'mode': 'tri', 'thr': 0, 'window': '2Y', 'order': 1, 'rows': 3}
2025-11-12 11:27:11,988 INFO [cli] {'ticker': 'DIA', 'mode': 'tri', 'thr': 0, 'window': '2Y', 'order': 2, 'rows': 6}
2025-11-12 11:27:11,996 INFO [cli] {'ticker': 'DIA', 'mode': 'tri', 'thr': 0, 'window': '2Y', 'order': 3, 'rows': 11}
2025-11-12 11:27:12,004 INFO [cli] {'ticker': 'DIA', 'mode': 'tri', 'thr': 0, 'window': '2Y', 'order': 4, 'rows': 20}
2025-11-12 11:27:12,013 INFO [cli] {'ticker': 'DIA', 'mode': 'tri', 'thr': 0, 'window': '5Y', 'order': 1, 'rows': 3}
2025-11-12 11:27:12,021 INFO [cli] {'ticker': 'DIA', 'mode': 'tri', 'thr': 0, 'window': '5Y', 'order': 2, 'rows': 8}
2025-11-12 11:27:12,030 INFO [cli] {'ticker': 'DIA', 'mode': 'tri', 'thr': 0, 'window': '5Y', 'order': 3, 'rows': 14}

{'ticker': 'DIA', 'mode': 'binary', 'thr': 135, 'window': '10Y', 'order': 2, 'rows': 4}
{'ticker': 'DIA', 'mode': 'binary', 'thr': 135, 'window': '10Y', 'order': 3, 'rows': 8}
{'ticker': 'DIA', 'mode': 'binary', 'thr': 135, 'window': '10Y', 'order': 4, 'rows': 16}
{'ticker': 'DIA', 'mode': 'binary', 'thr': 135, 'window': '20Y', 'order': 1, 'rows': 2}
{'ticker': 'DIA', 'mode': 'binary', 'thr': 135, 'window': '20Y', 'order': 2, 'rows': 4}
{'ticker': 'DIA', 'mode': 'binary', 'thr': 135, 'window': '20Y', 'order': 3, 'rows': 8}
{'ticker': 'DIA', 'mode': 'binary', 'thr': 135, 'window': '20Y', 'order': 4, 'rows': 16}
{'ticker': 'DIA', 'mode': 'binary', 'thr': 135, 'window': 'MAX', 'order': 1, 'rows': 2}
{'ticker': 'DIA', 'mode': 'binary', 'thr': 135, 'window': 'MAX', 'order': 2, 'rows': 4}
{'ticker': 'DIA', 'mode': 'binary', 'thr': 135, 'window': 'MAX', 'order': 3, 'rows': 8}
{'ticker': 'DIA', 'mode': 'binary', 'thr': 135, 'window': 'MAX', 'order': 4, 'rows': 16}
{'ticker': 'DIA', 'mode': 'binary', 'thr': 140, 'window': '1Y', 'order': 1, 'rows': 2}
{'ticker': 'DIA', 'mode': 'binary', 'thr': 140, 'window': '1Y', 'order': 2, 'rows': 3}
{'ticker': 'DIA', 'mode': 'binary', 'thr': 140, 'window': '1Y', 'order': 3, 'rows': 5}
{'ticker': 'DIA', 'mode': 'binary', 'thr': 140, 'window': '1Y', 'order': 4, 'rows': 7}
{'ticker': 'DIA', 'mode': 'binary', 'thr': 140, 'window': '2Y', 'order': 1, 'rows': 2}
{'ticker': 'DIA', 'mode': 'binary', 'thr': 140, 'window': '2Y', 'order': 2, 'rows': 3}
{'ticker': 'DIA', 'mode': 'binary', 'thr': 140, 'window': '2Y', 'order': 3, 'rows': 5}
{'ticker': 'DIA', 'mode': 'binary', 'thr': 140, 'window': '2Y', 'order': 4, 'rows': 7}
{'ticker': 'DIA', 'mode': 'binary', 'thr': 140, 'window': '5Y', 'order': 1, 'rows': 2}
{'ticker': 'DIA', 'mode': 'binary', 'thr': 140, 'window': '5Y', 'order': 2, 'rows': 4}
{'ticker': 'DIA', 'mode': 'binary', 'thr': 140, 'window': '5Y', 'order': 3, 'rows': 7}
{'ticker': 'DIA', 'mode': 'binary', 'thr': 140, 'window': '5Y', 'order': 4, 'rows': 11}
{'ticker': 'DIA', 'mode': 'binary', 'thr': 140, 'window': '10Y', 'order': 1, 'rows': 2}
{'ticker': 'DIA', 'mode': 'binary', 'thr': 140, 'window': '10Y', 'order': 2, 'rows': 4}
{'ticker': 'DIA', 'mode': 'binary', 'thr': 140, 'window': '10Y', 'order': 3, 'rows': 8}
{'ticker': 'DIA', 'mode': 'binary', 'thr': 140, 'window': '10Y', 'order': 4, 'rows': 16}
{'ticker': 'DIA', 'mode': 'binary', 'thr': 140, 'window': '20Y', 'order': 1, 'rows': 2}
{'ticker': 'DIA', 'mode': 'binary', 'thr': 140, 'window': '20Y', 'order': 2, 'rows': 4}
{'ticker': 'DIA', 'mode': 'binary', 'thr': 140, 'window': '20Y', 'order': 3, 'rows': 8}
{'ticker': 'DIA', 'mode': 'binary', 'thr': 140, 'window': '20Y', 'order': 4, 'rows': 16}
{'ticker': 'DIA', 'mode': 'binary', 'thr': 140, 'window': 'MAX', 'order': 1, 'rows': 2}
{'ticker': 'DIA', 'mode': 'binary', 'thr': 140, 'window': 'MAX', 'order': 2, 'rows': 4}
{'ticker': 'DIA', 'mode': 'binary', 'thr': 140, 'window': 'MAX', 'order': 3, 'rows': 8}
{'ticker': 'DIA', 'mode': 'binary', 'thr': 140, 'window': 'MAX', 'order': 4, 'rows': 16}
{'ticker': 'DIA', 'mode': 'binary', 'thr': 145, 'window': '1Y', 'order': 1, 'rows': 2}
{'ticker': 'DIA', 'mode': 'binary', 'thr': 145, 'window': '1Y', 'order': 2, 'rows': 3}
{'ticker': 'DIA', 'mode': 'binary', 'thr': 145, 'window': '1Y', 'order': 3, 'rows': 5}
{'ticker': 'DIA', 'mode': 'binary', 'thr': 145, 'window': '1Y', 'order': 4, 'rows': 7}
{'ticker': 'DIA', 'mode': 'binary', 'thr': 145, 'window': '2Y', 'order': 1, 'rows': 2}
{'ticker': 'DIA', 'mode': 'binary', 'thr': 145, 'window': '2Y', 'order': 2, 'rows': 3}
{'ticker': 'DIA', 'mode': 'binary', 'thr': 145, 'window': '2Y', 'order': 3, 'rows': 5}
{'ticker': 'DIA', 'mode': 'binary', 'thr': 145, 'window': '2Y', 'order': 4, 'rows': 7}
{'ticker': 'DIA', 'mode': 'binary', 'thr': 145, 'window': '5Y', 'order': 1, 'rows': 2}
{'ticker': 'DIA', 'mode': 'binary', 'thr': 145, 'window': '5Y', 'order': 2, 'rows': 4}
{'ticker': 'DIA', 'mode': 'binary', 'thr': 145, 'window': '5Y', 'order': 3, 'rows': 7}
{'ticker': 'DIA', 'mode': 'binary', 'thr': 145, 'window': '5Y', 'order': 4, 'rows': 11}
{'ticker': 'DIA', 'mode': 'binary', 'thr': 145, 'window': '10Y', 'order': 1, 'rows': 2}
{'ticker': 'DIA', 'mode': 'binary', 'thr': 145, 'window': '10Y', 'order': 2, 'rows': 4}
{'ticker': 'DIA', 'mode': 'binary', 'thr': 145, 'window': '10Y', 'order': 3, 'rows': 8}
{'ticker': 'DIA', 'mode': 'binary', 'thr': 145, 'window': '10Y', 'order': 4, 'rows': 15}
{'ticker': 'DIA', 'mode': 'binary', 'thr': 145, 'window': '20Y', 'order': 1, 'rows': 2}
{'ticker': 'DIA', 'mode': 'binary', 'thr': 145, 'window': '20Y', 'order': 2, 'rows': 4}
{'ticker': 'DIA', 'mode': 'binary', 'thr': 145, 'window': '20Y', 'order': 3, 'rows': 8}
{'ticker': 'DIA', 'mode': 'binary', 'thr': 145, 'window': '20Y', 'order': 4, 'rows': 15}
{'ticker': 'DIA', 'mode': 'binary', 'thr': 145, 'window': 'MAX', 'order': 1, 'rows': 2}
{'ticker': 'DIA', 'mode': 'binary', 'thr': 145, 'window': 'MAX', 'order': 2, 'rows': 4}
{'ticker': 'DIA', 'mode': 'binary', 'thr': 145, 'window': 'MAX', 'order': 3, 'rows': 8}
{'ticker': 'DIA', 'mode': 'binary', 'thr': 145, 'window': 'MAX', 'order': 4, 'rows': 15}
{'ticker': 'DIA', 'mode': 'binary', 'thr': 150, 'window': '1Y', 'order': 1, 'rows': 2}
{'ticker': 'DIA', 'mode': 'binary', 'thr': 150, 'window': '1Y', 'order': 2, 'rows': 3}
{'ticker': 'DIA', 'mode': 'binary', 'thr': 150, 'window': '1Y', 'order': 3, 'rows': 5}
{'ticker': 'DIA', 'mode': 'binary', 'thr': 150, 'window': '1Y', 'order': 4, 'rows': 7}
{'ticker': 'DIA', 'mode': 'binary', 'thr': 150, 'window': '2Y', 'order': 1, 'rows': 2}
{'ticker': 'DIA', 'mode': 'binary', 'thr': 150, 'window': '2Y', 'order': 2, 'rows': 3}
{'ticker': 'DIA', 'mode': 'binary', 'thr': 150, 'window': '2Y', 'order': 3, 'rows': 5}
{'ticker': 'DIA', 'mode': 'binary', 'thr': 150, 'window': '2Y', 'order': 4, 'rows': 7}
{'ticker': 'DIA', 'mode': 'binary', 'thr': 150, 'window': '5Y', 'order': 1, 'rows': 2}
{'ticker': 'DIA', 'mode': 'binary', 'thr': 150, 'window': '5Y', 'order': 2, 'rows': 4}
{'ticker': 'DIA', 'mode': 'binary', 'thr': 150, 'window': '5Y', 'order': 3, 'rows': 7}
{'ticker': 'DIA', 'mode': 'binary', 'thr': 150, 'window': '5Y', 'order': 4, 'rows': 11}
{'ticker': 'DIA', 'mode': 'binary', 'thr': 150, 'window': '10Y', 'order': 1, 'rows': 2}
{'ticker': 'DIA', 'mode': 'binary', 'thr': 150, 'window': '10Y', 'order': 2, 'rows': 4}
{'ticker': 'DIA', 'mode': 'binary', 'thr': 150, 'window': '10Y', 'order': 3, 'rows': 8}
{'ticker': 'DIA', 'mode': 'binary', 'thr': 150, 'window': '10Y', 'order': 4, 'rows': 15}
{'ticker': 'DIA', 'mode': 'binary', 'thr': 150, 'window': '20Y', 'order': 1, 'rows': 2}
{'ticker': 'DIA', 'mode': 'binary', 'thr': 150, 'window': '20Y', 'order': 2, 'rows': 4}
{'ticker': 'DIA', 'mode': 'binary', 'thr': 150, 'window': '20Y', 'order': 3, 'rows': 8}
{'ticker': 'DIA', 'mode': 'binary', 'thr': 150, 'window': '20Y', 'order': 4, 'rows': 15}
{'ticker': 'DIA', 'mode': 'binary', 'thr': 150, 'window': 'MAX', 'order': 1, 'rows': 2}
{'ticker': 'DIA', 'mode': 'binary', 'thr': 150, 'window': 'MAX', 'order': 2, 'rows': 4}
{'ticker': 'DIA', 'mode': 'binary', 'thr': 150, 'window': 'MAX', 'order': 3, 'rows': 8}
{'ticker': 'DIA', 'mode': 'binary', 'thr': 150, 'window': 'MAX', 'order': 4, 'rows': 15}
{'ticker': 'DIA', 'mode': 'tri', 'thr': 0, 'window': '1Y', 'order': 1, 'rows': 3}
{'ticker': 'DIA', 'mode': 'tri', 'thr': 0, 'window': '1Y', 'order': 2, 'rows': 6}
{'ticker': 'DIA', 'mode': 'tri', 'thr': 0, 'window': '1Y', 'order': 3, 'rows': 11}
{'ticker': 'DIA', 'mode': 'tri', 'thr': 0, 'window': '1Y', 'order': 4, 'rows': 20}
{'ticker': 'DIA', 'mode': 'tri', 'thr': 0, 'window': '2Y', 'order': 1, 'rows': 3}
{'ticker': 'DIA', 'mode': 'tri', 'thr': 0, 'window': '2Y', 'order': 2, 'rows': 6}
{'ticker': 'DIA', 'mode': 'tri', 'thr': 0, 'window': '2Y', 'order': 3, 'rows': 11}
{'ticker': 'DIA', 'mode': 'tri', 'thr': 0, 'window': '2Y', 'order': 4, 'rows': 20}
{'ticker': 'DIA', 'mode': 'tri', 'thr': 0, 'window': '5Y', 'order': 1, 'rows': 3}
{'ticker': 'DIA', 'mode': 'tri', 'thr': 0, 'window': '5Y', 'order': 2, 'rows': 8}
{'ticker': 'DIA', 'mode': 'tri', 'thr': 0, 'window': '5Y', 'order': 3, 'rows': 14}
{'ticker': 'DIA', 'mode': 'tri', 'thr': 0, 'window': '5Y', 'order': 4, 'rows': 24}2025-11-12 11:27:12,038 INFO [cli] {'ticker': 'DIA', 'mode': 'tri', 'thr': 0, 'window': '5Y', 'order': 4, 'rows': 24}
2025-11-12 11:27:12,047 INFO [cli] {'ticker': 'DIA', 'mode': 'tri', 'thr': 0, 'window': '10Y', 'order': 1, 'rows': 3}
2025-11-12 11:27:12,056 INFO [cli] {'ticker': 'DIA', 'mode': 'tri', 'thr': 0, 'window': '10Y', 'order': 2, 'rows': 8}
2025-11-12 11:27:12,066 INFO [cli] {'ticker': 'DIA', 'mode': 'tri', 'thr': 0, 'window': '10Y', 'order': 3, 'rows': 18}
2025-11-12 11:27:12,075 INFO [cli] {'ticker': 'DIA', 'mode': 'tri', 'thr': 0, 'window': '10Y', 'order': 4, 'rows': 36}
2025-11-12 11:27:12,090 INFO [cli] {'ticker': 'DIA', 'mode': 'tri', 'thr': 0, 'window': '20Y', 'order': 1, 'rows': 3}
2025-11-12 11:27:12,100 INFO [cli] {'ticker': 'DIA', 'mode': 'tri', 'thr': 0, 'window': '20Y', 'order': 2, 'rows': 8}
2025-11-12 11:27:12,109 INFO [cli] {'ticker': 'DIA', 'mode': 'tri', 'thr': 0, 'window': '20Y', 'order': 3, 'rows': 20}
2025-11-12 11:27:12,118 INFO [cli] {'ticker': 'DIA', 'mode': 'tri', 'thr': 0, 'window': '20Y', 'order': 4, 'rows': 47}
2025-11-12 11:27:12,127 INFO [cli] {'ticker': 'DIA', 'mode': 'tri', 'thr': 0, 'window': 'MAX', 'order': 1, 'rows': 3}
2025-11-12 11:27:12,138 INFO [cli] {'ticker': 'DIA', 'mode': 'tri', 'thr': 0, 'window': 'MAX', 'order': 2, 'rows': 8}
2025-11-12 11:27:12,147 INFO [cli] {'ticker': 'DIA', 'mode': 'tri', 'thr': 0, 'window': 'MAX', 'order': 3, 'rows': 20}
2025-11-12 11:27:12,157 INFO [cli] {'ticker': 'DIA', 'mode': 'tri', 'thr': 0, 'window': 'MAX', 'order': 4, 'rows': 48}
2025-11-12 11:27:12,173 INFO [cli] {'ticker': 'DIA', 'mode': 'tri', 'thr': 5, 'window': '1Y', 'order': 1, 'rows': 3}
2025-11-12 11:27:12,181 INFO [cli] {'ticker': 'DIA', 'mode': 'tri', 'thr': 5, 'window': '1Y', 'order': 2, 'rows': 8}
2025-11-12 11:27:12,189 INFO [cli] {'ticker': 'DIA', 'mode': 'tri', 'thr': 5, 'window': '1Y', 'order': 3, 'rows': 21}
2025-11-12 11:27:12,197 INFO [cli] {'ticker': 'DIA', 'mode': 'tri', 'thr': 5, 'window': '1Y', 'order': 4, 'rows': 46}
2025-11-12 11:27:12,205 INFO [cli] {'ticker': 'DIA', 'mode': 'tri', 'thr': 5, 'window': '2Y', 'order': 1, 'rows': 3}
2025-11-12 11:27:12,216 INFO [cli] {'ticker': 'DIA', 'mode': 'tri', 'thr': 5, 'window': '2Y', 'order': 2, 'rows': 8}
2025-11-12 11:27:12,226 INFO [cli] {'ticker': 'DIA', 'mode': 'tri', 'thr': 5, 'window': '2Y', 'order': 3, 'rows': 21}
2025-11-12 11:27:12,234 INFO [cli] {'ticker': 'DIA', 'mode': 'tri', 'thr': 5, 'window': '2Y', 'order': 4, 'rows': 48}
2025-11-12 11:27:12,243 INFO [cli] {'ticker': 'DIA', 'mode': 'tri', 'thr': 5, 'window': '5Y', 'order': 1, 'rows': 3}
2025-11-12 11:27:12,253 INFO [cli] {'ticker': 'DIA', 'mode': 'tri', 'thr': 5, 'window': '5Y', 'order': 2, 'rows': 9}
2025-11-12 11:27:12,263 INFO [cli] {'ticker': 'DIA', 'mode': 'tri', 'thr': 5, 'window': '5Y', 'order': 3, 'rows': 25}
2025-11-12 11:27:12,272 INFO [cli] {'ticker': 'DIA', 'mode': 'tri', 'thr': 5, 'window': '5Y', 'order': 4, 'rows': 60}
2025-11-12 11:27:12,281 INFO [cli] {'ticker': 'DIA', 'mode': 'tri', 'thr': 5, 'window': '10Y', 'order': 1, 'rows': 3}
2025-11-12 11:27:12,289 INFO [cli] {'ticker': 'DIA', 'mode': 'tri', 'thr': 5, 'window': '10Y', 'order': 2, 'rows': 9}
2025-11-12 11:27:12,298 INFO [cli] {'ticker': 'DIA', 'mode': 'tri', 'thr': 5, 'window': '10Y', 'order': 3, 'rows': 27}
2025-11-12 11:27:12,306 INFO [cli] {'ticker': 'DIA', 'mode': 'tri', 'thr': 5, 'window': '10Y', 'order': 4, 'rows': 72}
2025-11-12 11:27:12,314 INFO [cli] {'ticker': 'DIA', 'mode': 'tri', 'thr': 5, 'window': '20Y', 'order': 1, 'rows': 3}
2025-11-12 11:27:12,322 INFO [cli] {'ticker': 'DIA', 'mode': 'tri', 'thr': 5, 'window': '20Y', 'order': 2, 'rows': 9}
2025-11-12 11:27:12,330 INFO [cli] {'ticker': 'DIA', 'mode': 'tri', 'thr': 5, 'window': '20Y', 'order': 3, 'rows': 27}
2025-11-12 11:27:12,339 INFO [cli] {'ticker': 'DIA', 'mode': 'tri', 'thr': 5, 'window': '20Y', 'order': 4, 'rows': 76}
2025-11-12 11:27:12,349 INFO [cli] {'ticker': 'DIA', 'mode': 'tri', 'thr': 5, 'window': 'MAX', 'order': 1, 'rows': 3}
2025-11-12 11:27:12,359 INFO [cli] {'ticker': 'DIA', 'mode': 'tri', 'thr': 5, 'window': 'MAX', 'order': 2, 'rows': 9}
2025-11-12 11:27:12,367 INFO [cli] {'ticker': 'DIA', 'mode': 'tri', 'thr': 5, 'window': 'MAX', 'order': 3, 'rows': 27}
2025-11-12 11:27:12,375 INFO [cli] {'ticker': 'DIA', 'mode': 'tri', 'thr': 5, 'window': 'MAX', 'order': 4, 'rows': 77}
2025-11-12 11:27:12,391 INFO [cli] {'ticker': 'DIA', 'mode': 'tri', 'thr': 10, 'window': '1Y', 'order': 1, 'rows': 3}
2025-11-12 11:27:12,399 INFO [cli] {'ticker': 'DIA', 'mode': 'tri', 'thr': 10, 'window': '1Y', 'order': 2, 'rows': 9}
2025-11-12 11:27:12,407 INFO [cli] {'ticker': 'DIA', 'mode': 'tri', 'thr': 10, 'window': '1Y', 'order': 3, 'rows': 25}
2025-11-12 11:27:12,414 INFO [cli] {'ticker': 'DIA', 'mode': 'tri', 'thr': 10, 'window': '1Y', 'order': 4, 'rows': 63}
2025-11-12 11:27:12,425 INFO [cli] {'ticker': 'DIA', 'mode': 'tri', 'thr': 10, 'window': '2Y', 'order': 1, 'rows': 3}
2025-11-12 11:27:12,433 INFO [cli] {'ticker': 'DIA', 'mode': 'tri', 'thr': 10, 'window': '2Y', 'order': 2, 'rows': 9}
2025-11-12 11:27:12,442 INFO [cli] {'ticker': 'DIA', 'mode': 'tri', 'thr': 10, 'window': '2Y', 'order': 3, 'rows': 26}
2025-11-12 11:27:12,453 INFO [cli] {'ticker': 'DIA', 'mode': 'tri', 'thr': 10, 'window': '2Y', 'order': 4, 'rows': 72}
2025-11-12 11:27:12,462 INFO [cli] {'ticker': 'DIA', 'mode': 'tri', 'thr': 10, 'window': '5Y', 'order': 1, 'rows': 3}
2025-11-12 11:27:12,471 INFO [cli] {'ticker': 'DIA', 'mode': 'tri', 'thr': 10, 'window': '5Y', 'order': 2, 'rows': 9}
2025-11-12 11:27:12,479 INFO [cli] {'ticker': 'DIA', 'mode': 'tri', 'thr': 10, 'window': '5Y', 'order': 3, 'rows': 27}
2025-11-12 11:27:12,489 INFO [cli] {'ticker': 'DIA', 'mode': 'tri', 'thr': 10, 'window': '5Y', 'order': 4, 'rows': 77}
2025-11-12 11:27:12,498 INFO [cli] {'ticker': 'DIA', 'mode': 'tri', 'thr': 10, 'window': '10Y', 'order': 1, 'rows': 3}
2025-11-12 11:27:12,508 INFO [cli] {'ticker': 'DIA', 'mode': 'tri', 'thr': 10, 'window': '10Y', 'order': 2, 'rows': 9}
2025-11-12 11:27:12,517 INFO [cli] {'ticker': 'DIA', 'mode': 'tri', 'thr': 10, 'window': '10Y', 'order': 3, 'rows': 27}
2025-11-12 11:27:12,524 INFO [cli] {'ticker': 'DIA', 'mode': 'tri', 'thr': 10, 'window': '10Y', 'order': 4, 'rows': 81}
2025-11-12 11:27:12,532 INFO [cli] {'ticker': 'DIA', 'mode': 'tri', 'thr': 10, 'window': '20Y', 'order': 1, 'rows': 3}
2025-11-12 11:27:12,540 INFO [cli] {'ticker': 'DIA', 'mode': 'tri', 'thr': 10, 'window': '20Y', 'order': 2, 'rows': 9}
2025-11-12 11:27:12,549 INFO [cli] {'ticker': 'DIA', 'mode': 'tri', 'thr': 10, 'window': '20Y', 'order': 3, 'rows': 27}
2025-11-12 11:27:12,558 INFO [cli] {'ticker': 'DIA', 'mode': 'tri', 'thr': 10, 'window': '20Y', 'order': 4, 'rows': 81}
2025-11-12 11:27:12,568 INFO [cli] {'ticker': 'DIA', 'mode': 'tri', 'thr': 10, 'window': 'MAX', 'order': 1, 'rows': 3}
2025-11-12 11:27:12,576 INFO [cli] {'ticker': 'DIA', 'mode': 'tri', 'thr': 10, 'window': 'MAX', 'order': 2, 'rows': 9}
2025-11-12 11:27:12,584 INFO [cli] {'ticker': 'DIA', 'mode': 'tri', 'thr': 10, 'window': 'MAX', 'order': 3, 'rows': 27}
2025-11-12 11:27:12,593 INFO [cli] {'ticker': 'DIA', 'mode': 'tri', 'thr': 10, 'window': 'MAX', 'order': 4, 'rows': 81}
2025-11-12 11:27:12,609 INFO [cli] {'ticker': 'DIA', 'mode': 'tri', 'thr': 15, 'window': '1Y', 'order': 1, 'rows': 3}
2025-11-12 11:27:12,617 INFO [cli] {'ticker': 'DIA', 'mode': 'tri', 'thr': 15, 'window': '1Y', 'order': 2, 'rows': 9}
2025-11-12 11:27:12,625 INFO [cli] {'ticker': 'DIA', 'mode': 'tri', 'thr': 15, 'window': '1Y', 'order': 3, 'rows': 27}
2025-11-12 11:27:12,634 INFO [cli] {'ticker': 'DIA', 'mode': 'tri', 'thr': 15, 'window': '1Y', 'order': 4, 'rows': 68}
2025-11-12 11:27:12,642 INFO [cli] {'ticker': 'DIA', 'mode': 'tri', 'thr': 15, 'window': '2Y', 'order': 1, 'rows': 3}
2025-11-12 11:27:12,651 INFO [cli] {'ticker': 'DIA', 'mode': 'tri', 'thr': 15, 'window': '2Y', 'order': 2, 'rows': 9}
2025-11-12 11:27:12,660 INFO [cli] {'ticker': 'DIA', 'mode': 'tri', 'thr': 15, 'window': '2Y', 'order': 3, 'rows': 27}
2025-11-12 11:27:12,671 INFO [cli] {'ticker': 'DIA', 'mode': 'tri', 'thr': 15, 'window': '2Y', 'order': 4, 'rows': 78}
2025-11-12 11:27:12,681 INFO [cli] {'ticker': 'DIA', 'mode': 'tri', 'thr': 15, 'window': '5Y', 'order': 1, 'rows': 3}
2025-11-12 11:27:12,688 INFO [cli] {'ticker': 'DIA', 'mode': 'tri', 'thr': 15, 'window': '5Y', 'order': 2, 'rows': 9}
2025-11-12 11:27:12,697 INFO [cli] {'ticker': 'DIA', 'mode': 'tri', 'thr': 15, 'window': '5Y', 'order': 3, 'rows': 27}
2025-11-12 11:27:12,705 INFO [cli] {'ticker': 'DIA', 'mode': 'tri', 'thr': 15, 'window': '5Y', 'order': 4, 'rows': 81}
2025-11-12 11:27:12,714 INFO [cli] {'ticker': 'DIA', 'mode': 'tri', 'thr': 15, 'window': '10Y', 'order': 1, 'rows': 3}
2025-11-12 11:27:12,724 INFO [cli] {'ticker': 'DIA', 'mode': 'tri', 'thr': 15, 'window': '10Y', 'order': 2, 'rows': 9}
2025-11-12 11:27:12,731 INFO [cli] {'ticker': 'DIA', 'mode': 'tri', 'thr': 15, 'window': '10Y', 'order': 3, 'rows': 27}
2025-11-12 11:27:12,740 INFO [cli] {'ticker': 'DIA', 'mode': 'tri', 'thr': 15, 'window': '10Y', 'order': 4, 'rows': 81}
2025-11-12 11:27:12,747 INFO [cli] {'ticker': 'DIA', 'mode': 'tri', 'thr': 15, 'window': '20Y', 'order': 1, 'rows': 3}
2025-11-12 11:27:12,756 INFO [cli] {'ticker': 'DIA', 'mode': 'tri', 'thr': 15, 'window': '20Y', 'order': 2, 'rows': 9}
2025-11-12 11:27:12,765 INFO [cli] {'ticker': 'DIA', 'mode': 'tri', 'thr': 15, 'window': '20Y', 'order': 3, 'rows': 27}
2025-11-12 11:27:12,773 INFO [cli] {'ticker': 'DIA', 'mode': 'tri', 'thr': 15, 'window': '20Y', 'order': 4, 'rows': 81}
2025-11-12 11:27:12,781 INFO [cli] {'ticker': 'DIA', 'mode': 'tri', 'thr': 15, 'window': 'MAX', 'order': 1, 'rows': 3}
2025-11-12 11:27:12,791 INFO [cli] {'ticker': 'DIA', 'mode': 'tri', 'thr': 15, 'window': 'MAX', 'order': 2, 'rows': 9}
2025-11-12 11:27:12,800 INFO [cli] {'ticker': 'DIA', 'mode': 'tri', 'thr': 15, 'window': 'MAX', 'order': 3, 'rows': 27}
2025-11-12 11:27:12,808 INFO [cli] {'ticker': 'DIA', 'mode': 'tri', 'thr': 15, 'window': 'MAX', 'order': 4, 'rows': 81}
2025-11-12 11:27:12,822 INFO [cli] {'ticker': 'DIA', 'mode': 'tri', 'thr': 20, 'window': '1Y', 'order': 1, 'rows': 3}
2025-11-12 11:27:12,833 INFO [cli] {'ticker': 'DIA', 'mode': 'tri', 'thr': 20, 'window': '1Y', 'order': 2, 'rows': 9}
2025-11-12 11:27:12,843 INFO [cli] {'ticker': 'DIA', 'mode': 'tri', 'thr': 20, 'window': '1Y', 'order': 3, 'rows': 27}
2025-11-12 11:27:12,851 INFO [cli] {'ticker': 'DIA', 'mode': 'tri', 'thr': 20, 'window': '1Y', 'order': 4, 'rows': 74}
2025-11-12 11:27:12,859 INFO [cli] {'ticker': 'DIA', 'mode': 'tri', 'thr': 20, 'window': '2Y', 'order': 1, 'rows': 3}
2025-11-12 11:27:12,869 INFO [cli] {'ticker': 'DIA', 'mode': 'tri', 'thr': 20, 'window': '2Y', 'order': 2, 'rows': 9}
2025-11-12 11:27:12,878 INFO [cli] {'ticker': 'DIA', 'mode': 'tri', 'thr': 20, 'window': '2Y', 'order': 3, 'rows': 27}
2025-11-12 11:27:12,886 INFO [cli] {'ticker': 'DIA', 'mode': 'tri', 'thr': 20, 'window': '2Y', 'order': 4, 'rows': 81}
2025-11-12 11:27:12,899 INFO [cli] {'ticker': 'DIA', 'mode': 'tri', 'thr': 20, 'window': '5Y', 'order': 1, 'rows': 3}
2025-11-12 11:27:12,907 INFO [cli] {'ticker': 'DIA', 'mode': 'tri', 'thr': 20, 'window': '5Y', 'order': 2, 'rows': 9}
2025-11-12 11:27:12,916 INFO [cli] {'ticker': 'DIA', 'mode': 'tri', 'thr': 20, 'window': '5Y', 'order': 3, 'rows': 27}
2025-11-12 11:27:12,926 INFO [cli] {'ticker': 'DIA', 'mode': 'tri', 'thr': 20, 'window': '5Y', 'order': 4, 'rows': 81}
2025-11-12 11:27:12,937 INFO [cli] {'ticker': 'DIA', 'mode': 'tri', 'thr': 20, 'window': '10Y', 'order': 1, 'rows': 3}

{'ticker': 'DIA', 'mode': 'tri', 'thr': 0, 'window': '10Y', 'order': 1, 'rows': 3}
{'ticker': 'DIA', 'mode': 'tri', 'thr': 0, 'window': '10Y', 'order': 2, 'rows': 8}
{'ticker': 'DIA', 'mode': 'tri', 'thr': 0, 'window': '10Y', 'order': 3, 'rows': 18}
{'ticker': 'DIA', 'mode': 'tri', 'thr': 0, 'window': '10Y', 'order': 4, 'rows': 36}
{'ticker': 'DIA', 'mode': 'tri', 'thr': 0, 'window': '20Y', 'order': 1, 'rows': 3}
{'ticker': 'DIA', 'mode': 'tri', 'thr': 0, 'window': '20Y', 'order': 2, 'rows': 8}
{'ticker': 'DIA', 'mode': 'tri', 'thr': 0, 'window': '20Y', 'order': 3, 'rows': 20}
{'ticker': 'DIA', 'mode': 'tri', 'thr': 0, 'window': '20Y', 'order': 4, 'rows': 47}
{'ticker': 'DIA', 'mode': 'tri', 'thr': 0, 'window': 'MAX', 'order': 1, 'rows': 3}
{'ticker': 'DIA', 'mode': 'tri', 'thr': 0, 'window': 'MAX', 'order': 2, 'rows': 8}
{'ticker': 'DIA', 'mode': 'tri', 'thr': 0, 'window': 'MAX', 'order': 3, 'rows': 20}
{'ticker': 'DIA', 'mode': 'tri', 'thr': 0, 'window': 'MAX', 'order': 4, 'rows': 48}
{'ticker': 'DIA', 'mode': 'tri', 'thr': 5, 'window': '1Y', 'order': 1, 'rows': 3}
{'ticker': 'DIA', 'mode': 'tri', 'thr': 5, 'window': '1Y', 'order': 2, 'rows': 8}
{'ticker': 'DIA', 'mode': 'tri', 'thr': 5, 'window': '1Y', 'order': 3, 'rows': 21}
{'ticker': 'DIA', 'mode': 'tri', 'thr': 5, 'window': '1Y', 'order': 4, 'rows': 46}
{'ticker': 'DIA', 'mode': 'tri', 'thr': 5, 'window': '2Y', 'order': 1, 'rows': 3}
{'ticker': 'DIA', 'mode': 'tri', 'thr': 5, 'window': '2Y', 'order': 2, 'rows': 8}
{'ticker': 'DIA', 'mode': 'tri', 'thr': 5, 'window': '2Y', 'order': 3, 'rows': 21}
{'ticker': 'DIA', 'mode': 'tri', 'thr': 5, 'window': '2Y', 'order': 4, 'rows': 48}
{'ticker': 'DIA', 'mode': 'tri', 'thr': 5, 'window': '5Y', 'order': 1, 'rows': 3}
{'ticker': 'DIA', 'mode': 'tri', 'thr': 5, 'window': '5Y', 'order': 2, 'rows': 9}
{'ticker': 'DIA', 'mode': 'tri', 'thr': 5, 'window': '5Y', 'order': 3, 'rows': 25}
{'ticker': 'DIA', 'mode': 'tri', 'thr': 5, 'window': '5Y', 'order': 4, 'rows': 60}
{'ticker': 'DIA', 'mode': 'tri', 'thr': 5, 'window': '10Y', 'order': 1, 'rows': 3}
{'ticker': 'DIA', 'mode': 'tri', 'thr': 5, 'window': '10Y', 'order': 2, 'rows': 9}
{'ticker': 'DIA', 'mode': 'tri', 'thr': 5, 'window': '10Y', 'order': 3, 'rows': 27}
{'ticker': 'DIA', 'mode': 'tri', 'thr': 5, 'window': '10Y', 'order': 4, 'rows': 72}
{'ticker': 'DIA', 'mode': 'tri', 'thr': 5, 'window': '20Y', 'order': 1, 'rows': 3}
{'ticker': 'DIA', 'mode': 'tri', 'thr': 5, 'window': '20Y', 'order': 2, 'rows': 9}
{'ticker': 'DIA', 'mode': 'tri', 'thr': 5, 'window': '20Y', 'order': 3, 'rows': 27}
{'ticker': 'DIA', 'mode': 'tri', 'thr': 5, 'window': '20Y', 'order': 4, 'rows': 76}
{'ticker': 'DIA', 'mode': 'tri', 'thr': 5, 'window': 'MAX', 'order': 1, 'rows': 3}
{'ticker': 'DIA', 'mode': 'tri', 'thr': 5, 'window': 'MAX', 'order': 2, 'rows': 9}
{'ticker': 'DIA', 'mode': 'tri', 'thr': 5, 'window': 'MAX', 'order': 3, 'rows': 27}
{'ticker': 'DIA', 'mode': 'tri', 'thr': 5, 'window': 'MAX', 'order': 4, 'rows': 77}
{'ticker': 'DIA', 'mode': 'tri', 'thr': 10, 'window': '1Y', 'order': 1, 'rows': 3}
{'ticker': 'DIA', 'mode': 'tri', 'thr': 10, 'window': '1Y', 'order': 2, 'rows': 9}
{'ticker': 'DIA', 'mode': 'tri', 'thr': 10, 'window': '1Y', 'order': 3, 'rows': 25}
{'ticker': 'DIA', 'mode': 'tri', 'thr': 10, 'window': '1Y', 'order': 4, 'rows': 63}
{'ticker': 'DIA', 'mode': 'tri', 'thr': 10, 'window': '2Y', 'order': 1, 'rows': 3}
{'ticker': 'DIA', 'mode': 'tri', 'thr': 10, 'window': '2Y', 'order': 2, 'rows': 9}
{'ticker': 'DIA', 'mode': 'tri', 'thr': 10, 'window': '2Y', 'order': 3, 'rows': 26}
{'ticker': 'DIA', 'mode': 'tri', 'thr': 10, 'window': '2Y', 'order': 4, 'rows': 72}
{'ticker': 'DIA', 'mode': 'tri', 'thr': 10, 'window': '5Y', 'order': 1, 'rows': 3}
{'ticker': 'DIA', 'mode': 'tri', 'thr': 10, 'window': '5Y', 'order': 2, 'rows': 9}
{'ticker': 'DIA', 'mode': 'tri', 'thr': 10, 'window': '5Y', 'order': 3, 'rows': 27}
{'ticker': 'DIA', 'mode': 'tri', 'thr': 10, 'window': '5Y', 'order': 4, 'rows': 77}
{'ticker': 'DIA', 'mode': 'tri', 'thr': 10, 'window': '10Y', 'order': 1, 'rows': 3}
{'ticker': 'DIA', 'mode': 'tri', 'thr': 10, 'window': '10Y', 'order': 2, 'rows': 9}
{'ticker': 'DIA', 'mode': 'tri', 'thr': 10, 'window': '10Y', 'order': 3, 'rows': 27}
{'ticker': 'DIA', 'mode': 'tri', 'thr': 10, 'window': '10Y', 'order': 4, 'rows': 81}
{'ticker': 'DIA', 'mode': 'tri', 'thr': 10, 'window': '20Y', 'order': 1, 'rows': 3}
{'ticker': 'DIA', 'mode': 'tri', 'thr': 10, 'window': '20Y', 'order': 2, 'rows': 9}
{'ticker': 'DIA', 'mode': 'tri', 'thr': 10, 'window': '20Y', 'order': 3, 'rows': 27}
{'ticker': 'DIA', 'mode': 'tri', 'thr': 10, 'window': '20Y', 'order': 4, 'rows': 81}
{'ticker': 'DIA', 'mode': 'tri', 'thr': 10, 'window': 'MAX', 'order': 1, 'rows': 3}
{'ticker': 'DIA', 'mode': 'tri', 'thr': 10, 'window': 'MAX', 'order': 2, 'rows': 9}
{'ticker': 'DIA', 'mode': 'tri', 'thr': 10, 'window': 'MAX', 'order': 3, 'rows': 27}
{'ticker': 'DIA', 'mode': 'tri', 'thr': 10, 'window': 'MAX', 'order': 4, 'rows': 81}
{'ticker': 'DIA', 'mode': 'tri', 'thr': 15, 'window': '1Y', 'order': 1, 'rows': 3}
{'ticker': 'DIA', 'mode': 'tri', 'thr': 15, 'window': '1Y', 'order': 2, 'rows': 9}
{'ticker': 'DIA', 'mode': 'tri', 'thr': 15, 'window': '1Y', 'order': 3, 'rows': 27}
{'ticker': 'DIA', 'mode': 'tri', 'thr': 15, 'window': '1Y', 'order': 4, 'rows': 68}
{'ticker': 'DIA', 'mode': 'tri', 'thr': 15, 'window': '2Y', 'order': 1, 'rows': 3}
{'ticker': 'DIA', 'mode': 'tri', 'thr': 15, 'window': '2Y', 'order': 2, 'rows': 9}
{'ticker': 'DIA', 'mode': 'tri', 'thr': 15, 'window': '2Y', 'order': 3, 'rows': 27}
{'ticker': 'DIA', 'mode': 'tri', 'thr': 15, 'window': '2Y', 'order': 4, 'rows': 78}
{'ticker': 'DIA', 'mode': 'tri', 'thr': 15, 'window': '5Y', 'order': 1, 'rows': 3}
{'ticker': 'DIA', 'mode': 'tri', 'thr': 15, 'window': '5Y', 'order': 2, 'rows': 9}
{'ticker': 'DIA', 'mode': 'tri', 'thr': 15, 'window': '5Y', 'order': 3, 'rows': 27}
{'ticker': 'DIA', 'mode': 'tri', 'thr': 15, 'window': '5Y', 'order': 4, 'rows': 81}
{'ticker': 'DIA', 'mode': 'tri', 'thr': 15, 'window': '10Y', 'order': 1, 'rows': 3}
{'ticker': 'DIA', 'mode': 'tri', 'thr': 15, 'window': '10Y', 'order': 2, 'rows': 9}
{'ticker': 'DIA', 'mode': 'tri', 'thr': 15, 'window': '10Y', 'order': 3, 'rows': 27}
{'ticker': 'DIA', 'mode': 'tri', 'thr': 15, 'window': '10Y', 'order': 4, 'rows': 81}
{'ticker': 'DIA', 'mode': 'tri', 'thr': 15, 'window': '20Y', 'order': 1, 'rows': 3}
{'ticker': 'DIA', 'mode': 'tri', 'thr': 15, 'window': '20Y', 'order': 2, 'rows': 9}
{'ticker': 'DIA', 'mode': 'tri', 'thr': 15, 'window': '20Y', 'order': 3, 'rows': 27}
{'ticker': 'DIA', 'mode': 'tri', 'thr': 15, 'window': '20Y', 'order': 4, 'rows': 81}
{'ticker': 'DIA', 'mode': 'tri', 'thr': 15, 'window': 'MAX', 'order': 1, 'rows': 3}
{'ticker': 'DIA', 'mode': 'tri', 'thr': 15, 'window': 'MAX', 'order': 2, 'rows': 9}
{'ticker': 'DIA', 'mode': 'tri', 'thr': 15, 'window': 'MAX', 'order': 3, 'rows': 27}
{'ticker': 'DIA', 'mode': 'tri', 'thr': 15, 'window': 'MAX', 'order': 4, 'rows': 81}
{'ticker': 'DIA', 'mode': 'tri', 'thr': 20, 'window': '1Y', 'order': 1, 'rows': 3}
{'ticker': 'DIA', 'mode': 'tri', 'thr': 20, 'window': '1Y', 'order': 2, 'rows': 9}
{'ticker': 'DIA', 'mode': 'tri', 'thr': 20, 'window': '1Y', 'order': 3, 'rows': 27}
{'ticker': 'DIA', 'mode': 'tri', 'thr': 20, 'window': '1Y', 'order': 4, 'rows': 74}
{'ticker': 'DIA', 'mode': 'tri', 'thr': 20, 'window': '2Y', 'order': 1, 'rows': 3}
{'ticker': 'DIA', 'mode': 'tri', 'thr': 20, 'window': '2Y', 'order': 2, 'rows': 9}
{'ticker': 'DIA', 'mode': 'tri', 'thr': 20, 'window': '2Y', 'order': 3, 'rows': 27}
{'ticker': 'DIA', 'mode': 'tri', 'thr': 20, 'window': '2Y', 'order': 4, 'rows': 81}
{'ticker': 'DIA', 'mode': 'tri', 'thr': 20, 'window': '5Y', 'order': 1, 'rows': 3}
{'ticker': 'DIA', 'mode': 'tri', 'thr': 20, 'window': '5Y', 'order': 2, 'rows': 9}
{'ticker': 'DIA', 'mode': 'tri', 'thr': 20, 'window': '5Y', 'order': 3, 'rows': 27}
{'ticker': 'DIA', 'mode': 'tri', 'thr': 20, 'window': '5Y', 'order': 4, 'rows': 81}
{'ticker': 'DIA', 'mode': 'tri', 'thr': 20, 'window': '10Y', 'order': 1, 'rows': 3}
{'ticker': 'DIA', 'mode': 'tri', 'thr': 20, 'window': '10Y', 'order': 2, 'rows': 9}2025-11-12 11:27:12,950 INFO [cli] {'ticker': 'DIA', 'mode': 'tri', 'thr': 20, 'window': '10Y', 'order': 2, 'rows': 9}
2025-11-12 11:27:12,959 INFO [cli] {'ticker': 'DIA', 'mode': 'tri', 'thr': 20, 'window': '10Y', 'order': 3, 'rows': 27}
2025-11-12 11:27:12,968 INFO [cli] {'ticker': 'DIA', 'mode': 'tri', 'thr': 20, 'window': '10Y', 'order': 4, 'rows': 81}
2025-11-12 11:27:12,977 INFO [cli] {'ticker': 'DIA', 'mode': 'tri', 'thr': 20, 'window': '20Y', 'order': 1, 'rows': 3}
2025-11-12 11:27:12,986 INFO [cli] {'ticker': 'DIA', 'mode': 'tri', 'thr': 20, 'window': '20Y', 'order': 2, 'rows': 9}
2025-11-12 11:27:12,995 INFO [cli] {'ticker': 'DIA', 'mode': 'tri', 'thr': 20, 'window': '20Y', 'order': 3, 'rows': 27}
2025-11-12 11:27:13,004 INFO [cli] {'ticker': 'DIA', 'mode': 'tri', 'thr': 20, 'window': '20Y', 'order': 4, 'rows': 81}
2025-11-12 11:27:13,013 INFO [cli] {'ticker': 'DIA', 'mode': 'tri', 'thr': 20, 'window': 'MAX', 'order': 1, 'rows': 3}
2025-11-12 11:27:13,022 INFO [cli] {'ticker': 'DIA', 'mode': 'tri', 'thr': 20, 'window': 'MAX', 'order': 2, 'rows': 9}
2025-11-12 11:27:13,030 INFO [cli] {'ticker': 'DIA', 'mode': 'tri', 'thr': 20, 'window': 'MAX', 'order': 3, 'rows': 27}
2025-11-12 11:27:13,038 INFO [cli] {'ticker': 'DIA', 'mode': 'tri', 'thr': 20, 'window': 'MAX', 'order': 4, 'rows': 81}
2025-11-12 11:27:13,054 INFO [cli] {'ticker': 'DIA', 'mode': 'tri', 'thr': 25, 'window': '1Y', 'order': 1, 'rows': 3}
2025-11-12 11:27:13,064 INFO [cli] {'ticker': 'DIA', 'mode': 'tri', 'thr': 25, 'window': '1Y', 'order': 2, 'rows': 9}
2025-11-12 11:27:13,073 INFO [cli] {'ticker': 'DIA', 'mode': 'tri', 'thr': 25, 'window': '1Y', 'order': 3, 'rows': 27}
2025-11-12 11:27:13,082 INFO [cli] {'ticker': 'DIA', 'mode': 'tri', 'thr': 25, 'window': '1Y', 'order': 4, 'rows': 79}
2025-11-12 11:27:13,091 INFO [cli] {'ticker': 'DIA', 'mode': 'tri', 'thr': 25, 'window': '2Y', 'order': 1, 'rows': 3}
2025-11-12 11:27:13,100 INFO [cli] {'ticker': 'DIA', 'mode': 'tri', 'thr': 25, 'window': '2Y', 'order': 2, 'rows': 9}
2025-11-12 11:27:13,108 INFO [cli] {'ticker': 'DIA', 'mode': 'tri', 'thr': 25, 'window': '2Y', 'order': 3, 'rows': 27}
2025-11-12 11:27:13,121 INFO [cli] {'ticker': 'DIA', 'mode': 'tri', 'thr': 25, 'window': '2Y', 'order': 4, 'rows': 80}
2025-11-12 11:27:13,131 INFO [cli] {'ticker': 'DIA', 'mode': 'tri', 'thr': 25, 'window': '5Y', 'order': 1, 'rows': 3}
2025-11-12 11:27:13,139 INFO [cli] {'ticker': 'DIA', 'mode': 'tri', 'thr': 25, 'window': '5Y', 'order': 2, 'rows': 9}
2025-11-12 11:27:13,147 INFO [cli] {'ticker': 'DIA', 'mode': 'tri', 'thr': 25, 'window': '5Y', 'order': 3, 'rows': 27}
2025-11-12 11:27:13,156 INFO [cli] {'ticker': 'DIA', 'mode': 'tri', 'thr': 25, 'window': '5Y', 'order': 4, 'rows': 81}
2025-11-12 11:27:13,165 INFO [cli] {'ticker': 'DIA', 'mode': 'tri', 'thr': 25, 'window': '10Y', 'order': 1, 'rows': 3}
2025-11-12 11:27:13,174 INFO [cli] {'ticker': 'DIA', 'mode': 'tri', 'thr': 25, 'window': '10Y', 'order': 2, 'rows': 9}
2025-11-12 11:27:13,184 INFO [cli] {'ticker': 'DIA', 'mode': 'tri', 'thr': 25, 'window': '10Y', 'order': 3, 'rows': 27}
2025-11-12 11:27:13,194 INFO [cli] {'ticker': 'DIA', 'mode': 'tri', 'thr': 25, 'window': '10Y', 'order': 4, 'rows': 81}
2025-11-12 11:27:13,204 INFO [cli] {'ticker': 'DIA', 'mode': 'tri', 'thr': 25, 'window': '20Y', 'order': 1, 'rows': 3}
2025-11-12 11:27:13,214 INFO [cli] {'ticker': 'DIA', 'mode': 'tri', 'thr': 25, 'window': '20Y', 'order': 2, 'rows': 9}
2025-11-12 11:27:13,222 INFO [cli] {'ticker': 'DIA', 'mode': 'tri', 'thr': 25, 'window': '20Y', 'order': 3, 'rows': 27}
2025-11-12 11:27:13,231 INFO [cli] {'ticker': 'DIA', 'mode': 'tri', 'thr': 25, 'window': '20Y', 'order': 4, 'rows': 81}
2025-11-12 11:27:13,239 INFO [cli] {'ticker': 'DIA', 'mode': 'tri', 'thr': 25, 'window': 'MAX', 'order': 1, 'rows': 3}
2025-11-12 11:27:13,248 INFO [cli] {'ticker': 'DIA', 'mode': 'tri', 'thr': 25, 'window': 'MAX', 'order': 2, 'rows': 9}
2025-11-12 11:27:13,257 INFO [cli] {'ticker': 'DIA', 'mode': 'tri', 'thr': 25, 'window': 'MAX', 'order': 3, 'rows': 27}
2025-11-12 11:27:13,267 INFO [cli] {'ticker': 'DIA', 'mode': 'tri', 'thr': 25, 'window': 'MAX', 'order': 4, 'rows': 81}
2025-11-12 11:27:13,283 INFO [cli] {'ticker': 'DIA', 'mode': 'tri', 'thr': 30, 'window': '1Y', 'order': 1, 'rows': 3}
2025-11-12 11:27:13,291 INFO [cli] {'ticker': 'DIA', 'mode': 'tri', 'thr': 30, 'window': '1Y', 'order': 2, 'rows': 9}
2025-11-12 11:27:13,301 INFO [cli] {'ticker': 'DIA', 'mode': 'tri', 'thr': 30, 'window': '1Y', 'order': 3, 'rows': 27}
2025-11-12 11:27:13,310 INFO [cli] {'ticker': 'DIA', 'mode': 'tri', 'thr': 30, 'window': '1Y', 'order': 4, 'rows': 80}
2025-11-12 11:27:13,321 INFO [cli] {'ticker': 'DIA', 'mode': 'tri', 'thr': 30, 'window': '2Y', 'order': 1, 'rows': 3}
2025-11-12 11:27:13,330 INFO [cli] {'ticker': 'DIA', 'mode': 'tri', 'thr': 30, 'window': '2Y', 'order': 2, 'rows': 9}
2025-11-12 11:27:13,340 INFO [cli] {'ticker': 'DIA', 'mode': 'tri', 'thr': 30, 'window': '2Y', 'order': 3, 'rows': 27}
2025-11-12 11:27:13,350 INFO [cli] {'ticker': 'DIA', 'mode': 'tri', 'thr': 30, 'window': '2Y', 'order': 4, 'rows': 81}
2025-11-12 11:27:13,360 INFO [cli] {'ticker': 'DIA', 'mode': 'tri', 'thr': 30, 'window': '5Y', 'order': 1, 'rows': 3}
2025-11-12 11:27:13,370 INFO [cli] {'ticker': 'DIA', 'mode': 'tri', 'thr': 30, 'window': '5Y', 'order': 2, 'rows': 9}
2025-11-12 11:27:13,380 INFO [cli] {'ticker': 'DIA', 'mode': 'tri', 'thr': 30, 'window': '5Y', 'order': 3, 'rows': 27}
2025-11-12 11:27:13,390 INFO [cli] {'ticker': 'DIA', 'mode': 'tri', 'thr': 30, 'window': '5Y', 'order': 4, 'rows': 81}
2025-11-12 11:27:13,399 INFO [cli] {'ticker': 'DIA', 'mode': 'tri', 'thr': 30, 'window': '10Y', 'order': 1, 'rows': 3}
2025-11-12 11:27:13,409 INFO [cli] {'ticker': 'DIA', 'mode': 'tri', 'thr': 30, 'window': '10Y', 'order': 2, 'rows': 9}
2025-11-12 11:27:13,418 INFO [cli] {'ticker': 'DIA', 'mode': 'tri', 'thr': 30, 'window': '10Y', 'order': 3, 'rows': 27}
2025-11-12 11:27:13,434 INFO [cli] {'ticker': 'DIA', 'mode': 'tri', 'thr': 30, 'window': '10Y', 'order': 4, 'rows': 81}
2025-11-12 11:27:13,450 INFO [cli] {'ticker': 'DIA', 'mode': 'tri', 'thr': 30, 'window': '20Y', 'order': 1, 'rows': 3}
2025-11-12 11:27:13,476 INFO [cli] {'ticker': 'DIA', 'mode': 'tri', 'thr': 30, 'window': '20Y', 'order': 2, 'rows': 9}
2025-11-12 11:27:13,501 INFO [cli] {'ticker': 'DIA', 'mode': 'tri', 'thr': 30, 'window': '20Y', 'order': 3, 'rows': 27}
2025-11-12 11:27:13,515 INFO [cli] {'ticker': 'DIA', 'mode': 'tri', 'thr': 30, 'window': '20Y', 'order': 4, 'rows': 81}
2025-11-12 11:27:13,531 INFO [cli] {'ticker': 'DIA', 'mode': 'tri', 'thr': 30, 'window': 'MAX', 'order': 1, 'rows': 3}
2025-11-12 11:27:13,553 INFO [cli] {'ticker': 'DIA', 'mode': 'tri', 'thr': 30, 'window': 'MAX', 'order': 2, 'rows': 9}
2025-11-12 11:27:13,567 INFO [cli] {'ticker': 'DIA', 'mode': 'tri', 'thr': 30, 'window': 'MAX', 'order': 3, 'rows': 27}
2025-11-12 11:27:13,580 INFO [cli] {'ticker': 'DIA', 'mode': 'tri', 'thr': 30, 'window': 'MAX', 'order': 4, 'rows': 81}
2025-11-12 11:27:13,610 INFO [cli] {'ticker': 'DIA', 'mode': 'tri', 'thr': 35, 'window': '1Y', 'order': 1, 'rows': 3}
2025-11-12 11:27:13,626 INFO [cli] {'ticker': 'DIA', 'mode': 'tri', 'thr': 35, 'window': '1Y', 'order': 2, 'rows': 9}
2025-11-12 11:27:13,639 INFO [cli] {'ticker': 'DIA', 'mode': 'tri', 'thr': 35, 'window': '1Y', 'order': 3, 'rows': 27}
2025-11-12 11:27:13,650 INFO [cli] {'ticker': 'DIA', 'mode': 'tri', 'thr': 35, 'window': '1Y', 'order': 4, 'rows': 80}
2025-11-12 11:27:13,662 INFO [cli] {'ticker': 'DIA', 'mode': 'tri', 'thr': 35, 'window': '2Y', 'order': 1, 'rows': 3}
2025-11-12 11:27:13,677 INFO [cli] {'ticker': 'DIA', 'mode': 'tri', 'thr': 35, 'window': '2Y', 'order': 2, 'rows': 9}
2025-11-12 11:27:13,690 INFO [cli] {'ticker': 'DIA', 'mode': 'tri', 'thr': 35, 'window': '2Y', 'order': 3, 'rows': 27}
2025-11-12 11:27:13,710 INFO [cli] {'ticker': 'DIA', 'mode': 'tri', 'thr': 35, 'window': '2Y', 'order': 4, 'rows': 80}
2025-11-12 11:27:13,726 INFO [cli] {'ticker': 'DIA', 'mode': 'tri', 'thr': 35, 'window': '5Y', 'order': 1, 'rows': 3}
2025-11-12 11:27:13,742 INFO [cli] {'ticker': 'DIA', 'mode': 'tri', 'thr': 35, 'window': '5Y', 'order': 2, 'rows': 9}
2025-11-12 11:27:13,766 INFO [cli] {'ticker': 'DIA', 'mode': 'tri', 'thr': 35, 'window': '5Y', 'order': 3, 'rows': 27}
2025-11-12 11:27:13,786 INFO [cli] {'ticker': 'DIA', 'mode': 'tri', 'thr': 35, 'window': '5Y', 'order': 4, 'rows': 81}
2025-11-12 11:27:13,797 INFO [cli] {'ticker': 'DIA', 'mode': 'tri', 'thr': 35, 'window': '10Y', 'order': 1, 'rows': 3}
2025-11-12 11:27:13,805 INFO [cli] {'ticker': 'DIA', 'mode': 'tri', 'thr': 35, 'window': '10Y', 'order': 2, 'rows': 9}
2025-11-12 11:27:13,813 INFO [cli] {'ticker': 'DIA', 'mode': 'tri', 'thr': 35, 'window': '10Y', 'order': 3, 'rows': 27}
2025-11-12 11:27:13,821 INFO [cli] {'ticker': 'DIA', 'mode': 'tri', 'thr': 35, 'window': '10Y', 'order': 4, 'rows': 81}
2025-11-12 11:27:13,832 INFO [cli] {'ticker': 'DIA', 'mode': 'tri', 'thr': 35, 'window': '20Y', 'order': 1, 'rows': 3}
2025-11-12 11:27:13,843 INFO [cli] {'ticker': 'DIA', 'mode': 'tri', 'thr': 35, 'window': '20Y', 'order': 2, 'rows': 9}
2025-11-12 11:27:13,851 INFO [cli] {'ticker': 'DIA', 'mode': 'tri', 'thr': 35, 'window': '20Y', 'order': 3, 'rows': 27}
2025-11-12 11:27:13,862 INFO [cli] {'ticker': 'DIA', 'mode': 'tri', 'thr': 35, 'window': '20Y', 'order': 4, 'rows': 81}
2025-11-12 11:27:13,873 INFO [cli] {'ticker': 'DIA', 'mode': 'tri', 'thr': 35, 'window': 'MAX', 'order': 1, 'rows': 3}
2025-11-12 11:27:13,882 INFO [cli] {'ticker': 'DIA', 'mode': 'tri', 'thr': 35, 'window': 'MAX', 'order': 2, 'rows': 9}
2025-11-12 11:27:13,892 INFO [cli] {'ticker': 'DIA', 'mode': 'tri', 'thr': 35, 'window': 'MAX', 'order': 3, 'rows': 27}
2025-11-12 11:27:13,904 INFO [cli] {'ticker': 'DIA', 'mode': 'tri', 'thr': 35, 'window': 'MAX', 'order': 4, 'rows': 81}
2025-11-12 11:27:13,920 INFO [cli] {'ticker': 'DIA', 'mode': 'tri', 'thr': 40, 'window': '1Y', 'order': 1, 'rows': 3}
2025-11-12 11:27:13,929 INFO [cli] {'ticker': 'DIA', 'mode': 'tri', 'thr': 40, 'window': '1Y', 'order': 2, 'rows': 9}
2025-11-12 11:27:13,939 INFO [cli] {'ticker': 'DIA', 'mode': 'tri', 'thr': 40, 'window': '1Y', 'order': 3, 'rows': 27}
2025-11-12 11:27:13,952 INFO [cli] {'ticker': 'DIA', 'mode': 'tri', 'thr': 40, 'window': '1Y', 'order': 4, 'rows': 79}
2025-11-12 11:27:13,961 INFO [cli] {'ticker': 'DIA', 'mode': 'tri', 'thr': 40, 'window': '2Y', 'order': 1, 'rows': 3}
2025-11-12 11:27:13,971 INFO [cli] {'ticker': 'DIA', 'mode': 'tri', 'thr': 40, 'window': '2Y', 'order': 2, 'rows': 9}
2025-11-12 11:27:13,980 INFO [cli] {'ticker': 'DIA', 'mode': 'tri', 'thr': 40, 'window': '2Y', 'order': 3, 'rows': 27}
2025-11-12 11:27:13,990 INFO [cli] {'ticker': 'DIA', 'mode': 'tri', 'thr': 40, 'window': '2Y', 'order': 4, 'rows': 80}
2025-11-12 11:27:14,001 INFO [cli] {'ticker': 'DIA', 'mode': 'tri', 'thr': 40, 'window': '5Y', 'order': 1, 'rows': 3}
2025-11-12 11:27:14,012 INFO [cli] {'ticker': 'DIA', 'mode': 'tri', 'thr': 40, 'window': '5Y', 'order': 2, 'rows': 9}
2025-11-12 11:27:14,029 INFO [cli] {'ticker': 'DIA', 'mode': 'tri', 'thr': 40, 'window': '5Y', 'order': 3, 'rows': 27}
2025-11-12 11:27:14,037 INFO [cli] {'ticker': 'DIA', 'mode': 'tri', 'thr': 40, 'window': '5Y', 'order': 4, 'rows': 81}
2025-11-12 11:27:14,046 INFO [cli] {'ticker': 'DIA', 'mode': 'tri', 'thr': 40, 'window': '10Y', 'order': 1, 'rows': 3}
2025-11-12 11:27:14,057 INFO [cli] {'ticker': 'DIA', 'mode': 'tri', 'thr': 40, 'window': '10Y', 'order': 2, 'rows': 9}
2025-11-12 11:27:14,067 INFO [cli] {'ticker': 'DIA', 'mode': 'tri', 'thr': 40, 'window': '10Y', 'order': 3, 'rows': 27}

{'ticker': 'DIA', 'mode': 'tri', 'thr': 20, 'window': '10Y', 'order': 3, 'rows': 27}
{'ticker': 'DIA', 'mode': 'tri', 'thr': 20, 'window': '10Y', 'order': 4, 'rows': 81}
{'ticker': 'DIA', 'mode': 'tri', 'thr': 20, 'window': '20Y', 'order': 1, 'rows': 3}
{'ticker': 'DIA', 'mode': 'tri', 'thr': 20, 'window': '20Y', 'order': 2, 'rows': 9}
{'ticker': 'DIA', 'mode': 'tri', 'thr': 20, 'window': '20Y', 'order': 3, 'rows': 27}
{'ticker': 'DIA', 'mode': 'tri', 'thr': 20, 'window': '20Y', 'order': 4, 'rows': 81}
{'ticker': 'DIA', 'mode': 'tri', 'thr': 20, 'window': 'MAX', 'order': 1, 'rows': 3}
{'ticker': 'DIA', 'mode': 'tri', 'thr': 20, 'window': 'MAX', 'order': 2, 'rows': 9}
{'ticker': 'DIA', 'mode': 'tri', 'thr': 20, 'window': 'MAX', 'order': 3, 'rows': 27}
{'ticker': 'DIA', 'mode': 'tri', 'thr': 20, 'window': 'MAX', 'order': 4, 'rows': 81}
{'ticker': 'DIA', 'mode': 'tri', 'thr': 25, 'window': '1Y', 'order': 1, 'rows': 3}
{'ticker': 'DIA', 'mode': 'tri', 'thr': 25, 'window': '1Y', 'order': 2, 'rows': 9}
{'ticker': 'DIA', 'mode': 'tri', 'thr': 25, 'window': '1Y', 'order': 3, 'rows': 27}
{'ticker': 'DIA', 'mode': 'tri', 'thr': 25, 'window': '1Y', 'order': 4, 'rows': 79}
{'ticker': 'DIA', 'mode': 'tri', 'thr': 25, 'window': '2Y', 'order': 1, 'rows': 3}
{'ticker': 'DIA', 'mode': 'tri', 'thr': 25, 'window': '2Y', 'order': 2, 'rows': 9}
{'ticker': 'DIA', 'mode': 'tri', 'thr': 25, 'window': '2Y', 'order': 3, 'rows': 27}
{'ticker': 'DIA', 'mode': 'tri', 'thr': 25, 'window': '2Y', 'order': 4, 'rows': 80}
{'ticker': 'DIA', 'mode': 'tri', 'thr': 25, 'window': '5Y', 'order': 1, 'rows': 3}
{'ticker': 'DIA', 'mode': 'tri', 'thr': 25, 'window': '5Y', 'order': 2, 'rows': 9}
{'ticker': 'DIA', 'mode': 'tri', 'thr': 25, 'window': '5Y', 'order': 3, 'rows': 27}
{'ticker': 'DIA', 'mode': 'tri', 'thr': 25, 'window': '5Y', 'order': 4, 'rows': 81}
{'ticker': 'DIA', 'mode': 'tri', 'thr': 25, 'window': '10Y', 'order': 1, 'rows': 3}
{'ticker': 'DIA', 'mode': 'tri', 'thr': 25, 'window': '10Y', 'order': 2, 'rows': 9}
{'ticker': 'DIA', 'mode': 'tri', 'thr': 25, 'window': '10Y', 'order': 3, 'rows': 27}
{'ticker': 'DIA', 'mode': 'tri', 'thr': 25, 'window': '10Y', 'order': 4, 'rows': 81}
{'ticker': 'DIA', 'mode': 'tri', 'thr': 25, 'window': '20Y', 'order': 1, 'rows': 3}
{'ticker': 'DIA', 'mode': 'tri', 'thr': 25, 'window': '20Y', 'order': 2, 'rows': 9}
{'ticker': 'DIA', 'mode': 'tri', 'thr': 25, 'window': '20Y', 'order': 3, 'rows': 27}
{'ticker': 'DIA', 'mode': 'tri', 'thr': 25, 'window': '20Y', 'order': 4, 'rows': 81}
{'ticker': 'DIA', 'mode': 'tri', 'thr': 25, 'window': 'MAX', 'order': 1, 'rows': 3}
{'ticker': 'DIA', 'mode': 'tri', 'thr': 25, 'window': 'MAX', 'order': 2, 'rows': 9}
{'ticker': 'DIA', 'mode': 'tri', 'thr': 25, 'window': 'MAX', 'order': 3, 'rows': 27}
{'ticker': 'DIA', 'mode': 'tri', 'thr': 25, 'window': 'MAX', 'order': 4, 'rows': 81}
{'ticker': 'DIA', 'mode': 'tri', 'thr': 30, 'window': '1Y', 'order': 1, 'rows': 3}
{'ticker': 'DIA', 'mode': 'tri', 'thr': 30, 'window': '1Y', 'order': 2, 'rows': 9}
{'ticker': 'DIA', 'mode': 'tri', 'thr': 30, 'window': '1Y', 'order': 3, 'rows': 27}
{'ticker': 'DIA', 'mode': 'tri', 'thr': 30, 'window': '1Y', 'order': 4, 'rows': 80}
{'ticker': 'DIA', 'mode': 'tri', 'thr': 30, 'window': '2Y', 'order': 1, 'rows': 3}
{'ticker': 'DIA', 'mode': 'tri', 'thr': 30, 'window': '2Y', 'order': 2, 'rows': 9}
{'ticker': 'DIA', 'mode': 'tri', 'thr': 30, 'window': '2Y', 'order': 3, 'rows': 27}
{'ticker': 'DIA', 'mode': 'tri', 'thr': 30, 'window': '2Y', 'order': 4, 'rows': 81}
{'ticker': 'DIA', 'mode': 'tri', 'thr': 30, 'window': '5Y', 'order': 1, 'rows': 3}
{'ticker': 'DIA', 'mode': 'tri', 'thr': 30, 'window': '5Y', 'order': 2, 'rows': 9}
{'ticker': 'DIA', 'mode': 'tri', 'thr': 30, 'window': '5Y', 'order': 3, 'rows': 27}
{'ticker': 'DIA', 'mode': 'tri', 'thr': 30, 'window': '5Y', 'order': 4, 'rows': 81}
{'ticker': 'DIA', 'mode': 'tri', 'thr': 30, 'window': '10Y', 'order': 1, 'rows': 3}
{'ticker': 'DIA', 'mode': 'tri', 'thr': 30, 'window': '10Y', 'order': 2, 'rows': 9}
{'ticker': 'DIA', 'mode': 'tri', 'thr': 30, 'window': '10Y', 'order': 3, 'rows': 27}
{'ticker': 'DIA', 'mode': 'tri', 'thr': 30, 'window': '10Y', 'order': 4, 'rows': 81}
{'ticker': 'DIA', 'mode': 'tri', 'thr': 30, 'window': '20Y', 'order': 1, 'rows': 3}
{'ticker': 'DIA', 'mode': 'tri', 'thr': 30, 'window': '20Y', 'order': 2, 'rows': 9}
{'ticker': 'DIA', 'mode': 'tri', 'thr': 30, 'window': '20Y', 'order': 3, 'rows': 27}
{'ticker': 'DIA', 'mode': 'tri', 'thr': 30, 'window': '20Y', 'order': 4, 'rows': 81}
{'ticker': 'DIA', 'mode': 'tri', 'thr': 30, 'window': 'MAX', 'order': 1, 'rows': 3}
{'ticker': 'DIA', 'mode': 'tri', 'thr': 30, 'window': 'MAX', 'order': 2, 'rows': 9}
{'ticker': 'DIA', 'mode': 'tri', 'thr': 30, 'window': 'MAX', 'order': 3, 'rows': 27}
{'ticker': 'DIA', 'mode': 'tri', 'thr': 30, 'window': 'MAX', 'order': 4, 'rows': 81}
{'ticker': 'DIA', 'mode': 'tri', 'thr': 35, 'window': '1Y', 'order': 1, 'rows': 3}
{'ticker': 'DIA', 'mode': 'tri', 'thr': 35, 'window': '1Y', 'order': 2, 'rows': 9}
{'ticker': 'DIA', 'mode': 'tri', 'thr': 35, 'window': '1Y', 'order': 3, 'rows': 27}
{'ticker': 'DIA', 'mode': 'tri', 'thr': 35, 'window': '1Y', 'order': 4, 'rows': 80}
{'ticker': 'DIA', 'mode': 'tri', 'thr': 35, 'window': '2Y', 'order': 1, 'rows': 3}
{'ticker': 'DIA', 'mode': 'tri', 'thr': 35, 'window': '2Y', 'order': 2, 'rows': 9}
{'ticker': 'DIA', 'mode': 'tri', 'thr': 35, 'window': '2Y', 'order': 3, 'rows': 27}
{'ticker': 'DIA', 'mode': 'tri', 'thr': 35, 'window': '2Y', 'order': 4, 'rows': 80}
{'ticker': 'DIA', 'mode': 'tri', 'thr': 35, 'window': '5Y', 'order': 1, 'rows': 3}
{'ticker': 'DIA', 'mode': 'tri', 'thr': 35, 'window': '5Y', 'order': 2, 'rows': 9}
{'ticker': 'DIA', 'mode': 'tri', 'thr': 35, 'window': '5Y', 'order': 3, 'rows': 27}
{'ticker': 'DIA', 'mode': 'tri', 'thr': 35, 'window': '5Y', 'order': 4, 'rows': 81}
{'ticker': 'DIA', 'mode': 'tri', 'thr': 35, 'window': '10Y', 'order': 1, 'rows': 3}
{'ticker': 'DIA', 'mode': 'tri', 'thr': 35, 'window': '10Y', 'order': 2, 'rows': 9}
{'ticker': 'DIA', 'mode': 'tri', 'thr': 35, 'window': '10Y', 'order': 3, 'rows': 27}
{'ticker': 'DIA', 'mode': 'tri', 'thr': 35, 'window': '10Y', 'order': 4, 'rows': 81}
{'ticker': 'DIA', 'mode': 'tri', 'thr': 35, 'window': '20Y', 'order': 1, 'rows': 3}
{'ticker': 'DIA', 'mode': 'tri', 'thr': 35, 'window': '20Y', 'order': 2, 'rows': 9}
{'ticker': 'DIA', 'mode': 'tri', 'thr': 35, 'window': '20Y', 'order': 3, 'rows': 27}
{'ticker': 'DIA', 'mode': 'tri', 'thr': 35, 'window': '20Y', 'order': 4, 'rows': 81}
{'ticker': 'DIA', 'mode': 'tri', 'thr': 35, 'window': 'MAX', 'order': 1, 'rows': 3}
{'ticker': 'DIA', 'mode': 'tri', 'thr': 35, 'window': 'MAX', 'order': 2, 'rows': 9}
{'ticker': 'DIA', 'mode': 'tri', 'thr': 35, 'window': 'MAX', 'order': 3, 'rows': 27}
{'ticker': 'DIA', 'mode': 'tri', 'thr': 35, 'window': 'MAX', 'order': 4, 'rows': 81}
{'ticker': 'DIA', 'mode': 'tri', 'thr': 40, 'window': '1Y', 'order': 1, 'rows': 3}
{'ticker': 'DIA', 'mode': 'tri', 'thr': 40, 'window': '1Y', 'order': 2, 'rows': 9}
{'ticker': 'DIA', 'mode': 'tri', 'thr': 40, 'window': '1Y', 'order': 3, 'rows': 27}
{'ticker': 'DIA', 'mode': 'tri', 'thr': 40, 'window': '1Y', 'order': 4, 'rows': 79}
{'ticker': 'DIA', 'mode': 'tri', 'thr': 40, 'window': '2Y', 'order': 1, 'rows': 3}
{'ticker': 'DIA', 'mode': 'tri', 'thr': 40, 'window': '2Y', 'order': 2, 'rows': 9}
{'ticker': 'DIA', 'mode': 'tri', 'thr': 40, 'window': '2Y', 'order': 3, 'rows': 27}
{'ticker': 'DIA', 'mode': 'tri', 'thr': 40, 'window': '2Y', 'order': 4, 'rows': 80}
{'ticker': 'DIA', 'mode': 'tri', 'thr': 40, 'window': '5Y', 'order': 1, 'rows': 3}
{'ticker': 'DIA', 'mode': 'tri', 'thr': 40, 'window': '5Y', 'order': 2, 'rows': 9}
{'ticker': 'DIA', 'mode': 'tri', 'thr': 40, 'window': '5Y', 'order': 3, 'rows': 27}
{'ticker': 'DIA', 'mode': 'tri', 'thr': 40, 'window': '5Y', 'order': 4, 'rows': 81}
{'ticker': 'DIA', 'mode': 'tri', 'thr': 40, 'window': '10Y', 'order': 1, 'rows': 3}
{'ticker': 'DIA', 'mode': 'tri', 'thr': 40, 'window': '10Y', 'order': 2, 'rows': 9}
{'ticker': 'DIA', 'mode': 'tri', 'thr': 40, 'window': '10Y', 'order': 3, 'rows': 27}
{'ticker': 'DIA', 'mode': 'tri', 'thr': 40, 'window': '10Y', 'order': 4, 'rows': 81}2025-11-12 11:27:14,077 INFO [cli] {'ticker': 'DIA', 'mode': 'tri', 'thr': 40, 'window': '10Y', 'order': 4, 'rows': 81}
2025-11-12 11:27:14,088 INFO [cli] {'ticker': 'DIA', 'mode': 'tri', 'thr': 40, 'window': '20Y', 'order': 1, 'rows': 3}
2025-11-12 11:27:14,099 INFO [cli] {'ticker': 'DIA', 'mode': 'tri', 'thr': 40, 'window': '20Y', 'order': 2, 'rows': 9}
2025-11-12 11:27:14,107 INFO [cli] {'ticker': 'DIA', 'mode': 'tri', 'thr': 40, 'window': '20Y', 'order': 3, 'rows': 27}
2025-11-12 11:27:14,118 INFO [cli] {'ticker': 'DIA', 'mode': 'tri', 'thr': 40, 'window': '20Y', 'order': 4, 'rows': 81}
2025-11-12 11:27:14,128 INFO [cli] {'ticker': 'DIA', 'mode': 'tri', 'thr': 40, 'window': 'MAX', 'order': 1, 'rows': 3}
2025-11-12 11:27:14,138 INFO [cli] {'ticker': 'DIA', 'mode': 'tri', 'thr': 40, 'window': 'MAX', 'order': 2, 'rows': 9}
2025-11-12 11:27:14,146 INFO [cli] {'ticker': 'DIA', 'mode': 'tri', 'thr': 40, 'window': 'MAX', 'order': 3, 'rows': 27}
2025-11-12 11:27:14,154 INFO [cli] {'ticker': 'DIA', 'mode': 'tri', 'thr': 40, 'window': 'MAX', 'order': 4, 'rows': 81}
2025-11-12 11:27:14,170 INFO [cli] {'ticker': 'DIA', 'mode': 'tri', 'thr': 45, 'window': '1Y', 'order': 1, 'rows': 3}
2025-11-12 11:27:14,180 INFO [cli] {'ticker': 'DIA', 'mode': 'tri', 'thr': 45, 'window': '1Y', 'order': 2, 'rows': 9}
2025-11-12 11:27:14,191 INFO [cli] {'ticker': 'DIA', 'mode': 'tri', 'thr': 45, 'window': '1Y', 'order': 3, 'rows': 27}
2025-11-12 11:27:14,202 INFO [cli] {'ticker': 'DIA', 'mode': 'tri', 'thr': 45, 'window': '1Y', 'order': 4, 'rows': 77}
2025-11-12 11:27:14,211 INFO [cli] {'ticker': 'DIA', 'mode': 'tri', 'thr': 45, 'window': '2Y', 'order': 1, 'rows': 3}
2025-11-12 11:27:14,221 INFO [cli] {'ticker': 'DIA', 'mode': 'tri', 'thr': 45, 'window': '2Y', 'order': 2, 'rows': 9}
2025-11-12 11:27:14,231 INFO [cli] {'ticker': 'DIA', 'mode': 'tri', 'thr': 45, 'window': '2Y', 'order': 3, 'rows': 27}
2025-11-12 11:27:14,242 INFO [cli] {'ticker': 'DIA', 'mode': 'tri', 'thr': 45, 'window': '2Y', 'order': 4, 'rows': 80}
2025-11-12 11:27:14,253 INFO [cli] {'ticker': 'DIA', 'mode': 'tri', 'thr': 45, 'window': '5Y', 'order': 1, 'rows': 3}
2025-11-12 11:27:14,261 INFO [cli] {'ticker': 'DIA', 'mode': 'tri', 'thr': 45, 'window': '5Y', 'order': 2, 'rows': 9}
2025-11-12 11:27:14,271 INFO [cli] {'ticker': 'DIA', 'mode': 'tri', 'thr': 45, 'window': '5Y', 'order': 3, 'rows': 27}
2025-11-12 11:27:14,281 INFO [cli] {'ticker': 'DIA', 'mode': 'tri', 'thr': 45, 'window': '5Y', 'order': 4, 'rows': 81}
2025-11-12 11:27:14,292 INFO [cli] {'ticker': 'DIA', 'mode': 'tri', 'thr': 45, 'window': '10Y', 'order': 1, 'rows': 3}
2025-11-12 11:27:14,303 INFO [cli] {'ticker': 'DIA', 'mode': 'tri', 'thr': 45, 'window': '10Y', 'order': 2, 'rows': 9}
2025-11-12 11:27:14,314 INFO [cli] {'ticker': 'DIA', 'mode': 'tri', 'thr': 45, 'window': '10Y', 'order': 3, 'rows': 27}
2025-11-12 11:27:14,326 INFO [cli] {'ticker': 'DIA', 'mode': 'tri', 'thr': 45, 'window': '10Y', 'order': 4, 'rows': 81}
2025-11-12 11:27:14,337 INFO [cli] {'ticker': 'DIA', 'mode': 'tri', 'thr': 45, 'window': '20Y', 'order': 1, 'rows': 3}
2025-11-12 11:27:14,349 INFO [cli] {'ticker': 'DIA', 'mode': 'tri', 'thr': 45, 'window': '20Y', 'order': 2, 'rows': 9}
2025-11-12 11:27:14,359 INFO [cli] {'ticker': 'DIA', 'mode': 'tri', 'thr': 45, 'window': '20Y', 'order': 3, 'rows': 27}
2025-11-12 11:27:14,370 INFO [cli] {'ticker': 'DIA', 'mode': 'tri', 'thr': 45, 'window': '20Y', 'order': 4, 'rows': 81}
2025-11-12 11:27:14,381 INFO [cli] {'ticker': 'DIA', 'mode': 'tri', 'thr': 45, 'window': 'MAX', 'order': 1, 'rows': 3}
2025-11-12 11:27:14,392 INFO [cli] {'ticker': 'DIA', 'mode': 'tri', 'thr': 45, 'window': 'MAX', 'order': 2, 'rows': 9}
2025-11-12 11:27:14,399 INFO [cli] {'ticker': 'DIA', 'mode': 'tri', 'thr': 45, 'window': 'MAX', 'order': 3, 'rows': 27}
2025-11-12 11:27:14,407 INFO [cli] {'ticker': 'DIA', 'mode': 'tri', 'thr': 45, 'window': 'MAX', 'order': 4, 'rows': 81}
2025-11-12 11:27:14,423 INFO [cli] {'ticker': 'DIA', 'mode': 'tri', 'thr': 50, 'window': '1Y', 'order': 1, 'rows': 3}
2025-11-12 11:27:14,432 INFO [cli] {'ticker': 'DIA', 'mode': 'tri', 'thr': 50, 'window': '1Y', 'order': 2, 'rows': 9}
2025-11-12 11:27:14,441 INFO [cli] {'ticker': 'DIA', 'mode': 'tri', 'thr': 50, 'window': '1Y', 'order': 3, 'rows': 27}
2025-11-12 11:27:14,451 INFO [cli] {'ticker': 'DIA', 'mode': 'tri', 'thr': 50, 'window': '1Y', 'order': 4, 'rows': 72}
2025-11-12 11:27:14,458 INFO [cli] {'ticker': 'DIA', 'mode': 'tri', 'thr': 50, 'window': '2Y', 'order': 1, 'rows': 3}
2025-11-12 11:27:14,468 INFO [cli] {'ticker': 'DIA', 'mode': 'tri', 'thr': 50, 'window': '2Y', 'order': 2, 'rows': 9}
2025-11-12 11:27:14,477 INFO [cli] {'ticker': 'DIA', 'mode': 'tri', 'thr': 50, 'window': '2Y', 'order': 3, 'rows': 27}
2025-11-12 11:27:14,487 INFO [cli] {'ticker': 'DIA', 'mode': 'tri', 'thr': 50, 'window': '2Y', 'order': 4, 'rows': 78}
2025-11-12 11:27:14,497 INFO [cli] {'ticker': 'DIA', 'mode': 'tri', 'thr': 50, 'window': '5Y', 'order': 1, 'rows': 3}
2025-11-12 11:27:14,506 INFO [cli] {'ticker': 'DIA', 'mode': 'tri', 'thr': 50, 'window': '5Y', 'order': 2, 'rows': 9}
2025-11-12 11:27:14,515 INFO [cli] {'ticker': 'DIA', 'mode': 'tri', 'thr': 50, 'window': '5Y', 'order': 3, 'rows': 27}
2025-11-12 11:27:14,524 INFO [cli] {'ticker': 'DIA', 'mode': 'tri', 'thr': 50, 'window': '5Y', 'order': 4, 'rows': 81}
2025-11-12 11:27:14,533 INFO [cli] {'ticker': 'DIA', 'mode': 'tri', 'thr': 50, 'window': '10Y', 'order': 1, 'rows': 3}
2025-11-12 11:27:14,541 INFO [cli] {'ticker': 'DIA', 'mode': 'tri', 'thr': 50, 'window': '10Y', 'order': 2, 'rows': 9}
2025-11-12 11:27:14,549 INFO [cli] {'ticker': 'DIA', 'mode': 'tri', 'thr': 50, 'window': '10Y', 'order': 3, 'rows': 27}
2025-11-12 11:27:14,558 INFO [cli] {'ticker': 'DIA', 'mode': 'tri', 'thr': 50, 'window': '10Y', 'order': 4, 'rows': 81}
2025-11-12 11:27:14,566 INFO [cli] {'ticker': 'DIA', 'mode': 'tri', 'thr': 50, 'window': '20Y', 'order': 1, 'rows': 3}
2025-11-12 11:27:14,576 INFO [cli] {'ticker': 'DIA', 'mode': 'tri', 'thr': 50, 'window': '20Y', 'order': 2, 'rows': 9}
2025-11-12 11:27:14,587 INFO [cli] {'ticker': 'DIA', 'mode': 'tri', 'thr': 50, 'window': '20Y', 'order': 3, 'rows': 27}
2025-11-12 11:27:14,596 INFO [cli] {'ticker': 'DIA', 'mode': 'tri', 'thr': 50, 'window': '20Y', 'order': 4, 'rows': 81}
2025-11-12 11:27:14,605 INFO [cli] {'ticker': 'DIA', 'mode': 'tri', 'thr': 50, 'window': 'MAX', 'order': 1, 'rows': 3}
2025-11-12 11:27:14,615 INFO [cli] {'ticker': 'DIA', 'mode': 'tri', 'thr': 50, 'window': 'MAX', 'order': 2, 'rows': 9}
2025-11-12 11:27:14,626 INFO [cli] {'ticker': 'DIA', 'mode': 'tri', 'thr': 50, 'window': 'MAX', 'order': 3, 'rows': 27}
2025-11-12 11:27:14,635 INFO [cli] {'ticker': 'DIA', 'mode': 'tri', 'thr': 50, 'window': 'MAX', 'order': 4, 'rows': 81}
2025-11-12 11:27:14,651 INFO [cli] {'ticker': 'DIA', 'mode': 'tri', 'thr': 55, 'window': '1Y', 'order': 1, 'rows': 3}
2025-11-12 11:27:14,662 INFO [cli] {'ticker': 'DIA', 'mode': 'tri', 'thr': 55, 'window': '1Y', 'order': 2, 'rows': 9}
2025-11-12 11:27:14,673 INFO [cli] {'ticker': 'DIA', 'mode': 'tri', 'thr': 55, 'window': '1Y', 'order': 3, 'rows': 27}
2025-11-12 11:27:14,683 INFO [cli] {'ticker': 'DIA', 'mode': 'tri', 'thr': 55, 'window': '1Y', 'order': 4, 'rows': 73}
2025-11-12 11:27:14,692 INFO [cli] {'ticker': 'DIA', 'mode': 'tri', 'thr': 55, 'window': '2Y', 'order': 1, 'rows': 3}
2025-11-12 11:27:14,701 INFO [cli] {'ticker': 'DIA', 'mode': 'tri', 'thr': 55, 'window': '2Y', 'order': 2, 'rows': 9}
2025-11-12 11:27:14,711 INFO [cli] {'ticker': 'DIA', 'mode': 'tri', 'thr': 55, 'window': '2Y', 'order': 3, 'rows': 27}
2025-11-12 11:27:14,720 INFO [cli] {'ticker': 'DIA', 'mode': 'tri', 'thr': 55, 'window': '2Y', 'order': 4, 'rows': 78}
2025-11-12 11:27:14,729 INFO [cli] {'ticker': 'DIA', 'mode': 'tri', 'thr': 55, 'window': '5Y', 'order': 1, 'rows': 3}
2025-11-12 11:27:14,738 INFO [cli] {'ticker': 'DIA', 'mode': 'tri', 'thr': 55, 'window': '5Y', 'order': 2, 'rows': 9}
2025-11-12 11:27:14,748 INFO [cli] {'ticker': 'DIA', 'mode': 'tri', 'thr': 55, 'window': '5Y', 'order': 3, 'rows': 27}
2025-11-12 11:27:14,758 INFO [cli] {'ticker': 'DIA', 'mode': 'tri', 'thr': 55, 'window': '5Y', 'order': 4, 'rows': 81}
2025-11-12 11:27:14,767 INFO [cli] {'ticker': 'DIA', 'mode': 'tri', 'thr': 55, 'window': '10Y', 'order': 1, 'rows': 3}
2025-11-12 11:27:14,776 INFO [cli] {'ticker': 'DIA', 'mode': 'tri', 'thr': 55, 'window': '10Y', 'order': 2, 'rows': 9}
2025-11-12 11:27:14,784 INFO [cli] {'ticker': 'DIA', 'mode': 'tri', 'thr': 55, 'window': '10Y', 'order': 3, 'rows': 27}
2025-11-12 11:27:14,793 INFO [cli] {'ticker': 'DIA', 'mode': 'tri', 'thr': 55, 'window': '10Y', 'order': 4, 'rows': 81}
2025-11-12 11:27:14,802 INFO [cli] {'ticker': 'DIA', 'mode': 'tri', 'thr': 55, 'window': '20Y', 'order': 1, 'rows': 3}
2025-11-12 11:27:14,810 INFO [cli] {'ticker': 'DIA', 'mode': 'tri', 'thr': 55, 'window': '20Y', 'order': 2, 'rows': 9}
2025-11-12 11:27:14,820 INFO [cli] {'ticker': 'DIA', 'mode': 'tri', 'thr': 55, 'window': '20Y', 'order': 3, 'rows': 27}
2025-11-12 11:27:14,828 INFO [cli] {'ticker': 'DIA', 'mode': 'tri', 'thr': 55, 'window': '20Y', 'order': 4, 'rows': 81}
2025-11-12 11:27:14,840 INFO [cli] {'ticker': 'DIA', 'mode': 'tri', 'thr': 55, 'window': 'MAX', 'order': 1, 'rows': 3}
2025-11-12 11:27:14,851 INFO [cli] {'ticker': 'DIA', 'mode': 'tri', 'thr': 55, 'window': 'MAX', 'order': 2, 'rows': 9}
2025-11-12 11:27:14,861 INFO [cli] {'ticker': 'DIA', 'mode': 'tri', 'thr': 55, 'window': 'MAX', 'order': 3, 'rows': 27}
2025-11-12 11:27:14,870 INFO [cli] {'ticker': 'DIA', 'mode': 'tri', 'thr': 55, 'window': 'MAX', 'order': 4, 'rows': 81}
2025-11-12 11:27:14,885 INFO [cli] {'ticker': 'DIA', 'mode': 'tri', 'thr': 60, 'window': '1Y', 'order': 1, 'rows': 3}
2025-11-12 11:27:14,893 INFO [cli] {'ticker': 'DIA', 'mode': 'tri', 'thr': 60, 'window': '1Y', 'order': 2, 'rows': 9}
2025-11-12 11:27:14,903 INFO [cli] {'ticker': 'DIA', 'mode': 'tri', 'thr': 60, 'window': '1Y', 'order': 3, 'rows': 27}
2025-11-12 11:27:14,912 INFO [cli] {'ticker': 'DIA', 'mode': 'tri', 'thr': 60, 'window': '1Y', 'order': 4, 'rows': 71}
2025-11-12 11:27:14,925 INFO [cli] {'ticker': 'DIA', 'mode': 'tri', 'thr': 60, 'window': '2Y', 'order': 1, 'rows': 3}
2025-11-12 11:27:14,935 INFO [cli] {'ticker': 'DIA', 'mode': 'tri', 'thr': 60, 'window': '2Y', 'order': 2, 'rows': 9}
2025-11-12 11:27:14,956 INFO [cli] {'ticker': 'DIA', 'mode': 'tri', 'thr': 60, 'window': '2Y', 'order': 3, 'rows': 27}
2025-11-12 11:27:14,965 INFO [cli] {'ticker': 'DIA', 'mode': 'tri', 'thr': 60, 'window': '2Y', 'order': 4, 'rows': 74}
2025-11-12 11:27:14,974 INFO [cli] {'ticker': 'DIA', 'mode': 'tri', 'thr': 60, 'window': '5Y', 'order': 1, 'rows': 3}
2025-11-12 11:27:14,982 INFO [cli] {'ticker': 'DIA', 'mode': 'tri', 'thr': 60, 'window': '5Y', 'order': 2, 'rows': 9}
2025-11-12 11:27:14,989 INFO [cli] {'ticker': 'DIA', 'mode': 'tri', 'thr': 60, 'window': '5Y', 'order': 3, 'rows': 27}
2025-11-12 11:27:14,997 INFO [cli] {'ticker': 'DIA', 'mode': 'tri', 'thr': 60, 'window': '5Y', 'order': 4, 'rows': 81}
2025-11-12 11:27:15,006 INFO [cli] {'ticker': 'DIA', 'mode': 'tri', 'thr': 60, 'window': '10Y', 'order': 1, 'rows': 3}
2025-11-12 11:27:15,015 INFO [cli] {'ticker': 'DIA', 'mode': 'tri', 'thr': 60, 'window': '10Y', 'order': 2, 'rows': 9}
2025-11-12 11:27:15,025 INFO [cli] {'ticker': 'DIA', 'mode': 'tri', 'thr': 60, 'window': '10Y', 'order': 3, 'rows': 27}
2025-11-12 11:27:15,035 INFO [cli] {'ticker': 'DIA', 'mode': 'tri', 'thr': 60, 'window': '10Y', 'order': 4, 'rows': 81}
2025-11-12 11:27:15,046 INFO [cli] {'ticker': 'DIA', 'mode': 'tri', 'thr': 60, 'window': '20Y', 'order': 1, 'rows': 3}

{'ticker': 'DIA', 'mode': 'tri', 'thr': 40, 'window': '20Y', 'order': 1, 'rows': 3}
{'ticker': 'DIA', 'mode': 'tri', 'thr': 40, 'window': '20Y', 'order': 2, 'rows': 9}
{'ticker': 'DIA', 'mode': 'tri', 'thr': 40, 'window': '20Y', 'order': 3, 'rows': 27}
{'ticker': 'DIA', 'mode': 'tri', 'thr': 40, 'window': '20Y', 'order': 4, 'rows': 81}
{'ticker': 'DIA', 'mode': 'tri', 'thr': 40, 'window': 'MAX', 'order': 1, 'rows': 3}
{'ticker': 'DIA', 'mode': 'tri', 'thr': 40, 'window': 'MAX', 'order': 2, 'rows': 9}
{'ticker': 'DIA', 'mode': 'tri', 'thr': 40, 'window': 'MAX', 'order': 3, 'rows': 27}
{'ticker': 'DIA', 'mode': 'tri', 'thr': 40, 'window': 'MAX', 'order': 4, 'rows': 81}
{'ticker': 'DIA', 'mode': 'tri', 'thr': 45, 'window': '1Y', 'order': 1, 'rows': 3}
{'ticker': 'DIA', 'mode': 'tri', 'thr': 45, 'window': '1Y', 'order': 2, 'rows': 9}
{'ticker': 'DIA', 'mode': 'tri', 'thr': 45, 'window': '1Y', 'order': 3, 'rows': 27}
{'ticker': 'DIA', 'mode': 'tri', 'thr': 45, 'window': '1Y', 'order': 4, 'rows': 77}
{'ticker': 'DIA', 'mode': 'tri', 'thr': 45, 'window': '2Y', 'order': 1, 'rows': 3}
{'ticker': 'DIA', 'mode': 'tri', 'thr': 45, 'window': '2Y', 'order': 2, 'rows': 9}
{'ticker': 'DIA', 'mode': 'tri', 'thr': 45, 'window': '2Y', 'order': 3, 'rows': 27}
{'ticker': 'DIA', 'mode': 'tri', 'thr': 45, 'window': '2Y', 'order': 4, 'rows': 80}
{'ticker': 'DIA', 'mode': 'tri', 'thr': 45, 'window': '5Y', 'order': 1, 'rows': 3}
{'ticker': 'DIA', 'mode': 'tri', 'thr': 45, 'window': '5Y', 'order': 2, 'rows': 9}
{'ticker': 'DIA', 'mode': 'tri', 'thr': 45, 'window': '5Y', 'order': 3, 'rows': 27}
{'ticker': 'DIA', 'mode': 'tri', 'thr': 45, 'window': '5Y', 'order': 4, 'rows': 81}
{'ticker': 'DIA', 'mode': 'tri', 'thr': 45, 'window': '10Y', 'order': 1, 'rows': 3}
{'ticker': 'DIA', 'mode': 'tri', 'thr': 45, 'window': '10Y', 'order': 2, 'rows': 9}
{'ticker': 'DIA', 'mode': 'tri', 'thr': 45, 'window': '10Y', 'order': 3, 'rows': 27}
{'ticker': 'DIA', 'mode': 'tri', 'thr': 45, 'window': '10Y', 'order': 4, 'rows': 81}
{'ticker': 'DIA', 'mode': 'tri', 'thr': 45, 'window': '20Y', 'order': 1, 'rows': 3}
{'ticker': 'DIA', 'mode': 'tri', 'thr': 45, 'window': '20Y', 'order': 2, 'rows': 9}
{'ticker': 'DIA', 'mode': 'tri', 'thr': 45, 'window': '20Y', 'order': 3, 'rows': 27}
{'ticker': 'DIA', 'mode': 'tri', 'thr': 45, 'window': '20Y', 'order': 4, 'rows': 81}
{'ticker': 'DIA', 'mode': 'tri', 'thr': 45, 'window': 'MAX', 'order': 1, 'rows': 3}
{'ticker': 'DIA', 'mode': 'tri', 'thr': 45, 'window': 'MAX', 'order': 2, 'rows': 9}
{'ticker': 'DIA', 'mode': 'tri', 'thr': 45, 'window': 'MAX', 'order': 3, 'rows': 27}
{'ticker': 'DIA', 'mode': 'tri', 'thr': 45, 'window': 'MAX', 'order': 4, 'rows': 81}
{'ticker': 'DIA', 'mode': 'tri', 'thr': 50, 'window': '1Y', 'order': 1, 'rows': 3}
{'ticker': 'DIA', 'mode': 'tri', 'thr': 50, 'window': '1Y', 'order': 2, 'rows': 9}
{'ticker': 'DIA', 'mode': 'tri', 'thr': 50, 'window': '1Y', 'order': 3, 'rows': 27}
{'ticker': 'DIA', 'mode': 'tri', 'thr': 50, 'window': '1Y', 'order': 4, 'rows': 72}
{'ticker': 'DIA', 'mode': 'tri', 'thr': 50, 'window': '2Y', 'order': 1, 'rows': 3}
{'ticker': 'DIA', 'mode': 'tri', 'thr': 50, 'window': '2Y', 'order': 2, 'rows': 9}
{'ticker': 'DIA', 'mode': 'tri', 'thr': 50, 'window': '2Y', 'order': 3, 'rows': 27}
{'ticker': 'DIA', 'mode': 'tri', 'thr': 50, 'window': '2Y', 'order': 4, 'rows': 78}
{'ticker': 'DIA', 'mode': 'tri', 'thr': 50, 'window': '5Y', 'order': 1, 'rows': 3}
{'ticker': 'DIA', 'mode': 'tri', 'thr': 50, 'window': '5Y', 'order': 2, 'rows': 9}
{'ticker': 'DIA', 'mode': 'tri', 'thr': 50, 'window': '5Y', 'order': 3, 'rows': 27}
{'ticker': 'DIA', 'mode': 'tri', 'thr': 50, 'window': '5Y', 'order': 4, 'rows': 81}
{'ticker': 'DIA', 'mode': 'tri', 'thr': 50, 'window': '10Y', 'order': 1, 'rows': 3}
{'ticker': 'DIA', 'mode': 'tri', 'thr': 50, 'window': '10Y', 'order': 2, 'rows': 9}
{'ticker': 'DIA', 'mode': 'tri', 'thr': 50, 'window': '10Y', 'order': 3, 'rows': 27}
{'ticker': 'DIA', 'mode': 'tri', 'thr': 50, 'window': '10Y', 'order': 4, 'rows': 81}
{'ticker': 'DIA', 'mode': 'tri', 'thr': 50, 'window': '20Y', 'order': 1, 'rows': 3}
{'ticker': 'DIA', 'mode': 'tri', 'thr': 50, 'window': '20Y', 'order': 2, 'rows': 9}
{'ticker': 'DIA', 'mode': 'tri', 'thr': 50, 'window': '20Y', 'order': 3, 'rows': 27}
{'ticker': 'DIA', 'mode': 'tri', 'thr': 50, 'window': '20Y', 'order': 4, 'rows': 81}
{'ticker': 'DIA', 'mode': 'tri', 'thr': 50, 'window': 'MAX', 'order': 1, 'rows': 3}
{'ticker': 'DIA', 'mode': 'tri', 'thr': 50, 'window': 'MAX', 'order': 2, 'rows': 9}
{'ticker': 'DIA', 'mode': 'tri', 'thr': 50, 'window': 'MAX', 'order': 3, 'rows': 27}
{'ticker': 'DIA', 'mode': 'tri', 'thr': 50, 'window': 'MAX', 'order': 4, 'rows': 81}
{'ticker': 'DIA', 'mode': 'tri', 'thr': 55, 'window': '1Y', 'order': 1, 'rows': 3}
{'ticker': 'DIA', 'mode': 'tri', 'thr': 55, 'window': '1Y', 'order': 2, 'rows': 9}
{'ticker': 'DIA', 'mode': 'tri', 'thr': 55, 'window': '1Y', 'order': 3, 'rows': 27}
{'ticker': 'DIA', 'mode': 'tri', 'thr': 55, 'window': '1Y', 'order': 4, 'rows': 73}
{'ticker': 'DIA', 'mode': 'tri', 'thr': 55, 'window': '2Y', 'order': 1, 'rows': 3}
{'ticker': 'DIA', 'mode': 'tri', 'thr': 55, 'window': '2Y', 'order': 2, 'rows': 9}
{'ticker': 'DIA', 'mode': 'tri', 'thr': 55, 'window': '2Y', 'order': 3, 'rows': 27}
{'ticker': 'DIA', 'mode': 'tri', 'thr': 55, 'window': '2Y', 'order': 4, 'rows': 78}
{'ticker': 'DIA', 'mode': 'tri', 'thr': 55, 'window': '5Y', 'order': 1, 'rows': 3}
{'ticker': 'DIA', 'mode': 'tri', 'thr': 55, 'window': '5Y', 'order': 2, 'rows': 9}
{'ticker': 'DIA', 'mode': 'tri', 'thr': 55, 'window': '5Y', 'order': 3, 'rows': 27}
{'ticker': 'DIA', 'mode': 'tri', 'thr': 55, 'window': '5Y', 'order': 4, 'rows': 81}
{'ticker': 'DIA', 'mode': 'tri', 'thr': 55, 'window': '10Y', 'order': 1, 'rows': 3}
{'ticker': 'DIA', 'mode': 'tri', 'thr': 55, 'window': '10Y', 'order': 2, 'rows': 9}
{'ticker': 'DIA', 'mode': 'tri', 'thr': 55, 'window': '10Y', 'order': 3, 'rows': 27}
{'ticker': 'DIA', 'mode': 'tri', 'thr': 55, 'window': '10Y', 'order': 4, 'rows': 81}
{'ticker': 'DIA', 'mode': 'tri', 'thr': 55, 'window': '20Y', 'order': 1, 'rows': 3}
{'ticker': 'DIA', 'mode': 'tri', 'thr': 55, 'window': '20Y', 'order': 2, 'rows': 9}
{'ticker': 'DIA', 'mode': 'tri', 'thr': 55, 'window': '20Y', 'order': 3, 'rows': 27}
{'ticker': 'DIA', 'mode': 'tri', 'thr': 55, 'window': '20Y', 'order': 4, 'rows': 81}
{'ticker': 'DIA', 'mode': 'tri', 'thr': 55, 'window': 'MAX', 'order': 1, 'rows': 3}
{'ticker': 'DIA', 'mode': 'tri', 'thr': 55, 'window': 'MAX', 'order': 2, 'rows': 9}
{'ticker': 'DIA', 'mode': 'tri', 'thr': 55, 'window': 'MAX', 'order': 3, 'rows': 27}
{'ticker': 'DIA', 'mode': 'tri', 'thr': 55, 'window': 'MAX', 'order': 4, 'rows': 81}
{'ticker': 'DIA', 'mode': 'tri', 'thr': 60, 'window': '1Y', 'order': 1, 'rows': 3}
{'ticker': 'DIA', 'mode': 'tri', 'thr': 60, 'window': '1Y', 'order': 2, 'rows': 9}
{'ticker': 'DIA', 'mode': 'tri', 'thr': 60, 'window': '1Y', 'order': 3, 'rows': 27}
{'ticker': 'DIA', 'mode': 'tri', 'thr': 60, 'window': '1Y', 'order': 4, 'rows': 71}
{'ticker': 'DIA', 'mode': 'tri', 'thr': 60, 'window': '2Y', 'order': 1, 'rows': 3}
{'ticker': 'DIA', 'mode': 'tri', 'thr': 60, 'window': '2Y', 'order': 2, 'rows': 9}
{'ticker': 'DIA', 'mode': 'tri', 'thr': 60, 'window': '2Y', 'order': 3, 'rows': 27}
{'ticker': 'DIA', 'mode': 'tri', 'thr': 60, 'window': '2Y', 'order': 4, 'rows': 74}
{'ticker': 'DIA', 'mode': 'tri', 'thr': 60, 'window': '5Y', 'order': 1, 'rows': 3}
{'ticker': 'DIA', 'mode': 'tri', 'thr': 60, 'window': '5Y', 'order': 2, 'rows': 9}
{'ticker': 'DIA', 'mode': 'tri', 'thr': 60, 'window': '5Y', 'order': 3, 'rows': 27}
{'ticker': 'DIA', 'mode': 'tri', 'thr': 60, 'window': '5Y', 'order': 4, 'rows': 81}
{'ticker': 'DIA', 'mode': 'tri', 'thr': 60, 'window': '10Y', 'order': 1, 'rows': 3}
{'ticker': 'DIA', 'mode': 'tri', 'thr': 60, 'window': '10Y', 'order': 2, 'rows': 9}
{'ticker': 'DIA', 'mode': 'tri', 'thr': 60, 'window': '10Y', 'order': 3, 'rows': 27}
{'ticker': 'DIA', 'mode': 'tri', 'thr': 60, 'window': '10Y', 'order': 4, 'rows': 81}
{'ticker': 'DIA', 'mode': 'tri', 'thr': 60, 'window': '20Y', 'order': 1, 'rows': 3}
{'ticker': 'DIA', 'mode': 'tri', 'thr': 60, 'window': '20Y', 'order': 2, 'rows': 9}2025-11-12 11:27:15,055 INFO [cli] {'ticker': 'DIA', 'mode': 'tri', 'thr': 60, 'window': '20Y', 'order': 2, 'rows': 9}
2025-11-12 11:27:15,064 INFO [cli] {'ticker': 'DIA', 'mode': 'tri', 'thr': 60, 'window': '20Y', 'order': 3, 'rows': 27}
2025-11-12 11:27:15,075 INFO [cli] {'ticker': 'DIA', 'mode': 'tri', 'thr': 60, 'window': '20Y', 'order': 4, 'rows': 81}
2025-11-12 11:27:15,086 INFO [cli] {'ticker': 'DIA', 'mode': 'tri', 'thr': 60, 'window': 'MAX', 'order': 1, 'rows': 3}
2025-11-12 11:27:15,097 INFO [cli] {'ticker': 'DIA', 'mode': 'tri', 'thr': 60, 'window': 'MAX', 'order': 2, 'rows': 9}
2025-11-12 11:27:15,105 INFO [cli] {'ticker': 'DIA', 'mode': 'tri', 'thr': 60, 'window': 'MAX', 'order': 3, 'rows': 27}
2025-11-12 11:27:15,114 INFO [cli] {'ticker': 'DIA', 'mode': 'tri', 'thr': 60, 'window': 'MAX', 'order': 4, 'rows': 81}
2025-11-12 11:27:15,130 INFO [cli] {'ticker': 'DIA', 'mode': 'tri', 'thr': 65, 'window': '1Y', 'order': 1, 'rows': 3}
2025-11-12 11:27:15,140 INFO [cli] {'ticker': 'DIA', 'mode': 'tri', 'thr': 65, 'window': '1Y', 'order': 2, 'rows': 9}
2025-11-12 11:27:15,152 INFO [cli] {'ticker': 'DIA', 'mode': 'tri', 'thr': 65, 'window': '1Y', 'order': 3, 'rows': 26}
2025-11-12 11:27:15,161 INFO [cli] {'ticker': 'DIA', 'mode': 'tri', 'thr': 65, 'window': '1Y', 'order': 4, 'rows': 63}
2025-11-12 11:27:15,171 INFO [cli] {'ticker': 'DIA', 'mode': 'tri', 'thr': 65, 'window': '2Y', 'order': 1, 'rows': 3}
2025-11-12 11:27:15,180 INFO [cli] {'ticker': 'DIA', 'mode': 'tri', 'thr': 65, 'window': '2Y', 'order': 2, 'rows': 9}
2025-11-12 11:27:15,189 INFO [cli] {'ticker': 'DIA', 'mode': 'tri', 'thr': 65, 'window': '2Y', 'order': 3, 'rows': 27}
2025-11-12 11:27:15,200 INFO [cli] {'ticker': 'DIA', 'mode': 'tri', 'thr': 65, 'window': '2Y', 'order': 4, 'rows': 69}
2025-11-12 11:27:15,210 INFO [cli] {'ticker': 'DIA', 'mode': 'tri', 'thr': 65, 'window': '5Y', 'order': 1, 'rows': 3}
2025-11-12 11:27:15,221 INFO [cli] {'ticker': 'DIA', 'mode': 'tri', 'thr': 65, 'window': '5Y', 'order': 2, 'rows': 9}
2025-11-12 11:27:15,232 INFO [cli] {'ticker': 'DIA', 'mode': 'tri', 'thr': 65, 'window': '5Y', 'order': 3, 'rows': 27}
2025-11-12 11:27:15,241 INFO [cli] {'ticker': 'DIA', 'mode': 'tri', 'thr': 65, 'window': '5Y', 'order': 4, 'rows': 80}
2025-11-12 11:27:15,251 INFO [cli] {'ticker': 'DIA', 'mode': 'tri', 'thr': 65, 'window': '10Y', 'order': 1, 'rows': 3}
2025-11-12 11:27:15,261 INFO [cli] {'ticker': 'DIA', 'mode': 'tri', 'thr': 65, 'window': '10Y', 'order': 2, 'rows': 9}
2025-11-12 11:27:15,271 INFO [cli] {'ticker': 'DIA', 'mode': 'tri', 'thr': 65, 'window': '10Y', 'order': 3, 'rows': 27}
2025-11-12 11:27:15,281 INFO [cli] {'ticker': 'DIA', 'mode': 'tri', 'thr': 65, 'window': '10Y', 'order': 4, 'rows': 81}
2025-11-12 11:27:15,290 INFO [cli] {'ticker': 'DIA', 'mode': 'tri', 'thr': 65, 'window': '20Y', 'order': 1, 'rows': 3}
2025-11-12 11:27:15,300 INFO [cli] {'ticker': 'DIA', 'mode': 'tri', 'thr': 65, 'window': '20Y', 'order': 2, 'rows': 9}
2025-11-12 11:27:15,310 INFO [cli] {'ticker': 'DIA', 'mode': 'tri', 'thr': 65, 'window': '20Y', 'order': 3, 'rows': 27}
2025-11-12 11:27:15,321 INFO [cli] {'ticker': 'DIA', 'mode': 'tri', 'thr': 65, 'window': '20Y', 'order': 4, 'rows': 81}
2025-11-12 11:27:15,330 INFO [cli] {'ticker': 'DIA', 'mode': 'tri', 'thr': 65, 'window': 'MAX', 'order': 1, 'rows': 3}
2025-11-12 11:27:15,341 INFO [cli] {'ticker': 'DIA', 'mode': 'tri', 'thr': 65, 'window': 'MAX', 'order': 2, 'rows': 9}
2025-11-12 11:27:15,350 INFO [cli] {'ticker': 'DIA', 'mode': 'tri', 'thr': 65, 'window': 'MAX', 'order': 3, 'rows': 27}
2025-11-12 11:27:15,361 INFO [cli] {'ticker': 'DIA', 'mode': 'tri', 'thr': 65, 'window': 'MAX', 'order': 4, 'rows': 81}
2025-11-12 11:27:15,378 INFO [cli] {'ticker': 'DIA', 'mode': 'tri', 'thr': 70, 'window': '1Y', 'order': 1, 'rows': 3}
2025-11-12 11:27:15,388 INFO [cli] {'ticker': 'DIA', 'mode': 'tri', 'thr': 70, 'window': '1Y', 'order': 2, 'rows': 9}
2025-11-12 11:27:15,395 INFO [cli] {'ticker': 'DIA', 'mode': 'tri', 'thr': 70, 'window': '1Y', 'order': 3, 'rows': 26}
2025-11-12 11:27:15,405 INFO [cli] {'ticker': 'DIA', 'mode': 'tri', 'thr': 70, 'window': '1Y', 'order': 4, 'rows': 58}
2025-11-12 11:27:15,415 INFO [cli] {'ticker': 'DIA', 'mode': 'tri', 'thr': 70, 'window': '2Y', 'order': 1, 'rows': 3}
2025-11-12 11:27:15,424 INFO [cli] {'ticker': 'DIA', 'mode': 'tri', 'thr': 70, 'window': '2Y', 'order': 2, 'rows': 9}
2025-11-12 11:27:15,433 INFO [cli] {'ticker': 'DIA', 'mode': 'tri', 'thr': 70, 'window': '2Y', 'order': 3, 'rows': 26}
2025-11-12 11:27:15,441 INFO [cli] {'ticker': 'DIA', 'mode': 'tri', 'thr': 70, 'window': '2Y', 'order': 4, 'rows': 65}
2025-11-12 11:27:15,450 INFO [cli] {'ticker': 'DIA', 'mode': 'tri', 'thr': 70, 'window': '5Y', 'order': 1, 'rows': 3}
2025-11-12 11:27:15,461 INFO [cli] {'ticker': 'DIA', 'mode': 'tri', 'thr': 70, 'window': '5Y', 'order': 2, 'rows': 9}
2025-11-12 11:27:15,471 INFO [cli] {'ticker': 'DIA', 'mode': 'tri', 'thr': 70, 'window': '5Y', 'order': 3, 'rows': 27}
2025-11-12 11:27:15,479 INFO [cli] {'ticker': 'DIA', 'mode': 'tri', 'thr': 70, 'window': '5Y', 'order': 4, 'rows': 80}
2025-11-12 11:27:15,490 INFO [cli] {'ticker': 'DIA', 'mode': 'tri', 'thr': 70, 'window': '10Y', 'order': 1, 'rows': 3}
2025-11-12 11:27:15,500 INFO [cli] {'ticker': 'DIA', 'mode': 'tri', 'thr': 70, 'window': '10Y', 'order': 2, 'rows': 9}
2025-11-12 11:27:15,511 INFO [cli] {'ticker': 'DIA', 'mode': 'tri', 'thr': 70, 'window': '10Y', 'order': 3, 'rows': 27}
2025-11-12 11:27:15,522 INFO [cli] {'ticker': 'DIA', 'mode': 'tri', 'thr': 70, 'window': '10Y', 'order': 4, 'rows': 81}
2025-11-12 11:27:15,530 INFO [cli] {'ticker': 'DIA', 'mode': 'tri', 'thr': 70, 'window': '20Y', 'order': 1, 'rows': 3}
2025-11-12 11:27:15,541 INFO [cli] {'ticker': 'DIA', 'mode': 'tri', 'thr': 70, 'window': '20Y', 'order': 2, 'rows': 9}
2025-11-12 11:27:15,548 INFO [cli] {'ticker': 'DIA', 'mode': 'tri', 'thr': 70, 'window': '20Y', 'order': 3, 'rows': 27}
2025-11-12 11:27:15,559 INFO [cli] {'ticker': 'DIA', 'mode': 'tri', 'thr': 70, 'window': '20Y', 'order': 4, 'rows': 81}
2025-11-12 11:27:15,569 INFO [cli] {'ticker': 'DIA', 'mode': 'tri', 'thr': 70, 'window': 'MAX', 'order': 1, 'rows': 3}
2025-11-12 11:27:15,578 INFO [cli] {'ticker': 'DIA', 'mode': 'tri', 'thr': 70, 'window': 'MAX', 'order': 2, 'rows': 9}
2025-11-12 11:27:15,586 INFO [cli] {'ticker': 'DIA', 'mode': 'tri', 'thr': 70, 'window': 'MAX', 'order': 3, 'rows': 27}
2025-11-12 11:27:15,594 INFO [cli] {'ticker': 'DIA', 'mode': 'tri', 'thr': 70, 'window': 'MAX', 'order': 4, 'rows': 81}
2025-11-12 11:27:15,609 INFO [cli] {'ticker': 'DIA', 'mode': 'tri', 'thr': 75, 'window': '1Y', 'order': 1, 'rows': 3}
2025-11-12 11:27:15,618 INFO [cli] {'ticker': 'DIA', 'mode': 'tri', 'thr': 75, 'window': '1Y', 'order': 2, 'rows': 9}
2025-11-12 11:27:15,626 INFO [cli] {'ticker': 'DIA', 'mode': 'tri', 'thr': 75, 'window': '1Y', 'order': 3, 'rows': 26}
2025-11-12 11:27:15,636 INFO [cli] {'ticker': 'DIA', 'mode': 'tri', 'thr': 75, 'window': '1Y', 'order': 4, 'rows': 57}
2025-11-12 11:27:15,645 INFO [cli] {'ticker': 'DIA', 'mode': 'tri', 'thr': 75, 'window': '2Y', 'order': 1, 'rows': 3}
2025-11-12 11:27:15,653 INFO [cli] {'ticker': 'DIA', 'mode': 'tri', 'thr': 75, 'window': '2Y', 'order': 2, 'rows': 9}
2025-11-12 11:27:15,662 INFO [cli] {'ticker': 'DIA', 'mode': 'tri', 'thr': 75, 'window': '2Y', 'order': 3, 'rows': 26}
2025-11-12 11:27:15,673 INFO [cli] {'ticker': 'DIA', 'mode': 'tri', 'thr': 75, 'window': '2Y', 'order': 4, 'rows': 62}
2025-11-12 11:27:15,682 INFO [cli] {'ticker': 'DIA', 'mode': 'tri', 'thr': 75, 'window': '5Y', 'order': 1, 'rows': 3}
2025-11-12 11:27:15,690 INFO [cli] {'ticker': 'DIA', 'mode': 'tri', 'thr': 75, 'window': '5Y', 'order': 2, 'rows': 9}
2025-11-12 11:27:15,700 INFO [cli] {'ticker': 'DIA', 'mode': 'tri', 'thr': 75, 'window': '5Y', 'order': 3, 'rows': 27}
2025-11-12 11:27:15,710 INFO [cli] {'ticker': 'DIA', 'mode': 'tri', 'thr': 75, 'window': '5Y', 'order': 4, 'rows': 78}
2025-11-12 11:27:15,719 INFO [cli] {'ticker': 'DIA', 'mode': 'tri', 'thr': 75, 'window': '10Y', 'order': 1, 'rows': 3}
2025-11-12 11:27:15,727 INFO [cli] {'ticker': 'DIA', 'mode': 'tri', 'thr': 75, 'window': '10Y', 'order': 2, 'rows': 9}
2025-11-12 11:27:15,735 INFO [cli] {'ticker': 'DIA', 'mode': 'tri', 'thr': 75, 'window': '10Y', 'order': 3, 'rows': 27}
2025-11-12 11:27:15,743 INFO [cli] {'ticker': 'DIA', 'mode': 'tri', 'thr': 75, 'window': '10Y', 'order': 4, 'rows': 81}
2025-11-12 11:27:15,753 INFO [cli] {'ticker': 'DIA', 'mode': 'tri', 'thr': 75, 'window': '20Y', 'order': 1, 'rows': 3}
2025-11-12 11:27:15,763 INFO [cli] {'ticker': 'DIA', 'mode': 'tri', 'thr': 75, 'window': '20Y', 'order': 2, 'rows': 9}
2025-11-12 11:27:15,771 INFO [cli] {'ticker': 'DIA', 'mode': 'tri', 'thr': 75, 'window': '20Y', 'order': 3, 'rows': 27}
2025-11-12 11:27:15,781 INFO [cli] {'ticker': 'DIA', 'mode': 'tri', 'thr': 75, 'window': '20Y', 'order': 4, 'rows': 81}
2025-11-12 11:27:15,790 INFO [cli] {'ticker': 'DIA', 'mode': 'tri', 'thr': 75, 'window': 'MAX', 'order': 1, 'rows': 3}
2025-11-12 11:27:15,800 INFO [cli] {'ticker': 'DIA', 'mode': 'tri', 'thr': 75, 'window': 'MAX', 'order': 2, 'rows': 9}
2025-11-12 11:27:15,809 INFO [cli] {'ticker': 'DIA', 'mode': 'tri', 'thr': 75, 'window': 'MAX', 'order': 3, 'rows': 27}
2025-11-12 11:27:15,817 INFO [cli] {'ticker': 'DIA', 'mode': 'tri', 'thr': 75, 'window': 'MAX', 'order': 4, 'rows': 81}
2025-11-12 11:27:15,832 INFO [cli] {'ticker': 'DIA', 'mode': 'tri', 'thr': 80, 'window': '1Y', 'order': 1, 'rows': 3}
2025-11-12 11:27:15,842 INFO [cli] {'ticker': 'DIA', 'mode': 'tri', 'thr': 80, 'window': '1Y', 'order': 2, 'rows': 9}
2025-11-12 11:27:15,862 INFO [cli] {'ticker': 'DIA', 'mode': 'tri', 'thr': 80, 'window': '1Y', 'order': 3, 'rows': 26}
2025-11-12 11:27:15,872 INFO [cli] {'ticker': 'DIA', 'mode': 'tri', 'thr': 80, 'window': '1Y', 'order': 4, 'rows': 52}
2025-11-12 11:27:15,881 INFO [cli] {'ticker': 'DIA', 'mode': 'tri', 'thr': 80, 'window': '2Y', 'order': 1, 'rows': 3}
2025-11-12 11:27:15,889 INFO [cli] {'ticker': 'DIA', 'mode': 'tri', 'thr': 80, 'window': '2Y', 'order': 2, 'rows': 9}
2025-11-12 11:27:15,898 INFO [cli] {'ticker': 'DIA', 'mode': 'tri', 'thr': 80, 'window': '2Y', 'order': 3, 'rows': 26}
2025-11-12 11:27:15,907 INFO [cli] {'ticker': 'DIA', 'mode': 'tri', 'thr': 80, 'window': '2Y', 'order': 4, 'rows': 60}
2025-11-12 11:27:15,918 INFO [cli] {'ticker': 'DIA', 'mode': 'tri', 'thr': 80, 'window': '5Y', 'order': 1, 'rows': 3}
2025-11-12 11:27:15,926 INFO [cli] {'ticker': 'DIA', 'mode': 'tri', 'thr': 80, 'window': '5Y', 'order': 2, 'rows': 9}
2025-11-12 11:27:15,935 INFO [cli] {'ticker': 'DIA', 'mode': 'tri', 'thr': 80, 'window': '5Y', 'order': 3, 'rows': 27}
2025-11-12 11:27:15,945 INFO [cli] {'ticker': 'DIA', 'mode': 'tri', 'thr': 80, 'window': '5Y', 'order': 4, 'rows': 78}
2025-11-12 11:27:15,952 INFO [cli] {'ticker': 'DIA', 'mode': 'tri', 'thr': 80, 'window': '10Y', 'order': 1, 'rows': 3}
2025-11-12 11:27:15,965 INFO [cli] {'ticker': 'DIA', 'mode': 'tri', 'thr': 80, 'window': '10Y', 'order': 2, 'rows': 9}
2025-11-12 11:27:15,972 INFO [cli] {'ticker': 'DIA', 'mode': 'tri', 'thr': 80, 'window': '10Y', 'order': 3, 'rows': 27}
2025-11-12 11:27:15,980 INFO [cli] {'ticker': 'DIA', 'mode': 'tri', 'thr': 80, 'window': '10Y', 'order': 4, 'rows': 81}
2025-11-12 11:27:15,994 INFO [cli] {'ticker': 'DIA', 'mode': 'tri', 'thr': 80, 'window': '20Y', 'order': 1, 'rows': 3}
2025-11-12 11:27:16,001 INFO [cli] {'ticker': 'DIA', 'mode': 'tri', 'thr': 80, 'window': '20Y', 'order': 2, 'rows': 9}
2025-11-12 11:27:16,009 INFO [cli] {'ticker': 'DIA', 'mode': 'tri', 'thr': 80, 'window': '20Y', 'order': 3, 'rows': 27}

{'ticker': 'DIA', 'mode': 'tri', 'thr': 60, 'window': '20Y', 'order': 3, 'rows': 27}
{'ticker': 'DIA', 'mode': 'tri', 'thr': 60, 'window': '20Y', 'order': 4, 'rows': 81}
{'ticker': 'DIA', 'mode': 'tri', 'thr': 60, 'window': 'MAX', 'order': 1, 'rows': 3}
{'ticker': 'DIA', 'mode': 'tri', 'thr': 60, 'window': 'MAX', 'order': 2, 'rows': 9}
{'ticker': 'DIA', 'mode': 'tri', 'thr': 60, 'window': 'MAX', 'order': 3, 'rows': 27}
{'ticker': 'DIA', 'mode': 'tri', 'thr': 60, 'window': 'MAX', 'order': 4, 'rows': 81}
{'ticker': 'DIA', 'mode': 'tri', 'thr': 65, 'window': '1Y', 'order': 1, 'rows': 3}
{'ticker': 'DIA', 'mode': 'tri', 'thr': 65, 'window': '1Y', 'order': 2, 'rows': 9}
{'ticker': 'DIA', 'mode': 'tri', 'thr': 65, 'window': '1Y', 'order': 3, 'rows': 26}
{'ticker': 'DIA', 'mode': 'tri', 'thr': 65, 'window': '1Y', 'order': 4, 'rows': 63}
{'ticker': 'DIA', 'mode': 'tri', 'thr': 65, 'window': '2Y', 'order': 1, 'rows': 3}
{'ticker': 'DIA', 'mode': 'tri', 'thr': 65, 'window': '2Y', 'order': 2, 'rows': 9}
{'ticker': 'DIA', 'mode': 'tri', 'thr': 65, 'window': '2Y', 'order': 3, 'rows': 27}
{'ticker': 'DIA', 'mode': 'tri', 'thr': 65, 'window': '2Y', 'order': 4, 'rows': 69}
{'ticker': 'DIA', 'mode': 'tri', 'thr': 65, 'window': '5Y', 'order': 1, 'rows': 3}
{'ticker': 'DIA', 'mode': 'tri', 'thr': 65, 'window': '5Y', 'order': 2, 'rows': 9}
{'ticker': 'DIA', 'mode': 'tri', 'thr': 65, 'window': '5Y', 'order': 3, 'rows': 27}
{'ticker': 'DIA', 'mode': 'tri', 'thr': 65, 'window': '5Y', 'order': 4, 'rows': 80}
{'ticker': 'DIA', 'mode': 'tri', 'thr': 65, 'window': '10Y', 'order': 1, 'rows': 3}
{'ticker': 'DIA', 'mode': 'tri', 'thr': 65, 'window': '10Y', 'order': 2, 'rows': 9}
{'ticker': 'DIA', 'mode': 'tri', 'thr': 65, 'window': '10Y', 'order': 3, 'rows': 27}
{'ticker': 'DIA', 'mode': 'tri', 'thr': 65, 'window': '10Y', 'order': 4, 'rows': 81}
{'ticker': 'DIA', 'mode': 'tri', 'thr': 65, 'window': '20Y', 'order': 1, 'rows': 3}
{'ticker': 'DIA', 'mode': 'tri', 'thr': 65, 'window': '20Y', 'order': 2, 'rows': 9}
{'ticker': 'DIA', 'mode': 'tri', 'thr': 65, 'window': '20Y', 'order': 3, 'rows': 27}
{'ticker': 'DIA', 'mode': 'tri', 'thr': 65, 'window': '20Y', 'order': 4, 'rows': 81}
{'ticker': 'DIA', 'mode': 'tri', 'thr': 65, 'window': 'MAX', 'order': 1, 'rows': 3}
{'ticker': 'DIA', 'mode': 'tri', 'thr': 65, 'window': 'MAX', 'order': 2, 'rows': 9}
{'ticker': 'DIA', 'mode': 'tri', 'thr': 65, 'window': 'MAX', 'order': 3, 'rows': 27}
{'ticker': 'DIA', 'mode': 'tri', 'thr': 65, 'window': 'MAX', 'order': 4, 'rows': 81}
{'ticker': 'DIA', 'mode': 'tri', 'thr': 70, 'window': '1Y', 'order': 1, 'rows': 3}
{'ticker': 'DIA', 'mode': 'tri', 'thr': 70, 'window': '1Y', 'order': 2, 'rows': 9}
{'ticker': 'DIA', 'mode': 'tri', 'thr': 70, 'window': '1Y', 'order': 3, 'rows': 26}
{'ticker': 'DIA', 'mode': 'tri', 'thr': 70, 'window': '1Y', 'order': 4, 'rows': 58}
{'ticker': 'DIA', 'mode': 'tri', 'thr': 70, 'window': '2Y', 'order': 1, 'rows': 3}
{'ticker': 'DIA', 'mode': 'tri', 'thr': 70, 'window': '2Y', 'order': 2, 'rows': 9}
{'ticker': 'DIA', 'mode': 'tri', 'thr': 70, 'window': '2Y', 'order': 3, 'rows': 26}
{'ticker': 'DIA', 'mode': 'tri', 'thr': 70, 'window': '2Y', 'order': 4, 'rows': 65}
{'ticker': 'DIA', 'mode': 'tri', 'thr': 70, 'window': '5Y', 'order': 1, 'rows': 3}
{'ticker': 'DIA', 'mode': 'tri', 'thr': 70, 'window': '5Y', 'order': 2, 'rows': 9}
{'ticker': 'DIA', 'mode': 'tri', 'thr': 70, 'window': '5Y', 'order': 3, 'rows': 27}
{'ticker': 'DIA', 'mode': 'tri', 'thr': 70, 'window': '5Y', 'order': 4, 'rows': 80}
{'ticker': 'DIA', 'mode': 'tri', 'thr': 70, 'window': '10Y', 'order': 1, 'rows': 3}
{'ticker': 'DIA', 'mode': 'tri', 'thr': 70, 'window': '10Y', 'order': 2, 'rows': 9}
{'ticker': 'DIA', 'mode': 'tri', 'thr': 70, 'window': '10Y', 'order': 3, 'rows': 27}
{'ticker': 'DIA', 'mode': 'tri', 'thr': 70, 'window': '10Y', 'order': 4, 'rows': 81}
{'ticker': 'DIA', 'mode': 'tri', 'thr': 70, 'window': '20Y', 'order': 1, 'rows': 3}
{'ticker': 'DIA', 'mode': 'tri', 'thr': 70, 'window': '20Y', 'order': 2, 'rows': 9}
{'ticker': 'DIA', 'mode': 'tri', 'thr': 70, 'window': '20Y', 'order': 3, 'rows': 27}
{'ticker': 'DIA', 'mode': 'tri', 'thr': 70, 'window': '20Y', 'order': 4, 'rows': 81}
{'ticker': 'DIA', 'mode': 'tri', 'thr': 70, 'window': 'MAX', 'order': 1, 'rows': 3}
{'ticker': 'DIA', 'mode': 'tri', 'thr': 70, 'window': 'MAX', 'order': 2, 'rows': 9}
{'ticker': 'DIA', 'mode': 'tri', 'thr': 70, 'window': 'MAX', 'order': 3, 'rows': 27}
{'ticker': 'DIA', 'mode': 'tri', 'thr': 70, 'window': 'MAX', 'order': 4, 'rows': 81}
{'ticker': 'DIA', 'mode': 'tri', 'thr': 75, 'window': '1Y', 'order': 1, 'rows': 3}
{'ticker': 'DIA', 'mode': 'tri', 'thr': 75, 'window': '1Y', 'order': 2, 'rows': 9}
{'ticker': 'DIA', 'mode': 'tri', 'thr': 75, 'window': '1Y', 'order': 3, 'rows': 26}
{'ticker': 'DIA', 'mode': 'tri', 'thr': 75, 'window': '1Y', 'order': 4, 'rows': 57}
{'ticker': 'DIA', 'mode': 'tri', 'thr': 75, 'window': '2Y', 'order': 1, 'rows': 3}
{'ticker': 'DIA', 'mode': 'tri', 'thr': 75, 'window': '2Y', 'order': 2, 'rows': 9}
{'ticker': 'DIA', 'mode': 'tri', 'thr': 75, 'window': '2Y', 'order': 3, 'rows': 26}
{'ticker': 'DIA', 'mode': 'tri', 'thr': 75, 'window': '2Y', 'order': 4, 'rows': 62}
{'ticker': 'DIA', 'mode': 'tri', 'thr': 75, 'window': '5Y', 'order': 1, 'rows': 3}
{'ticker': 'DIA', 'mode': 'tri', 'thr': 75, 'window': '5Y', 'order': 2, 'rows': 9}
{'ticker': 'DIA', 'mode': 'tri', 'thr': 75, 'window': '5Y', 'order': 3, 'rows': 27}
{'ticker': 'DIA', 'mode': 'tri', 'thr': 75, 'window': '5Y', 'order': 4, 'rows': 78}
{'ticker': 'DIA', 'mode': 'tri', 'thr': 75, 'window': '10Y', 'order': 1, 'rows': 3}
{'ticker': 'DIA', 'mode': 'tri', 'thr': 75, 'window': '10Y', 'order': 2, 'rows': 9}
{'ticker': 'DIA', 'mode': 'tri', 'thr': 75, 'window': '10Y', 'order': 3, 'rows': 27}
{'ticker': 'DIA', 'mode': 'tri', 'thr': 75, 'window': '10Y', 'order': 4, 'rows': 81}
{'ticker': 'DIA', 'mode': 'tri', 'thr': 75, 'window': '20Y', 'order': 1, 'rows': 3}
{'ticker': 'DIA', 'mode': 'tri', 'thr': 75, 'window': '20Y', 'order': 2, 'rows': 9}
{'ticker': 'DIA', 'mode': 'tri', 'thr': 75, 'window': '20Y', 'order': 3, 'rows': 27}
{'ticker': 'DIA', 'mode': 'tri', 'thr': 75, 'window': '20Y', 'order': 4, 'rows': 81}
{'ticker': 'DIA', 'mode': 'tri', 'thr': 75, 'window': 'MAX', 'order': 1, 'rows': 3}
{'ticker': 'DIA', 'mode': 'tri', 'thr': 75, 'window': 'MAX', 'order': 2, 'rows': 9}
{'ticker': 'DIA', 'mode': 'tri', 'thr': 75, 'window': 'MAX', 'order': 3, 'rows': 27}
{'ticker': 'DIA', 'mode': 'tri', 'thr': 75, 'window': 'MAX', 'order': 4, 'rows': 81}
{'ticker': 'DIA', 'mode': 'tri', 'thr': 80, 'window': '1Y', 'order': 1, 'rows': 3}
{'ticker': 'DIA', 'mode': 'tri', 'thr': 80, 'window': '1Y', 'order': 2, 'rows': 9}
{'ticker': 'DIA', 'mode': 'tri', 'thr': 80, 'window': '1Y', 'order': 3, 'rows': 26}
{'ticker': 'DIA', 'mode': 'tri', 'thr': 80, 'window': '1Y', 'order': 4, 'rows': 52}
{'ticker': 'DIA', 'mode': 'tri', 'thr': 80, 'window': '2Y', 'order': 1, 'rows': 3}
{'ticker': 'DIA', 'mode': 'tri', 'thr': 80, 'window': '2Y', 'order': 2, 'rows': 9}
{'ticker': 'DIA', 'mode': 'tri', 'thr': 80, 'window': '2Y', 'order': 3, 'rows': 26}
{'ticker': 'DIA', 'mode': 'tri', 'thr': 80, 'window': '2Y', 'order': 4, 'rows': 60}
{'ticker': 'DIA', 'mode': 'tri', 'thr': 80, 'window': '5Y', 'order': 1, 'rows': 3}
{'ticker': 'DIA', 'mode': 'tri', 'thr': 80, 'window': '5Y', 'order': 2, 'rows': 9}
{'ticker': 'DIA', 'mode': 'tri', 'thr': 80, 'window': '5Y', 'order': 3, 'rows': 27}
{'ticker': 'DIA', 'mode': 'tri', 'thr': 80, 'window': '5Y', 'order': 4, 'rows': 78}
{'ticker': 'DIA', 'mode': 'tri', 'thr': 80, 'window': '10Y', 'order': 1, 'rows': 3}
{'ticker': 'DIA', 'mode': 'tri', 'thr': 80, 'window': '10Y', 'order': 2, 'rows': 9}
{'ticker': 'DIA', 'mode': 'tri', 'thr': 80, 'window': '10Y', 'order': 3, 'rows': 27}
{'ticker': 'DIA', 'mode': 'tri', 'thr': 80, 'window': '10Y', 'order': 4, 'rows': 81}
{'ticker': 'DIA', 'mode': 'tri', 'thr': 80, 'window': '20Y', 'order': 1, 'rows': 3}
{'ticker': 'DIA', 'mode': 'tri', 'thr': 80, 'window': '20Y', 'order': 2, 'rows': 9}
{'ticker': 'DIA', 'mode': 'tri', 'thr': 80, 'window': '20Y', 'order': 3, 'rows': 27}
{'ticker': 'DIA', 'mode': 'tri', 'thr': 80, 'window': '20Y', 'order': 4, 'rows': 81}2025-11-12 11:27:16,018 INFO [cli] {'ticker': 'DIA', 'mode': 'tri', 'thr': 80, 'window': '20Y', 'order': 4, 'rows': 81}
2025-11-12 11:27:16,026 INFO [cli] {'ticker': 'DIA', 'mode': 'tri', 'thr': 80, 'window': 'MAX', 'order': 1, 'rows': 3}
2025-11-12 11:27:16,034 INFO [cli] {'ticker': 'DIA', 'mode': 'tri', 'thr': 80, 'window': 'MAX', 'order': 2, 'rows': 9}
2025-11-12 11:27:16,044 INFO [cli] {'ticker': 'DIA', 'mode': 'tri', 'thr': 80, 'window': 'MAX', 'order': 3, 'rows': 27}
2025-11-12 11:27:16,053 INFO [cli] {'ticker': 'DIA', 'mode': 'tri', 'thr': 80, 'window': 'MAX', 'order': 4, 'rows': 81}
2025-11-12 11:27:16,068 INFO [cli] {'ticker': 'DIA', 'mode': 'tri', 'thr': 85, 'window': '1Y', 'order': 1, 'rows': 3}
2025-11-12 11:27:16,077 INFO [cli] {'ticker': 'DIA', 'mode': 'tri', 'thr': 85, 'window': '1Y', 'order': 2, 'rows': 9}
2025-11-12 11:27:16,087 INFO [cli] {'ticker': 'DIA', 'mode': 'tri', 'thr': 85, 'window': '1Y', 'order': 3, 'rows': 26}
2025-11-12 11:27:16,096 INFO [cli] {'ticker': 'DIA', 'mode': 'tri', 'thr': 85, 'window': '1Y', 'order': 4, 'rows': 54}
2025-11-12 11:27:16,104 INFO [cli] {'ticker': 'DIA', 'mode': 'tri', 'thr': 85, 'window': '2Y', 'order': 1, 'rows': 3}
2025-11-12 11:27:16,112 INFO [cli] {'ticker': 'DIA', 'mode': 'tri', 'thr': 85, 'window': '2Y', 'order': 2, 'rows': 9}
2025-11-12 11:27:16,120 INFO [cli] {'ticker': 'DIA', 'mode': 'tri', 'thr': 85, 'window': '2Y', 'order': 3, 'rows': 26}
2025-11-12 11:27:16,129 INFO [cli] {'ticker': 'DIA', 'mode': 'tri', 'thr': 85, 'window': '2Y', 'order': 4, 'rows': 58}
2025-11-12 11:27:16,136 INFO [cli] {'ticker': 'DIA', 'mode': 'tri', 'thr': 85, 'window': '5Y', 'order': 1, 'rows': 3}
2025-11-12 11:27:16,145 INFO [cli] {'ticker': 'DIA', 'mode': 'tri', 'thr': 85, 'window': '5Y', 'order': 2, 'rows': 9}
2025-11-12 11:27:16,153 INFO [cli] {'ticker': 'DIA', 'mode': 'tri', 'thr': 85, 'window': '5Y', 'order': 3, 'rows': 27}
2025-11-12 11:27:16,162 INFO [cli] {'ticker': 'DIA', 'mode': 'tri', 'thr': 85, 'window': '5Y', 'order': 4, 'rows': 76}
2025-11-12 11:27:16,172 INFO [cli] {'ticker': 'DIA', 'mode': 'tri', 'thr': 85, 'window': '10Y', 'order': 1, 'rows': 3}
2025-11-12 11:27:16,180 INFO [cli] {'ticker': 'DIA', 'mode': 'tri', 'thr': 85, 'window': '10Y', 'order': 2, 'rows': 9}
2025-11-12 11:27:16,190 INFO [cli] {'ticker': 'DIA', 'mode': 'tri', 'thr': 85, 'window': '10Y', 'order': 3, 'rows': 27}
2025-11-12 11:27:16,199 INFO [cli] {'ticker': 'DIA', 'mode': 'tri', 'thr': 85, 'window': '10Y', 'order': 4, 'rows': 81}
2025-11-12 11:27:16,209 INFO [cli] {'ticker': 'DIA', 'mode': 'tri', 'thr': 85, 'window': '20Y', 'order': 1, 'rows': 3}
2025-11-12 11:27:16,217 INFO [cli] {'ticker': 'DIA', 'mode': 'tri', 'thr': 85, 'window': '20Y', 'order': 2, 'rows': 9}
2025-11-12 11:27:16,227 INFO [cli] {'ticker': 'DIA', 'mode': 'tri', 'thr': 85, 'window': '20Y', 'order': 3, 'rows': 27}
2025-11-12 11:27:16,237 INFO [cli] {'ticker': 'DIA', 'mode': 'tri', 'thr': 85, 'window': '20Y', 'order': 4, 'rows': 81}
2025-11-12 11:27:16,245 INFO [cli] {'ticker': 'DIA', 'mode': 'tri', 'thr': 85, 'window': 'MAX', 'order': 1, 'rows': 3}
2025-11-12 11:27:16,254 INFO [cli] {'ticker': 'DIA', 'mode': 'tri', 'thr': 85, 'window': 'MAX', 'order': 2, 'rows': 9}
2025-11-12 11:27:16,264 INFO [cli] {'ticker': 'DIA', 'mode': 'tri', 'thr': 85, 'window': 'MAX', 'order': 3, 'rows': 27}
2025-11-12 11:27:16,273 INFO [cli] {'ticker': 'DIA', 'mode': 'tri', 'thr': 85, 'window': 'MAX', 'order': 4, 'rows': 81}
2025-11-12 11:27:16,289 INFO [cli] {'ticker': 'DIA', 'mode': 'tri', 'thr': 90, 'window': '1Y', 'order': 1, 'rows': 3}
2025-11-12 11:27:16,298 INFO [cli] {'ticker': 'DIA', 'mode': 'tri', 'thr': 90, 'window': '1Y', 'order': 2, 'rows': 9}
2025-11-12 11:27:16,307 INFO [cli] {'ticker': 'DIA', 'mode': 'tri', 'thr': 90, 'window': '1Y', 'order': 3, 'rows': 26}
2025-11-12 11:27:16,316 INFO [cli] {'ticker': 'DIA', 'mode': 'tri', 'thr': 90, 'window': '1Y', 'order': 4, 'rows': 51}
2025-11-12 11:27:16,326 INFO [cli] {'ticker': 'DIA', 'mode': 'tri', 'thr': 90, 'window': '2Y', 'order': 1, 'rows': 3}
2025-11-12 11:27:16,336 INFO [cli] {'ticker': 'DIA', 'mode': 'tri', 'thr': 90, 'window': '2Y', 'order': 2, 'rows': 9}
2025-11-12 11:27:16,345 INFO [cli] {'ticker': 'DIA', 'mode': 'tri', 'thr': 90, 'window': '2Y', 'order': 3, 'rows': 26}
2025-11-12 11:27:16,354 INFO [cli] {'ticker': 'DIA', 'mode': 'tri', 'thr': 90, 'window': '2Y', 'order': 4, 'rows': 54}
2025-11-12 11:27:16,364 INFO [cli] {'ticker': 'DIA', 'mode': 'tri', 'thr': 90, 'window': '5Y', 'order': 1, 'rows': 3}
2025-11-12 11:27:16,374 INFO [cli] {'ticker': 'DIA', 'mode': 'tri', 'thr': 90, 'window': '5Y', 'order': 2, 'rows': 9}
2025-11-12 11:27:16,382 INFO [cli] {'ticker': 'DIA', 'mode': 'tri', 'thr': 90, 'window': '5Y', 'order': 3, 'rows': 27}
2025-11-12 11:27:16,389 INFO [cli] {'ticker': 'DIA', 'mode': 'tri', 'thr': 90, 'window': '5Y', 'order': 4, 'rows': 72}
2025-11-12 11:27:16,399 INFO [cli] {'ticker': 'DIA', 'mode': 'tri', 'thr': 90, 'window': '10Y', 'order': 1, 'rows': 3}
2025-11-12 11:27:16,408 INFO [cli] {'ticker': 'DIA', 'mode': 'tri', 'thr': 90, 'window': '10Y', 'order': 2, 'rows': 9}
2025-11-12 11:27:16,417 INFO [cli] {'ticker': 'DIA', 'mode': 'tri', 'thr': 90, 'window': '10Y', 'order': 3, 'rows': 27}
2025-11-12 11:27:16,426 INFO [cli] {'ticker': 'DIA', 'mode': 'tri', 'thr': 90, 'window': '10Y', 'order': 4, 'rows': 81}
2025-11-12 11:27:16,434 INFO [cli] {'ticker': 'DIA', 'mode': 'tri', 'thr': 90, 'window': '20Y', 'order': 1, 'rows': 3}
2025-11-12 11:27:16,444 INFO [cli] {'ticker': 'DIA', 'mode': 'tri', 'thr': 90, 'window': '20Y', 'order': 2, 'rows': 9}
2025-11-12 11:27:16,454 INFO [cli] {'ticker': 'DIA', 'mode': 'tri', 'thr': 90, 'window': '20Y', 'order': 3, 'rows': 27}
2025-11-12 11:27:16,462 INFO [cli] {'ticker': 'DIA', 'mode': 'tri', 'thr': 90, 'window': '20Y', 'order': 4, 'rows': 81}
2025-11-12 11:27:16,470 INFO [cli] {'ticker': 'DIA', 'mode': 'tri', 'thr': 90, 'window': 'MAX', 'order': 1, 'rows': 3}
2025-11-12 11:27:16,481 INFO [cli] {'ticker': 'DIA', 'mode': 'tri', 'thr': 90, 'window': 'MAX', 'order': 2, 'rows': 9}
2025-11-12 11:27:16,490 INFO [cli] {'ticker': 'DIA', 'mode': 'tri', 'thr': 90, 'window': 'MAX', 'order': 3, 'rows': 27}
2025-11-12 11:27:16,500 INFO [cli] {'ticker': 'DIA', 'mode': 'tri', 'thr': 90, 'window': 'MAX', 'order': 4, 'rows': 81}
2025-11-12 11:27:16,515 INFO [cli] {'ticker': 'DIA', 'mode': 'tri', 'thr': 95, 'window': '1Y', 'order': 1, 'rows': 3}
2025-11-12 11:27:16,526 INFO [cli] {'ticker': 'DIA', 'mode': 'tri', 'thr': 95, 'window': '1Y', 'order': 2, 'rows': 9}
2025-11-12 11:27:16,535 INFO [cli] {'ticker': 'DIA', 'mode': 'tri', 'thr': 95, 'window': '1Y', 'order': 3, 'rows': 25}
2025-11-12 11:27:16,543 INFO [cli] {'ticker': 'DIA', 'mode': 'tri', 'thr': 95, 'window': '1Y', 'order': 4, 'rows': 45}
2025-11-12 11:27:16,554 INFO [cli] {'ticker': 'DIA', 'mode': 'tri', 'thr': 95, 'window': '2Y', 'order': 1, 'rows': 3}
2025-11-12 11:27:16,563 INFO [cli] {'ticker': 'DIA', 'mode': 'tri', 'thr': 95, 'window': '2Y', 'order': 2, 'rows': 9}
2025-11-12 11:27:16,573 INFO [cli] {'ticker': 'DIA', 'mode': 'tri', 'thr': 95, 'window': '2Y', 'order': 3, 'rows': 26}
2025-11-12 11:27:16,582 INFO [cli] {'ticker': 'DIA', 'mode': 'tri', 'thr': 95, 'window': '2Y', 'order': 4, 'rows': 50}
2025-11-12 11:27:16,592 INFO [cli] {'ticker': 'DIA', 'mode': 'tri', 'thr': 95, 'window': '5Y', 'order': 1, 'rows': 3}
2025-11-12 11:27:16,602 INFO [cli] {'ticker': 'DIA', 'mode': 'tri', 'thr': 95, 'window': '5Y', 'order': 2, 'rows': 9}
2025-11-12 11:27:16,611 INFO [cli] {'ticker': 'DIA', 'mode': 'tri', 'thr': 95, 'window': '5Y', 'order': 3, 'rows': 27}
2025-11-12 11:27:16,620 INFO [cli] {'ticker': 'DIA', 'mode': 'tri', 'thr': 95, 'window': '5Y', 'order': 4, 'rows': 70}
2025-11-12 11:27:16,628 INFO [cli] {'ticker': 'DIA', 'mode': 'tri', 'thr': 95, 'window': '10Y', 'order': 1, 'rows': 3}
2025-11-12 11:27:16,636 INFO [cli] {'ticker': 'DIA', 'mode': 'tri', 'thr': 95, 'window': '10Y', 'order': 2, 'rows': 9}
2025-11-12 11:27:16,646 INFO [cli] {'ticker': 'DIA', 'mode': 'tri', 'thr': 95, 'window': '10Y', 'order': 3, 'rows': 27}
2025-11-12 11:27:16,656 INFO [cli] {'ticker': 'DIA', 'mode': 'tri', 'thr': 95, 'window': '10Y', 'order': 4, 'rows': 81}
2025-11-12 11:27:16,664 INFO [cli] {'ticker': 'DIA', 'mode': 'tri', 'thr': 95, 'window': '20Y', 'order': 1, 'rows': 3}
2025-11-12 11:27:16,675 INFO [cli] {'ticker': 'DIA', 'mode': 'tri', 'thr': 95, 'window': '20Y', 'order': 2, 'rows': 9}
2025-11-12 11:27:16,685 INFO [cli] {'ticker': 'DIA', 'mode': 'tri', 'thr': 95, 'window': '20Y', 'order': 3, 'rows': 27}
2025-11-12 11:27:16,694 INFO [cli] {'ticker': 'DIA', 'mode': 'tri', 'thr': 95, 'window': '20Y', 'order': 4, 'rows': 81}
2025-11-12 11:27:16,703 INFO [cli] {'ticker': 'DIA', 'mode': 'tri', 'thr': 95, 'window': 'MAX', 'order': 1, 'rows': 3}
2025-11-12 11:27:16,711 INFO [cli] {'ticker': 'DIA', 'mode': 'tri', 'thr': 95, 'window': 'MAX', 'order': 2, 'rows': 9}
2025-11-12 11:27:16,728 INFO [cli] {'ticker': 'DIA', 'mode': 'tri', 'thr': 95, 'window': 'MAX', 'order': 3, 'rows': 27}
2025-11-12 11:27:16,739 INFO [cli] {'ticker': 'DIA', 'mode': 'tri', 'thr': 95, 'window': 'MAX', 'order': 4, 'rows': 81}
2025-11-12 11:27:16,755 INFO [cli] {'ticker': 'DIA', 'mode': 'tri', 'thr': 100, 'window': '1Y', 'order': 1, 'rows': 3}
2025-11-12 11:27:16,766 INFO [cli] {'ticker': 'DIA', 'mode': 'tri', 'thr': 100, 'window': '1Y', 'order': 2, 'rows': 9}
2025-11-12 11:27:16,776 INFO [cli] {'ticker': 'DIA', 'mode': 'tri', 'thr': 100, 'window': '1Y', 'order': 3, 'rows': 24}
2025-11-12 11:27:16,785 INFO [cli] {'ticker': 'DIA', 'mode': 'tri', 'thr': 100, 'window': '1Y', 'order': 4, 'rows': 39}
2025-11-12 11:27:16,795 INFO [cli] {'ticker': 'DIA', 'mode': 'tri', 'thr': 100, 'window': '2Y', 'order': 1, 'rows': 3}
2025-11-12 11:27:16,803 INFO [cli] {'ticker': 'DIA', 'mode': 'tri', 'thr': 100, 'window': '2Y', 'order': 2, 'rows': 9}
2025-11-12 11:27:16,815 INFO [cli] {'ticker': 'DIA', 'mode': 'tri', 'thr': 100, 'window': '2Y', 'order': 3, 'rows': 26}
2025-11-12 11:27:16,826 INFO [cli] {'ticker': 'DIA', 'mode': 'tri', 'thr': 100, 'window': '2Y', 'order': 4, 'rows': 47}
2025-11-12 11:27:16,836 INFO [cli] {'ticker': 'DIA', 'mode': 'tri', 'thr': 100, 'window': '5Y', 'order': 1, 'rows': 3}
2025-11-12 11:27:16,844 INFO [cli] {'ticker': 'DIA', 'mode': 'tri', 'thr': 100, 'window': '5Y', 'order': 2, 'rows': 9}
2025-11-12 11:27:16,853 INFO [cli] {'ticker': 'DIA', 'mode': 'tri', 'thr': 100, 'window': '5Y', 'order': 3, 'rows': 27}
2025-11-12 11:27:16,863 INFO [cli] {'ticker': 'DIA', 'mode': 'tri', 'thr': 100, 'window': '5Y', 'order': 4, 'rows': 68}
2025-11-12 11:27:16,872 INFO [cli] {'ticker': 'DIA', 'mode': 'tri', 'thr': 100, 'window': '10Y', 'order': 1, 'rows': 3}
2025-11-12 11:27:16,881 INFO [cli] {'ticker': 'DIA', 'mode': 'tri', 'thr': 100, 'window': '10Y', 'order': 2, 'rows': 9}
2025-11-12 11:27:16,891 INFO [cli] {'ticker': 'DIA', 'mode': 'tri', 'thr': 100, 'window': '10Y', 'order': 3, 'rows': 27}
2025-11-12 11:27:16,900 INFO [cli] {'ticker': 'DIA', 'mode': 'tri', 'thr': 100, 'window': '10Y', 'order': 4, 'rows': 81}
2025-11-12 11:27:16,909 INFO [cli] {'ticker': 'DIA', 'mode': 'tri', 'thr': 100, 'window': '20Y', 'order': 1, 'rows': 3}
2025-11-12 11:27:16,920 INFO [cli] {'ticker': 'DIA', 'mode': 'tri', 'thr': 100, 'window': '20Y', 'order': 2, 'rows': 9}
2025-11-12 11:27:16,930 INFO [cli] {'ticker': 'DIA', 'mode': 'tri', 'thr': 100, 'window': '20Y', 'order': 3, 'rows': 27}
2025-11-12 11:27:16,941 INFO [cli] {'ticker': 'DIA', 'mode': 'tri', 'thr': 100, 'window': '20Y', 'order': 4, 'rows': 81}
2025-11-12 11:27:16,952 INFO [cli] {'ticker': 'DIA', 'mode': 'tri', 'thr': 100, 'window': 'MAX', 'order': 1, 'rows': 3}

{'ticker': 'DIA', 'mode': 'tri', 'thr': 80, 'window': 'MAX', 'order': 1, 'rows': 3}
{'ticker': 'DIA', 'mode': 'tri', 'thr': 80, 'window': 'MAX', 'order': 2, 'rows': 9}
{'ticker': 'DIA', 'mode': 'tri', 'thr': 80, 'window': 'MAX', 'order': 3, 'rows': 27}
{'ticker': 'DIA', 'mode': 'tri', 'thr': 80, 'window': 'MAX', 'order': 4, 'rows': 81}
{'ticker': 'DIA', 'mode': 'tri', 'thr': 85, 'window': '1Y', 'order': 1, 'rows': 3}
{'ticker': 'DIA', 'mode': 'tri', 'thr': 85, 'window': '1Y', 'order': 2, 'rows': 9}
{'ticker': 'DIA', 'mode': 'tri', 'thr': 85, 'window': '1Y', 'order': 3, 'rows': 26}
{'ticker': 'DIA', 'mode': 'tri', 'thr': 85, 'window': '1Y', 'order': 4, 'rows': 54}
{'ticker': 'DIA', 'mode': 'tri', 'thr': 85, 'window': '2Y', 'order': 1, 'rows': 3}
{'ticker': 'DIA', 'mode': 'tri', 'thr': 85, 'window': '2Y', 'order': 2, 'rows': 9}
{'ticker': 'DIA', 'mode': 'tri', 'thr': 85, 'window': '2Y', 'order': 3, 'rows': 26}
{'ticker': 'DIA', 'mode': 'tri', 'thr': 85, 'window': '2Y', 'order': 4, 'rows': 58}
{'ticker': 'DIA', 'mode': 'tri', 'thr': 85, 'window': '5Y', 'order': 1, 'rows': 3}
{'ticker': 'DIA', 'mode': 'tri', 'thr': 85, 'window': '5Y', 'order': 2, 'rows': 9}
{'ticker': 'DIA', 'mode': 'tri', 'thr': 85, 'window': '5Y', 'order': 3, 'rows': 27}
{'ticker': 'DIA', 'mode': 'tri', 'thr': 85, 'window': '5Y', 'order': 4, 'rows': 76}
{'ticker': 'DIA', 'mode': 'tri', 'thr': 85, 'window': '10Y', 'order': 1, 'rows': 3}
{'ticker': 'DIA', 'mode': 'tri', 'thr': 85, 'window': '10Y', 'order': 2, 'rows': 9}
{'ticker': 'DIA', 'mode': 'tri', 'thr': 85, 'window': '10Y', 'order': 3, 'rows': 27}
{'ticker': 'DIA', 'mode': 'tri', 'thr': 85, 'window': '10Y', 'order': 4, 'rows': 81}
{'ticker': 'DIA', 'mode': 'tri', 'thr': 85, 'window': '20Y', 'order': 1, 'rows': 3}
{'ticker': 'DIA', 'mode': 'tri', 'thr': 85, 'window': '20Y', 'order': 2, 'rows': 9}
{'ticker': 'DIA', 'mode': 'tri', 'thr': 85, 'window': '20Y', 'order': 3, 'rows': 27}
{'ticker': 'DIA', 'mode': 'tri', 'thr': 85, 'window': '20Y', 'order': 4, 'rows': 81}
{'ticker': 'DIA', 'mode': 'tri', 'thr': 85, 'window': 'MAX', 'order': 1, 'rows': 3}
{'ticker': 'DIA', 'mode': 'tri', 'thr': 85, 'window': 'MAX', 'order': 2, 'rows': 9}
{'ticker': 'DIA', 'mode': 'tri', 'thr': 85, 'window': 'MAX', 'order': 3, 'rows': 27}
{'ticker': 'DIA', 'mode': 'tri', 'thr': 85, 'window': 'MAX', 'order': 4, 'rows': 81}
{'ticker': 'DIA', 'mode': 'tri', 'thr': 90, 'window': '1Y', 'order': 1, 'rows': 3}
{'ticker': 'DIA', 'mode': 'tri', 'thr': 90, 'window': '1Y', 'order': 2, 'rows': 9}
{'ticker': 'DIA', 'mode': 'tri', 'thr': 90, 'window': '1Y', 'order': 3, 'rows': 26}
{'ticker': 'DIA', 'mode': 'tri', 'thr': 90, 'window': '1Y', 'order': 4, 'rows': 51}
{'ticker': 'DIA', 'mode': 'tri', 'thr': 90, 'window': '2Y', 'order': 1, 'rows': 3}
{'ticker': 'DIA', 'mode': 'tri', 'thr': 90, 'window': '2Y', 'order': 2, 'rows': 9}
{'ticker': 'DIA', 'mode': 'tri', 'thr': 90, 'window': '2Y', 'order': 3, 'rows': 26}
{'ticker': 'DIA', 'mode': 'tri', 'thr': 90, 'window': '2Y', 'order': 4, 'rows': 54}
{'ticker': 'DIA', 'mode': 'tri', 'thr': 90, 'window': '5Y', 'order': 1, 'rows': 3}
{'ticker': 'DIA', 'mode': 'tri', 'thr': 90, 'window': '5Y', 'order': 2, 'rows': 9}
{'ticker': 'DIA', 'mode': 'tri', 'thr': 90, 'window': '5Y', 'order': 3, 'rows': 27}
{'ticker': 'DIA', 'mode': 'tri', 'thr': 90, 'window': '5Y', 'order': 4, 'rows': 72}
{'ticker': 'DIA', 'mode': 'tri', 'thr': 90, 'window': '10Y', 'order': 1, 'rows': 3}
{'ticker': 'DIA', 'mode': 'tri', 'thr': 90, 'window': '10Y', 'order': 2, 'rows': 9}
{'ticker': 'DIA', 'mode': 'tri', 'thr': 90, 'window': '10Y', 'order': 3, 'rows': 27}
{'ticker': 'DIA', 'mode': 'tri', 'thr': 90, 'window': '10Y', 'order': 4, 'rows': 81}
{'ticker': 'DIA', 'mode': 'tri', 'thr': 90, 'window': '20Y', 'order': 1, 'rows': 3}
{'ticker': 'DIA', 'mode': 'tri', 'thr': 90, 'window': '20Y', 'order': 2, 'rows': 9}
{'ticker': 'DIA', 'mode': 'tri', 'thr': 90, 'window': '20Y', 'order': 3, 'rows': 27}
{'ticker': 'DIA', 'mode': 'tri', 'thr': 90, 'window': '20Y', 'order': 4, 'rows': 81}
{'ticker': 'DIA', 'mode': 'tri', 'thr': 90, 'window': 'MAX', 'order': 1, 'rows': 3}
{'ticker': 'DIA', 'mode': 'tri', 'thr': 90, 'window': 'MAX', 'order': 2, 'rows': 9}
{'ticker': 'DIA', 'mode': 'tri', 'thr': 90, 'window': 'MAX', 'order': 3, 'rows': 27}
{'ticker': 'DIA', 'mode': 'tri', 'thr': 90, 'window': 'MAX', 'order': 4, 'rows': 81}
{'ticker': 'DIA', 'mode': 'tri', 'thr': 95, 'window': '1Y', 'order': 1, 'rows': 3}
{'ticker': 'DIA', 'mode': 'tri', 'thr': 95, 'window': '1Y', 'order': 2, 'rows': 9}
{'ticker': 'DIA', 'mode': 'tri', 'thr': 95, 'window': '1Y', 'order': 3, 'rows': 25}
{'ticker': 'DIA', 'mode': 'tri', 'thr': 95, 'window': '1Y', 'order': 4, 'rows': 45}
{'ticker': 'DIA', 'mode': 'tri', 'thr': 95, 'window': '2Y', 'order': 1, 'rows': 3}
{'ticker': 'DIA', 'mode': 'tri', 'thr': 95, 'window': '2Y', 'order': 2, 'rows': 9}
{'ticker': 'DIA', 'mode': 'tri', 'thr': 95, 'window': '2Y', 'order': 3, 'rows': 26}
{'ticker': 'DIA', 'mode': 'tri', 'thr': 95, 'window': '2Y', 'order': 4, 'rows': 50}
{'ticker': 'DIA', 'mode': 'tri', 'thr': 95, 'window': '5Y', 'order': 1, 'rows': 3}
{'ticker': 'DIA', 'mode': 'tri', 'thr': 95, 'window': '5Y', 'order': 2, 'rows': 9}
{'ticker': 'DIA', 'mode': 'tri', 'thr': 95, 'window': '5Y', 'order': 3, 'rows': 27}
{'ticker': 'DIA', 'mode': 'tri', 'thr': 95, 'window': '5Y', 'order': 4, 'rows': 70}
{'ticker': 'DIA', 'mode': 'tri', 'thr': 95, 'window': '10Y', 'order': 1, 'rows': 3}
{'ticker': 'DIA', 'mode': 'tri', 'thr': 95, 'window': '10Y', 'order': 2, 'rows': 9}
{'ticker': 'DIA', 'mode': 'tri', 'thr': 95, 'window': '10Y', 'order': 3, 'rows': 27}
{'ticker': 'DIA', 'mode': 'tri', 'thr': 95, 'window': '10Y', 'order': 4, 'rows': 81}
{'ticker': 'DIA', 'mode': 'tri', 'thr': 95, 'window': '20Y', 'order': 1, 'rows': 3}
{'ticker': 'DIA', 'mode': 'tri', 'thr': 95, 'window': '20Y', 'order': 2, 'rows': 9}
{'ticker': 'DIA', 'mode': 'tri', 'thr': 95, 'window': '20Y', 'order': 3, 'rows': 27}
{'ticker': 'DIA', 'mode': 'tri', 'thr': 95, 'window': '20Y', 'order': 4, 'rows': 81}
{'ticker': 'DIA', 'mode': 'tri', 'thr': 95, 'window': 'MAX', 'order': 1, 'rows': 3}
{'ticker': 'DIA', 'mode': 'tri', 'thr': 95, 'window': 'MAX', 'order': 2, 'rows': 9}
{'ticker': 'DIA', 'mode': 'tri', 'thr': 95, 'window': 'MAX', 'order': 3, 'rows': 27}
{'ticker': 'DIA', 'mode': 'tri', 'thr': 95, 'window': 'MAX', 'order': 4, 'rows': 81}
{'ticker': 'DIA', 'mode': 'tri', 'thr': 100, 'window': '1Y', 'order': 1, 'rows': 3}
{'ticker': 'DIA', 'mode': 'tri', 'thr': 100, 'window': '1Y', 'order': 2, 'rows': 9}
{'ticker': 'DIA', 'mode': 'tri', 'thr': 100, 'window': '1Y', 'order': 3, 'rows': 24}
{'ticker': 'DIA', 'mode': 'tri', 'thr': 100, 'window': '1Y', 'order': 4, 'rows': 39}
{'ticker': 'DIA', 'mode': 'tri', 'thr': 100, 'window': '2Y', 'order': 1, 'rows': 3}
{'ticker': 'DIA', 'mode': 'tri', 'thr': 100, 'window': '2Y', 'order': 2, 'rows': 9}
{'ticker': 'DIA', 'mode': 'tri', 'thr': 100, 'window': '2Y', 'order': 3, 'rows': 26}
{'ticker': 'DIA', 'mode': 'tri', 'thr': 100, 'window': '2Y', 'order': 4, 'rows': 47}
{'ticker': 'DIA', 'mode': 'tri', 'thr': 100, 'window': '5Y', 'order': 1, 'rows': 3}
{'ticker': 'DIA', 'mode': 'tri', 'thr': 100, 'window': '5Y', 'order': 2, 'rows': 9}
{'ticker': 'DIA', 'mode': 'tri', 'thr': 100, 'window': '5Y', 'order': 3, 'rows': 27}
{'ticker': 'DIA', 'mode': 'tri', 'thr': 100, 'window': '5Y', 'order': 4, 'rows': 68}
{'ticker': 'DIA', 'mode': 'tri', 'thr': 100, 'window': '10Y', 'order': 1, 'rows': 3}
{'ticker': 'DIA', 'mode': 'tri', 'thr': 100, 'window': '10Y', 'order': 2, 'rows': 9}
{'ticker': 'DIA', 'mode': 'tri', 'thr': 100, 'window': '10Y', 'order': 3, 'rows': 27}
{'ticker': 'DIA', 'mode': 'tri', 'thr': 100, 'window': '10Y', 'order': 4, 'rows': 81}
{'ticker': 'DIA', 'mode': 'tri', 'thr': 100, 'window': '20Y', 'order': 1, 'rows': 3}
{'ticker': 'DIA', 'mode': 'tri', 'thr': 100, 'window': '20Y', 'order': 2, 'rows': 9}
{'ticker': 'DIA', 'mode': 'tri', 'thr': 100, 'window': '20Y', 'order': 3, 'rows': 27}
{'ticker': 'DIA', 'mode': 'tri', 'thr': 100, 'window': '20Y', 'order': 4, 'rows': 81}
{'ticker': 'DIA', 'mode': 'tri', 'thr': 100, 'window': 'MAX', 'order': 1, 'rows': 3}
{'ticker': 'DIA', 'mode': 'tri', 'thr': 100, 'window': 'MAX', 'order': 2, 'rows': 9}2025-11-12 11:27:16,961 INFO [cli] {'ticker': 'DIA', 'mode': 'tri', 'thr': 100, 'window': 'MAX', 'order': 2, 'rows': 9}
2025-11-12 11:27:16,971 INFO [cli] {'ticker': 'DIA', 'mode': 'tri', 'thr': 100, 'window': 'MAX', 'order': 3, 'rows': 27}
2025-11-12 11:27:16,979 INFO [cli] {'ticker': 'DIA', 'mode': 'tri', 'thr': 100, 'window': 'MAX', 'order': 4, 'rows': 81}
2025-11-12 11:27:16,995 INFO [cli] {'ticker': 'DIA', 'mode': 'tri', 'thr': 105, 'window': '1Y', 'order': 1, 'rows': 3}
2025-11-12 11:27:17,006 INFO [cli] {'ticker': 'DIA', 'mode': 'tri', 'thr': 105, 'window': '1Y', 'order': 2, 'rows': 9}
2025-11-12 11:27:17,018 INFO [cli] {'ticker': 'DIA', 'mode': 'tri', 'thr': 105, 'window': '1Y', 'order': 3, 'rows': 23}
2025-11-12 11:27:17,029 INFO [cli] {'ticker': 'DIA', 'mode': 'tri', 'thr': 105, 'window': '1Y', 'order': 4, 'rows': 39}
2025-11-12 11:27:17,039 INFO [cli] {'ticker': 'DIA', 'mode': 'tri', 'thr': 105, 'window': '2Y', 'order': 1, 'rows': 3}
2025-11-12 11:27:17,048 INFO [cli] {'ticker': 'DIA', 'mode': 'tri', 'thr': 105, 'window': '2Y', 'order': 2, 'rows': 9}
2025-11-12 11:27:17,059 INFO [cli] {'ticker': 'DIA', 'mode': 'tri', 'thr': 105, 'window': '2Y', 'order': 3, 'rows': 24}
2025-11-12 11:27:17,069 INFO [cli] {'ticker': 'DIA', 'mode': 'tri', 'thr': 105, 'window': '2Y', 'order': 4, 'rows': 45}
2025-11-12 11:27:17,078 INFO [cli] {'ticker': 'DIA', 'mode': 'tri', 'thr': 105, 'window': '5Y', 'order': 1, 'rows': 3}
2025-11-12 11:27:17,089 INFO [cli] {'ticker': 'DIA', 'mode': 'tri', 'thr': 105, 'window': '5Y', 'order': 2, 'rows': 9}
2025-11-12 11:27:17,099 INFO [cli] {'ticker': 'DIA', 'mode': 'tri', 'thr': 105, 'window': '5Y', 'order': 3, 'rows': 26}
2025-11-12 11:27:17,108 INFO [cli] {'ticker': 'DIA', 'mode': 'tri', 'thr': 105, 'window': '5Y', 'order': 4, 'rows': 63}
2025-11-12 11:27:17,118 INFO [cli] {'ticker': 'DIA', 'mode': 'tri', 'thr': 105, 'window': '10Y', 'order': 1, 'rows': 3}
2025-11-12 11:27:17,129 INFO [cli] {'ticker': 'DIA', 'mode': 'tri', 'thr': 105, 'window': '10Y', 'order': 2, 'rows': 9}
2025-11-12 11:27:17,139 INFO [cli] {'ticker': 'DIA', 'mode': 'tri', 'thr': 105, 'window': '10Y', 'order': 3, 'rows': 27}
2025-11-12 11:27:17,149 INFO [cli] {'ticker': 'DIA', 'mode': 'tri', 'thr': 105, 'window': '10Y', 'order': 4, 'rows': 79}
2025-11-12 11:27:17,159 INFO [cli] {'ticker': 'DIA', 'mode': 'tri', 'thr': 105, 'window': '20Y', 'order': 1, 'rows': 3}
2025-11-12 11:27:17,170 INFO [cli] {'ticker': 'DIA', 'mode': 'tri', 'thr': 105, 'window': '20Y', 'order': 2, 'rows': 9}
2025-11-12 11:27:17,179 INFO [cli] {'ticker': 'DIA', 'mode': 'tri', 'thr': 105, 'window': '20Y', 'order': 3, 'rows': 27}
2025-11-12 11:27:17,189 INFO [cli] {'ticker': 'DIA', 'mode': 'tri', 'thr': 105, 'window': '20Y', 'order': 4, 'rows': 81}
2025-11-12 11:27:17,200 INFO [cli] {'ticker': 'DIA', 'mode': 'tri', 'thr': 105, 'window': 'MAX', 'order': 1, 'rows': 3}
2025-11-12 11:27:17,211 INFO [cli] {'ticker': 'DIA', 'mode': 'tri', 'thr': 105, 'window': 'MAX', 'order': 2, 'rows': 9}
2025-11-12 11:27:17,223 INFO [cli] {'ticker': 'DIA', 'mode': 'tri', 'thr': 105, 'window': 'MAX', 'order': 3, 'rows': 27}
2025-11-12 11:27:17,233 INFO [cli] {'ticker': 'DIA', 'mode': 'tri', 'thr': 105, 'window': 'MAX', 'order': 4, 'rows': 81}
2025-11-12 11:27:17,249 INFO [cli] {'ticker': 'DIA', 'mode': 'tri', 'thr': 110, 'window': '1Y', 'order': 1, 'rows': 3}
2025-11-12 11:27:17,258 INFO [cli] {'ticker': 'DIA', 'mode': 'tri', 'thr': 110, 'window': '1Y', 'order': 2, 'rows': 8}
2025-11-12 11:27:17,267 INFO [cli] {'ticker': 'DIA', 'mode': 'tri', 'thr': 110, 'window': '1Y', 'order': 3, 'rows': 19}
2025-11-12 11:27:17,275 INFO [cli] {'ticker': 'DIA', 'mode': 'tri', 'thr': 110, 'window': '1Y', 'order': 4, 'rows': 32}
2025-11-12 11:27:17,286 INFO [cli] {'ticker': 'DIA', 'mode': 'tri', 'thr': 110, 'window': '2Y', 'order': 1, 'rows': 3}
2025-11-12 11:27:17,297 INFO [cli] {'ticker': 'DIA', 'mode': 'tri', 'thr': 110, 'window': '2Y', 'order': 2, 'rows': 8}
2025-11-12 11:27:17,307 INFO [cli] {'ticker': 'DIA', 'mode': 'tri', 'thr': 110, 'window': '2Y', 'order': 3, 'rows': 20}
2025-11-12 11:27:17,315 INFO [cli] {'ticker': 'DIA', 'mode': 'tri', 'thr': 110, 'window': '2Y', 'order': 4, 'rows': 38}
2025-11-12 11:27:17,326 INFO [cli] {'ticker': 'DIA', 'mode': 'tri', 'thr': 110, 'window': '5Y', 'order': 1, 'rows': 3}
2025-11-12 11:27:17,336 INFO [cli] {'ticker': 'DIA', 'mode': 'tri', 'thr': 110, 'window': '5Y', 'order': 2, 'rows': 9}
2025-11-12 11:27:17,344 INFO [cli] {'ticker': 'DIA', 'mode': 'tri', 'thr': 110, 'window': '5Y', 'order': 3, 'rows': 25}
2025-11-12 11:27:17,355 INFO [cli] {'ticker': 'DIA', 'mode': 'tri', 'thr': 110, 'window': '5Y', 'order': 4, 'rows': 61}
2025-11-12 11:27:17,364 INFO [cli] {'ticker': 'DIA', 'mode': 'tri', 'thr': 110, 'window': '10Y', 'order': 1, 'rows': 3}
2025-11-12 11:27:17,373 INFO [cli] {'ticker': 'DIA', 'mode': 'tri', 'thr': 110, 'window': '10Y', 'order': 2, 'rows': 9}
2025-11-12 11:27:17,383 INFO [cli] {'ticker': 'DIA', 'mode': 'tri', 'thr': 110, 'window': '10Y', 'order': 3, 'rows': 27}
2025-11-12 11:27:17,394 INFO [cli] {'ticker': 'DIA', 'mode': 'tri', 'thr': 110, 'window': '10Y', 'order': 4, 'rows': 79}
2025-11-12 11:27:17,405 INFO [cli] {'ticker': 'DIA', 'mode': 'tri', 'thr': 110, 'window': '20Y', 'order': 1, 'rows': 3}
2025-11-12 11:27:17,414 INFO [cli] {'ticker': 'DIA', 'mode': 'tri', 'thr': 110, 'window': '20Y', 'order': 2, 'rows': 9}
2025-11-12 11:27:17,422 INFO [cli] {'ticker': 'DIA', 'mode': 'tri', 'thr': 110, 'window': '20Y', 'order': 3, 'rows': 27}
2025-11-12 11:27:17,430 INFO [cli] {'ticker': 'DIA', 'mode': 'tri', 'thr': 110, 'window': '20Y', 'order': 4, 'rows': 81}
2025-11-12 11:27:17,440 INFO [cli] {'ticker': 'DIA', 'mode': 'tri', 'thr': 110, 'window': 'MAX', 'order': 1, 'rows': 3}
2025-11-12 11:27:17,448 INFO [cli] {'ticker': 'DIA', 'mode': 'tri', 'thr': 110, 'window': 'MAX', 'order': 2, 'rows': 9}
2025-11-12 11:27:17,458 INFO [cli] {'ticker': 'DIA', 'mode': 'tri', 'thr': 110, 'window': 'MAX', 'order': 3, 'rows': 27}
2025-11-12 11:27:17,468 INFO [cli] {'ticker': 'DIA', 'mode': 'tri', 'thr': 110, 'window': 'MAX', 'order': 4, 'rows': 81}
2025-11-12 11:27:17,484 INFO [cli] {'ticker': 'DIA', 'mode': 'tri', 'thr': 115, 'window': '1Y', 'order': 1, 'rows': 3}
2025-11-12 11:27:17,492 INFO [cli] {'ticker': 'DIA', 'mode': 'tri', 'thr': 115, 'window': '1Y', 'order': 2, 'rows': 8}
2025-11-12 11:27:17,501 INFO [cli] {'ticker': 'DIA', 'mode': 'tri', 'thr': 115, 'window': '1Y', 'order': 3, 'rows': 18}
2025-11-12 11:27:17,511 INFO [cli] {'ticker': 'DIA', 'mode': 'tri', 'thr': 115, 'window': '1Y', 'order': 4, 'rows': 31}
2025-11-12 11:27:17,521 INFO [cli] {'ticker': 'DIA', 'mode': 'tri', 'thr': 115, 'window': '2Y', 'order': 1, 'rows': 3}
2025-11-12 11:27:17,530 INFO [cli] {'ticker': 'DIA', 'mode': 'tri', 'thr': 115, 'window': '2Y', 'order': 2, 'rows': 8}
2025-11-12 11:27:17,539 INFO [cli] {'ticker': 'DIA', 'mode': 'tri', 'thr': 115, 'window': '2Y', 'order': 3, 'rows': 19}
2025-11-12 11:27:17,548 INFO [cli] {'ticker': 'DIA', 'mode': 'tri', 'thr': 115, 'window': '2Y', 'order': 4, 'rows': 35}
2025-11-12 11:27:17,558 INFO [cli] {'ticker': 'DIA', 'mode': 'tri', 'thr': 115, 'window': '5Y', 'order': 1, 'rows': 3}
2025-11-12 11:27:17,569 INFO [cli] {'ticker': 'DIA', 'mode': 'tri', 'thr': 115, 'window': '5Y', 'order': 2, 'rows': 9}
2025-11-12 11:27:17,578 INFO [cli] {'ticker': 'DIA', 'mode': 'tri', 'thr': 115, 'window': '5Y', 'order': 3, 'rows': 25}
2025-11-12 11:27:17,589 INFO [cli] {'ticker': 'DIA', 'mode': 'tri', 'thr': 115, 'window': '5Y', 'order': 4, 'rows': 59}
2025-11-12 11:27:17,599 INFO [cli] {'ticker': 'DIA', 'mode': 'tri', 'thr': 115, 'window': '10Y', 'order': 1, 'rows': 3}
2025-11-12 11:27:17,607 INFO [cli] {'ticker': 'DIA', 'mode': 'tri', 'thr': 115, 'window': '10Y', 'order': 2, 'rows': 9}
2025-11-12 11:27:17,617 INFO [cli] {'ticker': 'DIA', 'mode': 'tri', 'thr': 115, 'window': '10Y', 'order': 3, 'rows': 27}
2025-11-12 11:27:17,628 INFO [cli] {'ticker': 'DIA', 'mode': 'tri', 'thr': 115, 'window': '10Y', 'order': 4, 'rows': 78}
2025-11-12 11:27:17,638 INFO [cli] {'ticker': 'DIA', 'mode': 'tri', 'thr': 115, 'window': '20Y', 'order': 1, 'rows': 3}
2025-11-12 11:27:17,646 INFO [cli] {'ticker': 'DIA', 'mode': 'tri', 'thr': 115, 'window': '20Y', 'order': 2, 'rows': 9}
2025-11-12 11:27:17,664 INFO [cli] {'ticker': 'DIA', 'mode': 'tri', 'thr': 115, 'window': '20Y', 'order': 3, 'rows': 27}
2025-11-12 11:27:17,672 INFO [cli] {'ticker': 'DIA', 'mode': 'tri', 'thr': 115, 'window': '20Y', 'order': 4, 'rows': 81}
2025-11-12 11:27:17,680 INFO [cli] {'ticker': 'DIA', 'mode': 'tri', 'thr': 115, 'window': 'MAX', 'order': 1, 'rows': 3}
2025-11-12 11:27:17,688 INFO [cli] {'ticker': 'DIA', 'mode': 'tri', 'thr': 115, 'window': 'MAX', 'order': 2, 'rows': 9}
2025-11-12 11:27:17,696 INFO [cli] {'ticker': 'DIA', 'mode': 'tri', 'thr': 115, 'window': 'MAX', 'order': 3, 'rows': 27}
2025-11-12 11:27:17,706 INFO [cli] {'ticker': 'DIA', 'mode': 'tri', 'thr': 115, 'window': 'MAX', 'order': 4, 'rows': 81}
2025-11-12 11:27:17,722 INFO [cli] {'ticker': 'DIA', 'mode': 'tri', 'thr': 120, 'window': '1Y', 'order': 1, 'rows': 3}
2025-11-12 11:27:17,731 INFO [cli] {'ticker': 'DIA', 'mode': 'tri', 'thr': 120, 'window': '1Y', 'order': 2, 'rows': 8}
2025-11-12 11:27:17,739 INFO [cli] {'ticker': 'DIA', 'mode': 'tri', 'thr': 120, 'window': '1Y', 'order': 3, 'rows': 18}
2025-11-12 11:27:17,749 INFO [cli] {'ticker': 'DIA', 'mode': 'tri', 'thr': 120, 'window': '1Y', 'order': 4, 'rows': 31}
2025-11-12 11:27:17,756 INFO [cli] {'ticker': 'DIA', 'mode': 'tri', 'thr': 120, 'window': '2Y', 'order': 1, 'rows': 3}
2025-11-12 11:27:17,764 INFO [cli] {'ticker': 'DIA', 'mode': 'tri', 'thr': 120, 'window': '2Y', 'order': 2, 'rows': 8}
2025-11-12 11:27:17,774 INFO [cli] {'ticker': 'DIA', 'mode': 'tri', 'thr': 120, 'window': '2Y', 'order': 3, 'rows': 19}
2025-11-12 11:27:17,784 INFO [cli] {'ticker': 'DIA', 'mode': 'tri', 'thr': 120, 'window': '2Y', 'order': 4, 'rows': 34}
2025-11-12 11:27:17,795 INFO [cli] {'ticker': 'DIA', 'mode': 'tri', 'thr': 120, 'window': '5Y', 'order': 1, 'rows': 3}
2025-11-12 11:27:17,805 INFO [cli] {'ticker': 'DIA', 'mode': 'tri', 'thr': 120, 'window': '5Y', 'order': 2, 'rows': 9}
2025-11-12 11:27:17,815 INFO [cli] {'ticker': 'DIA', 'mode': 'tri', 'thr': 120, 'window': '5Y', 'order': 3, 'rows': 24}
2025-11-12 11:27:17,825 INFO [cli] {'ticker': 'DIA', 'mode': 'tri', 'thr': 120, 'window': '5Y', 'order': 4, 'rows': 56}
2025-11-12 11:27:17,837 INFO [cli] {'ticker': 'DIA', 'mode': 'tri', 'thr': 120, 'window': '10Y', 'order': 1, 'rows': 3}
2025-11-12 11:27:17,847 INFO [cli] {'ticker': 'DIA', 'mode': 'tri', 'thr': 120, 'window': '10Y', 'order': 2, 'rows': 9}
2025-11-12 11:27:17,857 INFO [cli] {'ticker': 'DIA', 'mode': 'tri', 'thr': 120, 'window': '10Y', 'order': 3, 'rows': 27}
2025-11-12 11:27:17,867 INFO [cli] {'ticker': 'DIA', 'mode': 'tri', 'thr': 120, 'window': '10Y', 'order': 4, 'rows': 75}
2025-11-12 11:27:17,877 INFO [cli] {'ticker': 'DIA', 'mode': 'tri', 'thr': 120, 'window': '20Y', 'order': 1, 'rows': 3}
2025-11-12 11:27:17,887 INFO [cli] {'ticker': 'DIA', 'mode': 'tri', 'thr': 120, 'window': '20Y', 'order': 2, 'rows': 9}
2025-11-12 11:27:17,897 INFO [cli] {'ticker': 'DIA', 'mode': 'tri', 'thr': 120, 'window': '20Y', 'order': 3, 'rows': 27}
2025-11-12 11:27:17,907 INFO [cli] {'ticker': 'DIA', 'mode': 'tri', 'thr': 120, 'window': '20Y', 'order': 4, 'rows': 81}
2025-11-12 11:27:17,918 INFO [cli] {'ticker': 'DIA', 'mode': 'tri', 'thr': 120, 'window': 'MAX', 'order': 1, 'rows': 3}
2025-11-12 11:27:17,930 INFO [cli] {'ticker': 'DIA', 'mode': 'tri', 'thr': 120, 'window': 'MAX', 'order': 2, 'rows': 9}

{'ticker': 'DIA', 'mode': 'tri', 'thr': 100, 'window': 'MAX', 'order': 3, 'rows': 27}
{'ticker': 'DIA', 'mode': 'tri', 'thr': 100, 'window': 'MAX', 'order': 4, 'rows': 81}
{'ticker': 'DIA', 'mode': 'tri', 'thr': 105, 'window': '1Y', 'order': 1, 'rows': 3}
{'ticker': 'DIA', 'mode': 'tri', 'thr': 105, 'window': '1Y', 'order': 2, 'rows': 9}
{'ticker': 'DIA', 'mode': 'tri', 'thr': 105, 'window': '1Y', 'order': 3, 'rows': 23}
{'ticker': 'DIA', 'mode': 'tri', 'thr': 105, 'window': '1Y', 'order': 4, 'rows': 39}
{'ticker': 'DIA', 'mode': 'tri', 'thr': 105, 'window': '2Y', 'order': 1, 'rows': 3}
{'ticker': 'DIA', 'mode': 'tri', 'thr': 105, 'window': '2Y', 'order': 2, 'rows': 9}
{'ticker': 'DIA', 'mode': 'tri', 'thr': 105, 'window': '2Y', 'order': 3, 'rows': 24}
{'ticker': 'DIA', 'mode': 'tri', 'thr': 105, 'window': '2Y', 'order': 4, 'rows': 45}
{'ticker': 'DIA', 'mode': 'tri', 'thr': 105, 'window': '5Y', 'order': 1, 'rows': 3}
{'ticker': 'DIA', 'mode': 'tri', 'thr': 105, 'window': '5Y', 'order': 2, 'rows': 9}
{'ticker': 'DIA', 'mode': 'tri', 'thr': 105, 'window': '5Y', 'order': 3, 'rows': 26}
{'ticker': 'DIA', 'mode': 'tri', 'thr': 105, 'window': '5Y', 'order': 4, 'rows': 63}
{'ticker': 'DIA', 'mode': 'tri', 'thr': 105, 'window': '10Y', 'order': 1, 'rows': 3}
{'ticker': 'DIA', 'mode': 'tri', 'thr': 105, 'window': '10Y', 'order': 2, 'rows': 9}
{'ticker': 'DIA', 'mode': 'tri', 'thr': 105, 'window': '10Y', 'order': 3, 'rows': 27}
{'ticker': 'DIA', 'mode': 'tri', 'thr': 105, 'window': '10Y', 'order': 4, 'rows': 79}
{'ticker': 'DIA', 'mode': 'tri', 'thr': 105, 'window': '20Y', 'order': 1, 'rows': 3}
{'ticker': 'DIA', 'mode': 'tri', 'thr': 105, 'window': '20Y', 'order': 2, 'rows': 9}
{'ticker': 'DIA', 'mode': 'tri', 'thr': 105, 'window': '20Y', 'order': 3, 'rows': 27}
{'ticker': 'DIA', 'mode': 'tri', 'thr': 105, 'window': '20Y', 'order': 4, 'rows': 81}
{'ticker': 'DIA', 'mode': 'tri', 'thr': 105, 'window': 'MAX', 'order': 1, 'rows': 3}
{'ticker': 'DIA', 'mode': 'tri', 'thr': 105, 'window': 'MAX', 'order': 2, 'rows': 9}
{'ticker': 'DIA', 'mode': 'tri', 'thr': 105, 'window': 'MAX', 'order': 3, 'rows': 27}
{'ticker': 'DIA', 'mode': 'tri', 'thr': 105, 'window': 'MAX', 'order': 4, 'rows': 81}
{'ticker': 'DIA', 'mode': 'tri', 'thr': 110, 'window': '1Y', 'order': 1, 'rows': 3}
{'ticker': 'DIA', 'mode': 'tri', 'thr': 110, 'window': '1Y', 'order': 2, 'rows': 8}
{'ticker': 'DIA', 'mode': 'tri', 'thr': 110, 'window': '1Y', 'order': 3, 'rows': 19}
{'ticker': 'DIA', 'mode': 'tri', 'thr': 110, 'window': '1Y', 'order': 4, 'rows': 32}
{'ticker': 'DIA', 'mode': 'tri', 'thr': 110, 'window': '2Y', 'order': 1, 'rows': 3}
{'ticker': 'DIA', 'mode': 'tri', 'thr': 110, 'window': '2Y', 'order': 2, 'rows': 8}
{'ticker': 'DIA', 'mode': 'tri', 'thr': 110, 'window': '2Y', 'order': 3, 'rows': 20}
{'ticker': 'DIA', 'mode': 'tri', 'thr': 110, 'window': '2Y', 'order': 4, 'rows': 38}
{'ticker': 'DIA', 'mode': 'tri', 'thr': 110, 'window': '5Y', 'order': 1, 'rows': 3}
{'ticker': 'DIA', 'mode': 'tri', 'thr': 110, 'window': '5Y', 'order': 2, 'rows': 9}
{'ticker': 'DIA', 'mode': 'tri', 'thr': 110, 'window': '5Y', 'order': 3, 'rows': 25}
{'ticker': 'DIA', 'mode': 'tri', 'thr': 110, 'window': '5Y', 'order': 4, 'rows': 61}
{'ticker': 'DIA', 'mode': 'tri', 'thr': 110, 'window': '10Y', 'order': 1, 'rows': 3}
{'ticker': 'DIA', 'mode': 'tri', 'thr': 110, 'window': '10Y', 'order': 2, 'rows': 9}
{'ticker': 'DIA', 'mode': 'tri', 'thr': 110, 'window': '10Y', 'order': 3, 'rows': 27}
{'ticker': 'DIA', 'mode': 'tri', 'thr': 110, 'window': '10Y', 'order': 4, 'rows': 79}
{'ticker': 'DIA', 'mode': 'tri', 'thr': 110, 'window': '20Y', 'order': 1, 'rows': 3}
{'ticker': 'DIA', 'mode': 'tri', 'thr': 110, 'window': '20Y', 'order': 2, 'rows': 9}
{'ticker': 'DIA', 'mode': 'tri', 'thr': 110, 'window': '20Y', 'order': 3, 'rows': 27}
{'ticker': 'DIA', 'mode': 'tri', 'thr': 110, 'window': '20Y', 'order': 4, 'rows': 81}
{'ticker': 'DIA', 'mode': 'tri', 'thr': 110, 'window': 'MAX', 'order': 1, 'rows': 3}
{'ticker': 'DIA', 'mode': 'tri', 'thr': 110, 'window': 'MAX', 'order': 2, 'rows': 9}
{'ticker': 'DIA', 'mode': 'tri', 'thr': 110, 'window': 'MAX', 'order': 3, 'rows': 27}
{'ticker': 'DIA', 'mode': 'tri', 'thr': 110, 'window': 'MAX', 'order': 4, 'rows': 81}
{'ticker': 'DIA', 'mode': 'tri', 'thr': 115, 'window': '1Y', 'order': 1, 'rows': 3}
{'ticker': 'DIA', 'mode': 'tri', 'thr': 115, 'window': '1Y', 'order': 2, 'rows': 8}
{'ticker': 'DIA', 'mode': 'tri', 'thr': 115, 'window': '1Y', 'order': 3, 'rows': 18}
{'ticker': 'DIA', 'mode': 'tri', 'thr': 115, 'window': '1Y', 'order': 4, 'rows': 31}
{'ticker': 'DIA', 'mode': 'tri', 'thr': 115, 'window': '2Y', 'order': 1, 'rows': 3}
{'ticker': 'DIA', 'mode': 'tri', 'thr': 115, 'window': '2Y', 'order': 2, 'rows': 8}
{'ticker': 'DIA', 'mode': 'tri', 'thr': 115, 'window': '2Y', 'order': 3, 'rows': 19}
{'ticker': 'DIA', 'mode': 'tri', 'thr': 115, 'window': '2Y', 'order': 4, 'rows': 35}
{'ticker': 'DIA', 'mode': 'tri', 'thr': 115, 'window': '5Y', 'order': 1, 'rows': 3}
{'ticker': 'DIA', 'mode': 'tri', 'thr': 115, 'window': '5Y', 'order': 2, 'rows': 9}
{'ticker': 'DIA', 'mode': 'tri', 'thr': 115, 'window': '5Y', 'order': 3, 'rows': 25}
{'ticker': 'DIA', 'mode': 'tri', 'thr': 115, 'window': '5Y', 'order': 4, 'rows': 59}
{'ticker': 'DIA', 'mode': 'tri', 'thr': 115, 'window': '10Y', 'order': 1, 'rows': 3}
{'ticker': 'DIA', 'mode': 'tri', 'thr': 115, 'window': '10Y', 'order': 2, 'rows': 9}
{'ticker': 'DIA', 'mode': 'tri', 'thr': 115, 'window': '10Y', 'order': 3, 'rows': 27}
{'ticker': 'DIA', 'mode': 'tri', 'thr': 115, 'window': '10Y', 'order': 4, 'rows': 78}
{'ticker': 'DIA', 'mode': 'tri', 'thr': 115, 'window': '20Y', 'order': 1, 'rows': 3}
{'ticker': 'DIA', 'mode': 'tri', 'thr': 115, 'window': '20Y', 'order': 2, 'rows': 9}
{'ticker': 'DIA', 'mode': 'tri', 'thr': 115, 'window': '20Y', 'order': 3, 'rows': 27}
{'ticker': 'DIA', 'mode': 'tri', 'thr': 115, 'window': '20Y', 'order': 4, 'rows': 81}
{'ticker': 'DIA', 'mode': 'tri', 'thr': 115, 'window': 'MAX', 'order': 1, 'rows': 3}
{'ticker': 'DIA', 'mode': 'tri', 'thr': 115, 'window': 'MAX', 'order': 2, 'rows': 9}
{'ticker': 'DIA', 'mode': 'tri', 'thr': 115, 'window': 'MAX', 'order': 3, 'rows': 27}
{'ticker': 'DIA', 'mode': 'tri', 'thr': 115, 'window': 'MAX', 'order': 4, 'rows': 81}
{'ticker': 'DIA', 'mode': 'tri', 'thr': 120, 'window': '1Y', 'order': 1, 'rows': 3}
{'ticker': 'DIA', 'mode': 'tri', 'thr': 120, 'window': '1Y', 'order': 2, 'rows': 8}
{'ticker': 'DIA', 'mode': 'tri', 'thr': 120, 'window': '1Y', 'order': 3, 'rows': 18}
{'ticker': 'DIA', 'mode': 'tri', 'thr': 120, 'window': '1Y', 'order': 4, 'rows': 31}
{'ticker': 'DIA', 'mode': 'tri', 'thr': 120, 'window': '2Y', 'order': 1, 'rows': 3}
{'ticker': 'DIA', 'mode': 'tri', 'thr': 120, 'window': '2Y', 'order': 2, 'rows': 8}
{'ticker': 'DIA', 'mode': 'tri', 'thr': 120, 'window': '2Y', 'order': 3, 'rows': 19}
{'ticker': 'DIA', 'mode': 'tri', 'thr': 120, 'window': '2Y', 'order': 4, 'rows': 34}
{'ticker': 'DIA', 'mode': 'tri', 'thr': 120, 'window': '5Y', 'order': 1, 'rows': 3}
{'ticker': 'DIA', 'mode': 'tri', 'thr': 120, 'window': '5Y', 'order': 2, 'rows': 9}
{'ticker': 'DIA', 'mode': 'tri', 'thr': 120, 'window': '5Y', 'order': 3, 'rows': 24}
{'ticker': 'DIA', 'mode': 'tri', 'thr': 120, 'window': '5Y', 'order': 4, 'rows': 56}
{'ticker': 'DIA', 'mode': 'tri', 'thr': 120, 'window': '10Y', 'order': 1, 'rows': 3}
{'ticker': 'DIA', 'mode': 'tri', 'thr': 120, 'window': '10Y', 'order': 2, 'rows': 9}
{'ticker': 'DIA', 'mode': 'tri', 'thr': 120, 'window': '10Y', 'order': 3, 'rows': 27}
{'ticker': 'DIA', 'mode': 'tri', 'thr': 120, 'window': '10Y', 'order': 4, 'rows': 75}
{'ticker': 'DIA', 'mode': 'tri', 'thr': 120, 'window': '20Y', 'order': 1, 'rows': 3}
{'ticker': 'DIA', 'mode': 'tri', 'thr': 120, 'window': '20Y', 'order': 2, 'rows': 9}
{'ticker': 'DIA', 'mode': 'tri', 'thr': 120, 'window': '20Y', 'order': 3, 'rows': 27}
{'ticker': 'DIA', 'mode': 'tri', 'thr': 120, 'window': '20Y', 'order': 4, 'rows': 81}
{'ticker': 'DIA', 'mode': 'tri', 'thr': 120, 'window': 'MAX', 'order': 1, 'rows': 3}
{'ticker': 'DIA', 'mode': 'tri', 'thr': 120, 'window': 'MAX', 'order': 2, 'rows': 9}
{'ticker': 'DIA', 'mode': 'tri', 'thr': 120, 'window': 'MAX', 'order': 3, 'rows': 27}2025-11-12 11:27:17,941 INFO [cli] {'ticker': 'DIA', 'mode': 'tri', 'thr': 120, 'window': 'MAX', 'order': 3, 'rows': 27}
2025-11-12 11:27:17,951 INFO [cli] {'ticker': 'DIA', 'mode': 'tri', 'thr': 120, 'window': 'MAX', 'order': 4, 'rows': 81}
2025-11-12 11:27:17,968 INFO [cli] {'ticker': 'DIA', 'mode': 'tri', 'thr': 125, 'window': '1Y', 'order': 1, 'rows': 3}
2025-11-12 11:27:17,980 INFO [cli] {'ticker': 'DIA', 'mode': 'tri', 'thr': 125, 'window': '1Y', 'order': 2, 'rows': 8}
2025-11-12 11:27:17,988 INFO [cli] {'ticker': 'DIA', 'mode': 'tri', 'thr': 125, 'window': '1Y', 'order': 3, 'rows': 17}
2025-11-12 11:27:17,997 INFO [cli] {'ticker': 'DIA', 'mode': 'tri', 'thr': 125, 'window': '1Y', 'order': 4, 'rows': 27}
2025-11-12 11:27:18,007 INFO [cli] {'ticker': 'DIA', 'mode': 'tri', 'thr': 125, 'window': '2Y', 'order': 1, 'rows': 3}
2025-11-12 11:27:18,015 INFO [cli] {'ticker': 'DIA', 'mode': 'tri', 'thr': 125, 'window': '2Y', 'order': 2, 'rows': 8}
2025-11-12 11:27:18,024 INFO [cli] {'ticker': 'DIA', 'mode': 'tri', 'thr': 125, 'window': '2Y', 'order': 3, 'rows': 18}
2025-11-12 11:27:18,035 INFO [cli] {'ticker': 'DIA', 'mode': 'tri', 'thr': 125, 'window': '2Y', 'order': 4, 'rows': 30}
2025-11-12 11:27:18,045 INFO [cli] {'ticker': 'DIA', 'mode': 'tri', 'thr': 125, 'window': '5Y', 'order': 1, 'rows': 3}
2025-11-12 11:27:18,056 INFO [cli] {'ticker': 'DIA', 'mode': 'tri', 'thr': 125, 'window': '5Y', 'order': 2, 'rows': 9}
2025-11-12 11:27:18,064 INFO [cli] {'ticker': 'DIA', 'mode': 'tri', 'thr': 125, 'window': '5Y', 'order': 3, 'rows': 24}
2025-11-12 11:27:18,074 INFO [cli] {'ticker': 'DIA', 'mode': 'tri', 'thr': 125, 'window': '5Y', 'order': 4, 'rows': 56}
2025-11-12 11:27:18,085 INFO [cli] {'ticker': 'DIA', 'mode': 'tri', 'thr': 125, 'window': '10Y', 'order': 1, 'rows': 3}
2025-11-12 11:27:18,095 INFO [cli] {'ticker': 'DIA', 'mode': 'tri', 'thr': 125, 'window': '10Y', 'order': 2, 'rows': 9}
2025-11-12 11:27:18,106 INFO [cli] {'ticker': 'DIA', 'mode': 'tri', 'thr': 125, 'window': '10Y', 'order': 3, 'rows': 27}
2025-11-12 11:27:18,117 INFO [cli] {'ticker': 'DIA', 'mode': 'tri', 'thr': 125, 'window': '10Y', 'order': 4, 'rows': 75}
2025-11-12 11:27:18,127 INFO [cli] {'ticker': 'DIA', 'mode': 'tri', 'thr': 125, 'window': '20Y', 'order': 1, 'rows': 3}
2025-11-12 11:27:18,137 INFO [cli] {'ticker': 'DIA', 'mode': 'tri', 'thr': 125, 'window': '20Y', 'order': 2, 'rows': 9}
2025-11-12 11:27:18,147 INFO [cli] {'ticker': 'DIA', 'mode': 'tri', 'thr': 125, 'window': '20Y', 'order': 3, 'rows': 27}
2025-11-12 11:27:18,157 INFO [cli] {'ticker': 'DIA', 'mode': 'tri', 'thr': 125, 'window': '20Y', 'order': 4, 'rows': 81}
2025-11-12 11:27:18,166 INFO [cli] {'ticker': 'DIA', 'mode': 'tri', 'thr': 125, 'window': 'MAX', 'order': 1, 'rows': 3}
2025-11-12 11:27:18,175 INFO [cli] {'ticker': 'DIA', 'mode': 'tri', 'thr': 125, 'window': 'MAX', 'order': 2, 'rows': 9}
2025-11-12 11:27:18,184 INFO [cli] {'ticker': 'DIA', 'mode': 'tri', 'thr': 125, 'window': 'MAX', 'order': 3, 'rows': 27}
2025-11-12 11:27:18,192 INFO [cli] {'ticker': 'DIA', 'mode': 'tri', 'thr': 125, 'window': 'MAX', 'order': 4, 'rows': 81}
2025-11-12 11:27:18,209 INFO [cli] {'ticker': 'DIA', 'mode': 'tri', 'thr': 130, 'window': '1Y', 'order': 1, 'rows': 3}
2025-11-12 11:27:18,217 INFO [cli] {'ticker': 'DIA', 'mode': 'tri', 'thr': 130, 'window': '1Y', 'order': 2, 'rows': 8}
2025-11-12 11:27:18,227 INFO [cli] {'ticker': 'DIA', 'mode': 'tri', 'thr': 130, 'window': '1Y', 'order': 3, 'rows': 15}
2025-11-12 11:27:18,238 INFO [cli] {'ticker': 'DIA', 'mode': 'tri', 'thr': 130, 'window': '1Y', 'order': 4, 'rows': 23}
2025-11-12 11:27:18,249 INFO [cli] {'ticker': 'DIA', 'mode': 'tri', 'thr': 130, 'window': '2Y', 'order': 1, 'rows': 3}
2025-11-12 11:27:18,260 INFO [cli] {'ticker': 'DIA', 'mode': 'tri', 'thr': 130, 'window': '2Y', 'order': 2, 'rows': 8}
2025-11-12 11:27:18,267 INFO [cli] {'ticker': 'DIA', 'mode': 'tri', 'thr': 130, 'window': '2Y', 'order': 3, 'rows': 15}
2025-11-12 11:27:18,276 INFO [cli] {'ticker': 'DIA', 'mode': 'tri', 'thr': 130, 'window': '2Y', 'order': 4, 'rows': 23}
2025-11-12 11:27:18,286 INFO [cli] {'ticker': 'DIA', 'mode': 'tri', 'thr': 130, 'window': '5Y', 'order': 1, 'rows': 3}
2025-11-12 11:27:18,295 INFO [cli] {'ticker': 'DIA', 'mode': 'tri', 'thr': 130, 'window': '5Y', 'order': 2, 'rows': 9}
2025-11-12 11:27:18,303 INFO [cli] {'ticker': 'DIA', 'mode': 'tri', 'thr': 130, 'window': '5Y', 'order': 3, 'rows': 24}
2025-11-12 11:27:18,313 INFO [cli] {'ticker': 'DIA', 'mode': 'tri', 'thr': 130, 'window': '5Y', 'order': 4, 'rows': 55}
2025-11-12 11:27:18,323 INFO [cli] {'ticker': 'DIA', 'mode': 'tri', 'thr': 130, 'window': '10Y', 'order': 1, 'rows': 3}
2025-11-12 11:27:18,331 INFO [cli] {'ticker': 'DIA', 'mode': 'tri', 'thr': 130, 'window': '10Y', 'order': 2, 'rows': 9}
2025-11-12 11:27:18,342 INFO [cli] {'ticker': 'DIA', 'mode': 'tri', 'thr': 130, 'window': '10Y', 'order': 3, 'rows': 27}
2025-11-12 11:27:18,352 INFO [cli] {'ticker': 'DIA', 'mode': 'tri', 'thr': 130, 'window': '10Y', 'order': 4, 'rows': 75}
2025-11-12 11:27:18,362 INFO [cli] {'ticker': 'DIA', 'mode': 'tri', 'thr': 130, 'window': '20Y', 'order': 1, 'rows': 3}
2025-11-12 11:27:18,369 INFO [cli] {'ticker': 'DIA', 'mode': 'tri', 'thr': 130, 'window': '20Y', 'order': 2, 'rows': 9}
2025-11-12 11:27:18,377 INFO [cli] {'ticker': 'DIA', 'mode': 'tri', 'thr': 130, 'window': '20Y', 'order': 3, 'rows': 27}
2025-11-12 11:27:18,385 INFO [cli] {'ticker': 'DIA', 'mode': 'tri', 'thr': 130, 'window': '20Y', 'order': 4, 'rows': 81}
2025-11-12 11:27:18,394 INFO [cli] {'ticker': 'DIA', 'mode': 'tri', 'thr': 130, 'window': 'MAX', 'order': 1, 'rows': 3}
2025-11-12 11:27:18,404 INFO [cli] {'ticker': 'DIA', 'mode': 'tri', 'thr': 130, 'window': 'MAX', 'order': 2, 'rows': 9}
2025-11-12 11:27:18,412 INFO [cli] {'ticker': 'DIA', 'mode': 'tri', 'thr': 130, 'window': 'MAX', 'order': 3, 'rows': 27}
2025-11-12 11:27:18,422 INFO [cli] {'ticker': 'DIA', 'mode': 'tri', 'thr': 130, 'window': 'MAX', 'order': 4, 'rows': 81}
2025-11-12 11:27:18,438 INFO [cli] {'ticker': 'DIA', 'mode': 'tri', 'thr': 135, 'window': '1Y', 'order': 1, 'rows': 3}
2025-11-12 11:27:18,446 INFO [cli] {'ticker': 'DIA', 'mode': 'tri', 'thr': 135, 'window': '1Y', 'order': 2, 'rows': 8}
2025-11-12 11:27:18,454 INFO [cli] {'ticker': 'DIA', 'mode': 'tri', 'thr': 135, 'window': '1Y', 'order': 3, 'rows': 15}
2025-11-12 11:27:18,464 INFO [cli] {'ticker': 'DIA', 'mode': 'tri', 'thr': 135, 'window': '1Y', 'order': 4, 'rows': 23}
2025-11-12 11:27:18,473 INFO [cli] {'ticker': 'DIA', 'mode': 'tri', 'thr': 135, 'window': '2Y', 'order': 1, 'rows': 3}
2025-11-12 11:27:18,482 INFO [cli] {'ticker': 'DIA', 'mode': 'tri', 'thr': 135, 'window': '2Y', 'order': 2, 'rows': 8}
2025-11-12 11:27:18,492 INFO [cli] {'ticker': 'DIA', 'mode': 'tri', 'thr': 135, 'window': '2Y', 'order': 3, 'rows': 15}
2025-11-12 11:27:18,502 INFO [cli] {'ticker': 'DIA', 'mode': 'tri', 'thr': 135, 'window': '2Y', 'order': 4, 'rows': 23}
2025-11-12 11:27:18,511 INFO [cli] {'ticker': 'DIA', 'mode': 'tri', 'thr': 135, 'window': '5Y', 'order': 1, 'rows': 3}
2025-11-12 11:27:18,521 INFO [cli] {'ticker': 'DIA', 'mode': 'tri', 'thr': 135, 'window': '5Y', 'order': 2, 'rows': 9}
2025-11-12 11:27:18,530 INFO [cli] {'ticker': 'DIA', 'mode': 'tri', 'thr': 135, 'window': '5Y', 'order': 3, 'rows': 24}
2025-11-12 11:27:18,539 INFO [cli] {'ticker': 'DIA', 'mode': 'tri', 'thr': 135, 'window': '5Y', 'order': 4, 'rows': 49}
2025-11-12 11:27:18,549 INFO [cli] {'ticker': 'DIA', 'mode': 'tri', 'thr': 135, 'window': '10Y', 'order': 1, 'rows': 3}
2025-11-12 11:27:18,558 INFO [cli] {'ticker': 'DIA', 'mode': 'tri', 'thr': 135, 'window': '10Y', 'order': 2, 'rows': 9}
2025-11-12 11:27:18,573 INFO [cli] {'ticker': 'DIA', 'mode': 'tri', 'thr': 135, 'window': '10Y', 'order': 3, 'rows': 27}
2025-11-12 11:27:18,581 INFO [cli] {'ticker': 'DIA', 'mode': 'tri', 'thr': 135, 'window': '10Y', 'order': 4, 'rows': 75}
2025-11-12 11:27:18,589 INFO [cli] {'ticker': 'DIA', 'mode': 'tri', 'thr': 135, 'window': '20Y', 'order': 1, 'rows': 3}
2025-11-12 11:27:18,598 INFO [cli] {'ticker': 'DIA', 'mode': 'tri', 'thr': 135, 'window': '20Y', 'order': 2, 'rows': 9}
2025-11-12 11:27:18,608 INFO [cli] {'ticker': 'DIA', 'mode': 'tri', 'thr': 135, 'window': '20Y', 'order': 3, 'rows': 27}
2025-11-12 11:27:18,617 INFO [cli] {'ticker': 'DIA', 'mode': 'tri', 'thr': 135, 'window': '20Y', 'order': 4, 'rows': 80}
2025-11-12 11:27:18,627 INFO [cli] {'ticker': 'DIA', 'mode': 'tri', 'thr': 135, 'window': 'MAX', 'order': 1, 'rows': 3}
2025-11-12 11:27:18,637 INFO [cli] {'ticker': 'DIA', 'mode': 'tri', 'thr': 135, 'window': 'MAX', 'order': 2, 'rows': 9}
2025-11-12 11:27:18,644 INFO [cli] {'ticker': 'DIA', 'mode': 'tri', 'thr': 135, 'window': 'MAX', 'order': 3, 'rows': 27}
2025-11-12 11:27:18,654 INFO [cli] {'ticker': 'DIA', 'mode': 'tri', 'thr': 135, 'window': 'MAX', 'order': 4, 'rows': 81}
2025-11-12 11:27:18,669 INFO [cli] {'ticker': 'DIA', 'mode': 'tri', 'thr': 140, 'window': '1Y', 'order': 1, 'rows': 3}
2025-11-12 11:27:18,681 INFO [cli] {'ticker': 'DIA', 'mode': 'tri', 'thr': 140, 'window': '1Y', 'order': 2, 'rows': 8}
2025-11-12 11:27:18,693 INFO [cli] {'ticker': 'DIA', 'mode': 'tri', 'thr': 140, 'window': '1Y', 'order': 3, 'rows': 14}
2025-11-12 11:27:18,703 INFO [cli] {'ticker': 'DIA', 'mode': 'tri', 'thr': 140, 'window': '1Y', 'order': 4, 'rows': 21}
2025-11-12 11:27:18,712 INFO [cli] {'ticker': 'DIA', 'mode': 'tri', 'thr': 140, 'window': '2Y', 'order': 1, 'rows': 3}
2025-11-12 11:27:18,722 INFO [cli] {'ticker': 'DIA', 'mode': 'tri', 'thr': 140, 'window': '2Y', 'order': 2, 'rows': 8}
2025-11-12 11:27:18,732 INFO [cli] {'ticker': 'DIA', 'mode': 'tri', 'thr': 140, 'window': '2Y', 'order': 3, 'rows': 14}
2025-11-12 11:27:18,741 INFO [cli] {'ticker': 'DIA', 'mode': 'tri', 'thr': 140, 'window': '2Y', 'order': 4, 'rows': 21}
2025-11-12 11:27:18,752 INFO [cli] {'ticker': 'DIA', 'mode': 'tri', 'thr': 140, 'window': '5Y', 'order': 1, 'rows': 3}
2025-11-12 11:27:18,763 INFO [cli] {'ticker': 'DIA', 'mode': 'tri', 'thr': 140, 'window': '5Y', 'order': 2, 'rows': 9}
2025-11-12 11:27:18,773 INFO [cli] {'ticker': 'DIA', 'mode': 'tri', 'thr': 140, 'window': '5Y', 'order': 3, 'rows': 24}
2025-11-12 11:27:18,783 INFO [cli] {'ticker': 'DIA', 'mode': 'tri', 'thr': 140, 'window': '5Y', 'order': 4, 'rows': 47}
2025-11-12 11:27:18,793 INFO [cli] {'ticker': 'DIA', 'mode': 'tri', 'thr': 140, 'window': '10Y', 'order': 1, 'rows': 3}
2025-11-12 11:27:18,802 INFO [cli] {'ticker': 'DIA', 'mode': 'tri', 'thr': 140, 'window': '10Y', 'order': 2, 'rows': 9}
2025-11-12 11:27:18,813 INFO [cli] {'ticker': 'DIA', 'mode': 'tri', 'thr': 140, 'window': '10Y', 'order': 3, 'rows': 27}
2025-11-12 11:27:18,824 INFO [cli] {'ticker': 'DIA', 'mode': 'tri', 'thr': 140, 'window': '10Y', 'order': 4, 'rows': 73}
2025-11-12 11:27:18,833 INFO [cli] {'ticker': 'DIA', 'mode': 'tri', 'thr': 140, 'window': '20Y', 'order': 1, 'rows': 3}
2025-11-12 11:27:18,840 INFO [cli] {'ticker': 'DIA', 'mode': 'tri', 'thr': 140, 'window': '20Y', 'order': 2, 'rows': 9}
2025-11-12 11:27:18,862 INFO [cli] {'ticker': 'DIA', 'mode': 'tri', 'thr': 140, 'window': '20Y', 'order': 3, 'rows': 27}
2025-11-12 11:27:18,872 INFO [cli] {'ticker': 'DIA', 'mode': 'tri', 'thr': 140, 'window': '20Y', 'order': 4, 'rows': 79}
2025-11-12 11:27:18,880 INFO [cli] {'ticker': 'DIA', 'mode': 'tri', 'thr': 140, 'window': 'MAX', 'order': 1, 'rows': 3}
2025-11-12 11:27:18,889 INFO [cli] {'ticker': 'DIA', 'mode': 'tri', 'thr': 140, 'window': 'MAX', 'order': 2, 'rows': 9}
2025-11-12 11:27:18,898 INFO [cli] {'ticker': 'DIA', 'mode': 'tri', 'thr': 140, 'window': 'MAX', 'order': 3, 'rows': 27}

{'ticker': 'DIA', 'mode': 'tri', 'thr': 120, 'window': 'MAX', 'order': 4, 'rows': 81}
{'ticker': 'DIA', 'mode': 'tri', 'thr': 125, 'window': '1Y', 'order': 1, 'rows': 3}
{'ticker': 'DIA', 'mode': 'tri', 'thr': 125, 'window': '1Y', 'order': 2, 'rows': 8}
{'ticker': 'DIA', 'mode': 'tri', 'thr': 125, 'window': '1Y', 'order': 3, 'rows': 17}
{'ticker': 'DIA', 'mode': 'tri', 'thr': 125, 'window': '1Y', 'order': 4, 'rows': 27}
{'ticker': 'DIA', 'mode': 'tri', 'thr': 125, 'window': '2Y', 'order': 1, 'rows': 3}
{'ticker': 'DIA', 'mode': 'tri', 'thr': 125, 'window': '2Y', 'order': 2, 'rows': 8}
{'ticker': 'DIA', 'mode': 'tri', 'thr': 125, 'window': '2Y', 'order': 3, 'rows': 18}
{'ticker': 'DIA', 'mode': 'tri', 'thr': 125, 'window': '2Y', 'order': 4, 'rows': 30}
{'ticker': 'DIA', 'mode': 'tri', 'thr': 125, 'window': '5Y', 'order': 1, 'rows': 3}
{'ticker': 'DIA', 'mode': 'tri', 'thr': 125, 'window': '5Y', 'order': 2, 'rows': 9}
{'ticker': 'DIA', 'mode': 'tri', 'thr': 125, 'window': '5Y', 'order': 3, 'rows': 24}
{'ticker': 'DIA', 'mode': 'tri', 'thr': 125, 'window': '5Y', 'order': 4, 'rows': 56}
{'ticker': 'DIA', 'mode': 'tri', 'thr': 125, 'window': '10Y', 'order': 1, 'rows': 3}
{'ticker': 'DIA', 'mode': 'tri', 'thr': 125, 'window': '10Y', 'order': 2, 'rows': 9}
{'ticker': 'DIA', 'mode': 'tri', 'thr': 125, 'window': '10Y', 'order': 3, 'rows': 27}
{'ticker': 'DIA', 'mode': 'tri', 'thr': 125, 'window': '10Y', 'order': 4, 'rows': 75}
{'ticker': 'DIA', 'mode': 'tri', 'thr': 125, 'window': '20Y', 'order': 1, 'rows': 3}
{'ticker': 'DIA', 'mode': 'tri', 'thr': 125, 'window': '20Y', 'order': 2, 'rows': 9}
{'ticker': 'DIA', 'mode': 'tri', 'thr': 125, 'window': '20Y', 'order': 3, 'rows': 27}
{'ticker': 'DIA', 'mode': 'tri', 'thr': 125, 'window': '20Y', 'order': 4, 'rows': 81}
{'ticker': 'DIA', 'mode': 'tri', 'thr': 125, 'window': 'MAX', 'order': 1, 'rows': 3}
{'ticker': 'DIA', 'mode': 'tri', 'thr': 125, 'window': 'MAX', 'order': 2, 'rows': 9}
{'ticker': 'DIA', 'mode': 'tri', 'thr': 125, 'window': 'MAX', 'order': 3, 'rows': 27}
{'ticker': 'DIA', 'mode': 'tri', 'thr': 125, 'window': 'MAX', 'order': 4, 'rows': 81}
{'ticker': 'DIA', 'mode': 'tri', 'thr': 130, 'window': '1Y', 'order': 1, 'rows': 3}
{'ticker': 'DIA', 'mode': 'tri', 'thr': 130, 'window': '1Y', 'order': 2, 'rows': 8}
{'ticker': 'DIA', 'mode': 'tri', 'thr': 130, 'window': '1Y', 'order': 3, 'rows': 15}
{'ticker': 'DIA', 'mode': 'tri', 'thr': 130, 'window': '1Y', 'order': 4, 'rows': 23}
{'ticker': 'DIA', 'mode': 'tri', 'thr': 130, 'window': '2Y', 'order': 1, 'rows': 3}
{'ticker': 'DIA', 'mode': 'tri', 'thr': 130, 'window': '2Y', 'order': 2, 'rows': 8}
{'ticker': 'DIA', 'mode': 'tri', 'thr': 130, 'window': '2Y', 'order': 3, 'rows': 15}
{'ticker': 'DIA', 'mode': 'tri', 'thr': 130, 'window': '2Y', 'order': 4, 'rows': 23}
{'ticker': 'DIA', 'mode': 'tri', 'thr': 130, 'window': '5Y', 'order': 1, 'rows': 3}
{'ticker': 'DIA', 'mode': 'tri', 'thr': 130, 'window': '5Y', 'order': 2, 'rows': 9}
{'ticker': 'DIA', 'mode': 'tri', 'thr': 130, 'window': '5Y', 'order': 3, 'rows': 24}
{'ticker': 'DIA', 'mode': 'tri', 'thr': 130, 'window': '5Y', 'order': 4, 'rows': 55}
{'ticker': 'DIA', 'mode': 'tri', 'thr': 130, 'window': '10Y', 'order': 1, 'rows': 3}
{'ticker': 'DIA', 'mode': 'tri', 'thr': 130, 'window': '10Y', 'order': 2, 'rows': 9}
{'ticker': 'DIA', 'mode': 'tri', 'thr': 130, 'window': '10Y', 'order': 3, 'rows': 27}
{'ticker': 'DIA', 'mode': 'tri', 'thr': 130, 'window': '10Y', 'order': 4, 'rows': 75}
{'ticker': 'DIA', 'mode': 'tri', 'thr': 130, 'window': '20Y', 'order': 1, 'rows': 3}
{'ticker': 'DIA', 'mode': 'tri', 'thr': 130, 'window': '20Y', 'order': 2, 'rows': 9}
{'ticker': 'DIA', 'mode': 'tri', 'thr': 130, 'window': '20Y', 'order': 3, 'rows': 27}
{'ticker': 'DIA', 'mode': 'tri', 'thr': 130, 'window': '20Y', 'order': 4, 'rows': 81}
{'ticker': 'DIA', 'mode': 'tri', 'thr': 130, 'window': 'MAX', 'order': 1, 'rows': 3}
{'ticker': 'DIA', 'mode': 'tri', 'thr': 130, 'window': 'MAX', 'order': 2, 'rows': 9}
{'ticker': 'DIA', 'mode': 'tri', 'thr': 130, 'window': 'MAX', 'order': 3, 'rows': 27}
{'ticker': 'DIA', 'mode': 'tri', 'thr': 130, 'window': 'MAX', 'order': 4, 'rows': 81}
{'ticker': 'DIA', 'mode': 'tri', 'thr': 135, 'window': '1Y', 'order': 1, 'rows': 3}
{'ticker': 'DIA', 'mode': 'tri', 'thr': 135, 'window': '1Y', 'order': 2, 'rows': 8}
{'ticker': 'DIA', 'mode': 'tri', 'thr': 135, 'window': '1Y', 'order': 3, 'rows': 15}
{'ticker': 'DIA', 'mode': 'tri', 'thr': 135, 'window': '1Y', 'order': 4, 'rows': 23}
{'ticker': 'DIA', 'mode': 'tri', 'thr': 135, 'window': '2Y', 'order': 1, 'rows': 3}
{'ticker': 'DIA', 'mode': 'tri', 'thr': 135, 'window': '2Y', 'order': 2, 'rows': 8}
{'ticker': 'DIA', 'mode': 'tri', 'thr': 135, 'window': '2Y', 'order': 3, 'rows': 15}
{'ticker': 'DIA', 'mode': 'tri', 'thr': 135, 'window': '2Y', 'order': 4, 'rows': 23}
{'ticker': 'DIA', 'mode': 'tri', 'thr': 135, 'window': '5Y', 'order': 1, 'rows': 3}
{'ticker': 'DIA', 'mode': 'tri', 'thr': 135, 'window': '5Y', 'order': 2, 'rows': 9}
{'ticker': 'DIA', 'mode': 'tri', 'thr': 135, 'window': '5Y', 'order': 3, 'rows': 24}
{'ticker': 'DIA', 'mode': 'tri', 'thr': 135, 'window': '5Y', 'order': 4, 'rows': 49}
{'ticker': 'DIA', 'mode': 'tri', 'thr': 135, 'window': '10Y', 'order': 1, 'rows': 3}
{'ticker': 'DIA', 'mode': 'tri', 'thr': 135, 'window': '10Y', 'order': 2, 'rows': 9}
{'ticker': 'DIA', 'mode': 'tri', 'thr': 135, 'window': '10Y', 'order': 3, 'rows': 27}
{'ticker': 'DIA', 'mode': 'tri', 'thr': 135, 'window': '10Y', 'order': 4, 'rows': 75}
{'ticker': 'DIA', 'mode': 'tri', 'thr': 135, 'window': '20Y', 'order': 1, 'rows': 3}
{'ticker': 'DIA', 'mode': 'tri', 'thr': 135, 'window': '20Y', 'order': 2, 'rows': 9}
{'ticker': 'DIA', 'mode': 'tri', 'thr': 135, 'window': '20Y', 'order': 3, 'rows': 27}
{'ticker': 'DIA', 'mode': 'tri', 'thr': 135, 'window': '20Y', 'order': 4, 'rows': 80}
{'ticker': 'DIA', 'mode': 'tri', 'thr': 135, 'window': 'MAX', 'order': 1, 'rows': 3}
{'ticker': 'DIA', 'mode': 'tri', 'thr': 135, 'window': 'MAX', 'order': 2, 'rows': 9}
{'ticker': 'DIA', 'mode': 'tri', 'thr': 135, 'window': 'MAX', 'order': 3, 'rows': 27}
{'ticker': 'DIA', 'mode': 'tri', 'thr': 135, 'window': 'MAX', 'order': 4, 'rows': 81}
{'ticker': 'DIA', 'mode': 'tri', 'thr': 140, 'window': '1Y', 'order': 1, 'rows': 3}
{'ticker': 'DIA', 'mode': 'tri', 'thr': 140, 'window': '1Y', 'order': 2, 'rows': 8}
{'ticker': 'DIA', 'mode': 'tri', 'thr': 140, 'window': '1Y', 'order': 3, 'rows': 14}
{'ticker': 'DIA', 'mode': 'tri', 'thr': 140, 'window': '1Y', 'order': 4, 'rows': 21}
{'ticker': 'DIA', 'mode': 'tri', 'thr': 140, 'window': '2Y', 'order': 1, 'rows': 3}
{'ticker': 'DIA', 'mode': 'tri', 'thr': 140, 'window': '2Y', 'order': 2, 'rows': 8}
{'ticker': 'DIA', 'mode': 'tri', 'thr': 140, 'window': '2Y', 'order': 3, 'rows': 14}
{'ticker': 'DIA', 'mode': 'tri', 'thr': 140, 'window': '2Y', 'order': 4, 'rows': 21}
{'ticker': 'DIA', 'mode': 'tri', 'thr': 140, 'window': '5Y', 'order': 1, 'rows': 3}
{'ticker': 'DIA', 'mode': 'tri', 'thr': 140, 'window': '5Y', 'order': 2, 'rows': 9}
{'ticker': 'DIA', 'mode': 'tri', 'thr': 140, 'window': '5Y', 'order': 3, 'rows': 24}
{'ticker': 'DIA', 'mode': 'tri', 'thr': 140, 'window': '5Y', 'order': 4, 'rows': 47}
{'ticker': 'DIA', 'mode': 'tri', 'thr': 140, 'window': '10Y', 'order': 1, 'rows': 3}
{'ticker': 'DIA', 'mode': 'tri', 'thr': 140, 'window': '10Y', 'order': 2, 'rows': 9}
{'ticker': 'DIA', 'mode': 'tri', 'thr': 140, 'window': '10Y', 'order': 3, 'rows': 27}
{'ticker': 'DIA', 'mode': 'tri', 'thr': 140, 'window': '10Y', 'order': 4, 'rows': 73}
{'ticker': 'DIA', 'mode': 'tri', 'thr': 140, 'window': '20Y', 'order': 1, 'rows': 3}
{'ticker': 'DIA', 'mode': 'tri', 'thr': 140, 'window': '20Y', 'order': 2, 'rows': 9}
{'ticker': 'DIA', 'mode': 'tri', 'thr': 140, 'window': '20Y', 'order': 3, 'rows': 27}
{'ticker': 'DIA', 'mode': 'tri', 'thr': 140, 'window': '20Y', 'order': 4, 'rows': 79}
{'ticker': 'DIA', 'mode': 'tri', 'thr': 140, 'window': 'MAX', 'order': 1, 'rows': 3}
{'ticker': 'DIA', 'mode': 'tri', 'thr': 140, 'window': 'MAX', 'order': 2, 'rows': 9}
{'ticker': 'DIA', 'mode': 'tri', 'thr': 140, 'window': 'MAX', 'order': 3, 'rows': 27}
{'ticker': 'DIA', 'mode': 'tri', 'thr': 140, 'window': 'MAX', 'order': 4, 'rows': 80}2025-11-12 11:27:18,907 INFO [cli] {'ticker': 'DIA', 'mode': 'tri', 'thr': 140, 'window': 'MAX', 'order': 4, 'rows': 80}
2025-11-12 11:27:18,923 INFO [cli] {'ticker': 'DIA', 'mode': 'tri', 'thr': 145, 'window': '1Y', 'order': 1, 'rows': 3}
2025-11-12 11:27:18,932 INFO [cli] {'ticker': 'DIA', 'mode': 'tri', 'thr': 145, 'window': '1Y', 'order': 2, 'rows': 8}
2025-11-12 11:27:18,944 INFO [cli] {'ticker': 'DIA', 'mode': 'tri', 'thr': 145, 'window': '1Y', 'order': 3, 'rows': 14}
2025-11-12 11:27:18,952 INFO [cli] {'ticker': 'DIA', 'mode': 'tri', 'thr': 145, 'window': '1Y', 'order': 4, 'rows': 21}
2025-11-12 11:27:18,960 INFO [cli] {'ticker': 'DIA', 'mode': 'tri', 'thr': 145, 'window': '2Y', 'order': 1, 'rows': 3}
2025-11-12 11:27:18,970 INFO [cli] {'ticker': 'DIA', 'mode': 'tri', 'thr': 145, 'window': '2Y', 'order': 2, 'rows': 8}
2025-11-12 11:27:18,978 INFO [cli] {'ticker': 'DIA', 'mode': 'tri', 'thr': 145, 'window': '2Y', 'order': 3, 'rows': 14}
2025-11-12 11:27:18,988 INFO [cli] {'ticker': 'DIA', 'mode': 'tri', 'thr': 145, 'window': '2Y', 'order': 4, 'rows': 21}
2025-11-12 11:27:18,996 INFO [cli] {'ticker': 'DIA', 'mode': 'tri', 'thr': 145, 'window': '5Y', 'order': 1, 'rows': 3}
2025-11-12 11:27:19,003 INFO [cli] {'ticker': 'DIA', 'mode': 'tri', 'thr': 145, 'window': '5Y', 'order': 2, 'rows': 9}
2025-11-12 11:27:19,018 INFO [cli] {'ticker': 'DIA', 'mode': 'tri', 'thr': 145, 'window': '5Y', 'order': 3, 'rows': 24}
2025-11-12 11:27:19,027 INFO [cli] {'ticker': 'DIA', 'mode': 'tri', 'thr': 145, 'window': '5Y', 'order': 4, 'rows': 45}
2025-11-12 11:27:19,035 INFO [cli] {'ticker': 'DIA', 'mode': 'tri', 'thr': 145, 'window': '10Y', 'order': 1, 'rows': 3}
2025-11-12 11:27:19,045 INFO [cli] {'ticker': 'DIA', 'mode': 'tri', 'thr': 145, 'window': '10Y', 'order': 2, 'rows': 9}
2025-11-12 11:27:19,053 INFO [cli] {'ticker': 'DIA', 'mode': 'tri', 'thr': 145, 'window': '10Y', 'order': 3, 'rows': 27}
2025-11-12 11:27:19,063 INFO [cli] {'ticker': 'DIA', 'mode': 'tri', 'thr': 145, 'window': '10Y', 'order': 4, 'rows': 68}
2025-11-12 11:27:19,072 INFO [cli] {'ticker': 'DIA', 'mode': 'tri', 'thr': 145, 'window': '20Y', 'order': 1, 'rows': 3}
2025-11-12 11:27:19,081 INFO [cli] {'ticker': 'DIA', 'mode': 'tri', 'thr': 145, 'window': '20Y', 'order': 2, 'rows': 9}
2025-11-12 11:27:19,089 INFO [cli] {'ticker': 'DIA', 'mode': 'tri', 'thr': 145, 'window': '20Y', 'order': 3, 'rows': 27}
2025-11-12 11:27:19,099 INFO [cli] {'ticker': 'DIA', 'mode': 'tri', 'thr': 145, 'window': '20Y', 'order': 4, 'rows': 75}
2025-11-12 11:27:19,108 INFO [cli] {'ticker': 'DIA', 'mode': 'tri', 'thr': 145, 'window': 'MAX', 'order': 1, 'rows': 3}
2025-11-12 11:27:19,116 INFO [cli] {'ticker': 'DIA', 'mode': 'tri', 'thr': 145, 'window': 'MAX', 'order': 2, 'rows': 9}
2025-11-12 11:27:19,127 INFO [cli] {'ticker': 'DIA', 'mode': 'tri', 'thr': 145, 'window': 'MAX', 'order': 3, 'rows': 27}
2025-11-12 11:27:19,134 INFO [cli] {'ticker': 'DIA', 'mode': 'tri', 'thr': 145, 'window': 'MAX', 'order': 4, 'rows': 78}
2025-11-12 11:27:19,150 INFO [cli] {'ticker': 'DIA', 'mode': 'tri', 'thr': 150, 'window': '1Y', 'order': 1, 'rows': 3}
2025-11-12 11:27:19,158 INFO [cli] {'ticker': 'DIA', 'mode': 'tri', 'thr': 150, 'window': '1Y', 'order': 2, 'rows': 8}
2025-11-12 11:27:19,168 INFO [cli] {'ticker': 'DIA', 'mode': 'tri', 'thr': 150, 'window': '1Y', 'order': 3, 'rows': 14}
2025-11-12 11:27:19,179 INFO [cli] {'ticker': 'DIA', 'mode': 'tri', 'thr': 150, 'window': '1Y', 'order': 4, 'rows': 21}
2025-11-12 11:27:19,187 INFO [cli] {'ticker': 'DIA', 'mode': 'tri', 'thr': 150, 'window': '2Y', 'order': 1, 'rows': 3}
2025-11-12 11:27:19,199 INFO [cli] {'ticker': 'DIA', 'mode': 'tri', 'thr': 150, 'window': '2Y', 'order': 2, 'rows': 8}
2025-11-12 11:27:19,210 INFO [cli] {'ticker': 'DIA', 'mode': 'tri', 'thr': 150, 'window': '2Y', 'order': 3, 'rows': 14}
2025-11-12 11:27:19,221 INFO [cli] {'ticker': 'DIA', 'mode': 'tri', 'thr': 150, 'window': '2Y', 'order': 4, 'rows': 21}
2025-11-12 11:27:19,230 INFO [cli] {'ticker': 'DIA', 'mode': 'tri', 'thr': 150, 'window': '5Y', 'order': 1, 'rows': 3}
2025-11-12 11:27:19,238 INFO [cli] {'ticker': 'DIA', 'mode': 'tri', 'thr': 150, 'window': '5Y', 'order': 2, 'rows': 9}
2025-11-12 11:27:19,248 INFO [cli] {'ticker': 'DIA', 'mode': 'tri', 'thr': 150, 'window': '5Y', 'order': 3, 'rows': 24}
2025-11-12 11:27:19,256 INFO [cli] {'ticker': 'DIA', 'mode': 'tri', 'thr': 150, 'window': '5Y', 'order': 4, 'rows': 45}
2025-11-12 11:27:19,263 INFO [cli] {'ticker': 'DIA', 'mode': 'tri', 'thr': 150, 'window': '10Y', 'order': 1, 'rows': 3}
2025-11-12 11:27:19,270 INFO [cli] {'ticker': 'DIA', 'mode': 'tri', 'thr': 150, 'window': '10Y', 'order': 2, 'rows': 9}
2025-11-12 11:27:19,280 INFO [cli] {'ticker': 'DIA', 'mode': 'tri', 'thr': 150, 'window': '10Y', 'order': 3, 'rows': 27}
2025-11-12 11:27:19,289 INFO [cli] {'ticker': 'DIA', 'mode': 'tri', 'thr': 150, 'window': '10Y', 'order': 4, 'rows': 68}
2025-11-12 11:27:19,296 INFO [cli] {'ticker': 'DIA', 'mode': 'tri', 'thr': 150, 'window': '20Y', 'order': 1, 'rows': 3}
2025-11-12 11:27:19,305 INFO [cli] {'ticker': 'DIA', 'mode': 'tri', 'thr': 150, 'window': '20Y', 'order': 2, 'rows': 9}
2025-11-12 11:27:19,315 INFO [cli] {'ticker': 'DIA', 'mode': 'tri', 'thr': 150, 'window': '20Y', 'order': 3, 'rows': 27}
2025-11-12 11:27:19,323 INFO [cli] {'ticker': 'DIA', 'mode': 'tri', 'thr': 150, 'window': '20Y', 'order': 4, 'rows': 75}
2025-11-12 11:27:19,332 INFO [cli] {'ticker': 'DIA', 'mode': 'tri', 'thr': 150, 'window': 'MAX', 'order': 1, 'rows': 3}
2025-11-12 11:27:19,341 INFO [cli] {'ticker': 'DIA', 'mode': 'tri', 'thr': 150, 'window': 'MAX', 'order': 2, 'rows': 9}
2025-11-12 11:27:19,350 INFO [cli] {'ticker': 'DIA', 'mode': 'tri', 'thr': 150, 'window': 'MAX', 'order': 3, 'rows': 27}
2025-11-12 11:27:19,359 INFO [cli] {'ticker': 'DIA', 'mode': 'tri', 'thr': 150, 'window': 'MAX', 'order': 4, 'rows': 78}
2025-11-12 11:27:19,376 INFO [cli] {'ticker': 'IWM', 'mode': 'binary', 'thr': 0, 'window': '1Y', 'order': 1, 'rows': 2}
2025-11-12 11:27:19,388 INFO [cli] {'ticker': 'IWM', 'mode': 'binary', 'thr': 0, 'window': '1Y', 'order': 2, 'rows': 4}
2025-11-12 11:27:19,398 INFO [cli] {'ticker': 'IWM', 'mode': 'binary', 'thr': 0, 'window': '1Y', 'order': 3, 'rows': 8}
2025-11-12 11:27:19,409 INFO [cli] {'ticker': 'IWM', 'mode': 'binary', 'thr': 0, 'window': '1Y', 'order': 4, 'rows': 16}
2025-11-12 11:27:19,418 INFO [cli] {'ticker': 'IWM', 'mode': 'binary', 'thr': 0, 'window': '2Y', 'order': 1, 'rows': 2}
2025-11-12 11:27:19,426 INFO [cli] {'ticker': 'IWM', 'mode': 'binary', 'thr': 0, 'window': '2Y', 'order': 2, 'rows': 4}
2025-11-12 11:27:19,435 INFO [cli] {'ticker': 'IWM', 'mode': 'binary', 'thr': 0, 'window': '2Y', 'order': 3, 'rows': 8}
2025-11-12 11:27:19,443 INFO [cli] {'ticker': 'IWM', 'mode': 'binary', 'thr': 0, 'window': '2Y', 'order': 4, 'rows': 16}
2025-11-12 11:27:19,453 INFO [cli] {'ticker': 'IWM', 'mode': 'binary', 'thr': 0, 'window': '5Y', 'order': 1, 'rows': 2}
2025-11-12 11:27:19,462 INFO [cli] {'ticker': 'IWM', 'mode': 'binary', 'thr': 0, 'window': '5Y', 'order': 2, 'rows': 4}
2025-11-12 11:27:19,479 INFO [cli] {'ticker': 'IWM', 'mode': 'binary', 'thr': 0, 'window': '5Y', 'order': 3, 'rows': 8}
2025-11-12 11:27:19,488 INFO [cli] {'ticker': 'IWM', 'mode': 'binary', 'thr': 0, 'window': '5Y', 'order': 4, 'rows': 16}
2025-11-12 11:27:19,495 INFO [cli] {'ticker': 'IWM', 'mode': 'binary', 'thr': 0, 'window': '10Y', 'order': 1, 'rows': 2}
2025-11-12 11:27:19,506 INFO [cli] {'ticker': 'IWM', 'mode': 'binary', 'thr': 0, 'window': '10Y', 'order': 2, 'rows': 4}
2025-11-12 11:27:19,517 INFO [cli] {'ticker': 'IWM', 'mode': 'binary', 'thr': 0, 'window': '10Y', 'order': 3, 'rows': 8}
2025-11-12 11:27:19,526 INFO [cli] {'ticker': 'IWM', 'mode': 'binary', 'thr': 0, 'window': '10Y', 'order': 4, 'rows': 16}
2025-11-12 11:27:19,536 INFO [cli] {'ticker': 'IWM', 'mode': 'binary', 'thr': 0, 'window': '20Y', 'order': 1, 'rows': 2}
2025-11-12 11:27:19,544 INFO [cli] {'ticker': 'IWM', 'mode': 'binary', 'thr': 0, 'window': '20Y', 'order': 2, 'rows': 4}
2025-11-12 11:27:19,555 INFO [cli] {'ticker': 'IWM', 'mode': 'binary', 'thr': 0, 'window': '20Y', 'order': 3, 'rows': 8}
2025-11-12 11:27:19,562 INFO [cli] {'ticker': 'IWM', 'mode': 'binary', 'thr': 0, 'window': '20Y', 'order': 4, 'rows': 16}
2025-11-12 11:27:19,571 INFO [cli] {'ticker': 'IWM', 'mode': 'binary', 'thr': 0, 'window': 'MAX', 'order': 1, 'rows': 2}
2025-11-12 11:27:19,582 INFO [cli] {'ticker': 'IWM', 'mode': 'binary', 'thr': 0, 'window': 'MAX', 'order': 2, 'rows': 4}
2025-11-12 11:27:19,592 INFO [cli] {'ticker': 'IWM', 'mode': 'binary', 'thr': 0, 'window': 'MAX', 'order': 3, 'rows': 8}
2025-11-12 11:27:19,602 INFO [cli] {'ticker': 'IWM', 'mode': 'binary', 'thr': 0, 'window': 'MAX', 'order': 4, 'rows': 16}
2025-11-12 11:27:19,618 INFO [cli] {'ticker': 'IWM', 'mode': 'binary', 'thr': 5, 'window': '1Y', 'order': 1, 'rows': 2}
2025-11-12 11:27:19,628 INFO [cli] {'ticker': 'IWM', 'mode': 'binary', 'thr': 5, 'window': '1Y', 'order': 2, 'rows': 4}
2025-11-12 11:27:19,638 INFO [cli] {'ticker': 'IWM', 'mode': 'binary', 'thr': 5, 'window': '1Y', 'order': 3, 'rows': 8}
2025-11-12 11:27:19,647 INFO [cli] {'ticker': 'IWM', 'mode': 'binary', 'thr': 5, 'window': '1Y', 'order': 4, 'rows': 16}
2025-11-12 11:27:19,657 INFO [cli] {'ticker': 'IWM', 'mode': 'binary', 'thr': 5, 'window': '2Y', 'order': 1, 'rows': 2}
2025-11-12 11:27:19,667 INFO [cli] {'ticker': 'IWM', 'mode': 'binary', 'thr': 5, 'window': '2Y', 'order': 2, 'rows': 4}
2025-11-12 11:27:19,677 INFO [cli] {'ticker': 'IWM', 'mode': 'binary', 'thr': 5, 'window': '2Y', 'order': 3, 'rows': 8}
2025-11-12 11:27:19,688 INFO [cli] {'ticker': 'IWM', 'mode': 'binary', 'thr': 5, 'window': '2Y', 'order': 4, 'rows': 16}
2025-11-12 11:27:19,698 INFO [cli] {'ticker': 'IWM', 'mode': 'binary', 'thr': 5, 'window': '5Y', 'order': 1, 'rows': 2}
2025-11-12 11:27:19,709 INFO [cli] {'ticker': 'IWM', 'mode': 'binary', 'thr': 5, 'window': '5Y', 'order': 2, 'rows': 4}
2025-11-12 11:27:19,719 INFO [cli] {'ticker': 'IWM', 'mode': 'binary', 'thr': 5, 'window': '5Y', 'order': 3, 'rows': 8}
2025-11-12 11:27:19,728 INFO [cli] {'ticker': 'IWM', 'mode': 'binary', 'thr': 5, 'window': '5Y', 'order': 4, 'rows': 16}
2025-11-12 11:27:19,738 INFO [cli] {'ticker': 'IWM', 'mode': 'binary', 'thr': 5, 'window': '10Y', 'order': 1, 'rows': 2}
2025-11-12 11:27:19,746 INFO [cli] {'ticker': 'IWM', 'mode': 'binary', 'thr': 5, 'window': '10Y', 'order': 2, 'rows': 4}
2025-11-12 11:27:19,755 INFO [cli] {'ticker': 'IWM', 'mode': 'binary', 'thr': 5, 'window': '10Y', 'order': 3, 'rows': 8}
2025-11-12 11:27:19,765 INFO [cli] {'ticker': 'IWM', 'mode': 'binary', 'thr': 5, 'window': '10Y', 'order': 4, 'rows': 16}
2025-11-12 11:27:19,773 INFO [cli] {'ticker': 'IWM', 'mode': 'binary', 'thr': 5, 'window': '20Y', 'order': 1, 'rows': 2}
2025-11-12 11:27:19,782 INFO [cli] {'ticker': 'IWM', 'mode': 'binary', 'thr': 5, 'window': '20Y', 'order': 2, 'rows': 4}
2025-11-12 11:27:19,791 INFO [cli] {'ticker': 'IWM', 'mode': 'binary', 'thr': 5, 'window': '20Y', 'order': 3, 'rows': 8}
2025-11-12 11:27:19,801 INFO [cli] {'ticker': 'IWM', 'mode': 'binary', 'thr': 5, 'window': '20Y', 'order': 4, 'rows': 16}
2025-11-12 11:27:19,810 INFO [cli] {'ticker': 'IWM', 'mode': 'binary', 'thr': 5, 'window': 'MAX', 'order': 1, 'rows': 2}
2025-11-12 11:27:19,819 INFO [cli] {'ticker': 'IWM', 'mode': 'binary', 'thr': 5, 'window': 'MAX', 'order': 2, 'rows': 4}
2025-11-12 11:27:19,828 INFO [cli] {'ticker': 'IWM', 'mode': 'binary', 'thr': 5, 'window': 'MAX', 'order': 3, 'rows': 8}

{'ticker': 'DIA', 'mode': 'tri', 'thr': 145, 'window': '1Y', 'order': 1, 'rows': 3}
{'ticker': 'DIA', 'mode': 'tri', 'thr': 145, 'window': '1Y', 'order': 2, 'rows': 8}
{'ticker': 'DIA', 'mode': 'tri', 'thr': 145, 'window': '1Y', 'order': 3, 'rows': 14}
{'ticker': 'DIA', 'mode': 'tri', 'thr': 145, 'window': '1Y', 'order': 4, 'rows': 21}
{'ticker': 'DIA', 'mode': 'tri', 'thr': 145, 'window': '2Y', 'order': 1, 'rows': 3}
{'ticker': 'DIA', 'mode': 'tri', 'thr': 145, 'window': '2Y', 'order': 2, 'rows': 8}
{'ticker': 'DIA', 'mode': 'tri', 'thr': 145, 'window': '2Y', 'order': 3, 'rows': 14}
{'ticker': 'DIA', 'mode': 'tri', 'thr': 145, 'window': '2Y', 'order': 4, 'rows': 21}
{'ticker': 'DIA', 'mode': 'tri', 'thr': 145, 'window': '5Y', 'order': 1, 'rows': 3}
{'ticker': 'DIA', 'mode': 'tri', 'thr': 145, 'window': '5Y', 'order': 2, 'rows': 9}
{'ticker': 'DIA', 'mode': 'tri', 'thr': 145, 'window': '5Y', 'order': 3, 'rows': 24}
{'ticker': 'DIA', 'mode': 'tri', 'thr': 145, 'window': '5Y', 'order': 4, 'rows': 45}
{'ticker': 'DIA', 'mode': 'tri', 'thr': 145, 'window': '10Y', 'order': 1, 'rows': 3}
{'ticker': 'DIA', 'mode': 'tri', 'thr': 145, 'window': '10Y', 'order': 2, 'rows': 9}
{'ticker': 'DIA', 'mode': 'tri', 'thr': 145, 'window': '10Y', 'order': 3, 'rows': 27}
{'ticker': 'DIA', 'mode': 'tri', 'thr': 145, 'window': '10Y', 'order': 4, 'rows': 68}
{'ticker': 'DIA', 'mode': 'tri', 'thr': 145, 'window': '20Y', 'order': 1, 'rows': 3}
{'ticker': 'DIA', 'mode': 'tri', 'thr': 145, 'window': '20Y', 'order': 2, 'rows': 9}
{'ticker': 'DIA', 'mode': 'tri', 'thr': 145, 'window': '20Y', 'order': 3, 'rows': 27}
{'ticker': 'DIA', 'mode': 'tri', 'thr': 145, 'window': '20Y', 'order': 4, 'rows': 75}
{'ticker': 'DIA', 'mode': 'tri', 'thr': 145, 'window': 'MAX', 'order': 1, 'rows': 3}
{'ticker': 'DIA', 'mode': 'tri', 'thr': 145, 'window': 'MAX', 'order': 2, 'rows': 9}
{'ticker': 'DIA', 'mode': 'tri', 'thr': 145, 'window': 'MAX', 'order': 3, 'rows': 27}
{'ticker': 'DIA', 'mode': 'tri', 'thr': 145, 'window': 'MAX', 'order': 4, 'rows': 78}
{'ticker': 'DIA', 'mode': 'tri', 'thr': 150, 'window': '1Y', 'order': 1, 'rows': 3}
{'ticker': 'DIA', 'mode': 'tri', 'thr': 150, 'window': '1Y', 'order': 2, 'rows': 8}
{'ticker': 'DIA', 'mode': 'tri', 'thr': 150, 'window': '1Y', 'order': 3, 'rows': 14}
{'ticker': 'DIA', 'mode': 'tri', 'thr': 150, 'window': '1Y', 'order': 4, 'rows': 21}
{'ticker': 'DIA', 'mode': 'tri', 'thr': 150, 'window': '2Y', 'order': 1, 'rows': 3}
{'ticker': 'DIA', 'mode': 'tri', 'thr': 150, 'window': '2Y', 'order': 2, 'rows': 8}
{'ticker': 'DIA', 'mode': 'tri', 'thr': 150, 'window': '2Y', 'order': 3, 'rows': 14}
{'ticker': 'DIA', 'mode': 'tri', 'thr': 150, 'window': '2Y', 'order': 4, 'rows': 21}
{'ticker': 'DIA', 'mode': 'tri', 'thr': 150, 'window': '5Y', 'order': 1, 'rows': 3}
{'ticker': 'DIA', 'mode': 'tri', 'thr': 150, 'window': '5Y', 'order': 2, 'rows': 9}
{'ticker': 'DIA', 'mode': 'tri', 'thr': 150, 'window': '5Y', 'order': 3, 'rows': 24}
{'ticker': 'DIA', 'mode': 'tri', 'thr': 150, 'window': '5Y', 'order': 4, 'rows': 45}
{'ticker': 'DIA', 'mode': 'tri', 'thr': 150, 'window': '10Y', 'order': 1, 'rows': 3}
{'ticker': 'DIA', 'mode': 'tri', 'thr': 150, 'window': '10Y', 'order': 2, 'rows': 9}
{'ticker': 'DIA', 'mode': 'tri', 'thr': 150, 'window': '10Y', 'order': 3, 'rows': 27}
{'ticker': 'DIA', 'mode': 'tri', 'thr': 150, 'window': '10Y', 'order': 4, 'rows': 68}
{'ticker': 'DIA', 'mode': 'tri', 'thr': 150, 'window': '20Y', 'order': 1, 'rows': 3}
{'ticker': 'DIA', 'mode': 'tri', 'thr': 150, 'window': '20Y', 'order': 2, 'rows': 9}
{'ticker': 'DIA', 'mode': 'tri', 'thr': 150, 'window': '20Y', 'order': 3, 'rows': 27}
{'ticker': 'DIA', 'mode': 'tri', 'thr': 150, 'window': '20Y', 'order': 4, 'rows': 75}
{'ticker': 'DIA', 'mode': 'tri', 'thr': 150, 'window': 'MAX', 'order': 1, 'rows': 3}
{'ticker': 'DIA', 'mode': 'tri', 'thr': 150, 'window': 'MAX', 'order': 2, 'rows': 9}
{'ticker': 'DIA', 'mode': 'tri', 'thr': 150, 'window': 'MAX', 'order': 3, 'rows': 27}
{'ticker': 'DIA', 'mode': 'tri', 'thr': 150, 'window': 'MAX', 'order': 4, 'rows': 78}
{'ticker': 'IWM', 'mode': 'binary', 'thr': 0, 'window': '1Y', 'order': 1, 'rows': 2}
{'ticker': 'IWM', 'mode': 'binary', 'thr': 0, 'window': '1Y', 'order': 2, 'rows': 4}
{'ticker': 'IWM', 'mode': 'binary', 'thr': 0, 'window': '1Y', 'order': 3, 'rows': 8}
{'ticker': 'IWM', 'mode': 'binary', 'thr': 0, 'window': '1Y', 'order': 4, 'rows': 16}
{'ticker': 'IWM', 'mode': 'binary', 'thr': 0, 'window': '2Y', 'order': 1, 'rows': 2}
{'ticker': 'IWM', 'mode': 'binary', 'thr': 0, 'window': '2Y', 'order': 2, 'rows': 4}
{'ticker': 'IWM', 'mode': 'binary', 'thr': 0, 'window': '2Y', 'order': 3, 'rows': 8}
{'ticker': 'IWM', 'mode': 'binary', 'thr': 0, 'window': '2Y', 'order': 4, 'rows': 16}
{'ticker': 'IWM', 'mode': 'binary', 'thr': 0, 'window': '5Y', 'order': 1, 'rows': 2}
{'ticker': 'IWM', 'mode': 'binary', 'thr': 0, 'window': '5Y', 'order': 2, 'rows': 4}
{'ticker': 'IWM', 'mode': 'binary', 'thr': 0, 'window': '5Y', 'order': 3, 'rows': 8}
{'ticker': 'IWM', 'mode': 'binary', 'thr': 0, 'window': '5Y', 'order': 4, 'rows': 16}
{'ticker': 'IWM', 'mode': 'binary', 'thr': 0, 'window': '10Y', 'order': 1, 'rows': 2}
{'ticker': 'IWM', 'mode': 'binary', 'thr': 0, 'window': '10Y', 'order': 2, 'rows': 4}
{'ticker': 'IWM', 'mode': 'binary', 'thr': 0, 'window': '10Y', 'order': 3, 'rows': 8}
{'ticker': 'IWM', 'mode': 'binary', 'thr': 0, 'window': '10Y', 'order': 4, 'rows': 16}
{'ticker': 'IWM', 'mode': 'binary', 'thr': 0, 'window': '20Y', 'order': 1, 'rows': 2}
{'ticker': 'IWM', 'mode': 'binary', 'thr': 0, 'window': '20Y', 'order': 2, 'rows': 4}
{'ticker': 'IWM', 'mode': 'binary', 'thr': 0, 'window': '20Y', 'order': 3, 'rows': 8}
{'ticker': 'IWM', 'mode': 'binary', 'thr': 0, 'window': '20Y', 'order': 4, 'rows': 16}
{'ticker': 'IWM', 'mode': 'binary', 'thr': 0, 'window': 'MAX', 'order': 1, 'rows': 2}
{'ticker': 'IWM', 'mode': 'binary', 'thr': 0, 'window': 'MAX', 'order': 2, 'rows': 4}
{'ticker': 'IWM', 'mode': 'binary', 'thr': 0, 'window': 'MAX', 'order': 3, 'rows': 8}
{'ticker': 'IWM', 'mode': 'binary', 'thr': 0, 'window': 'MAX', 'order': 4, 'rows': 16}
{'ticker': 'IWM', 'mode': 'binary', 'thr': 5, 'window': '1Y', 'order': 1, 'rows': 2}
{'ticker': 'IWM', 'mode': 'binary', 'thr': 5, 'window': '1Y', 'order': 2, 'rows': 4}
{'ticker': 'IWM', 'mode': 'binary', 'thr': 5, 'window': '1Y', 'order': 3, 'rows': 8}
{'ticker': 'IWM', 'mode': 'binary', 'thr': 5, 'window': '1Y', 'order': 4, 'rows': 16}
{'ticker': 'IWM', 'mode': 'binary', 'thr': 5, 'window': '2Y', 'order': 1, 'rows': 2}
{'ticker': 'IWM', 'mode': 'binary', 'thr': 5, 'window': '2Y', 'order': 2, 'rows': 4}
{'ticker': 'IWM', 'mode': 'binary', 'thr': 5, 'window': '2Y', 'order': 3, 'rows': 8}
{'ticker': 'IWM', 'mode': 'binary', 'thr': 5, 'window': '2Y', 'order': 4, 'rows': 16}
{'ticker': 'IWM', 'mode': 'binary', 'thr': 5, 'window': '5Y', 'order': 1, 'rows': 2}
{'ticker': 'IWM', 'mode': 'binary', 'thr': 5, 'window': '5Y', 'order': 2, 'rows': 4}
{'ticker': 'IWM', 'mode': 'binary', 'thr': 5, 'window': '5Y', 'order': 3, 'rows': 8}
{'ticker': 'IWM', 'mode': 'binary', 'thr': 5, 'window': '5Y', 'order': 4, 'rows': 16}
{'ticker': 'IWM', 'mode': 'binary', 'thr': 5, 'window': '10Y', 'order': 1, 'rows': 2}
{'ticker': 'IWM', 'mode': 'binary', 'thr': 5, 'window': '10Y', 'order': 2, 'rows': 4}
{'ticker': 'IWM', 'mode': 'binary', 'thr': 5, 'window': '10Y', 'order': 3, 'rows': 8}
{'ticker': 'IWM', 'mode': 'binary', 'thr': 5, 'window': '10Y', 'order': 4, 'rows': 16}
{'ticker': 'IWM', 'mode': 'binary', 'thr': 5, 'window': '20Y', 'order': 1, 'rows': 2}
{'ticker': 'IWM', 'mode': 'binary', 'thr': 5, 'window': '20Y', 'order': 2, 'rows': 4}
{'ticker': 'IWM', 'mode': 'binary', 'thr': 5, 'window': '20Y', 'order': 3, 'rows': 8}
{'ticker': 'IWM', 'mode': 'binary', 'thr': 5, 'window': '20Y', 'order': 4, 'rows': 16}
{'ticker': 'IWM', 'mode': 'binary', 'thr': 5, 'window': 'MAX', 'order': 1, 'rows': 2}
{'ticker': 'IWM', 'mode': 'binary', 'thr': 5, 'window': 'MAX', 'order': 2, 'rows': 4}
{'ticker': 'IWM', 'mode': 'binary', 'thr': 5, 'window': 'MAX', 'order': 3, 'rows': 8}
{'ticker': 'IWM', 'mode': 'binary', 'thr': 5, 'window': 'MAX', 'order': 4, 'rows': 16}2025-11-12 11:27:19,838 INFO [cli] {'ticker': 'IWM', 'mode': 'binary', 'thr': 5, 'window': 'MAX', 'order': 4, 'rows': 16}
2025-11-12 11:27:19,853 INFO [cli] {'ticker': 'IWM', 'mode': 'binary', 'thr': 10, 'window': '1Y', 'order': 1, 'rows': 2}
2025-11-12 11:27:19,863 INFO [cli] {'ticker': 'IWM', 'mode': 'binary', 'thr': 10, 'window': '1Y', 'order': 2, 'rows': 4}
2025-11-12 11:27:19,873 INFO [cli] {'ticker': 'IWM', 'mode': 'binary', 'thr': 10, 'window': '1Y', 'order': 3, 'rows': 8}
2025-11-12 11:27:19,883 INFO [cli] {'ticker': 'IWM', 'mode': 'binary', 'thr': 10, 'window': '1Y', 'order': 4, 'rows': 16}
2025-11-12 11:27:19,891 INFO [cli] {'ticker': 'IWM', 'mode': 'binary', 'thr': 10, 'window': '2Y', 'order': 1, 'rows': 2}
2025-11-12 11:27:19,900 INFO [cli] {'ticker': 'IWM', 'mode': 'binary', 'thr': 10, 'window': '2Y', 'order': 2, 'rows': 4}
2025-11-12 11:27:19,910 INFO [cli] {'ticker': 'IWM', 'mode': 'binary', 'thr': 10, 'window': '2Y', 'order': 3, 'rows': 8}
2025-11-12 11:27:19,918 INFO [cli] {'ticker': 'IWM', 'mode': 'binary', 'thr': 10, 'window': '2Y', 'order': 4, 'rows': 16}
2025-11-12 11:27:19,929 INFO [cli] {'ticker': 'IWM', 'mode': 'binary', 'thr': 10, 'window': '5Y', 'order': 1, 'rows': 2}
2025-11-12 11:27:19,938 INFO [cli] {'ticker': 'IWM', 'mode': 'binary', 'thr': 10, 'window': '5Y', 'order': 2, 'rows': 4}
2025-11-12 11:27:19,948 INFO [cli] {'ticker': 'IWM', 'mode': 'binary', 'thr': 10, 'window': '5Y', 'order': 3, 'rows': 8}
2025-11-12 11:27:19,956 INFO [cli] {'ticker': 'IWM', 'mode': 'binary', 'thr': 10, 'window': '5Y', 'order': 4, 'rows': 16}
2025-11-12 11:27:19,965 INFO [cli] {'ticker': 'IWM', 'mode': 'binary', 'thr': 10, 'window': '10Y', 'order': 1, 'rows': 2}
2025-11-12 11:27:19,973 INFO [cli] {'ticker': 'IWM', 'mode': 'binary', 'thr': 10, 'window': '10Y', 'order': 2, 'rows': 4}
2025-11-12 11:27:19,982 INFO [cli] {'ticker': 'IWM', 'mode': 'binary', 'thr': 10, 'window': '10Y', 'order': 3, 'rows': 8}
2025-11-12 11:27:19,991 INFO [cli] {'ticker': 'IWM', 'mode': 'binary', 'thr': 10, 'window': '10Y', 'order': 4, 'rows': 16}
2025-11-12 11:27:20,000 INFO [cli] {'ticker': 'IWM', 'mode': 'binary', 'thr': 10, 'window': '20Y', 'order': 1, 'rows': 2}
2025-11-12 11:27:20,010 INFO [cli] {'ticker': 'IWM', 'mode': 'binary', 'thr': 10, 'window': '20Y', 'order': 2, 'rows': 4}
2025-11-12 11:27:20,019 INFO [cli] {'ticker': 'IWM', 'mode': 'binary', 'thr': 10, 'window': '20Y', 'order': 3, 'rows': 8}
2025-11-12 11:27:20,029 INFO [cli] {'ticker': 'IWM', 'mode': 'binary', 'thr': 10, 'window': '20Y', 'order': 4, 'rows': 16}
2025-11-12 11:27:20,039 INFO [cli] {'ticker': 'IWM', 'mode': 'binary', 'thr': 10, 'window': 'MAX', 'order': 1, 'rows': 2}
2025-11-12 11:27:20,049 INFO [cli] {'ticker': 'IWM', 'mode': 'binary', 'thr': 10, 'window': 'MAX', 'order': 2, 'rows': 4}
2025-11-12 11:27:20,059 INFO [cli] {'ticker': 'IWM', 'mode': 'binary', 'thr': 10, 'window': 'MAX', 'order': 3, 'rows': 8}
2025-11-12 11:27:20,069 INFO [cli] {'ticker': 'IWM', 'mode': 'binary', 'thr': 10, 'window': 'MAX', 'order': 4, 'rows': 16}
2025-11-12 11:27:20,084 INFO [cli] {'ticker': 'IWM', 'mode': 'binary', 'thr': 15, 'window': '1Y', 'order': 1, 'rows': 2}
2025-11-12 11:27:20,094 INFO [cli] {'ticker': 'IWM', 'mode': 'binary', 'thr': 15, 'window': '1Y', 'order': 2, 'rows': 4}
2025-11-12 11:27:20,103 INFO [cli] {'ticker': 'IWM', 'mode': 'binary', 'thr': 15, 'window': '1Y', 'order': 3, 'rows': 8}
2025-11-12 11:27:20,112 INFO [cli] {'ticker': 'IWM', 'mode': 'binary', 'thr': 15, 'window': '1Y', 'order': 4, 'rows': 16}
2025-11-12 11:27:20,121 INFO [cli] {'ticker': 'IWM', 'mode': 'binary', 'thr': 15, 'window': '2Y', 'order': 1, 'rows': 2}
2025-11-12 11:27:20,131 INFO [cli] {'ticker': 'IWM', 'mode': 'binary', 'thr': 15, 'window': '2Y', 'order': 2, 'rows': 4}
2025-11-12 11:27:20,142 INFO [cli] {'ticker': 'IWM', 'mode': 'binary', 'thr': 15, 'window': '2Y', 'order': 3, 'rows': 8}
2025-11-12 11:27:20,151 INFO [cli] {'ticker': 'IWM', 'mode': 'binary', 'thr': 15, 'window': '2Y', 'order': 4, 'rows': 16}
2025-11-12 11:27:20,160 INFO [cli] {'ticker': 'IWM', 'mode': 'binary', 'thr': 15, 'window': '5Y', 'order': 1, 'rows': 2}
2025-11-12 11:27:20,169 INFO [cli] {'ticker': 'IWM', 'mode': 'binary', 'thr': 15, 'window': '5Y', 'order': 2, 'rows': 4}
2025-11-12 11:27:20,178 INFO [cli] {'ticker': 'IWM', 'mode': 'binary', 'thr': 15, 'window': '5Y', 'order': 3, 'rows': 8}
2025-11-12 11:27:20,187 INFO [cli] {'ticker': 'IWM', 'mode': 'binary', 'thr': 15, 'window': '5Y', 'order': 4, 'rows': 16}
2025-11-12 11:27:20,196 INFO [cli] {'ticker': 'IWM', 'mode': 'binary', 'thr': 15, 'window': '10Y', 'order': 1, 'rows': 2}
2025-11-12 11:27:20,206 INFO [cli] {'ticker': 'IWM', 'mode': 'binary', 'thr': 15, 'window': '10Y', 'order': 2, 'rows': 4}
2025-11-12 11:27:20,215 INFO [cli] {'ticker': 'IWM', 'mode': 'binary', 'thr': 15, 'window': '10Y', 'order': 3, 'rows': 8}
2025-11-12 11:27:20,226 INFO [cli] {'ticker': 'IWM', 'mode': 'binary', 'thr': 15, 'window': '10Y', 'order': 4, 'rows': 16}
2025-11-12 11:27:20,237 INFO [cli] {'ticker': 'IWM', 'mode': 'binary', 'thr': 15, 'window': '20Y', 'order': 1, 'rows': 2}
2025-11-12 11:27:20,247 INFO [cli] {'ticker': 'IWM', 'mode': 'binary', 'thr': 15, 'window': '20Y', 'order': 2, 'rows': 4}
2025-11-12 11:27:20,256 INFO [cli] {'ticker': 'IWM', 'mode': 'binary', 'thr': 15, 'window': '20Y', 'order': 3, 'rows': 8}
2025-11-12 11:27:20,266 INFO [cli] {'ticker': 'IWM', 'mode': 'binary', 'thr': 15, 'window': '20Y', 'order': 4, 'rows': 16}
2025-11-12 11:27:20,276 INFO [cli] {'ticker': 'IWM', 'mode': 'binary', 'thr': 15, 'window': 'MAX', 'order': 1, 'rows': 2}
2025-11-12 11:27:20,286 INFO [cli] {'ticker': 'IWM', 'mode': 'binary', 'thr': 15, 'window': 'MAX', 'order': 2, 'rows': 4}
2025-11-12 11:27:20,296 INFO [cli] {'ticker': 'IWM', 'mode': 'binary', 'thr': 15, 'window': 'MAX', 'order': 3, 'rows': 8}
2025-11-12 11:27:20,307 INFO [cli] {'ticker': 'IWM', 'mode': 'binary', 'thr': 15, 'window': 'MAX', 'order': 4, 'rows': 16}
2025-11-12 11:27:20,324 INFO [cli] {'ticker': 'IWM', 'mode': 'binary', 'thr': 20, 'window': '1Y', 'order': 1, 'rows': 2}
2025-11-12 11:27:20,333 INFO [cli] {'ticker': 'IWM', 'mode': 'binary', 'thr': 20, 'window': '1Y', 'order': 2, 'rows': 4}
2025-11-12 11:27:20,343 INFO [cli] {'ticker': 'IWM', 'mode': 'binary', 'thr': 20, 'window': '1Y', 'order': 3, 'rows': 8}
2025-11-12 11:27:20,353 INFO [cli] {'ticker': 'IWM', 'mode': 'binary', 'thr': 20, 'window': '1Y', 'order': 4, 'rows': 16}
2025-11-12 11:27:20,363 INFO [cli] {'ticker': 'IWM', 'mode': 'binary', 'thr': 20, 'window': '2Y', 'order': 1, 'rows': 2}
2025-11-12 11:27:20,372 INFO [cli] {'ticker': 'IWM', 'mode': 'binary', 'thr': 20, 'window': '2Y', 'order': 2, 'rows': 4}
2025-11-12 11:27:20,391 INFO [cli] {'ticker': 'IWM', 'mode': 'binary', 'thr': 20, 'window': '2Y', 'order': 3, 'rows': 8}
2025-11-12 11:27:20,401 INFO [cli] {'ticker': 'IWM', 'mode': 'binary', 'thr': 20, 'window': '2Y', 'order': 4, 'rows': 16}
2025-11-12 11:27:20,411 INFO [cli] {'ticker': 'IWM', 'mode': 'binary', 'thr': 20, 'window': '5Y', 'order': 1, 'rows': 2}
2025-11-12 11:27:20,421 INFO [cli] {'ticker': 'IWM', 'mode': 'binary', 'thr': 20, 'window': '5Y', 'order': 2, 'rows': 4}
2025-11-12 11:27:20,431 INFO [cli] {'ticker': 'IWM', 'mode': 'binary', 'thr': 20, 'window': '5Y', 'order': 3, 'rows': 8}
2025-11-12 11:27:20,441 INFO [cli] {'ticker': 'IWM', 'mode': 'binary', 'thr': 20, 'window': '5Y', 'order': 4, 'rows': 16}
2025-11-12 11:27:20,451 INFO [cli] {'ticker': 'IWM', 'mode': 'binary', 'thr': 20, 'window': '10Y', 'order': 1, 'rows': 2}
2025-11-12 11:27:20,461 INFO [cli] {'ticker': 'IWM', 'mode': 'binary', 'thr': 20, 'window': '10Y', 'order': 2, 'rows': 4}
2025-11-12 11:27:20,471 INFO [cli] {'ticker': 'IWM', 'mode': 'binary', 'thr': 20, 'window': '10Y', 'order': 3, 'rows': 8}
2025-11-12 11:27:20,481 INFO [cli] {'ticker': 'IWM', 'mode': 'binary', 'thr': 20, 'window': '10Y', 'order': 4, 'rows': 16}
2025-11-12 11:27:20,491 INFO [cli] {'ticker': 'IWM', 'mode': 'binary', 'thr': 20, 'window': '20Y', 'order': 1, 'rows': 2}
2025-11-12 11:27:20,501 INFO [cli] {'ticker': 'IWM', 'mode': 'binary', 'thr': 20, 'window': '20Y', 'order': 2, 'rows': 4}
2025-11-12 11:27:20,510 INFO [cli] {'ticker': 'IWM', 'mode': 'binary', 'thr': 20, 'window': '20Y', 'order': 3, 'rows': 8}
2025-11-12 11:27:20,521 INFO [cli] {'ticker': 'IWM', 'mode': 'binary', 'thr': 20, 'window': '20Y', 'order': 4, 'rows': 16}
2025-11-12 11:27:20,530 INFO [cli] {'ticker': 'IWM', 'mode': 'binary', 'thr': 20, 'window': 'MAX', 'order': 1, 'rows': 2}
2025-11-12 11:27:20,540 INFO [cli] {'ticker': 'IWM', 'mode': 'binary', 'thr': 20, 'window': 'MAX', 'order': 2, 'rows': 4}
2025-11-12 11:27:20,550 INFO [cli] {'ticker': 'IWM', 'mode': 'binary', 'thr': 20, 'window': 'MAX', 'order': 3, 'rows': 8}
2025-11-12 11:27:20,561 INFO [cli] {'ticker': 'IWM', 'mode': 'binary', 'thr': 20, 'window': 'MAX', 'order': 4, 'rows': 16}
2025-11-12 11:27:20,576 INFO [cli] {'ticker': 'IWM', 'mode': 'binary', 'thr': 25, 'window': '1Y', 'order': 1, 'rows': 2}
2025-11-12 11:27:20,587 INFO [cli] {'ticker': 'IWM', 'mode': 'binary', 'thr': 25, 'window': '1Y', 'order': 2, 'rows': 4}
2025-11-12 11:27:20,596 INFO [cli] {'ticker': 'IWM', 'mode': 'binary', 'thr': 25, 'window': '1Y', 'order': 3, 'rows': 8}
2025-11-12 11:27:20,605 INFO [cli] {'ticker': 'IWM', 'mode': 'binary', 'thr': 25, 'window': '1Y', 'order': 4, 'rows': 15}
2025-11-12 11:27:20,614 INFO [cli] {'ticker': 'IWM', 'mode': 'binary', 'thr': 25, 'window': '2Y', 'order': 1, 'rows': 2}
2025-11-12 11:27:20,622 INFO [cli] {'ticker': 'IWM', 'mode': 'binary', 'thr': 25, 'window': '2Y', 'order': 2, 'rows': 4}
2025-11-12 11:27:20,631 INFO [cli] {'ticker': 'IWM', 'mode': 'binary', 'thr': 25, 'window': '2Y', 'order': 3, 'rows': 8}
2025-11-12 11:27:20,642 INFO [cli] {'ticker': 'IWM', 'mode': 'binary', 'thr': 25, 'window': '2Y', 'order': 4, 'rows': 16}
2025-11-12 11:27:20,653 INFO [cli] {'ticker': 'IWM', 'mode': 'binary', 'thr': 25, 'window': '5Y', 'order': 1, 'rows': 2}
2025-11-12 11:27:20,661 INFO [cli] {'ticker': 'IWM', 'mode': 'binary', 'thr': 25, 'window': '5Y', 'order': 2, 'rows': 4}
2025-11-12 11:27:20,669 INFO [cli] {'ticker': 'IWM', 'mode': 'binary', 'thr': 25, 'window': '5Y', 'order': 3, 'rows': 8}
2025-11-12 11:27:20,676 INFO [cli] {'ticker': 'IWM', 'mode': 'binary', 'thr': 25, 'window': '5Y', 'order': 4, 'rows': 16}
2025-11-12 11:27:20,685 INFO [cli] {'ticker': 'IWM', 'mode': 'binary', 'thr': 25, 'window': '10Y', 'order': 1, 'rows': 2}
2025-11-12 11:27:20,695 INFO [cli] {'ticker': 'IWM', 'mode': 'binary', 'thr': 25, 'window': '10Y', 'order': 2, 'rows': 4}
2025-11-12 11:27:20,705 INFO [cli] {'ticker': 'IWM', 'mode': 'binary', 'thr': 25, 'window': '10Y', 'order': 3, 'rows': 8}
2025-11-12 11:27:20,713 INFO [cli] {'ticker': 'IWM', 'mode': 'binary', 'thr': 25, 'window': '10Y', 'order': 4, 'rows': 16}
2025-11-12 11:27:20,723 INFO [cli] {'ticker': 'IWM', 'mode': 'binary', 'thr': 25, 'window': '20Y', 'order': 1, 'rows': 2}
2025-11-12 11:27:20,737 INFO [cli] {'ticker': 'IWM', 'mode': 'binary', 'thr': 25, 'window': '20Y', 'order': 2, 'rows': 4}
2025-11-12 11:27:20,748 INFO [cli] {'ticker': 'IWM', 'mode': 'binary', 'thr': 25, 'window': '20Y', 'order': 3, 'rows': 8}
2025-11-12 11:27:20,756 INFO [cli] {'ticker': 'IWM', 'mode': 'binary', 'thr': 25, 'window': '20Y', 'order': 4, 'rows': 16}
2025-11-12 11:27:20,765 INFO [cli] {'ticker': 'IWM', 'mode': 'binary', 'thr': 25, 'window': 'MAX', 'order': 1, 'rows': 2}
2025-11-12 11:27:20,774 INFO [cli] {'ticker': 'IWM', 'mode': 'binary', 'thr': 25, 'window': 'MAX', 'order': 2, 'rows': 4}

{'ticker': 'IWM', 'mode': 'binary', 'thr': 10, 'window': '1Y', 'order': 1, 'rows': 2}
{'ticker': 'IWM', 'mode': 'binary', 'thr': 10, 'window': '1Y', 'order': 2, 'rows': 4}
{'ticker': 'IWM', 'mode': 'binary', 'thr': 10, 'window': '1Y', 'order': 3, 'rows': 8}
{'ticker': 'IWM', 'mode': 'binary', 'thr': 10, 'window': '1Y', 'order': 4, 'rows': 16}
{'ticker': 'IWM', 'mode': 'binary', 'thr': 10, 'window': '2Y', 'order': 1, 'rows': 2}
{'ticker': 'IWM', 'mode': 'binary', 'thr': 10, 'window': '2Y', 'order': 2, 'rows': 4}
{'ticker': 'IWM', 'mode': 'binary', 'thr': 10, 'window': '2Y', 'order': 3, 'rows': 8}
{'ticker': 'IWM', 'mode': 'binary', 'thr': 10, 'window': '2Y', 'order': 4, 'rows': 16}
{'ticker': 'IWM', 'mode': 'binary', 'thr': 10, 'window': '5Y', 'order': 1, 'rows': 2}
{'ticker': 'IWM', 'mode': 'binary', 'thr': 10, 'window': '5Y', 'order': 2, 'rows': 4}
{'ticker': 'IWM', 'mode': 'binary', 'thr': 10, 'window': '5Y', 'order': 3, 'rows': 8}
{'ticker': 'IWM', 'mode': 'binary', 'thr': 10, 'window': '5Y', 'order': 4, 'rows': 16}
{'ticker': 'IWM', 'mode': 'binary', 'thr': 10, 'window': '10Y', 'order': 1, 'rows': 2}
{'ticker': 'IWM', 'mode': 'binary', 'thr': 10, 'window': '10Y', 'order': 2, 'rows': 4}
{'ticker': 'IWM', 'mode': 'binary', 'thr': 10, 'window': '10Y', 'order': 3, 'rows': 8}
{'ticker': 'IWM', 'mode': 'binary', 'thr': 10, 'window': '10Y', 'order': 4, 'rows': 16}
{'ticker': 'IWM', 'mode': 'binary', 'thr': 10, 'window': '20Y', 'order': 1, 'rows': 2}
{'ticker': 'IWM', 'mode': 'binary', 'thr': 10, 'window': '20Y', 'order': 2, 'rows': 4}
{'ticker': 'IWM', 'mode': 'binary', 'thr': 10, 'window': '20Y', 'order': 3, 'rows': 8}
{'ticker': 'IWM', 'mode': 'binary', 'thr': 10, 'window': '20Y', 'order': 4, 'rows': 16}
{'ticker': 'IWM', 'mode': 'binary', 'thr': 10, 'window': 'MAX', 'order': 1, 'rows': 2}
{'ticker': 'IWM', 'mode': 'binary', 'thr': 10, 'window': 'MAX', 'order': 2, 'rows': 4}
{'ticker': 'IWM', 'mode': 'binary', 'thr': 10, 'window': 'MAX', 'order': 3, 'rows': 8}
{'ticker': 'IWM', 'mode': 'binary', 'thr': 10, 'window': 'MAX', 'order': 4, 'rows': 16}
{'ticker': 'IWM', 'mode': 'binary', 'thr': 15, 'window': '1Y', 'order': 1, 'rows': 2}
{'ticker': 'IWM', 'mode': 'binary', 'thr': 15, 'window': '1Y', 'order': 2, 'rows': 4}
{'ticker': 'IWM', 'mode': 'binary', 'thr': 15, 'window': '1Y', 'order': 3, 'rows': 8}
{'ticker': 'IWM', 'mode': 'binary', 'thr': 15, 'window': '1Y', 'order': 4, 'rows': 16}
{'ticker': 'IWM', 'mode': 'binary', 'thr': 15, 'window': '2Y', 'order': 1, 'rows': 2}
{'ticker': 'IWM', 'mode': 'binary', 'thr': 15, 'window': '2Y', 'order': 2, 'rows': 4}
{'ticker': 'IWM', 'mode': 'binary', 'thr': 15, 'window': '2Y', 'order': 3, 'rows': 8}
{'ticker': 'IWM', 'mode': 'binary', 'thr': 15, 'window': '2Y', 'order': 4, 'rows': 16}
{'ticker': 'IWM', 'mode': 'binary', 'thr': 15, 'window': '5Y', 'order': 1, 'rows': 2}
{'ticker': 'IWM', 'mode': 'binary', 'thr': 15, 'window': '5Y', 'order': 2, 'rows': 4}
{'ticker': 'IWM', 'mode': 'binary', 'thr': 15, 'window': '5Y', 'order': 3, 'rows': 8}
{'ticker': 'IWM', 'mode': 'binary', 'thr': 15, 'window': '5Y', 'order': 4, 'rows': 16}
{'ticker': 'IWM', 'mode': 'binary', 'thr': 15, 'window': '10Y', 'order': 1, 'rows': 2}
{'ticker': 'IWM', 'mode': 'binary', 'thr': 15, 'window': '10Y', 'order': 2, 'rows': 4}
{'ticker': 'IWM', 'mode': 'binary', 'thr': 15, 'window': '10Y', 'order': 3, 'rows': 8}
{'ticker': 'IWM', 'mode': 'binary', 'thr': 15, 'window': '10Y', 'order': 4, 'rows': 16}
{'ticker': 'IWM', 'mode': 'binary', 'thr': 15, 'window': '20Y', 'order': 1, 'rows': 2}
{'ticker': 'IWM', 'mode': 'binary', 'thr': 15, 'window': '20Y', 'order': 2, 'rows': 4}
{'ticker': 'IWM', 'mode': 'binary', 'thr': 15, 'window': '20Y', 'order': 3, 'rows': 8}
{'ticker': 'IWM', 'mode': 'binary', 'thr': 15, 'window': '20Y', 'order': 4, 'rows': 16}
{'ticker': 'IWM', 'mode': 'binary', 'thr': 15, 'window': 'MAX', 'order': 1, 'rows': 2}
{'ticker': 'IWM', 'mode': 'binary', 'thr': 15, 'window': 'MAX', 'order': 2, 'rows': 4}
{'ticker': 'IWM', 'mode': 'binary', 'thr': 15, 'window': 'MAX', 'order': 3, 'rows': 8}
{'ticker': 'IWM', 'mode': 'binary', 'thr': 15, 'window': 'MAX', 'order': 4, 'rows': 16}
{'ticker': 'IWM', 'mode': 'binary', 'thr': 20, 'window': '1Y', 'order': 1, 'rows': 2}
{'ticker': 'IWM', 'mode': 'binary', 'thr': 20, 'window': '1Y', 'order': 2, 'rows': 4}
{'ticker': 'IWM', 'mode': 'binary', 'thr': 20, 'window': '1Y', 'order': 3, 'rows': 8}
{'ticker': 'IWM', 'mode': 'binary', 'thr': 20, 'window': '1Y', 'order': 4, 'rows': 16}
{'ticker': 'IWM', 'mode': 'binary', 'thr': 20, 'window': '2Y', 'order': 1, 'rows': 2}
{'ticker': 'IWM', 'mode': 'binary', 'thr': 20, 'window': '2Y', 'order': 2, 'rows': 4}
{'ticker': 'IWM', 'mode': 'binary', 'thr': 20, 'window': '2Y', 'order': 3, 'rows': 8}
{'ticker': 'IWM', 'mode': 'binary', 'thr': 20, 'window': '2Y', 'order': 4, 'rows': 16}
{'ticker': 'IWM', 'mode': 'binary', 'thr': 20, 'window': '5Y', 'order': 1, 'rows': 2}
{'ticker': 'IWM', 'mode': 'binary', 'thr': 20, 'window': '5Y', 'order': 2, 'rows': 4}
{'ticker': 'IWM', 'mode': 'binary', 'thr': 20, 'window': '5Y', 'order': 3, 'rows': 8}
{'ticker': 'IWM', 'mode': 'binary', 'thr': 20, 'window': '5Y', 'order': 4, 'rows': 16}
{'ticker': 'IWM', 'mode': 'binary', 'thr': 20, 'window': '10Y', 'order': 1, 'rows': 2}
{'ticker': 'IWM', 'mode': 'binary', 'thr': 20, 'window': '10Y', 'order': 2, 'rows': 4}
{'ticker': 'IWM', 'mode': 'binary', 'thr': 20, 'window': '10Y', 'order': 3, 'rows': 8}
{'ticker': 'IWM', 'mode': 'binary', 'thr': 20, 'window': '10Y', 'order': 4, 'rows': 16}
{'ticker': 'IWM', 'mode': 'binary', 'thr': 20, 'window': '20Y', 'order': 1, 'rows': 2}
{'ticker': 'IWM', 'mode': 'binary', 'thr': 20, 'window': '20Y', 'order': 2, 'rows': 4}
{'ticker': 'IWM', 'mode': 'binary', 'thr': 20, 'window': '20Y', 'order': 3, 'rows': 8}
{'ticker': 'IWM', 'mode': 'binary', 'thr': 20, 'window': '20Y', 'order': 4, 'rows': 16}
{'ticker': 'IWM', 'mode': 'binary', 'thr': 20, 'window': 'MAX', 'order': 1, 'rows': 2}
{'ticker': 'IWM', 'mode': 'binary', 'thr': 20, 'window': 'MAX', 'order': 2, 'rows': 4}
{'ticker': 'IWM', 'mode': 'binary', 'thr': 20, 'window': 'MAX', 'order': 3, 'rows': 8}
{'ticker': 'IWM', 'mode': 'binary', 'thr': 20, 'window': 'MAX', 'order': 4, 'rows': 16}
{'ticker': 'IWM', 'mode': 'binary', 'thr': 25, 'window': '1Y', 'order': 1, 'rows': 2}
{'ticker': 'IWM', 'mode': 'binary', 'thr': 25, 'window': '1Y', 'order': 2, 'rows': 4}
{'ticker': 'IWM', 'mode': 'binary', 'thr': 25, 'window': '1Y', 'order': 3, 'rows': 8}
{'ticker': 'IWM', 'mode': 'binary', 'thr': 25, 'window': '1Y', 'order': 4, 'rows': 15}
{'ticker': 'IWM', 'mode': 'binary', 'thr': 25, 'window': '2Y', 'order': 1, 'rows': 2}
{'ticker': 'IWM', 'mode': 'binary', 'thr': 25, 'window': '2Y', 'order': 2, 'rows': 4}
{'ticker': 'IWM', 'mode': 'binary', 'thr': 25, 'window': '2Y', 'order': 3, 'rows': 8}
{'ticker': 'IWM', 'mode': 'binary', 'thr': 25, 'window': '2Y', 'order': 4, 'rows': 16}
{'ticker': 'IWM', 'mode': 'binary', 'thr': 25, 'window': '5Y', 'order': 1, 'rows': 2}
{'ticker': 'IWM', 'mode': 'binary', 'thr': 25, 'window': '5Y', 'order': 2, 'rows': 4}
{'ticker': 'IWM', 'mode': 'binary', 'thr': 25, 'window': '5Y', 'order': 3, 'rows': 8}
{'ticker': 'IWM', 'mode': 'binary', 'thr': 25, 'window': '5Y', 'order': 4, 'rows': 16}
{'ticker': 'IWM', 'mode': 'binary', 'thr': 25, 'window': '10Y', 'order': 1, 'rows': 2}
{'ticker': 'IWM', 'mode': 'binary', 'thr': 25, 'window': '10Y', 'order': 2, 'rows': 4}
{'ticker': 'IWM', 'mode': 'binary', 'thr': 25, 'window': '10Y', 'order': 3, 'rows': 8}
{'ticker': 'IWM', 'mode': 'binary', 'thr': 25, 'window': '10Y', 'order': 4, 'rows': 16}
{'ticker': 'IWM', 'mode': 'binary', 'thr': 25, 'window': '20Y', 'order': 1, 'rows': 2}
{'ticker': 'IWM', 'mode': 'binary', 'thr': 25, 'window': '20Y', 'order': 2, 'rows': 4}
{'ticker': 'IWM', 'mode': 'binary', 'thr': 25, 'window': '20Y', 'order': 3, 'rows': 8}
{'ticker': 'IWM', 'mode': 'binary', 'thr': 25, 'window': '20Y', 'order': 4, 'rows': 16}
{'ticker': 'IWM', 'mode': 'binary', 'thr': 25, 'window': 'MAX', 'order': 1, 'rows': 2}
{'ticker': 'IWM', 'mode': 'binary', 'thr': 25, 'window': 'MAX', 'order': 2, 'rows': 4}
{'ticker': 'IWM', 'mode': 'binary', 'thr': 25, 'window': 'MAX', 'order': 3, 'rows': 8}2025-11-12 11:27:20,785 INFO [cli] {'ticker': 'IWM', 'mode': 'binary', 'thr': 25, 'window': 'MAX', 'order': 3, 'rows': 8}
2025-11-12 11:27:20,793 INFO [cli] {'ticker': 'IWM', 'mode': 'binary', 'thr': 25, 'window': 'MAX', 'order': 4, 'rows': 16}
2025-11-12 11:27:20,809 INFO [cli] {'ticker': 'IWM', 'mode': 'binary', 'thr': 30, 'window': '1Y', 'order': 1, 'rows': 2}
2025-11-12 11:27:20,819 INFO [cli] {'ticker': 'IWM', 'mode': 'binary', 'thr': 30, 'window': '1Y', 'order': 2, 'rows': 4}
2025-11-12 11:27:20,829 INFO [cli] {'ticker': 'IWM', 'mode': 'binary', 'thr': 30, 'window': '1Y', 'order': 3, 'rows': 8}
2025-11-12 11:27:20,839 INFO [cli] {'ticker': 'IWM', 'mode': 'binary', 'thr': 30, 'window': '1Y', 'order': 4, 'rows': 15}
2025-11-12 11:27:20,849 INFO [cli] {'ticker': 'IWM', 'mode': 'binary', 'thr': 30, 'window': '2Y', 'order': 1, 'rows': 2}
2025-11-12 11:27:20,858 INFO [cli] {'ticker': 'IWM', 'mode': 'binary', 'thr': 30, 'window': '2Y', 'order': 2, 'rows': 4}
2025-11-12 11:27:20,867 INFO [cli] {'ticker': 'IWM', 'mode': 'binary', 'thr': 30, 'window': '2Y', 'order': 3, 'rows': 8}
2025-11-12 11:27:20,876 INFO [cli] {'ticker': 'IWM', 'mode': 'binary', 'thr': 30, 'window': '2Y', 'order': 4, 'rows': 16}
2025-11-12 11:27:20,884 INFO [cli] {'ticker': 'IWM', 'mode': 'binary', 'thr': 30, 'window': '5Y', 'order': 1, 'rows': 2}
2025-11-12 11:27:20,893 INFO [cli] {'ticker': 'IWM', 'mode': 'binary', 'thr': 30, 'window': '5Y', 'order': 2, 'rows': 4}
2025-11-12 11:27:20,902 INFO [cli] {'ticker': 'IWM', 'mode': 'binary', 'thr': 30, 'window': '5Y', 'order': 3, 'rows': 8}
2025-11-12 11:27:20,911 INFO [cli] {'ticker': 'IWM', 'mode': 'binary', 'thr': 30, 'window': '5Y', 'order': 4, 'rows': 16}
2025-11-12 11:27:20,921 INFO [cli] {'ticker': 'IWM', 'mode': 'binary', 'thr': 30, 'window': '10Y', 'order': 1, 'rows': 2}
2025-11-12 11:27:20,932 INFO [cli] {'ticker': 'IWM', 'mode': 'binary', 'thr': 30, 'window': '10Y', 'order': 2, 'rows': 4}
2025-11-12 11:27:20,940 INFO [cli] {'ticker': 'IWM', 'mode': 'binary', 'thr': 30, 'window': '10Y', 'order': 3, 'rows': 8}
2025-11-12 11:27:20,949 INFO [cli] {'ticker': 'IWM', 'mode': 'binary', 'thr': 30, 'window': '10Y', 'order': 4, 'rows': 16}
2025-11-12 11:27:20,960 INFO [cli] {'ticker': 'IWM', 'mode': 'binary', 'thr': 30, 'window': '20Y', 'order': 1, 'rows': 2}
2025-11-12 11:27:20,970 INFO [cli] {'ticker': 'IWM', 'mode': 'binary', 'thr': 30, 'window': '20Y', 'order': 2, 'rows': 4}
2025-11-12 11:27:20,978 INFO [cli] {'ticker': 'IWM', 'mode': 'binary', 'thr': 30, 'window': '20Y', 'order': 3, 'rows': 8}
2025-11-12 11:27:20,989 INFO [cli] {'ticker': 'IWM', 'mode': 'binary', 'thr': 30, 'window': '20Y', 'order': 4, 'rows': 16}
2025-11-12 11:27:20,997 INFO [cli] {'ticker': 'IWM', 'mode': 'binary', 'thr': 30, 'window': 'MAX', 'order': 1, 'rows': 2}
2025-11-12 11:27:21,005 INFO [cli] {'ticker': 'IWM', 'mode': 'binary', 'thr': 30, 'window': 'MAX', 'order': 2, 'rows': 4}
2025-11-12 11:27:21,014 INFO [cli] {'ticker': 'IWM', 'mode': 'binary', 'thr': 30, 'window': 'MAX', 'order': 3, 'rows': 8}
2025-11-12 11:27:21,022 INFO [cli] {'ticker': 'IWM', 'mode': 'binary', 'thr': 30, 'window': 'MAX', 'order': 4, 'rows': 16}
2025-11-12 11:27:21,038 INFO [cli] {'ticker': 'IWM', 'mode': 'binary', 'thr': 35, 'window': '1Y', 'order': 1, 'rows': 2}
2025-11-12 11:27:21,050 INFO [cli] {'ticker': 'IWM', 'mode': 'binary', 'thr': 35, 'window': '1Y', 'order': 2, 'rows': 4}
2025-11-12 11:27:21,061 INFO [cli] {'ticker': 'IWM', 'mode': 'binary', 'thr': 35, 'window': '1Y', 'order': 3, 'rows': 8}
2025-11-12 11:27:21,072 INFO [cli] {'ticker': 'IWM', 'mode': 'binary', 'thr': 35, 'window': '1Y', 'order': 4, 'rows': 15}
2025-11-12 11:27:21,083 INFO [cli] {'ticker': 'IWM', 'mode': 'binary', 'thr': 35, 'window': '2Y', 'order': 1, 'rows': 2}
2025-11-12 11:27:21,095 INFO [cli] {'ticker': 'IWM', 'mode': 'binary', 'thr': 35, 'window': '2Y', 'order': 2, 'rows': 4}
2025-11-12 11:27:21,105 INFO [cli] {'ticker': 'IWM', 'mode': 'binary', 'thr': 35, 'window': '2Y', 'order': 3, 'rows': 8}
2025-11-12 11:27:21,116 INFO [cli] {'ticker': 'IWM', 'mode': 'binary', 'thr': 35, 'window': '2Y', 'order': 4, 'rows': 16}
2025-11-12 11:27:21,127 INFO [cli] {'ticker': 'IWM', 'mode': 'binary', 'thr': 35, 'window': '5Y', 'order': 1, 'rows': 2}
2025-11-12 11:27:21,137 INFO [cli] {'ticker': 'IWM', 'mode': 'binary', 'thr': 35, 'window': '5Y', 'order': 2, 'rows': 4}
2025-11-12 11:27:21,149 INFO [cli] {'ticker': 'IWM', 'mode': 'binary', 'thr': 35, 'window': '5Y', 'order': 3, 'rows': 8}
2025-11-12 11:27:21,160 INFO [cli] {'ticker': 'IWM', 'mode': 'binary', 'thr': 35, 'window': '5Y', 'order': 4, 'rows': 16}
2025-11-12 11:27:21,170 INFO [cli] {'ticker': 'IWM', 'mode': 'binary', 'thr': 35, 'window': '10Y', 'order': 1, 'rows': 2}
2025-11-12 11:27:21,181 INFO [cli] {'ticker': 'IWM', 'mode': 'binary', 'thr': 35, 'window': '10Y', 'order': 2, 'rows': 4}
2025-11-12 11:27:21,189 INFO [cli] {'ticker': 'IWM', 'mode': 'binary', 'thr': 35, 'window': '10Y', 'order': 3, 'rows': 8}
2025-11-12 11:27:21,199 INFO [cli] {'ticker': 'IWM', 'mode': 'binary', 'thr': 35, 'window': '10Y', 'order': 4, 'rows': 16}
2025-11-12 11:27:21,209 INFO [cli] {'ticker': 'IWM', 'mode': 'binary', 'thr': 35, 'window': '20Y', 'order': 1, 'rows': 2}
2025-11-12 11:27:21,217 INFO [cli] {'ticker': 'IWM', 'mode': 'binary', 'thr': 35, 'window': '20Y', 'order': 2, 'rows': 4}
2025-11-12 11:27:21,226 INFO [cli] {'ticker': 'IWM', 'mode': 'binary', 'thr': 35, 'window': '20Y', 'order': 3, 'rows': 8}
2025-11-12 11:27:21,236 INFO [cli] {'ticker': 'IWM', 'mode': 'binary', 'thr': 35, 'window': '20Y', 'order': 4, 'rows': 16}
2025-11-12 11:27:21,245 INFO [cli] {'ticker': 'IWM', 'mode': 'binary', 'thr': 35, 'window': 'MAX', 'order': 1, 'rows': 2}
2025-11-12 11:27:21,256 INFO [cli] {'ticker': 'IWM', 'mode': 'binary', 'thr': 35, 'window': 'MAX', 'order': 2, 'rows': 4}
2025-11-12 11:27:21,264 INFO [cli] {'ticker': 'IWM', 'mode': 'binary', 'thr': 35, 'window': 'MAX', 'order': 3, 'rows': 8}
2025-11-12 11:27:21,274 INFO [cli] {'ticker': 'IWM', 'mode': 'binary', 'thr': 35, 'window': 'MAX', 'order': 4, 'rows': 16}
2025-11-12 11:27:21,290 INFO [cli] {'ticker': 'IWM', 'mode': 'binary', 'thr': 40, 'window': '1Y', 'order': 1, 'rows': 2}
2025-11-12 11:27:21,300 INFO [cli] {'ticker': 'IWM', 'mode': 'binary', 'thr': 40, 'window': '1Y', 'order': 2, 'rows': 4}
2025-11-12 11:27:21,318 INFO [cli] {'ticker': 'IWM', 'mode': 'binary', 'thr': 40, 'window': '1Y', 'order': 3, 'rows': 8}
2025-11-12 11:27:21,331 INFO [cli] {'ticker': 'IWM', 'mode': 'binary', 'thr': 40, 'window': '1Y', 'order': 4, 'rows': 15}
2025-11-12 11:27:21,343 INFO [cli] {'ticker': 'IWM', 'mode': 'binary', 'thr': 40, 'window': '2Y', 'order': 1, 'rows': 2}
2025-11-12 11:27:21,353 INFO [cli] {'ticker': 'IWM', 'mode': 'binary', 'thr': 40, 'window': '2Y', 'order': 2, 'rows': 4}
2025-11-12 11:27:21,364 INFO [cli] {'ticker': 'IWM', 'mode': 'binary', 'thr': 40, 'window': '2Y', 'order': 3, 'rows': 8}
2025-11-12 11:27:21,374 INFO [cli] {'ticker': 'IWM', 'mode': 'binary', 'thr': 40, 'window': '2Y', 'order': 4, 'rows': 16}
2025-11-12 11:27:21,385 INFO [cli] {'ticker': 'IWM', 'mode': 'binary', 'thr': 40, 'window': '5Y', 'order': 1, 'rows': 2}
2025-11-12 11:27:21,397 INFO [cli] {'ticker': 'IWM', 'mode': 'binary', 'thr': 40, 'window': '5Y', 'order': 2, 'rows': 4}
2025-11-12 11:27:21,408 INFO [cli] {'ticker': 'IWM', 'mode': 'binary', 'thr': 40, 'window': '5Y', 'order': 3, 'rows': 8}
2025-11-12 11:27:21,417 INFO [cli] {'ticker': 'IWM', 'mode': 'binary', 'thr': 40, 'window': '5Y', 'order': 4, 'rows': 16}
2025-11-12 11:27:21,427 INFO [cli] {'ticker': 'IWM', 'mode': 'binary', 'thr': 40, 'window': '10Y', 'order': 1, 'rows': 2}
2025-11-12 11:27:21,436 INFO [cli] {'ticker': 'IWM', 'mode': 'binary', 'thr': 40, 'window': '10Y', 'order': 2, 'rows': 4}
2025-11-12 11:27:21,447 INFO [cli] {'ticker': 'IWM', 'mode': 'binary', 'thr': 40, 'window': '10Y', 'order': 3, 'rows': 8}
2025-11-12 11:27:21,457 INFO [cli] {'ticker': 'IWM', 'mode': 'binary', 'thr': 40, 'window': '10Y', 'order': 4, 'rows': 16}
2025-11-12 11:27:21,467 INFO [cli] {'ticker': 'IWM', 'mode': 'binary', 'thr': 40, 'window': '20Y', 'order': 1, 'rows': 2}
2025-11-12 11:27:21,476 INFO [cli] {'ticker': 'IWM', 'mode': 'binary', 'thr': 40, 'window': '20Y', 'order': 2, 'rows': 4}
2025-11-12 11:27:21,484 INFO [cli] {'ticker': 'IWM', 'mode': 'binary', 'thr': 40, 'window': '20Y', 'order': 3, 'rows': 8}
2025-11-12 11:27:21,493 INFO [cli] {'ticker': 'IWM', 'mode': 'binary', 'thr': 40, 'window': '20Y', 'order': 4, 'rows': 16}
2025-11-12 11:27:21,500 INFO [cli] {'ticker': 'IWM', 'mode': 'binary', 'thr': 40, 'window': 'MAX', 'order': 1, 'rows': 2}
2025-11-12 11:27:21,510 INFO [cli] {'ticker': 'IWM', 'mode': 'binary', 'thr': 40, 'window': 'MAX', 'order': 2, 'rows': 4}
2025-11-12 11:27:21,518 INFO [cli] {'ticker': 'IWM', 'mode': 'binary', 'thr': 40, 'window': 'MAX', 'order': 3, 'rows': 8}
2025-11-12 11:27:21,528 INFO [cli] {'ticker': 'IWM', 'mode': 'binary', 'thr': 40, 'window': 'MAX', 'order': 4, 'rows': 16}
2025-11-12 11:27:21,543 INFO [cli] {'ticker': 'IWM', 'mode': 'binary', 'thr': 45, 'window': '1Y', 'order': 1, 'rows': 2}
2025-11-12 11:27:21,552 INFO [cli] {'ticker': 'IWM', 'mode': 'binary', 'thr': 45, 'window': '1Y', 'order': 2, 'rows': 4}
2025-11-12 11:27:21,561 INFO [cli] {'ticker': 'IWM', 'mode': 'binary', 'thr': 45, 'window': '1Y', 'order': 3, 'rows': 8}
2025-11-12 11:27:21,571 INFO [cli] {'ticker': 'IWM', 'mode': 'binary', 'thr': 45, 'window': '1Y', 'order': 4, 'rows': 15}
2025-11-12 11:27:21,580 INFO [cli] {'ticker': 'IWM', 'mode': 'binary', 'thr': 45, 'window': '2Y', 'order': 1, 'rows': 2}
2025-11-12 11:27:21,589 INFO [cli] {'ticker': 'IWM', 'mode': 'binary', 'thr': 45, 'window': '2Y', 'order': 2, 'rows': 4}
2025-11-12 11:27:21,598 INFO [cli] {'ticker': 'IWM', 'mode': 'binary', 'thr': 45, 'window': '2Y', 'order': 3, 'rows': 8}
2025-11-12 11:27:21,607 INFO [cli] {'ticker': 'IWM', 'mode': 'binary', 'thr': 45, 'window': '2Y', 'order': 4, 'rows': 16}
2025-11-12 11:27:21,615 INFO [cli] {'ticker': 'IWM', 'mode': 'binary', 'thr': 45, 'window': '5Y', 'order': 1, 'rows': 2}
2025-11-12 11:27:21,623 INFO [cli] {'ticker': 'IWM', 'mode': 'binary', 'thr': 45, 'window': '5Y', 'order': 2, 'rows': 4}
2025-11-12 11:27:21,633 INFO [cli] {'ticker': 'IWM', 'mode': 'binary', 'thr': 45, 'window': '5Y', 'order': 3, 'rows': 8}
2025-11-12 11:27:21,642 INFO [cli] {'ticker': 'IWM', 'mode': 'binary', 'thr': 45, 'window': '5Y', 'order': 4, 'rows': 16}
2025-11-12 11:27:21,651 INFO [cli] {'ticker': 'IWM', 'mode': 'binary', 'thr': 45, 'window': '10Y', 'order': 1, 'rows': 2}
2025-11-12 11:27:21,661 INFO [cli] {'ticker': 'IWM', 'mode': 'binary', 'thr': 45, 'window': '10Y', 'order': 2, 'rows': 4}
2025-11-12 11:27:21,671 INFO [cli] {'ticker': 'IWM', 'mode': 'binary', 'thr': 45, 'window': '10Y', 'order': 3, 'rows': 8}
2025-11-12 11:27:21,681 INFO [cli] {'ticker': 'IWM', 'mode': 'binary', 'thr': 45, 'window': '10Y', 'order': 4, 'rows': 16}
2025-11-12 11:27:21,691 INFO [cli] {'ticker': 'IWM', 'mode': 'binary', 'thr': 45, 'window': '20Y', 'order': 1, 'rows': 2}
2025-11-12 11:27:21,701 INFO [cli] {'ticker': 'IWM', 'mode': 'binary', 'thr': 45, 'window': '20Y', 'order': 2, 'rows': 4}
2025-11-12 11:27:21,711 INFO [cli] {'ticker': 'IWM', 'mode': 'binary', 'thr': 45, 'window': '20Y', 'order': 3, 'rows': 8}
2025-11-12 11:27:21,721 INFO [cli] {'ticker': 'IWM', 'mode': 'binary', 'thr': 45, 'window': '20Y', 'order': 4, 'rows': 16}
2025-11-12 11:27:21,731 INFO [cli] {'ticker': 'IWM', 'mode': 'binary', 'thr': 45, 'window': 'MAX', 'order': 1, 'rows': 2}

{'ticker': 'IWM', 'mode': 'binary', 'thr': 25, 'window': 'MAX', 'order': 4, 'rows': 16}
{'ticker': 'IWM', 'mode': 'binary', 'thr': 30, 'window': '1Y', 'order': 1, 'rows': 2}
{'ticker': 'IWM', 'mode': 'binary', 'thr': 30, 'window': '1Y', 'order': 2, 'rows': 4}
{'ticker': 'IWM', 'mode': 'binary', 'thr': 30, 'window': '1Y', 'order': 3, 'rows': 8}
{'ticker': 'IWM', 'mode': 'binary', 'thr': 30, 'window': '1Y', 'order': 4, 'rows': 15}
{'ticker': 'IWM', 'mode': 'binary', 'thr': 30, 'window': '2Y', 'order': 1, 'rows': 2}
{'ticker': 'IWM', 'mode': 'binary', 'thr': 30, 'window': '2Y', 'order': 2, 'rows': 4}
{'ticker': 'IWM', 'mode': 'binary', 'thr': 30, 'window': '2Y', 'order': 3, 'rows': 8}
{'ticker': 'IWM', 'mode': 'binary', 'thr': 30, 'window': '2Y', 'order': 4, 'rows': 16}
{'ticker': 'IWM', 'mode': 'binary', 'thr': 30, 'window': '5Y', 'order': 1, 'rows': 2}
{'ticker': 'IWM', 'mode': 'binary', 'thr': 30, 'window': '5Y', 'order': 2, 'rows': 4}
{'ticker': 'IWM', 'mode': 'binary', 'thr': 30, 'window': '5Y', 'order': 3, 'rows': 8}
{'ticker': 'IWM', 'mode': 'binary', 'thr': 30, 'window': '5Y', 'order': 4, 'rows': 16}
{'ticker': 'IWM', 'mode': 'binary', 'thr': 30, 'window': '10Y', 'order': 1, 'rows': 2}
{'ticker': 'IWM', 'mode': 'binary', 'thr': 30, 'window': '10Y', 'order': 2, 'rows': 4}
{'ticker': 'IWM', 'mode': 'binary', 'thr': 30, 'window': '10Y', 'order': 3, 'rows': 8}
{'ticker': 'IWM', 'mode': 'binary', 'thr': 30, 'window': '10Y', 'order': 4, 'rows': 16}
{'ticker': 'IWM', 'mode': 'binary', 'thr': 30, 'window': '20Y', 'order': 1, 'rows': 2}
{'ticker': 'IWM', 'mode': 'binary', 'thr': 30, 'window': '20Y', 'order': 2, 'rows': 4}
{'ticker': 'IWM', 'mode': 'binary', 'thr': 30, 'window': '20Y', 'order': 3, 'rows': 8}
{'ticker': 'IWM', 'mode': 'binary', 'thr': 30, 'window': '20Y', 'order': 4, 'rows': 16}
{'ticker': 'IWM', 'mode': 'binary', 'thr': 30, 'window': 'MAX', 'order': 1, 'rows': 2}
{'ticker': 'IWM', 'mode': 'binary', 'thr': 30, 'window': 'MAX', 'order': 2, 'rows': 4}
{'ticker': 'IWM', 'mode': 'binary', 'thr': 30, 'window': 'MAX', 'order': 3, 'rows': 8}
{'ticker': 'IWM', 'mode': 'binary', 'thr': 30, 'window': 'MAX', 'order': 4, 'rows': 16}
{'ticker': 'IWM', 'mode': 'binary', 'thr': 35, 'window': '1Y', 'order': 1, 'rows': 2}
{'ticker': 'IWM', 'mode': 'binary', 'thr': 35, 'window': '1Y', 'order': 2, 'rows': 4}
{'ticker': 'IWM', 'mode': 'binary', 'thr': 35, 'window': '1Y', 'order': 3, 'rows': 8}
{'ticker': 'IWM', 'mode': 'binary', 'thr': 35, 'window': '1Y', 'order': 4, 'rows': 15}
{'ticker': 'IWM', 'mode': 'binary', 'thr': 35, 'window': '2Y', 'order': 1, 'rows': 2}
{'ticker': 'IWM', 'mode': 'binary', 'thr': 35, 'window': '2Y', 'order': 2, 'rows': 4}
{'ticker': 'IWM', 'mode': 'binary', 'thr': 35, 'window': '2Y', 'order': 3, 'rows': 8}
{'ticker': 'IWM', 'mode': 'binary', 'thr': 35, 'window': '2Y', 'order': 4, 'rows': 16}
{'ticker': 'IWM', 'mode': 'binary', 'thr': 35, 'window': '5Y', 'order': 1, 'rows': 2}
{'ticker': 'IWM', 'mode': 'binary', 'thr': 35, 'window': '5Y', 'order': 2, 'rows': 4}
{'ticker': 'IWM', 'mode': 'binary', 'thr': 35, 'window': '5Y', 'order': 3, 'rows': 8}
{'ticker': 'IWM', 'mode': 'binary', 'thr': 35, 'window': '5Y', 'order': 4, 'rows': 16}
{'ticker': 'IWM', 'mode': 'binary', 'thr': 35, 'window': '10Y', 'order': 1, 'rows': 2}
{'ticker': 'IWM', 'mode': 'binary', 'thr': 35, 'window': '10Y', 'order': 2, 'rows': 4}
{'ticker': 'IWM', 'mode': 'binary', 'thr': 35, 'window': '10Y', 'order': 3, 'rows': 8}
{'ticker': 'IWM', 'mode': 'binary', 'thr': 35, 'window': '10Y', 'order': 4, 'rows': 16}
{'ticker': 'IWM', 'mode': 'binary', 'thr': 35, 'window': '20Y', 'order': 1, 'rows': 2}
{'ticker': 'IWM', 'mode': 'binary', 'thr': 35, 'window': '20Y', 'order': 2, 'rows': 4}
{'ticker': 'IWM', 'mode': 'binary', 'thr': 35, 'window': '20Y', 'order': 3, 'rows': 8}
{'ticker': 'IWM', 'mode': 'binary', 'thr': 35, 'window': '20Y', 'order': 4, 'rows': 16}
{'ticker': 'IWM', 'mode': 'binary', 'thr': 35, 'window': 'MAX', 'order': 1, 'rows': 2}
{'ticker': 'IWM', 'mode': 'binary', 'thr': 35, 'window': 'MAX', 'order': 2, 'rows': 4}
{'ticker': 'IWM', 'mode': 'binary', 'thr': 35, 'window': 'MAX', 'order': 3, 'rows': 8}
{'ticker': 'IWM', 'mode': 'binary', 'thr': 35, 'window': 'MAX', 'order': 4, 'rows': 16}
{'ticker': 'IWM', 'mode': 'binary', 'thr': 40, 'window': '1Y', 'order': 1, 'rows': 2}
{'ticker': 'IWM', 'mode': 'binary', 'thr': 40, 'window': '1Y', 'order': 2, 'rows': 4}
{'ticker': 'IWM', 'mode': 'binary', 'thr': 40, 'window': '1Y', 'order': 3, 'rows': 8}
{'ticker': 'IWM', 'mode': 'binary', 'thr': 40, 'window': '1Y', 'order': 4, 'rows': 15}
{'ticker': 'IWM', 'mode': 'binary', 'thr': 40, 'window': '2Y', 'order': 1, 'rows': 2}
{'ticker': 'IWM', 'mode': 'binary', 'thr': 40, 'window': '2Y', 'order': 2, 'rows': 4}
{'ticker': 'IWM', 'mode': 'binary', 'thr': 40, 'window': '2Y', 'order': 3, 'rows': 8}
{'ticker': 'IWM', 'mode': 'binary', 'thr': 40, 'window': '2Y', 'order': 4, 'rows': 16}
{'ticker': 'IWM', 'mode': 'binary', 'thr': 40, 'window': '5Y', 'order': 1, 'rows': 2}
{'ticker': 'IWM', 'mode': 'binary', 'thr': 40, 'window': '5Y', 'order': 2, 'rows': 4}
{'ticker': 'IWM', 'mode': 'binary', 'thr': 40, 'window': '5Y', 'order': 3, 'rows': 8}
{'ticker': 'IWM', 'mode': 'binary', 'thr': 40, 'window': '5Y', 'order': 4, 'rows': 16}
{'ticker': 'IWM', 'mode': 'binary', 'thr': 40, 'window': '10Y', 'order': 1, 'rows': 2}
{'ticker': 'IWM', 'mode': 'binary', 'thr': 40, 'window': '10Y', 'order': 2, 'rows': 4}
{'ticker': 'IWM', 'mode': 'binary', 'thr': 40, 'window': '10Y', 'order': 3, 'rows': 8}
{'ticker': 'IWM', 'mode': 'binary', 'thr': 40, 'window': '10Y', 'order': 4, 'rows': 16}
{'ticker': 'IWM', 'mode': 'binary', 'thr': 40, 'window': '20Y', 'order': 1, 'rows': 2}
{'ticker': 'IWM', 'mode': 'binary', 'thr': 40, 'window': '20Y', 'order': 2, 'rows': 4}
{'ticker': 'IWM', 'mode': 'binary', 'thr': 40, 'window': '20Y', 'order': 3, 'rows': 8}
{'ticker': 'IWM', 'mode': 'binary', 'thr': 40, 'window': '20Y', 'order': 4, 'rows': 16}
{'ticker': 'IWM', 'mode': 'binary', 'thr': 40, 'window': 'MAX', 'order': 1, 'rows': 2}
{'ticker': 'IWM', 'mode': 'binary', 'thr': 40, 'window': 'MAX', 'order': 2, 'rows': 4}
{'ticker': 'IWM', 'mode': 'binary', 'thr': 40, 'window': 'MAX', 'order': 3, 'rows': 8}
{'ticker': 'IWM', 'mode': 'binary', 'thr': 40, 'window': 'MAX', 'order': 4, 'rows': 16}
{'ticker': 'IWM', 'mode': 'binary', 'thr': 45, 'window': '1Y', 'order': 1, 'rows': 2}
{'ticker': 'IWM', 'mode': 'binary', 'thr': 45, 'window': '1Y', 'order': 2, 'rows': 4}
{'ticker': 'IWM', 'mode': 'binary', 'thr': 45, 'window': '1Y', 'order': 3, 'rows': 8}
{'ticker': 'IWM', 'mode': 'binary', 'thr': 45, 'window': '1Y', 'order': 4, 'rows': 15}
{'ticker': 'IWM', 'mode': 'binary', 'thr': 45, 'window': '2Y', 'order': 1, 'rows': 2}
{'ticker': 'IWM', 'mode': 'binary', 'thr': 45, 'window': '2Y', 'order': 2, 'rows': 4}
{'ticker': 'IWM', 'mode': 'binary', 'thr': 45, 'window': '2Y', 'order': 3, 'rows': 8}
{'ticker': 'IWM', 'mode': 'binary', 'thr': 45, 'window': '2Y', 'order': 4, 'rows': 16}
{'ticker': 'IWM', 'mode': 'binary', 'thr': 45, 'window': '5Y', 'order': 1, 'rows': 2}
{'ticker': 'IWM', 'mode': 'binary', 'thr': 45, 'window': '5Y', 'order': 2, 'rows': 4}
{'ticker': 'IWM', 'mode': 'binary', 'thr': 45, 'window': '5Y', 'order': 3, 'rows': 8}
{'ticker': 'IWM', 'mode': 'binary', 'thr': 45, 'window': '5Y', 'order': 4, 'rows': 16}
{'ticker': 'IWM', 'mode': 'binary', 'thr': 45, 'window': '10Y', 'order': 1, 'rows': 2}
{'ticker': 'IWM', 'mode': 'binary', 'thr': 45, 'window': '10Y', 'order': 2, 'rows': 4}
{'ticker': 'IWM', 'mode': 'binary', 'thr': 45, 'window': '10Y', 'order': 3, 'rows': 8}
{'ticker': 'IWM', 'mode': 'binary', 'thr': 45, 'window': '10Y', 'order': 4, 'rows': 16}
{'ticker': 'IWM', 'mode': 'binary', 'thr': 45, 'window': '20Y', 'order': 1, 'rows': 2}
{'ticker': 'IWM', 'mode': 'binary', 'thr': 45, 'window': '20Y', 'order': 2, 'rows': 4}
{'ticker': 'IWM', 'mode': 'binary', 'thr': 45, 'window': '20Y', 'order': 3, 'rows': 8}
{'ticker': 'IWM', 'mode': 'binary', 'thr': 45, 'window': '20Y', 'order': 4, 'rows': 16}
{'ticker': 'IWM', 'mode': 'binary', 'thr': 45, 'window': 'MAX', 'order': 1, 'rows': 2}
{'ticker': 'IWM', 'mode': 'binary', 'thr': 45, 'window': 'MAX', 'order': 2, 'rows': 4}2025-11-12 11:27:21,742 INFO [cli] {'ticker': 'IWM', 'mode': 'binary', 'thr': 45, 'window': 'MAX', 'order': 2, 'rows': 4}
2025-11-12 11:27:21,751 INFO [cli] {'ticker': 'IWM', 'mode': 'binary', 'thr': 45, 'window': 'MAX', 'order': 3, 'rows': 8}
2025-11-12 11:27:21,761 INFO [cli] {'ticker': 'IWM', 'mode': 'binary', 'thr': 45, 'window': 'MAX', 'order': 4, 'rows': 16}
2025-11-12 11:27:21,777 INFO [cli] {'ticker': 'IWM', 'mode': 'binary', 'thr': 50, 'window': '1Y', 'order': 1, 'rows': 2}
2025-11-12 11:27:21,785 INFO [cli] {'ticker': 'IWM', 'mode': 'binary', 'thr': 50, 'window': '1Y', 'order': 2, 'rows': 4}
2025-11-12 11:27:21,796 INFO [cli] {'ticker': 'IWM', 'mode': 'binary', 'thr': 50, 'window': '1Y', 'order': 3, 'rows': 8}
2025-11-12 11:27:21,806 INFO [cli] {'ticker': 'IWM', 'mode': 'binary', 'thr': 50, 'window': '1Y', 'order': 4, 'rows': 15}
2025-11-12 11:27:21,816 INFO [cli] {'ticker': 'IWM', 'mode': 'binary', 'thr': 50, 'window': '2Y', 'order': 1, 'rows': 2}
2025-11-12 11:27:21,826 INFO [cli] {'ticker': 'IWM', 'mode': 'binary', 'thr': 50, 'window': '2Y', 'order': 2, 'rows': 4}
2025-11-12 11:27:21,837 INFO [cli] {'ticker': 'IWM', 'mode': 'binary', 'thr': 50, 'window': '2Y', 'order': 3, 'rows': 8}
2025-11-12 11:27:21,847 INFO [cli] {'ticker': 'IWM', 'mode': 'binary', 'thr': 50, 'window': '2Y', 'order': 4, 'rows': 16}
2025-11-12 11:27:21,857 INFO [cli] {'ticker': 'IWM', 'mode': 'binary', 'thr': 50, 'window': '5Y', 'order': 1, 'rows': 2}
2025-11-12 11:27:21,867 INFO [cli] {'ticker': 'IWM', 'mode': 'binary', 'thr': 50, 'window': '5Y', 'order': 2, 'rows': 4}
2025-11-12 11:27:21,877 INFO [cli] {'ticker': 'IWM', 'mode': 'binary', 'thr': 50, 'window': '5Y', 'order': 3, 'rows': 8}
2025-11-12 11:27:21,891 INFO [cli] {'ticker': 'IWM', 'mode': 'binary', 'thr': 50, 'window': '5Y', 'order': 4, 'rows': 16}
2025-11-12 11:27:21,902 INFO [cli] {'ticker': 'IWM', 'mode': 'binary', 'thr': 50, 'window': '10Y', 'order': 1, 'rows': 2}
2025-11-12 11:27:21,911 INFO [cli] {'ticker': 'IWM', 'mode': 'binary', 'thr': 50, 'window': '10Y', 'order': 2, 'rows': 4}
2025-11-12 11:27:21,921 INFO [cli] {'ticker': 'IWM', 'mode': 'binary', 'thr': 50, 'window': '10Y', 'order': 3, 'rows': 8}
2025-11-12 11:27:21,931 INFO [cli] {'ticker': 'IWM', 'mode': 'binary', 'thr': 50, 'window': '10Y', 'order': 4, 'rows': 16}
2025-11-12 11:27:21,941 INFO [cli] {'ticker': 'IWM', 'mode': 'binary', 'thr': 50, 'window': '20Y', 'order': 1, 'rows': 2}
2025-11-12 11:27:21,952 INFO [cli] {'ticker': 'IWM', 'mode': 'binary', 'thr': 50, 'window': '20Y', 'order': 2, 'rows': 4}
2025-11-12 11:27:21,962 INFO [cli] {'ticker': 'IWM', 'mode': 'binary', 'thr': 50, 'window': '20Y', 'order': 3, 'rows': 8}
2025-11-12 11:27:21,972 INFO [cli] {'ticker': 'IWM', 'mode': 'binary', 'thr': 50, 'window': '20Y', 'order': 4, 'rows': 16}
2025-11-12 11:27:21,983 INFO [cli] {'ticker': 'IWM', 'mode': 'binary', 'thr': 50, 'window': 'MAX', 'order': 1, 'rows': 2}
2025-11-12 11:27:21,993 INFO [cli] {'ticker': 'IWM', 'mode': 'binary', 'thr': 50, 'window': 'MAX', 'order': 2, 'rows': 4}
2025-11-12 11:27:22,002 INFO [cli] {'ticker': 'IWM', 'mode': 'binary', 'thr': 50, 'window': 'MAX', 'order': 3, 'rows': 8}
2025-11-12 11:27:22,010 INFO [cli] {'ticker': 'IWM', 'mode': 'binary', 'thr': 50, 'window': 'MAX', 'order': 4, 'rows': 16}
2025-11-12 11:27:22,026 INFO [cli] {'ticker': 'IWM', 'mode': 'binary', 'thr': 55, 'window': '1Y', 'order': 1, 'rows': 2}
2025-11-12 11:27:22,035 INFO [cli] {'ticker': 'IWM', 'mode': 'binary', 'thr': 55, 'window': '1Y', 'order': 2, 'rows': 4}
2025-11-12 11:27:22,044 INFO [cli] {'ticker': 'IWM', 'mode': 'binary', 'thr': 55, 'window': '1Y', 'order': 3, 'rows': 8}
2025-11-12 11:27:22,054 INFO [cli] {'ticker': 'IWM', 'mode': 'binary', 'thr': 55, 'window': '1Y', 'order': 4, 'rows': 15}
2025-11-12 11:27:22,064 INFO [cli] {'ticker': 'IWM', 'mode': 'binary', 'thr': 55, 'window': '2Y', 'order': 1, 'rows': 2}
2025-11-12 11:27:22,073 INFO [cli] {'ticker': 'IWM', 'mode': 'binary', 'thr': 55, 'window': '2Y', 'order': 2, 'rows': 4}
2025-11-12 11:27:22,081 INFO [cli] {'ticker': 'IWM', 'mode': 'binary', 'thr': 55, 'window': '2Y', 'order': 3, 'rows': 8}
2025-11-12 11:27:22,092 INFO [cli] {'ticker': 'IWM', 'mode': 'binary', 'thr': 55, 'window': '2Y', 'order': 4, 'rows': 16}
2025-11-12 11:27:22,102 INFO [cli] {'ticker': 'IWM', 'mode': 'binary', 'thr': 55, 'window': '5Y', 'order': 1, 'rows': 2}
2025-11-12 11:27:22,110 INFO [cli] {'ticker': 'IWM', 'mode': 'binary', 'thr': 55, 'window': '5Y', 'order': 2, 'rows': 4}
2025-11-12 11:27:22,119 INFO [cli] {'ticker': 'IWM', 'mode': 'binary', 'thr': 55, 'window': '5Y', 'order': 3, 'rows': 8}
2025-11-12 11:27:22,130 INFO [cli] {'ticker': 'IWM', 'mode': 'binary', 'thr': 55, 'window': '5Y', 'order': 4, 'rows': 16}
2025-11-12 11:27:22,139 INFO [cli] {'ticker': 'IWM', 'mode': 'binary', 'thr': 55, 'window': '10Y', 'order': 1, 'rows': 2}
2025-11-12 11:27:22,148 INFO [cli] {'ticker': 'IWM', 'mode': 'binary', 'thr': 55, 'window': '10Y', 'order': 2, 'rows': 4}
2025-11-12 11:27:22,158 INFO [cli] {'ticker': 'IWM', 'mode': 'binary', 'thr': 55, 'window': '10Y', 'order': 3, 'rows': 8}
2025-11-12 11:27:22,169 INFO [cli] {'ticker': 'IWM', 'mode': 'binary', 'thr': 55, 'window': '10Y', 'order': 4, 'rows': 16}
2025-11-12 11:27:22,179 INFO [cli] {'ticker': 'IWM', 'mode': 'binary', 'thr': 55, 'window': '20Y', 'order': 1, 'rows': 2}
2025-11-12 11:27:22,188 INFO [cli] {'ticker': 'IWM', 'mode': 'binary', 'thr': 55, 'window': '20Y', 'order': 2, 'rows': 4}
2025-11-12 11:27:22,198 INFO [cli] {'ticker': 'IWM', 'mode': 'binary', 'thr': 55, 'window': '20Y', 'order': 3, 'rows': 8}
2025-11-12 11:27:22,209 INFO [cli] {'ticker': 'IWM', 'mode': 'binary', 'thr': 55, 'window': '20Y', 'order': 4, 'rows': 16}
2025-11-12 11:27:22,219 INFO [cli] {'ticker': 'IWM', 'mode': 'binary', 'thr': 55, 'window': 'MAX', 'order': 1, 'rows': 2}
2025-11-12 11:27:22,230 INFO [cli] {'ticker': 'IWM', 'mode': 'binary', 'thr': 55, 'window': 'MAX', 'order': 2, 'rows': 4}
2025-11-12 11:27:22,248 INFO [cli] {'ticker': 'IWM', 'mode': 'binary', 'thr': 55, 'window': 'MAX', 'order': 3, 'rows': 8}
2025-11-12 11:27:22,257 INFO [cli] {'ticker': 'IWM', 'mode': 'binary', 'thr': 55, 'window': 'MAX', 'order': 4, 'rows': 16}
2025-11-12 11:27:22,273 INFO [cli] {'ticker': 'IWM', 'mode': 'binary', 'thr': 60, 'window': '1Y', 'order': 1, 'rows': 2}
2025-11-12 11:27:22,283 INFO [cli] {'ticker': 'IWM', 'mode': 'binary', 'thr': 60, 'window': '1Y', 'order': 2, 'rows': 4}
2025-11-12 11:27:22,291 INFO [cli] {'ticker': 'IWM', 'mode': 'binary', 'thr': 60, 'window': '1Y', 'order': 3, 'rows': 8}
2025-11-12 11:27:22,302 INFO [cli] {'ticker': 'IWM', 'mode': 'binary', 'thr': 60, 'window': '1Y', 'order': 4, 'rows': 15}
2025-11-12 11:27:22,312 INFO [cli] {'ticker': 'IWM', 'mode': 'binary', 'thr': 60, 'window': '2Y', 'order': 1, 'rows': 2}
2025-11-12 11:27:22,322 INFO [cli] {'ticker': 'IWM', 'mode': 'binary', 'thr': 60, 'window': '2Y', 'order': 2, 'rows': 4}
2025-11-12 11:27:22,332 INFO [cli] {'ticker': 'IWM', 'mode': 'binary', 'thr': 60, 'window': '2Y', 'order': 3, 'rows': 8}
2025-11-12 11:27:22,343 INFO [cli] {'ticker': 'IWM', 'mode': 'binary', 'thr': 60, 'window': '2Y', 'order': 4, 'rows': 16}
2025-11-12 11:27:22,353 INFO [cli] {'ticker': 'IWM', 'mode': 'binary', 'thr': 60, 'window': '5Y', 'order': 1, 'rows': 2}
2025-11-12 11:27:22,361 INFO [cli] {'ticker': 'IWM', 'mode': 'binary', 'thr': 60, 'window': '5Y', 'order': 2, 'rows': 4}
2025-11-12 11:27:22,371 INFO [cli] {'ticker': 'IWM', 'mode': 'binary', 'thr': 60, 'window': '5Y', 'order': 3, 'rows': 8}
2025-11-12 11:27:22,380 INFO [cli] {'ticker': 'IWM', 'mode': 'binary', 'thr': 60, 'window': '5Y', 'order': 4, 'rows': 16}
2025-11-12 11:27:22,388 INFO [cli] {'ticker': 'IWM', 'mode': 'binary', 'thr': 60, 'window': '10Y', 'order': 1, 'rows': 2}
2025-11-12 11:27:22,399 INFO [cli] {'ticker': 'IWM', 'mode': 'binary', 'thr': 60, 'window': '10Y', 'order': 2, 'rows': 4}
2025-11-12 11:27:22,409 INFO [cli] {'ticker': 'IWM', 'mode': 'binary', 'thr': 60, 'window': '10Y', 'order': 3, 'rows': 8}
2025-11-12 11:27:22,416 INFO [cli] {'ticker': 'IWM', 'mode': 'binary', 'thr': 60, 'window': '10Y', 'order': 4, 'rows': 16}
2025-11-12 11:27:22,424 INFO [cli] {'ticker': 'IWM', 'mode': 'binary', 'thr': 60, 'window': '20Y', 'order': 1, 'rows': 2}
2025-11-12 11:27:22,433 INFO [cli] {'ticker': 'IWM', 'mode': 'binary', 'thr': 60, 'window': '20Y', 'order': 2, 'rows': 4}
2025-11-12 11:27:22,441 INFO [cli] {'ticker': 'IWM', 'mode': 'binary', 'thr': 60, 'window': '20Y', 'order': 3, 'rows': 8}
2025-11-12 11:27:22,450 INFO [cli] {'ticker': 'IWM', 'mode': 'binary', 'thr': 60, 'window': '20Y', 'order': 4, 'rows': 16}
2025-11-12 11:27:22,458 INFO [cli] {'ticker': 'IWM', 'mode': 'binary', 'thr': 60, 'window': 'MAX', 'order': 1, 'rows': 2}
2025-11-12 11:27:22,468 INFO [cli] {'ticker': 'IWM', 'mode': 'binary', 'thr': 60, 'window': 'MAX', 'order': 2, 'rows': 4}
2025-11-12 11:27:22,477 INFO [cli] {'ticker': 'IWM', 'mode': 'binary', 'thr': 60, 'window': 'MAX', 'order': 3, 'rows': 8}
2025-11-12 11:27:22,486 INFO [cli] {'ticker': 'IWM', 'mode': 'binary', 'thr': 60, 'window': 'MAX', 'order': 4, 'rows': 16}
2025-11-12 11:27:22,502 INFO [cli] {'ticker': 'IWM', 'mode': 'binary', 'thr': 65, 'window': '1Y', 'order': 1, 'rows': 2}
2025-11-12 11:27:22,512 INFO [cli] {'ticker': 'IWM', 'mode': 'binary', 'thr': 65, 'window': '1Y', 'order': 2, 'rows': 4}
2025-11-12 11:27:22,523 INFO [cli] {'ticker': 'IWM', 'mode': 'binary', 'thr': 65, 'window': '1Y', 'order': 3, 'rows': 8}
2025-11-12 11:27:22,531 INFO [cli] {'ticker': 'IWM', 'mode': 'binary', 'thr': 65, 'window': '1Y', 'order': 4, 'rows': 15}
2025-11-12 11:27:22,540 INFO [cli] {'ticker': 'IWM', 'mode': 'binary', 'thr': 65, 'window': '2Y', 'order': 1, 'rows': 2}
2025-11-12 11:27:22,550 INFO [cli] {'ticker': 'IWM', 'mode': 'binary', 'thr': 65, 'window': '2Y', 'order': 2, 'rows': 4}
2025-11-12 11:27:22,560 INFO [cli] {'ticker': 'IWM', 'mode': 'binary', 'thr': 65, 'window': '2Y', 'order': 3, 'rows': 8}
2025-11-12 11:27:22,569 INFO [cli] {'ticker': 'IWM', 'mode': 'binary', 'thr': 65, 'window': '2Y', 'order': 4, 'rows': 16}
2025-11-12 11:27:22,578 INFO [cli] {'ticker': 'IWM', 'mode': 'binary', 'thr': 65, 'window': '5Y', 'order': 1, 'rows': 2}
2025-11-12 11:27:22,587 INFO [cli] {'ticker': 'IWM', 'mode': 'binary', 'thr': 65, 'window': '5Y', 'order': 2, 'rows': 4}
2025-11-12 11:27:22,596 INFO [cli] {'ticker': 'IWM', 'mode': 'binary', 'thr': 65, 'window': '5Y', 'order': 3, 'rows': 8}
2025-11-12 11:27:22,604 INFO [cli] {'ticker': 'IWM', 'mode': 'binary', 'thr': 65, 'window': '5Y', 'order': 4, 'rows': 16}
2025-11-12 11:27:22,616 INFO [cli] {'ticker': 'IWM', 'mode': 'binary', 'thr': 65, 'window': '10Y', 'order': 1, 'rows': 2}
2025-11-12 11:27:22,627 INFO [cli] {'ticker': 'IWM', 'mode': 'binary', 'thr': 65, 'window': '10Y', 'order': 2, 'rows': 4}
2025-11-12 11:27:22,637 INFO [cli] {'ticker': 'IWM', 'mode': 'binary', 'thr': 65, 'window': '10Y', 'order': 3, 'rows': 8}
2025-11-12 11:27:22,647 INFO [cli] {'ticker': 'IWM', 'mode': 'binary', 'thr': 65, 'window': '10Y', 'order': 4, 'rows': 16}
2025-11-12 11:27:22,656 INFO [cli] {'ticker': 'IWM', 'mode': 'binary', 'thr': 65, 'window': '20Y', 'order': 1, 'rows': 2}
2025-11-12 11:27:22,665 INFO [cli] {'ticker': 'IWM', 'mode': 'binary', 'thr': 65, 'window': '20Y', 'order': 2, 'rows': 4}
2025-11-12 11:27:22,675 INFO [cli] {'ticker': 'IWM', 'mode': 'binary', 'thr': 65, 'window': '20Y', 'order': 3, 'rows': 8}
2025-11-12 11:27:22,684 INFO [cli] {'ticker': 'IWM', 'mode': 'binary', 'thr': 65, 'window': '20Y', 'order': 4, 'rows': 16}

{'ticker': 'IWM', 'mode': 'binary', 'thr': 45, 'window': 'MAX', 'order': 3, 'rows': 8}
{'ticker': 'IWM', 'mode': 'binary', 'thr': 45, 'window': 'MAX', 'order': 4, 'rows': 16}
{'ticker': 'IWM', 'mode': 'binary', 'thr': 50, 'window': '1Y', 'order': 1, 'rows': 2}
{'ticker': 'IWM', 'mode': 'binary', 'thr': 50, 'window': '1Y', 'order': 2, 'rows': 4}
{'ticker': 'IWM', 'mode': 'binary', 'thr': 50, 'window': '1Y', 'order': 3, 'rows': 8}
{'ticker': 'IWM', 'mode': 'binary', 'thr': 50, 'window': '1Y', 'order': 4, 'rows': 15}
{'ticker': 'IWM', 'mode': 'binary', 'thr': 50, 'window': '2Y', 'order': 1, 'rows': 2}
{'ticker': 'IWM', 'mode': 'binary', 'thr': 50, 'window': '2Y', 'order': 2, 'rows': 4}
{'ticker': 'IWM', 'mode': 'binary', 'thr': 50, 'window': '2Y', 'order': 3, 'rows': 8}
{'ticker': 'IWM', 'mode': 'binary', 'thr': 50, 'window': '2Y', 'order': 4, 'rows': 16}
{'ticker': 'IWM', 'mode': 'binary', 'thr': 50, 'window': '5Y', 'order': 1, 'rows': 2}
{'ticker': 'IWM', 'mode': 'binary', 'thr': 50, 'window': '5Y', 'order': 2, 'rows': 4}
{'ticker': 'IWM', 'mode': 'binary', 'thr': 50, 'window': '5Y', 'order': 3, 'rows': 8}
{'ticker': 'IWM', 'mode': 'binary', 'thr': 50, 'window': '5Y', 'order': 4, 'rows': 16}
{'ticker': 'IWM', 'mode': 'binary', 'thr': 50, 'window': '10Y', 'order': 1, 'rows': 2}
{'ticker': 'IWM', 'mode': 'binary', 'thr': 50, 'window': '10Y', 'order': 2, 'rows': 4}
{'ticker': 'IWM', 'mode': 'binary', 'thr': 50, 'window': '10Y', 'order': 3, 'rows': 8}
{'ticker': 'IWM', 'mode': 'binary', 'thr': 50, 'window': '10Y', 'order': 4, 'rows': 16}
{'ticker': 'IWM', 'mode': 'binary', 'thr': 50, 'window': '20Y', 'order': 1, 'rows': 2}
{'ticker': 'IWM', 'mode': 'binary', 'thr': 50, 'window': '20Y', 'order': 2, 'rows': 4}
{'ticker': 'IWM', 'mode': 'binary', 'thr': 50, 'window': '20Y', 'order': 3, 'rows': 8}
{'ticker': 'IWM', 'mode': 'binary', 'thr': 50, 'window': '20Y', 'order': 4, 'rows': 16}
{'ticker': 'IWM', 'mode': 'binary', 'thr': 50, 'window': 'MAX', 'order': 1, 'rows': 2}
{'ticker': 'IWM', 'mode': 'binary', 'thr': 50, 'window': 'MAX', 'order': 2, 'rows': 4}
{'ticker': 'IWM', 'mode': 'binary', 'thr': 50, 'window': 'MAX', 'order': 3, 'rows': 8}
{'ticker': 'IWM', 'mode': 'binary', 'thr': 50, 'window': 'MAX', 'order': 4, 'rows': 16}
{'ticker': 'IWM', 'mode': 'binary', 'thr': 55, 'window': '1Y', 'order': 1, 'rows': 2}
{'ticker': 'IWM', 'mode': 'binary', 'thr': 55, 'window': '1Y', 'order': 2, 'rows': 4}
{'ticker': 'IWM', 'mode': 'binary', 'thr': 55, 'window': '1Y', 'order': 3, 'rows': 8}
{'ticker': 'IWM', 'mode': 'binary', 'thr': 55, 'window': '1Y', 'order': 4, 'rows': 15}
{'ticker': 'IWM', 'mode': 'binary', 'thr': 55, 'window': '2Y', 'order': 1, 'rows': 2}
{'ticker': 'IWM', 'mode': 'binary', 'thr': 55, 'window': '2Y', 'order': 2, 'rows': 4}
{'ticker': 'IWM', 'mode': 'binary', 'thr': 55, 'window': '2Y', 'order': 3, 'rows': 8}
{'ticker': 'IWM', 'mode': 'binary', 'thr': 55, 'window': '2Y', 'order': 4, 'rows': 16}
{'ticker': 'IWM', 'mode': 'binary', 'thr': 55, 'window': '5Y', 'order': 1, 'rows': 2}
{'ticker': 'IWM', 'mode': 'binary', 'thr': 55, 'window': '5Y', 'order': 2, 'rows': 4}
{'ticker': 'IWM', 'mode': 'binary', 'thr': 55, 'window': '5Y', 'order': 3, 'rows': 8}
{'ticker': 'IWM', 'mode': 'binary', 'thr': 55, 'window': '5Y', 'order': 4, 'rows': 16}
{'ticker': 'IWM', 'mode': 'binary', 'thr': 55, 'window': '10Y', 'order': 1, 'rows': 2}
{'ticker': 'IWM', 'mode': 'binary', 'thr': 55, 'window': '10Y', 'order': 2, 'rows': 4}
{'ticker': 'IWM', 'mode': 'binary', 'thr': 55, 'window': '10Y', 'order': 3, 'rows': 8}
{'ticker': 'IWM', 'mode': 'binary', 'thr': 55, 'window': '10Y', 'order': 4, 'rows': 16}
{'ticker': 'IWM', 'mode': 'binary', 'thr': 55, 'window': '20Y', 'order': 1, 'rows': 2}
{'ticker': 'IWM', 'mode': 'binary', 'thr': 55, 'window': '20Y', 'order': 2, 'rows': 4}
{'ticker': 'IWM', 'mode': 'binary', 'thr': 55, 'window': '20Y', 'order': 3, 'rows': 8}
{'ticker': 'IWM', 'mode': 'binary', 'thr': 55, 'window': '20Y', 'order': 4, 'rows': 16}
{'ticker': 'IWM', 'mode': 'binary', 'thr': 55, 'window': 'MAX', 'order': 1, 'rows': 2}
{'ticker': 'IWM', 'mode': 'binary', 'thr': 55, 'window': 'MAX', 'order': 2, 'rows': 4}
{'ticker': 'IWM', 'mode': 'binary', 'thr': 55, 'window': 'MAX', 'order': 3, 'rows': 8}
{'ticker': 'IWM', 'mode': 'binary', 'thr': 55, 'window': 'MAX', 'order': 4, 'rows': 16}
{'ticker': 'IWM', 'mode': 'binary', 'thr': 60, 'window': '1Y', 'order': 1, 'rows': 2}
{'ticker': 'IWM', 'mode': 'binary', 'thr': 60, 'window': '1Y', 'order': 2, 'rows': 4}
{'ticker': 'IWM', 'mode': 'binary', 'thr': 60, 'window': '1Y', 'order': 3, 'rows': 8}
{'ticker': 'IWM', 'mode': 'binary', 'thr': 60, 'window': '1Y', 'order': 4, 'rows': 15}
{'ticker': 'IWM', 'mode': 'binary', 'thr': 60, 'window': '2Y', 'order': 1, 'rows': 2}
{'ticker': 'IWM', 'mode': 'binary', 'thr': 60, 'window': '2Y', 'order': 2, 'rows': 4}
{'ticker': 'IWM', 'mode': 'binary', 'thr': 60, 'window': '2Y', 'order': 3, 'rows': 8}
{'ticker': 'IWM', 'mode': 'binary', 'thr': 60, 'window': '2Y', 'order': 4, 'rows': 16}
{'ticker': 'IWM', 'mode': 'binary', 'thr': 60, 'window': '5Y', 'order': 1, 'rows': 2}
{'ticker': 'IWM', 'mode': 'binary', 'thr': 60, 'window': '5Y', 'order': 2, 'rows': 4}
{'ticker': 'IWM', 'mode': 'binary', 'thr': 60, 'window': '5Y', 'order': 3, 'rows': 8}
{'ticker': 'IWM', 'mode': 'binary', 'thr': 60, 'window': '5Y', 'order': 4, 'rows': 16}
{'ticker': 'IWM', 'mode': 'binary', 'thr': 60, 'window': '10Y', 'order': 1, 'rows': 2}
{'ticker': 'IWM', 'mode': 'binary', 'thr': 60, 'window': '10Y', 'order': 2, 'rows': 4}
{'ticker': 'IWM', 'mode': 'binary', 'thr': 60, 'window': '10Y', 'order': 3, 'rows': 8}
{'ticker': 'IWM', 'mode': 'binary', 'thr': 60, 'window': '10Y', 'order': 4, 'rows': 16}
{'ticker': 'IWM', 'mode': 'binary', 'thr': 60, 'window': '20Y', 'order': 1, 'rows': 2}
{'ticker': 'IWM', 'mode': 'binary', 'thr': 60, 'window': '20Y', 'order': 2, 'rows': 4}
{'ticker': 'IWM', 'mode': 'binary', 'thr': 60, 'window': '20Y', 'order': 3, 'rows': 8}
{'ticker': 'IWM', 'mode': 'binary', 'thr': 60, 'window': '20Y', 'order': 4, 'rows': 16}
{'ticker': 'IWM', 'mode': 'binary', 'thr': 60, 'window': 'MAX', 'order': 1, 'rows': 2}
{'ticker': 'IWM', 'mode': 'binary', 'thr': 60, 'window': 'MAX', 'order': 2, 'rows': 4}
{'ticker': 'IWM', 'mode': 'binary', 'thr': 60, 'window': 'MAX', 'order': 3, 'rows': 8}
{'ticker': 'IWM', 'mode': 'binary', 'thr': 60, 'window': 'MAX', 'order': 4, 'rows': 16}
{'ticker': 'IWM', 'mode': 'binary', 'thr': 65, 'window': '1Y', 'order': 1, 'rows': 2}
{'ticker': 'IWM', 'mode': 'binary', 'thr': 65, 'window': '1Y', 'order': 2, 'rows': 4}
{'ticker': 'IWM', 'mode': 'binary', 'thr': 65, 'window': '1Y', 'order': 3, 'rows': 8}
{'ticker': 'IWM', 'mode': 'binary', 'thr': 65, 'window': '1Y', 'order': 4, 'rows': 15}
{'ticker': 'IWM', 'mode': 'binary', 'thr': 65, 'window': '2Y', 'order': 1, 'rows': 2}
{'ticker': 'IWM', 'mode': 'binary', 'thr': 65, 'window': '2Y', 'order': 2, 'rows': 4}
{'ticker': 'IWM', 'mode': 'binary', 'thr': 65, 'window': '2Y', 'order': 3, 'rows': 8}
{'ticker': 'IWM', 'mode': 'binary', 'thr': 65, 'window': '2Y', 'order': 4, 'rows': 16}
{'ticker': 'IWM', 'mode': 'binary', 'thr': 65, 'window': '5Y', 'order': 1, 'rows': 2}
{'ticker': 'IWM', 'mode': 'binary', 'thr': 65, 'window': '5Y', 'order': 2, 'rows': 4}
{'ticker': 'IWM', 'mode': 'binary', 'thr': 65, 'window': '5Y', 'order': 3, 'rows': 8}
{'ticker': 'IWM', 'mode': 'binary', 'thr': 65, 'window': '5Y', 'order': 4, 'rows': 16}
{'ticker': 'IWM', 'mode': 'binary', 'thr': 65, 'window': '10Y', 'order': 1, 'rows': 2}
{'ticker': 'IWM', 'mode': 'binary', 'thr': 65, 'window': '10Y', 'order': 2, 'rows': 4}
{'ticker': 'IWM', 'mode': 'binary', 'thr': 65, 'window': '10Y', 'order': 3, 'rows': 8}
{'ticker': 'IWM', 'mode': 'binary', 'thr': 65, 'window': '10Y', 'order': 4, 'rows': 16}
{'ticker': 'IWM', 'mode': 'binary', 'thr': 65, 'window': '20Y', 'order': 1, 'rows': 2}
{'ticker': 'IWM', 'mode': 'binary', 'thr': 65, 'window': '20Y', 'order': 2, 'rows': 4}
{'ticker': 'IWM', 'mode': 'binary', 'thr': 65, 'window': '20Y', 'order': 3, 'rows': 8}
{'ticker': 'IWM', 'mode': 'binary', 'thr': 65, 'window': '20Y', 'order': 4, 'rows': 16}
{'ticker': 'IWM', 'mode': 'binary', 'thr': 65, 'window': 'MAX', 'order': 1, 'rows': 2}2025-11-12 11:27:22,694 INFO [cli] {'ticker': 'IWM', 'mode': 'binary', 'thr': 65, 'window': 'MAX', 'order': 1, 'rows': 2}
2025-11-12 11:27:22,704 INFO [cli] {'ticker': 'IWM', 'mode': 'binary', 'thr': 65, 'window': 'MAX', 'order': 2, 'rows': 4}
2025-11-12 11:27:22,714 INFO [cli] {'ticker': 'IWM', 'mode': 'binary', 'thr': 65, 'window': 'MAX', 'order': 3, 'rows': 8}
2025-11-12 11:27:22,722 INFO [cli] {'ticker': 'IWM', 'mode': 'binary', 'thr': 65, 'window': 'MAX', 'order': 4, 'rows': 16}
2025-11-12 11:27:22,738 INFO [cli] {'ticker': 'IWM', 'mode': 'binary', 'thr': 70, 'window': '1Y', 'order': 1, 'rows': 2}
2025-11-12 11:27:22,746 INFO [cli] {'ticker': 'IWM', 'mode': 'binary', 'thr': 70, 'window': '1Y', 'order': 2, 'rows': 4}
2025-11-12 11:27:22,754 INFO [cli] {'ticker': 'IWM', 'mode': 'binary', 'thr': 70, 'window': '1Y', 'order': 3, 'rows': 8}
2025-11-12 11:27:22,764 INFO [cli] {'ticker': 'IWM', 'mode': 'binary', 'thr': 70, 'window': '1Y', 'order': 4, 'rows': 15}
2025-11-12 11:27:22,774 INFO [cli] {'ticker': 'IWM', 'mode': 'binary', 'thr': 70, 'window': '2Y', 'order': 1, 'rows': 2}
2025-11-12 11:27:22,784 INFO [cli] {'ticker': 'IWM', 'mode': 'binary', 'thr': 70, 'window': '2Y', 'order': 2, 'rows': 4}
2025-11-12 11:27:22,795 INFO [cli] {'ticker': 'IWM', 'mode': 'binary', 'thr': 70, 'window': '2Y', 'order': 3, 'rows': 8}
2025-11-12 11:27:22,803 INFO [cli] {'ticker': 'IWM', 'mode': 'binary', 'thr': 70, 'window': '2Y', 'order': 4, 'rows': 16}
2025-11-12 11:27:22,814 INFO [cli] {'ticker': 'IWM', 'mode': 'binary', 'thr': 70, 'window': '5Y', 'order': 1, 'rows': 2}
2025-11-12 11:27:22,822 INFO [cli] {'ticker': 'IWM', 'mode': 'binary', 'thr': 70, 'window': '5Y', 'order': 2, 'rows': 4}
2025-11-12 11:27:22,833 INFO [cli] {'ticker': 'IWM', 'mode': 'binary', 'thr': 70, 'window': '5Y', 'order': 3, 'rows': 8}
2025-11-12 11:27:22,843 INFO [cli] {'ticker': 'IWM', 'mode': 'binary', 'thr': 70, 'window': '5Y', 'order': 4, 'rows': 16}
2025-11-12 11:27:22,854 INFO [cli] {'ticker': 'IWM', 'mode': 'binary', 'thr': 70, 'window': '10Y', 'order': 1, 'rows': 2}
2025-11-12 11:27:22,863 INFO [cli] {'ticker': 'IWM', 'mode': 'binary', 'thr': 70, 'window': '10Y', 'order': 2, 'rows': 4}
2025-11-12 11:27:22,871 INFO [cli] {'ticker': 'IWM', 'mode': 'binary', 'thr': 70, 'window': '10Y', 'order': 3, 'rows': 8}
2025-11-12 11:27:22,878 INFO [cli] {'ticker': 'IWM', 'mode': 'binary', 'thr': 70, 'window': '10Y', 'order': 4, 'rows': 16}
2025-11-12 11:27:22,887 INFO [cli] {'ticker': 'IWM', 'mode': 'binary', 'thr': 70, 'window': '20Y', 'order': 1, 'rows': 2}
2025-11-12 11:27:22,897 INFO [cli] {'ticker': 'IWM', 'mode': 'binary', 'thr': 70, 'window': '20Y', 'order': 2, 'rows': 4}
2025-11-12 11:27:22,906 INFO [cli] {'ticker': 'IWM', 'mode': 'binary', 'thr': 70, 'window': '20Y', 'order': 3, 'rows': 8}
2025-11-12 11:27:22,915 INFO [cli] {'ticker': 'IWM', 'mode': 'binary', 'thr': 70, 'window': '20Y', 'order': 4, 'rows': 16}
2025-11-12 11:27:22,923 INFO [cli] {'ticker': 'IWM', 'mode': 'binary', 'thr': 70, 'window': 'MAX', 'order': 1, 'rows': 2}
2025-11-12 11:27:22,934 INFO [cli] {'ticker': 'IWM', 'mode': 'binary', 'thr': 70, 'window': 'MAX', 'order': 2, 'rows': 4}
2025-11-12 11:27:22,945 INFO [cli] {'ticker': 'IWM', 'mode': 'binary', 'thr': 70, 'window': 'MAX', 'order': 3, 'rows': 8}
2025-11-12 11:27:22,955 INFO [cli] {'ticker': 'IWM', 'mode': 'binary', 'thr': 70, 'window': 'MAX', 'order': 4, 'rows': 16}
2025-11-12 11:27:22,971 INFO [cli] {'ticker': 'IWM', 'mode': 'binary', 'thr': 75, 'window': '1Y', 'order': 1, 'rows': 2}
2025-11-12 11:27:22,979 INFO [cli] {'ticker': 'IWM', 'mode': 'binary', 'thr': 75, 'window': '1Y', 'order': 2, 'rows': 4}
2025-11-12 11:27:22,989 INFO [cli] {'ticker': 'IWM', 'mode': 'binary', 'thr': 75, 'window': '1Y', 'order': 3, 'rows': 8}
2025-11-12 11:27:23,000 INFO [cli] {'ticker': 'IWM', 'mode': 'binary', 'thr': 75, 'window': '1Y', 'order': 4, 'rows': 15}
2025-11-12 11:27:23,012 INFO [cli] {'ticker': 'IWM', 'mode': 'binary', 'thr': 75, 'window': '2Y', 'order': 1, 'rows': 2}
2025-11-12 11:27:23,022 INFO [cli] {'ticker': 'IWM', 'mode': 'binary', 'thr': 75, 'window': '2Y', 'order': 2, 'rows': 4}
2025-11-12 11:27:23,031 INFO [cli] {'ticker': 'IWM', 'mode': 'binary', 'thr': 75, 'window': '2Y', 'order': 3, 'rows': 8}
2025-11-12 11:27:23,041 INFO [cli] {'ticker': 'IWM', 'mode': 'binary', 'thr': 75, 'window': '2Y', 'order': 4, 'rows': 16}
2025-11-12 11:27:23,051 INFO [cli] {'ticker': 'IWM', 'mode': 'binary', 'thr': 75, 'window': '5Y', 'order': 1, 'rows': 2}
2025-11-12 11:27:23,061 INFO [cli] {'ticker': 'IWM', 'mode': 'binary', 'thr': 75, 'window': '5Y', 'order': 2, 'rows': 4}
2025-11-12 11:27:23,072 INFO [cli] {'ticker': 'IWM', 'mode': 'binary', 'thr': 75, 'window': '5Y', 'order': 3, 'rows': 8}
2025-11-12 11:27:23,088 INFO [cli] {'ticker': 'IWM', 'mode': 'binary', 'thr': 75, 'window': '5Y', 'order': 4, 'rows': 16}
2025-11-12 11:27:23,097 INFO [cli] {'ticker': 'IWM', 'mode': 'binary', 'thr': 75, 'window': '10Y', 'order': 1, 'rows': 2}
2025-11-12 11:27:23,106 INFO [cli] {'ticker': 'IWM', 'mode': 'binary', 'thr': 75, 'window': '10Y', 'order': 2, 'rows': 4}
2025-11-12 11:27:23,117 INFO [cli] {'ticker': 'IWM', 'mode': 'binary', 'thr': 75, 'window': '10Y', 'order': 3, 'rows': 8}
2025-11-12 11:27:23,126 INFO [cli] {'ticker': 'IWM', 'mode': 'binary', 'thr': 75, 'window': '10Y', 'order': 4, 'rows': 16}
2025-11-12 11:27:23,136 INFO [cli] {'ticker': 'IWM', 'mode': 'binary', 'thr': 75, 'window': '20Y', 'order': 1, 'rows': 2}
2025-11-12 11:27:23,146 INFO [cli] {'ticker': 'IWM', 'mode': 'binary', 'thr': 75, 'window': '20Y', 'order': 2, 'rows': 4}
2025-11-12 11:27:23,165 INFO [cli] {'ticker': 'IWM', 'mode': 'binary', 'thr': 75, 'window': '20Y', 'order': 3, 'rows': 8}
2025-11-12 11:27:23,175 INFO [cli] {'ticker': 'IWM', 'mode': 'binary', 'thr': 75, 'window': '20Y', 'order': 4, 'rows': 16}
2025-11-12 11:27:23,185 INFO [cli] {'ticker': 'IWM', 'mode': 'binary', 'thr': 75, 'window': 'MAX', 'order': 1, 'rows': 2}
2025-11-12 11:27:23,195 INFO [cli] {'ticker': 'IWM', 'mode': 'binary', 'thr': 75, 'window': 'MAX', 'order': 2, 'rows': 4}
2025-11-12 11:27:23,205 INFO [cli] {'ticker': 'IWM', 'mode': 'binary', 'thr': 75, 'window': 'MAX', 'order': 3, 'rows': 8}
2025-11-12 11:27:23,214 INFO [cli] {'ticker': 'IWM', 'mode': 'binary', 'thr': 75, 'window': 'MAX', 'order': 4, 'rows': 16}
2025-11-12 11:27:23,230 INFO [cli] {'ticker': 'IWM', 'mode': 'binary', 'thr': 80, 'window': '1Y', 'order': 1, 'rows': 2}
2025-11-12 11:27:23,240 INFO [cli] {'ticker': 'IWM', 'mode': 'binary', 'thr': 80, 'window': '1Y', 'order': 2, 'rows': 4}
2025-11-12 11:27:23,249 INFO [cli] {'ticker': 'IWM', 'mode': 'binary', 'thr': 80, 'window': '1Y', 'order': 3, 'rows': 8}
2025-11-12 11:27:23,259 INFO [cli] {'ticker': 'IWM', 'mode': 'binary', 'thr': 80, 'window': '1Y', 'order': 4, 'rows': 15}
2025-11-12 11:27:23,269 INFO [cli] {'ticker': 'IWM', 'mode': 'binary', 'thr': 80, 'window': '2Y', 'order': 1, 'rows': 2}
2025-11-12 11:27:23,279 INFO [cli] {'ticker': 'IWM', 'mode': 'binary', 'thr': 80, 'window': '2Y', 'order': 2, 'rows': 4}
2025-11-12 11:27:23,289 INFO [cli] {'ticker': 'IWM', 'mode': 'binary', 'thr': 80, 'window': '2Y', 'order': 3, 'rows': 8}
2025-11-12 11:27:23,298 INFO [cli] {'ticker': 'IWM', 'mode': 'binary', 'thr': 80, 'window': '2Y', 'order': 4, 'rows': 16}
2025-11-12 11:27:23,307 INFO [cli] {'ticker': 'IWM', 'mode': 'binary', 'thr': 80, 'window': '5Y', 'order': 1, 'rows': 2}
2025-11-12 11:27:23,318 INFO [cli] {'ticker': 'IWM', 'mode': 'binary', 'thr': 80, 'window': '5Y', 'order': 2, 'rows': 4}
2025-11-12 11:27:23,328 INFO [cli] {'ticker': 'IWM', 'mode': 'binary', 'thr': 80, 'window': '5Y', 'order': 3, 'rows': 8}
2025-11-12 11:27:23,339 INFO [cli] {'ticker': 'IWM', 'mode': 'binary', 'thr': 80, 'window': '5Y', 'order': 4, 'rows': 16}
2025-11-12 11:27:23,349 INFO [cli] {'ticker': 'IWM', 'mode': 'binary', 'thr': 80, 'window': '10Y', 'order': 1, 'rows': 2}
2025-11-12 11:27:23,360 INFO [cli] {'ticker': 'IWM', 'mode': 'binary', 'thr': 80, 'window': '10Y', 'order': 2, 'rows': 4}
2025-11-12 11:27:23,370 INFO [cli] {'ticker': 'IWM', 'mode': 'binary', 'thr': 80, 'window': '10Y', 'order': 3, 'rows': 8}
2025-11-12 11:27:23,378 INFO [cli] {'ticker': 'IWM', 'mode': 'binary', 'thr': 80, 'window': '10Y', 'order': 4, 'rows': 16}
2025-11-12 11:27:23,388 INFO [cli] {'ticker': 'IWM', 'mode': 'binary', 'thr': 80, 'window': '20Y', 'order': 1, 'rows': 2}
2025-11-12 11:27:23,398 INFO [cli] {'ticker': 'IWM', 'mode': 'binary', 'thr': 80, 'window': '20Y', 'order': 2, 'rows': 4}
2025-11-12 11:27:23,408 INFO [cli] {'ticker': 'IWM', 'mode': 'binary', 'thr': 80, 'window': '20Y', 'order': 3, 'rows': 8}
2025-11-12 11:27:23,416 INFO [cli] {'ticker': 'IWM', 'mode': 'binary', 'thr': 80, 'window': '20Y', 'order': 4, 'rows': 16}
2025-11-12 11:27:23,426 INFO [cli] {'ticker': 'IWM', 'mode': 'binary', 'thr': 80, 'window': 'MAX', 'order': 1, 'rows': 2}
2025-11-12 11:27:23,437 INFO [cli] {'ticker': 'IWM', 'mode': 'binary', 'thr': 80, 'window': 'MAX', 'order': 2, 'rows': 4}
2025-11-12 11:27:23,449 INFO [cli] {'ticker': 'IWM', 'mode': 'binary', 'thr': 80, 'window': 'MAX', 'order': 3, 'rows': 8}
2025-11-12 11:27:23,464 INFO [cli] {'ticker': 'IWM', 'mode': 'binary', 'thr': 80, 'window': 'MAX', 'order': 4, 'rows': 16}
2025-11-12 11:27:23,483 INFO [cli] {'ticker': 'IWM', 'mode': 'binary', 'thr': 85, 'window': '1Y', 'order': 1, 'rows': 2}
2025-11-12 11:27:23,497 INFO [cli] {'ticker': 'IWM', 'mode': 'binary', 'thr': 85, 'window': '1Y', 'order': 2, 'rows': 4}
2025-11-12 11:27:23,509 INFO [cli] {'ticker': 'IWM', 'mode': 'binary', 'thr': 85, 'window': '1Y', 'order': 3, 'rows': 8}
2025-11-12 11:27:23,520 INFO [cli] {'ticker': 'IWM', 'mode': 'binary', 'thr': 85, 'window': '1Y', 'order': 4, 'rows': 15}
2025-11-12 11:27:23,530 INFO [cli] {'ticker': 'IWM', 'mode': 'binary', 'thr': 85, 'window': '2Y', 'order': 1, 'rows': 2}
2025-11-12 11:27:23,541 INFO [cli] {'ticker': 'IWM', 'mode': 'binary', 'thr': 85, 'window': '2Y', 'order': 2, 'rows': 4}
2025-11-12 11:27:23,551 INFO [cli] {'ticker': 'IWM', 'mode': 'binary', 'thr': 85, 'window': '2Y', 'order': 3, 'rows': 8}
2025-11-12 11:27:23,562 INFO [cli] {'ticker': 'IWM', 'mode': 'binary', 'thr': 85, 'window': '2Y', 'order': 4, 'rows': 16}
2025-11-12 11:27:23,570 INFO [cli] {'ticker': 'IWM', 'mode': 'binary', 'thr': 85, 'window': '5Y', 'order': 1, 'rows': 2}
2025-11-12 11:27:23,579 INFO [cli] {'ticker': 'IWM', 'mode': 'binary', 'thr': 85, 'window': '5Y', 'order': 2, 'rows': 4}
2025-11-12 11:27:23,588 INFO [cli] {'ticker': 'IWM', 'mode': 'binary', 'thr': 85, 'window': '5Y', 'order': 3, 'rows': 8}
2025-11-12 11:27:23,596 INFO [cli] {'ticker': 'IWM', 'mode': 'binary', 'thr': 85, 'window': '5Y', 'order': 4, 'rows': 16}
2025-11-12 11:27:23,606 INFO [cli] {'ticker': 'IWM', 'mode': 'binary', 'thr': 85, 'window': '10Y', 'order': 1, 'rows': 2}
2025-11-12 11:27:23,615 INFO [cli] {'ticker': 'IWM', 'mode': 'binary', 'thr': 85, 'window': '10Y', 'order': 2, 'rows': 4}
2025-11-12 11:27:23,623 INFO [cli] {'ticker': 'IWM', 'mode': 'binary', 'thr': 85, 'window': '10Y', 'order': 3, 'rows': 8}
2025-11-12 11:27:23,634 INFO [cli] {'ticker': 'IWM', 'mode': 'binary', 'thr': 85, 'window': '10Y', 'order': 4, 'rows': 16}
2025-11-12 11:27:23,645 INFO [cli] {'ticker': 'IWM', 'mode': 'binary', 'thr': 85, 'window': '20Y', 'order': 1, 'rows': 2}
2025-11-12 11:27:23,655 INFO [cli] {'ticker': 'IWM', 'mode': 'binary', 'thr': 85, 'window': '20Y', 'order': 2, 'rows': 4}
2025-11-12 11:27:23,663 INFO [cli] {'ticker': 'IWM', 'mode': 'binary', 'thr': 85, 'window': '20Y', 'order': 3, 'rows': 8}

{'ticker': 'IWM', 'mode': 'binary', 'thr': 65, 'window': 'MAX', 'order': 2, 'rows': 4}
{'ticker': 'IWM', 'mode': 'binary', 'thr': 65, 'window': 'MAX', 'order': 3, 'rows': 8}
{'ticker': 'IWM', 'mode': 'binary', 'thr': 65, 'window': 'MAX', 'order': 4, 'rows': 16}
{'ticker': 'IWM', 'mode': 'binary', 'thr': 70, 'window': '1Y', 'order': 1, 'rows': 2}
{'ticker': 'IWM', 'mode': 'binary', 'thr': 70, 'window': '1Y', 'order': 2, 'rows': 4}
{'ticker': 'IWM', 'mode': 'binary', 'thr': 70, 'window': '1Y', 'order': 3, 'rows': 8}
{'ticker': 'IWM', 'mode': 'binary', 'thr': 70, 'window': '1Y', 'order': 4, 'rows': 15}
{'ticker': 'IWM', 'mode': 'binary', 'thr': 70, 'window': '2Y', 'order': 1, 'rows': 2}
{'ticker': 'IWM', 'mode': 'binary', 'thr': 70, 'window': '2Y', 'order': 2, 'rows': 4}
{'ticker': 'IWM', 'mode': 'binary', 'thr': 70, 'window': '2Y', 'order': 3, 'rows': 8}
{'ticker': 'IWM', 'mode': 'binary', 'thr': 70, 'window': '2Y', 'order': 4, 'rows': 16}
{'ticker': 'IWM', 'mode': 'binary', 'thr': 70, 'window': '5Y', 'order': 1, 'rows': 2}
{'ticker': 'IWM', 'mode': 'binary', 'thr': 70, 'window': '5Y', 'order': 2, 'rows': 4}
{'ticker': 'IWM', 'mode': 'binary', 'thr': 70, 'window': '5Y', 'order': 3, 'rows': 8}
{'ticker': 'IWM', 'mode': 'binary', 'thr': 70, 'window': '5Y', 'order': 4, 'rows': 16}
{'ticker': 'IWM', 'mode': 'binary', 'thr': 70, 'window': '10Y', 'order': 1, 'rows': 2}
{'ticker': 'IWM', 'mode': 'binary', 'thr': 70, 'window': '10Y', 'order': 2, 'rows': 4}
{'ticker': 'IWM', 'mode': 'binary', 'thr': 70, 'window': '10Y', 'order': 3, 'rows': 8}
{'ticker': 'IWM', 'mode': 'binary', 'thr': 70, 'window': '10Y', 'order': 4, 'rows': 16}
{'ticker': 'IWM', 'mode': 'binary', 'thr': 70, 'window': '20Y', 'order': 1, 'rows': 2}
{'ticker': 'IWM', 'mode': 'binary', 'thr': 70, 'window': '20Y', 'order': 2, 'rows': 4}
{'ticker': 'IWM', 'mode': 'binary', 'thr': 70, 'window': '20Y', 'order': 3, 'rows': 8}
{'ticker': 'IWM', 'mode': 'binary', 'thr': 70, 'window': '20Y', 'order': 4, 'rows': 16}
{'ticker': 'IWM', 'mode': 'binary', 'thr': 70, 'window': 'MAX', 'order': 1, 'rows': 2}
{'ticker': 'IWM', 'mode': 'binary', 'thr': 70, 'window': 'MAX', 'order': 2, 'rows': 4}
{'ticker': 'IWM', 'mode': 'binary', 'thr': 70, 'window': 'MAX', 'order': 3, 'rows': 8}
{'ticker': 'IWM', 'mode': 'binary', 'thr': 70, 'window': 'MAX', 'order': 4, 'rows': 16}
{'ticker': 'IWM', 'mode': 'binary', 'thr': 75, 'window': '1Y', 'order': 1, 'rows': 2}
{'ticker': 'IWM', 'mode': 'binary', 'thr': 75, 'window': '1Y', 'order': 2, 'rows': 4}
{'ticker': 'IWM', 'mode': 'binary', 'thr': 75, 'window': '1Y', 'order': 3, 'rows': 8}
{'ticker': 'IWM', 'mode': 'binary', 'thr': 75, 'window': '1Y', 'order': 4, 'rows': 15}
{'ticker': 'IWM', 'mode': 'binary', 'thr': 75, 'window': '2Y', 'order': 1, 'rows': 2}
{'ticker': 'IWM', 'mode': 'binary', 'thr': 75, 'window': '2Y', 'order': 2, 'rows': 4}
{'ticker': 'IWM', 'mode': 'binary', 'thr': 75, 'window': '2Y', 'order': 3, 'rows': 8}
{'ticker': 'IWM', 'mode': 'binary', 'thr': 75, 'window': '2Y', 'order': 4, 'rows': 16}
{'ticker': 'IWM', 'mode': 'binary', 'thr': 75, 'window': '5Y', 'order': 1, 'rows': 2}
{'ticker': 'IWM', 'mode': 'binary', 'thr': 75, 'window': '5Y', 'order': 2, 'rows': 4}
{'ticker': 'IWM', 'mode': 'binary', 'thr': 75, 'window': '5Y', 'order': 3, 'rows': 8}
{'ticker': 'IWM', 'mode': 'binary', 'thr': 75, 'window': '5Y', 'order': 4, 'rows': 16}
{'ticker': 'IWM', 'mode': 'binary', 'thr': 75, 'window': '10Y', 'order': 1, 'rows': 2}
{'ticker': 'IWM', 'mode': 'binary', 'thr': 75, 'window': '10Y', 'order': 2, 'rows': 4}
{'ticker': 'IWM', 'mode': 'binary', 'thr': 75, 'window': '10Y', 'order': 3, 'rows': 8}
{'ticker': 'IWM', 'mode': 'binary', 'thr': 75, 'window': '10Y', 'order': 4, 'rows': 16}
{'ticker': 'IWM', 'mode': 'binary', 'thr': 75, 'window': '20Y', 'order': 1, 'rows': 2}
{'ticker': 'IWM', 'mode': 'binary', 'thr': 75, 'window': '20Y', 'order': 2, 'rows': 4}
{'ticker': 'IWM', 'mode': 'binary', 'thr': 75, 'window': '20Y', 'order': 3, 'rows': 8}
{'ticker': 'IWM', 'mode': 'binary', 'thr': 75, 'window': '20Y', 'order': 4, 'rows': 16}
{'ticker': 'IWM', 'mode': 'binary', 'thr': 75, 'window': 'MAX', 'order': 1, 'rows': 2}
{'ticker': 'IWM', 'mode': 'binary', 'thr': 75, 'window': 'MAX', 'order': 2, 'rows': 4}
{'ticker': 'IWM', 'mode': 'binary', 'thr': 75, 'window': 'MAX', 'order': 3, 'rows': 8}
{'ticker': 'IWM', 'mode': 'binary', 'thr': 75, 'window': 'MAX', 'order': 4, 'rows': 16}
{'ticker': 'IWM', 'mode': 'binary', 'thr': 80, 'window': '1Y', 'order': 1, 'rows': 2}
{'ticker': 'IWM', 'mode': 'binary', 'thr': 80, 'window': '1Y', 'order': 2, 'rows': 4}
{'ticker': 'IWM', 'mode': 'binary', 'thr': 80, 'window': '1Y', 'order': 3, 'rows': 8}
{'ticker': 'IWM', 'mode': 'binary', 'thr': 80, 'window': '1Y', 'order': 4, 'rows': 15}
{'ticker': 'IWM', 'mode': 'binary', 'thr': 80, 'window': '2Y', 'order': 1, 'rows': 2}
{'ticker': 'IWM', 'mode': 'binary', 'thr': 80, 'window': '2Y', 'order': 2, 'rows': 4}
{'ticker': 'IWM', 'mode': 'binary', 'thr': 80, 'window': '2Y', 'order': 3, 'rows': 8}
{'ticker': 'IWM', 'mode': 'binary', 'thr': 80, 'window': '2Y', 'order': 4, 'rows': 16}
{'ticker': 'IWM', 'mode': 'binary', 'thr': 80, 'window': '5Y', 'order': 1, 'rows': 2}
{'ticker': 'IWM', 'mode': 'binary', 'thr': 80, 'window': '5Y', 'order': 2, 'rows': 4}
{'ticker': 'IWM', 'mode': 'binary', 'thr': 80, 'window': '5Y', 'order': 3, 'rows': 8}
{'ticker': 'IWM', 'mode': 'binary', 'thr': 80, 'window': '5Y', 'order': 4, 'rows': 16}
{'ticker': 'IWM', 'mode': 'binary', 'thr': 80, 'window': '10Y', 'order': 1, 'rows': 2}
{'ticker': 'IWM', 'mode': 'binary', 'thr': 80, 'window': '10Y', 'order': 2, 'rows': 4}
{'ticker': 'IWM', 'mode': 'binary', 'thr': 80, 'window': '10Y', 'order': 3, 'rows': 8}
{'ticker': 'IWM', 'mode': 'binary', 'thr': 80, 'window': '10Y', 'order': 4, 'rows': 16}
{'ticker': 'IWM', 'mode': 'binary', 'thr': 80, 'window': '20Y', 'order': 1, 'rows': 2}
{'ticker': 'IWM', 'mode': 'binary', 'thr': 80, 'window': '20Y', 'order': 2, 'rows': 4}
{'ticker': 'IWM', 'mode': 'binary', 'thr': 80, 'window': '20Y', 'order': 3, 'rows': 8}
{'ticker': 'IWM', 'mode': 'binary', 'thr': 80, 'window': '20Y', 'order': 4, 'rows': 16}
{'ticker': 'IWM', 'mode': 'binary', 'thr': 80, 'window': 'MAX', 'order': 1, 'rows': 2}
{'ticker': 'IWM', 'mode': 'binary', 'thr': 80, 'window': 'MAX', 'order': 2, 'rows': 4}
{'ticker': 'IWM', 'mode': 'binary', 'thr': 80, 'window': 'MAX', 'order': 3, 'rows': 8}
{'ticker': 'IWM', 'mode': 'binary', 'thr': 80, 'window': 'MAX', 'order': 4, 'rows': 16}
{'ticker': 'IWM', 'mode': 'binary', 'thr': 85, 'window': '1Y', 'order': 1, 'rows': 2}
{'ticker': 'IWM', 'mode': 'binary', 'thr': 85, 'window': '1Y', 'order': 2, 'rows': 4}
{'ticker': 'IWM', 'mode': 'binary', 'thr': 85, 'window': '1Y', 'order': 3, 'rows': 8}
{'ticker': 'IWM', 'mode': 'binary', 'thr': 85, 'window': '1Y', 'order': 4, 'rows': 15}
{'ticker': 'IWM', 'mode': 'binary', 'thr': 85, 'window': '2Y', 'order': 1, 'rows': 2}
{'ticker': 'IWM', 'mode': 'binary', 'thr': 85, 'window': '2Y', 'order': 2, 'rows': 4}
{'ticker': 'IWM', 'mode': 'binary', 'thr': 85, 'window': '2Y', 'order': 3, 'rows': 8}
{'ticker': 'IWM', 'mode': 'binary', 'thr': 85, 'window': '2Y', 'order': 4, 'rows': 16}
{'ticker': 'IWM', 'mode': 'binary', 'thr': 85, 'window': '5Y', 'order': 1, 'rows': 2}
{'ticker': 'IWM', 'mode': 'binary', 'thr': 85, 'window': '5Y', 'order': 2, 'rows': 4}
{'ticker': 'IWM', 'mode': 'binary', 'thr': 85, 'window': '5Y', 'order': 3, 'rows': 8}
{'ticker': 'IWM', 'mode': 'binary', 'thr': 85, 'window': '5Y', 'order': 4, 'rows': 16}
{'ticker': 'IWM', 'mode': 'binary', 'thr': 85, 'window': '10Y', 'order': 1, 'rows': 2}
{'ticker': 'IWM', 'mode': 'binary', 'thr': 85, 'window': '10Y', 'order': 2, 'rows': 4}
{'ticker': 'IWM', 'mode': 'binary', 'thr': 85, 'window': '10Y', 'order': 3, 'rows': 8}
{'ticker': 'IWM', 'mode': 'binary', 'thr': 85, 'window': '10Y', 'order': 4, 'rows': 16}
{'ticker': 'IWM', 'mode': 'binary', 'thr': 85, 'window': '20Y', 'order': 1, 'rows': 2}
{'ticker': 'IWM', 'mode': 'binary', 'thr': 85, 'window': '20Y', 'order': 2, 'rows': 4}
{'ticker': 'IWM', 'mode': 'binary', 'thr': 85, 'window': '20Y', 'order': 3, 'rows': 8}
{'ticker': 'IWM', 'mode': 'binary', 'thr': 85, 'window': '20Y', 'order': 4, 'rows': 16}2025-11-12 11:27:23,671 INFO [cli] {'ticker': 'IWM', 'mode': 'binary', 'thr': 85, 'window': '20Y', 'order': 4, 'rows': 16}
2025-11-12 11:27:23,679 INFO [cli] {'ticker': 'IWM', 'mode': 'binary', 'thr': 85, 'window': 'MAX', 'order': 1, 'rows': 2}
2025-11-12 11:27:23,690 INFO [cli] {'ticker': 'IWM', 'mode': 'binary', 'thr': 85, 'window': 'MAX', 'order': 2, 'rows': 4}
2025-11-12 11:27:23,698 INFO [cli] {'ticker': 'IWM', 'mode': 'binary', 'thr': 85, 'window': 'MAX', 'order': 3, 'rows': 8}
2025-11-12 11:27:23,708 INFO [cli] {'ticker': 'IWM', 'mode': 'binary', 'thr': 85, 'window': 'MAX', 'order': 4, 'rows': 16}
2025-11-12 11:27:23,724 INFO [cli] {'ticker': 'IWM', 'mode': 'binary', 'thr': 90, 'window': '1Y', 'order': 1, 'rows': 2}
2025-11-12 11:27:23,735 INFO [cli] {'ticker': 'IWM', 'mode': 'binary', 'thr': 90, 'window': '1Y', 'order': 2, 'rows': 4}
2025-11-12 11:27:23,743 INFO [cli] {'ticker': 'IWM', 'mode': 'binary', 'thr': 90, 'window': '1Y', 'order': 3, 'rows': 8}
2025-11-12 11:27:23,753 INFO [cli] {'ticker': 'IWM', 'mode': 'binary', 'thr': 90, 'window': '1Y', 'order': 4, 'rows': 15}
2025-11-12 11:27:23,764 INFO [cli] {'ticker': 'IWM', 'mode': 'binary', 'thr': 90, 'window': '2Y', 'order': 1, 'rows': 2}
2025-11-12 11:27:23,772 INFO [cli] {'ticker': 'IWM', 'mode': 'binary', 'thr': 90, 'window': '2Y', 'order': 2, 'rows': 4}
2025-11-12 11:27:23,781 INFO [cli] {'ticker': 'IWM', 'mode': 'binary', 'thr': 90, 'window': '2Y', 'order': 3, 'rows': 8}
2025-11-12 11:27:23,790 INFO [cli] {'ticker': 'IWM', 'mode': 'binary', 'thr': 90, 'window': '2Y', 'order': 4, 'rows': 16}
2025-11-12 11:27:23,799 INFO [cli] {'ticker': 'IWM', 'mode': 'binary', 'thr': 90, 'window': '5Y', 'order': 1, 'rows': 2}
2025-11-12 11:27:23,807 INFO [cli] {'ticker': 'IWM', 'mode': 'binary', 'thr': 90, 'window': '5Y', 'order': 2, 'rows': 4}
2025-11-12 11:27:23,819 INFO [cli] {'ticker': 'IWM', 'mode': 'binary', 'thr': 90, 'window': '5Y', 'order': 3, 'rows': 8}
2025-11-12 11:27:23,831 INFO [cli] {'ticker': 'IWM', 'mode': 'binary', 'thr': 90, 'window': '5Y', 'order': 4, 'rows': 16}
2025-11-12 11:27:23,845 INFO [cli] {'ticker': 'IWM', 'mode': 'binary', 'thr': 90, 'window': '10Y', 'order': 1, 'rows': 2}
2025-11-12 11:27:23,858 INFO [cli] {'ticker': 'IWM', 'mode': 'binary', 'thr': 90, 'window': '10Y', 'order': 2, 'rows': 4}
2025-11-12 11:27:23,873 INFO [cli] {'ticker': 'IWM', 'mode': 'binary', 'thr': 90, 'window': '10Y', 'order': 3, 'rows': 8}
2025-11-12 11:27:23,883 INFO [cli] {'ticker': 'IWM', 'mode': 'binary', 'thr': 90, 'window': '10Y', 'order': 4, 'rows': 16}
2025-11-12 11:27:23,896 INFO [cli] {'ticker': 'IWM', 'mode': 'binary', 'thr': 90, 'window': '20Y', 'order': 1, 'rows': 2}
2025-11-12 11:27:23,904 INFO [cli] {'ticker': 'IWM', 'mode': 'binary', 'thr': 90, 'window': '20Y', 'order': 2, 'rows': 4}
2025-11-12 11:27:23,911 INFO [cli] {'ticker': 'IWM', 'mode': 'binary', 'thr': 90, 'window': '20Y', 'order': 3, 'rows': 8}
2025-11-12 11:27:23,921 INFO [cli] {'ticker': 'IWM', 'mode': 'binary', 'thr': 90, 'window': '20Y', 'order': 4, 'rows': 16}
2025-11-12 11:27:23,929 INFO [cli] {'ticker': 'IWM', 'mode': 'binary', 'thr': 90, 'window': 'MAX', 'order': 1, 'rows': 2}
2025-11-12 11:27:23,936 INFO [cli] {'ticker': 'IWM', 'mode': 'binary', 'thr': 90, 'window': 'MAX', 'order': 2, 'rows': 4}
2025-11-12 11:27:23,948 INFO [cli] {'ticker': 'IWM', 'mode': 'binary', 'thr': 90, 'window': 'MAX', 'order': 3, 'rows': 8}
2025-11-12 11:27:23,959 INFO [cli] {'ticker': 'IWM', 'mode': 'binary', 'thr': 90, 'window': 'MAX', 'order': 4, 'rows': 16}
2025-11-12 11:27:23,974 INFO [cli] {'ticker': 'IWM', 'mode': 'binary', 'thr': 95, 'window': '1Y', 'order': 1, 'rows': 2}
2025-11-12 11:27:23,983 INFO [cli] {'ticker': 'IWM', 'mode': 'binary', 'thr': 95, 'window': '1Y', 'order': 2, 'rows': 4}
2025-11-12 11:27:23,992 INFO [cli] {'ticker': 'IWM', 'mode': 'binary', 'thr': 95, 'window': '1Y', 'order': 3, 'rows': 8}
2025-11-12 11:27:24,001 INFO [cli] {'ticker': 'IWM', 'mode': 'binary', 'thr': 95, 'window': '1Y', 'order': 4, 'rows': 15}
2025-11-12 11:27:24,011 INFO [cli] {'ticker': 'IWM', 'mode': 'binary', 'thr': 95, 'window': '2Y', 'order': 1, 'rows': 2}
2025-11-12 11:27:24,021 INFO [cli] {'ticker': 'IWM', 'mode': 'binary', 'thr': 95, 'window': '2Y', 'order': 2, 'rows': 4}
2025-11-12 11:27:24,029 INFO [cli] {'ticker': 'IWM', 'mode': 'binary', 'thr': 95, 'window': '2Y', 'order': 3, 'rows': 8}
2025-11-12 11:27:24,038 INFO [cli] {'ticker': 'IWM', 'mode': 'binary', 'thr': 95, 'window': '2Y', 'order': 4, 'rows': 16}
2025-11-12 11:27:24,046 INFO [cli] {'ticker': 'IWM', 'mode': 'binary', 'thr': 95, 'window': '5Y', 'order': 1, 'rows': 2}
2025-11-12 11:27:24,055 INFO [cli] {'ticker': 'IWM', 'mode': 'binary', 'thr': 95, 'window': '5Y', 'order': 2, 'rows': 4}
2025-11-12 11:27:24,065 INFO [cli] {'ticker': 'IWM', 'mode': 'binary', 'thr': 95, 'window': '5Y', 'order': 3, 'rows': 8}
2025-11-12 11:27:24,075 INFO [cli] {'ticker': 'IWM', 'mode': 'binary', 'thr': 95, 'window': '5Y', 'order': 4, 'rows': 16}
2025-11-12 11:27:24,084 INFO [cli] {'ticker': 'IWM', 'mode': 'binary', 'thr': 95, 'window': '10Y', 'order': 1, 'rows': 2}
2025-11-12 11:27:24,092 INFO [cli] {'ticker': 'IWM', 'mode': 'binary', 'thr': 95, 'window': '10Y', 'order': 2, 'rows': 4}
2025-11-12 11:27:24,110 INFO [cli] {'ticker': 'IWM', 'mode': 'binary', 'thr': 95, 'window': '10Y', 'order': 3, 'rows': 8}
2025-11-12 11:27:24,119 INFO [cli] {'ticker': 'IWM', 'mode': 'binary', 'thr': 95, 'window': '10Y', 'order': 4, 'rows': 16}
2025-11-12 11:27:24,128 INFO [cli] {'ticker': 'IWM', 'mode': 'binary', 'thr': 95, 'window': '20Y', 'order': 1, 'rows': 2}
2025-11-12 11:27:24,137 INFO [cli] {'ticker': 'IWM', 'mode': 'binary', 'thr': 95, 'window': '20Y', 'order': 2, 'rows': 4}
2025-11-12 11:27:24,145 INFO [cli] {'ticker': 'IWM', 'mode': 'binary', 'thr': 95, 'window': '20Y', 'order': 3, 'rows': 8}
2025-11-12 11:27:24,154 INFO [cli] {'ticker': 'IWM', 'mode': 'binary', 'thr': 95, 'window': '20Y', 'order': 4, 'rows': 16}
2025-11-12 11:27:24,163 INFO [cli] {'ticker': 'IWM', 'mode': 'binary', 'thr': 95, 'window': 'MAX', 'order': 1, 'rows': 2}
2025-11-12 11:27:24,175 INFO [cli] {'ticker': 'IWM', 'mode': 'binary', 'thr': 95, 'window': 'MAX', 'order': 2, 'rows': 4}
2025-11-12 11:27:24,186 INFO [cli] {'ticker': 'IWM', 'mode': 'binary', 'thr': 95, 'window': 'MAX', 'order': 3, 'rows': 8}
2025-11-12 11:27:24,197 INFO [cli] {'ticker': 'IWM', 'mode': 'binary', 'thr': 95, 'window': 'MAX', 'order': 4, 'rows': 16}
2025-11-12 11:27:24,213 INFO [cli] {'ticker': 'IWM', 'mode': 'binary', 'thr': 100, 'window': '1Y', 'order': 1, 'rows': 2}
2025-11-12 11:27:24,222 INFO [cli] {'ticker': 'IWM', 'mode': 'binary', 'thr': 100, 'window': '1Y', 'order': 2, 'rows': 4}
2025-11-12 11:27:24,230 INFO [cli] {'ticker': 'IWM', 'mode': 'binary', 'thr': 100, 'window': '1Y', 'order': 3, 'rows': 8}
2025-11-12 11:27:24,240 INFO [cli] {'ticker': 'IWM', 'mode': 'binary', 'thr': 100, 'window': '1Y', 'order': 4, 'rows': 15}
2025-11-12 11:27:24,249 INFO [cli] {'ticker': 'IWM', 'mode': 'binary', 'thr': 100, 'window': '2Y', 'order': 1, 'rows': 2}
2025-11-12 11:27:24,257 INFO [cli] {'ticker': 'IWM', 'mode': 'binary', 'thr': 100, 'window': '2Y', 'order': 2, 'rows': 4}
2025-11-12 11:27:24,268 INFO [cli] {'ticker': 'IWM', 'mode': 'binary', 'thr': 100, 'window': '2Y', 'order': 3, 'rows': 8}
2025-11-12 11:27:24,278 INFO [cli] {'ticker': 'IWM', 'mode': 'binary', 'thr': 100, 'window': '2Y', 'order': 4, 'rows': 16}
2025-11-12 11:27:24,287 INFO [cli] {'ticker': 'IWM', 'mode': 'binary', 'thr': 100, 'window': '5Y', 'order': 1, 'rows': 2}
2025-11-12 11:27:24,295 INFO [cli] {'ticker': 'IWM', 'mode': 'binary', 'thr': 100, 'window': '5Y', 'order': 2, 'rows': 4}
2025-11-12 11:27:24,305 INFO [cli] {'ticker': 'IWM', 'mode': 'binary', 'thr': 100, 'window': '5Y', 'order': 3, 'rows': 8}
2025-11-12 11:27:24,316 INFO [cli] {'ticker': 'IWM', 'mode': 'binary', 'thr': 100, 'window': '5Y', 'order': 4, 'rows': 16}
2025-11-12 11:27:24,325 INFO [cli] {'ticker': 'IWM', 'mode': 'binary', 'thr': 100, 'window': '10Y', 'order': 1, 'rows': 2}
2025-11-12 11:27:24,333 INFO [cli] {'ticker': 'IWM', 'mode': 'binary', 'thr': 100, 'window': '10Y', 'order': 2, 'rows': 4}
2025-11-12 11:27:24,344 INFO [cli] {'ticker': 'IWM', 'mode': 'binary', 'thr': 100, 'window': '10Y', 'order': 3, 'rows': 8}
2025-11-12 11:27:24,355 INFO [cli] {'ticker': 'IWM', 'mode': 'binary', 'thr': 100, 'window': '10Y', 'order': 4, 'rows': 16}
2025-11-12 11:27:24,364 INFO [cli] {'ticker': 'IWM', 'mode': 'binary', 'thr': 100, 'window': '20Y', 'order': 1, 'rows': 2}
2025-11-12 11:27:24,374 INFO [cli] {'ticker': 'IWM', 'mode': 'binary', 'thr': 100, 'window': '20Y', 'order': 2, 'rows': 4}
2025-11-12 11:27:24,384 INFO [cli] {'ticker': 'IWM', 'mode': 'binary', 'thr': 100, 'window': '20Y', 'order': 3, 'rows': 8}
2025-11-12 11:27:24,393 INFO [cli] {'ticker': 'IWM', 'mode': 'binary', 'thr': 100, 'window': '20Y', 'order': 4, 'rows': 16}
2025-11-12 11:27:24,402 INFO [cli] {'ticker': 'IWM', 'mode': 'binary', 'thr': 100, 'window': 'MAX', 'order': 1, 'rows': 2}
2025-11-12 11:27:24,412 INFO [cli] {'ticker': 'IWM', 'mode': 'binary', 'thr': 100, 'window': 'MAX', 'order': 2, 'rows': 4}
2025-11-12 11:27:24,422 INFO [cli] {'ticker': 'IWM', 'mode': 'binary', 'thr': 100, 'window': 'MAX', 'order': 3, 'rows': 8}
2025-11-12 11:27:24,430 INFO [cli] {'ticker': 'IWM', 'mode': 'binary', 'thr': 100, 'window': 'MAX', 'order': 4, 'rows': 16}
2025-11-12 11:27:24,445 INFO [cli] {'ticker': 'IWM', 'mode': 'binary', 'thr': 105, 'window': '1Y', 'order': 1, 'rows': 2}
2025-11-12 11:27:24,454 INFO [cli] {'ticker': 'IWM', 'mode': 'binary', 'thr': 105, 'window': '1Y', 'order': 2, 'rows': 4}
2025-11-12 11:27:24,465 INFO [cli] {'ticker': 'IWM', 'mode': 'binary', 'thr': 105, 'window': '1Y', 'order': 3, 'rows': 8}
2025-11-12 11:27:24,475 INFO [cli] {'ticker': 'IWM', 'mode': 'binary', 'thr': 105, 'window': '1Y', 'order': 4, 'rows': 15}
2025-11-12 11:27:24,484 INFO [cli] {'ticker': 'IWM', 'mode': 'binary', 'thr': 105, 'window': '2Y', 'order': 1, 'rows': 2}
2025-11-12 11:27:24,492 INFO [cli] {'ticker': 'IWM', 'mode': 'binary', 'thr': 105, 'window': '2Y', 'order': 2, 'rows': 4}
2025-11-12 11:27:24,500 INFO [cli] {'ticker': 'IWM', 'mode': 'binary', 'thr': 105, 'window': '2Y', 'order': 3, 'rows': 8}
2025-11-12 11:27:24,510 INFO [cli] {'ticker': 'IWM', 'mode': 'binary', 'thr': 105, 'window': '2Y', 'order': 4, 'rows': 16}
2025-11-12 11:27:24,519 INFO [cli] {'ticker': 'IWM', 'mode': 'binary', 'thr': 105, 'window': '5Y', 'order': 1, 'rows': 2}
2025-11-12 11:27:24,529 INFO [cli] {'ticker': 'IWM', 'mode': 'binary', 'thr': 105, 'window': '5Y', 'order': 2, 'rows': 4}
2025-11-12 11:27:24,539 INFO [cli] {'ticker': 'IWM', 'mode': 'binary', 'thr': 105, 'window': '5Y', 'order': 3, 'rows': 8}
2025-11-12 11:27:24,548 INFO [cli] {'ticker': 'IWM', 'mode': 'binary', 'thr': 105, 'window': '5Y', 'order': 4, 'rows': 16}
2025-11-12 11:27:24,557 INFO [cli] {'ticker': 'IWM', 'mode': 'binary', 'thr': 105, 'window': '10Y', 'order': 1, 'rows': 2}
2025-11-12 11:27:24,566 INFO [cli] {'ticker': 'IWM', 'mode': 'binary', 'thr': 105, 'window': '10Y', 'order': 2, 'rows': 4}
2025-11-12 11:27:24,576 INFO [cli] {'ticker': 'IWM', 'mode': 'binary', 'thr': 105, 'window': '10Y', 'order': 3, 'rows': 8}
2025-11-12 11:27:24,587 INFO [cli] {'ticker': 'IWM', 'mode': 'binary', 'thr': 105, 'window': '10Y', 'order': 4, 'rows': 16}
2025-11-12 11:27:24,595 INFO [cli] {'ticker': 'IWM', 'mode': 'binary', 'thr': 105, 'window': '20Y', 'order': 1, 'rows': 2}

{'ticker': 'IWM', 'mode': 'binary', 'thr': 85, 'window': 'MAX', 'order': 1, 'rows': 2}
{'ticker': 'IWM', 'mode': 'binary', 'thr': 85, 'window': 'MAX', 'order': 2, 'rows': 4}
{'ticker': 'IWM', 'mode': 'binary', 'thr': 85, 'window': 'MAX', 'order': 3, 'rows': 8}
{'ticker': 'IWM', 'mode': 'binary', 'thr': 85, 'window': 'MAX', 'order': 4, 'rows': 16}
{'ticker': 'IWM', 'mode': 'binary', 'thr': 90, 'window': '1Y', 'order': 1, 'rows': 2}
{'ticker': 'IWM', 'mode': 'binary', 'thr': 90, 'window': '1Y', 'order': 2, 'rows': 4}
{'ticker': 'IWM', 'mode': 'binary', 'thr': 90, 'window': '1Y', 'order': 3, 'rows': 8}
{'ticker': 'IWM', 'mode': 'binary', 'thr': 90, 'window': '1Y', 'order': 4, 'rows': 15}
{'ticker': 'IWM', 'mode': 'binary', 'thr': 90, 'window': '2Y', 'order': 1, 'rows': 2}
{'ticker': 'IWM', 'mode': 'binary', 'thr': 90, 'window': '2Y', 'order': 2, 'rows': 4}
{'ticker': 'IWM', 'mode': 'binary', 'thr': 90, 'window': '2Y', 'order': 3, 'rows': 8}
{'ticker': 'IWM', 'mode': 'binary', 'thr': 90, 'window': '2Y', 'order': 4, 'rows': 16}
{'ticker': 'IWM', 'mode': 'binary', 'thr': 90, 'window': '5Y', 'order': 1, 'rows': 2}
{'ticker': 'IWM', 'mode': 'binary', 'thr': 90, 'window': '5Y', 'order': 2, 'rows': 4}
{'ticker': 'IWM', 'mode': 'binary', 'thr': 90, 'window': '5Y', 'order': 3, 'rows': 8}
{'ticker': 'IWM', 'mode': 'binary', 'thr': 90, 'window': '5Y', 'order': 4, 'rows': 16}
{'ticker': 'IWM', 'mode': 'binary', 'thr': 90, 'window': '10Y', 'order': 1, 'rows': 2}
{'ticker': 'IWM', 'mode': 'binary', 'thr': 90, 'window': '10Y', 'order': 2, 'rows': 4}
{'ticker': 'IWM', 'mode': 'binary', 'thr': 90, 'window': '10Y', 'order': 3, 'rows': 8}
{'ticker': 'IWM', 'mode': 'binary', 'thr': 90, 'window': '10Y', 'order': 4, 'rows': 16}
{'ticker': 'IWM', 'mode': 'binary', 'thr': 90, 'window': '20Y', 'order': 1, 'rows': 2}
{'ticker': 'IWM', 'mode': 'binary', 'thr': 90, 'window': '20Y', 'order': 2, 'rows': 4}
{'ticker': 'IWM', 'mode': 'binary', 'thr': 90, 'window': '20Y', 'order': 3, 'rows': 8}
{'ticker': 'IWM', 'mode': 'binary', 'thr': 90, 'window': '20Y', 'order': 4, 'rows': 16}
{'ticker': 'IWM', 'mode': 'binary', 'thr': 90, 'window': 'MAX', 'order': 1, 'rows': 2}
{'ticker': 'IWM', 'mode': 'binary', 'thr': 90, 'window': 'MAX', 'order': 2, 'rows': 4}
{'ticker': 'IWM', 'mode': 'binary', 'thr': 90, 'window': 'MAX', 'order': 3, 'rows': 8}
{'ticker': 'IWM', 'mode': 'binary', 'thr': 90, 'window': 'MAX', 'order': 4, 'rows': 16}
{'ticker': 'IWM', 'mode': 'binary', 'thr': 95, 'window': '1Y', 'order': 1, 'rows': 2}
{'ticker': 'IWM', 'mode': 'binary', 'thr': 95, 'window': '1Y', 'order': 2, 'rows': 4}
{'ticker': 'IWM', 'mode': 'binary', 'thr': 95, 'window': '1Y', 'order': 3, 'rows': 8}
{'ticker': 'IWM', 'mode': 'binary', 'thr': 95, 'window': '1Y', 'order': 4, 'rows': 15}
{'ticker': 'IWM', 'mode': 'binary', 'thr': 95, 'window': '2Y', 'order': 1, 'rows': 2}
{'ticker': 'IWM', 'mode': 'binary', 'thr': 95, 'window': '2Y', 'order': 2, 'rows': 4}
{'ticker': 'IWM', 'mode': 'binary', 'thr': 95, 'window': '2Y', 'order': 3, 'rows': 8}
{'ticker': 'IWM', 'mode': 'binary', 'thr': 95, 'window': '2Y', 'order': 4, 'rows': 16}
{'ticker': 'IWM', 'mode': 'binary', 'thr': 95, 'window': '5Y', 'order': 1, 'rows': 2}
{'ticker': 'IWM', 'mode': 'binary', 'thr': 95, 'window': '5Y', 'order': 2, 'rows': 4}
{'ticker': 'IWM', 'mode': 'binary', 'thr': 95, 'window': '5Y', 'order': 3, 'rows': 8}
{'ticker': 'IWM', 'mode': 'binary', 'thr': 95, 'window': '5Y', 'order': 4, 'rows': 16}
{'ticker': 'IWM', 'mode': 'binary', 'thr': 95, 'window': '10Y', 'order': 1, 'rows': 2}
{'ticker': 'IWM', 'mode': 'binary', 'thr': 95, 'window': '10Y', 'order': 2, 'rows': 4}
{'ticker': 'IWM', 'mode': 'binary', 'thr': 95, 'window': '10Y', 'order': 3, 'rows': 8}
{'ticker': 'IWM', 'mode': 'binary', 'thr': 95, 'window': '10Y', 'order': 4, 'rows': 16}
{'ticker': 'IWM', 'mode': 'binary', 'thr': 95, 'window': '20Y', 'order': 1, 'rows': 2}
{'ticker': 'IWM', 'mode': 'binary', 'thr': 95, 'window': '20Y', 'order': 2, 'rows': 4}
{'ticker': 'IWM', 'mode': 'binary', 'thr': 95, 'window': '20Y', 'order': 3, 'rows': 8}
{'ticker': 'IWM', 'mode': 'binary', 'thr': 95, 'window': '20Y', 'order': 4, 'rows': 16}
{'ticker': 'IWM', 'mode': 'binary', 'thr': 95, 'window': 'MAX', 'order': 1, 'rows': 2}
{'ticker': 'IWM', 'mode': 'binary', 'thr': 95, 'window': 'MAX', 'order': 2, 'rows': 4}
{'ticker': 'IWM', 'mode': 'binary', 'thr': 95, 'window': 'MAX', 'order': 3, 'rows': 8}
{'ticker': 'IWM', 'mode': 'binary', 'thr': 95, 'window': 'MAX', 'order': 4, 'rows': 16}
{'ticker': 'IWM', 'mode': 'binary', 'thr': 100, 'window': '1Y', 'order': 1, 'rows': 2}
{'ticker': 'IWM', 'mode': 'binary', 'thr': 100, 'window': '1Y', 'order': 2, 'rows': 4}
{'ticker': 'IWM', 'mode': 'binary', 'thr': 100, 'window': '1Y', 'order': 3, 'rows': 8}
{'ticker': 'IWM', 'mode': 'binary', 'thr': 100, 'window': '1Y', 'order': 4, 'rows': 15}
{'ticker': 'IWM', 'mode': 'binary', 'thr': 100, 'window': '2Y', 'order': 1, 'rows': 2}
{'ticker': 'IWM', 'mode': 'binary', 'thr': 100, 'window': '2Y', 'order': 2, 'rows': 4}
{'ticker': 'IWM', 'mode': 'binary', 'thr': 100, 'window': '2Y', 'order': 3, 'rows': 8}
{'ticker': 'IWM', 'mode': 'binary', 'thr': 100, 'window': '2Y', 'order': 4, 'rows': 16}
{'ticker': 'IWM', 'mode': 'binary', 'thr': 100, 'window': '5Y', 'order': 1, 'rows': 2}
{'ticker': 'IWM', 'mode': 'binary', 'thr': 100, 'window': '5Y', 'order': 2, 'rows': 4}
{'ticker': 'IWM', 'mode': 'binary', 'thr': 100, 'window': '5Y', 'order': 3, 'rows': 8}
{'ticker': 'IWM', 'mode': 'binary', 'thr': 100, 'window': '5Y', 'order': 4, 'rows': 16}
{'ticker': 'IWM', 'mode': 'binary', 'thr': 100, 'window': '10Y', 'order': 1, 'rows': 2}
{'ticker': 'IWM', 'mode': 'binary', 'thr': 100, 'window': '10Y', 'order': 2, 'rows': 4}
{'ticker': 'IWM', 'mode': 'binary', 'thr': 100, 'window': '10Y', 'order': 3, 'rows': 8}
{'ticker': 'IWM', 'mode': 'binary', 'thr': 100, 'window': '10Y', 'order': 4, 'rows': 16}
{'ticker': 'IWM', 'mode': 'binary', 'thr': 100, 'window': '20Y', 'order': 1, 'rows': 2}
{'ticker': 'IWM', 'mode': 'binary', 'thr': 100, 'window': '20Y', 'order': 2, 'rows': 4}
{'ticker': 'IWM', 'mode': 'binary', 'thr': 100, 'window': '20Y', 'order': 3, 'rows': 8}
{'ticker': 'IWM', 'mode': 'binary', 'thr': 100, 'window': '20Y', 'order': 4, 'rows': 16}
{'ticker': 'IWM', 'mode': 'binary', 'thr': 100, 'window': 'MAX', 'order': 1, 'rows': 2}
{'ticker': 'IWM', 'mode': 'binary', 'thr': 100, 'window': 'MAX', 'order': 2, 'rows': 4}
{'ticker': 'IWM', 'mode': 'binary', 'thr': 100, 'window': 'MAX', 'order': 3, 'rows': 8}
{'ticker': 'IWM', 'mode': 'binary', 'thr': 100, 'window': 'MAX', 'order': 4, 'rows': 16}
{'ticker': 'IWM', 'mode': 'binary', 'thr': 105, 'window': '1Y', 'order': 1, 'rows': 2}
{'ticker': 'IWM', 'mode': 'binary', 'thr': 105, 'window': '1Y', 'order': 2, 'rows': 4}
{'ticker': 'IWM', 'mode': 'binary', 'thr': 105, 'window': '1Y', 'order': 3, 'rows': 8}
{'ticker': 'IWM', 'mode': 'binary', 'thr': 105, 'window': '1Y', 'order': 4, 'rows': 15}
{'ticker': 'IWM', 'mode': 'binary', 'thr': 105, 'window': '2Y', 'order': 1, 'rows': 2}
{'ticker': 'IWM', 'mode': 'binary', 'thr': 105, 'window': '2Y', 'order': 2, 'rows': 4}
{'ticker': 'IWM', 'mode': 'binary', 'thr': 105, 'window': '2Y', 'order': 3, 'rows': 8}
{'ticker': 'IWM', 'mode': 'binary', 'thr': 105, 'window': '2Y', 'order': 4, 'rows': 16}
{'ticker': 'IWM', 'mode': 'binary', 'thr': 105, 'window': '5Y', 'order': 1, 'rows': 2}
{'ticker': 'IWM', 'mode': 'binary', 'thr': 105, 'window': '5Y', 'order': 2, 'rows': 4}
{'ticker': 'IWM', 'mode': 'binary', 'thr': 105, 'window': '5Y', 'order': 3, 'rows': 8}
{'ticker': 'IWM', 'mode': 'binary', 'thr': 105, 'window': '5Y', 'order': 4, 'rows': 16}
{'ticker': 'IWM', 'mode': 'binary', 'thr': 105, 'window': '10Y', 'order': 1, 'rows': 2}
{'ticker': 'IWM', 'mode': 'binary', 'thr': 105, 'window': '10Y', 'order': 2, 'rows': 4}
{'ticker': 'IWM', 'mode': 'binary', 'thr': 105, 'window': '10Y', 'order': 3, 'rows': 8}
{'ticker': 'IWM', 'mode': 'binary', 'thr': 105, 'window': '10Y', 'order': 4, 'rows': 16}
{'ticker': 'IWM', 'mode': 'binary', 'thr': 105, 'window': '20Y', 'order': 1, 'rows': 2}
{'ticker': 'IWM', 'mode': 'binary', 'thr': 105, 'window': '20Y', 'order': 2, 'rows': 4}2025-11-12 11:27:24,604 INFO [cli] {'ticker': 'IWM', 'mode': 'binary', 'thr': 105, 'window': '20Y', 'order': 2, 'rows': 4}
2025-11-12 11:27:24,613 INFO [cli] {'ticker': 'IWM', 'mode': 'binary', 'thr': 105, 'window': '20Y', 'order': 3, 'rows': 8}
2025-11-12 11:27:24,621 INFO [cli] {'ticker': 'IWM', 'mode': 'binary', 'thr': 105, 'window': '20Y', 'order': 4, 'rows': 16}
2025-11-12 11:27:24,631 INFO [cli] {'ticker': 'IWM', 'mode': 'binary', 'thr': 105, 'window': 'MAX', 'order': 1, 'rows': 2}
2025-11-12 11:27:24,642 INFO [cli] {'ticker': 'IWM', 'mode': 'binary', 'thr': 105, 'window': 'MAX', 'order': 2, 'rows': 4}
2025-11-12 11:27:24,652 INFO [cli] {'ticker': 'IWM', 'mode': 'binary', 'thr': 105, 'window': 'MAX', 'order': 3, 'rows': 8}
2025-11-12 11:27:24,662 INFO [cli] {'ticker': 'IWM', 'mode': 'binary', 'thr': 105, 'window': 'MAX', 'order': 4, 'rows': 16}
2025-11-12 11:27:24,678 INFO [cli] {'ticker': 'IWM', 'mode': 'binary', 'thr': 110, 'window': '1Y', 'order': 1, 'rows': 2}
2025-11-12 11:27:24,689 INFO [cli] {'ticker': 'IWM', 'mode': 'binary', 'thr': 110, 'window': '1Y', 'order': 2, 'rows': 4}
2025-11-12 11:27:24,698 INFO [cli] {'ticker': 'IWM', 'mode': 'binary', 'thr': 110, 'window': '1Y', 'order': 3, 'rows': 8}
2025-11-12 11:27:24,707 INFO [cli] {'ticker': 'IWM', 'mode': 'binary', 'thr': 110, 'window': '1Y', 'order': 4, 'rows': 15}
2025-11-12 11:27:24,716 INFO [cli] {'ticker': 'IWM', 'mode': 'binary', 'thr': 110, 'window': '2Y', 'order': 1, 'rows': 2}
2025-11-12 11:27:24,725 INFO [cli] {'ticker': 'IWM', 'mode': 'binary', 'thr': 110, 'window': '2Y', 'order': 2, 'rows': 4}
2025-11-12 11:27:24,733 INFO [cli] {'ticker': 'IWM', 'mode': 'binary', 'thr': 110, 'window': '2Y', 'order': 3, 'rows': 8}
2025-11-12 11:27:24,740 INFO [cli] {'ticker': 'IWM', 'mode': 'binary', 'thr': 110, 'window': '2Y', 'order': 4, 'rows': 16}
2025-11-12 11:27:24,749 INFO [cli] {'ticker': 'IWM', 'mode': 'binary', 'thr': 110, 'window': '5Y', 'order': 1, 'rows': 2}
2025-11-12 11:27:24,760 INFO [cli] {'ticker': 'IWM', 'mode': 'binary', 'thr': 110, 'window': '5Y', 'order': 2, 'rows': 4}
2025-11-12 11:27:24,768 INFO [cli] {'ticker': 'IWM', 'mode': 'binary', 'thr': 110, 'window': '5Y', 'order': 3, 'rows': 8}
2025-11-12 11:27:24,776 INFO [cli] {'ticker': 'IWM', 'mode': 'binary', 'thr': 110, 'window': '5Y', 'order': 4, 'rows': 16}
2025-11-12 11:27:24,787 INFO [cli] {'ticker': 'IWM', 'mode': 'binary', 'thr': 110, 'window': '10Y', 'order': 1, 'rows': 2}
2025-11-12 11:27:24,797 INFO [cli] {'ticker': 'IWM', 'mode': 'binary', 'thr': 110, 'window': '10Y', 'order': 2, 'rows': 4}
2025-11-12 11:27:24,806 INFO [cli] {'ticker': 'IWM', 'mode': 'binary', 'thr': 110, 'window': '10Y', 'order': 3, 'rows': 8}
2025-11-12 11:27:24,816 INFO [cli] {'ticker': 'IWM', 'mode': 'binary', 'thr': 110, 'window': '10Y', 'order': 4, 'rows': 16}
2025-11-12 11:27:24,824 INFO [cli] {'ticker': 'IWM', 'mode': 'binary', 'thr': 110, 'window': '20Y', 'order': 1, 'rows': 2}
2025-11-12 11:27:24,833 INFO [cli] {'ticker': 'IWM', 'mode': 'binary', 'thr': 110, 'window': '20Y', 'order': 2, 'rows': 4}
2025-11-12 11:27:24,841 INFO [cli] {'ticker': 'IWM', 'mode': 'binary', 'thr': 110, 'window': '20Y', 'order': 3, 'rows': 8}
2025-11-12 11:27:24,853 INFO [cli] {'ticker': 'IWM', 'mode': 'binary', 'thr': 110, 'window': '20Y', 'order': 4, 'rows': 16}
2025-11-12 11:27:24,864 INFO [cli] {'ticker': 'IWM', 'mode': 'binary', 'thr': 110, 'window': 'MAX', 'order': 1, 'rows': 2}
2025-11-12 11:27:24,876 INFO [cli] {'ticker': 'IWM', 'mode': 'binary', 'thr': 110, 'window': 'MAX', 'order': 2, 'rows': 4}
2025-11-12 11:27:24,886 INFO [cli] {'ticker': 'IWM', 'mode': 'binary', 'thr': 110, 'window': 'MAX', 'order': 3, 'rows': 8}
2025-11-12 11:27:24,895 INFO [cli] {'ticker': 'IWM', 'mode': 'binary', 'thr': 110, 'window': 'MAX', 'order': 4, 'rows': 16}
2025-11-12 11:27:24,912 INFO [cli] {'ticker': 'IWM', 'mode': 'binary', 'thr': 115, 'window': '1Y', 'order': 1, 'rows': 2}
2025-11-12 11:27:24,921 INFO [cli] {'ticker': 'IWM', 'mode': 'binary', 'thr': 115, 'window': '1Y', 'order': 2, 'rows': 4}
2025-11-12 11:27:24,933 INFO [cli] {'ticker': 'IWM', 'mode': 'binary', 'thr': 115, 'window': '1Y', 'order': 3, 'rows': 8}
2025-11-12 11:27:24,944 INFO [cli] {'ticker': 'IWM', 'mode': 'binary', 'thr': 115, 'window': '1Y', 'order': 4, 'rows': 15}
2025-11-12 11:27:24,955 INFO [cli] {'ticker': 'IWM', 'mode': 'binary', 'thr': 115, 'window': '2Y', 'order': 1, 'rows': 2}
2025-11-12 11:27:24,966 INFO [cli] {'ticker': 'IWM', 'mode': 'binary', 'thr': 115, 'window': '2Y', 'order': 2, 'rows': 4}
2025-11-12 11:27:24,978 INFO [cli] {'ticker': 'IWM', 'mode': 'binary', 'thr': 115, 'window': '2Y', 'order': 3, 'rows': 8}
2025-11-12 11:27:24,988 INFO [cli] {'ticker': 'IWM', 'mode': 'binary', 'thr': 115, 'window': '2Y', 'order': 4, 'rows': 16}
2025-11-12 11:27:24,997 INFO [cli] {'ticker': 'IWM', 'mode': 'binary', 'thr': 115, 'window': '5Y', 'order': 1, 'rows': 2}
2025-11-12 11:27:25,007 INFO [cli] {'ticker': 'IWM', 'mode': 'binary', 'thr': 115, 'window': '5Y', 'order': 2, 'rows': 4}
2025-11-12 11:27:25,027 INFO [cli] {'ticker': 'IWM', 'mode': 'binary', 'thr': 115, 'window': '5Y', 'order': 3, 'rows': 8}
2025-11-12 11:27:25,037 INFO [cli] {'ticker': 'IWM', 'mode': 'binary', 'thr': 115, 'window': '5Y', 'order': 4, 'rows': 16}
2025-11-12 11:27:25,048 INFO [cli] {'ticker': 'IWM', 'mode': 'binary', 'thr': 115, 'window': '10Y', 'order': 1, 'rows': 2}
2025-11-12 11:27:25,058 INFO [cli] {'ticker': 'IWM', 'mode': 'binary', 'thr': 115, 'window': '10Y', 'order': 2, 'rows': 4}
2025-11-12 11:27:25,068 INFO [cli] {'ticker': 'IWM', 'mode': 'binary', 'thr': 115, 'window': '10Y', 'order': 3, 'rows': 8}
2025-11-12 11:27:25,079 INFO [cli] {'ticker': 'IWM', 'mode': 'binary', 'thr': 115, 'window': '10Y', 'order': 4, 'rows': 16}
2025-11-12 11:27:25,090 INFO [cli] {'ticker': 'IWM', 'mode': 'binary', 'thr': 115, 'window': '20Y', 'order': 1, 'rows': 2}
2025-11-12 11:27:25,099 INFO [cli] {'ticker': 'IWM', 'mode': 'binary', 'thr': 115, 'window': '20Y', 'order': 2, 'rows': 4}
2025-11-12 11:27:25,109 INFO [cli] {'ticker': 'IWM', 'mode': 'binary', 'thr': 115, 'window': '20Y', 'order': 3, 'rows': 8}
2025-11-12 11:27:25,120 INFO [cli] {'ticker': 'IWM', 'mode': 'binary', 'thr': 115, 'window': '20Y', 'order': 4, 'rows': 16}
2025-11-12 11:27:25,130 INFO [cli] {'ticker': 'IWM', 'mode': 'binary', 'thr': 115, 'window': 'MAX', 'order': 1, 'rows': 2}
2025-11-12 11:27:25,141 INFO [cli] {'ticker': 'IWM', 'mode': 'binary', 'thr': 115, 'window': 'MAX', 'order': 2, 'rows': 4}
2025-11-12 11:27:25,151 INFO [cli] {'ticker': 'IWM', 'mode': 'binary', 'thr': 115, 'window': 'MAX', 'order': 3, 'rows': 8}
2025-11-12 11:27:25,161 INFO [cli] {'ticker': 'IWM', 'mode': 'binary', 'thr': 115, 'window': 'MAX', 'order': 4, 'rows': 16}
2025-11-12 11:27:25,177 INFO [cli] {'ticker': 'IWM', 'mode': 'binary', 'thr': 120, 'window': '1Y', 'order': 1, 'rows': 2}
2025-11-12 11:27:25,187 INFO [cli] {'ticker': 'IWM', 'mode': 'binary', 'thr': 120, 'window': '1Y', 'order': 2, 'rows': 4}
2025-11-12 11:27:25,198 INFO [cli] {'ticker': 'IWM', 'mode': 'binary', 'thr': 120, 'window': '1Y', 'order': 3, 'rows': 8}
2025-11-12 11:27:25,209 INFO [cli] {'ticker': 'IWM', 'mode': 'binary', 'thr': 120, 'window': '1Y', 'order': 4, 'rows': 14}
2025-11-12 11:27:25,219 INFO [cli] {'ticker': 'IWM', 'mode': 'binary', 'thr': 120, 'window': '2Y', 'order': 1, 'rows': 2}
2025-11-12 11:27:25,230 INFO [cli] {'ticker': 'IWM', 'mode': 'binary', 'thr': 120, 'window': '2Y', 'order': 2, 'rows': 4}
2025-11-12 11:27:25,240 INFO [cli] {'ticker': 'IWM', 'mode': 'binary', 'thr': 120, 'window': '2Y', 'order': 3, 'rows': 8}
2025-11-12 11:27:25,250 INFO [cli] {'ticker': 'IWM', 'mode': 'binary', 'thr': 120, 'window': '2Y', 'order': 4, 'rows': 15}
2025-11-12 11:27:25,260 INFO [cli] {'ticker': 'IWM', 'mode': 'binary', 'thr': 120, 'window': '5Y', 'order': 1, 'rows': 2}
2025-11-12 11:27:25,270 INFO [cli] {'ticker': 'IWM', 'mode': 'binary', 'thr': 120, 'window': '5Y', 'order': 2, 'rows': 4}
2025-11-12 11:27:25,279 INFO [cli] {'ticker': 'IWM', 'mode': 'binary', 'thr': 120, 'window': '5Y', 'order': 3, 'rows': 8}
2025-11-12 11:27:25,288 INFO [cli] {'ticker': 'IWM', 'mode': 'binary', 'thr': 120, 'window': '5Y', 'order': 4, 'rows': 15}
2025-11-12 11:27:25,296 INFO [cli] {'ticker': 'IWM', 'mode': 'binary', 'thr': 120, 'window': '10Y', 'order': 1, 'rows': 2}
2025-11-12 11:27:25,306 INFO [cli] {'ticker': 'IWM', 'mode': 'binary', 'thr': 120, 'window': '10Y', 'order': 2, 'rows': 4}
2025-11-12 11:27:25,316 INFO [cli] {'ticker': 'IWM', 'mode': 'binary', 'thr': 120, 'window': '10Y', 'order': 3, 'rows': 8}
2025-11-12 11:27:25,324 INFO [cli] {'ticker': 'IWM', 'mode': 'binary', 'thr': 120, 'window': '10Y', 'order': 4, 'rows': 16}
2025-11-12 11:27:25,334 INFO [cli] {'ticker': 'IWM', 'mode': 'binary', 'thr': 120, 'window': '20Y', 'order': 1, 'rows': 2}
2025-11-12 11:27:25,343 INFO [cli] {'ticker': 'IWM', 'mode': 'binary', 'thr': 120, 'window': '20Y', 'order': 2, 'rows': 4}
2025-11-12 11:27:25,352 INFO [cli] {'ticker': 'IWM', 'mode': 'binary', 'thr': 120, 'window': '20Y', 'order': 3, 'rows': 8}
2025-11-12 11:27:25,361 INFO [cli] {'ticker': 'IWM', 'mode': 'binary', 'thr': 120, 'window': '20Y', 'order': 4, 'rows': 16}
2025-11-12 11:27:25,371 INFO [cli] {'ticker': 'IWM', 'mode': 'binary', 'thr': 120, 'window': 'MAX', 'order': 1, 'rows': 2}
2025-11-12 11:27:25,381 INFO [cli] {'ticker': 'IWM', 'mode': 'binary', 'thr': 120, 'window': 'MAX', 'order': 2, 'rows': 4}
2025-11-12 11:27:25,391 INFO [cli] {'ticker': 'IWM', 'mode': 'binary', 'thr': 120, 'window': 'MAX', 'order': 3, 'rows': 8}
2025-11-12 11:27:25,401 INFO [cli] {'ticker': 'IWM', 'mode': 'binary', 'thr': 120, 'window': 'MAX', 'order': 4, 'rows': 16}
2025-11-12 11:27:25,417 INFO [cli] {'ticker': 'IWM', 'mode': 'binary', 'thr': 125, 'window': '1Y', 'order': 1, 'rows': 2}
2025-11-12 11:27:25,427 INFO [cli] {'ticker': 'IWM', 'mode': 'binary', 'thr': 125, 'window': '1Y', 'order': 2, 'rows': 4}
2025-11-12 11:27:25,437 INFO [cli] {'ticker': 'IWM', 'mode': 'binary', 'thr': 125, 'window': '1Y', 'order': 3, 'rows': 8}
2025-11-12 11:27:25,445 INFO [cli] {'ticker': 'IWM', 'mode': 'binary', 'thr': 125, 'window': '1Y', 'order': 4, 'rows': 14}
2025-11-12 11:27:25,454 INFO [cli] {'ticker': 'IWM', 'mode': 'binary', 'thr': 125, 'window': '2Y', 'order': 1, 'rows': 2}
2025-11-12 11:27:25,464 INFO [cli] {'ticker': 'IWM', 'mode': 'binary', 'thr': 125, 'window': '2Y', 'order': 2, 'rows': 4}
2025-11-12 11:27:25,474 INFO [cli] {'ticker': 'IWM', 'mode': 'binary', 'thr': 125, 'window': '2Y', 'order': 3, 'rows': 8}
2025-11-12 11:27:25,485 INFO [cli] {'ticker': 'IWM', 'mode': 'binary', 'thr': 125, 'window': '2Y', 'order': 4, 'rows': 15}
2025-11-12 11:27:25,494 INFO [cli] {'ticker': 'IWM', 'mode': 'binary', 'thr': 125, 'window': '5Y', 'order': 1, 'rows': 2}
2025-11-12 11:27:25,503 INFO [cli] {'ticker': 'IWM', 'mode': 'binary', 'thr': 125, 'window': '5Y', 'order': 2, 'rows': 4}
2025-11-12 11:27:25,513 INFO [cli] {'ticker': 'IWM', 'mode': 'binary', 'thr': 125, 'window': '5Y', 'order': 3, 'rows': 8}
2025-11-12 11:27:25,524 INFO [cli] {'ticker': 'IWM', 'mode': 'binary', 'thr': 125, 'window': '5Y', 'order': 4, 'rows': 15}
2025-11-12 11:27:25,533 INFO [cli] {'ticker': 'IWM', 'mode': 'binary', 'thr': 125, 'window': '10Y', 'order': 1, 'rows': 2}
2025-11-12 11:27:25,542 INFO [cli] {'ticker': 'IWM', 'mode': 'binary', 'thr': 125, 'window': '10Y', 'order': 2, 'rows': 4}
2025-11-12 11:27:25,550 INFO [cli] {'ticker': 'IWM', 'mode': 'binary', 'thr': 125, 'window': '10Y', 'order': 3, 'rows': 8}

{'ticker': 'IWM', 'mode': 'binary', 'thr': 105, 'window': '20Y', 'order': 3, 'rows': 8}
{'ticker': 'IWM', 'mode': 'binary', 'thr': 105, 'window': '20Y', 'order': 4, 'rows': 16}
{'ticker': 'IWM', 'mode': 'binary', 'thr': 105, 'window': 'MAX', 'order': 1, 'rows': 2}
{'ticker': 'IWM', 'mode': 'binary', 'thr': 105, 'window': 'MAX', 'order': 2, 'rows': 4}
{'ticker': 'IWM', 'mode': 'binary', 'thr': 105, 'window': 'MAX', 'order': 3, 'rows': 8}
{'ticker': 'IWM', 'mode': 'binary', 'thr': 105, 'window': 'MAX', 'order': 4, 'rows': 16}
{'ticker': 'IWM', 'mode': 'binary', 'thr': 110, 'window': '1Y', 'order': 1, 'rows': 2}
{'ticker': 'IWM', 'mode': 'binary', 'thr': 110, 'window': '1Y', 'order': 2, 'rows': 4}
{'ticker': 'IWM', 'mode': 'binary', 'thr': 110, 'window': '1Y', 'order': 3, 'rows': 8}
{'ticker': 'IWM', 'mode': 'binary', 'thr': 110, 'window': '1Y', 'order': 4, 'rows': 15}
{'ticker': 'IWM', 'mode': 'binary', 'thr': 110, 'window': '2Y', 'order': 1, 'rows': 2}
{'ticker': 'IWM', 'mode': 'binary', 'thr': 110, 'window': '2Y', 'order': 2, 'rows': 4}
{'ticker': 'IWM', 'mode': 'binary', 'thr': 110, 'window': '2Y', 'order': 3, 'rows': 8}
{'ticker': 'IWM', 'mode': 'binary', 'thr': 110, 'window': '2Y', 'order': 4, 'rows': 16}
{'ticker': 'IWM', 'mode': 'binary', 'thr': 110, 'window': '5Y', 'order': 1, 'rows': 2}
{'ticker': 'IWM', 'mode': 'binary', 'thr': 110, 'window': '5Y', 'order': 2, 'rows': 4}
{'ticker': 'IWM', 'mode': 'binary', 'thr': 110, 'window': '5Y', 'order': 3, 'rows': 8}
{'ticker': 'IWM', 'mode': 'binary', 'thr': 110, 'window': '5Y', 'order': 4, 'rows': 16}
{'ticker': 'IWM', 'mode': 'binary', 'thr': 110, 'window': '10Y', 'order': 1, 'rows': 2}
{'ticker': 'IWM', 'mode': 'binary', 'thr': 110, 'window': '10Y', 'order': 2, 'rows': 4}
{'ticker': 'IWM', 'mode': 'binary', 'thr': 110, 'window': '10Y', 'order': 3, 'rows': 8}
{'ticker': 'IWM', 'mode': 'binary', 'thr': 110, 'window': '10Y', 'order': 4, 'rows': 16}
{'ticker': 'IWM', 'mode': 'binary', 'thr': 110, 'window': '20Y', 'order': 1, 'rows': 2}
{'ticker': 'IWM', 'mode': 'binary', 'thr': 110, 'window': '20Y', 'order': 2, 'rows': 4}
{'ticker': 'IWM', 'mode': 'binary', 'thr': 110, 'window': '20Y', 'order': 3, 'rows': 8}
{'ticker': 'IWM', 'mode': 'binary', 'thr': 110, 'window': '20Y', 'order': 4, 'rows': 16}
{'ticker': 'IWM', 'mode': 'binary', 'thr': 110, 'window': 'MAX', 'order': 1, 'rows': 2}
{'ticker': 'IWM', 'mode': 'binary', 'thr': 110, 'window': 'MAX', 'order': 2, 'rows': 4}
{'ticker': 'IWM', 'mode': 'binary', 'thr': 110, 'window': 'MAX', 'order': 3, 'rows': 8}
{'ticker': 'IWM', 'mode': 'binary', 'thr': 110, 'window': 'MAX', 'order': 4, 'rows': 16}
{'ticker': 'IWM', 'mode': 'binary', 'thr': 115, 'window': '1Y', 'order': 1, 'rows': 2}
{'ticker': 'IWM', 'mode': 'binary', 'thr': 115, 'window': '1Y', 'order': 2, 'rows': 4}
{'ticker': 'IWM', 'mode': 'binary', 'thr': 115, 'window': '1Y', 'order': 3, 'rows': 8}
{'ticker': 'IWM', 'mode': 'binary', 'thr': 115, 'window': '1Y', 'order': 4, 'rows': 15}
{'ticker': 'IWM', 'mode': 'binary', 'thr': 115, 'window': '2Y', 'order': 1, 'rows': 2}
{'ticker': 'IWM', 'mode': 'binary', 'thr': 115, 'window': '2Y', 'order': 2, 'rows': 4}
{'ticker': 'IWM', 'mode': 'binary', 'thr': 115, 'window': '2Y', 'order': 3, 'rows': 8}
{'ticker': 'IWM', 'mode': 'binary', 'thr': 115, 'window': '2Y', 'order': 4, 'rows': 16}
{'ticker': 'IWM', 'mode': 'binary', 'thr': 115, 'window': '5Y', 'order': 1, 'rows': 2}
{'ticker': 'IWM', 'mode': 'binary', 'thr': 115, 'window': '5Y', 'order': 2, 'rows': 4}
{'ticker': 'IWM', 'mode': 'binary', 'thr': 115, 'window': '5Y', 'order': 3, 'rows': 8}
{'ticker': 'IWM', 'mode': 'binary', 'thr': 115, 'window': '5Y', 'order': 4, 'rows': 16}
{'ticker': 'IWM', 'mode': 'binary', 'thr': 115, 'window': '10Y', 'order': 1, 'rows': 2}
{'ticker': 'IWM', 'mode': 'binary', 'thr': 115, 'window': '10Y', 'order': 2, 'rows': 4}
{'ticker': 'IWM', 'mode': 'binary', 'thr': 115, 'window': '10Y', 'order': 3, 'rows': 8}
{'ticker': 'IWM', 'mode': 'binary', 'thr': 115, 'window': '10Y', 'order': 4, 'rows': 16}
{'ticker': 'IWM', 'mode': 'binary', 'thr': 115, 'window': '20Y', 'order': 1, 'rows': 2}
{'ticker': 'IWM', 'mode': 'binary', 'thr': 115, 'window': '20Y', 'order': 2, 'rows': 4}
{'ticker': 'IWM', 'mode': 'binary', 'thr': 115, 'window': '20Y', 'order': 3, 'rows': 8}
{'ticker': 'IWM', 'mode': 'binary', 'thr': 115, 'window': '20Y', 'order': 4, 'rows': 16}
{'ticker': 'IWM', 'mode': 'binary', 'thr': 115, 'window': 'MAX', 'order': 1, 'rows': 2}
{'ticker': 'IWM', 'mode': 'binary', 'thr': 115, 'window': 'MAX', 'order': 2, 'rows': 4}
{'ticker': 'IWM', 'mode': 'binary', 'thr': 115, 'window': 'MAX', 'order': 3, 'rows': 8}
{'ticker': 'IWM', 'mode': 'binary', 'thr': 115, 'window': 'MAX', 'order': 4, 'rows': 16}
{'ticker': 'IWM', 'mode': 'binary', 'thr': 120, 'window': '1Y', 'order': 1, 'rows': 2}
{'ticker': 'IWM', 'mode': 'binary', 'thr': 120, 'window': '1Y', 'order': 2, 'rows': 4}
{'ticker': 'IWM', 'mode': 'binary', 'thr': 120, 'window': '1Y', 'order': 3, 'rows': 8}
{'ticker': 'IWM', 'mode': 'binary', 'thr': 120, 'window': '1Y', 'order': 4, 'rows': 14}
{'ticker': 'IWM', 'mode': 'binary', 'thr': 120, 'window': '2Y', 'order': 1, 'rows': 2}
{'ticker': 'IWM', 'mode': 'binary', 'thr': 120, 'window': '2Y', 'order': 2, 'rows': 4}
{'ticker': 'IWM', 'mode': 'binary', 'thr': 120, 'window': '2Y', 'order': 3, 'rows': 8}
{'ticker': 'IWM', 'mode': 'binary', 'thr': 120, 'window': '2Y', 'order': 4, 'rows': 15}
{'ticker': 'IWM', 'mode': 'binary', 'thr': 120, 'window': '5Y', 'order': 1, 'rows': 2}
{'ticker': 'IWM', 'mode': 'binary', 'thr': 120, 'window': '5Y', 'order': 2, 'rows': 4}
{'ticker': 'IWM', 'mode': 'binary', 'thr': 120, 'window': '5Y', 'order': 3, 'rows': 8}
{'ticker': 'IWM', 'mode': 'binary', 'thr': 120, 'window': '5Y', 'order': 4, 'rows': 15}
{'ticker': 'IWM', 'mode': 'binary', 'thr': 120, 'window': '10Y', 'order': 1, 'rows': 2}
{'ticker': 'IWM', 'mode': 'binary', 'thr': 120, 'window': '10Y', 'order': 2, 'rows': 4}
{'ticker': 'IWM', 'mode': 'binary', 'thr': 120, 'window': '10Y', 'order': 3, 'rows': 8}
{'ticker': 'IWM', 'mode': 'binary', 'thr': 120, 'window': '10Y', 'order': 4, 'rows': 16}
{'ticker': 'IWM', 'mode': 'binary', 'thr': 120, 'window': '20Y', 'order': 1, 'rows': 2}
{'ticker': 'IWM', 'mode': 'binary', 'thr': 120, 'window': '20Y', 'order': 2, 'rows': 4}
{'ticker': 'IWM', 'mode': 'binary', 'thr': 120, 'window': '20Y', 'order': 3, 'rows': 8}
{'ticker': 'IWM', 'mode': 'binary', 'thr': 120, 'window': '20Y', 'order': 4, 'rows': 16}
{'ticker': 'IWM', 'mode': 'binary', 'thr': 120, 'window': 'MAX', 'order': 1, 'rows': 2}
{'ticker': 'IWM', 'mode': 'binary', 'thr': 120, 'window': 'MAX', 'order': 2, 'rows': 4}
{'ticker': 'IWM', 'mode': 'binary', 'thr': 120, 'window': 'MAX', 'order': 3, 'rows': 8}
{'ticker': 'IWM', 'mode': 'binary', 'thr': 120, 'window': 'MAX', 'order': 4, 'rows': 16}
{'ticker': 'IWM', 'mode': 'binary', 'thr': 125, 'window': '1Y', 'order': 1, 'rows': 2}
{'ticker': 'IWM', 'mode': 'binary', 'thr': 125, 'window': '1Y', 'order': 2, 'rows': 4}
{'ticker': 'IWM', 'mode': 'binary', 'thr': 125, 'window': '1Y', 'order': 3, 'rows': 8}
{'ticker': 'IWM', 'mode': 'binary', 'thr': 125, 'window': '1Y', 'order': 4, 'rows': 14}
{'ticker': 'IWM', 'mode': 'binary', 'thr': 125, 'window': '2Y', 'order': 1, 'rows': 2}
{'ticker': 'IWM', 'mode': 'binary', 'thr': 125, 'window': '2Y', 'order': 2, 'rows': 4}
{'ticker': 'IWM', 'mode': 'binary', 'thr': 125, 'window': '2Y', 'order': 3, 'rows': 8}
{'ticker': 'IWM', 'mode': 'binary', 'thr': 125, 'window': '2Y', 'order': 4, 'rows': 15}
{'ticker': 'IWM', 'mode': 'binary', 'thr': 125, 'window': '5Y', 'order': 1, 'rows': 2}
{'ticker': 'IWM', 'mode': 'binary', 'thr': 125, 'window': '5Y', 'order': 2, 'rows': 4}
{'ticker': 'IWM', 'mode': 'binary', 'thr': 125, 'window': '5Y', 'order': 3, 'rows': 8}
{'ticker': 'IWM', 'mode': 'binary', 'thr': 125, 'window': '5Y', 'order': 4, 'rows': 15}
{'ticker': 'IWM', 'mode': 'binary', 'thr': 125, 'window': '10Y', 'order': 1, 'rows': 2}
{'ticker': 'IWM', 'mode': 'binary', 'thr': 125, 'window': '10Y', 'order': 2, 'rows': 4}
{'ticker': 'IWM', 'mode': 'binary', 'thr': 125, 'window': '10Y', 'order': 3, 'rows': 8}
{'ticker': 'IWM', 'mode': 'binary', 'thr': 125, 'window': '10Y', 'order': 4, 'rows': 16}2025-11-12 11:27:25,559 INFO [cli] {'ticker': 'IWM', 'mode': 'binary', 'thr': 125, 'window': '10Y', 'order': 4, 'rows': 16}
2025-11-12 11:27:25,569 INFO [cli] {'ticker': 'IWM', 'mode': 'binary', 'thr': 125, 'window': '20Y', 'order': 1, 'rows': 2}
2025-11-12 11:27:25,580 INFO [cli] {'ticker': 'IWM', 'mode': 'binary', 'thr': 125, 'window': '20Y', 'order': 2, 'rows': 4}
2025-11-12 11:27:25,589 INFO [cli] {'ticker': 'IWM', 'mode': 'binary', 'thr': 125, 'window': '20Y', 'order': 3, 'rows': 8}
2025-11-12 11:27:25,599 INFO [cli] {'ticker': 'IWM', 'mode': 'binary', 'thr': 125, 'window': '20Y', 'order': 4, 'rows': 16}
2025-11-12 11:27:25,610 INFO [cli] {'ticker': 'IWM', 'mode': 'binary', 'thr': 125, 'window': 'MAX', 'order': 1, 'rows': 2}
2025-11-12 11:27:25,620 INFO [cli] {'ticker': 'IWM', 'mode': 'binary', 'thr': 125, 'window': 'MAX', 'order': 2, 'rows': 4}
2025-11-12 11:27:25,630 INFO [cli] {'ticker': 'IWM', 'mode': 'binary', 'thr': 125, 'window': 'MAX', 'order': 3, 'rows': 8}
2025-11-12 11:27:25,640 INFO [cli] {'ticker': 'IWM', 'mode': 'binary', 'thr': 125, 'window': 'MAX', 'order': 4, 'rows': 16}
2025-11-12 11:27:25,656 INFO [cli] {'ticker': 'IWM', 'mode': 'binary', 'thr': 130, 'window': '1Y', 'order': 1, 'rows': 2}
2025-11-12 11:27:25,666 INFO [cli] {'ticker': 'IWM', 'mode': 'binary', 'thr': 130, 'window': '1Y', 'order': 2, 'rows': 4}
2025-11-12 11:27:25,677 INFO [cli] {'ticker': 'IWM', 'mode': 'binary', 'thr': 130, 'window': '1Y', 'order': 3, 'rows': 8}
2025-11-12 11:27:25,686 INFO [cli] {'ticker': 'IWM', 'mode': 'binary', 'thr': 130, 'window': '1Y', 'order': 4, 'rows': 13}
2025-11-12 11:27:25,696 INFO [cli] {'ticker': 'IWM', 'mode': 'binary', 'thr': 130, 'window': '2Y', 'order': 1, 'rows': 2}
2025-11-12 11:27:25,708 INFO [cli] {'ticker': 'IWM', 'mode': 'binary', 'thr': 130, 'window': '2Y', 'order': 2, 'rows': 4}
2025-11-12 11:27:25,719 INFO [cli] {'ticker': 'IWM', 'mode': 'binary', 'thr': 130, 'window': '2Y', 'order': 3, 'rows': 8}
2025-11-12 11:27:25,728 INFO [cli] {'ticker': 'IWM', 'mode': 'binary', 'thr': 130, 'window': '2Y', 'order': 4, 'rows': 15}
2025-11-12 11:27:25,739 INFO [cli] {'ticker': 'IWM', 'mode': 'binary', 'thr': 130, 'window': '5Y', 'order': 1, 'rows': 2}
2025-11-12 11:27:25,747 INFO [cli] {'ticker': 'IWM', 'mode': 'binary', 'thr': 130, 'window': '5Y', 'order': 2, 'rows': 4}
2025-11-12 11:27:25,757 INFO [cli] {'ticker': 'IWM', 'mode': 'binary', 'thr': 130, 'window': '5Y', 'order': 3, 'rows': 8}
2025-11-12 11:27:25,767 INFO [cli] {'ticker': 'IWM', 'mode': 'binary', 'thr': 130, 'window': '5Y', 'order': 4, 'rows': 15}
2025-11-12 11:27:25,774 INFO [cli] {'ticker': 'IWM', 'mode': 'binary', 'thr': 130, 'window': '10Y', 'order': 1, 'rows': 2}
2025-11-12 11:27:25,783 INFO [cli] {'ticker': 'IWM', 'mode': 'binary', 'thr': 130, 'window': '10Y', 'order': 2, 'rows': 4}
2025-11-12 11:27:25,791 INFO [cli] {'ticker': 'IWM', 'mode': 'binary', 'thr': 130, 'window': '10Y', 'order': 3, 'rows': 8}
2025-11-12 11:27:25,800 INFO [cli] {'ticker': 'IWM', 'mode': 'binary', 'thr': 130, 'window': '10Y', 'order': 4, 'rows': 16}
2025-11-12 11:27:25,807 INFO [cli] {'ticker': 'IWM', 'mode': 'binary', 'thr': 130, 'window': '20Y', 'order': 1, 'rows': 2}
2025-11-12 11:27:25,817 INFO [cli] {'ticker': 'IWM', 'mode': 'binary', 'thr': 130, 'window': '20Y', 'order': 2, 'rows': 4}
2025-11-12 11:27:25,828 INFO [cli] {'ticker': 'IWM', 'mode': 'binary', 'thr': 130, 'window': '20Y', 'order': 3, 'rows': 8}
2025-11-12 11:27:25,839 INFO [cli] {'ticker': 'IWM', 'mode': 'binary', 'thr': 130, 'window': '20Y', 'order': 4, 'rows': 16}
2025-11-12 11:27:25,849 INFO [cli] {'ticker': 'IWM', 'mode': 'binary', 'thr': 130, 'window': 'MAX', 'order': 1, 'rows': 2}
2025-11-12 11:27:25,860 INFO [cli] {'ticker': 'IWM', 'mode': 'binary', 'thr': 130, 'window': 'MAX', 'order': 2, 'rows': 4}
2025-11-12 11:27:25,869 INFO [cli] {'ticker': 'IWM', 'mode': 'binary', 'thr': 130, 'window': 'MAX', 'order': 3, 'rows': 8}
2025-11-12 11:27:25,879 INFO [cli] {'ticker': 'IWM', 'mode': 'binary', 'thr': 130, 'window': 'MAX', 'order': 4, 'rows': 16}
2025-11-12 11:27:25,895 INFO [cli] {'ticker': 'IWM', 'mode': 'binary', 'thr': 135, 'window': '1Y', 'order': 1, 'rows': 2}
2025-11-12 11:27:25,905 INFO [cli] {'ticker': 'IWM', 'mode': 'binary', 'thr': 135, 'window': '1Y', 'order': 2, 'rows': 4}
2025-11-12 11:27:25,915 INFO [cli] {'ticker': 'IWM', 'mode': 'binary', 'thr': 135, 'window': '1Y', 'order': 3, 'rows': 8}
2025-11-12 11:27:25,925 INFO [cli] {'ticker': 'IWM', 'mode': 'binary', 'thr': 135, 'window': '1Y', 'order': 4, 'rows': 13}
2025-11-12 11:27:25,936 INFO [cli] {'ticker': 'IWM', 'mode': 'binary', 'thr': 135, 'window': '2Y', 'order': 1, 'rows': 2}
2025-11-12 11:27:25,955 INFO [cli] {'ticker': 'IWM', 'mode': 'binary', 'thr': 135, 'window': '2Y', 'order': 2, 'rows': 4}
2025-11-12 11:27:25,963 INFO [cli] {'ticker': 'IWM', 'mode': 'binary', 'thr': 135, 'window': '2Y', 'order': 3, 'rows': 8}
2025-11-12 11:27:25,970 INFO [cli] {'ticker': 'IWM', 'mode': 'binary', 'thr': 135, 'window': '2Y', 'order': 4, 'rows': 15}
2025-11-12 11:27:25,979 INFO [cli] {'ticker': 'IWM', 'mode': 'binary', 'thr': 135, 'window': '5Y', 'order': 1, 'rows': 2}
2025-11-12 11:27:25,990 INFO [cli] {'ticker': 'IWM', 'mode': 'binary', 'thr': 135, 'window': '5Y', 'order': 2, 'rows': 4}
2025-11-12 11:27:25,999 INFO [cli] {'ticker': 'IWM', 'mode': 'binary', 'thr': 135, 'window': '5Y', 'order': 3, 'rows': 8}
2025-11-12 11:27:26,008 INFO [cli] {'ticker': 'IWM', 'mode': 'binary', 'thr': 135, 'window': '5Y', 'order': 4, 'rows': 15}
2025-11-12 11:27:26,018 INFO [cli] {'ticker': 'IWM', 'mode': 'binary', 'thr': 135, 'window': '10Y', 'order': 1, 'rows': 2}
2025-11-12 11:27:26,028 INFO [cli] {'ticker': 'IWM', 'mode': 'binary', 'thr': 135, 'window': '10Y', 'order': 2, 'rows': 4}
2025-11-12 11:27:26,038 INFO [cli] {'ticker': 'IWM', 'mode': 'binary', 'thr': 135, 'window': '10Y', 'order': 3, 'rows': 8}
2025-11-12 11:27:26,049 INFO [cli] {'ticker': 'IWM', 'mode': 'binary', 'thr': 135, 'window': '10Y', 'order': 4, 'rows': 16}
2025-11-12 11:27:26,059 INFO [cli] {'ticker': 'IWM', 'mode': 'binary', 'thr': 135, 'window': '20Y', 'order': 1, 'rows': 2}
2025-11-12 11:27:26,068 INFO [cli] {'ticker': 'IWM', 'mode': 'binary', 'thr': 135, 'window': '20Y', 'order': 2, 'rows': 4}
2025-11-12 11:27:26,078 INFO [cli] {'ticker': 'IWM', 'mode': 'binary', 'thr': 135, 'window': '20Y', 'order': 3, 'rows': 8}
2025-11-12 11:27:26,088 INFO [cli] {'ticker': 'IWM', 'mode': 'binary', 'thr': 135, 'window': '20Y', 'order': 4, 'rows': 16}
2025-11-12 11:27:26,096 INFO [cli] {'ticker': 'IWM', 'mode': 'binary', 'thr': 135, 'window': 'MAX', 'order': 1, 'rows': 2}
2025-11-12 11:27:26,107 INFO [cli] {'ticker': 'IWM', 'mode': 'binary', 'thr': 135, 'window': 'MAX', 'order': 2, 'rows': 4}
2025-11-12 11:27:26,117 INFO [cli] {'ticker': 'IWM', 'mode': 'binary', 'thr': 135, 'window': 'MAX', 'order': 3, 'rows': 8}
2025-11-12 11:27:26,127 INFO [cli] {'ticker': 'IWM', 'mode': 'binary', 'thr': 135, 'window': 'MAX', 'order': 4, 'rows': 16}
2025-11-12 11:27:26,144 INFO [cli] {'ticker': 'IWM', 'mode': 'binary', 'thr': 140, 'window': '1Y', 'order': 1, 'rows': 2}
2025-11-12 11:27:26,152 INFO [cli] {'ticker': 'IWM', 'mode': 'binary', 'thr': 140, 'window': '1Y', 'order': 2, 'rows': 4}
2025-11-12 11:27:26,161 INFO [cli] {'ticker': 'IWM', 'mode': 'binary', 'thr': 140, 'window': '1Y', 'order': 3, 'rows': 8}
2025-11-12 11:27:26,172 INFO [cli] {'ticker': 'IWM', 'mode': 'binary', 'thr': 140, 'window': '1Y', 'order': 4, 'rows': 13}
2025-11-12 11:27:26,182 INFO [cli] {'ticker': 'IWM', 'mode': 'binary', 'thr': 140, 'window': '2Y', 'order': 1, 'rows': 2}
2025-11-12 11:27:26,193 INFO [cli] {'ticker': 'IWM', 'mode': 'binary', 'thr': 140, 'window': '2Y', 'order': 2, 'rows': 4}
2025-11-12 11:27:26,203 INFO [cli] {'ticker': 'IWM', 'mode': 'binary', 'thr': 140, 'window': '2Y', 'order': 3, 'rows': 8}
2025-11-12 11:27:26,212 INFO [cli] {'ticker': 'IWM', 'mode': 'binary', 'thr': 140, 'window': '2Y', 'order': 4, 'rows': 15}
2025-11-12 11:27:26,221 INFO [cli] {'ticker': 'IWM', 'mode': 'binary', 'thr': 140, 'window': '5Y', 'order': 1, 'rows': 2}
2025-11-12 11:27:26,231 INFO [cli] {'ticker': 'IWM', 'mode': 'binary', 'thr': 140, 'window': '5Y', 'order': 2, 'rows': 4}
2025-11-12 11:27:26,239 INFO [cli] {'ticker': 'IWM', 'mode': 'binary', 'thr': 140, 'window': '5Y', 'order': 3, 'rows': 8}
2025-11-12 11:27:26,249 INFO [cli] {'ticker': 'IWM', 'mode': 'binary', 'thr': 140, 'window': '5Y', 'order': 4, 'rows': 15}
2025-11-12 11:27:26,259 INFO [cli] {'ticker': 'IWM', 'mode': 'binary', 'thr': 140, 'window': '10Y', 'order': 1, 'rows': 2}
2025-11-12 11:27:26,268 INFO [cli] {'ticker': 'IWM', 'mode': 'binary', 'thr': 140, 'window': '10Y', 'order': 2, 'rows': 4}
2025-11-12 11:27:26,279 INFO [cli] {'ticker': 'IWM', 'mode': 'binary', 'thr': 140, 'window': '10Y', 'order': 3, 'rows': 8}
2025-11-12 11:27:26,290 INFO [cli] {'ticker': 'IWM', 'mode': 'binary', 'thr': 140, 'window': '10Y', 'order': 4, 'rows': 16}
2025-11-12 11:27:26,301 INFO [cli] {'ticker': 'IWM', 'mode': 'binary', 'thr': 140, 'window': '20Y', 'order': 1, 'rows': 2}
2025-11-12 11:27:26,311 INFO [cli] {'ticker': 'IWM', 'mode': 'binary', 'thr': 140, 'window': '20Y', 'order': 2, 'rows': 4}
2025-11-12 11:27:26,321 INFO [cli] {'ticker': 'IWM', 'mode': 'binary', 'thr': 140, 'window': '20Y', 'order': 3, 'rows': 8}
2025-11-12 11:27:26,332 INFO [cli] {'ticker': 'IWM', 'mode': 'binary', 'thr': 140, 'window': '20Y', 'order': 4, 'rows': 16}
2025-11-12 11:27:26,341 INFO [cli] {'ticker': 'IWM', 'mode': 'binary', 'thr': 140, 'window': 'MAX', 'order': 1, 'rows': 2}
2025-11-12 11:27:26,350 INFO [cli] {'ticker': 'IWM', 'mode': 'binary', 'thr': 140, 'window': 'MAX', 'order': 2, 'rows': 4}
2025-11-12 11:27:26,360 INFO [cli] {'ticker': 'IWM', 'mode': 'binary', 'thr': 140, 'window': 'MAX', 'order': 3, 'rows': 8}
2025-11-12 11:27:26,369 INFO [cli] {'ticker': 'IWM', 'mode': 'binary', 'thr': 140, 'window': 'MAX', 'order': 4, 'rows': 16}
2025-11-12 11:27:26,385 INFO [cli] {'ticker': 'IWM', 'mode': 'binary', 'thr': 145, 'window': '1Y', 'order': 1, 'rows': 2}
2025-11-12 11:27:26,395 INFO [cli] {'ticker': 'IWM', 'mode': 'binary', 'thr': 145, 'window': '1Y', 'order': 2, 'rows': 4}
2025-11-12 11:27:26,405 INFO [cli] {'ticker': 'IWM', 'mode': 'binary', 'thr': 145, 'window': '1Y', 'order': 3, 'rows': 8}
2025-11-12 11:27:26,414 INFO [cli] {'ticker': 'IWM', 'mode': 'binary', 'thr': 145, 'window': '1Y', 'order': 4, 'rows': 13}
2025-11-12 11:27:26,424 INFO [cli] {'ticker': 'IWM', 'mode': 'binary', 'thr': 145, 'window': '2Y', 'order': 1, 'rows': 2}
2025-11-12 11:27:26,434 INFO [cli] {'ticker': 'IWM', 'mode': 'binary', 'thr': 145, 'window': '2Y', 'order': 2, 'rows': 4}
2025-11-12 11:27:26,445 INFO [cli] {'ticker': 'IWM', 'mode': 'binary', 'thr': 145, 'window': '2Y', 'order': 3, 'rows': 8}
2025-11-12 11:27:26,455 INFO [cli] {'ticker': 'IWM', 'mode': 'binary', 'thr': 145, 'window': '2Y', 'order': 4, 'rows': 15}
2025-11-12 11:27:26,464 INFO [cli] {'ticker': 'IWM', 'mode': 'binary', 'thr': 145, 'window': '5Y', 'order': 1, 'rows': 2}
2025-11-12 11:27:26,474 INFO [cli] {'ticker': 'IWM', 'mode': 'binary', 'thr': 145, 'window': '5Y', 'order': 2, 'rows': 4}
2025-11-12 11:27:26,483 INFO [cli] {'ticker': 'IWM', 'mode': 'binary', 'thr': 145, 'window': '5Y', 'order': 3, 'rows': 8}
2025-11-12 11:27:26,492 INFO [cli] {'ticker': 'IWM', 'mode': 'binary', 'thr': 145, 'window': '5Y', 'order': 4, 'rows': 15}
2025-11-12 11:27:26,501 INFO [cli] {'ticker': 'IWM', 'mode': 'binary', 'thr': 145, 'window': '10Y', 'order': 1, 'rows': 2}

{'ticker': 'IWM', 'mode': 'binary', 'thr': 125, 'window': '20Y', 'order': 1, 'rows': 2}
{'ticker': 'IWM', 'mode': 'binary', 'thr': 125, 'window': '20Y', 'order': 2, 'rows': 4}
{'ticker': 'IWM', 'mode': 'binary', 'thr': 125, 'window': '20Y', 'order': 3, 'rows': 8}
{'ticker': 'IWM', 'mode': 'binary', 'thr': 125, 'window': '20Y', 'order': 4, 'rows': 16}
{'ticker': 'IWM', 'mode': 'binary', 'thr': 125, 'window': 'MAX', 'order': 1, 'rows': 2}
{'ticker': 'IWM', 'mode': 'binary', 'thr': 125, 'window': 'MAX', 'order': 2, 'rows': 4}
{'ticker': 'IWM', 'mode': 'binary', 'thr': 125, 'window': 'MAX', 'order': 3, 'rows': 8}
{'ticker': 'IWM', 'mode': 'binary', 'thr': 125, 'window': 'MAX', 'order': 4, 'rows': 16}
{'ticker': 'IWM', 'mode': 'binary', 'thr': 130, 'window': '1Y', 'order': 1, 'rows': 2}
{'ticker': 'IWM', 'mode': 'binary', 'thr': 130, 'window': '1Y', 'order': 2, 'rows': 4}
{'ticker': 'IWM', 'mode': 'binary', 'thr': 130, 'window': '1Y', 'order': 3, 'rows': 8}
{'ticker': 'IWM', 'mode': 'binary', 'thr': 130, 'window': '1Y', 'order': 4, 'rows': 13}
{'ticker': 'IWM', 'mode': 'binary', 'thr': 130, 'window': '2Y', 'order': 1, 'rows': 2}
{'ticker': 'IWM', 'mode': 'binary', 'thr': 130, 'window': '2Y', 'order': 2, 'rows': 4}
{'ticker': 'IWM', 'mode': 'binary', 'thr': 130, 'window': '2Y', 'order': 3, 'rows': 8}
{'ticker': 'IWM', 'mode': 'binary', 'thr': 130, 'window': '2Y', 'order': 4, 'rows': 15}
{'ticker': 'IWM', 'mode': 'binary', 'thr': 130, 'window': '5Y', 'order': 1, 'rows': 2}
{'ticker': 'IWM', 'mode': 'binary', 'thr': 130, 'window': '5Y', 'order': 2, 'rows': 4}
{'ticker': 'IWM', 'mode': 'binary', 'thr': 130, 'window': '5Y', 'order': 3, 'rows': 8}
{'ticker': 'IWM', 'mode': 'binary', 'thr': 130, 'window': '5Y', 'order': 4, 'rows': 15}
{'ticker': 'IWM', 'mode': 'binary', 'thr': 130, 'window': '10Y', 'order': 1, 'rows': 2}
{'ticker': 'IWM', 'mode': 'binary', 'thr': 130, 'window': '10Y', 'order': 2, 'rows': 4}
{'ticker': 'IWM', 'mode': 'binary', 'thr': 130, 'window': '10Y', 'order': 3, 'rows': 8}
{'ticker': 'IWM', 'mode': 'binary', 'thr': 130, 'window': '10Y', 'order': 4, 'rows': 16}
{'ticker': 'IWM', 'mode': 'binary', 'thr': 130, 'window': '20Y', 'order': 1, 'rows': 2}
{'ticker': 'IWM', 'mode': 'binary', 'thr': 130, 'window': '20Y', 'order': 2, 'rows': 4}
{'ticker': 'IWM', 'mode': 'binary', 'thr': 130, 'window': '20Y', 'order': 3, 'rows': 8}
{'ticker': 'IWM', 'mode': 'binary', 'thr': 130, 'window': '20Y', 'order': 4, 'rows': 16}
{'ticker': 'IWM', 'mode': 'binary', 'thr': 130, 'window': 'MAX', 'order': 1, 'rows': 2}
{'ticker': 'IWM', 'mode': 'binary', 'thr': 130, 'window': 'MAX', 'order': 2, 'rows': 4}
{'ticker': 'IWM', 'mode': 'binary', 'thr': 130, 'window': 'MAX', 'order': 3, 'rows': 8}
{'ticker': 'IWM', 'mode': 'binary', 'thr': 130, 'window': 'MAX', 'order': 4, 'rows': 16}
{'ticker': 'IWM', 'mode': 'binary', 'thr': 135, 'window': '1Y', 'order': 1, 'rows': 2}
{'ticker': 'IWM', 'mode': 'binary', 'thr': 135, 'window': '1Y', 'order': 2, 'rows': 4}
{'ticker': 'IWM', 'mode': 'binary', 'thr': 135, 'window': '1Y', 'order': 3, 'rows': 8}
{'ticker': 'IWM', 'mode': 'binary', 'thr': 135, 'window': '1Y', 'order': 4, 'rows': 13}
{'ticker': 'IWM', 'mode': 'binary', 'thr': 135, 'window': '2Y', 'order': 1, 'rows': 2}
{'ticker': 'IWM', 'mode': 'binary', 'thr': 135, 'window': '2Y', 'order': 2, 'rows': 4}
{'ticker': 'IWM', 'mode': 'binary', 'thr': 135, 'window': '2Y', 'order': 3, 'rows': 8}
{'ticker': 'IWM', 'mode': 'binary', 'thr': 135, 'window': '2Y', 'order': 4, 'rows': 15}
{'ticker': 'IWM', 'mode': 'binary', 'thr': 135, 'window': '5Y', 'order': 1, 'rows': 2}
{'ticker': 'IWM', 'mode': 'binary', 'thr': 135, 'window': '5Y', 'order': 2, 'rows': 4}
{'ticker': 'IWM', 'mode': 'binary', 'thr': 135, 'window': '5Y', 'order': 3, 'rows': 8}
{'ticker': 'IWM', 'mode': 'binary', 'thr': 135, 'window': '5Y', 'order': 4, 'rows': 15}
{'ticker': 'IWM', 'mode': 'binary', 'thr': 135, 'window': '10Y', 'order': 1, 'rows': 2}
{'ticker': 'IWM', 'mode': 'binary', 'thr': 135, 'window': '10Y', 'order': 2, 'rows': 4}
{'ticker': 'IWM', 'mode': 'binary', 'thr': 135, 'window': '10Y', 'order': 3, 'rows': 8}
{'ticker': 'IWM', 'mode': 'binary', 'thr': 135, 'window': '10Y', 'order': 4, 'rows': 16}
{'ticker': 'IWM', 'mode': 'binary', 'thr': 135, 'window': '20Y', 'order': 1, 'rows': 2}
{'ticker': 'IWM', 'mode': 'binary', 'thr': 135, 'window': '20Y', 'order': 2, 'rows': 4}
{'ticker': 'IWM', 'mode': 'binary', 'thr': 135, 'window': '20Y', 'order': 3, 'rows': 8}
{'ticker': 'IWM', 'mode': 'binary', 'thr': 135, 'window': '20Y', 'order': 4, 'rows': 16}
{'ticker': 'IWM', 'mode': 'binary', 'thr': 135, 'window': 'MAX', 'order': 1, 'rows': 2}
{'ticker': 'IWM', 'mode': 'binary', 'thr': 135, 'window': 'MAX', 'order': 2, 'rows': 4}
{'ticker': 'IWM', 'mode': 'binary', 'thr': 135, 'window': 'MAX', 'order': 3, 'rows': 8}
{'ticker': 'IWM', 'mode': 'binary', 'thr': 135, 'window': 'MAX', 'order': 4, 'rows': 16}
{'ticker': 'IWM', 'mode': 'binary', 'thr': 140, 'window': '1Y', 'order': 1, 'rows': 2}
{'ticker': 'IWM', 'mode': 'binary', 'thr': 140, 'window': '1Y', 'order': 2, 'rows': 4}
{'ticker': 'IWM', 'mode': 'binary', 'thr': 140, 'window': '1Y', 'order': 3, 'rows': 8}
{'ticker': 'IWM', 'mode': 'binary', 'thr': 140, 'window': '1Y', 'order': 4, 'rows': 13}
{'ticker': 'IWM', 'mode': 'binary', 'thr': 140, 'window': '2Y', 'order': 1, 'rows': 2}
{'ticker': 'IWM', 'mode': 'binary', 'thr': 140, 'window': '2Y', 'order': 2, 'rows': 4}
{'ticker': 'IWM', 'mode': 'binary', 'thr': 140, 'window': '2Y', 'order': 3, 'rows': 8}
{'ticker': 'IWM', 'mode': 'binary', 'thr': 140, 'window': '2Y', 'order': 4, 'rows': 15}
{'ticker': 'IWM', 'mode': 'binary', 'thr': 140, 'window': '5Y', 'order': 1, 'rows': 2}
{'ticker': 'IWM', 'mode': 'binary', 'thr': 140, 'window': '5Y', 'order': 2, 'rows': 4}
{'ticker': 'IWM', 'mode': 'binary', 'thr': 140, 'window': '5Y', 'order': 3, 'rows': 8}
{'ticker': 'IWM', 'mode': 'binary', 'thr': 140, 'window': '5Y', 'order': 4, 'rows': 15}
{'ticker': 'IWM', 'mode': 'binary', 'thr': 140, 'window': '10Y', 'order': 1, 'rows': 2}
{'ticker': 'IWM', 'mode': 'binary', 'thr': 140, 'window': '10Y', 'order': 2, 'rows': 4}
{'ticker': 'IWM', 'mode': 'binary', 'thr': 140, 'window': '10Y', 'order': 3, 'rows': 8}
{'ticker': 'IWM', 'mode': 'binary', 'thr': 140, 'window': '10Y', 'order': 4, 'rows': 16}
{'ticker': 'IWM', 'mode': 'binary', 'thr': 140, 'window': '20Y', 'order': 1, 'rows': 2}
{'ticker': 'IWM', 'mode': 'binary', 'thr': 140, 'window': '20Y', 'order': 2, 'rows': 4}
{'ticker': 'IWM', 'mode': 'binary', 'thr': 140, 'window': '20Y', 'order': 3, 'rows': 8}
{'ticker': 'IWM', 'mode': 'binary', 'thr': 140, 'window': '20Y', 'order': 4, 'rows': 16}
{'ticker': 'IWM', 'mode': 'binary', 'thr': 140, 'window': 'MAX', 'order': 1, 'rows': 2}
{'ticker': 'IWM', 'mode': 'binary', 'thr': 140, 'window': 'MAX', 'order': 2, 'rows': 4}
{'ticker': 'IWM', 'mode': 'binary', 'thr': 140, 'window': 'MAX', 'order': 3, 'rows': 8}
{'ticker': 'IWM', 'mode': 'binary', 'thr': 140, 'window': 'MAX', 'order': 4, 'rows': 16}
{'ticker': 'IWM', 'mode': 'binary', 'thr': 145, 'window': '1Y', 'order': 1, 'rows': 2}
{'ticker': 'IWM', 'mode': 'binary', 'thr': 145, 'window': '1Y', 'order': 2, 'rows': 4}
{'ticker': 'IWM', 'mode': 'binary', 'thr': 145, 'window': '1Y', 'order': 3, 'rows': 8}
{'ticker': 'IWM', 'mode': 'binary', 'thr': 145, 'window': '1Y', 'order': 4, 'rows': 13}
{'ticker': 'IWM', 'mode': 'binary', 'thr': 145, 'window': '2Y', 'order': 1, 'rows': 2}
{'ticker': 'IWM', 'mode': 'binary', 'thr': 145, 'window': '2Y', 'order': 2, 'rows': 4}
{'ticker': 'IWM', 'mode': 'binary', 'thr': 145, 'window': '2Y', 'order': 3, 'rows': 8}
{'ticker': 'IWM', 'mode': 'binary', 'thr': 145, 'window': '2Y', 'order': 4, 'rows': 15}
{'ticker': 'IWM', 'mode': 'binary', 'thr': 145, 'window': '5Y', 'order': 1, 'rows': 2}
{'ticker': 'IWM', 'mode': 'binary', 'thr': 145, 'window': '5Y', 'order': 2, 'rows': 4}
{'ticker': 'IWM', 'mode': 'binary', 'thr': 145, 'window': '5Y', 'order': 3, 'rows': 8}
{'ticker': 'IWM', 'mode': 'binary', 'thr': 145, 'window': '5Y', 'order': 4, 'rows': 15}
{'ticker': 'IWM', 'mode': 'binary', 'thr': 145, 'window': '10Y', 'order': 1, 'rows': 2}
{'ticker': 'IWM', 'mode': 'binary', 'thr': 145, 'window': '10Y', 'order': 2, 'rows': 4}2025-11-12 11:27:26,510 INFO [cli] {'ticker': 'IWM', 'mode': 'binary', 'thr': 145, 'window': '10Y', 'order': 2, 'rows': 4}
2025-11-12 11:27:26,520 INFO [cli] {'ticker': 'IWM', 'mode': 'binary', 'thr': 145, 'window': '10Y', 'order': 3, 'rows': 8}
2025-11-12 11:27:26,529 INFO [cli] {'ticker': 'IWM', 'mode': 'binary', 'thr': 145, 'window': '10Y', 'order': 4, 'rows': 16}
2025-11-12 11:27:26,539 INFO [cli] {'ticker': 'IWM', 'mode': 'binary', 'thr': 145, 'window': '20Y', 'order': 1, 'rows': 2}
2025-11-12 11:27:26,549 INFO [cli] {'ticker': 'IWM', 'mode': 'binary', 'thr': 145, 'window': '20Y', 'order': 2, 'rows': 4}
2025-11-12 11:27:26,559 INFO [cli] {'ticker': 'IWM', 'mode': 'binary', 'thr': 145, 'window': '20Y', 'order': 3, 'rows': 8}
2025-11-12 11:27:26,571 INFO [cli] {'ticker': 'IWM', 'mode': 'binary', 'thr': 145, 'window': '20Y', 'order': 4, 'rows': 16}
2025-11-12 11:27:26,581 INFO [cli] {'ticker': 'IWM', 'mode': 'binary', 'thr': 145, 'window': 'MAX', 'order': 1, 'rows': 2}
2025-11-12 11:27:26,591 INFO [cli] {'ticker': 'IWM', 'mode': 'binary', 'thr': 145, 'window': 'MAX', 'order': 2, 'rows': 4}
2025-11-12 11:27:26,601 INFO [cli] {'ticker': 'IWM', 'mode': 'binary', 'thr': 145, 'window': 'MAX', 'order': 3, 'rows': 8}
2025-11-12 11:27:26,609 INFO [cli] {'ticker': 'IWM', 'mode': 'binary', 'thr': 145, 'window': 'MAX', 'order': 4, 'rows': 16}
2025-11-12 11:27:26,625 INFO [cli] {'ticker': 'IWM', 'mode': 'binary', 'thr': 150, 'window': '1Y', 'order': 1, 'rows': 2}
2025-11-12 11:27:26,634 INFO [cli] {'ticker': 'IWM', 'mode': 'binary', 'thr': 150, 'window': '1Y', 'order': 2, 'rows': 4}
2025-11-12 11:27:26,644 INFO [cli] {'ticker': 'IWM', 'mode': 'binary', 'thr': 150, 'window': '1Y', 'order': 3, 'rows': 8}
2025-11-12 11:27:26,656 INFO [cli] {'ticker': 'IWM', 'mode': 'binary', 'thr': 150, 'window': '1Y', 'order': 4, 'rows': 13}
2025-11-12 11:27:26,666 INFO [cli] {'ticker': 'IWM', 'mode': 'binary', 'thr': 150, 'window': '2Y', 'order': 1, 'rows': 2}
2025-11-12 11:27:26,677 INFO [cli] {'ticker': 'IWM', 'mode': 'binary', 'thr': 150, 'window': '2Y', 'order': 2, 'rows': 4}
2025-11-12 11:27:26,689 INFO [cli] {'ticker': 'IWM', 'mode': 'binary', 'thr': 150, 'window': '2Y', 'order': 3, 'rows': 8}
2025-11-12 11:27:26,699 INFO [cli] {'ticker': 'IWM', 'mode': 'binary', 'thr': 150, 'window': '2Y', 'order': 4, 'rows': 15}
2025-11-12 11:27:26,707 INFO [cli] {'ticker': 'IWM', 'mode': 'binary', 'thr': 150, 'window': '5Y', 'order': 1, 'rows': 2}
2025-11-12 11:27:26,716 INFO [cli] {'ticker': 'IWM', 'mode': 'binary', 'thr': 150, 'window': '5Y', 'order': 2, 'rows': 4}
2025-11-12 11:27:26,726 INFO [cli] {'ticker': 'IWM', 'mode': 'binary', 'thr': 150, 'window': '5Y', 'order': 3, 'rows': 8}
2025-11-12 11:27:26,737 INFO [cli] {'ticker': 'IWM', 'mode': 'binary', 'thr': 150, 'window': '5Y', 'order': 4, 'rows': 15}
2025-11-12 11:27:26,747 INFO [cli] {'ticker': 'IWM', 'mode': 'binary', 'thr': 150, 'window': '10Y', 'order': 1, 'rows': 2}
2025-11-12 11:27:26,757 INFO [cli] {'ticker': 'IWM', 'mode': 'binary', 'thr': 150, 'window': '10Y', 'order': 2, 'rows': 4}
2025-11-12 11:27:26,766 INFO [cli] {'ticker': 'IWM', 'mode': 'binary', 'thr': 150, 'window': '10Y', 'order': 3, 'rows': 8}
2025-11-12 11:27:26,777 INFO [cli] {'ticker': 'IWM', 'mode': 'binary', 'thr': 150, 'window': '10Y', 'order': 4, 'rows': 15}
2025-11-12 11:27:26,788 INFO [cli] {'ticker': 'IWM', 'mode': 'binary', 'thr': 150, 'window': '20Y', 'order': 1, 'rows': 2}
2025-11-12 11:27:26,798 INFO [cli] {'ticker': 'IWM', 'mode': 'binary', 'thr': 150, 'window': '20Y', 'order': 2, 'rows': 4}
2025-11-12 11:27:26,805 INFO [cli] {'ticker': 'IWM', 'mode': 'binary', 'thr': 150, 'window': '20Y', 'order': 3, 'rows': 8}
2025-11-12 11:27:26,816 INFO [cli] {'ticker': 'IWM', 'mode': 'binary', 'thr': 150, 'window': '20Y', 'order': 4, 'rows': 16}
2025-11-12 11:27:26,826 INFO [cli] {'ticker': 'IWM', 'mode': 'binary', 'thr': 150, 'window': 'MAX', 'order': 1, 'rows': 2}
2025-11-12 11:27:26,836 INFO [cli] {'ticker': 'IWM', 'mode': 'binary', 'thr': 150, 'window': 'MAX', 'order': 2, 'rows': 4}
2025-11-12 11:27:26,847 INFO [cli] {'ticker': 'IWM', 'mode': 'binary', 'thr': 150, 'window': 'MAX', 'order': 3, 'rows': 8}
2025-11-12 11:27:26,857 INFO [cli] {'ticker': 'IWM', 'mode': 'binary', 'thr': 150, 'window': 'MAX', 'order': 4, 'rows': 16}
2025-11-12 11:27:26,881 INFO [cli] {'ticker': 'IWM', 'mode': 'tri', 'thr': 0, 'window': '1Y', 'order': 1, 'rows': 2}
2025-11-12 11:27:26,891 INFO [cli] {'ticker': 'IWM', 'mode': 'tri', 'thr': 0, 'window': '1Y', 'order': 2, 'rows': 4}
2025-11-12 11:27:26,898 INFO [cli] {'ticker': 'IWM', 'mode': 'tri', 'thr': 0, 'window': '1Y', 'order': 3, 'rows': 8}
2025-11-12 11:27:26,907 INFO [cli] {'ticker': 'IWM', 'mode': 'tri', 'thr': 0, 'window': '1Y', 'order': 4, 'rows': 16}
2025-11-12 11:27:26,919 INFO [cli] {'ticker': 'IWM', 'mode': 'tri', 'thr': 0, 'window': '2Y', 'order': 1, 'rows': 2}
2025-11-12 11:27:26,929 INFO [cli] {'ticker': 'IWM', 'mode': 'tri', 'thr': 0, 'window': '2Y', 'order': 2, 'rows': 4}
2025-11-12 11:27:26,939 INFO [cli] {'ticker': 'IWM', 'mode': 'tri', 'thr': 0, 'window': '2Y', 'order': 3, 'rows': 8}
2025-11-12 11:27:26,949 INFO [cli] {'ticker': 'IWM', 'mode': 'tri', 'thr': 0, 'window': '2Y', 'order': 4, 'rows': 16}
2025-11-12 11:27:26,960 INFO [cli] {'ticker': 'IWM', 'mode': 'tri', 'thr': 0, 'window': '5Y', 'order': 1, 'rows': 2}
2025-11-12 11:27:26,970 INFO [cli] {'ticker': 'IWM', 'mode': 'tri', 'thr': 0, 'window': '5Y', 'order': 2, 'rows': 4}
2025-11-12 11:27:26,981 INFO [cli] {'ticker': 'IWM', 'mode': 'tri', 'thr': 0, 'window': '5Y', 'order': 3, 'rows': 8}
2025-11-12 11:27:26,992 INFO [cli] {'ticker': 'IWM', 'mode': 'tri', 'thr': 0, 'window': '5Y', 'order': 4, 'rows': 16}
2025-11-12 11:27:27,002 INFO [cli] {'ticker': 'IWM', 'mode': 'tri', 'thr': 0, 'window': '10Y', 'order': 1, 'rows': 3}
2025-11-12 11:27:27,012 INFO [cli] {'ticker': 'IWM', 'mode': 'tri', 'thr': 0, 'window': '10Y', 'order': 2, 'rows': 8}
2025-11-12 11:27:27,021 INFO [cli] {'ticker': 'IWM', 'mode': 'tri', 'thr': 0, 'window': '10Y', 'order': 3, 'rows': 19}
2025-11-12 11:27:27,031 INFO [cli] {'ticker': 'IWM', 'mode': 'tri', 'thr': 0, 'window': '10Y', 'order': 4, 'rows': 34}
2025-11-12 11:27:27,041 INFO [cli] {'ticker': 'IWM', 'mode': 'tri', 'thr': 0, 'window': '20Y', 'order': 1, 'rows': 3}
2025-11-12 11:27:27,050 INFO [cli] {'ticker': 'IWM', 'mode': 'tri', 'thr': 0, 'window': '20Y', 'order': 2, 'rows': 8}
2025-11-12 11:27:27,059 INFO [cli] {'ticker': 'IWM', 'mode': 'tri', 'thr': 0, 'window': '20Y', 'order': 3, 'rows': 19}
2025-11-12 11:27:27,068 INFO [cli] {'ticker': 'IWM', 'mode': 'tri', 'thr': 0, 'window': '20Y', 'order': 4, 'rows': 40}
2025-11-12 11:27:27,079 INFO [cli] {'ticker': 'IWM', 'mode': 'tri', 'thr': 0, 'window': 'MAX', 'order': 1, 'rows': 3}
2025-11-12 11:27:27,090 INFO [cli] {'ticker': 'IWM', 'mode': 'tri', 'thr': 0, 'window': 'MAX', 'order': 2, 'rows': 8}
2025-11-12 11:27:27,100 INFO [cli] {'ticker': 'IWM', 'mode': 'tri', 'thr': 0, 'window': 'MAX', 'order': 3, 'rows': 20}
2025-11-12 11:27:27,110 INFO [cli] {'ticker': 'IWM', 'mode': 'tri', 'thr': 0, 'window': 'MAX', 'order': 4, 'rows': 47}
2025-11-12 11:27:27,126 INFO [cli] {'ticker': 'IWM', 'mode': 'tri', 'thr': 5, 'window': '1Y', 'order': 1, 'rows': 3}
2025-11-12 11:27:27,135 INFO [cli] {'ticker': 'IWM', 'mode': 'tri', 'thr': 5, 'window': '1Y', 'order': 2, 'rows': 8}
2025-11-12 11:27:27,145 INFO [cli] {'ticker': 'IWM', 'mode': 'tri', 'thr': 5, 'window': '1Y', 'order': 3, 'rows': 20}
2025-11-12 11:27:27,156 INFO [cli] {'ticker': 'IWM', 'mode': 'tri', 'thr': 5, 'window': '1Y', 'order': 4, 'rows': 41}
2025-11-12 11:27:27,167 INFO [cli] {'ticker': 'IWM', 'mode': 'tri', 'thr': 5, 'window': '2Y', 'order': 1, 'rows': 3}
2025-11-12 11:27:27,177 INFO [cli] {'ticker': 'IWM', 'mode': 'tri', 'thr': 5, 'window': '2Y', 'order': 2, 'rows': 8}
2025-11-12 11:27:27,187 INFO [cli] {'ticker': 'IWM', 'mode': 'tri', 'thr': 5, 'window': '2Y', 'order': 3, 'rows': 20}
2025-11-12 11:27:27,197 INFO [cli] {'ticker': 'IWM', 'mode': 'tri', 'thr': 5, 'window': '2Y', 'order': 4, 'rows': 44}
2025-11-12 11:27:27,207 INFO [cli] {'ticker': 'IWM', 'mode': 'tri', 'thr': 5, 'window': '5Y', 'order': 1, 'rows': 3}
2025-11-12 11:27:27,218 INFO [cli] {'ticker': 'IWM', 'mode': 'tri', 'thr': 5, 'window': '5Y', 'order': 2, 'rows': 8}
2025-11-12 11:27:27,228 INFO [cli] {'ticker': 'IWM', 'mode': 'tri', 'thr': 5, 'window': '5Y', 'order': 3, 'rows': 20}
2025-11-12 11:27:27,238 INFO [cli] {'ticker': 'IWM', 'mode': 'tri', 'thr': 5, 'window': '5Y', 'order': 4, 'rows': 48}
2025-11-12 11:27:27,249 INFO [cli] {'ticker': 'IWM', 'mode': 'tri', 'thr': 5, 'window': '10Y', 'order': 1, 'rows': 3}
2025-11-12 11:27:27,258 INFO [cli] {'ticker': 'IWM', 'mode': 'tri', 'thr': 5, 'window': '10Y', 'order': 2, 'rows': 8}
2025-11-12 11:27:27,269 INFO [cli] {'ticker': 'IWM', 'mode': 'tri', 'thr': 5, 'window': '10Y', 'order': 3, 'rows': 22}
2025-11-12 11:27:27,279 INFO [cli] {'ticker': 'IWM', 'mode': 'tri', 'thr': 5, 'window': '10Y', 'order': 4, 'rows': 53}
2025-11-12 11:27:27,290 INFO [cli] {'ticker': 'IWM', 'mode': 'tri', 'thr': 5, 'window': '20Y', 'order': 1, 'rows': 3}
2025-11-12 11:27:27,301 INFO [cli] {'ticker': 'IWM', 'mode': 'tri', 'thr': 5, 'window': '20Y', 'order': 2, 'rows': 9}
2025-11-12 11:27:27,311 INFO [cli] {'ticker': 'IWM', 'mode': 'tri', 'thr': 5, 'window': '20Y', 'order': 3, 'rows': 24}
2025-11-12 11:27:27,322 INFO [cli] {'ticker': 'IWM', 'mode': 'tri', 'thr': 5, 'window': '20Y', 'order': 4, 'rows': 58}
2025-11-12 11:27:27,332 INFO [cli] {'ticker': 'IWM', 'mode': 'tri', 'thr': 5, 'window': 'MAX', 'order': 1, 'rows': 3}
2025-11-12 11:27:27,342 INFO [cli] {'ticker': 'IWM', 'mode': 'tri', 'thr': 5, 'window': 'MAX', 'order': 2, 'rows': 9}
2025-11-12 11:27:27,352 INFO [cli] {'ticker': 'IWM', 'mode': 'tri', 'thr': 5, 'window': 'MAX', 'order': 3, 'rows': 24}
2025-11-12 11:27:27,362 INFO [cli] {'ticker': 'IWM', 'mode': 'tri', 'thr': 5, 'window': 'MAX', 'order': 4, 'rows': 58}
2025-11-12 11:27:27,378 INFO [cli] {'ticker': 'IWM', 'mode': 'tri', 'thr': 10, 'window': '1Y', 'order': 1, 'rows': 3}
2025-11-12 11:27:27,386 INFO [cli] {'ticker': 'IWM', 'mode': 'tri', 'thr': 10, 'window': '1Y', 'order': 2, 'rows': 8}
2025-11-12 11:27:27,395 INFO [cli] {'ticker': 'IWM', 'mode': 'tri', 'thr': 10, 'window': '1Y', 'order': 3, 'rows': 22}
2025-11-12 11:27:27,405 INFO [cli] {'ticker': 'IWM', 'mode': 'tri', 'thr': 10, 'window': '1Y', 'order': 4, 'rows': 47}
2025-11-12 11:27:27,414 INFO [cli] {'ticker': 'IWM', 'mode': 'tri', 'thr': 10, 'window': '2Y', 'order': 1, 'rows': 3}
2025-11-12 11:27:27,424 INFO [cli] {'ticker': 'IWM', 'mode': 'tri', 'thr': 10, 'window': '2Y', 'order': 2, 'rows': 8}
2025-11-12 11:27:27,432 INFO [cli] {'ticker': 'IWM', 'mode': 'tri', 'thr': 10, 'window': '2Y', 'order': 3, 'rows': 22}
2025-11-12 11:27:27,440 INFO [cli] {'ticker': 'IWM', 'mode': 'tri', 'thr': 10, 'window': '2Y', 'order': 4, 'rows': 52}
2025-11-12 11:27:27,450 INFO [cli] {'ticker': 'IWM', 'mode': 'tri', 'thr': 10, 'window': '5Y', 'order': 1, 'rows': 3}
2025-11-12 11:27:27,460 INFO [cli] {'ticker': 'IWM', 'mode': 'tri', 'thr': 10, 'window': '5Y', 'order': 2, 'rows': 9}
2025-11-12 11:27:27,471 INFO [cli] {'ticker': 'IWM', 'mode': 'tri', 'thr': 10, 'window': '5Y', 'order': 3, 'rows': 25}
2025-11-12 11:27:27,482 INFO [cli] {'ticker': 'IWM', 'mode': 'tri', 'thr': 10, 'window': '5Y', 'order': 4, 'rows': 62}
2025-11-12 11:27:27,493 INFO [cli] {'ticker': 'IWM', 'mode': 'tri', 'thr': 10, 'window': '10Y', 'order': 1, 'rows': 3}
2025-11-12 11:27:27,503 INFO [cli] {'ticker': 'IWM', 'mode': 'tri', 'thr': 10, 'window': '10Y', 'order': 2, 'rows': 9}

{'ticker': 'IWM', 'mode': 'binary', 'thr': 145, 'window': '10Y', 'order': 3, 'rows': 8}
{'ticker': 'IWM', 'mode': 'binary', 'thr': 145, 'window': '10Y', 'order': 4, 'rows': 16}
{'ticker': 'IWM', 'mode': 'binary', 'thr': 145, 'window': '20Y', 'order': 1, 'rows': 2}
{'ticker': 'IWM', 'mode': 'binary', 'thr': 145, 'window': '20Y', 'order': 2, 'rows': 4}
{'ticker': 'IWM', 'mode': 'binary', 'thr': 145, 'window': '20Y', 'order': 3, 'rows': 8}
{'ticker': 'IWM', 'mode': 'binary', 'thr': 145, 'window': '20Y', 'order': 4, 'rows': 16}
{'ticker': 'IWM', 'mode': 'binary', 'thr': 145, 'window': 'MAX', 'order': 1, 'rows': 2}
{'ticker': 'IWM', 'mode': 'binary', 'thr': 145, 'window': 'MAX', 'order': 2, 'rows': 4}
{'ticker': 'IWM', 'mode': 'binary', 'thr': 145, 'window': 'MAX', 'order': 3, 'rows': 8}
{'ticker': 'IWM', 'mode': 'binary', 'thr': 145, 'window': 'MAX', 'order': 4, 'rows': 16}
{'ticker': 'IWM', 'mode': 'binary', 'thr': 150, 'window': '1Y', 'order': 1, 'rows': 2}
{'ticker': 'IWM', 'mode': 'binary', 'thr': 150, 'window': '1Y', 'order': 2, 'rows': 4}
{'ticker': 'IWM', 'mode': 'binary', 'thr': 150, 'window': '1Y', 'order': 3, 'rows': 8}
{'ticker': 'IWM', 'mode': 'binary', 'thr': 150, 'window': '1Y', 'order': 4, 'rows': 13}
{'ticker': 'IWM', 'mode': 'binary', 'thr': 150, 'window': '2Y', 'order': 1, 'rows': 2}
{'ticker': 'IWM', 'mode': 'binary', 'thr': 150, 'window': '2Y', 'order': 2, 'rows': 4}
{'ticker': 'IWM', 'mode': 'binary', 'thr': 150, 'window': '2Y', 'order': 3, 'rows': 8}
{'ticker': 'IWM', 'mode': 'binary', 'thr': 150, 'window': '2Y', 'order': 4, 'rows': 15}
{'ticker': 'IWM', 'mode': 'binary', 'thr': 150, 'window': '5Y', 'order': 1, 'rows': 2}
{'ticker': 'IWM', 'mode': 'binary', 'thr': 150, 'window': '5Y', 'order': 2, 'rows': 4}
{'ticker': 'IWM', 'mode': 'binary', 'thr': 150, 'window': '5Y', 'order': 3, 'rows': 8}
{'ticker': 'IWM', 'mode': 'binary', 'thr': 150, 'window': '5Y', 'order': 4, 'rows': 15}
{'ticker': 'IWM', 'mode': 'binary', 'thr': 150, 'window': '10Y', 'order': 1, 'rows': 2}
{'ticker': 'IWM', 'mode': 'binary', 'thr': 150, 'window': '10Y', 'order': 2, 'rows': 4}
{'ticker': 'IWM', 'mode': 'binary', 'thr': 150, 'window': '10Y', 'order': 3, 'rows': 8}
{'ticker': 'IWM', 'mode': 'binary', 'thr': 150, 'window': '10Y', 'order': 4, 'rows': 15}
{'ticker': 'IWM', 'mode': 'binary', 'thr': 150, 'window': '20Y', 'order': 1, 'rows': 2}
{'ticker': 'IWM', 'mode': 'binary', 'thr': 150, 'window': '20Y', 'order': 2, 'rows': 4}
{'ticker': 'IWM', 'mode': 'binary', 'thr': 150, 'window': '20Y', 'order': 3, 'rows': 8}
{'ticker': 'IWM', 'mode': 'binary', 'thr': 150, 'window': '20Y', 'order': 4, 'rows': 16}
{'ticker': 'IWM', 'mode': 'binary', 'thr': 150, 'window': 'MAX', 'order': 1, 'rows': 2}
{'ticker': 'IWM', 'mode': 'binary', 'thr': 150, 'window': 'MAX', 'order': 2, 'rows': 4}
{'ticker': 'IWM', 'mode': 'binary', 'thr': 150, 'window': 'MAX', 'order': 3, 'rows': 8}
{'ticker': 'IWM', 'mode': 'binary', 'thr': 150, 'window': 'MAX', 'order': 4, 'rows': 16}
{'ticker': 'IWM', 'mode': 'tri', 'thr': 0, 'window': '1Y', 'order': 1, 'rows': 2}
{'ticker': 'IWM', 'mode': 'tri', 'thr': 0, 'window': '1Y', 'order': 2, 'rows': 4}
{'ticker': 'IWM', 'mode': 'tri', 'thr': 0, 'window': '1Y', 'order': 3, 'rows': 8}
{'ticker': 'IWM', 'mode': 'tri', 'thr': 0, 'window': '1Y', 'order': 4, 'rows': 16}
{'ticker': 'IWM', 'mode': 'tri', 'thr': 0, 'window': '2Y', 'order': 1, 'rows': 2}
{'ticker': 'IWM', 'mode': 'tri', 'thr': 0, 'window': '2Y', 'order': 2, 'rows': 4}
{'ticker': 'IWM', 'mode': 'tri', 'thr': 0, 'window': '2Y', 'order': 3, 'rows': 8}
{'ticker': 'IWM', 'mode': 'tri', 'thr': 0, 'window': '2Y', 'order': 4, 'rows': 16}
{'ticker': 'IWM', 'mode': 'tri', 'thr': 0, 'window': '5Y', 'order': 1, 'rows': 2}
{'ticker': 'IWM', 'mode': 'tri', 'thr': 0, 'window': '5Y', 'order': 2, 'rows': 4}
{'ticker': 'IWM', 'mode': 'tri', 'thr': 0, 'window': '5Y', 'order': 3, 'rows': 8}
{'ticker': 'IWM', 'mode': 'tri', 'thr': 0, 'window': '5Y', 'order': 4, 'rows': 16}
{'ticker': 'IWM', 'mode': 'tri', 'thr': 0, 'window': '10Y', 'order': 1, 'rows': 3}
{'ticker': 'IWM', 'mode': 'tri', 'thr': 0, 'window': '10Y', 'order': 2, 'rows': 8}
{'ticker': 'IWM', 'mode': 'tri', 'thr': 0, 'window': '10Y', 'order': 3, 'rows': 19}
{'ticker': 'IWM', 'mode': 'tri', 'thr': 0, 'window': '10Y', 'order': 4, 'rows': 34}
{'ticker': 'IWM', 'mode': 'tri', 'thr': 0, 'window': '20Y', 'order': 1, 'rows': 3}
{'ticker': 'IWM', 'mode': 'tri', 'thr': 0, 'window': '20Y', 'order': 2, 'rows': 8}
{'ticker': 'IWM', 'mode': 'tri', 'thr': 0, 'window': '20Y', 'order': 3, 'rows': 19}
{'ticker': 'IWM', 'mode': 'tri', 'thr': 0, 'window': '20Y', 'order': 4, 'rows': 40}
{'ticker': 'IWM', 'mode': 'tri', 'thr': 0, 'window': 'MAX', 'order': 1, 'rows': 3}
{'ticker': 'IWM', 'mode': 'tri', 'thr': 0, 'window': 'MAX', 'order': 2, 'rows': 8}
{'ticker': 'IWM', 'mode': 'tri', 'thr': 0, 'window': 'MAX', 'order': 3, 'rows': 20}
{'ticker': 'IWM', 'mode': 'tri', 'thr': 0, 'window': 'MAX', 'order': 4, 'rows': 47}
{'ticker': 'IWM', 'mode': 'tri', 'thr': 5, 'window': '1Y', 'order': 1, 'rows': 3}
{'ticker': 'IWM', 'mode': 'tri', 'thr': 5, 'window': '1Y', 'order': 2, 'rows': 8}
{'ticker': 'IWM', 'mode': 'tri', 'thr': 5, 'window': '1Y', 'order': 3, 'rows': 20}
{'ticker': 'IWM', 'mode': 'tri', 'thr': 5, 'window': '1Y', 'order': 4, 'rows': 41}
{'ticker': 'IWM', 'mode': 'tri', 'thr': 5, 'window': '2Y', 'order': 1, 'rows': 3}
{'ticker': 'IWM', 'mode': 'tri', 'thr': 5, 'window': '2Y', 'order': 2, 'rows': 8}
{'ticker': 'IWM', 'mode': 'tri', 'thr': 5, 'window': '2Y', 'order': 3, 'rows': 20}
{'ticker': 'IWM', 'mode': 'tri', 'thr': 5, 'window': '2Y', 'order': 4, 'rows': 44}
{'ticker': 'IWM', 'mode': 'tri', 'thr': 5, 'window': '5Y', 'order': 1, 'rows': 3}
{'ticker': 'IWM', 'mode': 'tri', 'thr': 5, 'window': '5Y', 'order': 2, 'rows': 8}
{'ticker': 'IWM', 'mode': 'tri', 'thr': 5, 'window': '5Y', 'order': 3, 'rows': 20}
{'ticker': 'IWM', 'mode': 'tri', 'thr': 5, 'window': '5Y', 'order': 4, 'rows': 48}
{'ticker': 'IWM', 'mode': 'tri', 'thr': 5, 'window': '10Y', 'order': 1, 'rows': 3}
{'ticker': 'IWM', 'mode': 'tri', 'thr': 5, 'window': '10Y', 'order': 2, 'rows': 8}
{'ticker': 'IWM', 'mode': 'tri', 'thr': 5, 'window': '10Y', 'order': 3, 'rows': 22}
{'ticker': 'IWM', 'mode': 'tri', 'thr': 5, 'window': '10Y', 'order': 4, 'rows': 53}
{'ticker': 'IWM', 'mode': 'tri', 'thr': 5, 'window': '20Y', 'order': 1, 'rows': 3}
{'ticker': 'IWM', 'mode': 'tri', 'thr': 5, 'window': '20Y', 'order': 2, 'rows': 9}
{'ticker': 'IWM', 'mode': 'tri', 'thr': 5, 'window': '20Y', 'order': 3, 'rows': 24}
{'ticker': 'IWM', 'mode': 'tri', 'thr': 5, 'window': '20Y', 'order': 4, 'rows': 58}
{'ticker': 'IWM', 'mode': 'tri', 'thr': 5, 'window': 'MAX', 'order': 1, 'rows': 3}
{'ticker': 'IWM', 'mode': 'tri', 'thr': 5, 'window': 'MAX', 'order': 2, 'rows': 9}
{'ticker': 'IWM', 'mode': 'tri', 'thr': 5, 'window': 'MAX', 'order': 3, 'rows': 24}
{'ticker': 'IWM', 'mode': 'tri', 'thr': 5, 'window': 'MAX', 'order': 4, 'rows': 58}
{'ticker': 'IWM', 'mode': 'tri', 'thr': 10, 'window': '1Y', 'order': 1, 'rows': 3}
{'ticker': 'IWM', 'mode': 'tri', 'thr': 10, 'window': '1Y', 'order': 2, 'rows': 8}
{'ticker': 'IWM', 'mode': 'tri', 'thr': 10, 'window': '1Y', 'order': 3, 'rows': 22}
{'ticker': 'IWM', 'mode': 'tri', 'thr': 10, 'window': '1Y', 'order': 4, 'rows': 47}
{'ticker': 'IWM', 'mode': 'tri', 'thr': 10, 'window': '2Y', 'order': 1, 'rows': 3}
{'ticker': 'IWM', 'mode': 'tri', 'thr': 10, 'window': '2Y', 'order': 2, 'rows': 8}
{'ticker': 'IWM', 'mode': 'tri', 'thr': 10, 'window': '2Y', 'order': 3, 'rows': 22}
{'ticker': 'IWM', 'mode': 'tri', 'thr': 10, 'window': '2Y', 'order': 4, 'rows': 52}
{'ticker': 'IWM', 'mode': 'tri', 'thr': 10, 'window': '5Y', 'order': 1, 'rows': 3}
{'ticker': 'IWM', 'mode': 'tri', 'thr': 10, 'window': '5Y', 'order': 2, 'rows': 9}
{'ticker': 'IWM', 'mode': 'tri', 'thr': 10, 'window': '5Y', 'order': 3, 'rows': 25}
{'ticker': 'IWM', 'mode': 'tri', 'thr': 10, 'window': '5Y', 'order': 4, 'rows': 62}
{'ticker': 'IWM', 'mode': 'tri', 'thr': 10, 'window': '10Y', 'order': 1, 'rows': 3}
{'ticker': 'IWM', 'mode': 'tri', 'thr': 10, 'window': '10Y', 'order': 2, 'rows': 9}
{'ticker': 'IWM', 'mode': 'tri', 'thr': 10, 'window': '10Y', 'order': 3, 'rows': 27}2025-11-12 11:27:27,513 INFO [cli] {'ticker': 'IWM', 'mode': 'tri', 'thr': 10, 'window': '10Y', 'order': 3, 'rows': 27}
2025-11-12 11:27:27,524 INFO [cli] {'ticker': 'IWM', 'mode': 'tri', 'thr': 10, 'window': '10Y', 'order': 4, 'rows': 75}
2025-11-12 11:27:27,535 INFO [cli] {'ticker': 'IWM', 'mode': 'tri', 'thr': 10, 'window': '20Y', 'order': 1, 'rows': 3}
2025-11-12 11:27:27,545 INFO [cli] {'ticker': 'IWM', 'mode': 'tri', 'thr': 10, 'window': '20Y', 'order': 2, 'rows': 9}
2025-11-12 11:27:27,556 INFO [cli] {'ticker': 'IWM', 'mode': 'tri', 'thr': 10, 'window': '20Y', 'order': 3, 'rows': 27}
2025-11-12 11:27:27,567 INFO [cli] {'ticker': 'IWM', 'mode': 'tri', 'thr': 10, 'window': '20Y', 'order': 4, 'rows': 78}
2025-11-12 11:27:27,578 INFO [cli] {'ticker': 'IWM', 'mode': 'tri', 'thr': 10, 'window': 'MAX', 'order': 1, 'rows': 3}
2025-11-12 11:27:27,589 INFO [cli] {'ticker': 'IWM', 'mode': 'tri', 'thr': 10, 'window': 'MAX', 'order': 2, 'rows': 9}
2025-11-12 11:27:27,599 INFO [cli] {'ticker': 'IWM', 'mode': 'tri', 'thr': 10, 'window': 'MAX', 'order': 3, 'rows': 27}
2025-11-12 11:27:27,610 INFO [cli] {'ticker': 'IWM', 'mode': 'tri', 'thr': 10, 'window': 'MAX', 'order': 4, 'rows': 78}
2025-11-12 11:27:27,627 INFO [cli] {'ticker': 'IWM', 'mode': 'tri', 'thr': 15, 'window': '1Y', 'order': 1, 'rows': 3}
2025-11-12 11:27:27,637 INFO [cli] {'ticker': 'IWM', 'mode': 'tri', 'thr': 15, 'window': '1Y', 'order': 2, 'rows': 9}
2025-11-12 11:27:27,647 INFO [cli] {'ticker': 'IWM', 'mode': 'tri', 'thr': 15, 'window': '1Y', 'order': 3, 'rows': 25}
2025-11-12 11:27:27,657 INFO [cli] {'ticker': 'IWM', 'mode': 'tri', 'thr': 15, 'window': '1Y', 'order': 4, 'rows': 57}
2025-11-12 11:27:27,667 INFO [cli] {'ticker': 'IWM', 'mode': 'tri', 'thr': 15, 'window': '2Y', 'order': 1, 'rows': 3}
2025-11-12 11:27:27,678 INFO [cli] {'ticker': 'IWM', 'mode': 'tri', 'thr': 15, 'window': '2Y', 'order': 2, 'rows': 9}
2025-11-12 11:27:27,689 INFO [cli] {'ticker': 'IWM', 'mode': 'tri', 'thr': 15, 'window': '2Y', 'order': 3, 'rows': 25}
2025-11-12 11:27:27,698 INFO [cli] {'ticker': 'IWM', 'mode': 'tri', 'thr': 15, 'window': '2Y', 'order': 4, 'rows': 62}
2025-11-12 11:27:27,709 INFO [cli] {'ticker': 'IWM', 'mode': 'tri', 'thr': 15, 'window': '5Y', 'order': 1, 'rows': 3}
2025-11-12 11:27:27,720 INFO [cli] {'ticker': 'IWM', 'mode': 'tri', 'thr': 15, 'window': '5Y', 'order': 2, 'rows': 9}
2025-11-12 11:27:27,731 INFO [cli] {'ticker': 'IWM', 'mode': 'tri', 'thr': 15, 'window': '5Y', 'order': 3, 'rows': 26}
2025-11-12 11:27:27,742 INFO [cli] {'ticker': 'IWM', 'mode': 'tri', 'thr': 15, 'window': '5Y', 'order': 4, 'rows': 74}
2025-11-12 11:27:27,750 INFO [cli] {'ticker': 'IWM', 'mode': 'tri', 'thr': 15, 'window': '10Y', 'order': 1, 'rows': 3}
2025-11-12 11:27:27,760 INFO [cli] {'ticker': 'IWM', 'mode': 'tri', 'thr': 15, 'window': '10Y', 'order': 2, 'rows': 9}
2025-11-12 11:27:27,771 INFO [cli] {'ticker': 'IWM', 'mode': 'tri', 'thr': 15, 'window': '10Y', 'order': 3, 'rows': 27}
2025-11-12 11:27:27,782 INFO [cli] {'ticker': 'IWM', 'mode': 'tri', 'thr': 15, 'window': '10Y', 'order': 4, 'rows': 79}
2025-11-12 11:27:27,793 INFO [cli] {'ticker': 'IWM', 'mode': 'tri', 'thr': 15, 'window': '20Y', 'order': 1, 'rows': 3}
2025-11-12 11:27:27,804 INFO [cli] {'ticker': 'IWM', 'mode': 'tri', 'thr': 15, 'window': '20Y', 'order': 2, 'rows': 9}
2025-11-12 11:27:27,816 INFO [cli] {'ticker': 'IWM', 'mode': 'tri', 'thr': 15, 'window': '20Y', 'order': 3, 'rows': 27}
2025-11-12 11:27:27,834 INFO [cli] {'ticker': 'IWM', 'mode': 'tri', 'thr': 15, 'window': '20Y', 'order': 4, 'rows': 80}
2025-11-12 11:27:27,844 INFO [cli] {'ticker': 'IWM', 'mode': 'tri', 'thr': 15, 'window': 'MAX', 'order': 1, 'rows': 3}
2025-11-12 11:27:27,853 INFO [cli] {'ticker': 'IWM', 'mode': 'tri', 'thr': 15, 'window': 'MAX', 'order': 2, 'rows': 9}
2025-11-12 11:27:27,864 INFO [cli] {'ticker': 'IWM', 'mode': 'tri', 'thr': 15, 'window': 'MAX', 'order': 3, 'rows': 27}
2025-11-12 11:27:27,875 INFO [cli] {'ticker': 'IWM', 'mode': 'tri', 'thr': 15, 'window': 'MAX', 'order': 4, 'rows': 80}
2025-11-12 11:27:27,891 INFO [cli] {'ticker': 'IWM', 'mode': 'tri', 'thr': 20, 'window': '1Y', 'order': 1, 'rows': 3}
2025-11-12 11:27:27,902 INFO [cli] {'ticker': 'IWM', 'mode': 'tri', 'thr': 20, 'window': '1Y', 'order': 2, 'rows': 9}
2025-11-12 11:27:27,912 INFO [cli] {'ticker': 'IWM', 'mode': 'tri', 'thr': 20, 'window': '1Y', 'order': 3, 'rows': 26}
2025-11-12 11:27:27,922 INFO [cli] {'ticker': 'IWM', 'mode': 'tri', 'thr': 20, 'window': '1Y', 'order': 4, 'rows': 62}
2025-11-12 11:27:27,933 INFO [cli] {'ticker': 'IWM', 'mode': 'tri', 'thr': 20, 'window': '2Y', 'order': 1, 'rows': 3}
2025-11-12 11:27:27,943 INFO [cli] {'ticker': 'IWM', 'mode': 'tri', 'thr': 20, 'window': '2Y', 'order': 2, 'rows': 9}
2025-11-12 11:27:27,951 INFO [cli] {'ticker': 'IWM', 'mode': 'tri', 'thr': 20, 'window': '2Y', 'order': 3, 'rows': 26}
2025-11-12 11:27:27,961 INFO [cli] {'ticker': 'IWM', 'mode': 'tri', 'thr': 20, 'window': '2Y', 'order': 4, 'rows': 68}
2025-11-12 11:27:27,971 INFO [cli] {'ticker': 'IWM', 'mode': 'tri', 'thr': 20, 'window': '5Y', 'order': 1, 'rows': 3}
2025-11-12 11:27:27,979 INFO [cli] {'ticker': 'IWM', 'mode': 'tri', 'thr': 20, 'window': '5Y', 'order': 2, 'rows': 9}
2025-11-12 11:27:27,990 INFO [cli] {'ticker': 'IWM', 'mode': 'tri', 'thr': 20, 'window': '5Y', 'order': 3, 'rows': 26}
2025-11-12 11:27:27,999 INFO [cli] {'ticker': 'IWM', 'mode': 'tri', 'thr': 20, 'window': '5Y', 'order': 4, 'rows': 76}
2025-11-12 11:27:28,008 INFO [cli] {'ticker': 'IWM', 'mode': 'tri', 'thr': 20, 'window': '10Y', 'order': 1, 'rows': 3}
2025-11-12 11:27:28,017 INFO [cli] {'ticker': 'IWM', 'mode': 'tri', 'thr': 20, 'window': '10Y', 'order': 2, 'rows': 9}
2025-11-12 11:27:28,028 INFO [cli] {'ticker': 'IWM', 'mode': 'tri', 'thr': 20, 'window': '10Y', 'order': 3, 'rows': 27}
2025-11-12 11:27:28,038 INFO [cli] {'ticker': 'IWM', 'mode': 'tri', 'thr': 20, 'window': '10Y', 'order': 4, 'rows': 81}
2025-11-12 11:27:28,046 INFO [cli] {'ticker': 'IWM', 'mode': 'tri', 'thr': 20, 'window': '20Y', 'order': 1, 'rows': 3}
2025-11-12 11:27:28,054 INFO [cli] {'ticker': 'IWM', 'mode': 'tri', 'thr': 20, 'window': '20Y', 'order': 2, 'rows': 9}
2025-11-12 11:27:28,063 INFO [cli] {'ticker': 'IWM', 'mode': 'tri', 'thr': 20, 'window': '20Y', 'order': 3, 'rows': 27}
2025-11-12 11:27:28,072 INFO [cli] {'ticker': 'IWM', 'mode': 'tri', 'thr': 20, 'window': '20Y', 'order': 4, 'rows': 81}
2025-11-12 11:27:28,081 INFO [cli] {'ticker': 'IWM', 'mode': 'tri', 'thr': 20, 'window': 'MAX', 'order': 1, 'rows': 3}
2025-11-12 11:27:28,091 INFO [cli] {'ticker': 'IWM', 'mode': 'tri', 'thr': 20, 'window': 'MAX', 'order': 2, 'rows': 9}
2025-11-12 11:27:28,099 INFO [cli] {'ticker': 'IWM', 'mode': 'tri', 'thr': 20, 'window': 'MAX', 'order': 3, 'rows': 27}
2025-11-12 11:27:28,107 INFO [cli] {'ticker': 'IWM', 'mode': 'tri', 'thr': 20, 'window': 'MAX', 'order': 4, 'rows': 81}
2025-11-12 11:27:28,122 INFO [cli] {'ticker': 'IWM', 'mode': 'tri', 'thr': 25, 'window': '1Y', 'order': 1, 'rows': 3}
2025-11-12 11:27:28,130 INFO [cli] {'ticker': 'IWM', 'mode': 'tri', 'thr': 25, 'window': '1Y', 'order': 2, 'rows': 9}
2025-11-12 11:27:28,139 INFO [cli] {'ticker': 'IWM', 'mode': 'tri', 'thr': 25, 'window': '1Y', 'order': 3, 'rows': 27}
2025-11-12 11:27:28,148 INFO [cli] {'ticker': 'IWM', 'mode': 'tri', 'thr': 25, 'window': '1Y', 'order': 4, 'rows': 68}
2025-11-12 11:27:28,157 INFO [cli] {'ticker': 'IWM', 'mode': 'tri', 'thr': 25, 'window': '2Y', 'order': 1, 'rows': 3}
2025-11-12 11:27:28,167 INFO [cli] {'ticker': 'IWM', 'mode': 'tri', 'thr': 25, 'window': '2Y', 'order': 2, 'rows': 9}
2025-11-12 11:27:28,178 INFO [cli] {'ticker': 'IWM', 'mode': 'tri', 'thr': 25, 'window': '2Y', 'order': 3, 'rows': 27}
2025-11-12 11:27:28,186 INFO [cli] {'ticker': 'IWM', 'mode': 'tri', 'thr': 25, 'window': '2Y', 'order': 4, 'rows': 76}
2025-11-12 11:27:28,197 INFO [cli] {'ticker': 'IWM', 'mode': 'tri', 'thr': 25, 'window': '5Y', 'order': 1, 'rows': 3}
2025-11-12 11:27:28,208 INFO [cli] {'ticker': 'IWM', 'mode': 'tri', 'thr': 25, 'window': '5Y', 'order': 2, 'rows': 9}
2025-11-12 11:27:28,217 INFO [cli] {'ticker': 'IWM', 'mode': 'tri', 'thr': 25, 'window': '5Y', 'order': 3, 'rows': 27}
2025-11-12 11:27:28,226 INFO [cli] {'ticker': 'IWM', 'mode': 'tri', 'thr': 25, 'window': '5Y', 'order': 4, 'rows': 79}
2025-11-12 11:27:28,237 INFO [cli] {'ticker': 'IWM', 'mode': 'tri', 'thr': 25, 'window': '10Y', 'order': 1, 'rows': 3}
2025-11-12 11:27:28,247 INFO [cli] {'ticker': 'IWM', 'mode': 'tri', 'thr': 25, 'window': '10Y', 'order': 2, 'rows': 9}
2025-11-12 11:27:28,257 INFO [cli] {'ticker': 'IWM', 'mode': 'tri', 'thr': 25, 'window': '10Y', 'order': 3, 'rows': 27}
2025-11-12 11:27:28,266 INFO [cli] {'ticker': 'IWM', 'mode': 'tri', 'thr': 25, 'window': '10Y', 'order': 4, 'rows': 81}
2025-11-12 11:27:28,276 INFO [cli] {'ticker': 'IWM', 'mode': 'tri', 'thr': 25, 'window': '20Y', 'order': 1, 'rows': 3}
2025-11-12 11:27:28,286 INFO [cli] {'ticker': 'IWM', 'mode': 'tri', 'thr': 25, 'window': '20Y', 'order': 2, 'rows': 9}
2025-11-12 11:27:28,296 INFO [cli] {'ticker': 'IWM', 'mode': 'tri', 'thr': 25, 'window': '20Y', 'order': 3, 'rows': 27}
2025-11-12 11:27:28,307 INFO [cli] {'ticker': 'IWM', 'mode': 'tri', 'thr': 25, 'window': '20Y', 'order': 4, 'rows': 81}
2025-11-12 11:27:28,318 INFO [cli] {'ticker': 'IWM', 'mode': 'tri', 'thr': 25, 'window': 'MAX', 'order': 1, 'rows': 3}
2025-11-12 11:27:28,328 INFO [cli] {'ticker': 'IWM', 'mode': 'tri', 'thr': 25, 'window': 'MAX', 'order': 2, 'rows': 9}
2025-11-12 11:27:28,339 INFO [cli] {'ticker': 'IWM', 'mode': 'tri', 'thr': 25, 'window': 'MAX', 'order': 3, 'rows': 27}
2025-11-12 11:27:28,349 INFO [cli] {'ticker': 'IWM', 'mode': 'tri', 'thr': 25, 'window': 'MAX', 'order': 4, 'rows': 81}
2025-11-12 11:27:28,366 INFO [cli] {'ticker': 'IWM', 'mode': 'tri', 'thr': 30, 'window': '1Y', 'order': 1, 'rows': 3}
2025-11-12 11:27:28,375 INFO [cli] {'ticker': 'IWM', 'mode': 'tri', 'thr': 30, 'window': '1Y', 'order': 2, 'rows': 9}
2025-11-12 11:27:28,386 INFO [cli] {'ticker': 'IWM', 'mode': 'tri', 'thr': 30, 'window': '1Y', 'order': 3, 'rows': 27}
2025-11-12 11:27:28,396 INFO [cli] {'ticker': 'IWM', 'mode': 'tri', 'thr': 30, 'window': '1Y', 'order': 4, 'rows': 69}
2025-11-12 11:27:28,406 INFO [cli] {'ticker': 'IWM', 'mode': 'tri', 'thr': 30, 'window': '2Y', 'order': 1, 'rows': 3}
2025-11-12 11:27:28,417 INFO [cli] {'ticker': 'IWM', 'mode': 'tri', 'thr': 30, 'window': '2Y', 'order': 2, 'rows': 9}
2025-11-12 11:27:28,428 INFO [cli] {'ticker': 'IWM', 'mode': 'tri', 'thr': 30, 'window': '2Y', 'order': 3, 'rows': 27}
2025-11-12 11:27:28,439 INFO [cli] {'ticker': 'IWM', 'mode': 'tri', 'thr': 30, 'window': '2Y', 'order': 4, 'rows': 79}
2025-11-12 11:27:28,449 INFO [cli] {'ticker': 'IWM', 'mode': 'tri', 'thr': 30, 'window': '5Y', 'order': 1, 'rows': 3}
2025-11-12 11:27:28,460 INFO [cli] {'ticker': 'IWM', 'mode': 'tri', 'thr': 30, 'window': '5Y', 'order': 2, 'rows': 9}
2025-11-12 11:27:28,471 INFO [cli] {'ticker': 'IWM', 'mode': 'tri', 'thr': 30, 'window': '5Y', 'order': 3, 'rows': 27}
2025-11-12 11:27:28,481 INFO [cli] {'ticker': 'IWM', 'mode': 'tri', 'thr': 30, 'window': '5Y', 'order': 4, 'rows': 80}
2025-11-12 11:27:28,492 INFO [cli] {'ticker': 'IWM', 'mode': 'tri', 'thr': 30, 'window': '10Y', 'order': 1, 'rows': 3}
2025-11-12 11:27:28,503 INFO [cli] {'ticker': 'IWM', 'mode': 'tri', 'thr': 30, 'window': '10Y', 'order': 2, 'rows': 9}
2025-11-12 11:27:28,513 INFO [cli] {'ticker': 'IWM', 'mode': 'tri', 'thr': 30, 'window': '10Y', 'order': 3, 'rows': 27}
2025-11-12 11:27:28,525 INFO [cli] {'ticker': 'IWM', 'mode': 'tri', 'thr': 30, 'window': '10Y', 'order': 4, 'rows': 81}

{'ticker': 'IWM', 'mode': 'tri', 'thr': 10, 'window': '10Y', 'order': 4, 'rows': 75}
{'ticker': 'IWM', 'mode': 'tri', 'thr': 10, 'window': '20Y', 'order': 1, 'rows': 3}
{'ticker': 'IWM', 'mode': 'tri', 'thr': 10, 'window': '20Y', 'order': 2, 'rows': 9}
{'ticker': 'IWM', 'mode': 'tri', 'thr': 10, 'window': '20Y', 'order': 3, 'rows': 27}
{'ticker': 'IWM', 'mode': 'tri', 'thr': 10, 'window': '20Y', 'order': 4, 'rows': 78}
{'ticker': 'IWM', 'mode': 'tri', 'thr': 10, 'window': 'MAX', 'order': 1, 'rows': 3}
{'ticker': 'IWM', 'mode': 'tri', 'thr': 10, 'window': 'MAX', 'order': 2, 'rows': 9}
{'ticker': 'IWM', 'mode': 'tri', 'thr': 10, 'window': 'MAX', 'order': 3, 'rows': 27}
{'ticker': 'IWM', 'mode': 'tri', 'thr': 10, 'window': 'MAX', 'order': 4, 'rows': 78}
{'ticker': 'IWM', 'mode': 'tri', 'thr': 15, 'window': '1Y', 'order': 1, 'rows': 3}
{'ticker': 'IWM', 'mode': 'tri', 'thr': 15, 'window': '1Y', 'order': 2, 'rows': 9}
{'ticker': 'IWM', 'mode': 'tri', 'thr': 15, 'window': '1Y', 'order': 3, 'rows': 25}
{'ticker': 'IWM', 'mode': 'tri', 'thr': 15, 'window': '1Y', 'order': 4, 'rows': 57}
{'ticker': 'IWM', 'mode': 'tri', 'thr': 15, 'window': '2Y', 'order': 1, 'rows': 3}
{'ticker': 'IWM', 'mode': 'tri', 'thr': 15, 'window': '2Y', 'order': 2, 'rows': 9}
{'ticker': 'IWM', 'mode': 'tri', 'thr': 15, 'window': '2Y', 'order': 3, 'rows': 25}
{'ticker': 'IWM', 'mode': 'tri', 'thr': 15, 'window': '2Y', 'order': 4, 'rows': 62}
{'ticker': 'IWM', 'mode': 'tri', 'thr': 15, 'window': '5Y', 'order': 1, 'rows': 3}
{'ticker': 'IWM', 'mode': 'tri', 'thr': 15, 'window': '5Y', 'order': 2, 'rows': 9}
{'ticker': 'IWM', 'mode': 'tri', 'thr': 15, 'window': '5Y', 'order': 3, 'rows': 26}
{'ticker': 'IWM', 'mode': 'tri', 'thr': 15, 'window': '5Y', 'order': 4, 'rows': 74}
{'ticker': 'IWM', 'mode': 'tri', 'thr': 15, 'window': '10Y', 'order': 1, 'rows': 3}
{'ticker': 'IWM', 'mode': 'tri', 'thr': 15, 'window': '10Y', 'order': 2, 'rows': 9}
{'ticker': 'IWM', 'mode': 'tri', 'thr': 15, 'window': '10Y', 'order': 3, 'rows': 27}
{'ticker': 'IWM', 'mode': 'tri', 'thr': 15, 'window': '10Y', 'order': 4, 'rows': 79}
{'ticker': 'IWM', 'mode': 'tri', 'thr': 15, 'window': '20Y', 'order': 1, 'rows': 3}
{'ticker': 'IWM', 'mode': 'tri', 'thr': 15, 'window': '20Y', 'order': 2, 'rows': 9}
{'ticker': 'IWM', 'mode': 'tri', 'thr': 15, 'window': '20Y', 'order': 3, 'rows': 27}
{'ticker': 'IWM', 'mode': 'tri', 'thr': 15, 'window': '20Y', 'order': 4, 'rows': 80}
{'ticker': 'IWM', 'mode': 'tri', 'thr': 15, 'window': 'MAX', 'order': 1, 'rows': 3}
{'ticker': 'IWM', 'mode': 'tri', 'thr': 15, 'window': 'MAX', 'order': 2, 'rows': 9}
{'ticker': 'IWM', 'mode': 'tri', 'thr': 15, 'window': 'MAX', 'order': 3, 'rows': 27}
{'ticker': 'IWM', 'mode': 'tri', 'thr': 15, 'window': 'MAX', 'order': 4, 'rows': 80}
{'ticker': 'IWM', 'mode': 'tri', 'thr': 20, 'window': '1Y', 'order': 1, 'rows': 3}
{'ticker': 'IWM', 'mode': 'tri', 'thr': 20, 'window': '1Y', 'order': 2, 'rows': 9}
{'ticker': 'IWM', 'mode': 'tri', 'thr': 20, 'window': '1Y', 'order': 3, 'rows': 26}
{'ticker': 'IWM', 'mode': 'tri', 'thr': 20, 'window': '1Y', 'order': 4, 'rows': 62}
{'ticker': 'IWM', 'mode': 'tri', 'thr': 20, 'window': '2Y', 'order': 1, 'rows': 3}
{'ticker': 'IWM', 'mode': 'tri', 'thr': 20, 'window': '2Y', 'order': 2, 'rows': 9}
{'ticker': 'IWM', 'mode': 'tri', 'thr': 20, 'window': '2Y', 'order': 3, 'rows': 26}
{'ticker': 'IWM', 'mode': 'tri', 'thr': 20, 'window': '2Y', 'order': 4, 'rows': 68}
{'ticker': 'IWM', 'mode': 'tri', 'thr': 20, 'window': '5Y', 'order': 1, 'rows': 3}
{'ticker': 'IWM', 'mode': 'tri', 'thr': 20, 'window': '5Y', 'order': 2, 'rows': 9}
{'ticker': 'IWM', 'mode': 'tri', 'thr': 20, 'window': '5Y', 'order': 3, 'rows': 26}
{'ticker': 'IWM', 'mode': 'tri', 'thr': 20, 'window': '5Y', 'order': 4, 'rows': 76}
{'ticker': 'IWM', 'mode': 'tri', 'thr': 20, 'window': '10Y', 'order': 1, 'rows': 3}
{'ticker': 'IWM', 'mode': 'tri', 'thr': 20, 'window': '10Y', 'order': 2, 'rows': 9}
{'ticker': 'IWM', 'mode': 'tri', 'thr': 20, 'window': '10Y', 'order': 3, 'rows': 27}
{'ticker': 'IWM', 'mode': 'tri', 'thr': 20, 'window': '10Y', 'order': 4, 'rows': 81}
{'ticker': 'IWM', 'mode': 'tri', 'thr': 20, 'window': '20Y', 'order': 1, 'rows': 3}
{'ticker': 'IWM', 'mode': 'tri', 'thr': 20, 'window': '20Y', 'order': 2, 'rows': 9}
{'ticker': 'IWM', 'mode': 'tri', 'thr': 20, 'window': '20Y', 'order': 3, 'rows': 27}
{'ticker': 'IWM', 'mode': 'tri', 'thr': 20, 'window': '20Y', 'order': 4, 'rows': 81}
{'ticker': 'IWM', 'mode': 'tri', 'thr': 20, 'window': 'MAX', 'order': 1, 'rows': 3}
{'ticker': 'IWM', 'mode': 'tri', 'thr': 20, 'window': 'MAX', 'order': 2, 'rows': 9}
{'ticker': 'IWM', 'mode': 'tri', 'thr': 20, 'window': 'MAX', 'order': 3, 'rows': 27}
{'ticker': 'IWM', 'mode': 'tri', 'thr': 20, 'window': 'MAX', 'order': 4, 'rows': 81}
{'ticker': 'IWM', 'mode': 'tri', 'thr': 25, 'window': '1Y', 'order': 1, 'rows': 3}
{'ticker': 'IWM', 'mode': 'tri', 'thr': 25, 'window': '1Y', 'order': 2, 'rows': 9}
{'ticker': 'IWM', 'mode': 'tri', 'thr': 25, 'window': '1Y', 'order': 3, 'rows': 27}
{'ticker': 'IWM', 'mode': 'tri', 'thr': 25, 'window': '1Y', 'order': 4, 'rows': 68}
{'ticker': 'IWM', 'mode': 'tri', 'thr': 25, 'window': '2Y', 'order': 1, 'rows': 3}
{'ticker': 'IWM', 'mode': 'tri', 'thr': 25, 'window': '2Y', 'order': 2, 'rows': 9}
{'ticker': 'IWM', 'mode': 'tri', 'thr': 25, 'window': '2Y', 'order': 3, 'rows': 27}
{'ticker': 'IWM', 'mode': 'tri', 'thr': 25, 'window': '2Y', 'order': 4, 'rows': 76}
{'ticker': 'IWM', 'mode': 'tri', 'thr': 25, 'window': '5Y', 'order': 1, 'rows': 3}
{'ticker': 'IWM', 'mode': 'tri', 'thr': 25, 'window': '5Y', 'order': 2, 'rows': 9}
{'ticker': 'IWM', 'mode': 'tri', 'thr': 25, 'window': '5Y', 'order': 3, 'rows': 27}
{'ticker': 'IWM', 'mode': 'tri', 'thr': 25, 'window': '5Y', 'order': 4, 'rows': 79}
{'ticker': 'IWM', 'mode': 'tri', 'thr': 25, 'window': '10Y', 'order': 1, 'rows': 3}
{'ticker': 'IWM', 'mode': 'tri', 'thr': 25, 'window': '10Y', 'order': 2, 'rows': 9}
{'ticker': 'IWM', 'mode': 'tri', 'thr': 25, 'window': '10Y', 'order': 3, 'rows': 27}
{'ticker': 'IWM', 'mode': 'tri', 'thr': 25, 'window': '10Y', 'order': 4, 'rows': 81}
{'ticker': 'IWM', 'mode': 'tri', 'thr': 25, 'window': '20Y', 'order': 1, 'rows': 3}
{'ticker': 'IWM', 'mode': 'tri', 'thr': 25, 'window': '20Y', 'order': 2, 'rows': 9}
{'ticker': 'IWM', 'mode': 'tri', 'thr': 25, 'window': '20Y', 'order': 3, 'rows': 27}
{'ticker': 'IWM', 'mode': 'tri', 'thr': 25, 'window': '20Y', 'order': 4, 'rows': 81}
{'ticker': 'IWM', 'mode': 'tri', 'thr': 25, 'window': 'MAX', 'order': 1, 'rows': 3}
{'ticker': 'IWM', 'mode': 'tri', 'thr': 25, 'window': 'MAX', 'order': 2, 'rows': 9}
{'ticker': 'IWM', 'mode': 'tri', 'thr': 25, 'window': 'MAX', 'order': 3, 'rows': 27}
{'ticker': 'IWM', 'mode': 'tri', 'thr': 25, 'window': 'MAX', 'order': 4, 'rows': 81}
{'ticker': 'IWM', 'mode': 'tri', 'thr': 30, 'window': '1Y', 'order': 1, 'rows': 3}
{'ticker': 'IWM', 'mode': 'tri', 'thr': 30, 'window': '1Y', 'order': 2, 'rows': 9}
{'ticker': 'IWM', 'mode': 'tri', 'thr': 30, 'window': '1Y', 'order': 3, 'rows': 27}
{'ticker': 'IWM', 'mode': 'tri', 'thr': 30, 'window': '1Y', 'order': 4, 'rows': 69}
{'ticker': 'IWM', 'mode': 'tri', 'thr': 30, 'window': '2Y', 'order': 1, 'rows': 3}
{'ticker': 'IWM', 'mode': 'tri', 'thr': 30, 'window': '2Y', 'order': 2, 'rows': 9}
{'ticker': 'IWM', 'mode': 'tri', 'thr': 30, 'window': '2Y', 'order': 3, 'rows': 27}
{'ticker': 'IWM', 'mode': 'tri', 'thr': 30, 'window': '2Y', 'order': 4, 'rows': 79}
{'ticker': 'IWM', 'mode': 'tri', 'thr': 30, 'window': '5Y', 'order': 1, 'rows': 3}
{'ticker': 'IWM', 'mode': 'tri', 'thr': 30, 'window': '5Y', 'order': 2, 'rows': 9}
{'ticker': 'IWM', 'mode': 'tri', 'thr': 30, 'window': '5Y', 'order': 3, 'rows': 27}
{'ticker': 'IWM', 'mode': 'tri', 'thr': 30, 'window': '5Y', 'order': 4, 'rows': 80}
{'ticker': 'IWM', 'mode': 'tri', 'thr': 30, 'window': '10Y', 'order': 1, 'rows': 3}
{'ticker': 'IWM', 'mode': 'tri', 'thr': 30, 'window': '10Y', 'order': 2, 'rows': 9}
{'ticker': 'IWM', 'mode': 'tri', 'thr': 30, 'window': '10Y', 'order': 3, 'rows': 27}
{'ticker': 'IWM', 'mode': 'tri', 'thr': 30, 'window': '10Y', 'order': 4, 'rows': 81}
{'ticker': 'IWM', 'mode': 'tri', 'thr': 30, 'window': '20Y', 'order': 1, 'rows': 3}2025-11-12 11:27:28,535 INFO [cli] {'ticker': 'IWM', 'mode': 'tri', 'thr': 30, 'window': '20Y', 'order': 1, 'rows': 3}
2025-11-12 11:27:28,547 INFO [cli] {'ticker': 'IWM', 'mode': 'tri', 'thr': 30, 'window': '20Y', 'order': 2, 'rows': 9}
2025-11-12 11:27:28,558 INFO [cli] {'ticker': 'IWM', 'mode': 'tri', 'thr': 30, 'window': '20Y', 'order': 3, 'rows': 27}
2025-11-12 11:27:28,567 INFO [cli] {'ticker': 'IWM', 'mode': 'tri', 'thr': 30, 'window': '20Y', 'order': 4, 'rows': 81}
2025-11-12 11:27:28,575 INFO [cli] {'ticker': 'IWM', 'mode': 'tri', 'thr': 30, 'window': 'MAX', 'order': 1, 'rows': 3}
2025-11-12 11:27:28,586 INFO [cli] {'ticker': 'IWM', 'mode': 'tri', 'thr': 30, 'window': 'MAX', 'order': 2, 'rows': 9}
2025-11-12 11:27:28,595 INFO [cli] {'ticker': 'IWM', 'mode': 'tri', 'thr': 30, 'window': 'MAX', 'order': 3, 'rows': 27}
2025-11-12 11:27:28,605 INFO [cli] {'ticker': 'IWM', 'mode': 'tri', 'thr': 30, 'window': 'MAX', 'order': 4, 'rows': 81}
2025-11-12 11:27:28,621 INFO [cli] {'ticker': 'IWM', 'mode': 'tri', 'thr': 35, 'window': '1Y', 'order': 1, 'rows': 3}
2025-11-12 11:27:28,631 INFO [cli] {'ticker': 'IWM', 'mode': 'tri', 'thr': 35, 'window': '1Y', 'order': 2, 'rows': 9}
2025-11-12 11:27:28,642 INFO [cli] {'ticker': 'IWM', 'mode': 'tri', 'thr': 35, 'window': '1Y', 'order': 3, 'rows': 27}
2025-11-12 11:27:28,653 INFO [cli] {'ticker': 'IWM', 'mode': 'tri', 'thr': 35, 'window': '1Y', 'order': 4, 'rows': 70}
2025-11-12 11:27:28,663 INFO [cli] {'ticker': 'IWM', 'mode': 'tri', 'thr': 35, 'window': '2Y', 'order': 1, 'rows': 3}
2025-11-12 11:27:28,673 INFO [cli] {'ticker': 'IWM', 'mode': 'tri', 'thr': 35, 'window': '2Y', 'order': 2, 'rows': 9}
2025-11-12 11:27:28,680 INFO [cli] {'ticker': 'IWM', 'mode': 'tri', 'thr': 35, 'window': '2Y', 'order': 3, 'rows': 27}
2025-11-12 11:27:28,689 INFO [cli] {'ticker': 'IWM', 'mode': 'tri', 'thr': 35, 'window': '2Y', 'order': 4, 'rows': 80}
2025-11-12 11:27:28,698 INFO [cli] {'ticker': 'IWM', 'mode': 'tri', 'thr': 35, 'window': '5Y', 'order': 1, 'rows': 3}
2025-11-12 11:27:28,706 INFO [cli] {'ticker': 'IWM', 'mode': 'tri', 'thr': 35, 'window': '5Y', 'order': 2, 'rows': 9}
2025-11-12 11:27:28,716 INFO [cli] {'ticker': 'IWM', 'mode': 'tri', 'thr': 35, 'window': '5Y', 'order': 3, 'rows': 27}
2025-11-12 11:27:28,726 INFO [cli] {'ticker': 'IWM', 'mode': 'tri', 'thr': 35, 'window': '5Y', 'order': 4, 'rows': 81}
2025-11-12 11:27:28,733 INFO [cli] {'ticker': 'IWM', 'mode': 'tri', 'thr': 35, 'window': '10Y', 'order': 1, 'rows': 3}
2025-11-12 11:27:28,742 INFO [cli] {'ticker': 'IWM', 'mode': 'tri', 'thr': 35, 'window': '10Y', 'order': 2, 'rows': 9}
2025-11-12 11:27:28,759 INFO [cli] {'ticker': 'IWM', 'mode': 'tri', 'thr': 35, 'window': '10Y', 'order': 3, 'rows': 27}
2025-11-12 11:27:28,770 INFO [cli] {'ticker': 'IWM', 'mode': 'tri', 'thr': 35, 'window': '10Y', 'order': 4, 'rows': 81}
2025-11-12 11:27:28,778 INFO [cli] {'ticker': 'IWM', 'mode': 'tri', 'thr': 35, 'window': '20Y', 'order': 1, 'rows': 3}
2025-11-12 11:27:28,787 INFO [cli] {'ticker': 'IWM', 'mode': 'tri', 'thr': 35, 'window': '20Y', 'order': 2, 'rows': 9}
2025-11-12 11:27:28,796 INFO [cli] {'ticker': 'IWM', 'mode': 'tri', 'thr': 35, 'window': '20Y', 'order': 3, 'rows': 27}
2025-11-12 11:27:28,805 INFO [cli] {'ticker': 'IWM', 'mode': 'tri', 'thr': 35, 'window': '20Y', 'order': 4, 'rows': 81}
2025-11-12 11:27:28,813 INFO [cli] {'ticker': 'IWM', 'mode': 'tri', 'thr': 35, 'window': 'MAX', 'order': 1, 'rows': 3}
2025-11-12 11:27:28,822 INFO [cli] {'ticker': 'IWM', 'mode': 'tri', 'thr': 35, 'window': 'MAX', 'order': 2, 'rows': 9}
2025-11-12 11:27:28,831 INFO [cli] {'ticker': 'IWM', 'mode': 'tri', 'thr': 35, 'window': 'MAX', 'order': 3, 'rows': 27}
2025-11-12 11:27:28,839 INFO [cli] {'ticker': 'IWM', 'mode': 'tri', 'thr': 35, 'window': 'MAX', 'order': 4, 'rows': 81}
2025-11-12 11:27:28,854 INFO [cli] {'ticker': 'IWM', 'mode': 'tri', 'thr': 40, 'window': '1Y', 'order': 1, 'rows': 3}
2025-11-12 11:27:28,863 INFO [cli] {'ticker': 'IWM', 'mode': 'tri', 'thr': 40, 'window': '1Y', 'order': 2, 'rows': 9}
2025-11-12 11:27:28,872 INFO [cli] {'ticker': 'IWM', 'mode': 'tri', 'thr': 40, 'window': '1Y', 'order': 3, 'rows': 27}
2025-11-12 11:27:28,881 INFO [cli] {'ticker': 'IWM', 'mode': 'tri', 'thr': 40, 'window': '1Y', 'order': 4, 'rows': 76}
2025-11-12 11:27:28,890 INFO [cli] {'ticker': 'IWM', 'mode': 'tri', 'thr': 40, 'window': '2Y', 'order': 1, 'rows': 3}
2025-11-12 11:27:28,899 INFO [cli] {'ticker': 'IWM', 'mode': 'tri', 'thr': 40, 'window': '2Y', 'order': 2, 'rows': 9}
2025-11-12 11:27:28,907 INFO [cli] {'ticker': 'IWM', 'mode': 'tri', 'thr': 40, 'window': '2Y', 'order': 3, 'rows': 27}
2025-11-12 11:27:28,916 INFO [cli] {'ticker': 'IWM', 'mode': 'tri', 'thr': 40, 'window': '2Y', 'order': 4, 'rows': 81}
2025-11-12 11:27:28,926 INFO [cli] {'ticker': 'IWM', 'mode': 'tri', 'thr': 40, 'window': '5Y', 'order': 1, 'rows': 3}
2025-11-12 11:27:28,938 INFO [cli] {'ticker': 'IWM', 'mode': 'tri', 'thr': 40, 'window': '5Y', 'order': 2, 'rows': 9}
2025-11-12 11:27:28,950 INFO [cli] {'ticker': 'IWM', 'mode': 'tri', 'thr': 40, 'window': '5Y', 'order': 3, 'rows': 27}
2025-11-12 11:27:28,960 INFO [cli] {'ticker': 'IWM', 'mode': 'tri', 'thr': 40, 'window': '5Y', 'order': 4, 'rows': 81}
2025-11-12 11:27:28,968 INFO [cli] {'ticker': 'IWM', 'mode': 'tri', 'thr': 40, 'window': '10Y', 'order': 1, 'rows': 3}
2025-11-12 11:27:28,979 INFO [cli] {'ticker': 'IWM', 'mode': 'tri', 'thr': 40, 'window': '10Y', 'order': 2, 'rows': 9}
2025-11-12 11:27:28,989 INFO [cli] {'ticker': 'IWM', 'mode': 'tri', 'thr': 40, 'window': '10Y', 'order': 3, 'rows': 27}
2025-11-12 11:27:28,997 INFO [cli] {'ticker': 'IWM', 'mode': 'tri', 'thr': 40, 'window': '10Y', 'order': 4, 'rows': 81}
2025-11-12 11:27:29,005 INFO [cli] {'ticker': 'IWM', 'mode': 'tri', 'thr': 40, 'window': '20Y', 'order': 1, 'rows': 3}
2025-11-12 11:27:29,015 INFO [cli] {'ticker': 'IWM', 'mode': 'tri', 'thr': 40, 'window': '20Y', 'order': 2, 'rows': 9}
2025-11-12 11:27:29,026 INFO [cli] {'ticker': 'IWM', 'mode': 'tri', 'thr': 40, 'window': '20Y', 'order': 3, 'rows': 27}
2025-11-12 11:27:29,034 INFO [cli] {'ticker': 'IWM', 'mode': 'tri', 'thr': 40, 'window': '20Y', 'order': 4, 'rows': 81}
2025-11-12 11:27:29,044 INFO [cli] {'ticker': 'IWM', 'mode': 'tri', 'thr': 40, 'window': 'MAX', 'order': 1, 'rows': 3}
2025-11-12 11:27:29,052 INFO [cli] {'ticker': 'IWM', 'mode': 'tri', 'thr': 40, 'window': 'MAX', 'order': 2, 'rows': 9}
2025-11-12 11:27:29,063 INFO [cli] {'ticker': 'IWM', 'mode': 'tri', 'thr': 40, 'window': 'MAX', 'order': 3, 'rows': 27}
2025-11-12 11:27:29,072 INFO [cli] {'ticker': 'IWM', 'mode': 'tri', 'thr': 40, 'window': 'MAX', 'order': 4, 'rows': 81}
2025-11-12 11:27:29,088 INFO [cli] {'ticker': 'IWM', 'mode': 'tri', 'thr': 45, 'window': '1Y', 'order': 1, 'rows': 3}
2025-11-12 11:27:29,096 INFO [cli] {'ticker': 'IWM', 'mode': 'tri', 'thr': 45, 'window': '1Y', 'order': 2, 'rows': 9}
2025-11-12 11:27:29,106 INFO [cli] {'ticker': 'IWM', 'mode': 'tri', 'thr': 45, 'window': '1Y', 'order': 3, 'rows': 27}
2025-11-12 11:27:29,114 INFO [cli] {'ticker': 'IWM', 'mode': 'tri', 'thr': 45, 'window': '1Y', 'order': 4, 'rows': 74}
2025-11-12 11:27:29,121 INFO [cli] {'ticker': 'IWM', 'mode': 'tri', 'thr': 45, 'window': '2Y', 'order': 1, 'rows': 3}
2025-11-12 11:27:29,131 INFO [cli] {'ticker': 'IWM', 'mode': 'tri', 'thr': 45, 'window': '2Y', 'order': 2, 'rows': 9}
2025-11-12 11:27:29,141 INFO [cli] {'ticker': 'IWM', 'mode': 'tri', 'thr': 45, 'window': '2Y', 'order': 3, 'rows': 27}
2025-11-12 11:27:29,151 INFO [cli] {'ticker': 'IWM', 'mode': 'tri', 'thr': 45, 'window': '2Y', 'order': 4, 'rows': 81}
2025-11-12 11:27:29,160 INFO [cli] {'ticker': 'IWM', 'mode': 'tri', 'thr': 45, 'window': '5Y', 'order': 1, 'rows': 3}
2025-11-12 11:27:29,170 INFO [cli] {'ticker': 'IWM', 'mode': 'tri', 'thr': 45, 'window': '5Y', 'order': 2, 'rows': 9}
2025-11-12 11:27:29,178 INFO [cli] {'ticker': 'IWM', 'mode': 'tri', 'thr': 45, 'window': '5Y', 'order': 3, 'rows': 27}
2025-11-12 11:27:29,188 INFO [cli] {'ticker': 'IWM', 'mode': 'tri', 'thr': 45, 'window': '5Y', 'order': 4, 'rows': 81}
2025-11-12 11:27:29,199 INFO [cli] {'ticker': 'IWM', 'mode': 'tri', 'thr': 45, 'window': '10Y', 'order': 1, 'rows': 3}
2025-11-12 11:27:29,208 INFO [cli] {'ticker': 'IWM', 'mode': 'tri', 'thr': 45, 'window': '10Y', 'order': 2, 'rows': 9}
2025-11-12 11:27:29,217 INFO [cli] {'ticker': 'IWM', 'mode': 'tri', 'thr': 45, 'window': '10Y', 'order': 3, 'rows': 27}
2025-11-12 11:27:29,226 INFO [cli] {'ticker': 'IWM', 'mode': 'tri', 'thr': 45, 'window': '10Y', 'order': 4, 'rows': 81}
2025-11-12 11:27:29,235 INFO [cli] {'ticker': 'IWM', 'mode': 'tri', 'thr': 45, 'window': '20Y', 'order': 1, 'rows': 3}
2025-11-12 11:27:29,244 INFO [cli] {'ticker': 'IWM', 'mode': 'tri', 'thr': 45, 'window': '20Y', 'order': 2, 'rows': 9}
2025-11-12 11:27:29,254 INFO [cli] {'ticker': 'IWM', 'mode': 'tri', 'thr': 45, 'window': '20Y', 'order': 3, 'rows': 27}
2025-11-12 11:27:29,264 INFO [cli] {'ticker': 'IWM', 'mode': 'tri', 'thr': 45, 'window': '20Y', 'order': 4, 'rows': 81}
2025-11-12 11:27:29,272 INFO [cli] {'ticker': 'IWM', 'mode': 'tri', 'thr': 45, 'window': 'MAX', 'order': 1, 'rows': 3}
2025-11-12 11:27:29,282 INFO [cli] {'ticker': 'IWM', 'mode': 'tri', 'thr': 45, 'window': 'MAX', 'order': 2, 'rows': 9}
2025-11-12 11:27:29,290 INFO [cli] {'ticker': 'IWM', 'mode': 'tri', 'thr': 45, 'window': 'MAX', 'order': 3, 'rows': 27}
2025-11-12 11:27:29,299 INFO [cli] {'ticker': 'IWM', 'mode': 'tri', 'thr': 45, 'window': 'MAX', 'order': 4, 'rows': 81}
2025-11-12 11:27:29,314 INFO [cli] {'ticker': 'IWM', 'mode': 'tri', 'thr': 50, 'window': '1Y', 'order': 1, 'rows': 3}
2025-11-12 11:27:29,324 INFO [cli] {'ticker': 'IWM', 'mode': 'tri', 'thr': 50, 'window': '1Y', 'order': 2, 'rows': 9}
2025-11-12 11:27:29,334 INFO [cli] {'ticker': 'IWM', 'mode': 'tri', 'thr': 50, 'window': '1Y', 'order': 3, 'rows': 27}
2025-11-12 11:27:29,345 INFO [cli] {'ticker': 'IWM', 'mode': 'tri', 'thr': 50, 'window': '1Y', 'order': 4, 'rows': 75}
2025-11-12 11:27:29,356 INFO [cli] {'ticker': 'IWM', 'mode': 'tri', 'thr': 50, 'window': '2Y', 'order': 1, 'rows': 3}
2025-11-12 11:27:29,366 INFO [cli] {'ticker': 'IWM', 'mode': 'tri', 'thr': 50, 'window': '2Y', 'order': 2, 'rows': 9}
2025-11-12 11:27:29,376 INFO [cli] {'ticker': 'IWM', 'mode': 'tri', 'thr': 50, 'window': '2Y', 'order': 3, 'rows': 27}
2025-11-12 11:27:29,385 INFO [cli] {'ticker': 'IWM', 'mode': 'tri', 'thr': 50, 'window': '2Y', 'order': 4, 'rows': 80}
2025-11-12 11:27:29,396 INFO [cli] {'ticker': 'IWM', 'mode': 'tri', 'thr': 50, 'window': '5Y', 'order': 1, 'rows': 3}
2025-11-12 11:27:29,405 INFO [cli] {'ticker': 'IWM', 'mode': 'tri', 'thr': 50, 'window': '5Y', 'order': 2, 'rows': 9}
2025-11-12 11:27:29,414 INFO [cli] {'ticker': 'IWM', 'mode': 'tri', 'thr': 50, 'window': '5Y', 'order': 3, 'rows': 27}
2025-11-12 11:27:29,426 INFO [cli] {'ticker': 'IWM', 'mode': 'tri', 'thr': 50, 'window': '5Y', 'order': 4, 'rows': 81}
2025-11-12 11:27:29,434 INFO [cli] {'ticker': 'IWM', 'mode': 'tri', 'thr': 50, 'window': '10Y', 'order': 1, 'rows': 3}
2025-11-12 11:27:29,442 INFO [cli] {'ticker': 'IWM', 'mode': 'tri', 'thr': 50, 'window': '10Y', 'order': 2, 'rows': 9}
2025-11-12 11:27:29,452 INFO [cli] {'ticker': 'IWM', 'mode': 'tri', 'thr': 50, 'window': '10Y', 'order': 3, 'rows': 27}
2025-11-12 11:27:29,463 INFO [cli] {'ticker': 'IWM', 'mode': 'tri', 'thr': 50, 'window': '10Y', 'order': 4, 'rows': 81}
2025-11-12 11:27:29,472 INFO [cli] {'ticker': 'IWM', 'mode': 'tri', 'thr': 50, 'window': '20Y', 'order': 1, 'rows': 3}
2025-11-12 11:27:29,482 INFO [cli] {'ticker': 'IWM', 'mode': 'tri', 'thr': 50, 'window': '20Y', 'order': 2, 'rows': 9}

{'ticker': 'IWM', 'mode': 'tri', 'thr': 30, 'window': '20Y', 'order': 2, 'rows': 9}
{'ticker': 'IWM', 'mode': 'tri', 'thr': 30, 'window': '20Y', 'order': 3, 'rows': 27}
{'ticker': 'IWM', 'mode': 'tri', 'thr': 30, 'window': '20Y', 'order': 4, 'rows': 81}
{'ticker': 'IWM', 'mode': 'tri', 'thr': 30, 'window': 'MAX', 'order': 1, 'rows': 3}
{'ticker': 'IWM', 'mode': 'tri', 'thr': 30, 'window': 'MAX', 'order': 2, 'rows': 9}
{'ticker': 'IWM', 'mode': 'tri', 'thr': 30, 'window': 'MAX', 'order': 3, 'rows': 27}
{'ticker': 'IWM', 'mode': 'tri', 'thr': 30, 'window': 'MAX', 'order': 4, 'rows': 81}
{'ticker': 'IWM', 'mode': 'tri', 'thr': 35, 'window': '1Y', 'order': 1, 'rows': 3}
{'ticker': 'IWM', 'mode': 'tri', 'thr': 35, 'window': '1Y', 'order': 2, 'rows': 9}
{'ticker': 'IWM', 'mode': 'tri', 'thr': 35, 'window': '1Y', 'order': 3, 'rows': 27}
{'ticker': 'IWM', 'mode': 'tri', 'thr': 35, 'window': '1Y', 'order': 4, 'rows': 70}
{'ticker': 'IWM', 'mode': 'tri', 'thr': 35, 'window': '2Y', 'order': 1, 'rows': 3}
{'ticker': 'IWM', 'mode': 'tri', 'thr': 35, 'window': '2Y', 'order': 2, 'rows': 9}
{'ticker': 'IWM', 'mode': 'tri', 'thr': 35, 'window': '2Y', 'order': 3, 'rows': 27}
{'ticker': 'IWM', 'mode': 'tri', 'thr': 35, 'window': '2Y', 'order': 4, 'rows': 80}
{'ticker': 'IWM', 'mode': 'tri', 'thr': 35, 'window': '5Y', 'order': 1, 'rows': 3}
{'ticker': 'IWM', 'mode': 'tri', 'thr': 35, 'window': '5Y', 'order': 2, 'rows': 9}
{'ticker': 'IWM', 'mode': 'tri', 'thr': 35, 'window': '5Y', 'order': 3, 'rows': 27}
{'ticker': 'IWM', 'mode': 'tri', 'thr': 35, 'window': '5Y', 'order': 4, 'rows': 81}
{'ticker': 'IWM', 'mode': 'tri', 'thr': 35, 'window': '10Y', 'order': 1, 'rows': 3}
{'ticker': 'IWM', 'mode': 'tri', 'thr': 35, 'window': '10Y', 'order': 2, 'rows': 9}
{'ticker': 'IWM', 'mode': 'tri', 'thr': 35, 'window': '10Y', 'order': 3, 'rows': 27}
{'ticker': 'IWM', 'mode': 'tri', 'thr': 35, 'window': '10Y', 'order': 4, 'rows': 81}
{'ticker': 'IWM', 'mode': 'tri', 'thr': 35, 'window': '20Y', 'order': 1, 'rows': 3}
{'ticker': 'IWM', 'mode': 'tri', 'thr': 35, 'window': '20Y', 'order': 2, 'rows': 9}
{'ticker': 'IWM', 'mode': 'tri', 'thr': 35, 'window': '20Y', 'order': 3, 'rows': 27}
{'ticker': 'IWM', 'mode': 'tri', 'thr': 35, 'window': '20Y', 'order': 4, 'rows': 81}
{'ticker': 'IWM', 'mode': 'tri', 'thr': 35, 'window': 'MAX', 'order': 1, 'rows': 3}
{'ticker': 'IWM', 'mode': 'tri', 'thr': 35, 'window': 'MAX', 'order': 2, 'rows': 9}
{'ticker': 'IWM', 'mode': 'tri', 'thr': 35, 'window': 'MAX', 'order': 3, 'rows': 27}
{'ticker': 'IWM', 'mode': 'tri', 'thr': 35, 'window': 'MAX', 'order': 4, 'rows': 81}
{'ticker': 'IWM', 'mode': 'tri', 'thr': 40, 'window': '1Y', 'order': 1, 'rows': 3}
{'ticker': 'IWM', 'mode': 'tri', 'thr': 40, 'window': '1Y', 'order': 2, 'rows': 9}
{'ticker': 'IWM', 'mode': 'tri', 'thr': 40, 'window': '1Y', 'order': 3, 'rows': 27}
{'ticker': 'IWM', 'mode': 'tri', 'thr': 40, 'window': '1Y', 'order': 4, 'rows': 76}
{'ticker': 'IWM', 'mode': 'tri', 'thr': 40, 'window': '2Y', 'order': 1, 'rows': 3}
{'ticker': 'IWM', 'mode': 'tri', 'thr': 40, 'window': '2Y', 'order': 2, 'rows': 9}
{'ticker': 'IWM', 'mode': 'tri', 'thr': 40, 'window': '2Y', 'order': 3, 'rows': 27}
{'ticker': 'IWM', 'mode': 'tri', 'thr': 40, 'window': '2Y', 'order': 4, 'rows': 81}
{'ticker': 'IWM', 'mode': 'tri', 'thr': 40, 'window': '5Y', 'order': 1, 'rows': 3}
{'ticker': 'IWM', 'mode': 'tri', 'thr': 40, 'window': '5Y', 'order': 2, 'rows': 9}
{'ticker': 'IWM', 'mode': 'tri', 'thr': 40, 'window': '5Y', 'order': 3, 'rows': 27}
{'ticker': 'IWM', 'mode': 'tri', 'thr': 40, 'window': '5Y', 'order': 4, 'rows': 81}
{'ticker': 'IWM', 'mode': 'tri', 'thr': 40, 'window': '10Y', 'order': 1, 'rows': 3}
{'ticker': 'IWM', 'mode': 'tri', 'thr': 40, 'window': '10Y', 'order': 2, 'rows': 9}
{'ticker': 'IWM', 'mode': 'tri', 'thr': 40, 'window': '10Y', 'order': 3, 'rows': 27}
{'ticker': 'IWM', 'mode': 'tri', 'thr': 40, 'window': '10Y', 'order': 4, 'rows': 81}
{'ticker': 'IWM', 'mode': 'tri', 'thr': 40, 'window': '20Y', 'order': 1, 'rows': 3}
{'ticker': 'IWM', 'mode': 'tri', 'thr': 40, 'window': '20Y', 'order': 2, 'rows': 9}
{'ticker': 'IWM', 'mode': 'tri', 'thr': 40, 'window': '20Y', 'order': 3, 'rows': 27}
{'ticker': 'IWM', 'mode': 'tri', 'thr': 40, 'window': '20Y', 'order': 4, 'rows': 81}
{'ticker': 'IWM', 'mode': 'tri', 'thr': 40, 'window': 'MAX', 'order': 1, 'rows': 3}
{'ticker': 'IWM', 'mode': 'tri', 'thr': 40, 'window': 'MAX', 'order': 2, 'rows': 9}
{'ticker': 'IWM', 'mode': 'tri', 'thr': 40, 'window': 'MAX', 'order': 3, 'rows': 27}
{'ticker': 'IWM', 'mode': 'tri', 'thr': 40, 'window': 'MAX', 'order': 4, 'rows': 81}
{'ticker': 'IWM', 'mode': 'tri', 'thr': 45, 'window': '1Y', 'order': 1, 'rows': 3}
{'ticker': 'IWM', 'mode': 'tri', 'thr': 45, 'window': '1Y', 'order': 2, 'rows': 9}
{'ticker': 'IWM', 'mode': 'tri', 'thr': 45, 'window': '1Y', 'order': 3, 'rows': 27}
{'ticker': 'IWM', 'mode': 'tri', 'thr': 45, 'window': '1Y', 'order': 4, 'rows': 74}
{'ticker': 'IWM', 'mode': 'tri', 'thr': 45, 'window': '2Y', 'order': 1, 'rows': 3}
{'ticker': 'IWM', 'mode': 'tri', 'thr': 45, 'window': '2Y', 'order': 2, 'rows': 9}
{'ticker': 'IWM', 'mode': 'tri', 'thr': 45, 'window': '2Y', 'order': 3, 'rows': 27}
{'ticker': 'IWM', 'mode': 'tri', 'thr': 45, 'window': '2Y', 'order': 4, 'rows': 81}
{'ticker': 'IWM', 'mode': 'tri', 'thr': 45, 'window': '5Y', 'order': 1, 'rows': 3}
{'ticker': 'IWM', 'mode': 'tri', 'thr': 45, 'window': '5Y', 'order': 2, 'rows': 9}
{'ticker': 'IWM', 'mode': 'tri', 'thr': 45, 'window': '5Y', 'order': 3, 'rows': 27}
{'ticker': 'IWM', 'mode': 'tri', 'thr': 45, 'window': '5Y', 'order': 4, 'rows': 81}
{'ticker': 'IWM', 'mode': 'tri', 'thr': 45, 'window': '10Y', 'order': 1, 'rows': 3}
{'ticker': 'IWM', 'mode': 'tri', 'thr': 45, 'window': '10Y', 'order': 2, 'rows': 9}
{'ticker': 'IWM', 'mode': 'tri', 'thr': 45, 'window': '10Y', 'order': 3, 'rows': 27}
{'ticker': 'IWM', 'mode': 'tri', 'thr': 45, 'window': '10Y', 'order': 4, 'rows': 81}
{'ticker': 'IWM', 'mode': 'tri', 'thr': 45, 'window': '20Y', 'order': 1, 'rows': 3}
{'ticker': 'IWM', 'mode': 'tri', 'thr': 45, 'window': '20Y', 'order': 2, 'rows': 9}
{'ticker': 'IWM', 'mode': 'tri', 'thr': 45, 'window': '20Y', 'order': 3, 'rows': 27}
{'ticker': 'IWM', 'mode': 'tri', 'thr': 45, 'window': '20Y', 'order': 4, 'rows': 81}
{'ticker': 'IWM', 'mode': 'tri', 'thr': 45, 'window': 'MAX', 'order': 1, 'rows': 3}
{'ticker': 'IWM', 'mode': 'tri', 'thr': 45, 'window': 'MAX', 'order': 2, 'rows': 9}
{'ticker': 'IWM', 'mode': 'tri', 'thr': 45, 'window': 'MAX', 'order': 3, 'rows': 27}
{'ticker': 'IWM', 'mode': 'tri', 'thr': 45, 'window': 'MAX', 'order': 4, 'rows': 81}
{'ticker': 'IWM', 'mode': 'tri', 'thr': 50, 'window': '1Y', 'order': 1, 'rows': 3}
{'ticker': 'IWM', 'mode': 'tri', 'thr': 50, 'window': '1Y', 'order': 2, 'rows': 9}
{'ticker': 'IWM', 'mode': 'tri', 'thr': 50, 'window': '1Y', 'order': 3, 'rows': 27}
{'ticker': 'IWM', 'mode': 'tri', 'thr': 50, 'window': '1Y', 'order': 4, 'rows': 75}
{'ticker': 'IWM', 'mode': 'tri', 'thr': 50, 'window': '2Y', 'order': 1, 'rows': 3}
{'ticker': 'IWM', 'mode': 'tri', 'thr': 50, 'window': '2Y', 'order': 2, 'rows': 9}
{'ticker': 'IWM', 'mode': 'tri', 'thr': 50, 'window': '2Y', 'order': 3, 'rows': 27}
{'ticker': 'IWM', 'mode': 'tri', 'thr': 50, 'window': '2Y', 'order': 4, 'rows': 80}
{'ticker': 'IWM', 'mode': 'tri', 'thr': 50, 'window': '5Y', 'order': 1, 'rows': 3}
{'ticker': 'IWM', 'mode': 'tri', 'thr': 50, 'window': '5Y', 'order': 2, 'rows': 9}
{'ticker': 'IWM', 'mode': 'tri', 'thr': 50, 'window': '5Y', 'order': 3, 'rows': 27}
{'ticker': 'IWM', 'mode': 'tri', 'thr': 50, 'window': '5Y', 'order': 4, 'rows': 81}
{'ticker': 'IWM', 'mode': 'tri', 'thr': 50, 'window': '10Y', 'order': 1, 'rows': 3}
{'ticker': 'IWM', 'mode': 'tri', 'thr': 50, 'window': '10Y', 'order': 2, 'rows': 9}
{'ticker': 'IWM', 'mode': 'tri', 'thr': 50, 'window': '10Y', 'order': 3, 'rows': 27}
{'ticker': 'IWM', 'mode': 'tri', 'thr': 50, 'window': '10Y', 'order': 4, 'rows': 81}
{'ticker': 'IWM', 'mode': 'tri', 'thr': 50, 'window': '20Y', 'order': 1, 'rows': 3}
{'ticker': 'IWM', 'mode': 'tri', 'thr': 50, 'window': '20Y', 'order': 2, 'rows': 9}
{'ticker': 'IWM', 'mode': 'tri', 'thr': 50, 'window': '20Y', 'order': 3, 'rows': 27}2025-11-12 11:27:29,494 INFO [cli] {'ticker': 'IWM', 'mode': 'tri', 'thr': 50, 'window': '20Y', 'order': 3, 'rows': 27}
2025-11-12 11:27:29,504 INFO [cli] {'ticker': 'IWM', 'mode': 'tri', 'thr': 50, 'window': '20Y', 'order': 4, 'rows': 81}
2025-11-12 11:27:29,513 INFO [cli] {'ticker': 'IWM', 'mode': 'tri', 'thr': 50, 'window': 'MAX', 'order': 1, 'rows': 3}
2025-11-12 11:27:29,521 INFO [cli] {'ticker': 'IWM', 'mode': 'tri', 'thr': 50, 'window': 'MAX', 'order': 2, 'rows': 9}
2025-11-12 11:27:29,532 INFO [cli] {'ticker': 'IWM', 'mode': 'tri', 'thr': 50, 'window': 'MAX', 'order': 3, 'rows': 27}
2025-11-12 11:27:29,540 INFO [cli] {'ticker': 'IWM', 'mode': 'tri', 'thr': 50, 'window': 'MAX', 'order': 4, 'rows': 81}
2025-11-12 11:27:29,557 INFO [cli] {'ticker': 'IWM', 'mode': 'tri', 'thr': 55, 'window': '1Y', 'order': 1, 'rows': 3}
2025-11-12 11:27:29,567 INFO [cli] {'ticker': 'IWM', 'mode': 'tri', 'thr': 55, 'window': '1Y', 'order': 2, 'rows': 9}
2025-11-12 11:27:29,578 INFO [cli] {'ticker': 'IWM', 'mode': 'tri', 'thr': 55, 'window': '1Y', 'order': 3, 'rows': 27}
2025-11-12 11:27:29,587 INFO [cli] {'ticker': 'IWM', 'mode': 'tri', 'thr': 55, 'window': '1Y', 'order': 4, 'rows': 74}
2025-11-12 11:27:29,596 INFO [cli] {'ticker': 'IWM', 'mode': 'tri', 'thr': 55, 'window': '2Y', 'order': 1, 'rows': 3}
2025-11-12 11:27:29,604 INFO [cli] {'ticker': 'IWM', 'mode': 'tri', 'thr': 55, 'window': '2Y', 'order': 2, 'rows': 9}
2025-11-12 11:27:29,614 INFO [cli] {'ticker': 'IWM', 'mode': 'tri', 'thr': 55, 'window': '2Y', 'order': 3, 'rows': 27}
2025-11-12 11:27:29,625 INFO [cli] {'ticker': 'IWM', 'mode': 'tri', 'thr': 55, 'window': '2Y', 'order': 4, 'rows': 80}
2025-11-12 11:27:29,632 INFO [cli] {'ticker': 'IWM', 'mode': 'tri', 'thr': 55, 'window': '5Y', 'order': 1, 'rows': 3}
2025-11-12 11:27:29,649 INFO [cli] {'ticker': 'IWM', 'mode': 'tri', 'thr': 55, 'window': '5Y', 'order': 2, 'rows': 9}
2025-11-12 11:27:29,658 INFO [cli] {'ticker': 'IWM', 'mode': 'tri', 'thr': 55, 'window': '5Y', 'order': 3, 'rows': 27}
2025-11-12 11:27:29,667 INFO [cli] {'ticker': 'IWM', 'mode': 'tri', 'thr': 55, 'window': '5Y', 'order': 4, 'rows': 81}
2025-11-12 11:27:29,675 INFO [cli] {'ticker': 'IWM', 'mode': 'tri', 'thr': 55, 'window': '10Y', 'order': 1, 'rows': 3}
2025-11-12 11:27:29,684 INFO [cli] {'ticker': 'IWM', 'mode': 'tri', 'thr': 55, 'window': '10Y', 'order': 2, 'rows': 9}
2025-11-12 11:27:29,693 INFO [cli] {'ticker': 'IWM', 'mode': 'tri', 'thr': 55, 'window': '10Y', 'order': 3, 'rows': 27}
2025-11-12 11:27:29,702 INFO [cli] {'ticker': 'IWM', 'mode': 'tri', 'thr': 55, 'window': '10Y', 'order': 4, 'rows': 81}
2025-11-12 11:27:29,711 INFO [cli] {'ticker': 'IWM', 'mode': 'tri', 'thr': 55, 'window': '20Y', 'order': 1, 'rows': 3}
2025-11-12 11:27:29,719 INFO [cli] {'ticker': 'IWM', 'mode': 'tri', 'thr': 55, 'window': '20Y', 'order': 2, 'rows': 9}
2025-11-12 11:27:29,727 INFO [cli] {'ticker': 'IWM', 'mode': 'tri', 'thr': 55, 'window': '20Y', 'order': 3, 'rows': 27}
2025-11-12 11:27:29,734 INFO [cli] {'ticker': 'IWM', 'mode': 'tri', 'thr': 55, 'window': '20Y', 'order': 4, 'rows': 81}
2025-11-12 11:27:29,742 INFO [cli] {'ticker': 'IWM', 'mode': 'tri', 'thr': 55, 'window': 'MAX', 'order': 1, 'rows': 3}
2025-11-12 11:27:29,749 INFO [cli] {'ticker': 'IWM', 'mode': 'tri', 'thr': 55, 'window': 'MAX', 'order': 2, 'rows': 9}
2025-11-12 11:27:29,758 INFO [cli] {'ticker': 'IWM', 'mode': 'tri', 'thr': 55, 'window': 'MAX', 'order': 3, 'rows': 27}
2025-11-12 11:27:29,766 INFO [cli] {'ticker': 'IWM', 'mode': 'tri', 'thr': 55, 'window': 'MAX', 'order': 4, 'rows': 81}
2025-11-12 11:27:29,782 INFO [cli] {'ticker': 'IWM', 'mode': 'tri', 'thr': 60, 'window': '1Y', 'order': 1, 'rows': 3}
2025-11-12 11:27:29,791 INFO [cli] {'ticker': 'IWM', 'mode': 'tri', 'thr': 60, 'window': '1Y', 'order': 2, 'rows': 9}
2025-11-12 11:27:29,801 INFO [cli] {'ticker': 'IWM', 'mode': 'tri', 'thr': 60, 'window': '1Y', 'order': 3, 'rows': 27}
2025-11-12 11:27:29,811 INFO [cli] {'ticker': 'IWM', 'mode': 'tri', 'thr': 60, 'window': '1Y', 'order': 4, 'rows': 74}
2025-11-12 11:27:29,819 INFO [cli] {'ticker': 'IWM', 'mode': 'tri', 'thr': 60, 'window': '2Y', 'order': 1, 'rows': 3}
2025-11-12 11:27:29,827 INFO [cli] {'ticker': 'IWM', 'mode': 'tri', 'thr': 60, 'window': '2Y', 'order': 2, 'rows': 9}
2025-11-12 11:27:29,836 INFO [cli] {'ticker': 'IWM', 'mode': 'tri', 'thr': 60, 'window': '2Y', 'order': 3, 'rows': 27}
2025-11-12 11:27:29,845 INFO [cli] {'ticker': 'IWM', 'mode': 'tri', 'thr': 60, 'window': '2Y', 'order': 4, 'rows': 81}
2025-11-12 11:27:29,853 INFO [cli] {'ticker': 'IWM', 'mode': 'tri', 'thr': 60, 'window': '5Y', 'order': 1, 'rows': 3}
2025-11-12 11:27:29,860 INFO [cli] {'ticker': 'IWM', 'mode': 'tri', 'thr': 60, 'window': '5Y', 'order': 2, 'rows': 9}
2025-11-12 11:27:29,869 INFO [cli] {'ticker': 'IWM', 'mode': 'tri', 'thr': 60, 'window': '5Y', 'order': 3, 'rows': 27}
2025-11-12 11:27:29,880 INFO [cli] {'ticker': 'IWM', 'mode': 'tri', 'thr': 60, 'window': '5Y', 'order': 4, 'rows': 81}
2025-11-12 11:27:29,887 INFO [cli] {'ticker': 'IWM', 'mode': 'tri', 'thr': 60, 'window': '10Y', 'order': 1, 'rows': 3}
2025-11-12 11:27:29,895 INFO [cli] {'ticker': 'IWM', 'mode': 'tri', 'thr': 60, 'window': '10Y', 'order': 2, 'rows': 9}
2025-11-12 11:27:29,905 INFO [cli] {'ticker': 'IWM', 'mode': 'tri', 'thr': 60, 'window': '10Y', 'order': 3, 'rows': 27}
2025-11-12 11:27:29,913 INFO [cli] {'ticker': 'IWM', 'mode': 'tri', 'thr': 60, 'window': '10Y', 'order': 4, 'rows': 81}
2025-11-12 11:27:29,921 INFO [cli] {'ticker': 'IWM', 'mode': 'tri', 'thr': 60, 'window': '20Y', 'order': 1, 'rows': 3}
2025-11-12 11:27:29,932 INFO [cli] {'ticker': 'IWM', 'mode': 'tri', 'thr': 60, 'window': '20Y', 'order': 2, 'rows': 9}
2025-11-12 11:27:29,943 INFO [cli] {'ticker': 'IWM', 'mode': 'tri', 'thr': 60, 'window': '20Y', 'order': 3, 'rows': 27}
2025-11-12 11:27:29,952 INFO [cli] {'ticker': 'IWM', 'mode': 'tri', 'thr': 60, 'window': '20Y', 'order': 4, 'rows': 81}
2025-11-12 11:27:29,962 INFO [cli] {'ticker': 'IWM', 'mode': 'tri', 'thr': 60, 'window': 'MAX', 'order': 1, 'rows': 3}
2025-11-12 11:27:29,973 INFO [cli] {'ticker': 'IWM', 'mode': 'tri', 'thr': 60, 'window': 'MAX', 'order': 2, 'rows': 9}
2025-11-12 11:27:29,981 INFO [cli] {'ticker': 'IWM', 'mode': 'tri', 'thr': 60, 'window': 'MAX', 'order': 3, 'rows': 27}
2025-11-12 11:27:29,990 INFO [cli] {'ticker': 'IWM', 'mode': 'tri', 'thr': 60, 'window': 'MAX', 'order': 4, 'rows': 81}
2025-11-12 11:27:30,005 INFO [cli] {'ticker': 'IWM', 'mode': 'tri', 'thr': 65, 'window': '1Y', 'order': 1, 'rows': 3}
2025-11-12 11:27:30,014 INFO [cli] {'ticker': 'IWM', 'mode': 'tri', 'thr': 65, 'window': '1Y', 'order': 2, 'rows': 9}
2025-11-12 11:27:30,024 INFO [cli] {'ticker': 'IWM', 'mode': 'tri', 'thr': 65, 'window': '1Y', 'order': 3, 'rows': 27}
2025-11-12 11:27:30,033 INFO [cli] {'ticker': 'IWM', 'mode': 'tri', 'thr': 65, 'window': '1Y', 'order': 4, 'rows': 73}
2025-11-12 11:27:30,041 INFO [cli] {'ticker': 'IWM', 'mode': 'tri', 'thr': 65, 'window': '2Y', 'order': 1, 'rows': 3}
2025-11-12 11:27:30,048 INFO [cli] {'ticker': 'IWM', 'mode': 'tri', 'thr': 65, 'window': '2Y', 'order': 2, 'rows': 9}
2025-11-12 11:27:30,057 INFO [cli] {'ticker': 'IWM', 'mode': 'tri', 'thr': 65, 'window': '2Y', 'order': 3, 'rows': 27}
2025-11-12 11:27:30,065 INFO [cli] {'ticker': 'IWM', 'mode': 'tri', 'thr': 65, 'window': '2Y', 'order': 4, 'rows': 81}
2025-11-12 11:27:30,080 INFO [cli] {'ticker': 'IWM', 'mode': 'tri', 'thr': 65, 'window': '5Y', 'order': 1, 'rows': 3}
2025-11-12 11:27:30,091 INFO [cli] {'ticker': 'IWM', 'mode': 'tri', 'thr': 65, 'window': '5Y', 'order': 2, 'rows': 9}
2025-11-12 11:27:30,101 INFO [cli] {'ticker': 'IWM', 'mode': 'tri', 'thr': 65, 'window': '5Y', 'order': 3, 'rows': 27}
2025-11-12 11:27:30,110 INFO [cli] {'ticker': 'IWM', 'mode': 'tri', 'thr': 65, 'window': '5Y', 'order': 4, 'rows': 81}
2025-11-12 11:27:30,119 INFO [cli] {'ticker': 'IWM', 'mode': 'tri', 'thr': 65, 'window': '10Y', 'order': 1, 'rows': 3}
2025-11-12 11:27:30,129 INFO [cli] {'ticker': 'IWM', 'mode': 'tri', 'thr': 65, 'window': '10Y', 'order': 2, 'rows': 9}
2025-11-12 11:27:30,139 INFO [cli] {'ticker': 'IWM', 'mode': 'tri', 'thr': 65, 'window': '10Y', 'order': 3, 'rows': 27}
2025-11-12 11:27:30,150 INFO [cli] {'ticker': 'IWM', 'mode': 'tri', 'thr': 65, 'window': '10Y', 'order': 4, 'rows': 81}
2025-11-12 11:27:30,160 INFO [cli] {'ticker': 'IWM', 'mode': 'tri', 'thr': 65, 'window': '20Y', 'order': 1, 'rows': 3}
2025-11-12 11:27:30,170 INFO [cli] {'ticker': 'IWM', 'mode': 'tri', 'thr': 65, 'window': '20Y', 'order': 2, 'rows': 9}
2025-11-12 11:27:30,181 INFO [cli] {'ticker': 'IWM', 'mode': 'tri', 'thr': 65, 'window': '20Y', 'order': 3, 'rows': 27}
2025-11-12 11:27:30,190 INFO [cli] {'ticker': 'IWM', 'mode': 'tri', 'thr': 65, 'window': '20Y', 'order': 4, 'rows': 81}
2025-11-12 11:27:30,200 INFO [cli] {'ticker': 'IWM', 'mode': 'tri', 'thr': 65, 'window': 'MAX', 'order': 1, 'rows': 3}
2025-11-12 11:27:30,210 INFO [cli] {'ticker': 'IWM', 'mode': 'tri', 'thr': 65, 'window': 'MAX', 'order': 2, 'rows': 9}
2025-11-12 11:27:30,220 INFO [cli] {'ticker': 'IWM', 'mode': 'tri', 'thr': 65, 'window': 'MAX', 'order': 3, 'rows': 27}
2025-11-12 11:27:30,230 INFO [cli] {'ticker': 'IWM', 'mode': 'tri', 'thr': 65, 'window': 'MAX', 'order': 4, 'rows': 81}
2025-11-12 11:27:30,245 INFO [cli] {'ticker': 'IWM', 'mode': 'tri', 'thr': 70, 'window': '1Y', 'order': 1, 'rows': 3}
2025-11-12 11:27:30,255 INFO [cli] {'ticker': 'IWM', 'mode': 'tri', 'thr': 70, 'window': '1Y', 'order': 2, 'rows': 9}
2025-11-12 11:27:30,265 INFO [cli] {'ticker': 'IWM', 'mode': 'tri', 'thr': 70, 'window': '1Y', 'order': 3, 'rows': 27}
2025-11-12 11:27:30,274 INFO [cli] {'ticker': 'IWM', 'mode': 'tri', 'thr': 70, 'window': '1Y', 'order': 4, 'rows': 72}
2025-11-12 11:27:30,283 INFO [cli] {'ticker': 'IWM', 'mode': 'tri', 'thr': 70, 'window': '2Y', 'order': 1, 'rows': 3}
2025-11-12 11:27:30,292 INFO [cli] {'ticker': 'IWM', 'mode': 'tri', 'thr': 70, 'window': '2Y', 'order': 2, 'rows': 9}
2025-11-12 11:27:30,301 INFO [cli] {'ticker': 'IWM', 'mode': 'tri', 'thr': 70, 'window': '2Y', 'order': 3, 'rows': 27}
2025-11-12 11:27:30,311 INFO [cli] {'ticker': 'IWM', 'mode': 'tri', 'thr': 70, 'window': '2Y', 'order': 4, 'rows': 81}
2025-11-12 11:27:30,322 INFO [cli] {'ticker': 'IWM', 'mode': 'tri', 'thr': 70, 'window': '5Y', 'order': 1, 'rows': 3}
2025-11-12 11:27:30,333 INFO [cli] {'ticker': 'IWM', 'mode': 'tri', 'thr': 70, 'window': '5Y', 'order': 2, 'rows': 9}
2025-11-12 11:27:30,344 INFO [cli] {'ticker': 'IWM', 'mode': 'tri', 'thr': 70, 'window': '5Y', 'order': 3, 'rows': 27}
2025-11-12 11:27:30,352 INFO [cli] {'ticker': 'IWM', 'mode': 'tri', 'thr': 70, 'window': '5Y', 'order': 4, 'rows': 81}
2025-11-12 11:27:30,359 INFO [cli] {'ticker': 'IWM', 'mode': 'tri', 'thr': 70, 'window': '10Y', 'order': 1, 'rows': 3}
2025-11-12 11:27:30,369 INFO [cli] {'ticker': 'IWM', 'mode': 'tri', 'thr': 70, 'window': '10Y', 'order': 2, 'rows': 9}
2025-11-12 11:27:30,376 INFO [cli] {'ticker': 'IWM', 'mode': 'tri', 'thr': 70, 'window': '10Y', 'order': 3, 'rows': 27}
2025-11-12 11:27:30,385 INFO [cli] {'ticker': 'IWM', 'mode': 'tri', 'thr': 70, 'window': '10Y', 'order': 4, 'rows': 81}
2025-11-12 11:27:30,393 INFO [cli] {'ticker': 'IWM', 'mode': 'tri', 'thr': 70, 'window': '20Y', 'order': 1, 'rows': 3}
2025-11-12 11:27:30,402 INFO [cli] {'ticker': 'IWM', 'mode': 'tri', 'thr': 70, 'window': '20Y', 'order': 2, 'rows': 9}
2025-11-12 11:27:30,411 INFO [cli] {'ticker': 'IWM', 'mode': 'tri', 'thr': 70, 'window': '20Y', 'order': 3, 'rows': 27}
2025-11-12 11:27:30,420 INFO [cli] {'ticker': 'IWM', 'mode': 'tri', 'thr': 70, 'window': '20Y', 'order': 4, 'rows': 81}

{'ticker': 'IWM', 'mode': 'tri', 'thr': 50, 'window': '20Y', 'order': 4, 'rows': 81}
{'ticker': 'IWM', 'mode': 'tri', 'thr': 50, 'window': 'MAX', 'order': 1, 'rows': 3}
{'ticker': 'IWM', 'mode': 'tri', 'thr': 50, 'window': 'MAX', 'order': 2, 'rows': 9}
{'ticker': 'IWM', 'mode': 'tri', 'thr': 50, 'window': 'MAX', 'order': 3, 'rows': 27}
{'ticker': 'IWM', 'mode': 'tri', 'thr': 50, 'window': 'MAX', 'order': 4, 'rows': 81}
{'ticker': 'IWM', 'mode': 'tri', 'thr': 55, 'window': '1Y', 'order': 1, 'rows': 3}
{'ticker': 'IWM', 'mode': 'tri', 'thr': 55, 'window': '1Y', 'order': 2, 'rows': 9}
{'ticker': 'IWM', 'mode': 'tri', 'thr': 55, 'window': '1Y', 'order': 3, 'rows': 27}
{'ticker': 'IWM', 'mode': 'tri', 'thr': 55, 'window': '1Y', 'order': 4, 'rows': 74}
{'ticker': 'IWM', 'mode': 'tri', 'thr': 55, 'window': '2Y', 'order': 1, 'rows': 3}
{'ticker': 'IWM', 'mode': 'tri', 'thr': 55, 'window': '2Y', 'order': 2, 'rows': 9}
{'ticker': 'IWM', 'mode': 'tri', 'thr': 55, 'window': '2Y', 'order': 3, 'rows': 27}
{'ticker': 'IWM', 'mode': 'tri', 'thr': 55, 'window': '2Y', 'order': 4, 'rows': 80}
{'ticker': 'IWM', 'mode': 'tri', 'thr': 55, 'window': '5Y', 'order': 1, 'rows': 3}
{'ticker': 'IWM', 'mode': 'tri', 'thr': 55, 'window': '5Y', 'order': 2, 'rows': 9}
{'ticker': 'IWM', 'mode': 'tri', 'thr': 55, 'window': '5Y', 'order': 3, 'rows': 27}
{'ticker': 'IWM', 'mode': 'tri', 'thr': 55, 'window': '5Y', 'order': 4, 'rows': 81}
{'ticker': 'IWM', 'mode': 'tri', 'thr': 55, 'window': '10Y', 'order': 1, 'rows': 3}
{'ticker': 'IWM', 'mode': 'tri', 'thr': 55, 'window': '10Y', 'order': 2, 'rows': 9}
{'ticker': 'IWM', 'mode': 'tri', 'thr': 55, 'window': '10Y', 'order': 3, 'rows': 27}
{'ticker': 'IWM', 'mode': 'tri', 'thr': 55, 'window': '10Y', 'order': 4, 'rows': 81}
{'ticker': 'IWM', 'mode': 'tri', 'thr': 55, 'window': '20Y', 'order': 1, 'rows': 3}
{'ticker': 'IWM', 'mode': 'tri', 'thr': 55, 'window': '20Y', 'order': 2, 'rows': 9}
{'ticker': 'IWM', 'mode': 'tri', 'thr': 55, 'window': '20Y', 'order': 3, 'rows': 27}
{'ticker': 'IWM', 'mode': 'tri', 'thr': 55, 'window': '20Y', 'order': 4, 'rows': 81}
{'ticker': 'IWM', 'mode': 'tri', 'thr': 55, 'window': 'MAX', 'order': 1, 'rows': 3}
{'ticker': 'IWM', 'mode': 'tri', 'thr': 55, 'window': 'MAX', 'order': 2, 'rows': 9}
{'ticker': 'IWM', 'mode': 'tri', 'thr': 55, 'window': 'MAX', 'order': 3, 'rows': 27}
{'ticker': 'IWM', 'mode': 'tri', 'thr': 55, 'window': 'MAX', 'order': 4, 'rows': 81}
{'ticker': 'IWM', 'mode': 'tri', 'thr': 60, 'window': '1Y', 'order': 1, 'rows': 3}
{'ticker': 'IWM', 'mode': 'tri', 'thr': 60, 'window': '1Y', 'order': 2, 'rows': 9}
{'ticker': 'IWM', 'mode': 'tri', 'thr': 60, 'window': '1Y', 'order': 3, 'rows': 27}
{'ticker': 'IWM', 'mode': 'tri', 'thr': 60, 'window': '1Y', 'order': 4, 'rows': 74}
{'ticker': 'IWM', 'mode': 'tri', 'thr': 60, 'window': '2Y', 'order': 1, 'rows': 3}
{'ticker': 'IWM', 'mode': 'tri', 'thr': 60, 'window': '2Y', 'order': 2, 'rows': 9}
{'ticker': 'IWM', 'mode': 'tri', 'thr': 60, 'window': '2Y', 'order': 3, 'rows': 27}
{'ticker': 'IWM', 'mode': 'tri', 'thr': 60, 'window': '2Y', 'order': 4, 'rows': 81}
{'ticker': 'IWM', 'mode': 'tri', 'thr': 60, 'window': '5Y', 'order': 1, 'rows': 3}
{'ticker': 'IWM', 'mode': 'tri', 'thr': 60, 'window': '5Y', 'order': 2, 'rows': 9}
{'ticker': 'IWM', 'mode': 'tri', 'thr': 60, 'window': '5Y', 'order': 3, 'rows': 27}
{'ticker': 'IWM', 'mode': 'tri', 'thr': 60, 'window': '5Y', 'order': 4, 'rows': 81}
{'ticker': 'IWM', 'mode': 'tri', 'thr': 60, 'window': '10Y', 'order': 1, 'rows': 3}
{'ticker': 'IWM', 'mode': 'tri', 'thr': 60, 'window': '10Y', 'order': 2, 'rows': 9}
{'ticker': 'IWM', 'mode': 'tri', 'thr': 60, 'window': '10Y', 'order': 3, 'rows': 27}
{'ticker': 'IWM', 'mode': 'tri', 'thr': 60, 'window': '10Y', 'order': 4, 'rows': 81}
{'ticker': 'IWM', 'mode': 'tri', 'thr': 60, 'window': '20Y', 'order': 1, 'rows': 3}
{'ticker': 'IWM', 'mode': 'tri', 'thr': 60, 'window': '20Y', 'order': 2, 'rows': 9}
{'ticker': 'IWM', 'mode': 'tri', 'thr': 60, 'window': '20Y', 'order': 3, 'rows': 27}
{'ticker': 'IWM', 'mode': 'tri', 'thr': 60, 'window': '20Y', 'order': 4, 'rows': 81}
{'ticker': 'IWM', 'mode': 'tri', 'thr': 60, 'window': 'MAX', 'order': 1, 'rows': 3}
{'ticker': 'IWM', 'mode': 'tri', 'thr': 60, 'window': 'MAX', 'order': 2, 'rows': 9}
{'ticker': 'IWM', 'mode': 'tri', 'thr': 60, 'window': 'MAX', 'order': 3, 'rows': 27}
{'ticker': 'IWM', 'mode': 'tri', 'thr': 60, 'window': 'MAX', 'order': 4, 'rows': 81}
{'ticker': 'IWM', 'mode': 'tri', 'thr': 65, 'window': '1Y', 'order': 1, 'rows': 3}
{'ticker': 'IWM', 'mode': 'tri', 'thr': 65, 'window': '1Y', 'order': 2, 'rows': 9}
{'ticker': 'IWM', 'mode': 'tri', 'thr': 65, 'window': '1Y', 'order': 3, 'rows': 27}
{'ticker': 'IWM', 'mode': 'tri', 'thr': 65, 'window': '1Y', 'order': 4, 'rows': 73}
{'ticker': 'IWM', 'mode': 'tri', 'thr': 65, 'window': '2Y', 'order': 1, 'rows': 3}
{'ticker': 'IWM', 'mode': 'tri', 'thr': 65, 'window': '2Y', 'order': 2, 'rows': 9}
{'ticker': 'IWM', 'mode': 'tri', 'thr': 65, 'window': '2Y', 'order': 3, 'rows': 27}
{'ticker': 'IWM', 'mode': 'tri', 'thr': 65, 'window': '2Y', 'order': 4, 'rows': 81}
{'ticker': 'IWM', 'mode': 'tri', 'thr': 65, 'window': '5Y', 'order': 1, 'rows': 3}
{'ticker': 'IWM', 'mode': 'tri', 'thr': 65, 'window': '5Y', 'order': 2, 'rows': 9}
{'ticker': 'IWM', 'mode': 'tri', 'thr': 65, 'window': '5Y', 'order': 3, 'rows': 27}
{'ticker': 'IWM', 'mode': 'tri', 'thr': 65, 'window': '5Y', 'order': 4, 'rows': 81}
{'ticker': 'IWM', 'mode': 'tri', 'thr': 65, 'window': '10Y', 'order': 1, 'rows': 3}
{'ticker': 'IWM', 'mode': 'tri', 'thr': 65, 'window': '10Y', 'order': 2, 'rows': 9}
{'ticker': 'IWM', 'mode': 'tri', 'thr': 65, 'window': '10Y', 'order': 3, 'rows': 27}
{'ticker': 'IWM', 'mode': 'tri', 'thr': 65, 'window': '10Y', 'order': 4, 'rows': 81}
{'ticker': 'IWM', 'mode': 'tri', 'thr': 65, 'window': '20Y', 'order': 1, 'rows': 3}
{'ticker': 'IWM', 'mode': 'tri', 'thr': 65, 'window': '20Y', 'order': 2, 'rows': 9}
{'ticker': 'IWM', 'mode': 'tri', 'thr': 65, 'window': '20Y', 'order': 3, 'rows': 27}
{'ticker': 'IWM', 'mode': 'tri', 'thr': 65, 'window': '20Y', 'order': 4, 'rows': 81}
{'ticker': 'IWM', 'mode': 'tri', 'thr': 65, 'window': 'MAX', 'order': 1, 'rows': 3}
{'ticker': 'IWM', 'mode': 'tri', 'thr': 65, 'window': 'MAX', 'order': 2, 'rows': 9}
{'ticker': 'IWM', 'mode': 'tri', 'thr': 65, 'window': 'MAX', 'order': 3, 'rows': 27}
{'ticker': 'IWM', 'mode': 'tri', 'thr': 65, 'window': 'MAX', 'order': 4, 'rows': 81}
{'ticker': 'IWM', 'mode': 'tri', 'thr': 70, 'window': '1Y', 'order': 1, 'rows': 3}
{'ticker': 'IWM', 'mode': 'tri', 'thr': 70, 'window': '1Y', 'order': 2, 'rows': 9}
{'ticker': 'IWM', 'mode': 'tri', 'thr': 70, 'window': '1Y', 'order': 3, 'rows': 27}
{'ticker': 'IWM', 'mode': 'tri', 'thr': 70, 'window': '1Y', 'order': 4, 'rows': 72}
{'ticker': 'IWM', 'mode': 'tri', 'thr': 70, 'window': '2Y', 'order': 1, 'rows': 3}
{'ticker': 'IWM', 'mode': 'tri', 'thr': 70, 'window': '2Y', 'order': 2, 'rows': 9}
{'ticker': 'IWM', 'mode': 'tri', 'thr': 70, 'window': '2Y', 'order': 3, 'rows': 27}
{'ticker': 'IWM', 'mode': 'tri', 'thr': 70, 'window': '2Y', 'order': 4, 'rows': 81}
{'ticker': 'IWM', 'mode': 'tri', 'thr': 70, 'window': '5Y', 'order': 1, 'rows': 3}
{'ticker': 'IWM', 'mode': 'tri', 'thr': 70, 'window': '5Y', 'order': 2, 'rows': 9}
{'ticker': 'IWM', 'mode': 'tri', 'thr': 70, 'window': '5Y', 'order': 3, 'rows': 27}
{'ticker': 'IWM', 'mode': 'tri', 'thr': 70, 'window': '5Y', 'order': 4, 'rows': 81}
{'ticker': 'IWM', 'mode': 'tri', 'thr': 70, 'window': '10Y', 'order': 1, 'rows': 3}
{'ticker': 'IWM', 'mode': 'tri', 'thr': 70, 'window': '10Y', 'order': 2, 'rows': 9}
{'ticker': 'IWM', 'mode': 'tri', 'thr': 70, 'window': '10Y', 'order': 3, 'rows': 27}
{'ticker': 'IWM', 'mode': 'tri', 'thr': 70, 'window': '10Y', 'order': 4, 'rows': 81}
{'ticker': 'IWM', 'mode': 'tri', 'thr': 70, 'window': '20Y', 'order': 1, 'rows': 3}
{'ticker': 'IWM', 'mode': 'tri', 'thr': 70, 'window': '20Y', 'order': 2, 'rows': 9}
{'ticker': 'IWM', 'mode': 'tri', 'thr': 70, 'window': '20Y', 'order': 3, 'rows': 27}
{'ticker': 'IWM', 'mode': 'tri', 'thr': 70, 'window': '20Y', 'order': 4, 'rows': 81}
{'ticker': 'IWM', 'mode': 'tri', 'thr': 70, 'window': 'MAX', 'order': 1, 'rows': 3}2025-11-12 11:27:30,430 INFO [cli] {'ticker': 'IWM', 'mode': 'tri', 'thr': 70, 'window': 'MAX', 'order': 1, 'rows': 3}
2025-11-12 11:27:30,438 INFO [cli] {'ticker': 'IWM', 'mode': 'tri', 'thr': 70, 'window': 'MAX', 'order': 2, 'rows': 9}
2025-11-12 11:27:30,448 INFO [cli] {'ticker': 'IWM', 'mode': 'tri', 'thr': 70, 'window': 'MAX', 'order': 3, 'rows': 27}
2025-11-12 11:27:30,458 INFO [cli] {'ticker': 'IWM', 'mode': 'tri', 'thr': 70, 'window': 'MAX', 'order': 4, 'rows': 81}
2025-11-12 11:27:30,473 INFO [cli] {'ticker': 'IWM', 'mode': 'tri', 'thr': 75, 'window': '1Y', 'order': 1, 'rows': 3}
2025-11-12 11:27:30,483 INFO [cli] {'ticker': 'IWM', 'mode': 'tri', 'thr': 75, 'window': '1Y', 'order': 2, 'rows': 9}
2025-11-12 11:27:30,493 INFO [cli] {'ticker': 'IWM', 'mode': 'tri', 'thr': 75, 'window': '1Y', 'order': 3, 'rows': 27}
2025-11-12 11:27:30,503 INFO [cli] {'ticker': 'IWM', 'mode': 'tri', 'thr': 75, 'window': '1Y', 'order': 4, 'rows': 71}
2025-11-12 11:27:30,519 INFO [cli] {'ticker': 'IWM', 'mode': 'tri', 'thr': 75, 'window': '2Y', 'order': 1, 'rows': 3}
2025-11-12 11:27:30,529 INFO [cli] {'ticker': 'IWM', 'mode': 'tri', 'thr': 75, 'window': '2Y', 'order': 2, 'rows': 9}
2025-11-12 11:27:30,539 INFO [cli] {'ticker': 'IWM', 'mode': 'tri', 'thr': 75, 'window': '2Y', 'order': 3, 'rows': 27}
2025-11-12 11:27:30,550 INFO [cli] {'ticker': 'IWM', 'mode': 'tri', 'thr': 75, 'window': '2Y', 'order': 4, 'rows': 81}
2025-11-12 11:27:30,568 INFO [cli] {'ticker': 'IWM', 'mode': 'tri', 'thr': 75, 'window': '5Y', 'order': 1, 'rows': 3}
2025-11-12 11:27:30,580 INFO [cli] {'ticker': 'IWM', 'mode': 'tri', 'thr': 75, 'window': '5Y', 'order': 2, 'rows': 9}
2025-11-12 11:27:30,588 INFO [cli] {'ticker': 'IWM', 'mode': 'tri', 'thr': 75, 'window': '5Y', 'order': 3, 'rows': 27}
2025-11-12 11:27:30,597 INFO [cli] {'ticker': 'IWM', 'mode': 'tri', 'thr': 75, 'window': '5Y', 'order': 4, 'rows': 81}
2025-11-12 11:27:30,608 INFO [cli] {'ticker': 'IWM', 'mode': 'tri', 'thr': 75, 'window': '10Y', 'order': 1, 'rows': 3}
2025-11-12 11:27:30,618 INFO [cli] {'ticker': 'IWM', 'mode': 'tri', 'thr': 75, 'window': '10Y', 'order': 2, 'rows': 9}
2025-11-12 11:27:30,627 INFO [cli] {'ticker': 'IWM', 'mode': 'tri', 'thr': 75, 'window': '10Y', 'order': 3, 'rows': 27}
2025-11-12 11:27:30,637 INFO [cli] {'ticker': 'IWM', 'mode': 'tri', 'thr': 75, 'window': '10Y', 'order': 4, 'rows': 81}
2025-11-12 11:27:30,647 INFO [cli] {'ticker': 'IWM', 'mode': 'tri', 'thr': 75, 'window': '20Y', 'order': 1, 'rows': 3}
2025-11-12 11:27:30,654 INFO [cli] {'ticker': 'IWM', 'mode': 'tri', 'thr': 75, 'window': '20Y', 'order': 2, 'rows': 9}
2025-11-12 11:27:30,664 INFO [cli] {'ticker': 'IWM', 'mode': 'tri', 'thr': 75, 'window': '20Y', 'order': 3, 'rows': 27}
2025-11-12 11:27:30,675 INFO [cli] {'ticker': 'IWM', 'mode': 'tri', 'thr': 75, 'window': '20Y', 'order': 4, 'rows': 81}
2025-11-12 11:27:30,684 INFO [cli] {'ticker': 'IWM', 'mode': 'tri', 'thr': 75, 'window': 'MAX', 'order': 1, 'rows': 3}
2025-11-12 11:27:30,693 INFO [cli] {'ticker': 'IWM', 'mode': 'tri', 'thr': 75, 'window': 'MAX', 'order': 2, 'rows': 9}
2025-11-12 11:27:30,702 INFO [cli] {'ticker': 'IWM', 'mode': 'tri', 'thr': 75, 'window': 'MAX', 'order': 3, 'rows': 27}
2025-11-12 11:27:30,712 INFO [cli] {'ticker': 'IWM', 'mode': 'tri', 'thr': 75, 'window': 'MAX', 'order': 4, 'rows': 81}
2025-11-12 11:27:30,727 INFO [cli] {'ticker': 'IWM', 'mode': 'tri', 'thr': 80, 'window': '1Y', 'order': 1, 'rows': 3}
2025-11-12 11:27:30,737 INFO [cli] {'ticker': 'IWM', 'mode': 'tri', 'thr': 80, 'window': '1Y', 'order': 2, 'rows': 9}
2025-11-12 11:27:30,747 INFO [cli] {'ticker': 'IWM', 'mode': 'tri', 'thr': 80, 'window': '1Y', 'order': 3, 'rows': 27}
2025-11-12 11:27:30,757 INFO [cli] {'ticker': 'IWM', 'mode': 'tri', 'thr': 80, 'window': '1Y', 'order': 4, 'rows': 69}
2025-11-12 11:27:30,767 INFO [cli] {'ticker': 'IWM', 'mode': 'tri', 'thr': 80, 'window': '2Y', 'order': 1, 'rows': 3}
2025-11-12 11:27:30,775 INFO [cli] {'ticker': 'IWM', 'mode': 'tri', 'thr': 80, 'window': '2Y', 'order': 2, 'rows': 9}
2025-11-12 11:27:30,785 INFO [cli] {'ticker': 'IWM', 'mode': 'tri', 'thr': 80, 'window': '2Y', 'order': 3, 'rows': 27}
2025-11-12 11:27:30,794 INFO [cli] {'ticker': 'IWM', 'mode': 'tri', 'thr': 80, 'window': '2Y', 'order': 4, 'rows': 81}
2025-11-12 11:27:30,803 INFO [cli] {'ticker': 'IWM', 'mode': 'tri', 'thr': 80, 'window': '5Y', 'order': 1, 'rows': 3}
2025-11-12 11:27:30,815 INFO [cli] {'ticker': 'IWM', 'mode': 'tri', 'thr': 80, 'window': '5Y', 'order': 2, 'rows': 9}
2025-11-12 11:27:30,823 INFO [cli] {'ticker': 'IWM', 'mode': 'tri', 'thr': 80, 'window': '5Y', 'order': 3, 'rows': 27}
2025-11-12 11:27:30,832 INFO [cli] {'ticker': 'IWM', 'mode': 'tri', 'thr': 80, 'window': '5Y', 'order': 4, 'rows': 81}
2025-11-12 11:27:30,841 INFO [cli] {'ticker': 'IWM', 'mode': 'tri', 'thr': 80, 'window': '10Y', 'order': 1, 'rows': 3}
2025-11-12 11:27:30,848 INFO [cli] {'ticker': 'IWM', 'mode': 'tri', 'thr': 80, 'window': '10Y', 'order': 2, 'rows': 9}
2025-11-12 11:27:30,857 INFO [cli] {'ticker': 'IWM', 'mode': 'tri', 'thr': 80, 'window': '10Y', 'order': 3, 'rows': 27}
2025-11-12 11:27:30,867 INFO [cli] {'ticker': 'IWM', 'mode': 'tri', 'thr': 80, 'window': '10Y', 'order': 4, 'rows': 81}
2025-11-12 11:27:30,875 INFO [cli] {'ticker': 'IWM', 'mode': 'tri', 'thr': 80, 'window': '20Y', 'order': 1, 'rows': 3}
2025-11-12 11:27:30,883 INFO [cli] {'ticker': 'IWM', 'mode': 'tri', 'thr': 80, 'window': '20Y', 'order': 2, 'rows': 9}
2025-11-12 11:27:30,892 INFO [cli] {'ticker': 'IWM', 'mode': 'tri', 'thr': 80, 'window': '20Y', 'order': 3, 'rows': 27}
2025-11-12 11:27:30,901 INFO [cli] {'ticker': 'IWM', 'mode': 'tri', 'thr': 80, 'window': '20Y', 'order': 4, 'rows': 81}
2025-11-12 11:27:30,912 INFO [cli] {'ticker': 'IWM', 'mode': 'tri', 'thr': 80, 'window': 'MAX', 'order': 1, 'rows': 3}
2025-11-12 11:27:30,921 INFO [cli] {'ticker': 'IWM', 'mode': 'tri', 'thr': 80, 'window': 'MAX', 'order': 2, 'rows': 9}
2025-11-12 11:27:30,930 INFO [cli] {'ticker': 'IWM', 'mode': 'tri', 'thr': 80, 'window': 'MAX', 'order': 3, 'rows': 27}
2025-11-12 11:27:30,939 INFO [cli] {'ticker': 'IWM', 'mode': 'tri', 'thr': 80, 'window': 'MAX', 'order': 4, 'rows': 81}
2025-11-12 11:27:30,955 INFO [cli] {'ticker': 'IWM', 'mode': 'tri', 'thr': 85, 'window': '1Y', 'order': 1, 'rows': 3}
2025-11-12 11:27:30,964 INFO [cli] {'ticker': 'IWM', 'mode': 'tri', 'thr': 85, 'window': '1Y', 'order': 2, 'rows': 9}
2025-11-12 11:27:30,975 INFO [cli] {'ticker': 'IWM', 'mode': 'tri', 'thr': 85, 'window': '1Y', 'order': 3, 'rows': 27}
2025-11-12 11:27:30,982 INFO [cli] {'ticker': 'IWM', 'mode': 'tri', 'thr': 85, 'window': '1Y', 'order': 4, 'rows': 68}
2025-11-12 11:27:30,989 INFO [cli] {'ticker': 'IWM', 'mode': 'tri', 'thr': 85, 'window': '2Y', 'order': 1, 'rows': 3}
2025-11-12 11:27:30,998 INFO [cli] {'ticker': 'IWM', 'mode': 'tri', 'thr': 85, 'window': '2Y', 'order': 2, 'rows': 9}
2025-11-12 11:27:31,008 INFO [cli] {'ticker': 'IWM', 'mode': 'tri', 'thr': 85, 'window': '2Y', 'order': 3, 'rows': 27}
2025-11-12 11:27:31,018 INFO [cli] {'ticker': 'IWM', 'mode': 'tri', 'thr': 85, 'window': '2Y', 'order': 4, 'rows': 79}
2025-11-12 11:27:31,027 INFO [cli] {'ticker': 'IWM', 'mode': 'tri', 'thr': 85, 'window': '5Y', 'order': 1, 'rows': 3}
2025-11-12 11:27:31,035 INFO [cli] {'ticker': 'IWM', 'mode': 'tri', 'thr': 85, 'window': '5Y', 'order': 2, 'rows': 9}
2025-11-12 11:27:31,046 INFO [cli] {'ticker': 'IWM', 'mode': 'tri', 'thr': 85, 'window': '5Y', 'order': 3, 'rows': 27}
2025-11-12 11:27:31,059 INFO [cli] {'ticker': 'IWM', 'mode': 'tri', 'thr': 85, 'window': '5Y', 'order': 4, 'rows': 81}
2025-11-12 11:27:31,069 INFO [cli] {'ticker': 'IWM', 'mode': 'tri', 'thr': 85, 'window': '10Y', 'order': 1, 'rows': 3}
2025-11-12 11:27:31,083 INFO [cli] {'ticker': 'IWM', 'mode': 'tri', 'thr': 85, 'window': '10Y', 'order': 2, 'rows': 9}
2025-11-12 11:27:31,094 INFO [cli] {'ticker': 'IWM', 'mode': 'tri', 'thr': 85, 'window': '10Y', 'order': 3, 'rows': 27}
2025-11-12 11:27:31,105 INFO [cli] {'ticker': 'IWM', 'mode': 'tri', 'thr': 85, 'window': '10Y', 'order': 4, 'rows': 81}
2025-11-12 11:27:31,115 INFO [cli] {'ticker': 'IWM', 'mode': 'tri', 'thr': 85, 'window': '20Y', 'order': 1, 'rows': 3}
2025-11-12 11:27:31,126 INFO [cli] {'ticker': 'IWM', 'mode': 'tri', 'thr': 85, 'window': '20Y', 'order': 2, 'rows': 9}
2025-11-12 11:27:31,136 INFO [cli] {'ticker': 'IWM', 'mode': 'tri', 'thr': 85, 'window': '20Y', 'order': 3, 'rows': 27}
2025-11-12 11:27:31,146 INFO [cli] {'ticker': 'IWM', 'mode': 'tri', 'thr': 85, 'window': '20Y', 'order': 4, 'rows': 81}
2025-11-12 11:27:31,154 INFO [cli] {'ticker': 'IWM', 'mode': 'tri', 'thr': 85, 'window': 'MAX', 'order': 1, 'rows': 3}
2025-11-12 11:27:31,163 INFO [cli] {'ticker': 'IWM', 'mode': 'tri', 'thr': 85, 'window': 'MAX', 'order': 2, 'rows': 9}
2025-11-12 11:27:31,173 INFO [cli] {'ticker': 'IWM', 'mode': 'tri', 'thr': 85, 'window': 'MAX', 'order': 3, 'rows': 27}
2025-11-12 11:27:31,183 INFO [cli] {'ticker': 'IWM', 'mode': 'tri', 'thr': 85, 'window': 'MAX', 'order': 4, 'rows': 81}
2025-11-12 11:27:31,198 INFO [cli] {'ticker': 'IWM', 'mode': 'tri', 'thr': 90, 'window': '1Y', 'order': 1, 'rows': 3}
2025-11-12 11:27:31,208 INFO [cli] {'ticker': 'IWM', 'mode': 'tri', 'thr': 90, 'window': '1Y', 'order': 2, 'rows': 9}
2025-11-12 11:27:31,216 INFO [cli] {'ticker': 'IWM', 'mode': 'tri', 'thr': 90, 'window': '1Y', 'order': 3, 'rows': 27}
2025-11-12 11:27:31,227 INFO [cli] {'ticker': 'IWM', 'mode': 'tri', 'thr': 90, 'window': '1Y', 'order': 4, 'rows': 65}
2025-11-12 11:27:31,234 INFO [cli] {'ticker': 'IWM', 'mode': 'tri', 'thr': 90, 'window': '2Y', 'order': 1, 'rows': 3}
2025-11-12 11:27:31,244 INFO [cli] {'ticker': 'IWM', 'mode': 'tri', 'thr': 90, 'window': '2Y', 'order': 2, 'rows': 9}
2025-11-12 11:27:31,255 INFO [cli] {'ticker': 'IWM', 'mode': 'tri', 'thr': 90, 'window': '2Y', 'order': 3, 'rows': 27}
2025-11-12 11:27:31,266 INFO [cli] {'ticker': 'IWM', 'mode': 'tri', 'thr': 90, 'window': '2Y', 'order': 4, 'rows': 78}
2025-11-12 11:27:31,277 INFO [cli] {'ticker': 'IWM', 'mode': 'tri', 'thr': 90, 'window': '5Y', 'order': 1, 'rows': 3}
2025-11-12 11:27:31,286 INFO [cli] {'ticker': 'IWM', 'mode': 'tri', 'thr': 90, 'window': '5Y', 'order': 2, 'rows': 9}
2025-11-12 11:27:31,294 INFO [cli] {'ticker': 'IWM', 'mode': 'tri', 'thr': 90, 'window': '5Y', 'order': 3, 'rows': 27}
2025-11-12 11:27:31,304 INFO [cli] {'ticker': 'IWM', 'mode': 'tri', 'thr': 90, 'window': '5Y', 'order': 4, 'rows': 81}
2025-11-12 11:27:31,313 INFO [cli] {'ticker': 'IWM', 'mode': 'tri', 'thr': 90, 'window': '10Y', 'order': 1, 'rows': 3}
2025-11-12 11:27:31,324 INFO [cli] {'ticker': 'IWM', 'mode': 'tri', 'thr': 90, 'window': '10Y', 'order': 2, 'rows': 9}
2025-11-12 11:27:31,334 INFO [cli] {'ticker': 'IWM', 'mode': 'tri', 'thr': 90, 'window': '10Y', 'order': 3, 'rows': 27}
2025-11-12 11:27:31,344 INFO [cli] {'ticker': 'IWM', 'mode': 'tri', 'thr': 90, 'window': '10Y', 'order': 4, 'rows': 81}
2025-11-12 11:27:31,352 INFO [cli] {'ticker': 'IWM', 'mode': 'tri', 'thr': 90, 'window': '20Y', 'order': 1, 'rows': 3}
2025-11-12 11:27:31,362 INFO [cli] {'ticker': 'IWM', 'mode': 'tri', 'thr': 90, 'window': '20Y', 'order': 2, 'rows': 9}
2025-11-12 11:27:31,372 INFO [cli] {'ticker': 'IWM', 'mode': 'tri', 'thr': 90, 'window': '20Y', 'order': 3, 'rows': 27}
2025-11-12 11:27:31,381 INFO [cli] {'ticker': 'IWM', 'mode': 'tri', 'thr': 90, 'window': '20Y', 'order': 4, 'rows': 81}
2025-11-12 11:27:31,392 INFO [cli] {'ticker': 'IWM', 'mode': 'tri', 'thr': 90, 'window': 'MAX', 'order': 1, 'rows': 3}
2025-11-12 11:27:31,402 INFO [cli] {'ticker': 'IWM', 'mode': 'tri', 'thr': 90, 'window': 'MAX', 'order': 2, 'rows': 9}

{'ticker': 'IWM', 'mode': 'tri', 'thr': 70, 'window': 'MAX', 'order': 2, 'rows': 9}
{'ticker': 'IWM', 'mode': 'tri', 'thr': 70, 'window': 'MAX', 'order': 3, 'rows': 27}
{'ticker': 'IWM', 'mode': 'tri', 'thr': 70, 'window': 'MAX', 'order': 4, 'rows': 81}
{'ticker': 'IWM', 'mode': 'tri', 'thr': 75, 'window': '1Y', 'order': 1, 'rows': 3}
{'ticker': 'IWM', 'mode': 'tri', 'thr': 75, 'window': '1Y', 'order': 2, 'rows': 9}
{'ticker': 'IWM', 'mode': 'tri', 'thr': 75, 'window': '1Y', 'order': 3, 'rows': 27}
{'ticker': 'IWM', 'mode': 'tri', 'thr': 75, 'window': '1Y', 'order': 4, 'rows': 71}
{'ticker': 'IWM', 'mode': 'tri', 'thr': 75, 'window': '2Y', 'order': 1, 'rows': 3}
{'ticker': 'IWM', 'mode': 'tri', 'thr': 75, 'window': '2Y', 'order': 2, 'rows': 9}
{'ticker': 'IWM', 'mode': 'tri', 'thr': 75, 'window': '2Y', 'order': 3, 'rows': 27}
{'ticker': 'IWM', 'mode': 'tri', 'thr': 75, 'window': '2Y', 'order': 4, 'rows': 81}
{'ticker': 'IWM', 'mode': 'tri', 'thr': 75, 'window': '5Y', 'order': 1, 'rows': 3}
{'ticker': 'IWM', 'mode': 'tri', 'thr': 75, 'window': '5Y', 'order': 2, 'rows': 9}
{'ticker': 'IWM', 'mode': 'tri', 'thr': 75, 'window': '5Y', 'order': 3, 'rows': 27}
{'ticker': 'IWM', 'mode': 'tri', 'thr': 75, 'window': '5Y', 'order': 4, 'rows': 81}
{'ticker': 'IWM', 'mode': 'tri', 'thr': 75, 'window': '10Y', 'order': 1, 'rows': 3}
{'ticker': 'IWM', 'mode': 'tri', 'thr': 75, 'window': '10Y', 'order': 2, 'rows': 9}
{'ticker': 'IWM', 'mode': 'tri', 'thr': 75, 'window': '10Y', 'order': 3, 'rows': 27}
{'ticker': 'IWM', 'mode': 'tri', 'thr': 75, 'window': '10Y', 'order': 4, 'rows': 81}
{'ticker': 'IWM', 'mode': 'tri', 'thr': 75, 'window': '20Y', 'order': 1, 'rows': 3}
{'ticker': 'IWM', 'mode': 'tri', 'thr': 75, 'window': '20Y', 'order': 2, 'rows': 9}
{'ticker': 'IWM', 'mode': 'tri', 'thr': 75, 'window': '20Y', 'order': 3, 'rows': 27}
{'ticker': 'IWM', 'mode': 'tri', 'thr': 75, 'window': '20Y', 'order': 4, 'rows': 81}
{'ticker': 'IWM', 'mode': 'tri', 'thr': 75, 'window': 'MAX', 'order': 1, 'rows': 3}
{'ticker': 'IWM', 'mode': 'tri', 'thr': 75, 'window': 'MAX', 'order': 2, 'rows': 9}
{'ticker': 'IWM', 'mode': 'tri', 'thr': 75, 'window': 'MAX', 'order': 3, 'rows': 27}
{'ticker': 'IWM', 'mode': 'tri', 'thr': 75, 'window': 'MAX', 'order': 4, 'rows': 81}
{'ticker': 'IWM', 'mode': 'tri', 'thr': 80, 'window': '1Y', 'order': 1, 'rows': 3}
{'ticker': 'IWM', 'mode': 'tri', 'thr': 80, 'window': '1Y', 'order': 2, 'rows': 9}
{'ticker': 'IWM', 'mode': 'tri', 'thr': 80, 'window': '1Y', 'order': 3, 'rows': 27}
{'ticker': 'IWM', 'mode': 'tri', 'thr': 80, 'window': '1Y', 'order': 4, 'rows': 69}
{'ticker': 'IWM', 'mode': 'tri', 'thr': 80, 'window': '2Y', 'order': 1, 'rows': 3}
{'ticker': 'IWM', 'mode': 'tri', 'thr': 80, 'window': '2Y', 'order': 2, 'rows': 9}
{'ticker': 'IWM', 'mode': 'tri', 'thr': 80, 'window': '2Y', 'order': 3, 'rows': 27}
{'ticker': 'IWM', 'mode': 'tri', 'thr': 80, 'window': '2Y', 'order': 4, 'rows': 81}
{'ticker': 'IWM', 'mode': 'tri', 'thr': 80, 'window': '5Y', 'order': 1, 'rows': 3}
{'ticker': 'IWM', 'mode': 'tri', 'thr': 80, 'window': '5Y', 'order': 2, 'rows': 9}
{'ticker': 'IWM', 'mode': 'tri', 'thr': 80, 'window': '5Y', 'order': 3, 'rows': 27}
{'ticker': 'IWM', 'mode': 'tri', 'thr': 80, 'window': '5Y', 'order': 4, 'rows': 81}
{'ticker': 'IWM', 'mode': 'tri', 'thr': 80, 'window': '10Y', 'order': 1, 'rows': 3}
{'ticker': 'IWM', 'mode': 'tri', 'thr': 80, 'window': '10Y', 'order': 2, 'rows': 9}
{'ticker': 'IWM', 'mode': 'tri', 'thr': 80, 'window': '10Y', 'order': 3, 'rows': 27}
{'ticker': 'IWM', 'mode': 'tri', 'thr': 80, 'window': '10Y', 'order': 4, 'rows': 81}
{'ticker': 'IWM', 'mode': 'tri', 'thr': 80, 'window': '20Y', 'order': 1, 'rows': 3}
{'ticker': 'IWM', 'mode': 'tri', 'thr': 80, 'window': '20Y', 'order': 2, 'rows': 9}
{'ticker': 'IWM', 'mode': 'tri', 'thr': 80, 'window': '20Y', 'order': 3, 'rows': 27}
{'ticker': 'IWM', 'mode': 'tri', 'thr': 80, 'window': '20Y', 'order': 4, 'rows': 81}
{'ticker': 'IWM', 'mode': 'tri', 'thr': 80, 'window': 'MAX', 'order': 1, 'rows': 3}
{'ticker': 'IWM', 'mode': 'tri', 'thr': 80, 'window': 'MAX', 'order': 2, 'rows': 9}
{'ticker': 'IWM', 'mode': 'tri', 'thr': 80, 'window': 'MAX', 'order': 3, 'rows': 27}
{'ticker': 'IWM', 'mode': 'tri', 'thr': 80, 'window': 'MAX', 'order': 4, 'rows': 81}
{'ticker': 'IWM', 'mode': 'tri', 'thr': 85, 'window': '1Y', 'order': 1, 'rows': 3}
{'ticker': 'IWM', 'mode': 'tri', 'thr': 85, 'window': '1Y', 'order': 2, 'rows': 9}
{'ticker': 'IWM', 'mode': 'tri', 'thr': 85, 'window': '1Y', 'order': 3, 'rows': 27}
{'ticker': 'IWM', 'mode': 'tri', 'thr': 85, 'window': '1Y', 'order': 4, 'rows': 68}
{'ticker': 'IWM', 'mode': 'tri', 'thr': 85, 'window': '2Y', 'order': 1, 'rows': 3}
{'ticker': 'IWM', 'mode': 'tri', 'thr': 85, 'window': '2Y', 'order': 2, 'rows': 9}
{'ticker': 'IWM', 'mode': 'tri', 'thr': 85, 'window': '2Y', 'order': 3, 'rows': 27}
{'ticker': 'IWM', 'mode': 'tri', 'thr': 85, 'window': '2Y', 'order': 4, 'rows': 79}
{'ticker': 'IWM', 'mode': 'tri', 'thr': 85, 'window': '5Y', 'order': 1, 'rows': 3}
{'ticker': 'IWM', 'mode': 'tri', 'thr': 85, 'window': '5Y', 'order': 2, 'rows': 9}
{'ticker': 'IWM', 'mode': 'tri', 'thr': 85, 'window': '5Y', 'order': 3, 'rows': 27}
{'ticker': 'IWM', 'mode': 'tri', 'thr': 85, 'window': '5Y', 'order': 4, 'rows': 81}
{'ticker': 'IWM', 'mode': 'tri', 'thr': 85, 'window': '10Y', 'order': 1, 'rows': 3}
{'ticker': 'IWM', 'mode': 'tri', 'thr': 85, 'window': '10Y', 'order': 2, 'rows': 9}
{'ticker': 'IWM', 'mode': 'tri', 'thr': 85, 'window': '10Y', 'order': 3, 'rows': 27}
{'ticker': 'IWM', 'mode': 'tri', 'thr': 85, 'window': '10Y', 'order': 4, 'rows': 81}
{'ticker': 'IWM', 'mode': 'tri', 'thr': 85, 'window': '20Y', 'order': 1, 'rows': 3}
{'ticker': 'IWM', 'mode': 'tri', 'thr': 85, 'window': '20Y', 'order': 2, 'rows': 9}
{'ticker': 'IWM', 'mode': 'tri', 'thr': 85, 'window': '20Y', 'order': 3, 'rows': 27}
{'ticker': 'IWM', 'mode': 'tri', 'thr': 85, 'window': '20Y', 'order': 4, 'rows': 81}
{'ticker': 'IWM', 'mode': 'tri', 'thr': 85, 'window': 'MAX', 'order': 1, 'rows': 3}
{'ticker': 'IWM', 'mode': 'tri', 'thr': 85, 'window': 'MAX', 'order': 2, 'rows': 9}
{'ticker': 'IWM', 'mode': 'tri', 'thr': 85, 'window': 'MAX', 'order': 3, 'rows': 27}
{'ticker': 'IWM', 'mode': 'tri', 'thr': 85, 'window': 'MAX', 'order': 4, 'rows': 81}
{'ticker': 'IWM', 'mode': 'tri', 'thr': 90, 'window': '1Y', 'order': 1, 'rows': 3}
{'ticker': 'IWM', 'mode': 'tri', 'thr': 90, 'window': '1Y', 'order': 2, 'rows': 9}
{'ticker': 'IWM', 'mode': 'tri', 'thr': 90, 'window': '1Y', 'order': 3, 'rows': 27}
{'ticker': 'IWM', 'mode': 'tri', 'thr': 90, 'window': '1Y', 'order': 4, 'rows': 65}
{'ticker': 'IWM', 'mode': 'tri', 'thr': 90, 'window': '2Y', 'order': 1, 'rows': 3}
{'ticker': 'IWM', 'mode': 'tri', 'thr': 90, 'window': '2Y', 'order': 2, 'rows': 9}
{'ticker': 'IWM', 'mode': 'tri', 'thr': 90, 'window': '2Y', 'order': 3, 'rows': 27}
{'ticker': 'IWM', 'mode': 'tri', 'thr': 90, 'window': '2Y', 'order': 4, 'rows': 78}
{'ticker': 'IWM', 'mode': 'tri', 'thr': 90, 'window': '5Y', 'order': 1, 'rows': 3}
{'ticker': 'IWM', 'mode': 'tri', 'thr': 90, 'window': '5Y', 'order': 2, 'rows': 9}
{'ticker': 'IWM', 'mode': 'tri', 'thr': 90, 'window': '5Y', 'order': 3, 'rows': 27}
{'ticker': 'IWM', 'mode': 'tri', 'thr': 90, 'window': '5Y', 'order': 4, 'rows': 81}
{'ticker': 'IWM', 'mode': 'tri', 'thr': 90, 'window': '10Y', 'order': 1, 'rows': 3}
{'ticker': 'IWM', 'mode': 'tri', 'thr': 90, 'window': '10Y', 'order': 2, 'rows': 9}
{'ticker': 'IWM', 'mode': 'tri', 'thr': 90, 'window': '10Y', 'order': 3, 'rows': 27}
{'ticker': 'IWM', 'mode': 'tri', 'thr': 90, 'window': '10Y', 'order': 4, 'rows': 81}
{'ticker': 'IWM', 'mode': 'tri', 'thr': 90, 'window': '20Y', 'order': 1, 'rows': 3}
{'ticker': 'IWM', 'mode': 'tri', 'thr': 90, 'window': '20Y', 'order': 2, 'rows': 9}
{'ticker': 'IWM', 'mode': 'tri', 'thr': 90, 'window': '20Y', 'order': 3, 'rows': 27}
{'ticker': 'IWM', 'mode': 'tri', 'thr': 90, 'window': '20Y', 'order': 4, 'rows': 81}
{'ticker': 'IWM', 'mode': 'tri', 'thr': 90, 'window': 'MAX', 'order': 1, 'rows': 3}
{'ticker': 'IWM', 'mode': 'tri', 'thr': 90, 'window': 'MAX', 'order': 2, 'rows': 9}
{'ticker': 'IWM', 'mode': 'tri', 'thr': 90, 'window': 'MAX', 'order': 3, 'rows': 27}2025-11-12 11:27:31,412 INFO [cli] {'ticker': 'IWM', 'mode': 'tri', 'thr': 90, 'window': 'MAX', 'order': 3, 'rows': 27}
2025-11-12 11:27:31,431 INFO [cli] {'ticker': 'IWM', 'mode': 'tri', 'thr': 90, 'window': 'MAX', 'order': 4, 'rows': 81}
2025-11-12 11:27:31,446 INFO [cli] {'ticker': 'IWM', 'mode': 'tri', 'thr': 95, 'window': '1Y', 'order': 1, 'rows': 3}
2025-11-12 11:27:31,454 INFO [cli] {'ticker': 'IWM', 'mode': 'tri', 'thr': 95, 'window': '1Y', 'order': 2, 'rows': 9}
2025-11-12 11:27:31,463 INFO [cli] {'ticker': 'IWM', 'mode': 'tri', 'thr': 95, 'window': '1Y', 'order': 3, 'rows': 27}
2025-11-12 11:27:31,472 INFO [cli] {'ticker': 'IWM', 'mode': 'tri', 'thr': 95, 'window': '1Y', 'order': 4, 'rows': 65}
2025-11-12 11:27:31,482 INFO [cli] {'ticker': 'IWM', 'mode': 'tri', 'thr': 95, 'window': '2Y', 'order': 1, 'rows': 3}
2025-11-12 11:27:31,491 INFO [cli] {'ticker': 'IWM', 'mode': 'tri', 'thr': 95, 'window': '2Y', 'order': 2, 'rows': 9}
2025-11-12 11:27:31,499 INFO [cli] {'ticker': 'IWM', 'mode': 'tri', 'thr': 95, 'window': '2Y', 'order': 3, 'rows': 27}
2025-11-12 11:27:31,507 INFO [cli] {'ticker': 'IWM', 'mode': 'tri', 'thr': 95, 'window': '2Y', 'order': 4, 'rows': 76}
2025-11-12 11:27:31,515 INFO [cli] {'ticker': 'IWM', 'mode': 'tri', 'thr': 95, 'window': '5Y', 'order': 1, 'rows': 3}
2025-11-12 11:27:31,525 INFO [cli] {'ticker': 'IWM', 'mode': 'tri', 'thr': 95, 'window': '5Y', 'order': 2, 'rows': 9}
2025-11-12 11:27:31,534 INFO [cli] {'ticker': 'IWM', 'mode': 'tri', 'thr': 95, 'window': '5Y', 'order': 3, 'rows': 27}
2025-11-12 11:27:31,543 INFO [cli] {'ticker': 'IWM', 'mode': 'tri', 'thr': 95, 'window': '5Y', 'order': 4, 'rows': 81}
2025-11-12 11:27:31,552 INFO [cli] {'ticker': 'IWM', 'mode': 'tri', 'thr': 95, 'window': '10Y', 'order': 1, 'rows': 3}
2025-11-12 11:27:31,561 INFO [cli] {'ticker': 'IWM', 'mode': 'tri', 'thr': 95, 'window': '10Y', 'order': 2, 'rows': 9}
2025-11-12 11:27:31,572 INFO [cli] {'ticker': 'IWM', 'mode': 'tri', 'thr': 95, 'window': '10Y', 'order': 3, 'rows': 27}
2025-11-12 11:27:31,582 INFO [cli] {'ticker': 'IWM', 'mode': 'tri', 'thr': 95, 'window': '10Y', 'order': 4, 'rows': 81}
2025-11-12 11:27:31,592 INFO [cli] {'ticker': 'IWM', 'mode': 'tri', 'thr': 95, 'window': '20Y', 'order': 1, 'rows': 3}
2025-11-12 11:27:31,603 INFO [cli] {'ticker': 'IWM', 'mode': 'tri', 'thr': 95, 'window': '20Y', 'order': 2, 'rows': 9}
2025-11-12 11:27:31,614 INFO [cli] {'ticker': 'IWM', 'mode': 'tri', 'thr': 95, 'window': '20Y', 'order': 3, 'rows': 27}
2025-11-12 11:27:31,625 INFO [cli] {'ticker': 'IWM', 'mode': 'tri', 'thr': 95, 'window': '20Y', 'order': 4, 'rows': 81}
2025-11-12 11:27:31,636 INFO [cli] {'ticker': 'IWM', 'mode': 'tri', 'thr': 95, 'window': 'MAX', 'order': 1, 'rows': 3}
2025-11-12 11:27:31,647 INFO [cli] {'ticker': 'IWM', 'mode': 'tri', 'thr': 95, 'window': 'MAX', 'order': 2, 'rows': 9}
2025-11-12 11:27:31,657 INFO [cli] {'ticker': 'IWM', 'mode': 'tri', 'thr': 95, 'window': 'MAX', 'order': 3, 'rows': 27}
2025-11-12 11:27:31,668 INFO [cli] {'ticker': 'IWM', 'mode': 'tri', 'thr': 95, 'window': 'MAX', 'order': 4, 'rows': 81}
2025-11-12 11:27:31,684 INFO [cli] {'ticker': 'IWM', 'mode': 'tri', 'thr': 100, 'window': '1Y', 'order': 1, 'rows': 3}
2025-11-12 11:27:31,696 INFO [cli] {'ticker': 'IWM', 'mode': 'tri', 'thr': 100, 'window': '1Y', 'order': 2, 'rows': 9}
2025-11-12 11:27:31,707 INFO [cli] {'ticker': 'IWM', 'mode': 'tri', 'thr': 100, 'window': '1Y', 'order': 3, 'rows': 25}
2025-11-12 11:27:31,717 INFO [cli] {'ticker': 'IWM', 'mode': 'tri', 'thr': 100, 'window': '1Y', 'order': 4, 'rows': 57}
2025-11-12 11:27:31,728 INFO [cli] {'ticker': 'IWM', 'mode': 'tri', 'thr': 100, 'window': '2Y', 'order': 1, 'rows': 3}
2025-11-12 11:27:31,739 INFO [cli] {'ticker': 'IWM', 'mode': 'tri', 'thr': 100, 'window': '2Y', 'order': 2, 'rows': 9}
2025-11-12 11:27:31,751 INFO [cli] {'ticker': 'IWM', 'mode': 'tri', 'thr': 100, 'window': '2Y', 'order': 3, 'rows': 27}
2025-11-12 11:27:31,761 INFO [cli] {'ticker': 'IWM', 'mode': 'tri', 'thr': 100, 'window': '2Y', 'order': 4, 'rows': 70}
2025-11-12 11:27:31,771 INFO [cli] {'ticker': 'IWM', 'mode': 'tri', 'thr': 100, 'window': '5Y', 'order': 1, 'rows': 3}
2025-11-12 11:27:31,782 INFO [cli] {'ticker': 'IWM', 'mode': 'tri', 'thr': 100, 'window': '5Y', 'order': 2, 'rows': 9}
2025-11-12 11:27:31,792 INFO [cli] {'ticker': 'IWM', 'mode': 'tri', 'thr': 100, 'window': '5Y', 'order': 3, 'rows': 27}
2025-11-12 11:27:31,802 INFO [cli] {'ticker': 'IWM', 'mode': 'tri', 'thr': 100, 'window': '5Y', 'order': 4, 'rows': 81}
2025-11-12 11:27:31,813 INFO [cli] {'ticker': 'IWM', 'mode': 'tri', 'thr': 100, 'window': '10Y', 'order': 1, 'rows': 3}
2025-11-12 11:27:31,823 INFO [cli] {'ticker': 'IWM', 'mode': 'tri', 'thr': 100, 'window': '10Y', 'order': 2, 'rows': 9}
2025-11-12 11:27:31,833 INFO [cli] {'ticker': 'IWM', 'mode': 'tri', 'thr': 100, 'window': '10Y', 'order': 3, 'rows': 27}
2025-11-12 11:27:31,844 INFO [cli] {'ticker': 'IWM', 'mode': 'tri', 'thr': 100, 'window': '10Y', 'order': 4, 'rows': 81}
2025-11-12 11:27:31,856 INFO [cli] {'ticker': 'IWM', 'mode': 'tri', 'thr': 100, 'window': '20Y', 'order': 1, 'rows': 3}
2025-11-12 11:27:31,866 INFO [cli] {'ticker': 'IWM', 'mode': 'tri', 'thr': 100, 'window': '20Y', 'order': 2, 'rows': 9}
2025-11-12 11:27:31,876 INFO [cli] {'ticker': 'IWM', 'mode': 'tri', 'thr': 100, 'window': '20Y', 'order': 3, 'rows': 27}
2025-11-12 11:27:31,886 INFO [cli] {'ticker': 'IWM', 'mode': 'tri', 'thr': 100, 'window': '20Y', 'order': 4, 'rows': 81}
2025-11-12 11:27:31,897 INFO [cli] {'ticker': 'IWM', 'mode': 'tri', 'thr': 100, 'window': 'MAX', 'order': 1, 'rows': 3}
2025-11-12 11:27:31,907 INFO [cli] {'ticker': 'IWM', 'mode': 'tri', 'thr': 100, 'window': 'MAX', 'order': 2, 'rows': 9}
2025-11-12 11:27:31,916 INFO [cli] {'ticker': 'IWM', 'mode': 'tri', 'thr': 100, 'window': 'MAX', 'order': 3, 'rows': 27}
2025-11-12 11:27:31,925 INFO [cli] {'ticker': 'IWM', 'mode': 'tri', 'thr': 100, 'window': 'MAX', 'order': 4, 'rows': 81}
2025-11-12 11:27:31,941 INFO [cli] {'ticker': 'IWM', 'mode': 'tri', 'thr': 105, 'window': '1Y', 'order': 1, 'rows': 3}
2025-11-12 11:27:31,950 INFO [cli] {'ticker': 'IWM', 'mode': 'tri', 'thr': 105, 'window': '1Y', 'order': 2, 'rows': 9}
2025-11-12 11:27:31,961 INFO [cli] {'ticker': 'IWM', 'mode': 'tri', 'thr': 105, 'window': '1Y', 'order': 3, 'rows': 25}
2025-11-12 11:27:31,970 INFO [cli] {'ticker': 'IWM', 'mode': 'tri', 'thr': 105, 'window': '1Y', 'order': 4, 'rows': 56}
2025-11-12 11:27:31,982 INFO [cli] {'ticker': 'IWM', 'mode': 'tri', 'thr': 105, 'window': '2Y', 'order': 1, 'rows': 3}
2025-11-12 11:27:31,990 INFO [cli] {'ticker': 'IWM', 'mode': 'tri', 'thr': 105, 'window': '2Y', 'order': 2, 'rows': 9}
2025-11-12 11:27:31,999 INFO [cli] {'ticker': 'IWM', 'mode': 'tri', 'thr': 105, 'window': '2Y', 'order': 3, 'rows': 27}
2025-11-12 11:27:32,009 INFO [cli] {'ticker': 'IWM', 'mode': 'tri', 'thr': 105, 'window': '2Y', 'order': 4, 'rows': 69}
2025-11-12 11:27:32,021 INFO [cli] {'ticker': 'IWM', 'mode': 'tri', 'thr': 105, 'window': '5Y', 'order': 1, 'rows': 3}
2025-11-12 11:27:32,030 INFO [cli] {'ticker': 'IWM', 'mode': 'tri', 'thr': 105, 'window': '5Y', 'order': 2, 'rows': 9}
2025-11-12 11:27:32,041 INFO [cli] {'ticker': 'IWM', 'mode': 'tri', 'thr': 105, 'window': '5Y', 'order': 3, 'rows': 27}
2025-11-12 11:27:32,053 INFO [cli] {'ticker': 'IWM', 'mode': 'tri', 'thr': 105, 'window': '5Y', 'order': 4, 'rows': 81}
2025-11-12 11:27:32,063 INFO [cli] {'ticker': 'IWM', 'mode': 'tri', 'thr': 105, 'window': '10Y', 'order': 1, 'rows': 3}
2025-11-12 11:27:32,073 INFO [cli] {'ticker': 'IWM', 'mode': 'tri', 'thr': 105, 'window': '10Y', 'order': 2, 'rows': 9}
2025-11-12 11:27:32,082 INFO [cli] {'ticker': 'IWM', 'mode': 'tri', 'thr': 105, 'window': '10Y', 'order': 3, 'rows': 27}
2025-11-12 11:27:32,093 INFO [cli] {'ticker': 'IWM', 'mode': 'tri', 'thr': 105, 'window': '10Y', 'order': 4, 'rows': 81}
2025-11-12 11:27:32,102 INFO [cli] {'ticker': 'IWM', 'mode': 'tri', 'thr': 105, 'window': '20Y', 'order': 1, 'rows': 3}
2025-11-12 11:27:32,109 INFO [cli] {'ticker': 'IWM', 'mode': 'tri', 'thr': 105, 'window': '20Y', 'order': 2, 'rows': 9}
2025-11-12 11:27:32,119 INFO [cli] {'ticker': 'IWM', 'mode': 'tri', 'thr': 105, 'window': '20Y', 'order': 3, 'rows': 27}
2025-11-12 11:27:32,129 INFO [cli] {'ticker': 'IWM', 'mode': 'tri', 'thr': 105, 'window': '20Y', 'order': 4, 'rows': 81}
2025-11-12 11:27:32,136 INFO [cli] {'ticker': 'IWM', 'mode': 'tri', 'thr': 105, 'window': 'MAX', 'order': 1, 'rows': 3}
2025-11-12 11:27:32,145 INFO [cli] {'ticker': 'IWM', 'mode': 'tri', 'thr': 105, 'window': 'MAX', 'order': 2, 'rows': 9}
2025-11-12 11:27:32,153 INFO [cli] {'ticker': 'IWM', 'mode': 'tri', 'thr': 105, 'window': 'MAX', 'order': 3, 'rows': 27}
2025-11-12 11:27:32,164 INFO [cli] {'ticker': 'IWM', 'mode': 'tri', 'thr': 105, 'window': 'MAX', 'order': 4, 'rows': 81}
2025-11-12 11:27:32,180 INFO [cli] {'ticker': 'IWM', 'mode': 'tri', 'thr': 110, 'window': '1Y', 'order': 1, 'rows': 3}
2025-11-12 11:27:32,189 INFO [cli] {'ticker': 'IWM', 'mode': 'tri', 'thr': 110, 'window': '1Y', 'order': 2, 'rows': 9}
2025-11-12 11:27:32,198 INFO [cli] {'ticker': 'IWM', 'mode': 'tri', 'thr': 110, 'window': '1Y', 'order': 3, 'rows': 25}
2025-11-12 11:27:32,208 INFO [cli] {'ticker': 'IWM', 'mode': 'tri', 'thr': 110, 'window': '1Y', 'order': 4, 'rows': 55}
2025-11-12 11:27:32,216 INFO [cli] {'ticker': 'IWM', 'mode': 'tri', 'thr': 110, 'window': '2Y', 'order': 1, 'rows': 3}
2025-11-12 11:27:32,223 INFO [cli] {'ticker': 'IWM', 'mode': 'tri', 'thr': 110, 'window': '2Y', 'order': 2, 'rows': 9}
2025-11-12 11:27:32,231 INFO [cli] {'ticker': 'IWM', 'mode': 'tri', 'thr': 110, 'window': '2Y', 'order': 3, 'rows': 26}
2025-11-12 11:27:32,242 INFO [cli] {'ticker': 'IWM', 'mode': 'tri', 'thr': 110, 'window': '2Y', 'order': 4, 'rows': 65}
2025-11-12 11:27:32,251 INFO [cli] {'ticker': 'IWM', 'mode': 'tri', 'thr': 110, 'window': '5Y', 'order': 1, 'rows': 3}
2025-11-12 11:27:32,264 INFO [cli] {'ticker': 'IWM', 'mode': 'tri', 'thr': 110, 'window': '5Y', 'order': 2, 'rows': 9}
2025-11-12 11:27:32,273 INFO [cli] {'ticker': 'IWM', 'mode': 'tri', 'thr': 110, 'window': '5Y', 'order': 3, 'rows': 27}
2025-11-12 11:27:32,282 INFO [cli] {'ticker': 'IWM', 'mode': 'tri', 'thr': 110, 'window': '5Y', 'order': 4, 'rows': 81}
2025-11-12 11:27:32,293 INFO [cli] {'ticker': 'IWM', 'mode': 'tri', 'thr': 110, 'window': '10Y', 'order': 1, 'rows': 3}
2025-11-12 11:27:32,304 INFO [cli] {'ticker': 'IWM', 'mode': 'tri', 'thr': 110, 'window': '10Y', 'order': 2, 'rows': 9}
2025-11-12 11:27:32,312 INFO [cli] {'ticker': 'IWM', 'mode': 'tri', 'thr': 110, 'window': '10Y', 'order': 3, 'rows': 27}
2025-11-12 11:27:32,323 INFO [cli] {'ticker': 'IWM', 'mode': 'tri', 'thr': 110, 'window': '10Y', 'order': 4, 'rows': 81}
2025-11-12 11:27:32,334 INFO [cli] {'ticker': 'IWM', 'mode': 'tri', 'thr': 110, 'window': '20Y', 'order': 1, 'rows': 3}
2025-11-12 11:27:32,345 INFO [cli] {'ticker': 'IWM', 'mode': 'tri', 'thr': 110, 'window': '20Y', 'order': 2, 'rows': 9}
2025-11-12 11:27:32,363 INFO [cli] {'ticker': 'IWM', 'mode': 'tri', 'thr': 110, 'window': '20Y', 'order': 3, 'rows': 27}
2025-11-12 11:27:32,373 INFO [cli] {'ticker': 'IWM', 'mode': 'tri', 'thr': 110, 'window': '20Y', 'order': 4, 'rows': 81}
2025-11-12 11:27:32,382 INFO [cli] {'ticker': 'IWM', 'mode': 'tri', 'thr': 110, 'window': 'MAX', 'order': 1, 'rows': 3}
2025-11-12 11:27:32,393 INFO [cli] {'ticker': 'IWM', 'mode': 'tri', 'thr': 110, 'window': 'MAX', 'order': 2, 'rows': 9}
2025-11-12 11:27:32,402 INFO [cli] {'ticker': 'IWM', 'mode': 'tri', 'thr': 110, 'window': 'MAX', 'order': 3, 'rows': 27}

{'ticker': 'IWM', 'mode': 'tri', 'thr': 90, 'window': 'MAX', 'order': 4, 'rows': 81}
{'ticker': 'IWM', 'mode': 'tri', 'thr': 95, 'window': '1Y', 'order': 1, 'rows': 3}
{'ticker': 'IWM', 'mode': 'tri', 'thr': 95, 'window': '1Y', 'order': 2, 'rows': 9}
{'ticker': 'IWM', 'mode': 'tri', 'thr': 95, 'window': '1Y', 'order': 3, 'rows': 27}
{'ticker': 'IWM', 'mode': 'tri', 'thr': 95, 'window': '1Y', 'order': 4, 'rows': 65}
{'ticker': 'IWM', 'mode': 'tri', 'thr': 95, 'window': '2Y', 'order': 1, 'rows': 3}
{'ticker': 'IWM', 'mode': 'tri', 'thr': 95, 'window': '2Y', 'order': 2, 'rows': 9}
{'ticker': 'IWM', 'mode': 'tri', 'thr': 95, 'window': '2Y', 'order': 3, 'rows': 27}
{'ticker': 'IWM', 'mode': 'tri', 'thr': 95, 'window': '2Y', 'order': 4, 'rows': 76}
{'ticker': 'IWM', 'mode': 'tri', 'thr': 95, 'window': '5Y', 'order': 1, 'rows': 3}
{'ticker': 'IWM', 'mode': 'tri', 'thr': 95, 'window': '5Y', 'order': 2, 'rows': 9}
{'ticker': 'IWM', 'mode': 'tri', 'thr': 95, 'window': '5Y', 'order': 3, 'rows': 27}
{'ticker': 'IWM', 'mode': 'tri', 'thr': 95, 'window': '5Y', 'order': 4, 'rows': 81}
{'ticker': 'IWM', 'mode': 'tri', 'thr': 95, 'window': '10Y', 'order': 1, 'rows': 3}
{'ticker': 'IWM', 'mode': 'tri', 'thr': 95, 'window': '10Y', 'order': 2, 'rows': 9}
{'ticker': 'IWM', 'mode': 'tri', 'thr': 95, 'window': '10Y', 'order': 3, 'rows': 27}
{'ticker': 'IWM', 'mode': 'tri', 'thr': 95, 'window': '10Y', 'order': 4, 'rows': 81}
{'ticker': 'IWM', 'mode': 'tri', 'thr': 95, 'window': '20Y', 'order': 1, 'rows': 3}
{'ticker': 'IWM', 'mode': 'tri', 'thr': 95, 'window': '20Y', 'order': 2, 'rows': 9}
{'ticker': 'IWM', 'mode': 'tri', 'thr': 95, 'window': '20Y', 'order': 3, 'rows': 27}
{'ticker': 'IWM', 'mode': 'tri', 'thr': 95, 'window': '20Y', 'order': 4, 'rows': 81}
{'ticker': 'IWM', 'mode': 'tri', 'thr': 95, 'window': 'MAX', 'order': 1, 'rows': 3}
{'ticker': 'IWM', 'mode': 'tri', 'thr': 95, 'window': 'MAX', 'order': 2, 'rows': 9}
{'ticker': 'IWM', 'mode': 'tri', 'thr': 95, 'window': 'MAX', 'order': 3, 'rows': 27}
{'ticker': 'IWM', 'mode': 'tri', 'thr': 95, 'window': 'MAX', 'order': 4, 'rows': 81}
{'ticker': 'IWM', 'mode': 'tri', 'thr': 100, 'window': '1Y', 'order': 1, 'rows': 3}
{'ticker': 'IWM', 'mode': 'tri', 'thr': 100, 'window': '1Y', 'order': 2, 'rows': 9}
{'ticker': 'IWM', 'mode': 'tri', 'thr': 100, 'window': '1Y', 'order': 3, 'rows': 25}
{'ticker': 'IWM', 'mode': 'tri', 'thr': 100, 'window': '1Y', 'order': 4, 'rows': 57}
{'ticker': 'IWM', 'mode': 'tri', 'thr': 100, 'window': '2Y', 'order': 1, 'rows': 3}
{'ticker': 'IWM', 'mode': 'tri', 'thr': 100, 'window': '2Y', 'order': 2, 'rows': 9}
{'ticker': 'IWM', 'mode': 'tri', 'thr': 100, 'window': '2Y', 'order': 3, 'rows': 27}
{'ticker': 'IWM', 'mode': 'tri', 'thr': 100, 'window': '2Y', 'order': 4, 'rows': 70}
{'ticker': 'IWM', 'mode': 'tri', 'thr': 100, 'window': '5Y', 'order': 1, 'rows': 3}
{'ticker': 'IWM', 'mode': 'tri', 'thr': 100, 'window': '5Y', 'order': 2, 'rows': 9}
{'ticker': 'IWM', 'mode': 'tri', 'thr': 100, 'window': '5Y', 'order': 3, 'rows': 27}
{'ticker': 'IWM', 'mode': 'tri', 'thr': 100, 'window': '5Y', 'order': 4, 'rows': 81}
{'ticker': 'IWM', 'mode': 'tri', 'thr': 100, 'window': '10Y', 'order': 1, 'rows': 3}
{'ticker': 'IWM', 'mode': 'tri', 'thr': 100, 'window': '10Y', 'order': 2, 'rows': 9}
{'ticker': 'IWM', 'mode': 'tri', 'thr': 100, 'window': '10Y', 'order': 3, 'rows': 27}
{'ticker': 'IWM', 'mode': 'tri', 'thr': 100, 'window': '10Y', 'order': 4, 'rows': 81}
{'ticker': 'IWM', 'mode': 'tri', 'thr': 100, 'window': '20Y', 'order': 1, 'rows': 3}
{'ticker': 'IWM', 'mode': 'tri', 'thr': 100, 'window': '20Y', 'order': 2, 'rows': 9}
{'ticker': 'IWM', 'mode': 'tri', 'thr': 100, 'window': '20Y', 'order': 3, 'rows': 27}
{'ticker': 'IWM', 'mode': 'tri', 'thr': 100, 'window': '20Y', 'order': 4, 'rows': 81}
{'ticker': 'IWM', 'mode': 'tri', 'thr': 100, 'window': 'MAX', 'order': 1, 'rows': 3}
{'ticker': 'IWM', 'mode': 'tri', 'thr': 100, 'window': 'MAX', 'order': 2, 'rows': 9}
{'ticker': 'IWM', 'mode': 'tri', 'thr': 100, 'window': 'MAX', 'order': 3, 'rows': 27}
{'ticker': 'IWM', 'mode': 'tri', 'thr': 100, 'window': 'MAX', 'order': 4, 'rows': 81}
{'ticker': 'IWM', 'mode': 'tri', 'thr': 105, 'window': '1Y', 'order': 1, 'rows': 3}
{'ticker': 'IWM', 'mode': 'tri', 'thr': 105, 'window': '1Y', 'order': 2, 'rows': 9}
{'ticker': 'IWM', 'mode': 'tri', 'thr': 105, 'window': '1Y', 'order': 3, 'rows': 25}
{'ticker': 'IWM', 'mode': 'tri', 'thr': 105, 'window': '1Y', 'order': 4, 'rows': 56}
{'ticker': 'IWM', 'mode': 'tri', 'thr': 105, 'window': '2Y', 'order': 1, 'rows': 3}
{'ticker': 'IWM', 'mode': 'tri', 'thr': 105, 'window': '2Y', 'order': 2, 'rows': 9}
{'ticker': 'IWM', 'mode': 'tri', 'thr': 105, 'window': '2Y', 'order': 3, 'rows': 27}
{'ticker': 'IWM', 'mode': 'tri', 'thr': 105, 'window': '2Y', 'order': 4, 'rows': 69}
{'ticker': 'IWM', 'mode': 'tri', 'thr': 105, 'window': '5Y', 'order': 1, 'rows': 3}
{'ticker': 'IWM', 'mode': 'tri', 'thr': 105, 'window': '5Y', 'order': 2, 'rows': 9}
{'ticker': 'IWM', 'mode': 'tri', 'thr': 105, 'window': '5Y', 'order': 3, 'rows': 27}
{'ticker': 'IWM', 'mode': 'tri', 'thr': 105, 'window': '5Y', 'order': 4, 'rows': 81}
{'ticker': 'IWM', 'mode': 'tri', 'thr': 105, 'window': '10Y', 'order': 1, 'rows': 3}
{'ticker': 'IWM', 'mode': 'tri', 'thr': 105, 'window': '10Y', 'order': 2, 'rows': 9}
{'ticker': 'IWM', 'mode': 'tri', 'thr': 105, 'window': '10Y', 'order': 3, 'rows': 27}
{'ticker': 'IWM', 'mode': 'tri', 'thr': 105, 'window': '10Y', 'order': 4, 'rows': 81}
{'ticker': 'IWM', 'mode': 'tri', 'thr': 105, 'window': '20Y', 'order': 1, 'rows': 3}
{'ticker': 'IWM', 'mode': 'tri', 'thr': 105, 'window': '20Y', 'order': 2, 'rows': 9}
{'ticker': 'IWM', 'mode': 'tri', 'thr': 105, 'window': '20Y', 'order': 3, 'rows': 27}
{'ticker': 'IWM', 'mode': 'tri', 'thr': 105, 'window': '20Y', 'order': 4, 'rows': 81}
{'ticker': 'IWM', 'mode': 'tri', 'thr': 105, 'window': 'MAX', 'order': 1, 'rows': 3}
{'ticker': 'IWM', 'mode': 'tri', 'thr': 105, 'window': 'MAX', 'order': 2, 'rows': 9}
{'ticker': 'IWM', 'mode': 'tri', 'thr': 105, 'window': 'MAX', 'order': 3, 'rows': 27}
{'ticker': 'IWM', 'mode': 'tri', 'thr': 105, 'window': 'MAX', 'order': 4, 'rows': 81}
{'ticker': 'IWM', 'mode': 'tri', 'thr': 110, 'window': '1Y', 'order': 1, 'rows': 3}
{'ticker': 'IWM', 'mode': 'tri', 'thr': 110, 'window': '1Y', 'order': 2, 'rows': 9}
{'ticker': 'IWM', 'mode': 'tri', 'thr': 110, 'window': '1Y', 'order': 3, 'rows': 25}
{'ticker': 'IWM', 'mode': 'tri', 'thr': 110, 'window': '1Y', 'order': 4, 'rows': 55}
{'ticker': 'IWM', 'mode': 'tri', 'thr': 110, 'window': '2Y', 'order': 1, 'rows': 3}
{'ticker': 'IWM', 'mode': 'tri', 'thr': 110, 'window': '2Y', 'order': 2, 'rows': 9}
{'ticker': 'IWM', 'mode': 'tri', 'thr': 110, 'window': '2Y', 'order': 3, 'rows': 26}
{'ticker': 'IWM', 'mode': 'tri', 'thr': 110, 'window': '2Y', 'order': 4, 'rows': 65}
{'ticker': 'IWM', 'mode': 'tri', 'thr': 110, 'window': '5Y', 'order': 1, 'rows': 3}
{'ticker': 'IWM', 'mode': 'tri', 'thr': 110, 'window': '5Y', 'order': 2, 'rows': 9}
{'ticker': 'IWM', 'mode': 'tri', 'thr': 110, 'window': '5Y', 'order': 3, 'rows': 27}
{'ticker': 'IWM', 'mode': 'tri', 'thr': 110, 'window': '5Y', 'order': 4, 'rows': 81}
{'ticker': 'IWM', 'mode': 'tri', 'thr': 110, 'window': '10Y', 'order': 1, 'rows': 3}
{'ticker': 'IWM', 'mode': 'tri', 'thr': 110, 'window': '10Y', 'order': 2, 'rows': 9}
{'ticker': 'IWM', 'mode': 'tri', 'thr': 110, 'window': '10Y', 'order': 3, 'rows': 27}
{'ticker': 'IWM', 'mode': 'tri', 'thr': 110, 'window': '10Y', 'order': 4, 'rows': 81}
{'ticker': 'IWM', 'mode': 'tri', 'thr': 110, 'window': '20Y', 'order': 1, 'rows': 3}
{'ticker': 'IWM', 'mode': 'tri', 'thr': 110, 'window': '20Y', 'order': 2, 'rows': 9}
{'ticker': 'IWM', 'mode': 'tri', 'thr': 110, 'window': '20Y', 'order': 3, 'rows': 27}
{'ticker': 'IWM', 'mode': 'tri', 'thr': 110, 'window': '20Y', 'order': 4, 'rows': 81}
{'ticker': 'IWM', 'mode': 'tri', 'thr': 110, 'window': 'MAX', 'order': 1, 'rows': 3}
{'ticker': 'IWM', 'mode': 'tri', 'thr': 110, 'window': 'MAX', 'order': 2, 'rows': 9}
{'ticker': 'IWM', 'mode': 'tri', 'thr': 110, 'window': 'MAX', 'order': 3, 'rows': 27}
{'ticker': 'IWM', 'mode': 'tri', 'thr': 110, 'window': 'MAX', 'order': 4, 'rows': 81}2025-11-12 11:27:32,411 INFO [cli] {'ticker': 'IWM', 'mode': 'tri', 'thr': 110, 'window': 'MAX', 'order': 4, 'rows': 81}
2025-11-12 11:27:32,428 INFO [cli] {'ticker': 'IWM', 'mode': 'tri', 'thr': 115, 'window': '1Y', 'order': 1, 'rows': 3}
2025-11-12 11:27:32,439 INFO [cli] {'ticker': 'IWM', 'mode': 'tri', 'thr': 115, 'window': '1Y', 'order': 2, 'rows': 9}
2025-11-12 11:27:32,446 INFO [cli] {'ticker': 'IWM', 'mode': 'tri', 'thr': 115, 'window': '1Y', 'order': 3, 'rows': 25}
2025-11-12 11:27:32,454 INFO [cli] {'ticker': 'IWM', 'mode': 'tri', 'thr': 115, 'window': '1Y', 'order': 4, 'rows': 52}
2025-11-12 11:27:32,465 INFO [cli] {'ticker': 'IWM', 'mode': 'tri', 'thr': 115, 'window': '2Y', 'order': 1, 'rows': 3}
2025-11-12 11:27:32,473 INFO [cli] {'ticker': 'IWM', 'mode': 'tri', 'thr': 115, 'window': '2Y', 'order': 2, 'rows': 9}
2025-11-12 11:27:32,482 INFO [cli] {'ticker': 'IWM', 'mode': 'tri', 'thr': 115, 'window': '2Y', 'order': 3, 'rows': 26}
2025-11-12 11:27:32,494 INFO [cli] {'ticker': 'IWM', 'mode': 'tri', 'thr': 115, 'window': '2Y', 'order': 4, 'rows': 64}
2025-11-12 11:27:32,505 INFO [cli] {'ticker': 'IWM', 'mode': 'tri', 'thr': 115, 'window': '5Y', 'order': 1, 'rows': 3}
2025-11-12 11:27:32,517 INFO [cli] {'ticker': 'IWM', 'mode': 'tri', 'thr': 115, 'window': '5Y', 'order': 2, 'rows': 9}
2025-11-12 11:27:32,525 INFO [cli] {'ticker': 'IWM', 'mode': 'tri', 'thr': 115, 'window': '5Y', 'order': 3, 'rows': 27}
2025-11-12 11:27:32,536 INFO [cli] {'ticker': 'IWM', 'mode': 'tri', 'thr': 115, 'window': '5Y', 'order': 4, 'rows': 80}
2025-11-12 11:27:32,546 INFO [cli] {'ticker': 'IWM', 'mode': 'tri', 'thr': 115, 'window': '10Y', 'order': 1, 'rows': 3}
2025-11-12 11:27:32,557 INFO [cli] {'ticker': 'IWM', 'mode': 'tri', 'thr': 115, 'window': '10Y', 'order': 2, 'rows': 9}
2025-11-12 11:27:32,564 INFO [cli] {'ticker': 'IWM', 'mode': 'tri', 'thr': 115, 'window': '10Y', 'order': 3, 'rows': 27}
2025-11-12 11:27:32,575 INFO [cli] {'ticker': 'IWM', 'mode': 'tri', 'thr': 115, 'window': '10Y', 'order': 4, 'rows': 81}
2025-11-12 11:27:32,585 INFO [cli] {'ticker': 'IWM', 'mode': 'tri', 'thr': 115, 'window': '20Y', 'order': 1, 'rows': 3}
2025-11-12 11:27:32,596 INFO [cli] {'ticker': 'IWM', 'mode': 'tri', 'thr': 115, 'window': '20Y', 'order': 2, 'rows': 9}
2025-11-12 11:27:32,606 INFO [cli] {'ticker': 'IWM', 'mode': 'tri', 'thr': 115, 'window': '20Y', 'order': 3, 'rows': 27}
2025-11-12 11:27:32,615 INFO [cli] {'ticker': 'IWM', 'mode': 'tri', 'thr': 115, 'window': '20Y', 'order': 4, 'rows': 81}
2025-11-12 11:27:32,626 INFO [cli] {'ticker': 'IWM', 'mode': 'tri', 'thr': 115, 'window': 'MAX', 'order': 1, 'rows': 3}
2025-11-12 11:27:32,634 INFO [cli] {'ticker': 'IWM', 'mode': 'tri', 'thr': 115, 'window': 'MAX', 'order': 2, 'rows': 9}
2025-11-12 11:27:32,645 INFO [cli] {'ticker': 'IWM', 'mode': 'tri', 'thr': 115, 'window': 'MAX', 'order': 3, 'rows': 27}
2025-11-12 11:27:32,655 INFO [cli] {'ticker': 'IWM', 'mode': 'tri', 'thr': 115, 'window': 'MAX', 'order': 4, 'rows': 81}
2025-11-12 11:27:32,670 INFO [cli] {'ticker': 'IWM', 'mode': 'tri', 'thr': 120, 'window': '1Y', 'order': 1, 'rows': 3}
2025-11-12 11:27:32,678 INFO [cli] {'ticker': 'IWM', 'mode': 'tri', 'thr': 120, 'window': '1Y', 'order': 2, 'rows': 9}
2025-11-12 11:27:32,689 INFO [cli] {'ticker': 'IWM', 'mode': 'tri', 'thr': 120, 'window': '1Y', 'order': 3, 'rows': 25}
2025-11-12 11:27:32,699 INFO [cli] {'ticker': 'IWM', 'mode': 'tri', 'thr': 120, 'window': '1Y', 'order': 4, 'rows': 50}
2025-11-12 11:27:32,710 INFO [cli] {'ticker': 'IWM', 'mode': 'tri', 'thr': 120, 'window': '2Y', 'order': 1, 'rows': 3}
2025-11-12 11:27:32,719 INFO [cli] {'ticker': 'IWM', 'mode': 'tri', 'thr': 120, 'window': '2Y', 'order': 2, 'rows': 9}
2025-11-12 11:27:32,727 INFO [cli] {'ticker': 'IWM', 'mode': 'tri', 'thr': 120, 'window': '2Y', 'order': 3, 'rows': 26}
2025-11-12 11:27:32,735 INFO [cli] {'ticker': 'IWM', 'mode': 'tri', 'thr': 120, 'window': '2Y', 'order': 4, 'rows': 63}
2025-11-12 11:27:32,747 INFO [cli] {'ticker': 'IWM', 'mode': 'tri', 'thr': 120, 'window': '5Y', 'order': 1, 'rows': 3}
2025-11-12 11:27:32,757 INFO [cli] {'ticker': 'IWM', 'mode': 'tri', 'thr': 120, 'window': '5Y', 'order': 2, 'rows': 9}
2025-11-12 11:27:32,766 INFO [cli] {'ticker': 'IWM', 'mode': 'tri', 'thr': 120, 'window': '5Y', 'order': 3, 'rows': 27}
2025-11-12 11:27:32,776 INFO [cli] {'ticker': 'IWM', 'mode': 'tri', 'thr': 120, 'window': '5Y', 'order': 4, 'rows': 78}
2025-11-12 11:27:32,787 INFO [cli] {'ticker': 'IWM', 'mode': 'tri', 'thr': 120, 'window': '10Y', 'order': 1, 'rows': 3}
2025-11-12 11:27:32,798 INFO [cli] {'ticker': 'IWM', 'mode': 'tri', 'thr': 120, 'window': '10Y', 'order': 2, 'rows': 9}
2025-11-12 11:27:32,810 INFO [cli] {'ticker': 'IWM', 'mode': 'tri', 'thr': 120, 'window': '10Y', 'order': 3, 'rows': 27}
2025-11-12 11:27:32,821 INFO [cli] {'ticker': 'IWM', 'mode': 'tri', 'thr': 120, 'window': '10Y', 'order': 4, 'rows': 81}
2025-11-12 11:27:32,831 INFO [cli] {'ticker': 'IWM', 'mode': 'tri', 'thr': 120, 'window': '20Y', 'order': 1, 'rows': 3}
2025-11-12 11:27:32,839 INFO [cli] {'ticker': 'IWM', 'mode': 'tri', 'thr': 120, 'window': '20Y', 'order': 2, 'rows': 9}
2025-11-12 11:27:32,850 INFO [cli] {'ticker': 'IWM', 'mode': 'tri', 'thr': 120, 'window': '20Y', 'order': 3, 'rows': 27}
2025-11-12 11:27:32,858 INFO [cli] {'ticker': 'IWM', 'mode': 'tri', 'thr': 120, 'window': '20Y', 'order': 4, 'rows': 81}
2025-11-12 11:27:32,868 INFO [cli] {'ticker': 'IWM', 'mode': 'tri', 'thr': 120, 'window': 'MAX', 'order': 1, 'rows': 3}
2025-11-12 11:27:32,877 INFO [cli] {'ticker': 'IWM', 'mode': 'tri', 'thr': 120, 'window': 'MAX', 'order': 2, 'rows': 9}
2025-11-12 11:27:32,886 INFO [cli] {'ticker': 'IWM', 'mode': 'tri', 'thr': 120, 'window': 'MAX', 'order': 3, 'rows': 27}
2025-11-12 11:27:32,897 INFO [cli] {'ticker': 'IWM', 'mode': 'tri', 'thr': 120, 'window': 'MAX', 'order': 4, 'rows': 81}
2025-11-12 11:27:32,912 INFO [cli] {'ticker': 'IWM', 'mode': 'tri', 'thr': 125, 'window': '1Y', 'order': 1, 'rows': 3}
2025-11-12 11:27:32,923 INFO [cli] {'ticker': 'IWM', 'mode': 'tri', 'thr': 125, 'window': '1Y', 'order': 2, 'rows': 9}
2025-11-12 11:27:32,934 INFO [cli] {'ticker': 'IWM', 'mode': 'tri', 'thr': 125, 'window': '1Y', 'order': 3, 'rows': 25}
2025-11-12 11:27:32,945 INFO [cli] {'ticker': 'IWM', 'mode': 'tri', 'thr': 125, 'window': '1Y', 'order': 4, 'rows': 49}
2025-11-12 11:27:32,955 INFO [cli] {'ticker': 'IWM', 'mode': 'tri', 'thr': 125, 'window': '2Y', 'order': 1, 'rows': 3}
2025-11-12 11:27:32,965 INFO [cli] {'ticker': 'IWM', 'mode': 'tri', 'thr': 125, 'window': '2Y', 'order': 2, 'rows': 9}
2025-11-12 11:27:32,976 INFO [cli] {'ticker': 'IWM', 'mode': 'tri', 'thr': 125, 'window': '2Y', 'order': 3, 'rows': 26}
2025-11-12 11:27:32,987 INFO [cli] {'ticker': 'IWM', 'mode': 'tri', 'thr': 125, 'window': '2Y', 'order': 4, 'rows': 63}
2025-11-12 11:27:32,997 INFO [cli] {'ticker': 'IWM', 'mode': 'tri', 'thr': 125, 'window': '5Y', 'order': 1, 'rows': 3}
2025-11-12 11:27:33,007 INFO [cli] {'ticker': 'IWM', 'mode': 'tri', 'thr': 125, 'window': '5Y', 'order': 2, 'rows': 9}
2025-11-12 11:27:33,017 INFO [cli] {'ticker': 'IWM', 'mode': 'tri', 'thr': 125, 'window': '5Y', 'order': 3, 'rows': 27}
2025-11-12 11:27:33,026 INFO [cli] {'ticker': 'IWM', 'mode': 'tri', 'thr': 125, 'window': '5Y', 'order': 4, 'rows': 78}
2025-11-12 11:27:33,036 INFO [cli] {'ticker': 'IWM', 'mode': 'tri', 'thr': 125, 'window': '10Y', 'order': 1, 'rows': 3}
2025-11-12 11:27:33,046 INFO [cli] {'ticker': 'IWM', 'mode': 'tri', 'thr': 125, 'window': '10Y', 'order': 2, 'rows': 9}
2025-11-12 11:27:33,057 INFO [cli] {'ticker': 'IWM', 'mode': 'tri', 'thr': 125, 'window': '10Y', 'order': 3, 'rows': 27}
2025-11-12 11:27:33,067 INFO [cli] {'ticker': 'IWM', 'mode': 'tri', 'thr': 125, 'window': '10Y', 'order': 4, 'rows': 81}
2025-11-12 11:27:33,075 INFO [cli] {'ticker': 'IWM', 'mode': 'tri', 'thr': 125, 'window': '20Y', 'order': 1, 'rows': 3}
2025-11-12 11:27:33,083 INFO [cli] {'ticker': 'IWM', 'mode': 'tri', 'thr': 125, 'window': '20Y', 'order': 2, 'rows': 9}
2025-11-12 11:27:33,094 INFO [cli] {'ticker': 'IWM', 'mode': 'tri', 'thr': 125, 'window': '20Y', 'order': 3, 'rows': 27}
2025-11-12 11:27:33,105 INFO [cli] {'ticker': 'IWM', 'mode': 'tri', 'thr': 125, 'window': '20Y', 'order': 4, 'rows': 81}
2025-11-12 11:27:33,113 INFO [cli] {'ticker': 'IWM', 'mode': 'tri', 'thr': 125, 'window': 'MAX', 'order': 1, 'rows': 3}
2025-11-12 11:27:33,119 INFO [cli] {'ticker': 'IWM', 'mode': 'tri', 'thr': 125, 'window': 'MAX', 'order': 2, 'rows': 9}
2025-11-12 11:27:33,126 INFO [cli] {'ticker': 'IWM', 'mode': 'tri', 'thr': 125, 'window': 'MAX', 'order': 3, 'rows': 27}
2025-11-12 11:27:33,133 INFO [cli] {'ticker': 'IWM', 'mode': 'tri', 'thr': 125, 'window': 'MAX', 'order': 4, 'rows': 81}
2025-11-12 11:27:33,147 INFO [cli] {'ticker': 'IWM', 'mode': 'tri', 'thr': 130, 'window': '1Y', 'order': 1, 'rows': 3}
2025-11-12 11:27:33,155 INFO [cli] {'ticker': 'IWM', 'mode': 'tri', 'thr': 130, 'window': '1Y', 'order': 2, 'rows': 9}
2025-11-12 11:27:33,163 INFO [cli] {'ticker': 'IWM', 'mode': 'tri', 'thr': 130, 'window': '1Y', 'order': 3, 'rows': 24}
2025-11-12 11:27:33,168 INFO [cli] {'ticker': 'IWM', 'mode': 'tri', 'thr': 130, 'window': '1Y', 'order': 4, 'rows': 46}
2025-11-12 11:27:33,175 INFO [cli] {'ticker': 'IWM', 'mode': 'tri', 'thr': 130, 'window': '2Y', 'order': 1, 'rows': 3}
2025-11-12 11:27:33,183 INFO [cli] {'ticker': 'IWM', 'mode': 'tri', 'thr': 130, 'window': '2Y', 'order': 2, 'rows': 9}
2025-11-12 11:27:33,190 INFO [cli] {'ticker': 'IWM', 'mode': 'tri', 'thr': 130, 'window': '2Y', 'order': 3, 'rows': 26}
2025-11-12 11:27:33,197 INFO [cli] {'ticker': 'IWM', 'mode': 'tri', 'thr': 130, 'window': '2Y', 'order': 4, 'rows': 59}
2025-11-12 11:27:33,204 INFO [cli] {'ticker': 'IWM', 'mode': 'tri', 'thr': 130, 'window': '5Y', 'order': 1, 'rows': 3}
2025-11-12 11:27:33,211 INFO [cli] {'ticker': 'IWM', 'mode': 'tri', 'thr': 130, 'window': '5Y', 'order': 2, 'rows': 9}
2025-11-12 11:27:33,219 INFO [cli] {'ticker': 'IWM', 'mode': 'tri', 'thr': 130, 'window': '5Y', 'order': 3, 'rows': 27}
2025-11-12 11:27:33,226 INFO [cli] {'ticker': 'IWM', 'mode': 'tri', 'thr': 130, 'window': '5Y', 'order': 4, 'rows': 78}
2025-11-12 11:27:33,233 INFO [cli] {'ticker': 'IWM', 'mode': 'tri', 'thr': 130, 'window': '10Y', 'order': 1, 'rows': 3}
2025-11-12 11:27:33,249 INFO [cli] {'ticker': 'IWM', 'mode': 'tri', 'thr': 130, 'window': '10Y', 'order': 2, 'rows': 9}
2025-11-12 11:27:33,257 INFO [cli] {'ticker': 'IWM', 'mode': 'tri', 'thr': 130, 'window': '10Y', 'order': 3, 'rows': 27}
2025-11-12 11:27:33,264 INFO [cli] {'ticker': 'IWM', 'mode': 'tri', 'thr': 130, 'window': '10Y', 'order': 4, 'rows': 81}
2025-11-12 11:27:33,271 INFO [cli] {'ticker': 'IWM', 'mode': 'tri', 'thr': 130, 'window': '20Y', 'order': 1, 'rows': 3}
2025-11-12 11:27:33,279 INFO [cli] {'ticker': 'IWM', 'mode': 'tri', 'thr': 130, 'window': '20Y', 'order': 2, 'rows': 9}
2025-11-12 11:27:33,287 INFO [cli] {'ticker': 'IWM', 'mode': 'tri', 'thr': 130, 'window': '20Y', 'order': 3, 'rows': 27}
2025-11-12 11:27:33,294 INFO [cli] {'ticker': 'IWM', 'mode': 'tri', 'thr': 130, 'window': '20Y', 'order': 4, 'rows': 81}
2025-11-12 11:27:33,300 INFO [cli] {'ticker': 'IWM', 'mode': 'tri', 'thr': 130, 'window': 'MAX', 'order': 1, 'rows': 3}
2025-11-12 11:27:33,307 INFO [cli] {'ticker': 'IWM', 'mode': 'tri', 'thr': 130, 'window': 'MAX', 'order': 2, 'rows': 9}
2025-11-12 11:27:33,315 INFO [cli] {'ticker': 'IWM', 'mode': 'tri', 'thr': 130, 'window': 'MAX', 'order': 3, 'rows': 27}
2025-11-12 11:27:33,322 INFO [cli] {'ticker': 'IWM', 'mode': 'tri', 'thr': 130, 'window': 'MAX', 'order': 4, 'rows': 81}

{'ticker': 'IWM', 'mode': 'tri', 'thr': 115, 'window': '1Y', 'order': 1, 'rows': 3}
{'ticker': 'IWM', 'mode': 'tri', 'thr': 115, 'window': '1Y', 'order': 2, 'rows': 9}
{'ticker': 'IWM', 'mode': 'tri', 'thr': 115, 'window': '1Y', 'order': 3, 'rows': 25}
{'ticker': 'IWM', 'mode': 'tri', 'thr': 115, 'window': '1Y', 'order': 4, 'rows': 52}
{'ticker': 'IWM', 'mode': 'tri', 'thr': 115, 'window': '2Y', 'order': 1, 'rows': 3}
{'ticker': 'IWM', 'mode': 'tri', 'thr': 115, 'window': '2Y', 'order': 2, 'rows': 9}
{'ticker': 'IWM', 'mode': 'tri', 'thr': 115, 'window': '2Y', 'order': 3, 'rows': 26}
{'ticker': 'IWM', 'mode': 'tri', 'thr': 115, 'window': '2Y', 'order': 4, 'rows': 64}
{'ticker': 'IWM', 'mode': 'tri', 'thr': 115, 'window': '5Y', 'order': 1, 'rows': 3}
{'ticker': 'IWM', 'mode': 'tri', 'thr': 115, 'window': '5Y', 'order': 2, 'rows': 9}
{'ticker': 'IWM', 'mode': 'tri', 'thr': 115, 'window': '5Y', 'order': 3, 'rows': 27}
{'ticker': 'IWM', 'mode': 'tri', 'thr': 115, 'window': '5Y', 'order': 4, 'rows': 80}
{'ticker': 'IWM', 'mode': 'tri', 'thr': 115, 'window': '10Y', 'order': 1, 'rows': 3}
{'ticker': 'IWM', 'mode': 'tri', 'thr': 115, 'window': '10Y', 'order': 2, 'rows': 9}
{'ticker': 'IWM', 'mode': 'tri', 'thr': 115, 'window': '10Y', 'order': 3, 'rows': 27}
{'ticker': 'IWM', 'mode': 'tri', 'thr': 115, 'window': '10Y', 'order': 4, 'rows': 81}
{'ticker': 'IWM', 'mode': 'tri', 'thr': 115, 'window': '20Y', 'order': 1, 'rows': 3}
{'ticker': 'IWM', 'mode': 'tri', 'thr': 115, 'window': '20Y', 'order': 2, 'rows': 9}
{'ticker': 'IWM', 'mode': 'tri', 'thr': 115, 'window': '20Y', 'order': 3, 'rows': 27}
{'ticker': 'IWM', 'mode': 'tri', 'thr': 115, 'window': '20Y', 'order': 4, 'rows': 81}
{'ticker': 'IWM', 'mode': 'tri', 'thr': 115, 'window': 'MAX', 'order': 1, 'rows': 3}
{'ticker': 'IWM', 'mode': 'tri', 'thr': 115, 'window': 'MAX', 'order': 2, 'rows': 9}
{'ticker': 'IWM', 'mode': 'tri', 'thr': 115, 'window': 'MAX', 'order': 3, 'rows': 27}
{'ticker': 'IWM', 'mode': 'tri', 'thr': 115, 'window': 'MAX', 'order': 4, 'rows': 81}
{'ticker': 'IWM', 'mode': 'tri', 'thr': 120, 'window': '1Y', 'order': 1, 'rows': 3}
{'ticker': 'IWM', 'mode': 'tri', 'thr': 120, 'window': '1Y', 'order': 2, 'rows': 9}
{'ticker': 'IWM', 'mode': 'tri', 'thr': 120, 'window': '1Y', 'order': 3, 'rows': 25}
{'ticker': 'IWM', 'mode': 'tri', 'thr': 120, 'window': '1Y', 'order': 4, 'rows': 50}
{'ticker': 'IWM', 'mode': 'tri', 'thr': 120, 'window': '2Y', 'order': 1, 'rows': 3}
{'ticker': 'IWM', 'mode': 'tri', 'thr': 120, 'window': '2Y', 'order': 2, 'rows': 9}
{'ticker': 'IWM', 'mode': 'tri', 'thr': 120, 'window': '2Y', 'order': 3, 'rows': 26}
{'ticker': 'IWM', 'mode': 'tri', 'thr': 120, 'window': '2Y', 'order': 4, 'rows': 63}
{'ticker': 'IWM', 'mode': 'tri', 'thr': 120, 'window': '5Y', 'order': 1, 'rows': 3}
{'ticker': 'IWM', 'mode': 'tri', 'thr': 120, 'window': '5Y', 'order': 2, 'rows': 9}
{'ticker': 'IWM', 'mode': 'tri', 'thr': 120, 'window': '5Y', 'order': 3, 'rows': 27}
{'ticker': 'IWM', 'mode': 'tri', 'thr': 120, 'window': '5Y', 'order': 4, 'rows': 78}
{'ticker': 'IWM', 'mode': 'tri', 'thr': 120, 'window': '10Y', 'order': 1, 'rows': 3}
{'ticker': 'IWM', 'mode': 'tri', 'thr': 120, 'window': '10Y', 'order': 2, 'rows': 9}
{'ticker': 'IWM', 'mode': 'tri', 'thr': 120, 'window': '10Y', 'order': 3, 'rows': 27}
{'ticker': 'IWM', 'mode': 'tri', 'thr': 120, 'window': '10Y', 'order': 4, 'rows': 81}
{'ticker': 'IWM', 'mode': 'tri', 'thr': 120, 'window': '20Y', 'order': 1, 'rows': 3}
{'ticker': 'IWM', 'mode': 'tri', 'thr': 120, 'window': '20Y', 'order': 2, 'rows': 9}
{'ticker': 'IWM', 'mode': 'tri', 'thr': 120, 'window': '20Y', 'order': 3, 'rows': 27}
{'ticker': 'IWM', 'mode': 'tri', 'thr': 120, 'window': '20Y', 'order': 4, 'rows': 81}
{'ticker': 'IWM', 'mode': 'tri', 'thr': 120, 'window': 'MAX', 'order': 1, 'rows': 3}
{'ticker': 'IWM', 'mode': 'tri', 'thr': 120, 'window': 'MAX', 'order': 2, 'rows': 9}
{'ticker': 'IWM', 'mode': 'tri', 'thr': 120, 'window': 'MAX', 'order': 3, 'rows': 27}
{'ticker': 'IWM', 'mode': 'tri', 'thr': 120, 'window': 'MAX', 'order': 4, 'rows': 81}
{'ticker': 'IWM', 'mode': 'tri', 'thr': 125, 'window': '1Y', 'order': 1, 'rows': 3}
{'ticker': 'IWM', 'mode': 'tri', 'thr': 125, 'window': '1Y', 'order': 2, 'rows': 9}
{'ticker': 'IWM', 'mode': 'tri', 'thr': 125, 'window': '1Y', 'order': 3, 'rows': 25}
{'ticker': 'IWM', 'mode': 'tri', 'thr': 125, 'window': '1Y', 'order': 4, 'rows': 49}
{'ticker': 'IWM', 'mode': 'tri', 'thr': 125, 'window': '2Y', 'order': 1, 'rows': 3}
{'ticker': 'IWM', 'mode': 'tri', 'thr': 125, 'window': '2Y', 'order': 2, 'rows': 9}
{'ticker': 'IWM', 'mode': 'tri', 'thr': 125, 'window': '2Y', 'order': 3, 'rows': 26}
{'ticker': 'IWM', 'mode': 'tri', 'thr': 125, 'window': '2Y', 'order': 4, 'rows': 63}
{'ticker': 'IWM', 'mode': 'tri', 'thr': 125, 'window': '5Y', 'order': 1, 'rows': 3}
{'ticker': 'IWM', 'mode': 'tri', 'thr': 125, 'window': '5Y', 'order': 2, 'rows': 9}
{'ticker': 'IWM', 'mode': 'tri', 'thr': 125, 'window': '5Y', 'order': 3, 'rows': 27}
{'ticker': 'IWM', 'mode': 'tri', 'thr': 125, 'window': '5Y', 'order': 4, 'rows': 78}
{'ticker': 'IWM', 'mode': 'tri', 'thr': 125, 'window': '10Y', 'order': 1, 'rows': 3}
{'ticker': 'IWM', 'mode': 'tri', 'thr': 125, 'window': '10Y', 'order': 2, 'rows': 9}
{'ticker': 'IWM', 'mode': 'tri', 'thr': 125, 'window': '10Y', 'order': 3, 'rows': 27}
{'ticker': 'IWM', 'mode': 'tri', 'thr': 125, 'window': '10Y', 'order': 4, 'rows': 81}
{'ticker': 'IWM', 'mode': 'tri', 'thr': 125, 'window': '20Y', 'order': 1, 'rows': 3}
{'ticker': 'IWM', 'mode': 'tri', 'thr': 125, 'window': '20Y', 'order': 2, 'rows': 9}
{'ticker': 'IWM', 'mode': 'tri', 'thr': 125, 'window': '20Y', 'order': 3, 'rows': 27}
{'ticker': 'IWM', 'mode': 'tri', 'thr': 125, 'window': '20Y', 'order': 4, 'rows': 81}
{'ticker': 'IWM', 'mode': 'tri', 'thr': 125, 'window': 'MAX', 'order': 1, 'rows': 3}
{'ticker': 'IWM', 'mode': 'tri', 'thr': 125, 'window': 'MAX', 'order': 2, 'rows': 9}
{'ticker': 'IWM', 'mode': 'tri', 'thr': 125, 'window': 'MAX', 'order': 3, 'rows': 27}
{'ticker': 'IWM', 'mode': 'tri', 'thr': 125, 'window': 'MAX', 'order': 4, 'rows': 81}
{'ticker': 'IWM', 'mode': 'tri', 'thr': 130, 'window': '1Y', 'order': 1, 'rows': 3}
{'ticker': 'IWM', 'mode': 'tri', 'thr': 130, 'window': '1Y', 'order': 2, 'rows': 9}
{'ticker': 'IWM', 'mode': 'tri', 'thr': 130, 'window': '1Y', 'order': 3, 'rows': 24}
{'ticker': 'IWM', 'mode': 'tri', 'thr': 130, 'window': '1Y', 'order': 4, 'rows': 46}
{'ticker': 'IWM', 'mode': 'tri', 'thr': 130, 'window': '2Y', 'order': 1, 'rows': 3}
{'ticker': 'IWM', 'mode': 'tri', 'thr': 130, 'window': '2Y', 'order': 2, 'rows': 9}
{'ticker': 'IWM', 'mode': 'tri', 'thr': 130, 'window': '2Y', 'order': 3, 'rows': 26}
{'ticker': 'IWM', 'mode': 'tri', 'thr': 130, 'window': '2Y', 'order': 4, 'rows': 59}
{'ticker': 'IWM', 'mode': 'tri', 'thr': 130, 'window': '5Y', 'order': 1, 'rows': 3}
{'ticker': 'IWM', 'mode': 'tri', 'thr': 130, 'window': '5Y', 'order': 2, 'rows': 9}
{'ticker': 'IWM', 'mode': 'tri', 'thr': 130, 'window': '5Y', 'order': 3, 'rows': 27}
{'ticker': 'IWM', 'mode': 'tri', 'thr': 130, 'window': '5Y', 'order': 4, 'rows': 78}
{'ticker': 'IWM', 'mode': 'tri', 'thr': 130, 'window': '10Y', 'order': 1, 'rows': 3}
{'ticker': 'IWM', 'mode': 'tri', 'thr': 130, 'window': '10Y', 'order': 2, 'rows': 9}
{'ticker': 'IWM', 'mode': 'tri', 'thr': 130, 'window': '10Y', 'order': 3, 'rows': 27}
{'ticker': 'IWM', 'mode': 'tri', 'thr': 130, 'window': '10Y', 'order': 4, 'rows': 81}
{'ticker': 'IWM', 'mode': 'tri', 'thr': 130, 'window': '20Y', 'order': 1, 'rows': 3}
{'ticker': 'IWM', 'mode': 'tri', 'thr': 130, 'window': '20Y', 'order': 2, 'rows': 9}
{'ticker': 'IWM', 'mode': 'tri', 'thr': 130, 'window': '20Y', 'order': 3, 'rows': 27}
{'ticker': 'IWM', 'mode': 'tri', 'thr': 130, 'window': '20Y', 'order': 4, 'rows': 81}
{'ticker': 'IWM', 'mode': 'tri', 'thr': 130, 'window': 'MAX', 'order': 1, 'rows': 3}
{'ticker': 'IWM', 'mode': 'tri', 'thr': 130, 'window': 'MAX', 'order': 2, 'rows': 9}
{'ticker': 'IWM', 'mode': 'tri', 'thr': 130, 'window': 'MAX', 'order': 3, 'rows': 27}
{'ticker': 'IWM', 'mode': 'tri', 'thr': 130, 'window': 'MAX', 'order': 4, 'rows': 81}
{'ticker': 'IWM', 'mode': 'tri', 'thr': 135, 'window': '1Y', 'order': 1, 'rows': 3}2025-11-12 11:27:33,336 INFO [cli] {'ticker': 'IWM', 'mode': 'tri', 'thr': 135, 'window': '1Y', 'order': 1, 'rows': 3}
2025-11-12 11:27:33,344 INFO [cli] {'ticker': 'IWM', 'mode': 'tri', 'thr': 135, 'window': '1Y', 'order': 2, 'rows': 9}
2025-11-12 11:27:33,350 INFO [cli] {'ticker': 'IWM', 'mode': 'tri', 'thr': 135, 'window': '1Y', 'order': 3, 'rows': 23}
2025-11-12 11:27:33,359 INFO [cli] {'ticker': 'IWM', 'mode': 'tri', 'thr': 135, 'window': '1Y', 'order': 4, 'rows': 42}
2025-11-12 11:27:33,365 INFO [cli] {'ticker': 'IWM', 'mode': 'tri', 'thr': 135, 'window': '2Y', 'order': 1, 'rows': 3}
2025-11-12 11:27:33,372 INFO [cli] {'ticker': 'IWM', 'mode': 'tri', 'thr': 135, 'window': '2Y', 'order': 2, 'rows': 9}
2025-11-12 11:27:33,379 INFO [cli] {'ticker': 'IWM', 'mode': 'tri', 'thr': 135, 'window': '2Y', 'order': 3, 'rows': 26}
2025-11-12 11:27:33,387 INFO [cli] {'ticker': 'IWM', 'mode': 'tri', 'thr': 135, 'window': '2Y', 'order': 4, 'rows': 57}
2025-11-12 11:27:33,394 INFO [cli] {'ticker': 'IWM', 'mode': 'tri', 'thr': 135, 'window': '5Y', 'order': 1, 'rows': 3}
2025-11-12 11:27:33,402 INFO [cli] {'ticker': 'IWM', 'mode': 'tri', 'thr': 135, 'window': '5Y', 'order': 2, 'rows': 9}
2025-11-12 11:27:33,409 INFO [cli] {'ticker': 'IWM', 'mode': 'tri', 'thr': 135, 'window': '5Y', 'order': 3, 'rows': 27}
2025-11-12 11:27:33,416 INFO [cli] {'ticker': 'IWM', 'mode': 'tri', 'thr': 135, 'window': '5Y', 'order': 4, 'rows': 78}
2025-11-12 11:27:33,423 INFO [cli] {'ticker': 'IWM', 'mode': 'tri', 'thr': 135, 'window': '10Y', 'order': 1, 'rows': 3}
2025-11-12 11:27:33,431 INFO [cli] {'ticker': 'IWM', 'mode': 'tri', 'thr': 135, 'window': '10Y', 'order': 2, 'rows': 9}
2025-11-12 11:27:33,439 INFO [cli] {'ticker': 'IWM', 'mode': 'tri', 'thr': 135, 'window': '10Y', 'order': 3, 'rows': 27}
2025-11-12 11:27:33,447 INFO [cli] {'ticker': 'IWM', 'mode': 'tri', 'thr': 135, 'window': '10Y', 'order': 4, 'rows': 81}
2025-11-12 11:27:33,455 INFO [cli] {'ticker': 'IWM', 'mode': 'tri', 'thr': 135, 'window': '20Y', 'order': 1, 'rows': 3}
2025-11-12 11:27:33,462 INFO [cli] {'ticker': 'IWM', 'mode': 'tri', 'thr': 135, 'window': '20Y', 'order': 2, 'rows': 9}
2025-11-12 11:27:33,469 INFO [cli] {'ticker': 'IWM', 'mode': 'tri', 'thr': 135, 'window': '20Y', 'order': 3, 'rows': 27}
2025-11-12 11:27:33,477 INFO [cli] {'ticker': 'IWM', 'mode': 'tri', 'thr': 135, 'window': '20Y', 'order': 4, 'rows': 81}
2025-11-12 11:27:33,484 INFO [cli] {'ticker': 'IWM', 'mode': 'tri', 'thr': 135, 'window': 'MAX', 'order': 1, 'rows': 3}
2025-11-12 11:27:33,491 INFO [cli] {'ticker': 'IWM', 'mode': 'tri', 'thr': 135, 'window': 'MAX', 'order': 2, 'rows': 9}
2025-11-12 11:27:33,498 INFO [cli] {'ticker': 'IWM', 'mode': 'tri', 'thr': 135, 'window': 'MAX', 'order': 3, 'rows': 27}
2025-11-12 11:27:33,506 INFO [cli] {'ticker': 'IWM', 'mode': 'tri', 'thr': 135, 'window': 'MAX', 'order': 4, 'rows': 81}
2025-11-12 11:27:33,520 INFO [cli] {'ticker': 'IWM', 'mode': 'tri', 'thr': 140, 'window': '1Y', 'order': 1, 'rows': 3}
2025-11-12 11:27:33,528 INFO [cli] {'ticker': 'IWM', 'mode': 'tri', 'thr': 140, 'window': '1Y', 'order': 2, 'rows': 9}
2025-11-12 11:27:33,534 INFO [cli] {'ticker': 'IWM', 'mode': 'tri', 'thr': 140, 'window': '1Y', 'order': 3, 'rows': 23}
2025-11-12 11:27:33,541 INFO [cli] {'ticker': 'IWM', 'mode': 'tri', 'thr': 140, 'window': '1Y', 'order': 4, 'rows': 42}
2025-11-12 11:27:33,548 INFO [cli] {'ticker': 'IWM', 'mode': 'tri', 'thr': 140, 'window': '2Y', 'order': 1, 'rows': 3}
2025-11-12 11:27:33,554 INFO [cli] {'ticker': 'IWM', 'mode': 'tri', 'thr': 140, 'window': '2Y', 'order': 2, 'rows': 9}
2025-11-12 11:27:33,559 INFO [cli] {'ticker': 'IWM', 'mode': 'tri', 'thr': 140, 'window': '2Y', 'order': 3, 'rows': 26}
2025-11-12 11:27:33,566 INFO [cli] {'ticker': 'IWM', 'mode': 'tri', 'thr': 140, 'window': '2Y', 'order': 4, 'rows': 54}
2025-11-12 11:27:33,573 INFO [cli] {'ticker': 'IWM', 'mode': 'tri', 'thr': 140, 'window': '5Y', 'order': 1, 'rows': 3}
2025-11-12 11:27:33,579 INFO [cli] {'ticker': 'IWM', 'mode': 'tri', 'thr': 140, 'window': '5Y', 'order': 2, 'rows': 9}
2025-11-12 11:27:33,587 INFO [cli] {'ticker': 'IWM', 'mode': 'tri', 'thr': 140, 'window': '5Y', 'order': 3, 'rows': 27}
2025-11-12 11:27:33,593 INFO [cli] {'ticker': 'IWM', 'mode': 'tri', 'thr': 140, 'window': '5Y', 'order': 4, 'rows': 76}
2025-11-12 11:27:33,600 INFO [cli] {'ticker': 'IWM', 'mode': 'tri', 'thr': 140, 'window': '10Y', 'order': 1, 'rows': 3}
2025-11-12 11:27:33,606 INFO [cli] {'ticker': 'IWM', 'mode': 'tri', 'thr': 140, 'window': '10Y', 'order': 2, 'rows': 9}
2025-11-12 11:27:33,614 INFO [cli] {'ticker': 'IWM', 'mode': 'tri', 'thr': 140, 'window': '10Y', 'order': 3, 'rows': 27}
2025-11-12 11:27:33,621 INFO [cli] {'ticker': 'IWM', 'mode': 'tri', 'thr': 140, 'window': '10Y', 'order': 4, 'rows': 81}
2025-11-12 11:27:33,627 INFO [cli] {'ticker': 'IWM', 'mode': 'tri', 'thr': 140, 'window': '20Y', 'order': 1, 'rows': 3}
2025-11-12 11:27:33,633 INFO [cli] {'ticker': 'IWM', 'mode': 'tri', 'thr': 140, 'window': '20Y', 'order': 2, 'rows': 9}
2025-11-12 11:27:33,639 INFO [cli] {'ticker': 'IWM', 'mode': 'tri', 'thr': 140, 'window': '20Y', 'order': 3, 'rows': 27}
2025-11-12 11:27:33,645 INFO [cli] {'ticker': 'IWM', 'mode': 'tri', 'thr': 140, 'window': '20Y', 'order': 4, 'rows': 81}
2025-11-12 11:27:33,651 INFO [cli] {'ticker': 'IWM', 'mode': 'tri', 'thr': 140, 'window': 'MAX', 'order': 1, 'rows': 3}
2025-11-12 11:27:33,659 INFO [cli] {'ticker': 'IWM', 'mode': 'tri', 'thr': 140, 'window': 'MAX', 'order': 2, 'rows': 9}
2025-11-12 11:27:33,665 INFO [cli] {'ticker': 'IWM', 'mode': 'tri', 'thr': 140, 'window': 'MAX', 'order': 3, 'rows': 27}
2025-11-12 11:27:33,671 INFO [cli] {'ticker': 'IWM', 'mode': 'tri', 'thr': 140, 'window': 'MAX', 'order': 4, 'rows': 81}
2025-11-12 11:27:33,684 INFO [cli] {'ticker': 'IWM', 'mode': 'tri', 'thr': 145, 'window': '1Y', 'order': 1, 'rows': 3}
2025-11-12 11:27:33,691 INFO [cli] {'ticker': 'IWM', 'mode': 'tri', 'thr': 145, 'window': '1Y', 'order': 2, 'rows': 9}
2025-11-12 11:27:33,697 INFO [cli] {'ticker': 'IWM', 'mode': 'tri', 'thr': 145, 'window': '1Y', 'order': 3, 'rows': 23}
2025-11-12 11:27:33,702 INFO [cli] {'ticker': 'IWM', 'mode': 'tri', 'thr': 145, 'window': '1Y', 'order': 4, 'rows': 41}
2025-11-12 11:27:33,707 INFO [cli] {'ticker': 'IWM', 'mode': 'tri', 'thr': 145, 'window': '2Y', 'order': 1, 'rows': 3}
2025-11-12 11:27:33,713 INFO [cli] {'ticker': 'IWM', 'mode': 'tri', 'thr': 145, 'window': '2Y', 'order': 2, 'rows': 9}
2025-11-12 11:27:33,719 INFO [cli] {'ticker': 'IWM', 'mode': 'tri', 'thr': 145, 'window': '2Y', 'order': 3, 'rows': 26}
2025-11-12 11:27:33,724 INFO [cli] {'ticker': 'IWM', 'mode': 'tri', 'thr': 145, 'window': '2Y', 'order': 4, 'rows': 54}
2025-11-12 11:27:33,729 INFO [cli] {'ticker': 'IWM', 'mode': 'tri', 'thr': 145, 'window': '5Y', 'order': 1, 'rows': 3}
2025-11-12 11:27:33,736 INFO [cli] {'ticker': 'IWM', 'mode': 'tri', 'thr': 145, 'window': '5Y', 'order': 2, 'rows': 9}
2025-11-12 11:27:33,744 INFO [cli] {'ticker': 'IWM', 'mode': 'tri', 'thr': 145, 'window': '5Y', 'order': 3, 'rows': 27}
2025-11-12 11:27:33,751 INFO [cli] {'ticker': 'IWM', 'mode': 'tri', 'thr': 145, 'window': '5Y', 'order': 4, 'rows': 76}
2025-11-12 11:27:33,758 INFO [cli] {'ticker': 'IWM', 'mode': 'tri', 'thr': 145, 'window': '10Y', 'order': 1, 'rows': 3}
2025-11-12 11:27:33,767 INFO [cli] {'ticker': 'IWM', 'mode': 'tri', 'thr': 145, 'window': '10Y', 'order': 2, 'rows': 9}
2025-11-12 11:27:33,773 INFO [cli] {'ticker': 'IWM', 'mode': 'tri', 'thr': 145, 'window': '10Y', 'order': 3, 'rows': 27}
2025-11-12 11:27:33,780 INFO [cli] {'ticker': 'IWM', 'mode': 'tri', 'thr': 145, 'window': '10Y', 'order': 4, 'rows': 81}
2025-11-12 11:27:33,788 INFO [cli] {'ticker': 'IWM', 'mode': 'tri', 'thr': 145, 'window': '20Y', 'order': 1, 'rows': 3}
2025-11-12 11:27:33,795 INFO [cli] {'ticker': 'IWM', 'mode': 'tri', 'thr': 145, 'window': '20Y', 'order': 2, 'rows': 9}
2025-11-12 11:27:33,801 INFO [cli] {'ticker': 'IWM', 'mode': 'tri', 'thr': 145, 'window': '20Y', 'order': 3, 'rows': 27}
2025-11-12 11:27:33,808 INFO [cli] {'ticker': 'IWM', 'mode': 'tri', 'thr': 145, 'window': '20Y', 'order': 4, 'rows': 81}
2025-11-12 11:27:33,814 INFO [cli] {'ticker': 'IWM', 'mode': 'tri', 'thr': 145, 'window': 'MAX', 'order': 1, 'rows': 3}
2025-11-12 11:27:33,821 INFO [cli] {'ticker': 'IWM', 'mode': 'tri', 'thr': 145, 'window': 'MAX', 'order': 2, 'rows': 9}
2025-11-12 11:27:33,829 INFO [cli] {'ticker': 'IWM', 'mode': 'tri', 'thr': 145, 'window': 'MAX', 'order': 3, 'rows': 27}
2025-11-12 11:27:33,835 INFO [cli] {'ticker': 'IWM', 'mode': 'tri', 'thr': 145, 'window': 'MAX', 'order': 4, 'rows': 81}
2025-11-12 11:27:33,849 INFO [cli] {'ticker': 'IWM', 'mode': 'tri', 'thr': 150, 'window': '1Y', 'order': 1, 'rows': 3}
2025-11-12 11:27:33,855 INFO [cli] {'ticker': 'IWM', 'mode': 'tri', 'thr': 150, 'window': '1Y', 'order': 2, 'rows': 9}
2025-11-12 11:27:33,861 INFO [cli] {'ticker': 'IWM', 'mode': 'tri', 'thr': 150, 'window': '1Y', 'order': 3, 'rows': 20}
2025-11-12 11:27:33,867 INFO [cli] {'ticker': 'IWM', 'mode': 'tri', 'thr': 150, 'window': '1Y', 'order': 4, 'rows': 37}
2025-11-12 11:27:33,873 INFO [cli] {'ticker': 'IWM', 'mode': 'tri', 'thr': 150, 'window': '2Y', 'order': 1, 'rows': 3}
2025-11-12 11:27:33,881 INFO [cli] {'ticker': 'IWM', 'mode': 'tri', 'thr': 150, 'window': '2Y', 'order': 2, 'rows': 9}
2025-11-12 11:27:33,889 INFO [cli] {'ticker': 'IWM', 'mode': 'tri', 'thr': 150, 'window': '2Y', 'order': 3, 'rows': 26}
2025-11-12 11:27:33,895 INFO [cli] {'ticker': 'IWM', 'mode': 'tri', 'thr': 150, 'window': '2Y', 'order': 4, 'rows': 51}
2025-11-12 11:27:33,912 INFO [cli] {'ticker': 'IWM', 'mode': 'tri', 'thr': 150, 'window': '5Y', 'order': 1, 'rows': 3}
2025-11-12 11:27:33,919 INFO [cli] {'ticker': 'IWM', 'mode': 'tri', 'thr': 150, 'window': '5Y', 'order': 2, 'rows': 9}
2025-11-12 11:27:33,927 INFO [cli] {'ticker': 'IWM', 'mode': 'tri', 'thr': 150, 'window': '5Y', 'order': 3, 'rows': 27}
2025-11-12 11:27:33,934 INFO [cli] {'ticker': 'IWM', 'mode': 'tri', 'thr': 150, 'window': '5Y', 'order': 4, 'rows': 76}
2025-11-12 11:27:33,941 INFO [cli] {'ticker': 'IWM', 'mode': 'tri', 'thr': 150, 'window': '10Y', 'order': 1, 'rows': 3}
2025-11-12 11:27:33,948 INFO [cli] {'ticker': 'IWM', 'mode': 'tri', 'thr': 150, 'window': '10Y', 'order': 2, 'rows': 9}
2025-11-12 11:27:33,955 INFO [cli] {'ticker': 'IWM', 'mode': 'tri', 'thr': 150, 'window': '10Y', 'order': 3, 'rows': 27}
2025-11-12 11:27:33,962 INFO [cli] {'ticker': 'IWM', 'mode': 'tri', 'thr': 150, 'window': '10Y', 'order': 4, 'rows': 80}
2025-11-12 11:27:33,968 INFO [cli] {'ticker': 'IWM', 'mode': 'tri', 'thr': 150, 'window': '20Y', 'order': 1, 'rows': 3}
2025-11-12 11:27:33,973 INFO [cli] {'ticker': 'IWM', 'mode': 'tri', 'thr': 150, 'window': '20Y', 'order': 2, 'rows': 9}
2025-11-12 11:27:33,980 INFO [cli] {'ticker': 'IWM', 'mode': 'tri', 'thr': 150, 'window': '20Y', 'order': 3, 'rows': 27}
2025-11-12 11:27:33,987 INFO [cli] {'ticker': 'IWM', 'mode': 'tri', 'thr': 150, 'window': '20Y', 'order': 4, 'rows': 81}
2025-11-12 11:27:33,993 INFO [cli] {'ticker': 'IWM', 'mode': 'tri', 'thr': 150, 'window': 'MAX', 'order': 1, 'rows': 3}
2025-11-12 11:27:34,001 INFO [cli] {'ticker': 'IWM', 'mode': 'tri', 'thr': 150, 'window': 'MAX', 'order': 2, 'rows': 9}
2025-11-12 11:27:34,009 INFO [cli] {'ticker': 'IWM', 'mode': 'tri', 'thr': 150, 'window': 'MAX', 'order': 3, 'rows': 27}
2025-11-12 11:27:34,015 INFO [cli] {'ticker': 'IWM', 'mode': 'tri', 'thr': 150, 'window': 'MAX', 'order': 4, 'rows': 81}
2025-11-12 11:27:34,023 INFO [cli] build-markov-grid:finish

{'ticker': 'IWM', 'mode': 'tri', 'thr': 135, 'window': '1Y', 'order': 2, 'rows': 9}
{'ticker': 'IWM', 'mode': 'tri', 'thr': 135, 'window': '1Y', 'order': 3, 'rows': 23}
{'ticker': 'IWM', 'mode': 'tri', 'thr': 135, 'window': '1Y', 'order': 4, 'rows': 42}
{'ticker': 'IWM', 'mode': 'tri', 'thr': 135, 'window': '2Y', 'order': 1, 'rows': 3}
{'ticker': 'IWM', 'mode': 'tri', 'thr': 135, 'window': '2Y', 'order': 2, 'rows': 9}
{'ticker': 'IWM', 'mode': 'tri', 'thr': 135, 'window': '2Y', 'order': 3, 'rows': 26}
{'ticker': 'IWM', 'mode': 'tri', 'thr': 135, 'window': '2Y', 'order': 4, 'rows': 57}
{'ticker': 'IWM', 'mode': 'tri', 'thr': 135, 'window': '5Y', 'order': 1, 'rows': 3}
{'ticker': 'IWM', 'mode': 'tri', 'thr': 135, 'window': '5Y', 'order': 2, 'rows': 9}
{'ticker': 'IWM', 'mode': 'tri', 'thr': 135, 'window': '5Y', 'order': 3, 'rows': 27}
{'ticker': 'IWM', 'mode': 'tri', 'thr': 135, 'window': '5Y', 'order': 4, 'rows': 78}
{'ticker': 'IWM', 'mode': 'tri', 'thr': 135, 'window': '10Y', 'order': 1, 'rows': 3}
{'ticker': 'IWM', 'mode': 'tri', 'thr': 135, 'window': '10Y', 'order': 2, 'rows': 9}
{'ticker': 'IWM', 'mode': 'tri', 'thr': 135, 'window': '10Y', 'order': 3, 'rows': 27}
{'ticker': 'IWM', 'mode': 'tri', 'thr': 135, 'window': '10Y', 'order': 4, 'rows': 81}
{'ticker': 'IWM', 'mode': 'tri', 'thr': 135, 'window': '20Y', 'order': 1, 'rows': 3}
{'ticker': 'IWM', 'mode': 'tri', 'thr': 135, 'window': '20Y', 'order': 2, 'rows': 9}
{'ticker': 'IWM', 'mode': 'tri', 'thr': 135, 'window': '20Y', 'order': 3, 'rows': 27}
{'ticker': 'IWM', 'mode': 'tri', 'thr': 135, 'window': '20Y', 'order': 4, 'rows': 81}
{'ticker': 'IWM', 'mode': 'tri', 'thr': 135, 'window': 'MAX', 'order': 1, 'rows': 3}
{'ticker': 'IWM', 'mode': 'tri', 'thr': 135, 'window': 'MAX', 'order': 2, 'rows': 9}
{'ticker': 'IWM', 'mode': 'tri', 'thr': 135, 'window': 'MAX', 'order': 3, 'rows': 27}
{'ticker': 'IWM', 'mode': 'tri', 'thr': 135, 'window': 'MAX', 'order': 4, 'rows': 81}
{'ticker': 'IWM', 'mode': 'tri', 'thr': 140, 'window': '1Y', 'order': 1, 'rows': 3}
{'ticker': 'IWM', 'mode': 'tri', 'thr': 140, 'window': '1Y', 'order': 2, 'rows': 9}
{'ticker': 'IWM', 'mode': 'tri', 'thr': 140, 'window': '1Y', 'order': 3, 'rows': 23}
{'ticker': 'IWM', 'mode': 'tri', 'thr': 140, 'window': '1Y', 'order': 4, 'rows': 42}
{'ticker': 'IWM', 'mode': 'tri', 'thr': 140, 'window': '2Y', 'order': 1, 'rows': 3}
{'ticker': 'IWM', 'mode': 'tri', 'thr': 140, 'window': '2Y', 'order': 2, 'rows': 9}
{'ticker': 'IWM', 'mode': 'tri', 'thr': 140, 'window': '2Y', 'order': 3, 'rows': 26}
{'ticker': 'IWM', 'mode': 'tri', 'thr': 140, 'window': '2Y', 'order': 4, 'rows': 54}
{'ticker': 'IWM', 'mode': 'tri', 'thr': 140, 'window': '5Y', 'order': 1, 'rows': 3}
{'ticker': 'IWM', 'mode': 'tri', 'thr': 140, 'window': '5Y', 'order': 2, 'rows': 9}
{'ticker': 'IWM', 'mode': 'tri', 'thr': 140, 'window': '5Y', 'order': 3, 'rows': 27}
{'ticker': 'IWM', 'mode': 'tri', 'thr': 140, 'window': '5Y', 'order': 4, 'rows': 76}
{'ticker': 'IWM', 'mode': 'tri', 'thr': 140, 'window': '10Y', 'order': 1, 'rows': 3}
{'ticker': 'IWM', 'mode': 'tri', 'thr': 140, 'window': '10Y', 'order': 2, 'rows': 9}
{'ticker': 'IWM', 'mode': 'tri', 'thr': 140, 'window': '10Y', 'order': 3, 'rows': 27}
{'ticker': 'IWM', 'mode': 'tri', 'thr': 140, 'window': '10Y', 'order': 4, 'rows': 81}
{'ticker': 'IWM', 'mode': 'tri', 'thr': 140, 'window': '20Y', 'order': 1, 'rows': 3}
{'ticker': 'IWM', 'mode': 'tri', 'thr': 140, 'window': '20Y', 'order': 2, 'rows': 9}
{'ticker': 'IWM', 'mode': 'tri', 'thr': 140, 'window': '20Y', 'order': 3, 'rows': 27}
{'ticker': 'IWM', 'mode': 'tri', 'thr': 140, 'window': '20Y', 'order': 4, 'rows': 81}
{'ticker': 'IWM', 'mode': 'tri', 'thr': 140, 'window': 'MAX', 'order': 1, 'rows': 3}
{'ticker': 'IWM', 'mode': 'tri', 'thr': 140, 'window': 'MAX', 'order': 2, 'rows': 9}
{'ticker': 'IWM', 'mode': 'tri', 'thr': 140, 'window': 'MAX', 'order': 3, 'rows': 27}
{'ticker': 'IWM', 'mode': 'tri', 'thr': 140, 'window': 'MAX', 'order': 4, 'rows': 81}
{'ticker': 'IWM', 'mode': 'tri', 'thr': 145, 'window': '1Y', 'order': 1, 'rows': 3}
{'ticker': 'IWM', 'mode': 'tri', 'thr': 145, 'window': '1Y', 'order': 2, 'rows': 9}
{'ticker': 'IWM', 'mode': 'tri', 'thr': 145, 'window': '1Y', 'order': 3, 'rows': 23}
{'ticker': 'IWM', 'mode': 'tri', 'thr': 145, 'window': '1Y', 'order': 4, 'rows': 41}
{'ticker': 'IWM', 'mode': 'tri', 'thr': 145, 'window': '2Y', 'order': 1, 'rows': 3}
{'ticker': 'IWM', 'mode': 'tri', 'thr': 145, 'window': '2Y', 'order': 2, 'rows': 9}
{'ticker': 'IWM', 'mode': 'tri', 'thr': 145, 'window': '2Y', 'order': 3, 'rows': 26}
{'ticker': 'IWM', 'mode': 'tri', 'thr': 145, 'window': '2Y', 'order': 4, 'rows': 54}
{'ticker': 'IWM', 'mode': 'tri', 'thr': 145, 'window': '5Y', 'order': 1, 'rows': 3}
{'ticker': 'IWM', 'mode': 'tri', 'thr': 145, 'window': '5Y', 'order': 2, 'rows': 9}
{'ticker': 'IWM', 'mode': 'tri', 'thr': 145, 'window': '5Y', 'order': 3, 'rows': 27}
{'ticker': 'IWM', 'mode': 'tri', 'thr': 145, 'window': '5Y', 'order': 4, 'rows': 76}
{'ticker': 'IWM', 'mode': 'tri', 'thr': 145, 'window': '10Y', 'order': 1, 'rows': 3}
{'ticker': 'IWM', 'mode': 'tri', 'thr': 145, 'window': '10Y', 'order': 2, 'rows': 9}
{'ticker': 'IWM', 'mode': 'tri', 'thr': 145, 'window': '10Y', 'order': 3, 'rows': 27}
{'ticker': 'IWM', 'mode': 'tri', 'thr': 145, 'window': '10Y', 'order': 4, 'rows': 81}
{'ticker': 'IWM', 'mode': 'tri', 'thr': 145, 'window': '20Y', 'order': 1, 'rows': 3}
{'ticker': 'IWM', 'mode': 'tri', 'thr': 145, 'window': '20Y', 'order': 2, 'rows': 9}
{'ticker': 'IWM', 'mode': 'tri', 'thr': 145, 'window': '20Y', 'order': 3, 'rows': 27}
{'ticker': 'IWM', 'mode': 'tri', 'thr': 145, 'window': '20Y', 'order': 4, 'rows': 81}
{'ticker': 'IWM', 'mode': 'tri', 'thr': 145, 'window': 'MAX', 'order': 1, 'rows': 3}
{'ticker': 'IWM', 'mode': 'tri', 'thr': 145, 'window': 'MAX', 'order': 2, 'rows': 9}
{'ticker': 'IWM', 'mode': 'tri', 'thr': 145, 'window': 'MAX', 'order': 3, 'rows': 27}
{'ticker': 'IWM', 'mode': 'tri', 'thr': 145, 'window': 'MAX', 'order': 4, 'rows': 81}
{'ticker': 'IWM', 'mode': 'tri', 'thr': 150, 'window': '1Y', 'order': 1, 'rows': 3}
{'ticker': 'IWM', 'mode': 'tri', 'thr': 150, 'window': '1Y', 'order': 2, 'rows': 9}
{'ticker': 'IWM', 'mode': 'tri', 'thr': 150, 'window': '1Y', 'order': 3, 'rows': 20}
{'ticker': 'IWM', 'mode': 'tri', 'thr': 150, 'window': '1Y', 'order': 4, 'rows': 37}
{'ticker': 'IWM', 'mode': 'tri', 'thr': 150, 'window': '2Y', 'order': 1, 'rows': 3}
{'ticker': 'IWM', 'mode': 'tri', 'thr': 150, 'window': '2Y', 'order': 2, 'rows': 9}
{'ticker': 'IWM', 'mode': 'tri', 'thr': 150, 'window': '2Y', 'order': 3, 'rows': 26}
{'ticker': 'IWM', 'mode': 'tri', 'thr': 150, 'window': '2Y', 'order': 4, 'rows': 51}
{'ticker': 'IWM', 'mode': 'tri', 'thr': 150, 'window': '5Y', 'order': 1, 'rows': 3}
{'ticker': 'IWM', 'mode': 'tri', 'thr': 150, 'window': '5Y', 'order': 2, 'rows': 9}
{'ticker': 'IWM', 'mode': 'tri', 'thr': 150, 'window': '5Y', 'order': 3, 'rows': 27}
{'ticker': 'IWM', 'mode': 'tri', 'thr': 150, 'window': '5Y', 'order': 4, 'rows': 76}
{'ticker': 'IWM', 'mode': 'tri', 'thr': 150, 'window': '10Y', 'order': 1, 'rows': 3}
{'ticker': 'IWM', 'mode': 'tri', 'thr': 150, 'window': '10Y', 'order': 2, 'rows': 9}
{'ticker': 'IWM', 'mode': 'tri', 'thr': 150, 'window': '10Y', 'order': 3, 'rows': 27}
{'ticker': 'IWM', 'mode': 'tri', 'thr': 150, 'window': '10Y', 'order': 4, 'rows': 80}
{'ticker': 'IWM', 'mode': 'tri', 'thr': 150, 'window': '20Y', 'order': 1, 'rows': 3}
{'ticker': 'IWM', 'mode': 'tri', 'thr': 150, 'window': '20Y', 'order': 2, 'rows': 9}
{'ticker': 'IWM', 'mode': 'tri', 'thr': 150, 'window': '20Y', 'order': 3, 'rows': 27}
{'ticker': 'IWM', 'mode': 'tri', 'thr': 150, 'window': '20Y', 'order': 4, 'rows': 81}
{'ticker': 'IWM', 'mode': 'tri', 'thr': 150, 'window': 'MAX', 'order': 1, 'rows': 3}
{'ticker': 'IWM', 'mode': 'tri', 'thr': 150, 'window': 'MAX', 'order': 2, 'rows': 9}
{'ticker': 'IWM', 'mode': 'tri', 'thr': 150, 'window': 'MAX', 'order': 3, 'rows': 27}
{'ticker': 'IWM', 'mode': 'tri', 'thr': 150, 'window': 'MAX', 'order': 4, 'rows': 81}
build-markov-grid:finish
Traceback (most recent call last):
  File "/Users/pawelleks/Documents/Python/Projects/Market_Intelligence_Engine/cli/mie.py", line 861, in <module>
    main()
    ~~~~^^
  File "/Users/pawelleks/Documents/Python/Projects/Market_Intelligence_Engine/cli/mie.py", line 544, in main
    out = build_hmm_standardized_for_ticker(t, n_states=ns, train_window_years=win_years)
  File "/Users/pawelleks/Documents/Python/Projects/Market_Intelligence_Engine/src/analytics/hmm/hmm_engine.py", line 245, in build_hmm_standardized_for_ticker
    df = _load_features_for_hmm(ticker)
  File "/Users/pawelleks/Documents/Python/Projects/Market_Intelligence_Engine/src/analytics/hmm/hmm_engine.py", line 52, in _load_features_for_hmm
    raise ValueError(f"Missing required feature: {c}")
ValueError: Missing required feature: ret_1d
$ /Users/pawelleks/Documents/Python/Projects/Market_Intelligence_Engine/.venv/bin/python /Users/pawelleks/Documents/Python/Projects/Market_Intelligence_Engine/cli/mie.py update-raw
$ /Users/pawelleks/Documents/Python/Projects/Market_Intelligence_Engine/.venv/bin/python /Users/pawelleks/Documents/Python/Projects/Market_Intelligence_Engine/cli/mie.py build-features --mode update --lookback 90 --csv
$ /Users/pawelleks/Documents/Python/Projects/Market_Intelligence_Engine/.venv/bin/python /Users/pawelleks/Documents/Python/Projects/Market_Intelligence_Engine/cli/mie.py update-seasonality
$ /Users/pawelleks/Documents/Python/Projects/Market_Intelligence_Engine/.venv/bin/python /Users/pawelleks/Documents/Python/Projects/Market_Intelligence_Engine/cli/mie.py build-markov-grid --state-modes binary,tri --thresholds 0,5,10,15,20,25,30,35,40,45,50,55,60,65,70,75,80,85,90,95,100,105,110,115,120,125,130,135,140,145,150 --windows 1Y,2Y,5Y,10Y,20Y,MAX --orders 1,2,3,4
$ /Users/pawelleks/Documents/Python/Projects/Market_Intelligence_Engine/.venv/bin/python /Users/pawelleks/Documents/Python/Projects/Market_Intelligence_Engine/cli/mie.py build-hmm-grid --tickers @config --windows 5 --states 2,3
step failed with exit code 1: /Users/pawelleks/Documents/Python/Projects/Market_Intelligence_Engine/.venv/bin/python /Users/pawelleks/Documents/Python/Projects/Market_Intelligence_Engine/cli/mie.py build-hmm-grid --tickers @config --windows 5 --states 2,3
