2025-11-12 11:44:40,292 INFO [ingest] Incremental update for ^GSPC
2025-11-12 11:44:41,473 INFO [ingest] Appended 0 rows for ^GSPC (now 24583 rows).
2025-11-12 11:44:41,473 INFO [cli] update-raw result: {'ticker': '^GSPC', 'rows_added': 0, 'parquet': 'data/raw/^GSPC.parquet', 'csv': 'data/raw/^GSPC.csv', 'status': 'ok'}
2025-11-12 11:44:41,473 INFO [ingest] Incremental update for ^NDX
2025-11-12 11:44:41,591 INFO [ingest] Appended 0 rows for ^NDX (now 10108 rows).
2025-11-12 11:44:41,591 INFO [cli] update-raw result: {'ticker': '^NDX', 'rows_added': 0, 'parquet': 'data/raw/^NDX.parquet', 'csv': 'data/raw/^NDX.csv', 'status': 'ok'}
2025-11-12 11:44:41,591 INFO [ingest] Incremental update for ^DJI
2025-11-12 11:44:41,705 INFO [ingest] Appended 0 rows for ^DJI (now 8527 rows).
2025-11-12 11:44:41,705 INFO [cli] update-raw result: {'ticker': '^DJI', 'rows_added': 0, 'parquet': 'data/raw/^DJI.parquet', 'csv': 'data/raw/^DJI.csv', 'status': 'ok'}
2025-11-12 11:44:41,705 INFO [ingest] Incremental update for ^RUT
2025-11-12 11:44:41,828 INFO [ingest] Appended 0 rows for ^RUT (now 9617 rows).
2025-11-12 11:44:41,828 INFO [cli] update-raw result: {'ticker': '^RUT', 'rows_added': 0, 'parquet': 'data/raw/^RUT.parquet', 'csv': 'data/raw/^RUT.csv', 'status': 'ok'}
2025-11-12 11:44:41,828 INFO [ingest] Incremental update for SPY
2025-11-12 11:44:41,981 INFO [ingest] Appended 0 rows for SPY (now 8254 rows).
2025-11-12 11:44:41,981 INFO [cli] update-raw result: {'ticker': 'SPY', 'rows_added': 0, 'parquet': 'data/raw/SPY.parquet', 'csv': 'data/raw/SPY.csv', 'status': 'ok'}
2025-11-12 11:44:41,981 INFO [ingest] Incremental update for QQQ
2025-11-12 11:44:42,120 INFO [ingest] Appended 0 rows for QQQ (now 6712 rows).
2025-11-12 11:44:42,120 INFO [cli] update-raw result: {'ticker': 'QQQ', 'rows_added': 0, 'parquet': 'data/raw/QQQ.parquet', 'csv': 'data/raw/QQQ.csv', 'status': 'ok'}
2025-11-12 11:44:42,120 INFO [ingest] Incremental update for DIA
2025-11-12 11:44:42,300 INFO [ingest] Appended 0 rows for DIA (now 6998 rows).
2025-11-12 11:44:42,300 INFO [cli] update-raw result: {'ticker': 'DIA', 'rows_added': 0, 'parquet': 'data/raw/DIA.parquet', 'csv': 'data/raw/DIA.csv', 'status': 'ok'}
2025-11-12 11:44:42,300 INFO [ingest] Incremental update for IWM
2025-11-12 11:44:42,448 INFO [ingest] Appended 0 rows for IWM (now 6404 rows).
2025-11-12 11:44:42,448 INFO [cli] update-raw result: {'ticker': 'IWM', 'rows_added': 0, 'parquet': 'data/raw/IWM.parquet', 'csv': 'data/raw/IWM.csv', 'status': 'ok'}
2025-11-12 11:44:42,448 INFO [ingest] Incremental update for XLY
2025-11-12 11:44:42,606 INFO [ingest] Appended 0 rows for XLY (now 6764 rows).
2025-11-12 11:44:42,606 INFO [cli] update-raw result: {'ticker': 'XLY', 'rows_added': 0, 'parquet': 'data/raw/XLY.parquet', 'csv': 'data/raw/XLY.csv', 'status': 'ok'}
2025-11-12 11:44:42,606 INFO [ingest] Incremental update for XLP
2025-11-12 11:44:42,763 INFO [ingest] Appended 0 rows for XLP (now 6764 rows).
2025-11-12 11:44:42,763 INFO [cli] update-raw result: {'ticker': 'XLP', 'rows_added': 0, 'parquet': 'data/raw/XLP.parquet', 'csv': 'data/raw/XLP.csv', 'status': 'ok'}
2025-11-12 11:44:42,763 INFO [ingest] Incremental update for XLE
2025-11-12 11:44:42,951 INFO [ingest] Appended 0 rows for XLE (now 6764 rows).
2025-11-12 11:44:42,951 INFO [cli] update-raw result: {'ticker': 'XLE', 'rows_added': 0, 'parquet': 'data/raw/XLE.parquet', 'csv': 'data/raw/XLE.csv', 'status': 'ok'}
2025-11-12 11:44:42,951 INFO [ingest] Incremental update for XLF
2025-11-12 11:44:43,108 INFO [ingest] Appended 0 rows for XLF (now 6764 rows).
2025-11-12 11:44:43,108 INFO [cli] update-raw result: {'ticker': 'XLF', 'rows_added': 0, 'parquet': 'data/raw/XLF.parquet', 'csv': 'data/raw/XLF.csv', 'status': 'ok'}
2025-11-12 11:44:43,108 INFO [ingest] Incremental update for XLV
2025-11-12 11:44:43,252 INFO [ingest] Appended 0 rows for XLV (now 6764 rows).
2025-11-12 11:44:43,252 INFO [cli] update-raw result: {'ticker': 'XLV', 'rows_added': 0, 'parquet': 'data/raw/XLV.parquet', 'csv': 'data/raw/XLV.csv', 'status': 'ok'}
2025-11-12 11:44:43,252 INFO [ingest] Incremental update for XLI
2025-11-12 11:44:43,388 INFO [ingest] Appended 0 rows for XLI (now 6764 rows).
2025-11-12 11:44:43,388 INFO [cli] update-raw result: {'ticker': 'XLI', 'rows_added': 0, 'parquet': 'data/raw/XLI.parquet', 'csv': 'data/raw/XLI.csv', 'status': 'ok'}
2025-11-12 11:44:43,388 INFO [ingest] Incremental update for XLB
2025-11-12 11:44:43,560 INFO [ingest] Appended 0 rows for XLB (now 6764 rows).
2025-11-12 11:44:43,560 INFO [cli] update-raw result: {'ticker': 'XLB', 'rows_added': 0, 'parquet': 'data/raw/XLB.parquet', 'csv': 'data/raw/XLB.csv', 'status': 'ok'}
2025-11-12 11:44:43,560 INFO [ingest] Incremental update for XLK
2025-11-12 11:44:43,716 INFO [ingest] Appended 0 rows for XLK (now 6764 rows).
2025-11-12 11:44:43,717 INFO [cli] update-raw result: {'ticker': 'XLK', 'rows_added': 0, 'parquet': 'data/raw/XLK.parquet', 'csv': 'data/raw/XLK.csv', 'status': 'ok'}
2025-11-12 11:44:43,717 INFO [ingest] Incremental update for XLU
2025-11-12 11:44:43,955 INFO [ingest] Appended 0 rows for XLU (now 6764 rows).
2025-11-12 11:44:43,955 INFO [cli] update-raw result: {'ticker': 'XLU', 'rows_added': 0, 'parquet': 'data/raw/XLU.parquet', 'csv': 'data/raw/XLU.csv', 'status': 'ok'}
2025-11-12 11:44:43,956 INFO [ingest] Incremental update for XLC
2025-11-12 11:44:44,065 INFO [ingest] Appended 0 rows for XLC (now 1861 rows).
2025-11-12 11:44:44,065 INFO [cli] update-raw result: {'ticker': 'XLC', 'rows_added': 0, 'parquet': 'data/raw/XLC.parquet', 'csv': 'data/raw/XLC.csv', 'status': 'ok'}
{'ticker': '^GSPC', 'rows_added': 0, 'parquet': 'data/raw/^GSPC.parquet', 'csv': 'data/raw/^GSPC.csv', 'status': 'ok'}
{'ticker': '^NDX', 'rows_added': 0, 'parquet': 'data/raw/^NDX.parquet', 'csv': 'data/raw/^NDX.csv', 'status': 'ok'}
{'ticker': '^DJI', 'rows_added': 0, 'parquet': 'data/raw/^DJI.parquet', 'csv': 'data/raw/^DJI.csv', 'status': 'ok'}
{'ticker': '^RUT', 'rows_added': 0, 'parquet': 'data/raw/^RUT.parquet', 'csv': 'data/raw/^RUT.csv', 'status': 'ok'}
{'ticker': 'SPY', 'rows_added': 0, 'parquet': 'data/raw/SPY.parquet', 'csv': 'data/raw/SPY.csv', 'status': 'ok'}
{'ticker': 'QQQ', 'rows_added': 0, 'parquet': 'data/raw/QQQ.parquet', 'csv': 'data/raw/QQQ.csv', 'status': 'ok'}
{'ticker': 'DIA', 'rows_added': 0, 'parquet': 'data/raw/DIA.parquet', 'csv': 'data/raw/DIA.csv', 'status': 'ok'}
{'ticker': 'IWM', 'rows_added': 0, 'parquet': 'data/raw/IWM.parquet', 'csv': 'data/raw/IWM.csv', 'status': 'ok'}
{'ticker': 'XLY', 'rows_added': 0, 'parquet': 'data/raw/XLY.parquet', 'csv': 'data/raw/XLY.csv', 'status': 'ok'}
{'ticker': 'XLP', 'rows_added': 0, 'parquet': 'data/raw/XLP.parquet', 'csv': 'data/raw/XLP.csv', 'status': 'ok'}
{'ticker': 'XLE', 'rows_added': 0, 'parquet': 'data/raw/XLE.parquet', 'csv': 'data/raw/XLE.csv', 'status': 'ok'}
{'ticker': 'XLF', 'rows_added': 0, 'parquet': 'data/raw/XLF.parquet', 'csv': 'data/raw/XLF.csv', 'status': 'ok'}
{'ticker': 'XLV', 'rows_added': 0, 'parquet': 'data/raw/XLV.parquet', 'csv': 'data/raw/XLV.csv', 'status': 'ok'}
{'ticker': 'XLI', 'rows_added': 0, 'parquet': 'data/raw/XLI.parquet', 'csv': 'data/raw/XLI.csv', 'status': 'ok'}
{'ticker': 'XLB', 'rows_added': 0, 'parquet': 'data/raw/XLB.parquet', 'csv': 'data/raw/XLB.csv', 'status': 'ok'}
{'ticker': 'XLK', 'rows_added': 0, 'parquet': 'data/raw/XLK.parquet', 'csv': 'data/raw/XLK.csv', 'status': 'ok'}
{'ticker': 'XLU', 'rows_added': 0, 'parquet': 'data/raw/XLU.parquet', 'csv': 'data/raw/XLU.csv', 'status': 'ok'}
{'ticker': 'XLC', 'rows_added': 0, 'parquet': 'data/raw/XLC.parquet', 'csv': 'data/raw/XLC.csv', 'status': 'ok'}
2025-11-12 11:44:44,575 INFO [features] Building features for ^GSPC mode=update lookback=90
2025-11-12 11:44:44,658 INFO [features] Recompute overlap: lookback=90, max_window=200, extra_overlap=2, extended_start_date=2025-01-24, recompute_start_date=2025-08-14
2025-11-12 11:44:44,658 INFO [features] Recompute prefix_rows=24520, recomputed_rows=203, recomputed_tail_rows=63, duplicates_dropped=0
2025-11-12 11:44:44,660 INFO [features] Recomputed ret_1d continuity: nan_before=1, nan_after=1
2025-11-12 11:44:44,664 INFO [features] Performed per-column fallback casting for 17 columns: ['ret_1d', 'log_ret_1d', 'rv_20d', 'rv_60d', 'sma_20', 'sma_50', 'sma_200', 'ema_20', 'ema_50', 'ema_200', 'ma_ratio_20_50', 'ma_ratio_50_200', 'ma_ratio_20_200', 'dist_from_50dma', 'dist_from_200dma', 'dow', 'month']
2025-11-12 11:44:44,664 INFO [features] Casted 17 numeric feature columns to float32
2025-11-12 11:44:44,665 INFO [features] Numeric dtypes after cast: {'ret_1d': 'float32', 'log_ret_1d': 'float32', 'rv_20d': 'float32', 'rv_60d': 'float32', 'sma_20': 'float32', 'sma_50': 'float32', 'sma_200': 'float32', 'ema_20': 'float32', 'ema_50': 'float32', 'ema_200': 'float32', 'ma_ratio_20_50': 'float32', 'ma_ratio_50_200': 'float32', 'ma_ratio_20_200': 'float32', 'dist_from_50dma': 'float32', 'dist_from_200dma': 'float32', 'dow': 'float32', 'month': 'float32'}
2025-11-12 11:44:44,823 INFO [features] Wrote features for ^GSPC rows=24583 to data/features/^GSPC.parquet; columns=['date', 'ticker', 'ret_1d', 'log_ret_1d', 'rv_20d', 'rv_60d', 'sma_20', 'sma_50', 'sma_200', 'ema_20', 'ema_50', 'ema_200', 'ma_ratio_20_50', 'ma_ratio_50_200', 'ma_ratio_20_200', 'dist_from_50dma', 'dist_from_200dma', 'dow', 'month', 'as_of', 'data_version']
2025-11-12 11:44:44,824 INFO [features] Building features for ^NDX mode=update lookback=90
2025-11-12 11:44:44,840 INFO [features] Recompute overlap: lookback=90, max_window=200, extra_overlap=2, extended_start_date=2025-01-24, recompute_start_date=2025-08-14
2025-11-12 11:44:44,840 INFO [features] Recompute prefix_rows=10045, recomputed_rows=203, recomputed_tail_rows=63, duplicates_dropped=0
2025-11-12 11:44:44,841 INFO [features] Recomputed ret_1d continuity: nan_before=1, nan_after=1
2025-11-12 11:44:44,845 INFO [features] Performed per-column fallback casting for 17 columns: ['ret_1d', 'log_ret_1d', 'rv_20d', 'rv_60d', 'sma_20', 'sma_50', 'sma_200', 'ema_20', 'ema_50', 'ema_200', 'ma_ratio_20_50', 'ma_ratio_50_200', 'ma_ratio_20_200', 'dist_from_50dma', 'dist_from_200dma', 'dow', 'month']
2025-11-12 11:44:44,845 INFO [features] Casted 17 numeric feature columns to float32
2025-11-12 11:44:44,846 INFO [features] Numeric dtypes after cast: {'ret_1d': 'float32', 'log_ret_1d': 'float32', 'rv_20d': 'float32', 'rv_60d': 'float32', 'sma_20': 'float32', 'sma_50': 'float32', 'sma_200': 'float32', 'ema_20': 'float32', 'ema_50': 'float32', 'ema_200': 'float32', 'ma_ratio_20_50': 'float32', 'ma_ratio_50_200': 'float32', 'ma_ratio_20_200': 'float32', 'dist_from_50dma': 'float32', 'dist_from_200dma': 'float32', 'dow': 'float32', 'month': 'float32'}
2025-11-12 11:44:44,919 INFO [features] Wrote features for ^NDX rows=10108 to data/features/^NDX.parquet; columns=['date', 'ticker', 'ret_1d', 'log_ret_1d', 'rv_20d', 'rv_60d', 'sma_20', 'sma_50', 'sma_200', 'ema_20', 'ema_50', 'ema_200', 'ma_ratio_20_50', 'ma_ratio_50_200', 'ma_ratio_20_200', 'dist_from_50dma', 'dist_from_200dma', 'dow', 'month', 'as_of', 'data_version']
2025-11-12 11:44:44,920 INFO [features] Building features for ^DJI mode=update lookback=90
2025-11-12 11:44:44,934 INFO [features] Recompute overlap: lookback=90, max_window=200, extra_overlap=2, extended_start_date=2025-01-24, recompute_start_date=2025-08-14
2025-11-12 11:44:44,934 INFO [features] Recompute prefix_rows=8464, recomputed_rows=203, recomputed_tail_rows=63, duplicates_dropped=0
2025-11-12 11:44:44,935 INFO [features] Recomputed ret_1d continuity: nan_before=1, nan_after=1
2025-11-12 11:44:44,938 INFO [features] Performed per-column fallback casting for 17 columns: ['ret_1d', 'log_ret_1d', 'rv_20d', 'rv_60d', 'sma_20', 'sma_50', 'sma_200', 'ema_20', 'ema_50', 'ema_200', 'ma_ratio_20_50', 'ma_ratio_50_200', 'ma_ratio_20_200', 'dist_from_50dma', 'dist_from_200dma', 'dow', 'month']
2025-11-12 11:44:44,938 INFO [features] Casted 17 numeric feature columns to float32
2025-11-12 11:44:44,938 INFO [features] Numeric dtypes after cast: {'ret_1d': 'float32', 'log_ret_1d': 'float32', 'rv_20d': 'float32', 'rv_60d': 'float32', 'sma_20': 'float32', 'sma_50': 'float32', 'sma_200': 'float32', 'ema_20': 'float32', 'ema_50': 'float32', 'ema_200': 'float32', 'ma_ratio_20_50': 'float32', 'ma_ratio_50_200': 'float32', 'ma_ratio_20_200': 'float32', 'dist_from_50dma': 'float32', 'dist_from_200dma': 'float32', 'dow': 'float32', 'month': 'float32'}
2025-11-12 11:44:45,004 INFO [features] Wrote features for ^DJI rows=8527 to data/features/^DJI.parquet; columns=['date', 'ticker', 'ret_1d', 'log_ret_1d', 'rv_20d', 'rv_60d', 'sma_20', 'sma_50', 'sma_200', 'ema_20', 'ema_50', 'ema_200', 'ma_ratio_20_50', 'ma_ratio_50_200', 'ma_ratio_20_200', 'dist_from_50dma', 'dist_from_200dma', 'dow', 'month', 'as_of', 'data_version']
2025-11-12 11:44:45,005 INFO [features] Building features for ^RUT mode=update lookback=90
2025-11-12 11:44:45,021 INFO [features] Recompute overlap: lookback=90, max_window=200, extra_overlap=2, extended_start_date=2025-01-24, recompute_start_date=2025-08-14
2025-11-12 11:44:45,021 INFO [features] Recompute prefix_rows=9554, recomputed_rows=203, recomputed_tail_rows=63, duplicates_dropped=0
2025-11-12 11:44:45,022 INFO [features] Recomputed ret_1d continuity: nan_before=1, nan_after=1
2025-11-12 11:44:45,025 INFO [features] Performed per-column fallback casting for 17 columns: ['ret_1d', 'log_ret_1d', 'rv_20d', 'rv_60d', 'sma_20', 'sma_50', 'sma_200', 'ema_20', 'ema_50', 'ema_200', 'ma_ratio_20_50', 'ma_ratio_50_200', 'ma_ratio_20_200', 'dist_from_50dma', 'dist_from_200dma', 'dow', 'month']
2025-11-12 11:44:45,025 INFO [features] Casted 17 numeric feature columns to float32
2025-11-12 11:44:45,025 INFO [features] Numeric dtypes after cast: {'ret_1d': 'float32', 'log_ret_1d': 'float32', 'rv_20d': 'float32', 'rv_60d': 'float32', 'sma_20': 'float32', 'sma_50': 'float32', 'sma_200': 'float32', 'ema_20': 'float32', 'ema_50': 'float32', 'ema_200': 'float32', 'ma_ratio_20_50': 'float32', 'ma_ratio_50_200': 'float32', 'ma_ratio_20_200': 'float32', 'dist_from_50dma': 'float32', 'dist_from_200dma': 'float32', 'dow': 'float32', 'month': 'float32'}
2025-11-12 11:44:45,097 INFO [features] Wrote features for ^RUT rows=9617 to data/features/^RUT.parquet; columns=['date', 'ticker', 'ret_1d', 'log_ret_1d', 'rv_20d', 'rv_60d', 'sma_20', 'sma_50', 'sma_200', 'ema_20', 'ema_50', 'ema_200', 'ma_ratio_20_50', 'ma_ratio_50_200', 'ma_ratio_20_200', 'dist_from_50dma', 'dist_from_200dma', 'dow', 'month', 'as_of', 'data_version']
2025-11-12 11:44:45,098 INFO [features] Building features for SPY mode=update lookback=90
2025-11-12 11:44:45,103 INFO [features] Migration: existing features for SPY missing ['ret_1d', 'rv_20d'] — will (re)compute from adj_close
2025-11-12 11:44:45,109 INFO [features] Recompute overlap: lookback=90, max_window=200, extra_overlap=2, extended_start_date=2025-01-24, recompute_start_date=2025-08-14
2025-11-12 11:44:45,109 INFO [features] Recompute prefix_rows=0, recomputed_rows=203, recomputed_tail_rows=63, duplicates_dropped=0
2025-11-12 11:44:45,109 ERROR [features] Failed to recompute ret_1d for continuity; proceeding with combined as-is
Traceback (most recent call last):
  File "/Users/pawelleks/Documents/Python/Projects/Market_Intelligence_Engine/.venv/lib/python3.13/site-packages/pandas/core/indexes/base.py", line 3812, in get_loc
    return self._engine.get_loc(casted_key)
           ~~~~~~~~~~~~~~~~~~~~^^^^^^^^^^^^
  File "pandas/_libs/index.pyx", line 167, in pandas._libs.index.IndexEngine.get_loc
  File "pandas/_libs/index.pyx", line 196, in pandas._libs.index.IndexEngine.get_loc
  File "pandas/_libs/hashtable_class_helper.pxi", line 7088, in pandas._libs.hashtable.PyObjectHashTable.get_item
  File "pandas/_libs/hashtable_class_helper.pxi", line 7096, in pandas._libs.hashtable.PyObjectHashTable.get_item
KeyError: 'adj_close'

The above exception was the direct cause of the following exception:

Traceback (most recent call last):
  File "/Users/pawelleks/Documents/Python/Projects/Market_Intelligence_Engine/src/features/build_features.py", line 404, in build_features_for_ticker
    merged["adj_close"] = pd.to_numeric(merged["adj_close"], errors="coerce")
                                        ~~~~~~^^^^^^^^^^^^^
  File "/Users/pawelleks/Documents/Python/Projects/Market_Intelligence_Engine/.venv/lib/python3.13/site-packages/pandas/core/frame.py", line 4113, in __getitem__
    indexer = self.columns.get_loc(key)
  File "/Users/pawelleks/Documents/Python/Projects/Market_Intelligence_Engine/.venv/lib/python3.13/site-packages/pandas/core/indexes/base.py", line 3819, in get_loc
    raise KeyError(key) from err
KeyError: 'adj_close'
2025-11-12 11:44:45,115 INFO [features] Performed per-column fallback casting for 17 columns: ['ret_1d', 'log_ret_1d', 'rv_20d', 'rv_60d', 'sma_20', 'sma_50', 'sma_200', 'ema_20', 'ema_50', 'ema_200', 'ma_ratio_20_50', 'ma_ratio_50_200', 'ma_ratio_20_200', 'dist_from_50dma', 'dist_from_200dma', 'dow', 'month']
2025-11-12 11:44:45,115 INFO [features] Casted 17 numeric feature columns to float32
2025-11-12 11:44:45,116 INFO [features] Numeric dtypes after cast: {'ret_1d': 'float32', 'log_ret_1d': 'float32', 'rv_20d': 'float32', 'rv_60d': 'float32', 'sma_20': 'float32', 'sma_50': 'float32', 'sma_200': 'float32', 'ema_20': 'float32', 'ema_50': 'float32', 'ema_200': 'float32', 'ma_ratio_20_50': 'float32', 'ma_ratio_50_200': 'float32', 'ma_ratio_20_200': 'float32', 'dist_from_50dma': 'float32', 'dist_from_200dma': 'float32', 'dow': 'float32', 'month': 'float32'}
2025-11-12 11:44:45,117 ERROR [features] Aborting write for SPY: too few rows (63) — protects against accidental truncation
2025-11-12 11:44:45,117 INFO [features] Building features for QQQ mode=update lookback=90
2025-11-12 11:44:45,131 INFO [features] Recompute overlap: lookback=90, max_window=200, extra_overlap=2, extended_start_date=2025-01-24, recompute_start_date=2025-08-14
2025-11-12 11:44:45,131 INFO [features] Recompute prefix_rows=6649, recomputed_rows=203, recomputed_tail_rows=63, duplicates_dropped=0
2025-11-12 11:44:45,132 INFO [features] Recomputed ret_1d continuity: nan_before=1, nan_after=1
2025-11-12 11:44:45,135 INFO [features] Performed per-column fallback casting for 17 columns: ['ret_1d', 'log_ret_1d', 'rv_20d', 'rv_60d', 'sma_20', 'sma_50', 'sma_200', 'ema_20', 'ema_50', 'ema_200', 'ma_ratio_20_50', 'ma_ratio_50_200', 'ma_ratio_20_200', 'dist_from_50dma', 'dist_from_200dma', 'dow', 'month']
2025-11-12 11:44:45,135 INFO [features] Casted 17 numeric feature columns to float32
2025-11-12 11:44:45,135 INFO [features] Numeric dtypes after cast: {'ret_1d': 'float32', 'log_ret_1d': 'float32', 'rv_20d': 'float32', 'rv_60d': 'float32', 'sma_20': 'float32', 'sma_50': 'float32', 'sma_200': 'float32', 'ema_20': 'float32', 'ema_50': 'float32', 'ema_200': 'float32', 'ma_ratio_20_50': 'float32', 'ma_ratio_50_200': 'float32', 'ma_ratio_20_200': 'float32', 'dist_from_50dma': 'float32', 'dist_from_200dma': 'float32', 'dow': 'float32', 'month': 'float32'}
2025-11-12 11:44:45,186 INFO [features] Wrote features for QQQ rows=6712 to data/features/QQQ.parquet; columns=['date', 'ticker', 'ret_1d', 'log_ret_1d', 'rv_20d', 'rv_60d', 'sma_20', 'sma_50', 'sma_200', 'ema_20', 'ema_50', 'ema_200', 'ma_ratio_20_50', 'ma_ratio_50_200', 'ma_ratio_20_200', 'dist_from_50dma', 'dist_from_200dma', 'dow', 'month', 'as_of', 'data_version']
2025-11-12 11:44:45,187 INFO [features] Building features for DIA mode=update lookback=90
2025-11-12 11:44:45,201 INFO [features] Recompute overlap: lookback=90, max_window=200, extra_overlap=2, extended_start_date=2025-01-24, recompute_start_date=2025-08-14
2025-11-12 11:44:45,201 INFO [features] Recompute prefix_rows=6935, recomputed_rows=203, recomputed_tail_rows=63, duplicates_dropped=0
2025-11-12 11:44:45,203 INFO [features] Recomputed ret_1d continuity: nan_before=1, nan_after=1
2025-11-12 11:44:45,206 INFO [features] Performed per-column fallback casting for 17 columns: ['ret_1d', 'log_ret_1d', 'rv_20d', 'rv_60d', 'sma_20', 'sma_50', 'sma_200', 'ema_20', 'ema_50', 'ema_200', 'ma_ratio_20_50', 'ma_ratio_50_200', 'ma_ratio_20_200', 'dist_from_50dma', 'dist_from_200dma', 'dow', 'month']
2025-11-12 11:44:45,206 INFO [features] Casted 17 numeric feature columns to float32
2025-11-12 11:44:45,207 INFO [features] Numeric dtypes after cast: {'ret_1d': 'float32', 'log_ret_1d': 'float32', 'rv_20d': 'float32', 'rv_60d': 'float32', 'sma_20': 'float32', 'sma_50': 'float32', 'sma_200': 'float32', 'ema_20': 'float32', 'ema_50': 'float32', 'ema_200': 'float32', 'ma_ratio_20_50': 'float32', 'ma_ratio_50_200': 'float32', 'ma_ratio_20_200': 'float32', 'dist_from_50dma': 'float32', 'dist_from_200dma': 'float32', 'dow': 'float32', 'month': 'float32'}
2025-11-12 11:44:45,262 INFO [features] Wrote features for DIA rows=6998 to data/features/DIA.parquet; columns=['date', 'ticker', 'ret_1d', 'log_ret_1d', 'rv_20d', 'rv_60d', 'sma_20', 'sma_50', 'sma_200', 'ema_20', 'ema_50', 'ema_200', 'ma_ratio_20_50', 'ma_ratio_50_200', 'ma_ratio_20_200', 'dist_from_50dma', 'dist_from_200dma', 'dow', 'month', 'as_of', 'data_version']
2025-11-12 11:44:45,262 INFO [features] Building features for IWM mode=update lookback=90
2025-11-12 11:44:45,275 INFO [features] Recompute overlap: lookback=90, max_window=200, extra_overlap=2, extended_start_date=2025-01-24, recompute_start_date=2025-08-14
2025-11-12 11:44:45,275 INFO [features] Recompute prefix_rows=6341, recomputed_rows=203, recomputed_tail_rows=63, duplicates_dropped=0
2025-11-12 11:44:45,276 INFO [features] Recomputed ret_1d continuity: nan_before=1, nan_after=1
2025-11-12 11:44:45,279 INFO [features] Performed per-column fallback casting for 17 columns: ['ret_1d', 'log_ret_1d', 'rv_20d', 'rv_60d', 'sma_20', 'sma_50', 'sma_200', 'ema_20', 'ema_50', 'ema_200', 'ma_ratio_20_50', 'ma_ratio_50_200', 'ma_ratio_20_200', 'dist_from_50dma', 'dist_from_200dma', 'dow', 'month']
2025-11-12 11:44:45,279 INFO [features] Casted 17 numeric feature columns to float32
2025-11-12 11:44:45,279 INFO [features] Numeric dtypes after cast: {'ret_1d': 'float32', 'log_ret_1d': 'float32', 'rv_20d': 'float32', 'rv_60d': 'float32', 'sma_20': 'float32', 'sma_50': 'float32', 'sma_200': 'float32', 'ema_20': 'float32', 'ema_50': 'float32', 'ema_200': 'float32', 'ma_ratio_20_50': 'float32', 'ma_ratio_50_200': 'float32', 'ma_ratio_20_200': 'float32', 'dist_from_50dma': 'float32', 'dist_from_200dma': 'float32', 'dow': 'float32', 'month': 'float32'}
2025-11-12 11:44:45,332 INFO [features] Wrote features for IWM rows=6404 to data/features/IWM.parquet; columns=['date', 'ticker', 'ret_1d', 'log_ret_1d', 'rv_20d', 'rv_60d', 'sma_20', 'sma_50', 'sma_200', 'ema_20', 'ema_50', 'ema_200', 'ma_ratio_20_50', 'ma_ratio_50_200', 'ma_ratio_20_200', 'dist_from_50dma', 'dist_from_200dma', 'dow', 'month', 'as_of', 'data_version']
2025-11-12 11:44:45,333 INFO [features] Building features for XLY mode=update lookback=90
2025-11-12 11:44:45,347 INFO [features] Recompute overlap: lookback=90, max_window=200, extra_overlap=2, extended_start_date=2025-01-24, recompute_start_date=2025-08-14
2025-11-12 11:44:45,347 INFO [features] Recompute prefix_rows=6701, recomputed_rows=203, recomputed_tail_rows=63, duplicates_dropped=0
2025-11-12 11:44:45,348 INFO [features] Recomputed ret_1d continuity: nan_before=1, nan_after=1
2025-11-12 11:44:45,351 INFO [features] Performed per-column fallback casting for 17 columns: ['ret_1d', 'log_ret_1d', 'rv_20d', 'rv_60d', 'sma_20', 'sma_50', 'sma_200', 'ema_20', 'ema_50', 'ema_200', 'ma_ratio_20_50', 'ma_ratio_50_200', 'ma_ratio_20_200', 'dist_from_50dma', 'dist_from_200dma', 'dow', 'month']
2025-11-12 11:44:45,351 INFO [features] Casted 17 numeric feature columns to float32
2025-11-12 11:44:45,352 INFO [features] Numeric dtypes after cast: {'ret_1d': 'float32', 'log_ret_1d': 'float32', 'rv_20d': 'float32', 'rv_60d': 'float32', 'sma_20': 'float32', 'sma_50': 'float32', 'sma_200': 'float32', 'ema_20': 'float32', 'ema_50': 'float32', 'ema_200': 'float32', 'ma_ratio_20_50': 'float32', 'ma_ratio_50_200': 'float32', 'ma_ratio_20_200': 'float32', 'dist_from_50dma': 'float32', 'dist_from_200dma': 'float32', 'dow': 'float32', 'month': 'float32'}
2025-11-12 11:44:45,405 INFO [features] Wrote features for XLY rows=6764 to data/features/XLY.parquet; columns=['date', 'ticker', 'ret_1d', 'log_ret_1d', 'rv_20d', 'rv_60d', 'sma_20', 'sma_50', 'sma_200', 'ema_20', 'ema_50', 'ema_200', 'ma_ratio_20_50', 'ma_ratio_50_200', 'ma_ratio_20_200', 'dist_from_50dma', 'dist_from_200dma', 'dow', 'month', 'as_of', 'data_version']
2025-11-12 11:44:45,406 INFO [features] Building features for XLP mode=update lookback=90
2025-11-12 11:44:45,422 INFO [features] Recompute overlap: lookback=90, max_window=200, extra_overlap=2, extended_start_date=2025-01-24, recompute_start_date=2025-08-14
2025-11-12 11:44:45,422 INFO [features] Recompute prefix_rows=6701, recomputed_rows=203, recomputed_tail_rows=63, duplicates_dropped=0
2025-11-12 11:44:45,423 INFO [features] Recomputed ret_1d continuity: nan_before=1, nan_after=1
2025-11-12 11:44:45,426 INFO [features] Performed per-column fallback casting for 17 columns: ['ret_1d', 'log_ret_1d', 'rv_20d', 'rv_60d', 'sma_20', 'sma_50', 'sma_200', 'ema_20', 'ema_50', 'ema_200', 'ma_ratio_20_50', 'ma_ratio_50_200', 'ma_ratio_20_200', 'dist_from_50dma', 'dist_from_200dma', 'dow', 'month']
2025-11-12 11:44:45,426 INFO [features] Casted 17 numeric feature columns to float32
2025-11-12 11:44:45,426 INFO [features] Numeric dtypes after cast: {'ret_1d': 'float32', 'log_ret_1d': 'float32', 'rv_20d': 'float32', 'rv_60d': 'float32', 'sma_20': 'float32', 'sma_50': 'float32', 'sma_200': 'float32', 'ema_20': 'float32', 'ema_50': 'float32', 'ema_200': 'float32', 'ma_ratio_20_50': 'float32', 'ma_ratio_50_200': 'float32', 'ma_ratio_20_200': 'float32', 'dist_from_50dma': 'float32', 'dist_from_200dma': 'float32', 'dow': 'float32', 'month': 'float32'}
2025-11-12 11:44:45,477 INFO [features] Wrote features for XLP rows=6764 to data/features/XLP.parquet; columns=['date', 'ticker', 'ret_1d', 'log_ret_1d', 'rv_20d', 'rv_60d', 'sma_20', 'sma_50', 'sma_200', 'ema_20', 'ema_50', 'ema_200', 'ma_ratio_20_50', 'ma_ratio_50_200', 'ma_ratio_20_200', 'dist_from_50dma', 'dist_from_200dma', 'dow', 'month', 'as_of', 'data_version']
2025-11-12 11:44:45,478 INFO [features] Building features for XLE mode=update lookback=90
2025-11-12 11:44:45,493 INFO [features] Recompute overlap: lookback=90, max_window=200, extra_overlap=2, extended_start_date=2025-01-24, recompute_start_date=2025-08-14
2025-11-12 11:44:45,493 INFO [features] Recompute prefix_rows=6701, recomputed_rows=203, recomputed_tail_rows=63, duplicates_dropped=0
2025-11-12 11:44:45,494 INFO [features] Recomputed ret_1d continuity: nan_before=1, nan_after=1
2025-11-12 11:44:45,497 INFO [features] Performed per-column fallback casting for 17 columns: ['ret_1d', 'log_ret_1d', 'rv_20d', 'rv_60d', 'sma_20', 'sma_50', 'sma_200', 'ema_20', 'ema_50', 'ema_200', 'ma_ratio_20_50', 'ma_ratio_50_200', 'ma_ratio_20_200', 'dist_from_50dma', 'dist_from_200dma', 'dow', 'month']
2025-11-12 11:44:45,497 INFO [features] Casted 17 numeric feature columns to float32
2025-11-12 11:44:45,497 INFO [features] Numeric dtypes after cast: {'ret_1d': 'float32', 'log_ret_1d': 'float32', 'rv_20d': 'float32', 'rv_60d': 'float32', 'sma_20': 'float32', 'sma_50': 'float32', 'sma_200': 'float32', 'ema_20': 'float32', 'ema_50': 'float32', 'ema_200': 'float32', 'ma_ratio_20_50': 'float32', 'ma_ratio_50_200': 'float32', 'ma_ratio_20_200': 'float32', 'dist_from_50dma': 'float32', 'dist_from_200dma': 'float32', 'dow': 'float32', 'month': 'float32'}
2025-11-12 11:44:45,549 INFO [features] Wrote features for XLE rows=6764 to data/features/XLE.parquet; columns=['date', 'ticker', 'ret_1d', 'log_ret_1d', 'rv_20d', 'rv_60d', 'sma_20', 'sma_50', 'sma_200', 'ema_20', 'ema_50', 'ema_200', 'ma_ratio_20_50', 'ma_ratio_50_200', 'ma_ratio_20_200', 'dist_from_50dma', 'dist_from_200dma', 'dow', 'month', 'as_of', 'data_version']
2025-11-12 11:44:45,550 INFO [features] Building features for XLF mode=update lookback=90
2025-11-12 11:44:45,565 INFO [features] Recompute overlap: lookback=90, max_window=200, extra_overlap=2, extended_start_date=2025-01-24, recompute_start_date=2025-08-14
2025-11-12 11:44:45,565 INFO [features] Recompute prefix_rows=6701, recomputed_rows=203, recomputed_tail_rows=63, duplicates_dropped=0
2025-11-12 11:44:45,566 INFO [features] Recomputed ret_1d continuity: nan_before=1, nan_after=1
2025-11-12 11:44:45,568 INFO [features] Performed per-column fallback casting for 17 columns: ['ret_1d', 'log_ret_1d', 'rv_20d', 'rv_60d', 'sma_20', 'sma_50', 'sma_200', 'ema_20', 'ema_50', 'ema_200', 'ma_ratio_20_50', 'ma_ratio_50_200', 'ma_ratio_20_200', 'dist_from_50dma', 'dist_from_200dma', 'dow', 'month']
2025-11-12 11:44:45,568 INFO [features] Casted 17 numeric feature columns to float32
2025-11-12 11:44:45,569 INFO [features] Numeric dtypes after cast: {'ret_1d': 'float32', 'log_ret_1d': 'float32', 'rv_20d': 'float32', 'rv_60d': 'float32', 'sma_20': 'float32', 'sma_50': 'float32', 'sma_200': 'float32', 'ema_20': 'float32', 'ema_50': 'float32', 'ema_200': 'float32', 'ma_ratio_20_50': 'float32', 'ma_ratio_50_200': 'float32', 'ma_ratio_20_200': 'float32', 'dist_from_50dma': 'float32', 'dist_from_200dma': 'float32', 'dow': 'float32', 'month': 'float32'}
2025-11-12 11:44:45,623 INFO [features] Wrote features for XLF rows=6764 to data/features/XLF.parquet; columns=['date', 'ticker', 'ret_1d', 'log_ret_1d', 'rv_20d', 'rv_60d', 'sma_20', 'sma_50', 'sma_200', 'ema_20', 'ema_50', 'ema_200', 'ma_ratio_20_50', 'ma_ratio_50_200', 'ma_ratio_20_200', 'dist_from_50dma', 'dist_from_200dma', 'dow', 'month', 'as_of', 'data_version']
2025-11-12 11:44:45,623 INFO [features] Building features for XLV mode=update lookback=90
2025-11-12 11:44:45,638 INFO [features] Recompute overlap: lookback=90, max_window=200, extra_overlap=2, extended_start_date=2025-01-24, recompute_start_date=2025-08-14
2025-11-12 11:44:45,638 INFO [features] Recompute prefix_rows=6701, recomputed_rows=203, recomputed_tail_rows=63, duplicates_dropped=0
2025-11-12 11:44:45,639 INFO [features] Recomputed ret_1d continuity: nan_before=1, nan_after=1
2025-11-12 11:44:45,641 INFO [features] Performed per-column fallback casting for 17 columns: ['ret_1d', 'log_ret_1d', 'rv_20d', 'rv_60d', 'sma_20', 'sma_50', 'sma_200', 'ema_20', 'ema_50', 'ema_200', 'ma_ratio_20_50', 'ma_ratio_50_200', 'ma_ratio_20_200', 'dist_from_50dma', 'dist_from_200dma', 'dow', 'month']
2025-11-12 11:44:45,641 INFO [features] Casted 17 numeric feature columns to float32
2025-11-12 11:44:45,642 INFO [features] Numeric dtypes after cast: {'ret_1d': 'float32', 'log_ret_1d': 'float32', 'rv_20d': 'float32', 'rv_60d': 'float32', 'sma_20': 'float32', 'sma_50': 'float32', 'sma_200': 'float32', 'ema_20': 'float32', 'ema_50': 'float32', 'ema_200': 'float32', 'ma_ratio_20_50': 'float32', 'ma_ratio_50_200': 'float32', 'ma_ratio_20_200': 'float32', 'dist_from_50dma': 'float32', 'dist_from_200dma': 'float32', 'dow': 'float32', 'month': 'float32'}
2025-11-12 11:44:45,694 INFO [features] Wrote features for XLV rows=6764 to data/features/XLV.parquet; columns=['date', 'ticker', 'ret_1d', 'log_ret_1d', 'rv_20d', 'rv_60d', 'sma_20', 'sma_50', 'sma_200', 'ema_20', 'ema_50', 'ema_200', 'ma_ratio_20_50', 'ma_ratio_50_200', 'ma_ratio_20_200', 'dist_from_50dma', 'dist_from_200dma', 'dow', 'month', 'as_of', 'data_version']
2025-11-12 11:44:45,694 INFO [features] Building features for XLI mode=update lookback=90
2025-11-12 11:44:45,709 INFO [features] Recompute overlap: lookback=90, max_window=200, extra_overlap=2, extended_start_date=2025-01-24, recompute_start_date=2025-08-14
2025-11-12 11:44:45,709 INFO [features] Recompute prefix_rows=6701, recomputed_rows=203, recomputed_tail_rows=63, duplicates_dropped=0
2025-11-12 11:44:45,710 INFO [features] Recomputed ret_1d continuity: nan_before=1, nan_after=1
2025-11-12 11:44:45,713 INFO [features] Performed per-column fallback casting for 17 columns: ['ret_1d', 'log_ret_1d', 'rv_20d', 'rv_60d', 'sma_20', 'sma_50', 'sma_200', 'ema_20', 'ema_50', 'ema_200', 'ma_ratio_20_50', 'ma_ratio_50_200', 'ma_ratio_20_200', 'dist_from_50dma', 'dist_from_200dma', 'dow', 'month']
2025-11-12 11:44:45,713 INFO [features] Casted 17 numeric feature columns to float32
2025-11-12 11:44:45,713 INFO [features] Numeric dtypes after cast: {'ret_1d': 'float32', 'log_ret_1d': 'float32', 'rv_20d': 'float32', 'rv_60d': 'float32', 'sma_20': 'float32', 'sma_50': 'float32', 'sma_200': 'float32', 'ema_20': 'float32', 'ema_50': 'float32', 'ema_200': 'float32', 'ma_ratio_20_50': 'float32', 'ma_ratio_50_200': 'float32', 'ma_ratio_20_200': 'float32', 'dist_from_50dma': 'float32', 'dist_from_200dma': 'float32', 'dow': 'float32', 'month': 'float32'}
2025-11-12 11:44:45,765 INFO [features] Wrote features for XLI rows=6764 to data/features/XLI.parquet; columns=['date', 'ticker', 'ret_1d', 'log_ret_1d', 'rv_20d', 'rv_60d', 'sma_20', 'sma_50', 'sma_200', 'ema_20', 'ema_50', 'ema_200', 'ma_ratio_20_50', 'ma_ratio_50_200', 'ma_ratio_20_200', 'dist_from_50dma', 'dist_from_200dma', 'dow', 'month', 'as_of', 'data_version']
2025-11-12 11:44:45,765 INFO [features] Building features for XLB mode=update lookback=90
2025-11-12 11:44:45,781 INFO [features] Recompute overlap: lookback=90, max_window=200, extra_overlap=2, extended_start_date=2025-01-24, recompute_start_date=2025-08-14
2025-11-12 11:44:45,781 INFO [features] Recompute prefix_rows=6701, recomputed_rows=203, recomputed_tail_rows=63, duplicates_dropped=0
2025-11-12 11:44:45,782 INFO [features] Recomputed ret_1d continuity: nan_before=1, nan_after=1
2025-11-12 11:44:45,785 INFO [features] Performed per-column fallback casting for 17 columns: ['ret_1d', 'log_ret_1d', 'rv_20d', 'rv_60d', 'sma_20', 'sma_50', 'sma_200', 'ema_20', 'ema_50', 'ema_200', 'ma_ratio_20_50', 'ma_ratio_50_200', 'ma_ratio_20_200', 'dist_from_50dma', 'dist_from_200dma', 'dow', 'month']
2025-11-12 11:44:45,785 INFO [features] Casted 17 numeric feature columns to float32
2025-11-12 11:44:45,785 INFO [features] Numeric dtypes after cast: {'ret_1d': 'float32', 'log_ret_1d': 'float32', 'rv_20d': 'float32', 'rv_60d': 'float32', 'sma_20': 'float32', 'sma_50': 'float32', 'sma_200': 'float32', 'ema_20': 'float32', 'ema_50': 'float32', 'ema_200': 'float32', 'ma_ratio_20_50': 'float32', 'ma_ratio_50_200': 'float32', 'ma_ratio_20_200': 'float32', 'dist_from_50dma': 'float32', 'dist_from_200dma': 'float32', 'dow': 'float32', 'month': 'float32'}
2025-11-12 11:44:45,838 INFO [features] Wrote features for XLB rows=6764 to data/features/XLB.parquet; columns=['date', 'ticker', 'ret_1d', 'log_ret_1d', 'rv_20d', 'rv_60d', 'sma_20', 'sma_50', 'sma_200', 'ema_20', 'ema_50', 'ema_200', 'ma_ratio_20_50', 'ma_ratio_50_200', 'ma_ratio_20_200', 'dist_from_50dma', 'dist_from_200dma', 'dow', 'month', 'as_of', 'data_version']
2025-11-12 11:44:45,839 INFO [features] Building features for XLK mode=update lookback=90
2025-11-12 11:44:45,854 INFO [features] Recompute overlap: lookback=90, max_window=200, extra_overlap=2, extended_start_date=2025-01-24, recompute_start_date=2025-08-14
2025-11-12 11:44:45,854 INFO [features] Recompute prefix_rows=6701, recomputed_rows=203, recomputed_tail_rows=63, duplicates_dropped=0
2025-11-12 11:44:45,855 INFO [features] Recomputed ret_1d continuity: nan_before=1, nan_after=1
2025-11-12 11:44:45,858 INFO [features] Performed per-column fallback casting for 17 columns: ['ret_1d', 'log_ret_1d', 'rv_20d', 'rv_60d', 'sma_20', 'sma_50', 'sma_200', 'ema_20', 'ema_50', 'ema_200', 'ma_ratio_20_50', 'ma_ratio_50_200', 'ma_ratio_20_200', 'dist_from_50dma', 'dist_from_200dma', 'dow', 'month']
2025-11-12 11:44:45,858 INFO [features] Casted 17 numeric feature columns to float32
2025-11-12 11:44:45,859 INFO [features] Numeric dtypes after cast: {'ret_1d': 'float32', 'log_ret_1d': 'float32', 'rv_20d': 'float32', 'rv_60d': 'float32', 'sma_20': 'float32', 'sma_50': 'float32', 'sma_200': 'float32', 'ema_20': 'float32', 'ema_50': 'float32', 'ema_200': 'float32', 'ma_ratio_20_50': 'float32', 'ma_ratio_50_200': 'float32', 'ma_ratio_20_200': 'float32', 'dist_from_50dma': 'float32', 'dist_from_200dma': 'float32', 'dow': 'float32', 'month': 'float32'}
2025-11-12 11:44:45,910 INFO [features] Wrote features for XLK rows=6764 to data/features/XLK.parquet; columns=['date', 'ticker', 'ret_1d', 'log_ret_1d', 'rv_20d', 'rv_60d', 'sma_20', 'sma_50', 'sma_200', 'ema_20', 'ema_50', 'ema_200', 'ma_ratio_20_50', 'ma_ratio_50_200', 'ma_ratio_20_200', 'dist_from_50dma', 'dist_from_200dma', 'dow', 'month', 'as_of', 'data_version']
2025-11-12 11:44:45,911 INFO [features] Building features for XLU mode=update lookback=90
2025-11-12 11:44:45,928 INFO [features] Recompute overlap: lookback=90, max_window=200, extra_overlap=2, extended_start_date=2025-01-24, recompute_start_date=2025-08-14
2025-11-12 11:44:45,928 INFO [features] Recompute prefix_rows=6701, recomputed_rows=203, recomputed_tail_rows=63, duplicates_dropped=0
2025-11-12 11:44:45,929 INFO [features] Recomputed ret_1d continuity: nan_before=1, nan_after=1
2025-11-12 11:44:45,932 INFO [features] Performed per-column fallback casting for 17 columns: ['ret_1d', 'log_ret_1d', 'rv_20d', 'rv_60d', 'sma_20', 'sma_50', 'sma_200', 'ema_20', 'ema_50', 'ema_200', 'ma_ratio_20_50', 'ma_ratio_50_200', 'ma_ratio_20_200', 'dist_from_50dma', 'dist_from_200dma', 'dow', 'month']
2025-11-12 11:44:45,932 INFO [features] Casted 17 numeric feature columns to float32
2025-11-12 11:44:45,932 INFO [features] Numeric dtypes after cast: {'ret_1d': 'float32', 'log_ret_1d': 'float32', 'rv_20d': 'float32', 'rv_60d': 'float32', 'sma_20': 'float32', 'sma_50': 'float32', 'sma_200': 'float32', 'ema_20': 'float32', 'ema_50': 'float32', 'ema_200': 'float32', 'ma_ratio_20_50': 'float32', 'ma_ratio_50_200': 'float32', 'ma_ratio_20_200': 'float32', 'dist_from_50dma': 'float32', 'dist_from_200dma': 'float32', 'dow': 'float32', 'month': 'float32'}
2025-11-12 11:44:45,985 INFO [features] Wrote features for XLU rows=6764 to data/features/XLU.parquet; columns=['date', 'ticker', 'ret_1d', 'log_ret_1d', 'rv_20d', 'rv_60d', 'sma_20', 'sma_50', 'sma_200', 'ema_20', 'ema_50', 'ema_200', 'ma_ratio_20_50', 'ma_ratio_50_200', 'ma_ratio_20_200', 'dist_from_50dma', 'dist_from_200dma', 'dow', 'month', 'as_of', 'data_version']
2025-11-12 11:44:45,986 INFO [features] Building features for XLC mode=update lookback=90
2025-11-12 11:44:45,996 INFO [features] Recompute overlap: lookback=90, max_window=200, extra_overlap=2, extended_start_date=2025-01-24, recompute_start_date=2025-08-14
2025-11-12 11:44:45,996 INFO [features] Recompute prefix_rows=1798, recomputed_rows=203, recomputed_tail_rows=63, duplicates_dropped=0
2025-11-12 11:44:45,997 INFO [features] Recomputed ret_1d continuity: nan_before=1, nan_after=1
2025-11-12 11:44:46,000 INFO [features] Performed per-column fallback casting for 17 columns: ['ret_1d', 'log_ret_1d', 'rv_20d', 'rv_60d', 'sma_20', 'sma_50', 'sma_200', 'ema_20', 'ema_50', 'ema_200', 'ma_ratio_20_50', 'ma_ratio_50_200', 'ma_ratio_20_200', 'dist_from_50dma', 'dist_from_200dma', 'dow', 'month']
2025-11-12 11:44:46,000 INFO [features] Casted 17 numeric feature columns to float32
2025-11-12 11:44:46,000 INFO [features] Numeric dtypes after cast: {'ret_1d': 'float32', 'log_ret_1d': 'float32', 'rv_20d': 'float32', 'rv_60d': 'float32', 'sma_20': 'float32', 'sma_50': 'float32', 'sma_200': 'float32', 'ema_20': 'float32', 'ema_50': 'float32', 'ema_200': 'float32', 'ma_ratio_20_50': 'float32', 'ma_ratio_50_200': 'float32', 'ma_ratio_20_200': 'float32', 'dist_from_50dma': 'float32', 'dist_from_200dma': 'float32', 'dow': 'float32', 'month': 'float32'}
2025-11-12 11:44:46,021 INFO [features] Wrote features for XLC rows=1861 to data/features/XLC.parquet; columns=['date', 'ticker', 'ret_1d', 'log_ret_1d', 'rv_20d', 'rv_60d', 'sma_20', 'sma_50', 'sma_200', 'ema_20', 'ema_50', 'ema_200', 'ma_ratio_20_50', 'ma_ratio_50_200', 'ma_ratio_20_200', 'dist_from_50dma', 'dist_from_200dma', 'dow', 'month', 'as_of', 'data_version']
2025-11-12 11:44:46,021 INFO [cli] build-features: {'ticker': '^GSPC', 'rows': 24583, 'parquet': 'data/features/^GSPC.parquet'}
2025-11-12 11:44:46,021 INFO [cli] build-features: {'ticker': '^NDX', 'rows': 10108, 'parquet': 'data/features/^NDX.parquet'}
2025-11-12 11:44:46,021 INFO [cli] build-features: {'ticker': '^DJI', 'rows': 8527, 'parquet': 'data/features/^DJI.parquet'}
2025-11-12 11:44:46,021 INFO [cli] build-features: {'ticker': '^RUT', 'rows': 9617, 'parquet': 'data/features/^RUT.parquet'}
2025-11-12 11:44:46,021 INFO [cli] build-features: {'ticker': 'SPY', 'rows': 63, 'parquet': None, 'aborted': True}
2025-11-12 11:44:46,021 INFO [cli] build-features: {'ticker': 'QQQ', 'rows': 6712, 'parquet': 'data/features/QQQ.parquet'}
2025-11-12 11:44:46,021 INFO [cli] build-features: {'ticker': 'DIA', 'rows': 6998, 'parquet': 'data/features/DIA.parquet'}
2025-11-12 11:44:46,021 INFO [cli] build-features: {'ticker': 'IWM', 'rows': 6404, 'parquet': 'data/features/IWM.parquet'}
2025-11-12 11:44:46,021 INFO [cli] build-features: {'ticker': 'XLY', 'rows': 6764, 'parquet': 'data/features/XLY.parquet'}
2025-11-12 11:44:46,021 INFO [cli] build-features: {'ticker': 'XLP', 'rows': 6764, 'parquet': 'data/features/XLP.parquet'}
2025-11-12 11:44:46,021 INFO [cli] build-features: {'ticker': 'XLE', 'rows': 6764, 'parquet': 'data/features/XLE.parquet'}
2025-11-12 11:44:46,021 INFO [cli] build-features: {'ticker': 'XLF', 'rows': 6764, 'parquet': 'data/features/XLF.parquet'}
2025-11-12 11:44:46,022 INFO [cli] build-features: {'ticker': 'XLV', 'rows': 6764, 'parquet': 'data/features/XLV.parquet'}
2025-11-12 11:44:46,022 INFO [cli] build-features: {'ticker': 'XLI', 'rows': 6764, 'parquet': 'data/features/XLI.parquet'}
2025-11-12 11:44:46,022 INFO [cli] build-features: {'ticker': 'XLB', 'rows': 6764, 'parquet': 'data/features/XLB.parquet'}
2025-11-12 11:44:46,022 INFO [cli] build-features: {'ticker': 'XLK', 'rows': 6764, 'parquet': 'data/features/XLK.parquet'}
2025-11-12 11:44:46,022 INFO [cli] build-features: {'ticker': 'XLU', 'rows': 6764, 'parquet': 'data/features/XLU.parquet'}
2025-11-12 11:44:46,022 INFO [cli] build-features: {'ticker': 'XLC', 'rows': 1861, 'parquet': 'data/features/XLC.parquet'}
{'ticker': '^GSPC', 'rows': 24583, 'parquet': 'data/features/^GSPC.parquet'}
{'ticker': '^NDX', 'rows': 10108, 'parquet': 'data/features/^NDX.parquet'}
{'ticker': '^DJI', 'rows': 8527, 'parquet': 'data/features/^DJI.parquet'}
{'ticker': '^RUT', 'rows': 9617, 'parquet': 'data/features/^RUT.parquet'}
{'ticker': 'SPY', 'rows': 63, 'parquet': None, 'aborted': True}
{'ticker': 'QQQ', 'rows': 6712, 'parquet': 'data/features/QQQ.parquet'}
{'ticker': 'DIA', 'rows': 6998, 'parquet': 'data/features/DIA.parquet'}
{'ticker': 'IWM', 'rows': 6404, 'parquet': 'data/features/IWM.parquet'}
{'ticker': 'XLY', 'rows': 6764, 'parquet': 'data/features/XLY.parquet'}
{'ticker': 'XLP', 'rows': 6764, 'parquet': 'data/features/XLP.parquet'}
{'ticker': 'XLE', 'rows': 6764, 'parquet': 'data/features/XLE.parquet'}
{'ticker': 'XLF', 'rows': 6764, 'parquet': 'data/features/XLF.parquet'}
{'ticker': 'XLV', 'rows': 6764, 'parquet': 'data/features/XLV.parquet'}
{'ticker': 'XLI', 'rows': 6764, 'parquet': 'data/features/XLI.parquet'}
{'ticker': 'XLB', 'rows': 6764, 'parquet': 'data/features/XLB.parquet'}
{'ticker': 'XLK', 'rows': 6764, 'parquet': 'data/features/XLK.parquet'}
{'ticker': 'XLU', 'rows': 6764, 'parquet': 'data/features/XLU.parquet'}
{'ticker': 'XLC', 'rows': 1861, 'parquet': 'data/features/XLC.parquet'}
["data/analytics/seasonality/^GSPC/facts.parquet", "data/analytics/seasonality/^NDX/facts.parquet", "data/analytics/seasonality/^DJI/facts.parquet", "data/analytics/seasonality/^RUT/facts.parquet", "data/analytics/seasonality/SPY/facts.parquet", "data/analytics/seasonality/QQQ/facts.parquet", "data/analytics/seasonality/DIA/facts.parquet", "data/analytics/seasonality/IWM/facts.parquet", "data/analytics/seasonality/XLY/facts.parquet", "data/analytics/seasonality/XLP/facts.parquet", "data/analytics/seasonality/XLE/facts.parquet", "data/analytics/seasonality/XLF/facts.parquet", "data/analytics/seasonality/XLV/facts.parquet", "data/analytics/seasonality/XLI/facts.parquet", "data/analytics/seasonality/XLB/facts.parquet", "data/analytics/seasonality/XLK/facts.parquet", "data/analytics/seasonality/XLU/facts.parquet", "data/analytics/seasonality/XLC/facts.parquet"]
2025-11-12 11:44:47,903 INFO [cli] {'event': 'build-markov-grid:start', 'tickers': ['SPY', 'QQQ', 'DIA', 'IWM'], 'modes': ['binary', 'tri'], 'thresholds': [0, 5, 10, 15, 20, '...'], 'windows': ['1Y', '2Y', '5Y', '10Y', '20Y', 'MAX'], 'orders': [1, 2, 3, 4]}
2025-11-12 11:44:47,978 INFO [cli] states WARN SPY binary thr=0: ret_1d column required for state building
2025-11-12 11:44:47,986 INFO [cli] states WARN SPY binary thr=5: ret_1d column required for state building
2025-11-12 11:44:47,992 INFO [cli] states WARN SPY binary thr=10: ret_1d column required for state building
2025-11-12 11:44:48,000 INFO [cli] states WARN SPY binary thr=15: ret_1d column required for state building
2025-11-12 11:44:48,007 INFO [cli] states WARN SPY binary thr=20: ret_1d column required for state building
2025-11-12 11:44:48,017 INFO [cli] states WARN SPY binary thr=25: ret_1d column required for state building
2025-11-12 11:44:48,025 INFO [cli] states WARN SPY binary thr=30: ret_1d column required for state building
2025-11-12 11:44:48,031 INFO [cli] states WARN SPY binary thr=35: ret_1d column required for state building
2025-11-12 11:44:48,040 INFO [cli] states WARN SPY binary thr=40: ret_1d column required for state building
2025-11-12 11:44:48,047 INFO [cli] states WARN SPY binary thr=45: ret_1d column required for state building
2025-11-12 11:44:48,054 INFO [cli] states WARN SPY binary thr=50: ret_1d column required for state building
2025-11-12 11:44:48,061 INFO [cli] states WARN SPY binary thr=55: ret_1d column required for state building
2025-11-12 11:44:48,071 INFO [cli] states WARN SPY binary thr=60: ret_1d column required for state building
2025-11-12 11:44:48,078 INFO [cli] states WARN SPY binary thr=65: ret_1d column required for state building
2025-11-12 11:44:48,085 INFO [cli] states WARN SPY binary thr=70: ret_1d column required for state building
2025-11-12 11:44:48,094 INFO [cli] states WARN SPY binary thr=75: ret_1d column required for state building
2025-11-12 11:44:48,100 INFO [cli] states WARN SPY binary thr=80: ret_1d column required for state building
2025-11-12 11:44:48,113 INFO [cli] states WARN SPY binary thr=85: ret_1d column required for state building
2025-11-12 11:44:48,122 INFO [cli] states WARN SPY binary thr=90: ret_1d column required for state building
2025-11-12 11:44:48,134 INFO [cli] states WARN SPY binary thr=95: ret_1d column required for state building
2025-11-12 11:44:48,143 INFO [cli] states WARN SPY binary thr=100: ret_1d column required for state building
2025-11-12 11:44:48,153 INFO [cli] states WARN SPY binary thr=105: ret_1d column required for state building
2025-11-12 11:44:48,162 INFO [cli] states WARN SPY binary thr=110: ret_1d column required for state building
2025-11-12 11:44:48,171 INFO [cli] states WARN SPY binary thr=115: ret_1d column required for state building
2025-11-12 11:44:48,178 INFO [cli] states WARN SPY binary thr=120: ret_1d column required for state building
2025-11-12 11:44:48,185 INFO [cli] states WARN SPY binary thr=125: ret_1d column required for state building
2025-11-12 11:44:48,194 INFO [cli] states WARN SPY binary thr=130: ret_1d column required for state building
2025-11-12 11:44:48,202 INFO [cli] states WARN SPY binary thr=135: ret_1d column required for state building
2025-11-12 11:44:48,210 INFO [cli] states WARN SPY binary thr=140: ret_1d column required for state building
2025-11-12 11:44:48,216 INFO [cli] states WARN SPY binary thr=145: ret_1d column required for state building
2025-11-12 11:44:48,226 INFO [cli] states WARN SPY binary thr=150: ret_1d column required for state building
2025-11-12 11:44:48,233 INFO [cli] states WARN SPY tri thr=0: ret_1d column required for state building
2025-11-12 11:44:48,239 INFO [cli] states WARN SPY tri thr=5: ret_1d column required for state building
2025-11-12 11:44:48,246 INFO [cli] states WARN SPY tri thr=10: ret_1d column required for state building
2025-11-12 11:44:48,253 INFO [cli] states WARN SPY tri thr=15: ret_1d column required for state building
2025-11-12 11:44:48,259 INFO [cli] states WARN SPY tri thr=20: ret_1d column required for state building
2025-11-12 11:44:48,268 INFO [cli] states WARN SPY tri thr=25: ret_1d column required for state building
2025-11-12 11:44:48,274 INFO [cli] states WARN SPY tri thr=30: ret_1d column required for state building
2025-11-12 11:44:48,281 INFO [cli] states WARN SPY tri thr=35: ret_1d column required for state building
2025-11-12 11:44:48,288 INFO [cli] states WARN SPY tri thr=40: ret_1d column required for state building
2025-11-12 11:44:48,298 INFO [cli] states WARN SPY tri thr=45: ret_1d column required for state building
2025-11-12 11:44:48,305 INFO [cli] states WARN SPY tri thr=50: ret_1d column required for state building
2025-11-12 11:44:48,313 INFO [cli] states WARN SPY tri thr=55: ret_1d column required for state building
2025-11-12 11:44:48,321 INFO [cli] states WARN SPY tri thr=60: ret_1d column required for state building
2025-11-12 11:44:48,329 INFO [cli] states WARN SPY tri thr=65: ret_1d column required for state building
2025-11-12 11:44:48,337 INFO [cli] states WARN SPY tri thr=70: ret_1d column required for state building
2025-11-12 11:44:48,342 INFO [cli] states WARN SPY tri thr=75: ret_1d column required for state building
2025-11-12 11:44:48,351 INFO [cli] states WARN SPY tri thr=80: ret_1d column required for state building
2025-11-12 11:44:48,357 INFO [cli] states WARN SPY tri thr=85: ret_1d column required for state building
2025-11-12 11:44:48,364 INFO [cli] states WARN SPY tri thr=90: ret_1d column required for state building
2025-11-12 11:44:48,371 INFO [cli] states WARN SPY tri thr=95: ret_1d column required for state building
2025-11-12 11:44:48,378 INFO [cli] states WARN SPY tri thr=100: ret_1d column required for state building
2025-11-12 11:44:48,386 INFO [cli] states WARN SPY tri thr=105: ret_1d column required for state building
2025-11-12 11:44:48,393 INFO [cli] states WARN SPY tri thr=110: ret_1d column required for state building
2025-11-12 11:44:48,400 INFO [cli] states WARN SPY tri thr=115: ret_1d column required for state building
2025-11-12 11:44:48,408 INFO [cli] states WARN SPY tri thr=120: ret_1d column required for state building
2025-11-12 11:44:48,418 INFO [cli] states WARN SPY tri thr=125: ret_1d column required for state building
2025-11-12 11:44:48,425 INFO [cli] states WARN SPY tri thr=130: ret_1d column required for state building
2025-11-12 11:44:48,434 INFO [cli] states WARN SPY tri thr=135: ret_1d column required for state building
2025-11-12 11:44:48,442 INFO [cli] states WARN SPY tri thr=140: ret_1d column required for state building
2025-11-12 11:44:48,450 INFO [cli] states WARN SPY tri thr=145: ret_1d column required for state building
2025-11-12 11:44:48,457 INFO [cli] states WARN SPY tri thr=150: ret_1d column required for state building
2025-11-12 11:44:48,473 INFO [cli] {'ticker': 'QQQ', 'mode': 'binary', 'thr': 0, 'window': '1Y', 'order': 1, 'rows': 2}
2025-11-12 11:44:48,480 INFO [cli] {'ticker': 'QQQ', 'mode': 'binary', 'thr': 0, 'window': '1Y', 'order': 2, 'rows': 4}
2025-11-12 11:44:48,487 INFO [cli] {'ticker': 'QQQ', 'mode': 'binary', 'thr': 0, 'window': '1Y', 'order': 3, 'rows': 8}
2025-11-12 11:44:48,495 INFO [cli] {'ticker': 'QQQ', 'mode': 'binary', 'thr': 0, 'window': '1Y', 'order': 4, 'rows': 16}
2025-11-12 11:44:48,502 INFO [cli] {'ticker': 'QQQ', 'mode': 'binary', 'thr': 0, 'window': '2Y', 'order': 1, 'rows': 2}
2025-11-12 11:44:48,510 INFO [cli] {'ticker': 'QQQ', 'mode': 'binary', 'thr': 0, 'window': '2Y', 'order': 2, 'rows': 4}
2025-11-12 11:44:48,519 INFO [cli] {'ticker': 'QQQ', 'mode': 'binary', 'thr': 0, 'window': '2Y', 'order': 3, 'rows': 8}
2025-11-12 11:44:48,527 INFO [cli] {'ticker': 'QQQ', 'mode': 'binary', 'thr': 0, 'window': '2Y', 'order': 4, 'rows': 16}
2025-11-12 11:44:48,533 INFO [cli] {'ticker': 'QQQ', 'mode': 'binary', 'thr': 0, 'window': '5Y', 'order': 1, 'rows': 2}
2025-11-12 11:44:48,539 INFO [cli] {'ticker': 'QQQ', 'mode': 'binary', 'thr': 0, 'window': '5Y', 'order': 2, 'rows': 4}
2025-11-12 11:44:48,548 INFO [cli] {'ticker': 'QQQ', 'mode': 'binary', 'thr': 0, 'window': '5Y', 'order': 3, 'rows': 8}
2025-11-12 11:44:48,553 INFO [cli] {'ticker': 'QQQ', 'mode': 'binary', 'thr': 0, 'window': '5Y', 'order': 4, 'rows': 16}
2025-11-12 11:44:48,560 INFO [cli] {'ticker': 'QQQ', 'mode': 'binary', 'thr': 0, 'window': '10Y', 'order': 1, 'rows': 2}
2025-11-12 11:44:48,567 INFO [cli] {'ticker': 'QQQ', 'mode': 'binary', 'thr': 0, 'window': '10Y', 'order': 2, 'rows': 4}
2025-11-12 11:44:48,576 INFO [cli] {'ticker': 'QQQ', 'mode': 'binary', 'thr': 0, 'window': '10Y', 'order': 3, 'rows': 8}
2025-11-12 11:44:48,583 INFO [cli] {'ticker': 'QQQ', 'mode': 'binary', 'thr': 0, 'window': '10Y', 'order': 4, 'rows': 16}
2025-11-12 11:44:48,590 INFO [cli] {'ticker': 'QQQ', 'mode': 'binary', 'thr': 0, 'window': '20Y', 'order': 1, 'rows': 2}
2025-11-12 11:44:48,598 INFO [cli] {'ticker': 'QQQ', 'mode': 'binary', 'thr': 0, 'window': '20Y', 'order': 2, 'rows': 4}
2025-11-12 11:44:48,606 INFO [cli] {'ticker': 'QQQ', 'mode': 'binary', 'thr': 0, 'window': '20Y', 'order': 3, 'rows': 8}
2025-11-12 11:44:48,633 INFO [cli] {'ticker': 'QQQ', 'mode': 'binary', 'thr': 0, 'window': '20Y', 'order': 4, 'rows': 16}
2025-11-12 11:44:48,640 INFO [cli] {'ticker': 'QQQ', 'mode': 'binary', 'thr': 0, 'window': 'MAX', 'order': 1, 'rows': 2}
2025-11-12 11:44:48,645 INFO [cli] {'ticker': 'QQQ', 'mode': 'binary', 'thr': 0, 'window': 'MAX', 'order': 2, 'rows': 4}
2025-11-12 11:44:48,651 INFO [cli] {'ticker': 'QQQ', 'mode': 'binary', 'thr': 0, 'window': 'MAX', 'order': 3, 'rows': 8}
2025-11-12 11:44:48,657 INFO [cli] {'ticker': 'QQQ', 'mode': 'binary', 'thr': 0, 'window': 'MAX', 'order': 4, 'rows': 16}
2025-11-12 11:44:48,670 INFO [cli] {'ticker': 'QQQ', 'mode': 'binary', 'thr': 5, 'window': '1Y', 'order': 1, 'rows': 2}
2025-11-12 11:44:48,676 INFO [cli] {'ticker': 'QQQ', 'mode': 'binary', 'thr': 5, 'window': '1Y', 'order': 2, 'rows': 4}
2025-11-12 11:44:48,682 INFO [cli] {'ticker': 'QQQ', 'mode': 'binary', 'thr': 5, 'window': '1Y', 'order': 3, 'rows': 8}
2025-11-12 11:44:48,689 INFO [cli] {'ticker': 'QQQ', 'mode': 'binary', 'thr': 5, 'window': '1Y', 'order': 4, 'rows': 16}
2025-11-12 11:44:48,698 INFO [cli] {'ticker': 'QQQ', 'mode': 'binary', 'thr': 5, 'window': '2Y', 'order': 1, 'rows': 2}
2025-11-12 11:44:48,705 INFO [cli] {'ticker': 'QQQ', 'mode': 'binary', 'thr': 5, 'window': '2Y', 'order': 2, 'rows': 4}
2025-11-12 11:44:48,712 INFO [cli] {'ticker': 'QQQ', 'mode': 'binary', 'thr': 5, 'window': '2Y', 'order': 3, 'rows': 8}
2025-11-12 11:44:48,720 INFO [cli] {'ticker': 'QQQ', 'mode': 'binary', 'thr': 5, 'window': '2Y', 'order': 4, 'rows': 16}
2025-11-12 11:44:48,727 INFO [cli] {'ticker': 'QQQ', 'mode': 'binary', 'thr': 5, 'window': '5Y', 'order': 1, 'rows': 2}
2025-11-12 11:44:48,732 INFO [cli] {'ticker': 'QQQ', 'mode': 'binary', 'thr': 5, 'window': '5Y', 'order': 2, 'rows': 4}
2025-11-12 11:44:48,740 INFO [cli] {'ticker': 'QQQ', 'mode': 'binary', 'thr': 5, 'window': '5Y', 'order': 3, 'rows': 8}
2025-11-12 11:44:48,749 INFO [cli] {'ticker': 'QQQ', 'mode': 'binary', 'thr': 5, 'window': '5Y', 'order': 4, 'rows': 16}
2025-11-12 11:44:48,760 INFO [cli] {'ticker': 'QQQ', 'mode': 'binary', 'thr': 5, 'window': '10Y', 'order': 1, 'rows': 2}
2025-11-12 11:44:48,767 INFO [cli] {'ticker': 'QQQ', 'mode': 'binary', 'thr': 5, 'window': '10Y', 'order': 2, 'rows': 4}
2025-11-12 11:44:48,774 INFO [cli] {'ticker': 'QQQ', 'mode': 'binary', 'thr': 5, 'window': '10Y', 'order': 3, 'rows': 8}
2025-11-12 11:44:48,781 INFO [cli] {'ticker': 'QQQ', 'mode': 'binary', 'thr': 5, 'window': '10Y', 'order': 4, 'rows': 16}
2025-11-12 11:44:48,788 INFO [cli] {'ticker': 'QQQ', 'mode': 'binary', 'thr': 5, 'window': '20Y', 'order': 1, 'rows': 2}
2025-11-12 11:44:48,796 INFO [cli] {'ticker': 'QQQ', 'mode': 'binary', 'thr': 5, 'window': '20Y', 'order': 2, 'rows': 4}
2025-11-12 11:44:48,804 INFO [cli] {'ticker': 'QQQ', 'mode': 'binary', 'thr': 5, 'window': '20Y', 'order': 3, 'rows': 8}
2025-11-12 11:44:48,810 INFO [cli] {'ticker': 'QQQ', 'mode': 'binary', 'thr': 5, 'window': '20Y', 'order': 4, 'rows': 16}
2025-11-12 11:44:48,816 INFO [cli] {'ticker': 'QQQ', 'mode': 'binary', 'thr': 5, 'window': 'MAX', 'order': 1, 'rows': 2}
2025-11-12 11:44:48,824 INFO [cli] {'ticker': 'QQQ', 'mode': 'binary', 'thr': 5, 'window': 'MAX', 'order': 2, 'rows': 4}
2025-11-12 11:44:48,832 INFO [cli] {'ticker': 'QQQ', 'mode': 'binary', 'thr': 5, 'window': 'MAX', 'order': 3, 'rows': 8}
2025-11-12 11:44:48,842 INFO [cli] {'ticker': 'QQQ', 'mode': 'binary', 'thr': 5, 'window': 'MAX', 'order': 4, 'rows': 16}
2025-11-12 11:44:48,859 INFO [cli] {'ticker': 'QQQ', 'mode': 'binary', 'thr': 10, 'window': '1Y', 'order': 1, 'rows': 2}
2025-11-12 11:44:48,870 INFO [cli] {'ticker': 'QQQ', 'mode': 'binary', 'thr': 10, 'window': '1Y', 'order': 2, 'rows': 4}
2025-11-12 11:44:48,876 INFO [cli] {'ticker': 'QQQ', 'mode': 'binary', 'thr': 10, 'window': '1Y', 'order': 3, 'rows': 8}
2025-11-12 11:44:48,884 INFO [cli] {'ticker': 'QQQ', 'mode': 'binary', 'thr': 10, 'window': '1Y', 'order': 4, 'rows': 16}
2025-11-12 11:44:48,890 INFO [cli] {'ticker': 'QQQ', 'mode': 'binary', 'thr': 10, 'window': '2Y', 'order': 1, 'rows': 2}
2025-11-12 11:44:48,898 INFO [cli] {'ticker': 'QQQ', 'mode': 'binary', 'thr': 10, 'window': '2Y', 'order': 2, 'rows': 4}
2025-11-12 11:44:48,905 INFO [cli] {'ticker': 'QQQ', 'mode': 'binary', 'thr': 10, 'window': '2Y', 'order': 3, 'rows': 8}
2025-11-12 11:44:48,911 INFO [cli] {'ticker': 'QQQ', 'mode': 'binary', 'thr': 10, 'window': '2Y', 'order': 4, 'rows': 16}
2025-11-12 11:44:48,917 INFO [cli] {'ticker': 'QQQ', 'mode': 'binary', 'thr': 10, 'window': '5Y', 'order': 1, 'rows': 2}
2025-11-12 11:44:48,925 INFO [cli] {'ticker': 'QQQ', 'mode': 'binary', 'thr': 10, 'window': '5Y', 'order': 2, 'rows': 4}
2025-11-12 11:44:48,933 INFO [cli] {'ticker': 'QQQ', 'mode': 'binary', 'thr': 10, 'window': '5Y', 'order': 3, 'rows': 8}
2025-11-12 11:44:48,941 INFO [cli] {'ticker': 'QQQ', 'mode': 'binary', 'thr': 10, 'window': '5Y', 'order': 4, 'rows': 16}
2025-11-12 11:44:48,946 INFO [cli] {'ticker': 'QQQ', 'mode': 'binary', 'thr': 10, 'window': '10Y', 'order': 1, 'rows': 2}
2025-11-12 11:44:48,953 INFO [cli] {'ticker': 'QQQ', 'mode': 'binary', 'thr': 10, 'window': '10Y', 'order': 2, 'rows': 4}
2025-11-12 11:44:48,961 INFO [cli] {'ticker': 'QQQ', 'mode': 'binary', 'thr': 10, 'window': '10Y', 'order': 3, 'rows': 8}
2025-11-12 11:44:48,967 INFO [cli] {'ticker': 'QQQ', 'mode': 'binary', 'thr': 10, 'window': '10Y', 'order': 4, 'rows': 16}
2025-11-12 11:44:48,975 INFO [cli] {'ticker': 'QQQ', 'mode': 'binary', 'thr': 10, 'window': '20Y', 'order': 1, 'rows': 2}
2025-11-12 11:44:48,981 INFO [cli] {'ticker': 'QQQ', 'mode': 'binary', 'thr': 10, 'window': '20Y', 'order': 2, 'rows': 4}
2025-11-12 11:44:48,993 INFO [cli] {'ticker': 'QQQ', 'mode': 'binary', 'thr': 10, 'window': '20Y', 'order': 3, 'rows': 8}
2025-11-12 11:44:49,000 INFO [cli] {'ticker': 'QQQ', 'mode': 'binary', 'thr': 10, 'window': '20Y', 'order': 4, 'rows': 16}
2025-11-12 11:44:49,005 INFO [cli] {'ticker': 'QQQ', 'mode': 'binary', 'thr': 10, 'window': 'MAX', 'order': 1, 'rows': 2}
2025-11-12 11:44:49,014 INFO [cli] {'ticker': 'QQQ', 'mode': 'binary', 'thr': 10, 'window': 'MAX', 'order': 2, 'rows': 4}
2025-11-12 11:44:49,022 INFO [cli] {'ticker': 'QQQ', 'mode': 'binary', 'thr': 10, 'window': 'MAX', 'order': 3, 'rows': 8}
2025-11-12 11:44:49,029 INFO [cli] {'ticker': 'QQQ', 'mode': 'binary', 'thr': 10, 'window': 'MAX', 'order': 4, 'rows': 16}
2025-11-12 11:44:49,043 INFO [cli] {'ticker': 'QQQ', 'mode': 'binary', 'thr': 15, 'window': '1Y', 'order': 1, 'rows': 2}
2025-11-12 11:44:49,049 INFO [cli] {'ticker': 'QQQ', 'mode': 'binary', 'thr': 15, 'window': '1Y', 'order': 2, 'rows': 4}
2025-11-12 11:44:49,055 INFO [cli] {'ticker': 'QQQ', 'mode': 'binary', 'thr': 15, 'window': '1Y', 'order': 3, 'rows': 8}
2025-11-12 11:44:49,062 INFO [cli] {'ticker': 'QQQ', 'mode': 'binary', 'thr': 15, 'window': '1Y', 'order': 4, 'rows': 16}
2025-11-12 11:44:49,071 INFO [cli] {'ticker': 'QQQ', 'mode': 'binary', 'thr': 15, 'window': '2Y', 'order': 1, 'rows': 2}
2025-11-12 11:44:49,080 INFO [cli] {'ticker': 'QQQ', 'mode': 'binary', 'thr': 15, 'window': '2Y', 'order': 2, 'rows': 4}
2025-11-12 11:44:49,088 INFO [cli] {'ticker': 'QQQ', 'mode': 'binary', 'thr': 15, 'window': '2Y', 'order': 3, 'rows': 8}
2025-11-12 11:44:49,094 INFO [cli] {'ticker': 'QQQ', 'mode': 'binary', 'thr': 15, 'window': '2Y', 'order': 4, 'rows': 16}
2025-11-12 11:44:49,101 INFO [cli] {'ticker': 'QQQ', 'mode': 'binary', 'thr': 15, 'window': '5Y', 'order': 1, 'rows': 2}
2025-11-12 11:44:49,108 INFO [cli] {'ticker': 'QQQ', 'mode': 'binary', 'thr': 15, 'window': '5Y', 'order': 2, 'rows': 4}
2025-11-12 11:44:49,115 INFO [cli] {'ticker': 'QQQ', 'mode': 'binary', 'thr': 15, 'window': '5Y', 'order': 3, 'rows': 8}
2025-11-12 11:44:49,122 INFO [cli] {'ticker': 'QQQ', 'mode': 'binary', 'thr': 15, 'window': '5Y', 'order': 4, 'rows': 16}
2025-11-12 11:44:49,130 INFO [cli] {'ticker': 'QQQ', 'mode': 'binary', 'thr': 15, 'window': '10Y', 'order': 1, 'rows': 2}
2025-11-12 11:44:49,138 INFO [cli] {'ticker': 'QQQ', 'mode': 'binary', 'thr': 15, 'window': '10Y', 'order': 2, 'rows': 4}
2025-11-12 11:44:49,145 INFO [cli] {'ticker': 'QQQ', 'mode': 'binary', 'thr': 15, 'window': '10Y', 'order': 3, 'rows': 8}
2025-11-12 11:44:49,152 INFO [cli] {'ticker': 'QQQ', 'mode': 'binary', 'thr': 15, 'window': '10Y', 'order': 4, 'rows': 16}
2025-11-12 11:44:49,159 INFO [cli] {'ticker': 'QQQ', 'mode': 'binary', 'thr': 15, 'window': '20Y', 'order': 1, 'rows': 2}
2025-11-12 11:44:49,167 INFO [cli] {'ticker': 'QQQ', 'mode': 'binary', 'thr': 15, 'window': '20Y', 'order': 2, 'rows': 4}
2025-11-12 11:44:49,174 INFO [cli] {'ticker': 'QQQ', 'mode': 'binary', 'thr': 15, 'window': '20Y', 'order': 3, 'rows': 8}
2025-11-12 11:44:49,180 INFO [cli] {'ticker': 'QQQ', 'mode': 'binary', 'thr': 15, 'window': '20Y', 'order': 4, 'rows': 16}
2025-11-12 11:44:49,189 INFO [cli] {'ticker': 'QQQ', 'mode': 'binary', 'thr': 15, 'window': 'MAX', 'order': 1, 'rows': 2}
2025-11-12 11:44:49,196 INFO [cli] {'ticker': 'QQQ', 'mode': 'binary', 'thr': 15, 'window': 'MAX', 'order': 2, 'rows': 4}
2025-11-12 11:44:49,207 INFO [cli] {'ticker': 'QQQ', 'mode': 'binary', 'thr': 15, 'window': 'MAX', 'order': 3, 'rows': 8}
2025-11-12 11:44:49,219 INFO [cli] {'ticker': 'QQQ', 'mode': 'binary', 'thr': 15, 'window': 'MAX', 'order': 4, 'rows': 16}
2025-11-12 11:44:49,236 INFO [cli] {'ticker': 'QQQ', 'mode': 'binary', 'thr': 20, 'window': '1Y', 'order': 1, 'rows': 2}
2025-11-12 11:44:49,248 INFO [cli] {'ticker': 'QQQ', 'mode': 'binary', 'thr': 20, 'window': '1Y', 'order': 2, 'rows': 4}
2025-11-12 11:44:49,257 INFO [cli] {'ticker': 'QQQ', 'mode': 'binary', 'thr': 20, 'window': '1Y', 'order': 3, 'rows': 8}
2025-11-12 11:44:49,269 INFO [cli] {'ticker': 'QQQ', 'mode': 'binary', 'thr': 20, 'window': '1Y', 'order': 4, 'rows': 16}
2025-11-12 11:44:49,278 INFO [cli] {'ticker': 'QQQ', 'mode': 'binary', 'thr': 20, 'window': '2Y', 'order': 1, 'rows': 2}
2025-11-12 11:44:49,290 INFO [cli] {'ticker': 'QQQ', 'mode': 'binary', 'thr': 20, 'window': '2Y', 'order': 2, 'rows': 4}
2025-11-12 11:44:49,300 INFO [cli] {'ticker': 'QQQ', 'mode': 'binary', 'thr': 20, 'window': '2Y', 'order': 3, 'rows': 8}
2025-11-12 11:44:49,310 INFO [cli] {'ticker': 'QQQ', 'mode': 'binary', 'thr': 20, 'window': '2Y', 'order': 4, 'rows': 16}
2025-11-12 11:44:49,319 INFO [cli] {'ticker': 'QQQ', 'mode': 'binary', 'thr': 20, 'window': '5Y', 'order': 1, 'rows': 2}
2025-11-12 11:44:49,328 INFO [cli] {'ticker': 'QQQ', 'mode': 'binary', 'thr': 20, 'window': '5Y', 'order': 2, 'rows': 4}
2025-11-12 11:44:49,336 INFO [cli] {'ticker': 'QQQ', 'mode': 'binary', 'thr': 20, 'window': '5Y', 'order': 3, 'rows': 8}
2025-11-12 11:44:49,345 INFO [cli] {'ticker': 'QQQ', 'mode': 'binary', 'thr': 20, 'window': '5Y', 'order': 4, 'rows': 16}
2025-11-12 11:44:49,356 INFO [cli] {'ticker': 'QQQ', 'mode': 'binary', 'thr': 20, 'window': '10Y', 'order': 1, 'rows': 2}
2025-11-12 11:44:49,367 INFO [cli] {'ticker': 'QQQ', 'mode': 'binary', 'thr': 20, 'window': '10Y', 'order': 2, 'rows': 4}
2025-11-12 11:44:49,376 INFO [cli] {'ticker': 'QQQ', 'mode': 'binary', 'thr': 20, 'window': '10Y', 'order': 3, 'rows': 8}
2025-11-12 11:44:49,386 INFO [cli] {'ticker': 'QQQ', 'mode': 'binary', 'thr': 20, 'window': '10Y', 'order': 4, 'rows': 16}
2025-11-12 11:44:49,394 INFO [cli] {'ticker': 'QQQ', 'mode': 'binary', 'thr': 20, 'window': '20Y', 'order': 1, 'rows': 2}
2025-11-12 11:44:49,402 INFO [cli] {'ticker': 'QQQ', 'mode': 'binary', 'thr': 20, 'window': '20Y', 'order': 2, 'rows': 4}
2025-11-12 11:44:49,411 INFO [cli] {'ticker': 'QQQ', 'mode': 'binary', 'thr': 20, 'window': '20Y', 'order': 3, 'rows': 8}
2025-11-12 11:44:49,424 INFO [cli] {'ticker': 'QQQ', 'mode': 'binary', 'thr': 20, 'window': '20Y', 'order': 4, 'rows': 16}
2025-11-12 11:44:49,435 INFO [cli] {'ticker': 'QQQ', 'mode': 'binary', 'thr': 20, 'window': 'MAX', 'order': 1, 'rows': 2}
2025-11-12 11:44:49,446 INFO [cli] {'ticker': 'QQQ', 'mode': 'binary', 'thr': 20, 'window': 'MAX', 'order': 2, 'rows': 4}
2025-11-12 11:44:49,458 INFO [cli] {'ticker': 'QQQ', 'mode': 'binary', 'thr': 20, 'window': 'MAX', 'order': 3, 'rows': 8}
2025-11-12 11:44:49,469 INFO [cli] {'ticker': 'QQQ', 'mode': 'binary', 'thr': 20, 'window': 'MAX', 'order': 4, 'rows': 16}
2025-11-12 11:44:49,486 INFO [cli] {'ticker': 'QQQ', 'mode': 'binary', 'thr': 25, 'window': '1Y', 'order': 1, 'rows': 2}
2025-11-12 11:44:49,495 INFO [cli] {'ticker': 'QQQ', 'mode': 'binary', 'thr': 25, 'window': '1Y', 'order': 2, 'rows': 4}
2025-11-12 11:44:49,503 INFO [cli] {'ticker': 'QQQ', 'mode': 'binary', 'thr': 25, 'window': '1Y', 'order': 3, 'rows': 8}
2025-11-12 11:44:49,513 INFO [cli] {'ticker': 'QQQ', 'mode': 'binary', 'thr': 25, 'window': '1Y', 'order': 4, 'rows': 16}
2025-11-12 11:44:49,523 INFO [cli] {'ticker': 'QQQ', 'mode': 'binary', 'thr': 25, 'window': '2Y', 'order': 1, 'rows': 2}
2025-11-12 11:44:49,533 INFO [cli] {'ticker': 'QQQ', 'mode': 'binary', 'thr': 25, 'window': '2Y', 'order': 2, 'rows': 4}
2025-11-12 11:44:49,542 INFO [cli] {'ticker': 'QQQ', 'mode': 'binary', 'thr': 25, 'window': '2Y', 'order': 3, 'rows': 8}
2025-11-12 11:44:49,549 INFO [cli] {'ticker': 'QQQ', 'mode': 'binary', 'thr': 25, 'window': '2Y', 'order': 4, 'rows': 16}
2025-11-12 11:44:49,558 INFO [cli] {'ticker': 'QQQ', 'mode': 'binary', 'thr': 25, 'window': '5Y', 'order': 1, 'rows': 2}
2025-11-12 11:44:49,568 INFO [cli] {'ticker': 'QQQ', 'mode': 'binary', 'thr': 25, 'window': '5Y', 'order': 2, 'rows': 4}
2025-11-12 11:44:49,576 INFO [cli] {'ticker': 'QQQ', 'mode': 'binary', 'thr': 25, 'window': '5Y', 'order': 3, 'rows': 8}
2025-11-12 11:44:49,586 INFO [cli] {'ticker': 'QQQ', 'mode': 'binary', 'thr': 25, 'window': '5Y', 'order': 4, 'rows': 16}
2025-11-12 11:44:49,597 INFO [cli] {'ticker': 'QQQ', 'mode': 'binary', 'thr': 25, 'window': '10Y', 'order': 1, 'rows': 2}
2025-11-12 11:44:49,608 INFO [cli] {'ticker': 'QQQ', 'mode': 'binary', 'thr': 25, 'window': '10Y', 'order': 2, 'rows': 4}
2025-11-12 11:44:49,619 INFO [cli] {'ticker': 'QQQ', 'mode': 'binary', 'thr': 25, 'window': '10Y', 'order': 3, 'rows': 8}
2025-11-12 11:44:49,629 INFO [cli] {'ticker': 'QQQ', 'mode': 'binary', 'thr': 25, 'window': '10Y', 'order': 4, 'rows': 16}
{'event': 'build-markov-grid:start', 'tickers': ['SPY', 'QQQ', 'DIA', 'IWM'], 'modes': ['binary', 'tri'], 'thresholds': [0, 5, 10, 15, 20, '...'], 'windows': ['1Y', '2Y', '5Y', '10Y', '20Y', 'MAX'], 'orders': [1, 2, 3, 4]}
states WARN SPY binary thr=0: ret_1d column required for state building
states WARN SPY binary thr=5: ret_1d column required for state building
states WARN SPY binary thr=10: ret_1d column required for state building
states WARN SPY binary thr=15: ret_1d column required for state building
states WARN SPY binary thr=20: ret_1d column required for state building
states WARN SPY binary thr=25: ret_1d column required for state building
states WARN SPY binary thr=30: ret_1d column required for state building
states WARN SPY binary thr=35: ret_1d column required for state building
states WARN SPY binary thr=40: ret_1d column required for state building
states WARN SPY binary thr=45: ret_1d column required for state building
states WARN SPY binary thr=50: ret_1d column required for state building
states WARN SPY binary thr=55: ret_1d column required for state building
states WARN SPY binary thr=60: ret_1d column required for state building
states WARN SPY binary thr=65: ret_1d column required for state building
states WARN SPY binary thr=70: ret_1d column required for state building
states WARN SPY binary thr=75: ret_1d column required for state building
states WARN SPY binary thr=80: ret_1d column required for state building
states WARN SPY binary thr=85: ret_1d column required for state building
states WARN SPY binary thr=90: ret_1d column required for state building
states WARN SPY binary thr=95: ret_1d column required for state building
states WARN SPY binary thr=100: ret_1d column required for state building
states WARN SPY binary thr=105: ret_1d column required for state building
states WARN SPY binary thr=110: ret_1d column required for state building
states WARN SPY binary thr=115: ret_1d column required for state building
states WARN SPY binary thr=120: ret_1d column required for state building
states WARN SPY binary thr=125: ret_1d column required for state building
states WARN SPY binary thr=130: ret_1d column required for state building
states WARN SPY binary thr=135: ret_1d column required for state building
states WARN SPY binary thr=140: ret_1d column required for state building
states WARN SPY binary thr=145: ret_1d column required for state building
states WARN SPY binary thr=150: ret_1d column required for state building
states WARN SPY tri thr=0: ret_1d column required for state building
states WARN SPY tri thr=5: ret_1d column required for state building
states WARN SPY tri thr=10: ret_1d column required for state building
states WARN SPY tri thr=15: ret_1d column required for state building
states WARN SPY tri thr=20: ret_1d column required for state building
states WARN SPY tri thr=25: ret_1d column required for state building
states WARN SPY tri thr=30: ret_1d column required for state building
states WARN SPY tri thr=35: ret_1d column required for state building
states WARN SPY tri thr=40: ret_1d column required for state building
states WARN SPY tri thr=45: ret_1d column required for state building
states WARN SPY tri thr=50: ret_1d column required for state building
states WARN SPY tri thr=55: ret_1d column required for state building
states WARN SPY tri thr=60: ret_1d column required for state building
states WARN SPY tri thr=65: ret_1d column required for state building
states WARN SPY tri thr=70: ret_1d column required for state building
states WARN SPY tri thr=75: ret_1d column required for state building
states WARN SPY tri thr=80: ret_1d column required for state building
states WARN SPY tri thr=85: ret_1d column required for state building
states WARN SPY tri thr=90: ret_1d column required for state building
states WARN SPY tri thr=95: ret_1d column required for state building
states WARN SPY tri thr=100: ret_1d column required for state building
states WARN SPY tri thr=105: ret_1d column required for state building
states WARN SPY tri thr=110: ret_1d column required for state building
states WARN SPY tri thr=115: ret_1d column required for state building
states WARN SPY tri thr=120: ret_1d column required for state building
states WARN SPY tri thr=125: ret_1d column required for state building
states WARN SPY tri thr=130: ret_1d column required for state building
states WARN SPY tri thr=135: ret_1d column required for state building
states WARN SPY tri thr=140: ret_1d column required for state building
states WARN SPY tri thr=145: ret_1d column required for state building
states WARN SPY tri thr=150: ret_1d column required for state building
{'ticker': 'QQQ', 'mode': 'binary', 'thr': 0, 'window': '1Y', 'order': 1, 'rows': 2}
{'ticker': 'QQQ', 'mode': 'binary', 'thr': 0, 'window': '1Y', 'order': 2, 'rows': 4}
{'ticker': 'QQQ', 'mode': 'binary', 'thr': 0, 'window': '1Y', 'order': 3, 'rows': 8}
{'ticker': 'QQQ', 'mode': 'binary', 'thr': 0, 'window': '1Y', 'order': 4, 'rows': 16}
{'ticker': 'QQQ', 'mode': 'binary', 'thr': 0, 'window': '2Y', 'order': 1, 'rows': 2}
{'ticker': 'QQQ', 'mode': 'binary', 'thr': 0, 'window': '2Y', 'order': 2, 'rows': 4}
{'ticker': 'QQQ', 'mode': 'binary', 'thr': 0, 'window': '2Y', 'order': 3, 'rows': 8}
{'ticker': 'QQQ', 'mode': 'binary', 'thr': 0, 'window': '2Y', 'order': 4, 'rows': 16}
{'ticker': 'QQQ', 'mode': 'binary', 'thr': 0, 'window': '5Y', 'order': 1, 'rows': 2}
{'ticker': 'QQQ', 'mode': 'binary', 'thr': 0, 'window': '5Y', 'order': 2, 'rows': 4}
{'ticker': 'QQQ', 'mode': 'binary', 'thr': 0, 'window': '5Y', 'order': 3, 'rows': 8}
{'ticker': 'QQQ', 'mode': 'binary', 'thr': 0, 'window': '5Y', 'order': 4, 'rows': 16}
{'ticker': 'QQQ', 'mode': 'binary', 'thr': 0, 'window': '10Y', 'order': 1, 'rows': 2}
{'ticker': 'QQQ', 'mode': 'binary', 'thr': 0, 'window': '10Y', 'order': 2, 'rows': 4}
{'ticker': 'QQQ', 'mode': 'binary', 'thr': 0, 'window': '10Y', 'order': 3, 'rows': 8}
{'ticker': 'QQQ', 'mode': 'binary', 'thr': 0, 'window': '10Y', 'order': 4, 'rows': 16}
{'ticker': 'QQQ', 'mode': 'binary', 'thr': 0, 'window': '20Y', 'order': 1, 'rows': 2}
{'ticker': 'QQQ', 'mode': 'binary', 'thr': 0, 'window': '20Y', 'order': 2, 'rows': 4}
{'ticker': 'QQQ', 'mode': 'binary', 'thr': 0, 'window': '20Y', 'order': 3, 'rows': 8}
{'ticker': 'QQQ', 'mode': 'binary', 'thr': 0, 'window': '20Y', 'order': 4, 'rows': 16}
{'ticker': 'QQQ', 'mode': 'binary', 'thr': 0, 'window': 'MAX', 'order': 1, 'rows': 2}
{'ticker': 'QQQ', 'mode': 'binary', 'thr': 0, 'window': 'MAX', 'order': 2, 'rows': 4}
{'ticker': 'QQQ', 'mode': 'binary', 'thr': 0, 'window': 'MAX', 'order': 3, 'rows': 8}
{'ticker': 'QQQ', 'mode': 'binary', 'thr': 0, 'window': 'MAX', 'order': 4, 'rows': 16}
{'ticker': 'QQQ', 'mode': 'binary', 'thr': 5, 'window': '1Y', 'order': 1, 'rows': 2}
{'ticker': 'QQQ', 'mode': 'binary', 'thr': 5, 'window': '1Y', 'order': 2, 'rows': 4}
{'ticker': 'QQQ', 'mode': 'binary', 'thr': 5, 'window': '1Y', 'order': 3, 'rows': 8}
{'ticker': 'QQQ', 'mode': 'binary', 'thr': 5, 'window': '1Y', 'order': 4, 'rows': 16}
{'ticker': 'QQQ', 'mode': 'binary', 'thr': 5, 'window': '2Y', 'order': 1, 'rows': 2}
{'ticker': 'QQQ', 'mode': 'binary', 'thr': 5, 'window': '2Y', 'order': 2, 'rows': 4}
{'ticker': 'QQQ', 'mode': 'binary', 'thr': 5, 'window': '2Y', 'order': 3, 'rows': 8}
{'ticker': 'QQQ', 'mode': 'binary', 'thr': 5, 'window': '2Y', 'order': 4, 'rows': 16}
{'ticker': 'QQQ', 'mode': 'binary', 'thr': 5, 'window': '5Y', 'order': 1, 'rows': 2}
{'ticker': 'QQQ', 'mode': 'binary', 'thr': 5, 'window': '5Y', 'order': 2, 'rows': 4}
{'ticker': 'QQQ', 'mode': 'binary', 'thr': 5, 'window': '5Y', 'order': 3, 'rows': 8}
{'ticker': 'QQQ', 'mode': 'binary', 'thr': 5, 'window': '5Y', 'order': 4, 'rows': 16}
{'ticker': 'QQQ', 'mode': 'binary', 'thr': 5, 'window': '10Y', 'order': 1, 'rows': 2}
{'ticker': 'QQQ', 'mode': 'binary', 'thr': 5, 'window': '10Y', 'order': 2, 'rows': 4}
{'ticker': 'QQQ', 'mode': 'binary', 'thr': 5, 'window': '10Y', 'order': 3, 'rows': 8}
{'ticker': 'QQQ', 'mode': 'binary', 'thr': 5, 'window': '10Y', 'order': 4, 'rows': 16}
{'ticker': 'QQQ', 'mode': 'binary', 'thr': 5, 'window': '20Y', 'order': 1, 'rows': 2}
{'ticker': 'QQQ', 'mode': 'binary', 'thr': 5, 'window': '20Y', 'order': 2, 'rows': 4}2025-11-12 11:44:49,637 INFO [cli] {'ticker': 'QQQ', 'mode': 'binary', 'thr': 25, 'window': '20Y', 'order': 1, 'rows': 2}
2025-11-12 11:44:49,647 INFO [cli] {'ticker': 'QQQ', 'mode': 'binary', 'thr': 25, 'window': '20Y', 'order': 2, 'rows': 4}
2025-11-12 11:44:49,656 INFO [cli] {'ticker': 'QQQ', 'mode': 'binary', 'thr': 25, 'window': '20Y', 'order': 3, 'rows': 8}
2025-11-12 11:44:49,677 INFO [cli] {'ticker': 'QQQ', 'mode': 'binary', 'thr': 25, 'window': '20Y', 'order': 4, 'rows': 16}
2025-11-12 11:44:49,687 INFO [cli] {'ticker': 'QQQ', 'mode': 'binary', 'thr': 25, 'window': 'MAX', 'order': 1, 'rows': 2}
2025-11-12 11:44:49,695 INFO [cli] {'ticker': 'QQQ', 'mode': 'binary', 'thr': 25, 'window': 'MAX', 'order': 2, 'rows': 4}
2025-11-12 11:44:49,706 INFO [cli] {'ticker': 'QQQ', 'mode': 'binary', 'thr': 25, 'window': 'MAX', 'order': 3, 'rows': 8}
2025-11-12 11:44:49,715 INFO [cli] {'ticker': 'QQQ', 'mode': 'binary', 'thr': 25, 'window': 'MAX', 'order': 4, 'rows': 16}
2025-11-12 11:44:49,732 INFO [cli] {'ticker': 'QQQ', 'mode': 'binary', 'thr': 30, 'window': '1Y', 'order': 1, 'rows': 2}
2025-11-12 11:44:49,743 INFO [cli] {'ticker': 'QQQ', 'mode': 'binary', 'thr': 30, 'window': '1Y', 'order': 2, 'rows': 4}
2025-11-12 11:44:49,754 INFO [cli] {'ticker': 'QQQ', 'mode': 'binary', 'thr': 30, 'window': '1Y', 'order': 3, 'rows': 8}
2025-11-12 11:44:49,764 INFO [cli] {'ticker': 'QQQ', 'mode': 'binary', 'thr': 30, 'window': '1Y', 'order': 4, 'rows': 16}
2025-11-12 11:44:49,775 INFO [cli] {'ticker': 'QQQ', 'mode': 'binary', 'thr': 30, 'window': '2Y', 'order': 1, 'rows': 2}
2025-11-12 11:44:49,783 INFO [cli] {'ticker': 'QQQ', 'mode': 'binary', 'thr': 30, 'window': '2Y', 'order': 2, 'rows': 4}
2025-11-12 11:44:49,793 INFO [cli] {'ticker': 'QQQ', 'mode': 'binary', 'thr': 30, 'window': '2Y', 'order': 3, 'rows': 8}
2025-11-12 11:44:49,803 INFO [cli] {'ticker': 'QQQ', 'mode': 'binary', 'thr': 30, 'window': '2Y', 'order': 4, 'rows': 16}
2025-11-12 11:44:49,813 INFO [cli] {'ticker': 'QQQ', 'mode': 'binary', 'thr': 30, 'window': '5Y', 'order': 1, 'rows': 2}
2025-11-12 11:44:49,822 INFO [cli] {'ticker': 'QQQ', 'mode': 'binary', 'thr': 30, 'window': '5Y', 'order': 2, 'rows': 4}
2025-11-12 11:44:49,833 INFO [cli] {'ticker': 'QQQ', 'mode': 'binary', 'thr': 30, 'window': '5Y', 'order': 3, 'rows': 8}
2025-11-12 11:44:49,844 INFO [cli] {'ticker': 'QQQ', 'mode': 'binary', 'thr': 30, 'window': '5Y', 'order': 4, 'rows': 16}
2025-11-12 11:44:49,855 INFO [cli] {'ticker': 'QQQ', 'mode': 'binary', 'thr': 30, 'window': '10Y', 'order': 1, 'rows': 2}
2025-11-12 11:44:49,865 INFO [cli] {'ticker': 'QQQ', 'mode': 'binary', 'thr': 30, 'window': '10Y', 'order': 2, 'rows': 4}
2025-11-12 11:44:49,875 INFO [cli] {'ticker': 'QQQ', 'mode': 'binary', 'thr': 30, 'window': '10Y', 'order': 3, 'rows': 8}
2025-11-12 11:44:49,886 INFO [cli] {'ticker': 'QQQ', 'mode': 'binary', 'thr': 30, 'window': '10Y', 'order': 4, 'rows': 16}
2025-11-12 11:44:49,895 INFO [cli] {'ticker': 'QQQ', 'mode': 'binary', 'thr': 30, 'window': '20Y', 'order': 1, 'rows': 2}
2025-11-12 11:44:49,904 INFO [cli] {'ticker': 'QQQ', 'mode': 'binary', 'thr': 30, 'window': '20Y', 'order': 2, 'rows': 4}
2025-11-12 11:44:49,914 INFO [cli] {'ticker': 'QQQ', 'mode': 'binary', 'thr': 30, 'window': '20Y', 'order': 3, 'rows': 8}
2025-11-12 11:44:49,925 INFO [cli] {'ticker': 'QQQ', 'mode': 'binary', 'thr': 30, 'window': '20Y', 'order': 4, 'rows': 16}
2025-11-12 11:44:49,935 INFO [cli] {'ticker': 'QQQ', 'mode': 'binary', 'thr': 30, 'window': 'MAX', 'order': 1, 'rows': 2}
2025-11-12 11:44:49,943 INFO [cli] {'ticker': 'QQQ', 'mode': 'binary', 'thr': 30, 'window': 'MAX', 'order': 2, 'rows': 4}
2025-11-12 11:44:49,954 INFO [cli] {'ticker': 'QQQ', 'mode': 'binary', 'thr': 30, 'window': 'MAX', 'order': 3, 'rows': 8}
2025-11-12 11:44:49,964 INFO [cli] {'ticker': 'QQQ', 'mode': 'binary', 'thr': 30, 'window': 'MAX', 'order': 4, 'rows': 16}
2025-11-12 11:44:49,980 INFO [cli] {'ticker': 'QQQ', 'mode': 'binary', 'thr': 35, 'window': '1Y', 'order': 1, 'rows': 2}
2025-11-12 11:44:49,988 INFO [cli] {'ticker': 'QQQ', 'mode': 'binary', 'thr': 35, 'window': '1Y', 'order': 2, 'rows': 4}
2025-11-12 11:44:49,999 INFO [cli] {'ticker': 'QQQ', 'mode': 'binary', 'thr': 35, 'window': '1Y', 'order': 3, 'rows': 8}
2025-11-12 11:44:50,009 INFO [cli] {'ticker': 'QQQ', 'mode': 'binary', 'thr': 35, 'window': '1Y', 'order': 4, 'rows': 16}
2025-11-12 11:44:50,017 INFO [cli] {'ticker': 'QQQ', 'mode': 'binary', 'thr': 35, 'window': '2Y', 'order': 1, 'rows': 2}
2025-11-12 11:44:50,026 INFO [cli] {'ticker': 'QQQ', 'mode': 'binary', 'thr': 35, 'window': '2Y', 'order': 2, 'rows': 4}
2025-11-12 11:44:50,035 INFO [cli] {'ticker': 'QQQ', 'mode': 'binary', 'thr': 35, 'window': '2Y', 'order': 3, 'rows': 8}
2025-11-12 11:44:50,046 INFO [cli] {'ticker': 'QQQ', 'mode': 'binary', 'thr': 35, 'window': '2Y', 'order': 4, 'rows': 16}
2025-11-12 11:44:50,057 INFO [cli] {'ticker': 'QQQ', 'mode': 'binary', 'thr': 35, 'window': '5Y', 'order': 1, 'rows': 2}
2025-11-12 11:44:50,066 INFO [cli] {'ticker': 'QQQ', 'mode': 'binary', 'thr': 35, 'window': '5Y', 'order': 2, 'rows': 4}
2025-11-12 11:44:50,077 INFO [cli] {'ticker': 'QQQ', 'mode': 'binary', 'thr': 35, 'window': '5Y', 'order': 3, 'rows': 8}
2025-11-12 11:44:50,089 INFO [cli] {'ticker': 'QQQ', 'mode': 'binary', 'thr': 35, 'window': '5Y', 'order': 4, 'rows': 16}
2025-11-12 11:44:50,100 INFO [cli] {'ticker': 'QQQ', 'mode': 'binary', 'thr': 35, 'window': '10Y', 'order': 1, 'rows': 2}
2025-11-12 11:44:50,110 INFO [cli] {'ticker': 'QQQ', 'mode': 'binary', 'thr': 35, 'window': '10Y', 'order': 2, 'rows': 4}
2025-11-12 11:44:50,119 INFO [cli] {'ticker': 'QQQ', 'mode': 'binary', 'thr': 35, 'window': '10Y', 'order': 3, 'rows': 8}
2025-11-12 11:44:50,130 INFO [cli] {'ticker': 'QQQ', 'mode': 'binary', 'thr': 35, 'window': '10Y', 'order': 4, 'rows': 16}
2025-11-12 11:44:50,140 INFO [cli] {'ticker': 'QQQ', 'mode': 'binary', 'thr': 35, 'window': '20Y', 'order': 1, 'rows': 2}
2025-11-12 11:44:50,149 INFO [cli] {'ticker': 'QQQ', 'mode': 'binary', 'thr': 35, 'window': '20Y', 'order': 2, 'rows': 4}
2025-11-12 11:44:50,158 INFO [cli] {'ticker': 'QQQ', 'mode': 'binary', 'thr': 35, 'window': '20Y', 'order': 3, 'rows': 8}
2025-11-12 11:44:50,168 INFO [cli] {'ticker': 'QQQ', 'mode': 'binary', 'thr': 35, 'window': '20Y', 'order': 4, 'rows': 16}
2025-11-12 11:44:50,178 INFO [cli] {'ticker': 'QQQ', 'mode': 'binary', 'thr': 35, 'window': 'MAX', 'order': 1, 'rows': 2}
2025-11-12 11:44:50,186 INFO [cli] {'ticker': 'QQQ', 'mode': 'binary', 'thr': 35, 'window': 'MAX', 'order': 2, 'rows': 4}
2025-11-12 11:44:50,196 INFO [cli] {'ticker': 'QQQ', 'mode': 'binary', 'thr': 35, 'window': 'MAX', 'order': 3, 'rows': 8}
2025-11-12 11:44:50,207 INFO [cli] {'ticker': 'QQQ', 'mode': 'binary', 'thr': 35, 'window': 'MAX', 'order': 4, 'rows': 16}
2025-11-12 11:44:50,224 INFO [cli] {'ticker': 'QQQ', 'mode': 'binary', 'thr': 40, 'window': '1Y', 'order': 1, 'rows': 2}
2025-11-12 11:44:50,233 INFO [cli] {'ticker': 'QQQ', 'mode': 'binary', 'thr': 40, 'window': '1Y', 'order': 2, 'rows': 4}
2025-11-12 11:44:50,242 INFO [cli] {'ticker': 'QQQ', 'mode': 'binary', 'thr': 40, 'window': '1Y', 'order': 3, 'rows': 8}
2025-11-12 11:44:50,252 INFO [cli] {'ticker': 'QQQ', 'mode': 'binary', 'thr': 40, 'window': '1Y', 'order': 4, 'rows': 16}
2025-11-12 11:44:50,263 INFO [cli] {'ticker': 'QQQ', 'mode': 'binary', 'thr': 40, 'window': '2Y', 'order': 1, 'rows': 2}
2025-11-12 11:44:50,274 INFO [cli] {'ticker': 'QQQ', 'mode': 'binary', 'thr': 40, 'window': '2Y', 'order': 2, 'rows': 4}
2025-11-12 11:44:50,283 INFO [cli] {'ticker': 'QQQ', 'mode': 'binary', 'thr': 40, 'window': '2Y', 'order': 3, 'rows': 8}
2025-11-12 11:44:50,291 INFO [cli] {'ticker': 'QQQ', 'mode': 'binary', 'thr': 40, 'window': '2Y', 'order': 4, 'rows': 16}
2025-11-12 11:44:50,302 INFO [cli] {'ticker': 'QQQ', 'mode': 'binary', 'thr': 40, 'window': '5Y', 'order': 1, 'rows': 2}
2025-11-12 11:44:50,313 INFO [cli] {'ticker': 'QQQ', 'mode': 'binary', 'thr': 40, 'window': '5Y', 'order': 2, 'rows': 4}
2025-11-12 11:44:50,322 INFO [cli] {'ticker': 'QQQ', 'mode': 'binary', 'thr': 40, 'window': '5Y', 'order': 3, 'rows': 8}
2025-11-12 11:44:50,334 INFO [cli] {'ticker': 'QQQ', 'mode': 'binary', 'thr': 40, 'window': '5Y', 'order': 4, 'rows': 16}
2025-11-12 11:44:50,344 INFO [cli] {'ticker': 'QQQ', 'mode': 'binary', 'thr': 40, 'window': '10Y', 'order': 1, 'rows': 2}
2025-11-12 11:44:50,352 INFO [cli] {'ticker': 'QQQ', 'mode': 'binary', 'thr': 40, 'window': '10Y', 'order': 2, 'rows': 4}
2025-11-12 11:44:50,363 INFO [cli] {'ticker': 'QQQ', 'mode': 'binary', 'thr': 40, 'window': '10Y', 'order': 3, 'rows': 8}
2025-11-12 11:44:50,374 INFO [cli] {'ticker': 'QQQ', 'mode': 'binary', 'thr': 40, 'window': '10Y', 'order': 4, 'rows': 16}
2025-11-12 11:44:50,385 INFO [cli] {'ticker': 'QQQ', 'mode': 'binary', 'thr': 40, 'window': '20Y', 'order': 1, 'rows': 2}
2025-11-12 11:44:50,394 INFO [cli] {'ticker': 'QQQ', 'mode': 'binary', 'thr': 40, 'window': '20Y', 'order': 2, 'rows': 4}
2025-11-12 11:44:50,402 INFO [cli] {'ticker': 'QQQ', 'mode': 'binary', 'thr': 40, 'window': '20Y', 'order': 3, 'rows': 8}
2025-11-12 11:44:50,412 INFO [cli] {'ticker': 'QQQ', 'mode': 'binary', 'thr': 40, 'window': '20Y', 'order': 4, 'rows': 16}
2025-11-12 11:44:50,420 INFO [cli] {'ticker': 'QQQ', 'mode': 'binary', 'thr': 40, 'window': 'MAX', 'order': 1, 'rows': 2}
2025-11-12 11:44:50,428 INFO [cli] {'ticker': 'QQQ', 'mode': 'binary', 'thr': 40, 'window': 'MAX', 'order': 2, 'rows': 4}
2025-11-12 11:44:50,437 INFO [cli] {'ticker': 'QQQ', 'mode': 'binary', 'thr': 40, 'window': 'MAX', 'order': 3, 'rows': 8}
2025-11-12 11:44:50,446 INFO [cli] {'ticker': 'QQQ', 'mode': 'binary', 'thr': 40, 'window': 'MAX', 'order': 4, 'rows': 16}
2025-11-12 11:44:50,463 INFO [cli] {'ticker': 'QQQ', 'mode': 'binary', 'thr': 45, 'window': '1Y', 'order': 1, 'rows': 2}
2025-11-12 11:44:50,471 INFO [cli] {'ticker': 'QQQ', 'mode': 'binary', 'thr': 45, 'window': '1Y', 'order': 2, 'rows': 4}
2025-11-12 11:44:50,481 INFO [cli] {'ticker': 'QQQ', 'mode': 'binary', 'thr': 45, 'window': '1Y', 'order': 3, 'rows': 8}
2025-11-12 11:44:50,492 INFO [cli] {'ticker': 'QQQ', 'mode': 'binary', 'thr': 45, 'window': '1Y', 'order': 4, 'rows': 16}
2025-11-12 11:44:50,502 INFO [cli] {'ticker': 'QQQ', 'mode': 'binary', 'thr': 45, 'window': '2Y', 'order': 1, 'rows': 2}
2025-11-12 11:44:50,511 INFO [cli] {'ticker': 'QQQ', 'mode': 'binary', 'thr': 45, 'window': '2Y', 'order': 2, 'rows': 4}
2025-11-12 11:44:50,520 INFO [cli] {'ticker': 'QQQ', 'mode': 'binary', 'thr': 45, 'window': '2Y', 'order': 3, 'rows': 8}
2025-11-12 11:44:50,530 INFO [cli] {'ticker': 'QQQ', 'mode': 'binary', 'thr': 45, 'window': '2Y', 'order': 4, 'rows': 16}
2025-11-12 11:44:50,540 INFO [cli] {'ticker': 'QQQ', 'mode': 'binary', 'thr': 45, 'window': '5Y', 'order': 1, 'rows': 2}
2025-11-12 11:44:50,550 INFO [cli] {'ticker': 'QQQ', 'mode': 'binary', 'thr': 45, 'window': '5Y', 'order': 2, 'rows': 4}
2025-11-12 11:44:50,559 INFO [cli] {'ticker': 'QQQ', 'mode': 'binary', 'thr': 45, 'window': '5Y', 'order': 3, 'rows': 8}
2025-11-12 11:44:50,568 INFO [cli] {'ticker': 'QQQ', 'mode': 'binary', 'thr': 45, 'window': '5Y', 'order': 4, 'rows': 16}
2025-11-12 11:44:50,577 INFO [cli] {'ticker': 'QQQ', 'mode': 'binary', 'thr': 45, 'window': '10Y', 'order': 1, 'rows': 2}
2025-11-12 11:44:50,594 INFO [cli] {'ticker': 'QQQ', 'mode': 'binary', 'thr': 45, 'window': '10Y', 'order': 2, 'rows': 4}
2025-11-12 11:44:50,604 INFO [cli] {'ticker': 'QQQ', 'mode': 'binary', 'thr': 45, 'window': '10Y', 'order': 3, 'rows': 8}

{'ticker': 'QQQ', 'mode': 'binary', 'thr': 5, 'window': '20Y', 'order': 3, 'rows': 8}
{'ticker': 'QQQ', 'mode': 'binary', 'thr': 5, 'window': '20Y', 'order': 4, 'rows': 16}
{'ticker': 'QQQ', 'mode': 'binary', 'thr': 5, 'window': 'MAX', 'order': 1, 'rows': 2}
{'ticker': 'QQQ', 'mode': 'binary', 'thr': 5, 'window': 'MAX', 'order': 2, 'rows': 4}
{'ticker': 'QQQ', 'mode': 'binary', 'thr': 5, 'window': 'MAX', 'order': 3, 'rows': 8}
{'ticker': 'QQQ', 'mode': 'binary', 'thr': 5, 'window': 'MAX', 'order': 4, 'rows': 16}
{'ticker': 'QQQ', 'mode': 'binary', 'thr': 10, 'window': '1Y', 'order': 1, 'rows': 2}
{'ticker': 'QQQ', 'mode': 'binary', 'thr': 10, 'window': '1Y', 'order': 2, 'rows': 4}
{'ticker': 'QQQ', 'mode': 'binary', 'thr': 10, 'window': '1Y', 'order': 3, 'rows': 8}
{'ticker': 'QQQ', 'mode': 'binary', 'thr': 10, 'window': '1Y', 'order': 4, 'rows': 16}
{'ticker': 'QQQ', 'mode': 'binary', 'thr': 10, 'window': '2Y', 'order': 1, 'rows': 2}
{'ticker': 'QQQ', 'mode': 'binary', 'thr': 10, 'window': '2Y', 'order': 2, 'rows': 4}
{'ticker': 'QQQ', 'mode': 'binary', 'thr': 10, 'window': '2Y', 'order': 3, 'rows': 8}
{'ticker': 'QQQ', 'mode': 'binary', 'thr': 10, 'window': '2Y', 'order': 4, 'rows': 16}
{'ticker': 'QQQ', 'mode': 'binary', 'thr': 10, 'window': '5Y', 'order': 1, 'rows': 2}
{'ticker': 'QQQ', 'mode': 'binary', 'thr': 10, 'window': '5Y', 'order': 2, 'rows': 4}
{'ticker': 'QQQ', 'mode': 'binary', 'thr': 10, 'window': '5Y', 'order': 3, 'rows': 8}
{'ticker': 'QQQ', 'mode': 'binary', 'thr': 10, 'window': '5Y', 'order': 4, 'rows': 16}
{'ticker': 'QQQ', 'mode': 'binary', 'thr': 10, 'window': '10Y', 'order': 1, 'rows': 2}
{'ticker': 'QQQ', 'mode': 'binary', 'thr': 10, 'window': '10Y', 'order': 2, 'rows': 4}
{'ticker': 'QQQ', 'mode': 'binary', 'thr': 10, 'window': '10Y', 'order': 3, 'rows': 8}
{'ticker': 'QQQ', 'mode': 'binary', 'thr': 10, 'window': '10Y', 'order': 4, 'rows': 16}
{'ticker': 'QQQ', 'mode': 'binary', 'thr': 10, 'window': '20Y', 'order': 1, 'rows': 2}
{'ticker': 'QQQ', 'mode': 'binary', 'thr': 10, 'window': '20Y', 'order': 2, 'rows': 4}
{'ticker': 'QQQ', 'mode': 'binary', 'thr': 10, 'window': '20Y', 'order': 3, 'rows': 8}
{'ticker': 'QQQ', 'mode': 'binary', 'thr': 10, 'window': '20Y', 'order': 4, 'rows': 16}
{'ticker': 'QQQ', 'mode': 'binary', 'thr': 10, 'window': 'MAX', 'order': 1, 'rows': 2}
{'ticker': 'QQQ', 'mode': 'binary', 'thr': 10, 'window': 'MAX', 'order': 2, 'rows': 4}
{'ticker': 'QQQ', 'mode': 'binary', 'thr': 10, 'window': 'MAX', 'order': 3, 'rows': 8}
{'ticker': 'QQQ', 'mode': 'binary', 'thr': 10, 'window': 'MAX', 'order': 4, 'rows': 16}
{'ticker': 'QQQ', 'mode': 'binary', 'thr': 15, 'window': '1Y', 'order': 1, 'rows': 2}
{'ticker': 'QQQ', 'mode': 'binary', 'thr': 15, 'window': '1Y', 'order': 2, 'rows': 4}
{'ticker': 'QQQ', 'mode': 'binary', 'thr': 15, 'window': '1Y', 'order': 3, 'rows': 8}
{'ticker': 'QQQ', 'mode': 'binary', 'thr': 15, 'window': '1Y', 'order': 4, 'rows': 16}
{'ticker': 'QQQ', 'mode': 'binary', 'thr': 15, 'window': '2Y', 'order': 1, 'rows': 2}
{'ticker': 'QQQ', 'mode': 'binary', 'thr': 15, 'window': '2Y', 'order': 2, 'rows': 4}
{'ticker': 'QQQ', 'mode': 'binary', 'thr': 15, 'window': '2Y', 'order': 3, 'rows': 8}
{'ticker': 'QQQ', 'mode': 'binary', 'thr': 15, 'window': '2Y', 'order': 4, 'rows': 16}
{'ticker': 'QQQ', 'mode': 'binary', 'thr': 15, 'window': '5Y', 'order': 1, 'rows': 2}
{'ticker': 'QQQ', 'mode': 'binary', 'thr': 15, 'window': '5Y', 'order': 2, 'rows': 4}
{'ticker': 'QQQ', 'mode': 'binary', 'thr': 15, 'window': '5Y', 'order': 3, 'rows': 8}
{'ticker': 'QQQ', 'mode': 'binary', 'thr': 15, 'window': '5Y', 'order': 4, 'rows': 16}
{'ticker': 'QQQ', 'mode': 'binary', 'thr': 15, 'window': '10Y', 'order': 1, 'rows': 2}
{'ticker': 'QQQ', 'mode': 'binary', 'thr': 15, 'window': '10Y', 'order': 2, 'rows': 4}
{'ticker': 'QQQ', 'mode': 'binary', 'thr': 15, 'window': '10Y', 'order': 3, 'rows': 8}
{'ticker': 'QQQ', 'mode': 'binary', 'thr': 15, 'window': '10Y', 'order': 4, 'rows': 16}
{'ticker': 'QQQ', 'mode': 'binary', 'thr': 15, 'window': '20Y', 'order': 1, 'rows': 2}
{'ticker': 'QQQ', 'mode': 'binary', 'thr': 15, 'window': '20Y', 'order': 2, 'rows': 4}
{'ticker': 'QQQ', 'mode': 'binary', 'thr': 15, 'window': '20Y', 'order': 3, 'rows': 8}
{'ticker': 'QQQ', 'mode': 'binary', 'thr': 15, 'window': '20Y', 'order': 4, 'rows': 16}
{'ticker': 'QQQ', 'mode': 'binary', 'thr': 15, 'window': 'MAX', 'order': 1, 'rows': 2}
{'ticker': 'QQQ', 'mode': 'binary', 'thr': 15, 'window': 'MAX', 'order': 2, 'rows': 4}
{'ticker': 'QQQ', 'mode': 'binary', 'thr': 15, 'window': 'MAX', 'order': 3, 'rows': 8}
{'ticker': 'QQQ', 'mode': 'binary', 'thr': 15, 'window': 'MAX', 'order': 4, 'rows': 16}
{'ticker': 'QQQ', 'mode': 'binary', 'thr': 20, 'window': '1Y', 'order': 1, 'rows': 2}
{'ticker': 'QQQ', 'mode': 'binary', 'thr': 20, 'window': '1Y', 'order': 2, 'rows': 4}
{'ticker': 'QQQ', 'mode': 'binary', 'thr': 20, 'window': '1Y', 'order': 3, 'rows': 8}
{'ticker': 'QQQ', 'mode': 'binary', 'thr': 20, 'window': '1Y', 'order': 4, 'rows': 16}
{'ticker': 'QQQ', 'mode': 'binary', 'thr': 20, 'window': '2Y', 'order': 1, 'rows': 2}
{'ticker': 'QQQ', 'mode': 'binary', 'thr': 20, 'window': '2Y', 'order': 2, 'rows': 4}
{'ticker': 'QQQ', 'mode': 'binary', 'thr': 20, 'window': '2Y', 'order': 3, 'rows': 8}
{'ticker': 'QQQ', 'mode': 'binary', 'thr': 20, 'window': '2Y', 'order': 4, 'rows': 16}
{'ticker': 'QQQ', 'mode': 'binary', 'thr': 20, 'window': '5Y', 'order': 1, 'rows': 2}
{'ticker': 'QQQ', 'mode': 'binary', 'thr': 20, 'window': '5Y', 'order': 2, 'rows': 4}
{'ticker': 'QQQ', 'mode': 'binary', 'thr': 20, 'window': '5Y', 'order': 3, 'rows': 8}
{'ticker': 'QQQ', 'mode': 'binary', 'thr': 20, 'window': '5Y', 'order': 4, 'rows': 16}
{'ticker': 'QQQ', 'mode': 'binary', 'thr': 20, 'window': '10Y', 'order': 1, 'rows': 2}
{'ticker': 'QQQ', 'mode': 'binary', 'thr': 20, 'window': '10Y', 'order': 2, 'rows': 4}
{'ticker': 'QQQ', 'mode': 'binary', 'thr': 20, 'window': '10Y', 'order': 3, 'rows': 8}
{'ticker': 'QQQ', 'mode': 'binary', 'thr': 20, 'window': '10Y', 'order': 4, 'rows': 16}
{'ticker': 'QQQ', 'mode': 'binary', 'thr': 20, 'window': '20Y', 'order': 1, 'rows': 2}
{'ticker': 'QQQ', 'mode': 'binary', 'thr': 20, 'window': '20Y', 'order': 2, 'rows': 4}
{'ticker': 'QQQ', 'mode': 'binary', 'thr': 20, 'window': '20Y', 'order': 3, 'rows': 8}
{'ticker': 'QQQ', 'mode': 'binary', 'thr': 20, 'window': '20Y', 'order': 4, 'rows': 16}
{'ticker': 'QQQ', 'mode': 'binary', 'thr': 20, 'window': 'MAX', 'order': 1, 'rows': 2}
{'ticker': 'QQQ', 'mode': 'binary', 'thr': 20, 'window': 'MAX', 'order': 2, 'rows': 4}
{'ticker': 'QQQ', 'mode': 'binary', 'thr': 20, 'window': 'MAX', 'order': 3, 'rows': 8}
{'ticker': 'QQQ', 'mode': 'binary', 'thr': 20, 'window': 'MAX', 'order': 4, 'rows': 16}
{'ticker': 'QQQ', 'mode': 'binary', 'thr': 25, 'window': '1Y', 'order': 1, 'rows': 2}
{'ticker': 'QQQ', 'mode': 'binary', 'thr': 25, 'window': '1Y', 'order': 2, 'rows': 4}
{'ticker': 'QQQ', 'mode': 'binary', 'thr': 25, 'window': '1Y', 'order': 3, 'rows': 8}
{'ticker': 'QQQ', 'mode': 'binary', 'thr': 25, 'window': '1Y', 'order': 4, 'rows': 16}
{'ticker': 'QQQ', 'mode': 'binary', 'thr': 25, 'window': '2Y', 'order': 1, 'rows': 2}
{'ticker': 'QQQ', 'mode': 'binary', 'thr': 25, 'window': '2Y', 'order': 2, 'rows': 4}
{'ticker': 'QQQ', 'mode': 'binary', 'thr': 25, 'window': '2Y', 'order': 3, 'rows': 8}
{'ticker': 'QQQ', 'mode': 'binary', 'thr': 25, 'window': '2Y', 'order': 4, 'rows': 16}
{'ticker': 'QQQ', 'mode': 'binary', 'thr': 25, 'window': '5Y', 'order': 1, 'rows': 2}
{'ticker': 'QQQ', 'mode': 'binary', 'thr': 25, 'window': '5Y', 'order': 2, 'rows': 4}
{'ticker': 'QQQ', 'mode': 'binary', 'thr': 25, 'window': '5Y', 'order': 3, 'rows': 8}
{'ticker': 'QQQ', 'mode': 'binary', 'thr': 25, 'window': '5Y', 'order': 4, 'rows': 16}
{'ticker': 'QQQ', 'mode': 'binary', 'thr': 25, 'window': '10Y', 'order': 1, 'rows': 2}
{'ticker': 'QQQ', 'mode': 'binary', 'thr': 25, 'window': '10Y', 'order': 2, 'rows': 4}
{'ticker': 'QQQ', 'mode': 'binary', 'thr': 25, 'window': '10Y', 'order': 3, 'rows': 8}
{'ticker': 'QQQ', 'mode': 'binary', 'thr': 25, 'window': '10Y', 'order': 4, 'rows': 16}
{'ticker': 'QQQ', 'mode': 'binary', 'thr': 25, 'window': '20Y', 'order': 1, 'rows': 2}2025-11-12 11:44:50,615 INFO [cli] {'ticker': 'QQQ', 'mode': 'binary', 'thr': 45, 'window': '10Y', 'order': 4, 'rows': 16}
2025-11-12 11:44:50,624 INFO [cli] {'ticker': 'QQQ', 'mode': 'binary', 'thr': 45, 'window': '20Y', 'order': 1, 'rows': 2}
2025-11-12 11:44:50,633 INFO [cli] {'ticker': 'QQQ', 'mode': 'binary', 'thr': 45, 'window': '20Y', 'order': 2, 'rows': 4}
2025-11-12 11:44:50,643 INFO [cli] {'ticker': 'QQQ', 'mode': 'binary', 'thr': 45, 'window': '20Y', 'order': 3, 'rows': 8}
2025-11-12 11:44:50,655 INFO [cli] {'ticker': 'QQQ', 'mode': 'binary', 'thr': 45, 'window': '20Y', 'order': 4, 'rows': 16}
2025-11-12 11:44:50,665 INFO [cli] {'ticker': 'QQQ', 'mode': 'binary', 'thr': 45, 'window': 'MAX', 'order': 1, 'rows': 2}
2025-11-12 11:44:50,675 INFO [cli] {'ticker': 'QQQ', 'mode': 'binary', 'thr': 45, 'window': 'MAX', 'order': 2, 'rows': 4}
2025-11-12 11:44:50,684 INFO [cli] {'ticker': 'QQQ', 'mode': 'binary', 'thr': 45, 'window': 'MAX', 'order': 3, 'rows': 8}
2025-11-12 11:44:50,694 INFO [cli] {'ticker': 'QQQ', 'mode': 'binary', 'thr': 45, 'window': 'MAX', 'order': 4, 'rows': 16}
2025-11-12 11:44:50,710 INFO [cli] {'ticker': 'QQQ', 'mode': 'binary', 'thr': 50, 'window': '1Y', 'order': 1, 'rows': 2}
2025-11-12 11:44:50,719 INFO [cli] {'ticker': 'QQQ', 'mode': 'binary', 'thr': 50, 'window': '1Y', 'order': 2, 'rows': 4}
2025-11-12 11:44:50,730 INFO [cli] {'ticker': 'QQQ', 'mode': 'binary', 'thr': 50, 'window': '1Y', 'order': 3, 'rows': 8}
2025-11-12 11:44:50,741 INFO [cli] {'ticker': 'QQQ', 'mode': 'binary', 'thr': 50, 'window': '1Y', 'order': 4, 'rows': 16}
2025-11-12 11:44:50,750 INFO [cli] {'ticker': 'QQQ', 'mode': 'binary', 'thr': 50, 'window': '2Y', 'order': 1, 'rows': 2}
2025-11-12 11:44:50,759 INFO [cli] {'ticker': 'QQQ', 'mode': 'binary', 'thr': 50, 'window': '2Y', 'order': 2, 'rows': 4}
2025-11-12 11:44:50,769 INFO [cli] {'ticker': 'QQQ', 'mode': 'binary', 'thr': 50, 'window': '2Y', 'order': 3, 'rows': 8}
2025-11-12 11:44:50,780 INFO [cli] {'ticker': 'QQQ', 'mode': 'binary', 'thr': 50, 'window': '2Y', 'order': 4, 'rows': 16}
2025-11-12 11:44:50,790 INFO [cli] {'ticker': 'QQQ', 'mode': 'binary', 'thr': 50, 'window': '5Y', 'order': 1, 'rows': 2}
2025-11-12 11:44:50,798 INFO [cli] {'ticker': 'QQQ', 'mode': 'binary', 'thr': 50, 'window': '5Y', 'order': 2, 'rows': 4}
2025-11-12 11:44:50,810 INFO [cli] {'ticker': 'QQQ', 'mode': 'binary', 'thr': 50, 'window': '5Y', 'order': 3, 'rows': 8}
2025-11-12 11:44:50,821 INFO [cli] {'ticker': 'QQQ', 'mode': 'binary', 'thr': 50, 'window': '5Y', 'order': 4, 'rows': 16}
2025-11-12 11:44:50,829 INFO [cli] {'ticker': 'QQQ', 'mode': 'binary', 'thr': 50, 'window': '10Y', 'order': 1, 'rows': 2}
2025-11-12 11:44:50,838 INFO [cli] {'ticker': 'QQQ', 'mode': 'binary', 'thr': 50, 'window': '10Y', 'order': 2, 'rows': 4}
2025-11-12 11:44:50,850 INFO [cli] {'ticker': 'QQQ', 'mode': 'binary', 'thr': 50, 'window': '10Y', 'order': 3, 'rows': 8}
2025-11-12 11:44:50,860 INFO [cli] {'ticker': 'QQQ', 'mode': 'binary', 'thr': 50, 'window': '10Y', 'order': 4, 'rows': 16}
2025-11-12 11:44:50,868 INFO [cli] {'ticker': 'QQQ', 'mode': 'binary', 'thr': 50, 'window': '20Y', 'order': 1, 'rows': 2}
2025-11-12 11:44:50,878 INFO [cli] {'ticker': 'QQQ', 'mode': 'binary', 'thr': 50, 'window': '20Y', 'order': 2, 'rows': 4}
2025-11-12 11:44:50,886 INFO [cli] {'ticker': 'QQQ', 'mode': 'binary', 'thr': 50, 'window': '20Y', 'order': 3, 'rows': 8}
2025-11-12 11:44:50,896 INFO [cli] {'ticker': 'QQQ', 'mode': 'binary', 'thr': 50, 'window': '20Y', 'order': 4, 'rows': 16}
2025-11-12 11:44:50,905 INFO [cli] {'ticker': 'QQQ', 'mode': 'binary', 'thr': 50, 'window': 'MAX', 'order': 1, 'rows': 2}
2025-11-12 11:44:50,913 INFO [cli] {'ticker': 'QQQ', 'mode': 'binary', 'thr': 50, 'window': 'MAX', 'order': 2, 'rows': 4}
2025-11-12 11:44:50,923 INFO [cli] {'ticker': 'QQQ', 'mode': 'binary', 'thr': 50, 'window': 'MAX', 'order': 3, 'rows': 8}
2025-11-12 11:44:50,934 INFO [cli] {'ticker': 'QQQ', 'mode': 'binary', 'thr': 50, 'window': 'MAX', 'order': 4, 'rows': 16}
2025-11-12 11:44:50,950 INFO [cli] {'ticker': 'QQQ', 'mode': 'binary', 'thr': 55, 'window': '1Y', 'order': 1, 'rows': 2}
2025-11-12 11:44:50,961 INFO [cli] {'ticker': 'QQQ', 'mode': 'binary', 'thr': 55, 'window': '1Y', 'order': 2, 'rows': 4}
2025-11-12 11:44:50,970 INFO [cli] {'ticker': 'QQQ', 'mode': 'binary', 'thr': 55, 'window': '1Y', 'order': 3, 'rows': 8}
2025-11-12 11:44:50,982 INFO [cli] {'ticker': 'QQQ', 'mode': 'binary', 'thr': 55, 'window': '1Y', 'order': 4, 'rows': 16}
2025-11-12 11:44:50,993 INFO [cli] {'ticker': 'QQQ', 'mode': 'binary', 'thr': 55, 'window': '2Y', 'order': 1, 'rows': 2}
2025-11-12 11:44:51,007 INFO [cli] {'ticker': 'QQQ', 'mode': 'binary', 'thr': 55, 'window': '2Y', 'order': 2, 'rows': 4}
2025-11-12 11:44:51,018 INFO [cli] {'ticker': 'QQQ', 'mode': 'binary', 'thr': 55, 'window': '2Y', 'order': 3, 'rows': 8}
2025-11-12 11:44:51,030 INFO [cli] {'ticker': 'QQQ', 'mode': 'binary', 'thr': 55, 'window': '2Y', 'order': 4, 'rows': 16}
2025-11-12 11:44:51,041 INFO [cli] {'ticker': 'QQQ', 'mode': 'binary', 'thr': 55, 'window': '5Y', 'order': 1, 'rows': 2}
2025-11-12 11:44:51,053 INFO [cli] {'ticker': 'QQQ', 'mode': 'binary', 'thr': 55, 'window': '5Y', 'order': 2, 'rows': 4}
2025-11-12 11:44:51,064 INFO [cli] {'ticker': 'QQQ', 'mode': 'binary', 'thr': 55, 'window': '5Y', 'order': 3, 'rows': 8}
2025-11-12 11:44:51,074 INFO [cli] {'ticker': 'QQQ', 'mode': 'binary', 'thr': 55, 'window': '5Y', 'order': 4, 'rows': 16}
2025-11-12 11:44:51,084 INFO [cli] {'ticker': 'QQQ', 'mode': 'binary', 'thr': 55, 'window': '10Y', 'order': 1, 'rows': 2}
2025-11-12 11:44:51,094 INFO [cli] {'ticker': 'QQQ', 'mode': 'binary', 'thr': 55, 'window': '10Y', 'order': 2, 'rows': 4}
2025-11-12 11:44:51,105 INFO [cli] {'ticker': 'QQQ', 'mode': 'binary', 'thr': 55, 'window': '10Y', 'order': 3, 'rows': 8}
2025-11-12 11:44:51,115 INFO [cli] {'ticker': 'QQQ', 'mode': 'binary', 'thr': 55, 'window': '10Y', 'order': 4, 'rows': 16}
2025-11-12 11:44:51,123 INFO [cli] {'ticker': 'QQQ', 'mode': 'binary', 'thr': 55, 'window': '20Y', 'order': 1, 'rows': 2}
2025-11-12 11:44:51,135 INFO [cli] {'ticker': 'QQQ', 'mode': 'binary', 'thr': 55, 'window': '20Y', 'order': 2, 'rows': 4}
2025-11-12 11:44:51,151 INFO [cli] {'ticker': 'QQQ', 'mode': 'binary', 'thr': 55, 'window': '20Y', 'order': 3, 'rows': 8}
2025-11-12 11:44:51,163 INFO [cli] {'ticker': 'QQQ', 'mode': 'binary', 'thr': 55, 'window': '20Y', 'order': 4, 'rows': 16}
2025-11-12 11:44:51,174 INFO [cli] {'ticker': 'QQQ', 'mode': 'binary', 'thr': 55, 'window': 'MAX', 'order': 1, 'rows': 2}
2025-11-12 11:44:51,184 INFO [cli] {'ticker': 'QQQ', 'mode': 'binary', 'thr': 55, 'window': 'MAX', 'order': 2, 'rows': 4}
2025-11-12 11:44:51,195 INFO [cli] {'ticker': 'QQQ', 'mode': 'binary', 'thr': 55, 'window': 'MAX', 'order': 3, 'rows': 8}
2025-11-12 11:44:51,205 INFO [cli] {'ticker': 'QQQ', 'mode': 'binary', 'thr': 55, 'window': 'MAX', 'order': 4, 'rows': 16}
2025-11-12 11:44:51,222 INFO [cli] {'ticker': 'QQQ', 'mode': 'binary', 'thr': 60, 'window': '1Y', 'order': 1, 'rows': 2}
2025-11-12 11:44:51,231 INFO [cli] {'ticker': 'QQQ', 'mode': 'binary', 'thr': 60, 'window': '1Y', 'order': 2, 'rows': 4}
2025-11-12 11:44:51,243 INFO [cli] {'ticker': 'QQQ', 'mode': 'binary', 'thr': 60, 'window': '1Y', 'order': 3, 'rows': 8}
2025-11-12 11:44:51,252 INFO [cli] {'ticker': 'QQQ', 'mode': 'binary', 'thr': 60, 'window': '1Y', 'order': 4, 'rows': 16}
2025-11-12 11:44:51,261 INFO [cli] {'ticker': 'QQQ', 'mode': 'binary', 'thr': 60, 'window': '2Y', 'order': 1, 'rows': 2}
2025-11-12 11:44:51,270 INFO [cli] {'ticker': 'QQQ', 'mode': 'binary', 'thr': 60, 'window': '2Y', 'order': 2, 'rows': 4}
2025-11-12 11:44:51,290 INFO [cli] {'ticker': 'QQQ', 'mode': 'binary', 'thr': 60, 'window': '2Y', 'order': 3, 'rows': 8}
2025-11-12 11:44:51,318 INFO [cli] {'ticker': 'QQQ', 'mode': 'binary', 'thr': 60, 'window': '2Y', 'order': 4, 'rows': 16}
2025-11-12 11:44:51,394 INFO [cli] {'ticker': 'QQQ', 'mode': 'binary', 'thr': 60, 'window': '5Y', 'order': 1, 'rows': 2}
2025-11-12 11:44:51,408 INFO [cli] {'ticker': 'QQQ', 'mode': 'binary', 'thr': 60, 'window': '5Y', 'order': 2, 'rows': 4}
2025-11-12 11:44:51,418 INFO [cli] {'ticker': 'QQQ', 'mode': 'binary', 'thr': 60, 'window': '5Y', 'order': 3, 'rows': 8}
2025-11-12 11:44:51,428 INFO [cli] {'ticker': 'QQQ', 'mode': 'binary', 'thr': 60, 'window': '5Y', 'order': 4, 'rows': 16}
2025-11-12 11:44:51,437 INFO [cli] {'ticker': 'QQQ', 'mode': 'binary', 'thr': 60, 'window': '10Y', 'order': 1, 'rows': 2}
2025-11-12 11:44:51,447 INFO [cli] {'ticker': 'QQQ', 'mode': 'binary', 'thr': 60, 'window': '10Y', 'order': 2, 'rows': 4}
2025-11-12 11:44:51,460 INFO [cli] {'ticker': 'QQQ', 'mode': 'binary', 'thr': 60, 'window': '10Y', 'order': 3, 'rows': 8}
2025-11-12 11:44:51,470 INFO [cli] {'ticker': 'QQQ', 'mode': 'binary', 'thr': 60, 'window': '10Y', 'order': 4, 'rows': 16}
2025-11-12 11:44:51,480 INFO [cli] {'ticker': 'QQQ', 'mode': 'binary', 'thr': 60, 'window': '20Y', 'order': 1, 'rows': 2}
2025-11-12 11:44:51,490 INFO [cli] {'ticker': 'QQQ', 'mode': 'binary', 'thr': 60, 'window': '20Y', 'order': 2, 'rows': 4}
2025-11-12 11:44:51,499 INFO [cli] {'ticker': 'QQQ', 'mode': 'binary', 'thr': 60, 'window': '20Y', 'order': 3, 'rows': 8}
2025-11-12 11:44:51,508 INFO [cli] {'ticker': 'QQQ', 'mode': 'binary', 'thr': 60, 'window': '20Y', 'order': 4, 'rows': 16}
2025-11-12 11:44:51,518 INFO [cli] {'ticker': 'QQQ', 'mode': 'binary', 'thr': 60, 'window': 'MAX', 'order': 1, 'rows': 2}
2025-11-12 11:44:51,533 INFO [cli] {'ticker': 'QQQ', 'mode': 'binary', 'thr': 60, 'window': 'MAX', 'order': 2, 'rows': 4}
2025-11-12 11:44:51,544 INFO [cli] {'ticker': 'QQQ', 'mode': 'binary', 'thr': 60, 'window': 'MAX', 'order': 3, 'rows': 8}
2025-11-12 11:44:51,556 INFO [cli] {'ticker': 'QQQ', 'mode': 'binary', 'thr': 60, 'window': 'MAX', 'order': 4, 'rows': 16}
2025-11-12 11:44:51,583 INFO [cli] {'ticker': 'QQQ', 'mode': 'binary', 'thr': 65, 'window': '1Y', 'order': 1, 'rows': 2}
2025-11-12 11:44:51,607 INFO [cli] {'ticker': 'QQQ', 'mode': 'binary', 'thr': 65, 'window': '1Y', 'order': 2, 'rows': 4}
2025-11-12 11:44:51,622 INFO [cli] {'ticker': 'QQQ', 'mode': 'binary', 'thr': 65, 'window': '1Y', 'order': 3, 'rows': 8}
2025-11-12 11:44:51,637 INFO [cli] {'ticker': 'QQQ', 'mode': 'binary', 'thr': 65, 'window': '1Y', 'order': 4, 'rows': 16}
2025-11-12 11:44:51,652 INFO [cli] {'ticker': 'QQQ', 'mode': 'binary', 'thr': 65, 'window': '2Y', 'order': 1, 'rows': 2}
2025-11-12 11:44:51,667 INFO [cli] {'ticker': 'QQQ', 'mode': 'binary', 'thr': 65, 'window': '2Y', 'order': 2, 'rows': 4}
2025-11-12 11:44:51,680 INFO [cli] {'ticker': 'QQQ', 'mode': 'binary', 'thr': 65, 'window': '2Y', 'order': 3, 'rows': 8}
2025-11-12 11:44:51,690 INFO [cli] {'ticker': 'QQQ', 'mode': 'binary', 'thr': 65, 'window': '2Y', 'order': 4, 'rows': 16}
2025-11-12 11:44:51,702 INFO [cli] {'ticker': 'QQQ', 'mode': 'binary', 'thr': 65, 'window': '5Y', 'order': 1, 'rows': 2}
2025-11-12 11:44:51,712 INFO [cli] {'ticker': 'QQQ', 'mode': 'binary', 'thr': 65, 'window': '5Y', 'order': 2, 'rows': 4}
2025-11-12 11:44:51,723 INFO [cli] {'ticker': 'QQQ', 'mode': 'binary', 'thr': 65, 'window': '5Y', 'order': 3, 'rows': 8}
2025-11-12 11:44:51,733 INFO [cli] {'ticker': 'QQQ', 'mode': 'binary', 'thr': 65, 'window': '5Y', 'order': 4, 'rows': 16}
2025-11-12 11:44:51,743 INFO [cli] {'ticker': 'QQQ', 'mode': 'binary', 'thr': 65, 'window': '10Y', 'order': 1, 'rows': 2}
2025-11-12 11:44:51,754 INFO [cli] {'ticker': 'QQQ', 'mode': 'binary', 'thr': 65, 'window': '10Y', 'order': 2, 'rows': 4}

{'ticker': 'QQQ', 'mode': 'binary', 'thr': 25, 'window': '20Y', 'order': 2, 'rows': 4}
{'ticker': 'QQQ', 'mode': 'binary', 'thr': 25, 'window': '20Y', 'order': 3, 'rows': 8}
{'ticker': 'QQQ', 'mode': 'binary', 'thr': 25, 'window': '20Y', 'order': 4, 'rows': 16}
{'ticker': 'QQQ', 'mode': 'binary', 'thr': 25, 'window': 'MAX', 'order': 1, 'rows': 2}
{'ticker': 'QQQ', 'mode': 'binary', 'thr': 25, 'window': 'MAX', 'order': 2, 'rows': 4}
{'ticker': 'QQQ', 'mode': 'binary', 'thr': 25, 'window': 'MAX', 'order': 3, 'rows': 8}
{'ticker': 'QQQ', 'mode': 'binary', 'thr': 25, 'window': 'MAX', 'order': 4, 'rows': 16}
{'ticker': 'QQQ', 'mode': 'binary', 'thr': 30, 'window': '1Y', 'order': 1, 'rows': 2}
{'ticker': 'QQQ', 'mode': 'binary', 'thr': 30, 'window': '1Y', 'order': 2, 'rows': 4}
{'ticker': 'QQQ', 'mode': 'binary', 'thr': 30, 'window': '1Y', 'order': 3, 'rows': 8}
{'ticker': 'QQQ', 'mode': 'binary', 'thr': 30, 'window': '1Y', 'order': 4, 'rows': 16}
{'ticker': 'QQQ', 'mode': 'binary', 'thr': 30, 'window': '2Y', 'order': 1, 'rows': 2}
{'ticker': 'QQQ', 'mode': 'binary', 'thr': 30, 'window': '2Y', 'order': 2, 'rows': 4}
{'ticker': 'QQQ', 'mode': 'binary', 'thr': 30, 'window': '2Y', 'order': 3, 'rows': 8}
{'ticker': 'QQQ', 'mode': 'binary', 'thr': 30, 'window': '2Y', 'order': 4, 'rows': 16}
{'ticker': 'QQQ', 'mode': 'binary', 'thr': 30, 'window': '5Y', 'order': 1, 'rows': 2}
{'ticker': 'QQQ', 'mode': 'binary', 'thr': 30, 'window': '5Y', 'order': 2, 'rows': 4}
{'ticker': 'QQQ', 'mode': 'binary', 'thr': 30, 'window': '5Y', 'order': 3, 'rows': 8}
{'ticker': 'QQQ', 'mode': 'binary', 'thr': 30, 'window': '5Y', 'order': 4, 'rows': 16}
{'ticker': 'QQQ', 'mode': 'binary', 'thr': 30, 'window': '10Y', 'order': 1, 'rows': 2}
{'ticker': 'QQQ', 'mode': 'binary', 'thr': 30, 'window': '10Y', 'order': 2, 'rows': 4}
{'ticker': 'QQQ', 'mode': 'binary', 'thr': 30, 'window': '10Y', 'order': 3, 'rows': 8}
{'ticker': 'QQQ', 'mode': 'binary', 'thr': 30, 'window': '10Y', 'order': 4, 'rows': 16}
{'ticker': 'QQQ', 'mode': 'binary', 'thr': 30, 'window': '20Y', 'order': 1, 'rows': 2}
{'ticker': 'QQQ', 'mode': 'binary', 'thr': 30, 'window': '20Y', 'order': 2, 'rows': 4}
{'ticker': 'QQQ', 'mode': 'binary', 'thr': 30, 'window': '20Y', 'order': 3, 'rows': 8}
{'ticker': 'QQQ', 'mode': 'binary', 'thr': 30, 'window': '20Y', 'order': 4, 'rows': 16}
{'ticker': 'QQQ', 'mode': 'binary', 'thr': 30, 'window': 'MAX', 'order': 1, 'rows': 2}
{'ticker': 'QQQ', 'mode': 'binary', 'thr': 30, 'window': 'MAX', 'order': 2, 'rows': 4}
{'ticker': 'QQQ', 'mode': 'binary', 'thr': 30, 'window': 'MAX', 'order': 3, 'rows': 8}
{'ticker': 'QQQ', 'mode': 'binary', 'thr': 30, 'window': 'MAX', 'order': 4, 'rows': 16}
{'ticker': 'QQQ', 'mode': 'binary', 'thr': 35, 'window': '1Y', 'order': 1, 'rows': 2}
{'ticker': 'QQQ', 'mode': 'binary', 'thr': 35, 'window': '1Y', 'order': 2, 'rows': 4}
{'ticker': 'QQQ', 'mode': 'binary', 'thr': 35, 'window': '1Y', 'order': 3, 'rows': 8}
{'ticker': 'QQQ', 'mode': 'binary', 'thr': 35, 'window': '1Y', 'order': 4, 'rows': 16}
{'ticker': 'QQQ', 'mode': 'binary', 'thr': 35, 'window': '2Y', 'order': 1, 'rows': 2}
{'ticker': 'QQQ', 'mode': 'binary', 'thr': 35, 'window': '2Y', 'order': 2, 'rows': 4}
{'ticker': 'QQQ', 'mode': 'binary', 'thr': 35, 'window': '2Y', 'order': 3, 'rows': 8}
{'ticker': 'QQQ', 'mode': 'binary', 'thr': 35, 'window': '2Y', 'order': 4, 'rows': 16}
{'ticker': 'QQQ', 'mode': 'binary', 'thr': 35, 'window': '5Y', 'order': 1, 'rows': 2}
{'ticker': 'QQQ', 'mode': 'binary', 'thr': 35, 'window': '5Y', 'order': 2, 'rows': 4}
{'ticker': 'QQQ', 'mode': 'binary', 'thr': 35, 'window': '5Y', 'order': 3, 'rows': 8}
{'ticker': 'QQQ', 'mode': 'binary', 'thr': 35, 'window': '5Y', 'order': 4, 'rows': 16}
{'ticker': 'QQQ', 'mode': 'binary', 'thr': 35, 'window': '10Y', 'order': 1, 'rows': 2}
{'ticker': 'QQQ', 'mode': 'binary', 'thr': 35, 'window': '10Y', 'order': 2, 'rows': 4}
{'ticker': 'QQQ', 'mode': 'binary', 'thr': 35, 'window': '10Y', 'order': 3, 'rows': 8}
{'ticker': 'QQQ', 'mode': 'binary', 'thr': 35, 'window': '10Y', 'order': 4, 'rows': 16}
{'ticker': 'QQQ', 'mode': 'binary', 'thr': 35, 'window': '20Y', 'order': 1, 'rows': 2}
{'ticker': 'QQQ', 'mode': 'binary', 'thr': 35, 'window': '20Y', 'order': 2, 'rows': 4}
{'ticker': 'QQQ', 'mode': 'binary', 'thr': 35, 'window': '20Y', 'order': 3, 'rows': 8}
{'ticker': 'QQQ', 'mode': 'binary', 'thr': 35, 'window': '20Y', 'order': 4, 'rows': 16}
{'ticker': 'QQQ', 'mode': 'binary', 'thr': 35, 'window': 'MAX', 'order': 1, 'rows': 2}
{'ticker': 'QQQ', 'mode': 'binary', 'thr': 35, 'window': 'MAX', 'order': 2, 'rows': 4}
{'ticker': 'QQQ', 'mode': 'binary', 'thr': 35, 'window': 'MAX', 'order': 3, 'rows': 8}
{'ticker': 'QQQ', 'mode': 'binary', 'thr': 35, 'window': 'MAX', 'order': 4, 'rows': 16}
{'ticker': 'QQQ', 'mode': 'binary', 'thr': 40, 'window': '1Y', 'order': 1, 'rows': 2}
{'ticker': 'QQQ', 'mode': 'binary', 'thr': 40, 'window': '1Y', 'order': 2, 'rows': 4}
{'ticker': 'QQQ', 'mode': 'binary', 'thr': 40, 'window': '1Y', 'order': 3, 'rows': 8}
{'ticker': 'QQQ', 'mode': 'binary', 'thr': 40, 'window': '1Y', 'order': 4, 'rows': 16}
{'ticker': 'QQQ', 'mode': 'binary', 'thr': 40, 'window': '2Y', 'order': 1, 'rows': 2}
{'ticker': 'QQQ', 'mode': 'binary', 'thr': 40, 'window': '2Y', 'order': 2, 'rows': 4}
{'ticker': 'QQQ', 'mode': 'binary', 'thr': 40, 'window': '2Y', 'order': 3, 'rows': 8}
{'ticker': 'QQQ', 'mode': 'binary', 'thr': 40, 'window': '2Y', 'order': 4, 'rows': 16}
{'ticker': 'QQQ', 'mode': 'binary', 'thr': 40, 'window': '5Y', 'order': 1, 'rows': 2}
{'ticker': 'QQQ', 'mode': 'binary', 'thr': 40, 'window': '5Y', 'order': 2, 'rows': 4}
{'ticker': 'QQQ', 'mode': 'binary', 'thr': 40, 'window': '5Y', 'order': 3, 'rows': 8}
{'ticker': 'QQQ', 'mode': 'binary', 'thr': 40, 'window': '5Y', 'order': 4, 'rows': 16}
{'ticker': 'QQQ', 'mode': 'binary', 'thr': 40, 'window': '10Y', 'order': 1, 'rows': 2}
{'ticker': 'QQQ', 'mode': 'binary', 'thr': 40, 'window': '10Y', 'order': 2, 'rows': 4}
{'ticker': 'QQQ', 'mode': 'binary', 'thr': 40, 'window': '10Y', 'order': 3, 'rows': 8}
{'ticker': 'QQQ', 'mode': 'binary', 'thr': 40, 'window': '10Y', 'order': 4, 'rows': 16}
{'ticker': 'QQQ', 'mode': 'binary', 'thr': 40, 'window': '20Y', 'order': 1, 'rows': 2}
{'ticker': 'QQQ', 'mode': 'binary', 'thr': 40, 'window': '20Y', 'order': 2, 'rows': 4}
{'ticker': 'QQQ', 'mode': 'binary', 'thr': 40, 'window': '20Y', 'order': 3, 'rows': 8}
{'ticker': 'QQQ', 'mode': 'binary', 'thr': 40, 'window': '20Y', 'order': 4, 'rows': 16}
{'ticker': 'QQQ', 'mode': 'binary', 'thr': 40, 'window': 'MAX', 'order': 1, 'rows': 2}
{'ticker': 'QQQ', 'mode': 'binary', 'thr': 40, 'window': 'MAX', 'order': 2, 'rows': 4}
{'ticker': 'QQQ', 'mode': 'binary', 'thr': 40, 'window': 'MAX', 'order': 3, 'rows': 8}
{'ticker': 'QQQ', 'mode': 'binary', 'thr': 40, 'window': 'MAX', 'order': 4, 'rows': 16}
{'ticker': 'QQQ', 'mode': 'binary', 'thr': 45, 'window': '1Y', 'order': 1, 'rows': 2}
{'ticker': 'QQQ', 'mode': 'binary', 'thr': 45, 'window': '1Y', 'order': 2, 'rows': 4}
{'ticker': 'QQQ', 'mode': 'binary', 'thr': 45, 'window': '1Y', 'order': 3, 'rows': 8}
{'ticker': 'QQQ', 'mode': 'binary', 'thr': 45, 'window': '1Y', 'order': 4, 'rows': 16}
{'ticker': 'QQQ', 'mode': 'binary', 'thr': 45, 'window': '2Y', 'order': 1, 'rows': 2}
{'ticker': 'QQQ', 'mode': 'binary', 'thr': 45, 'window': '2Y', 'order': 2, 'rows': 4}
{'ticker': 'QQQ', 'mode': 'binary', 'thr': 45, 'window': '2Y', 'order': 3, 'rows': 8}
{'ticker': 'QQQ', 'mode': 'binary', 'thr': 45, 'window': '2Y', 'order': 4, 'rows': 16}
{'ticker': 'QQQ', 'mode': 'binary', 'thr': 45, 'window': '5Y', 'order': 1, 'rows': 2}
{'ticker': 'QQQ', 'mode': 'binary', 'thr': 45, 'window': '5Y', 'order': 2, 'rows': 4}
{'ticker': 'QQQ', 'mode': 'binary', 'thr': 45, 'window': '5Y', 'order': 3, 'rows': 8}
{'ticker': 'QQQ', 'mode': 'binary', 'thr': 45, 'window': '5Y', 'order': 4, 'rows': 16}
{'ticker': 'QQQ', 'mode': 'binary', 'thr': 45, 'window': '10Y', 'order': 1, 'rows': 2}
{'ticker': 'QQQ', 'mode': 'binary', 'thr': 45, 'window': '10Y', 'order': 2, 'rows': 4}
{'ticker': 'QQQ', 'mode': 'binary', 'thr': 45, 'window': '10Y', 'order': 3, 'rows': 8}
{'ticker': 'QQQ', 'mode': 'binary', 'thr': 45, 'window': '10Y', 'order': 4, 'rows': 16}2025-11-12 11:44:51,766 INFO [cli] {'ticker': 'QQQ', 'mode': 'binary', 'thr': 65, 'window': '10Y', 'order': 3, 'rows': 8}
2025-11-12 11:44:51,784 INFO [cli] {'ticker': 'QQQ', 'mode': 'binary', 'thr': 65, 'window': '10Y', 'order': 4, 'rows': 16}
2025-11-12 11:44:51,800 INFO [cli] {'ticker': 'QQQ', 'mode': 'binary', 'thr': 65, 'window': '20Y', 'order': 1, 'rows': 2}
2025-11-12 11:44:51,816 INFO [cli] {'ticker': 'QQQ', 'mode': 'binary', 'thr': 65, 'window': '20Y', 'order': 2, 'rows': 4}
2025-11-12 11:44:51,833 INFO [cli] {'ticker': 'QQQ', 'mode': 'binary', 'thr': 65, 'window': '20Y', 'order': 3, 'rows': 8}
2025-11-12 11:44:51,848 INFO [cli] {'ticker': 'QQQ', 'mode': 'binary', 'thr': 65, 'window': '20Y', 'order': 4, 'rows': 16}
2025-11-12 11:44:51,866 INFO [cli] {'ticker': 'QQQ', 'mode': 'binary', 'thr': 65, 'window': 'MAX', 'order': 1, 'rows': 2}
2025-11-12 11:44:51,881 INFO [cli] {'ticker': 'QQQ', 'mode': 'binary', 'thr': 65, 'window': 'MAX', 'order': 2, 'rows': 4}
2025-11-12 11:44:51,897 INFO [cli] {'ticker': 'QQQ', 'mode': 'binary', 'thr': 65, 'window': 'MAX', 'order': 3, 'rows': 8}
2025-11-12 11:44:51,908 INFO [cli] {'ticker': 'QQQ', 'mode': 'binary', 'thr': 65, 'window': 'MAX', 'order': 4, 'rows': 16}
2025-11-12 11:44:51,928 INFO [cli] {'ticker': 'QQQ', 'mode': 'binary', 'thr': 70, 'window': '1Y', 'order': 1, 'rows': 2}
2025-11-12 11:44:51,938 INFO [cli] {'ticker': 'QQQ', 'mode': 'binary', 'thr': 70, 'window': '1Y', 'order': 2, 'rows': 4}
2025-11-12 11:44:51,948 INFO [cli] {'ticker': 'QQQ', 'mode': 'binary', 'thr': 70, 'window': '1Y', 'order': 3, 'rows': 8}
2025-11-12 11:44:51,959 INFO [cli] {'ticker': 'QQQ', 'mode': 'binary', 'thr': 70, 'window': '1Y', 'order': 4, 'rows': 16}
2025-11-12 11:44:51,970 INFO [cli] {'ticker': 'QQQ', 'mode': 'binary', 'thr': 70, 'window': '2Y', 'order': 1, 'rows': 2}
2025-11-12 11:44:51,980 INFO [cli] {'ticker': 'QQQ', 'mode': 'binary', 'thr': 70, 'window': '2Y', 'order': 2, 'rows': 4}
2025-11-12 11:44:51,989 INFO [cli] {'ticker': 'QQQ', 'mode': 'binary', 'thr': 70, 'window': '2Y', 'order': 3, 'rows': 8}
2025-11-12 11:44:52,000 INFO [cli] {'ticker': 'QQQ', 'mode': 'binary', 'thr': 70, 'window': '2Y', 'order': 4, 'rows': 16}
2025-11-12 11:44:52,011 INFO [cli] {'ticker': 'QQQ', 'mode': 'binary', 'thr': 70, 'window': '5Y', 'order': 1, 'rows': 2}
2025-11-12 11:44:52,023 INFO [cli] {'ticker': 'QQQ', 'mode': 'binary', 'thr': 70, 'window': '5Y', 'order': 2, 'rows': 4}
2025-11-12 11:44:52,033 INFO [cli] {'ticker': 'QQQ', 'mode': 'binary', 'thr': 70, 'window': '5Y', 'order': 3, 'rows': 8}
2025-11-12 11:44:52,044 INFO [cli] {'ticker': 'QQQ', 'mode': 'binary', 'thr': 70, 'window': '5Y', 'order': 4, 'rows': 16}
2025-11-12 11:44:52,055 INFO [cli] {'ticker': 'QQQ', 'mode': 'binary', 'thr': 70, 'window': '10Y', 'order': 1, 'rows': 2}
2025-11-12 11:44:52,065 INFO [cli] {'ticker': 'QQQ', 'mode': 'binary', 'thr': 70, 'window': '10Y', 'order': 2, 'rows': 4}
2025-11-12 11:44:52,076 INFO [cli] {'ticker': 'QQQ', 'mode': 'binary', 'thr': 70, 'window': '10Y', 'order': 3, 'rows': 8}
2025-11-12 11:44:52,087 INFO [cli] {'ticker': 'QQQ', 'mode': 'binary', 'thr': 70, 'window': '10Y', 'order': 4, 'rows': 16}
2025-11-12 11:44:52,095 INFO [cli] {'ticker': 'QQQ', 'mode': 'binary', 'thr': 70, 'window': '20Y', 'order': 1, 'rows': 2}
2025-11-12 11:44:52,106 INFO [cli] {'ticker': 'QQQ', 'mode': 'binary', 'thr': 70, 'window': '20Y', 'order': 2, 'rows': 4}
2025-11-12 11:44:52,115 INFO [cli] {'ticker': 'QQQ', 'mode': 'binary', 'thr': 70, 'window': '20Y', 'order': 3, 'rows': 8}
2025-11-12 11:44:52,124 INFO [cli] {'ticker': 'QQQ', 'mode': 'binary', 'thr': 70, 'window': '20Y', 'order': 4, 'rows': 16}
2025-11-12 11:44:52,135 INFO [cli] {'ticker': 'QQQ', 'mode': 'binary', 'thr': 70, 'window': 'MAX', 'order': 1, 'rows': 2}
2025-11-12 11:44:52,147 INFO [cli] {'ticker': 'QQQ', 'mode': 'binary', 'thr': 70, 'window': 'MAX', 'order': 2, 'rows': 4}
2025-11-12 11:44:52,160 INFO [cli] {'ticker': 'QQQ', 'mode': 'binary', 'thr': 70, 'window': 'MAX', 'order': 3, 'rows': 8}
2025-11-12 11:44:52,170 INFO [cli] {'ticker': 'QQQ', 'mode': 'binary', 'thr': 70, 'window': 'MAX', 'order': 4, 'rows': 16}
2025-11-12 11:44:52,187 INFO [cli] {'ticker': 'QQQ', 'mode': 'binary', 'thr': 75, 'window': '1Y', 'order': 1, 'rows': 2}
2025-11-12 11:44:52,196 INFO [cli] {'ticker': 'QQQ', 'mode': 'binary', 'thr': 75, 'window': '1Y', 'order': 2, 'rows': 4}
2025-11-12 11:44:52,205 INFO [cli] {'ticker': 'QQQ', 'mode': 'binary', 'thr': 75, 'window': '1Y', 'order': 3, 'rows': 8}
2025-11-12 11:44:52,216 INFO [cli] {'ticker': 'QQQ', 'mode': 'binary', 'thr': 75, 'window': '1Y', 'order': 4, 'rows': 16}
2025-11-12 11:44:52,226 INFO [cli] {'ticker': 'QQQ', 'mode': 'binary', 'thr': 75, 'window': '2Y', 'order': 1, 'rows': 2}
2025-11-12 11:44:52,235 INFO [cli] {'ticker': 'QQQ', 'mode': 'binary', 'thr': 75, 'window': '2Y', 'order': 2, 'rows': 4}
2025-11-12 11:44:52,244 INFO [cli] {'ticker': 'QQQ', 'mode': 'binary', 'thr': 75, 'window': '2Y', 'order': 3, 'rows': 8}
2025-11-12 11:44:52,254 INFO [cli] {'ticker': 'QQQ', 'mode': 'binary', 'thr': 75, 'window': '2Y', 'order': 4, 'rows': 16}
2025-11-12 11:44:52,263 INFO [cli] {'ticker': 'QQQ', 'mode': 'binary', 'thr': 75, 'window': '5Y', 'order': 1, 'rows': 2}
2025-11-12 11:44:52,275 INFO [cli] {'ticker': 'QQQ', 'mode': 'binary', 'thr': 75, 'window': '5Y', 'order': 2, 'rows': 4}
2025-11-12 11:44:52,283 INFO [cli] {'ticker': 'QQQ', 'mode': 'binary', 'thr': 75, 'window': '5Y', 'order': 3, 'rows': 8}
2025-11-12 11:44:52,295 INFO [cli] {'ticker': 'QQQ', 'mode': 'binary', 'thr': 75, 'window': '5Y', 'order': 4, 'rows': 16}
2025-11-12 11:44:52,306 INFO [cli] {'ticker': 'QQQ', 'mode': 'binary', 'thr': 75, 'window': '10Y', 'order': 1, 'rows': 2}
2025-11-12 11:44:52,315 INFO [cli] {'ticker': 'QQQ', 'mode': 'binary', 'thr': 75, 'window': '10Y', 'order': 2, 'rows': 4}
2025-11-12 11:44:52,323 INFO [cli] {'ticker': 'QQQ', 'mode': 'binary', 'thr': 75, 'window': '10Y', 'order': 3, 'rows': 8}
2025-11-12 11:44:52,332 INFO [cli] {'ticker': 'QQQ', 'mode': 'binary', 'thr': 75, 'window': '10Y', 'order': 4, 'rows': 16}
2025-11-12 11:44:52,342 INFO [cli] {'ticker': 'QQQ', 'mode': 'binary', 'thr': 75, 'window': '20Y', 'order': 1, 'rows': 2}
2025-11-12 11:44:52,351 INFO [cli] {'ticker': 'QQQ', 'mode': 'binary', 'thr': 75, 'window': '20Y', 'order': 2, 'rows': 4}
2025-11-12 11:44:52,361 INFO [cli] {'ticker': 'QQQ', 'mode': 'binary', 'thr': 75, 'window': '20Y', 'order': 3, 'rows': 8}
2025-11-12 11:44:52,372 INFO [cli] {'ticker': 'QQQ', 'mode': 'binary', 'thr': 75, 'window': '20Y', 'order': 4, 'rows': 16}
2025-11-12 11:44:52,381 INFO [cli] {'ticker': 'QQQ', 'mode': 'binary', 'thr': 75, 'window': 'MAX', 'order': 1, 'rows': 2}
2025-11-12 11:44:52,391 INFO [cli] {'ticker': 'QQQ', 'mode': 'binary', 'thr': 75, 'window': 'MAX', 'order': 2, 'rows': 4}
2025-11-12 11:44:52,403 INFO [cli] {'ticker': 'QQQ', 'mode': 'binary', 'thr': 75, 'window': 'MAX', 'order': 3, 'rows': 8}
2025-11-12 11:44:52,424 INFO [cli] {'ticker': 'QQQ', 'mode': 'binary', 'thr': 75, 'window': 'MAX', 'order': 4, 'rows': 16}
2025-11-12 11:44:52,443 INFO [cli] {'ticker': 'QQQ', 'mode': 'binary', 'thr': 80, 'window': '1Y', 'order': 1, 'rows': 2}
2025-11-12 11:44:52,452 INFO [cli] {'ticker': 'QQQ', 'mode': 'binary', 'thr': 80, 'window': '1Y', 'order': 2, 'rows': 4}
2025-11-12 11:44:52,461 INFO [cli] {'ticker': 'QQQ', 'mode': 'binary', 'thr': 80, 'window': '1Y', 'order': 3, 'rows': 8}
2025-11-12 11:44:52,471 INFO [cli] {'ticker': 'QQQ', 'mode': 'binary', 'thr': 80, 'window': '1Y', 'order': 4, 'rows': 16}
2025-11-12 11:44:52,481 INFO [cli] {'ticker': 'QQQ', 'mode': 'binary', 'thr': 80, 'window': '2Y', 'order': 1, 'rows': 2}
2025-11-12 11:44:52,492 INFO [cli] {'ticker': 'QQQ', 'mode': 'binary', 'thr': 80, 'window': '2Y', 'order': 2, 'rows': 4}
2025-11-12 11:44:52,503 INFO [cli] {'ticker': 'QQQ', 'mode': 'binary', 'thr': 80, 'window': '2Y', 'order': 3, 'rows': 8}
2025-11-12 11:44:52,512 INFO [cli] {'ticker': 'QQQ', 'mode': 'binary', 'thr': 80, 'window': '2Y', 'order': 4, 'rows': 16}
2025-11-12 11:44:52,525 INFO [cli] {'ticker': 'QQQ', 'mode': 'binary', 'thr': 80, 'window': '5Y', 'order': 1, 'rows': 2}
2025-11-12 11:44:52,537 INFO [cli] {'ticker': 'QQQ', 'mode': 'binary', 'thr': 80, 'window': '5Y', 'order': 2, 'rows': 4}
2025-11-12 11:44:52,548 INFO [cli] {'ticker': 'QQQ', 'mode': 'binary', 'thr': 80, 'window': '5Y', 'order': 3, 'rows': 8}
2025-11-12 11:44:52,558 INFO [cli] {'ticker': 'QQQ', 'mode': 'binary', 'thr': 80, 'window': '5Y', 'order': 4, 'rows': 16}
2025-11-12 11:44:52,569 INFO [cli] {'ticker': 'QQQ', 'mode': 'binary', 'thr': 80, 'window': '10Y', 'order': 1, 'rows': 2}
2025-11-12 11:44:52,577 INFO [cli] {'ticker': 'QQQ', 'mode': 'binary', 'thr': 80, 'window': '10Y', 'order': 2, 'rows': 4}
2025-11-12 11:44:52,589 INFO [cli] {'ticker': 'QQQ', 'mode': 'binary', 'thr': 80, 'window': '10Y', 'order': 3, 'rows': 8}
2025-11-12 11:44:52,600 INFO [cli] {'ticker': 'QQQ', 'mode': 'binary', 'thr': 80, 'window': '10Y', 'order': 4, 'rows': 16}
2025-11-12 11:44:52,611 INFO [cli] {'ticker': 'QQQ', 'mode': 'binary', 'thr': 80, 'window': '20Y', 'order': 1, 'rows': 2}
2025-11-12 11:44:52,622 INFO [cli] {'ticker': 'QQQ', 'mode': 'binary', 'thr': 80, 'window': '20Y', 'order': 2, 'rows': 4}
2025-11-12 11:44:52,631 INFO [cli] {'ticker': 'QQQ', 'mode': 'binary', 'thr': 80, 'window': '20Y', 'order': 3, 'rows': 8}
2025-11-12 11:44:52,641 INFO [cli] {'ticker': 'QQQ', 'mode': 'binary', 'thr': 80, 'window': '20Y', 'order': 4, 'rows': 16}
2025-11-12 11:44:52,652 INFO [cli] {'ticker': 'QQQ', 'mode': 'binary', 'thr': 80, 'window': 'MAX', 'order': 1, 'rows': 2}
2025-11-12 11:44:52,662 INFO [cli] {'ticker': 'QQQ', 'mode': 'binary', 'thr': 80, 'window': 'MAX', 'order': 2, 'rows': 4}
2025-11-12 11:44:52,674 INFO [cli] {'ticker': 'QQQ', 'mode': 'binary', 'thr': 80, 'window': 'MAX', 'order': 3, 'rows': 8}
2025-11-12 11:44:52,683 INFO [cli] {'ticker': 'QQQ', 'mode': 'binary', 'thr': 80, 'window': 'MAX', 'order': 4, 'rows': 16}
2025-11-12 11:44:52,700 INFO [cli] {'ticker': 'QQQ', 'mode': 'binary', 'thr': 85, 'window': '1Y', 'order': 1, 'rows': 2}
2025-11-12 11:44:52,709 INFO [cli] {'ticker': 'QQQ', 'mode': 'binary', 'thr': 85, 'window': '1Y', 'order': 2, 'rows': 4}
2025-11-12 11:44:52,720 INFO [cli] {'ticker': 'QQQ', 'mode': 'binary', 'thr': 85, 'window': '1Y', 'order': 3, 'rows': 8}
2025-11-12 11:44:52,730 INFO [cli] {'ticker': 'QQQ', 'mode': 'binary', 'thr': 85, 'window': '1Y', 'order': 4, 'rows': 16}
2025-11-12 11:44:52,741 INFO [cli] {'ticker': 'QQQ', 'mode': 'binary', 'thr': 85, 'window': '2Y', 'order': 1, 'rows': 2}
2025-11-12 11:44:52,750 INFO [cli] {'ticker': 'QQQ', 'mode': 'binary', 'thr': 85, 'window': '2Y', 'order': 2, 'rows': 4}
2025-11-12 11:44:52,760 INFO [cli] {'ticker': 'QQQ', 'mode': 'binary', 'thr': 85, 'window': '2Y', 'order': 3, 'rows': 8}
2025-11-12 11:44:52,771 INFO [cli] {'ticker': 'QQQ', 'mode': 'binary', 'thr': 85, 'window': '2Y', 'order': 4, 'rows': 16}
2025-11-12 11:44:52,781 INFO [cli] {'ticker': 'QQQ', 'mode': 'binary', 'thr': 85, 'window': '5Y', 'order': 1, 'rows': 2}
2025-11-12 11:44:52,791 INFO [cli] {'ticker': 'QQQ', 'mode': 'binary', 'thr': 85, 'window': '5Y', 'order': 2, 'rows': 4}
2025-11-12 11:44:52,801 INFO [cli] {'ticker': 'QQQ', 'mode': 'binary', 'thr': 85, 'window': '5Y', 'order': 3, 'rows': 8}
2025-11-12 11:44:52,811 INFO [cli] {'ticker': 'QQQ', 'mode': 'binary', 'thr': 85, 'window': '5Y', 'order': 4, 'rows': 16}
2025-11-12 11:44:52,821 INFO [cli] {'ticker': 'QQQ', 'mode': 'binary', 'thr': 85, 'window': '10Y', 'order': 1, 'rows': 2}

{'ticker': 'QQQ', 'mode': 'binary', 'thr': 45, 'window': '20Y', 'order': 1, 'rows': 2}
{'ticker': 'QQQ', 'mode': 'binary', 'thr': 45, 'window': '20Y', 'order': 2, 'rows': 4}
{'ticker': 'QQQ', 'mode': 'binary', 'thr': 45, 'window': '20Y', 'order': 3, 'rows': 8}
{'ticker': 'QQQ', 'mode': 'binary', 'thr': 45, 'window': '20Y', 'order': 4, 'rows': 16}
{'ticker': 'QQQ', 'mode': 'binary', 'thr': 45, 'window': 'MAX', 'order': 1, 'rows': 2}
{'ticker': 'QQQ', 'mode': 'binary', 'thr': 45, 'window': 'MAX', 'order': 2, 'rows': 4}
{'ticker': 'QQQ', 'mode': 'binary', 'thr': 45, 'window': 'MAX', 'order': 3, 'rows': 8}
{'ticker': 'QQQ', 'mode': 'binary', 'thr': 45, 'window': 'MAX', 'order': 4, 'rows': 16}
{'ticker': 'QQQ', 'mode': 'binary', 'thr': 50, 'window': '1Y', 'order': 1, 'rows': 2}
{'ticker': 'QQQ', 'mode': 'binary', 'thr': 50, 'window': '1Y', 'order': 2, 'rows': 4}
{'ticker': 'QQQ', 'mode': 'binary', 'thr': 50, 'window': '1Y', 'order': 3, 'rows': 8}
{'ticker': 'QQQ', 'mode': 'binary', 'thr': 50, 'window': '1Y', 'order': 4, 'rows': 16}
{'ticker': 'QQQ', 'mode': 'binary', 'thr': 50, 'window': '2Y', 'order': 1, 'rows': 2}
{'ticker': 'QQQ', 'mode': 'binary', 'thr': 50, 'window': '2Y', 'order': 2, 'rows': 4}
{'ticker': 'QQQ', 'mode': 'binary', 'thr': 50, 'window': '2Y', 'order': 3, 'rows': 8}
{'ticker': 'QQQ', 'mode': 'binary', 'thr': 50, 'window': '2Y', 'order': 4, 'rows': 16}
{'ticker': 'QQQ', 'mode': 'binary', 'thr': 50, 'window': '5Y', 'order': 1, 'rows': 2}
{'ticker': 'QQQ', 'mode': 'binary', 'thr': 50, 'window': '5Y', 'order': 2, 'rows': 4}
{'ticker': 'QQQ', 'mode': 'binary', 'thr': 50, 'window': '5Y', 'order': 3, 'rows': 8}
{'ticker': 'QQQ', 'mode': 'binary', 'thr': 50, 'window': '5Y', 'order': 4, 'rows': 16}
{'ticker': 'QQQ', 'mode': 'binary', 'thr': 50, 'window': '10Y', 'order': 1, 'rows': 2}
{'ticker': 'QQQ', 'mode': 'binary', 'thr': 50, 'window': '10Y', 'order': 2, 'rows': 4}
{'ticker': 'QQQ', 'mode': 'binary', 'thr': 50, 'window': '10Y', 'order': 3, 'rows': 8}
{'ticker': 'QQQ', 'mode': 'binary', 'thr': 50, 'window': '10Y', 'order': 4, 'rows': 16}
{'ticker': 'QQQ', 'mode': 'binary', 'thr': 50, 'window': '20Y', 'order': 1, 'rows': 2}
{'ticker': 'QQQ', 'mode': 'binary', 'thr': 50, 'window': '20Y', 'order': 2, 'rows': 4}
{'ticker': 'QQQ', 'mode': 'binary', 'thr': 50, 'window': '20Y', 'order': 3, 'rows': 8}
{'ticker': 'QQQ', 'mode': 'binary', 'thr': 50, 'window': '20Y', 'order': 4, 'rows': 16}
{'ticker': 'QQQ', 'mode': 'binary', 'thr': 50, 'window': 'MAX', 'order': 1, 'rows': 2}
{'ticker': 'QQQ', 'mode': 'binary', 'thr': 50, 'window': 'MAX', 'order': 2, 'rows': 4}
{'ticker': 'QQQ', 'mode': 'binary', 'thr': 50, 'window': 'MAX', 'order': 3, 'rows': 8}
{'ticker': 'QQQ', 'mode': 'binary', 'thr': 50, 'window': 'MAX', 'order': 4, 'rows': 16}
{'ticker': 'QQQ', 'mode': 'binary', 'thr': 55, 'window': '1Y', 'order': 1, 'rows': 2}
{'ticker': 'QQQ', 'mode': 'binary', 'thr': 55, 'window': '1Y', 'order': 2, 'rows': 4}
{'ticker': 'QQQ', 'mode': 'binary', 'thr': 55, 'window': '1Y', 'order': 3, 'rows': 8}
{'ticker': 'QQQ', 'mode': 'binary', 'thr': 55, 'window': '1Y', 'order': 4, 'rows': 16}
{'ticker': 'QQQ', 'mode': 'binary', 'thr': 55, 'window': '2Y', 'order': 1, 'rows': 2}
{'ticker': 'QQQ', 'mode': 'binary', 'thr': 55, 'window': '2Y', 'order': 2, 'rows': 4}
{'ticker': 'QQQ', 'mode': 'binary', 'thr': 55, 'window': '2Y', 'order': 3, 'rows': 8}
{'ticker': 'QQQ', 'mode': 'binary', 'thr': 55, 'window': '2Y', 'order': 4, 'rows': 16}
{'ticker': 'QQQ', 'mode': 'binary', 'thr': 55, 'window': '5Y', 'order': 1, 'rows': 2}
{'ticker': 'QQQ', 'mode': 'binary', 'thr': 55, 'window': '5Y', 'order': 2, 'rows': 4}
{'ticker': 'QQQ', 'mode': 'binary', 'thr': 55, 'window': '5Y', 'order': 3, 'rows': 8}
{'ticker': 'QQQ', 'mode': 'binary', 'thr': 55, 'window': '5Y', 'order': 4, 'rows': 16}
{'ticker': 'QQQ', 'mode': 'binary', 'thr': 55, 'window': '10Y', 'order': 1, 'rows': 2}
{'ticker': 'QQQ', 'mode': 'binary', 'thr': 55, 'window': '10Y', 'order': 2, 'rows': 4}
{'ticker': 'QQQ', 'mode': 'binary', 'thr': 55, 'window': '10Y', 'order': 3, 'rows': 8}
{'ticker': 'QQQ', 'mode': 'binary', 'thr': 55, 'window': '10Y', 'order': 4, 'rows': 16}
{'ticker': 'QQQ', 'mode': 'binary', 'thr': 55, 'window': '20Y', 'order': 1, 'rows': 2}
{'ticker': 'QQQ', 'mode': 'binary', 'thr': 55, 'window': '20Y', 'order': 2, 'rows': 4}
{'ticker': 'QQQ', 'mode': 'binary', 'thr': 55, 'window': '20Y', 'order': 3, 'rows': 8}
{'ticker': 'QQQ', 'mode': 'binary', 'thr': 55, 'window': '20Y', 'order': 4, 'rows': 16}
{'ticker': 'QQQ', 'mode': 'binary', 'thr': 55, 'window': 'MAX', 'order': 1, 'rows': 2}
{'ticker': 'QQQ', 'mode': 'binary', 'thr': 55, 'window': 'MAX', 'order': 2, 'rows': 4}
{'ticker': 'QQQ', 'mode': 'binary', 'thr': 55, 'window': 'MAX', 'order': 3, 'rows': 8}
{'ticker': 'QQQ', 'mode': 'binary', 'thr': 55, 'window': 'MAX', 'order': 4, 'rows': 16}
{'ticker': 'QQQ', 'mode': 'binary', 'thr': 60, 'window': '1Y', 'order': 1, 'rows': 2}
{'ticker': 'QQQ', 'mode': 'binary', 'thr': 60, 'window': '1Y', 'order': 2, 'rows': 4}
{'ticker': 'QQQ', 'mode': 'binary', 'thr': 60, 'window': '1Y', 'order': 3, 'rows': 8}
{'ticker': 'QQQ', 'mode': 'binary', 'thr': 60, 'window': '1Y', 'order': 4, 'rows': 16}
{'ticker': 'QQQ', 'mode': 'binary', 'thr': 60, 'window': '2Y', 'order': 1, 'rows': 2}
{'ticker': 'QQQ', 'mode': 'binary', 'thr': 60, 'window': '2Y', 'order': 2, 'rows': 4}
{'ticker': 'QQQ', 'mode': 'binary', 'thr': 60, 'window': '2Y', 'order': 3, 'rows': 8}
{'ticker': 'QQQ', 'mode': 'binary', 'thr': 60, 'window': '2Y', 'order': 4, 'rows': 16}
{'ticker': 'QQQ', 'mode': 'binary', 'thr': 60, 'window': '5Y', 'order': 1, 'rows': 2}
{'ticker': 'QQQ', 'mode': 'binary', 'thr': 60, 'window': '5Y', 'order': 2, 'rows': 4}
{'ticker': 'QQQ', 'mode': 'binary', 'thr': 60, 'window': '5Y', 'order': 3, 'rows': 8}
{'ticker': 'QQQ', 'mode': 'binary', 'thr': 60, 'window': '5Y', 'order': 4, 'rows': 16}
{'ticker': 'QQQ', 'mode': 'binary', 'thr': 60, 'window': '10Y', 'order': 1, 'rows': 2}
{'ticker': 'QQQ', 'mode': 'binary', 'thr': 60, 'window': '10Y', 'order': 2, 'rows': 4}
{'ticker': 'QQQ', 'mode': 'binary', 'thr': 60, 'window': '10Y', 'order': 3, 'rows': 8}
{'ticker': 'QQQ', 'mode': 'binary', 'thr': 60, 'window': '10Y', 'order': 4, 'rows': 16}
{'ticker': 'QQQ', 'mode': 'binary', 'thr': 60, 'window': '20Y', 'order': 1, 'rows': 2}
{'ticker': 'QQQ', 'mode': 'binary', 'thr': 60, 'window': '20Y', 'order': 2, 'rows': 4}
{'ticker': 'QQQ', 'mode': 'binary', 'thr': 60, 'window': '20Y', 'order': 3, 'rows': 8}
{'ticker': 'QQQ', 'mode': 'binary', 'thr': 60, 'window': '20Y', 'order': 4, 'rows': 16}
{'ticker': 'QQQ', 'mode': 'binary', 'thr': 60, 'window': 'MAX', 'order': 1, 'rows': 2}
{'ticker': 'QQQ', 'mode': 'binary', 'thr': 60, 'window': 'MAX', 'order': 2, 'rows': 4}
{'ticker': 'QQQ', 'mode': 'binary', 'thr': 60, 'window': 'MAX', 'order': 3, 'rows': 8}
{'ticker': 'QQQ', 'mode': 'binary', 'thr': 60, 'window': 'MAX', 'order': 4, 'rows': 16}
{'ticker': 'QQQ', 'mode': 'binary', 'thr': 65, 'window': '1Y', 'order': 1, 'rows': 2}
{'ticker': 'QQQ', 'mode': 'binary', 'thr': 65, 'window': '1Y', 'order': 2, 'rows': 4}
{'ticker': 'QQQ', 'mode': 'binary', 'thr': 65, 'window': '1Y', 'order': 3, 'rows': 8}
{'ticker': 'QQQ', 'mode': 'binary', 'thr': 65, 'window': '1Y', 'order': 4, 'rows': 16}
{'ticker': 'QQQ', 'mode': 'binary', 'thr': 65, 'window': '2Y', 'order': 1, 'rows': 2}
{'ticker': 'QQQ', 'mode': 'binary', 'thr': 65, 'window': '2Y', 'order': 2, 'rows': 4}
{'ticker': 'QQQ', 'mode': 'binary', 'thr': 65, 'window': '2Y', 'order': 3, 'rows': 8}
{'ticker': 'QQQ', 'mode': 'binary', 'thr': 65, 'window': '2Y', 'order': 4, 'rows': 16}
{'ticker': 'QQQ', 'mode': 'binary', 'thr': 65, 'window': '5Y', 'order': 1, 'rows': 2}
{'ticker': 'QQQ', 'mode': 'binary', 'thr': 65, 'window': '5Y', 'order': 2, 'rows': 4}
{'ticker': 'QQQ', 'mode': 'binary', 'thr': 65, 'window': '5Y', 'order': 3, 'rows': 8}
{'ticker': 'QQQ', 'mode': 'binary', 'thr': 65, 'window': '5Y', 'order': 4, 'rows': 16}
{'ticker': 'QQQ', 'mode': 'binary', 'thr': 65, 'window': '10Y', 'order': 1, 'rows': 2}
{'ticker': 'QQQ', 'mode': 'binary', 'thr': 65, 'window': '10Y', 'order': 2, 'rows': 4}
{'ticker': 'QQQ', 'mode': 'binary', 'thr': 65, 'window': '10Y', 'order': 3, 'rows': 8}2025-11-12 11:44:52,832 INFO [cli] {'ticker': 'QQQ', 'mode': 'binary', 'thr': 85, 'window': '10Y', 'order': 2, 'rows': 4}
2025-11-12 11:44:52,840 INFO [cli] {'ticker': 'QQQ', 'mode': 'binary', 'thr': 85, 'window': '10Y', 'order': 3, 'rows': 8}
2025-11-12 11:44:52,850 INFO [cli] {'ticker': 'QQQ', 'mode': 'binary', 'thr': 85, 'window': '10Y', 'order': 4, 'rows': 16}
2025-11-12 11:44:52,861 INFO [cli] {'ticker': 'QQQ', 'mode': 'binary', 'thr': 85, 'window': '20Y', 'order': 1, 'rows': 2}
2025-11-12 11:44:52,870 INFO [cli] {'ticker': 'QQQ', 'mode': 'binary', 'thr': 85, 'window': '20Y', 'order': 2, 'rows': 4}
2025-11-12 11:44:52,881 INFO [cli] {'ticker': 'QQQ', 'mode': 'binary', 'thr': 85, 'window': '20Y', 'order': 3, 'rows': 8}
2025-11-12 11:44:52,892 INFO [cli] {'ticker': 'QQQ', 'mode': 'binary', 'thr': 85, 'window': '20Y', 'order': 4, 'rows': 16}
2025-11-12 11:44:52,902 INFO [cli] {'ticker': 'QQQ', 'mode': 'binary', 'thr': 85, 'window': 'MAX', 'order': 1, 'rows': 2}
2025-11-12 11:44:52,910 INFO [cli] {'ticker': 'QQQ', 'mode': 'binary', 'thr': 85, 'window': 'MAX', 'order': 2, 'rows': 4}
2025-11-12 11:44:52,920 INFO [cli] {'ticker': 'QQQ', 'mode': 'binary', 'thr': 85, 'window': 'MAX', 'order': 3, 'rows': 8}
2025-11-12 11:44:52,932 INFO [cli] {'ticker': 'QQQ', 'mode': 'binary', 'thr': 85, 'window': 'MAX', 'order': 4, 'rows': 16}
2025-11-12 11:44:52,948 INFO [cli] {'ticker': 'QQQ', 'mode': 'binary', 'thr': 90, 'window': '1Y', 'order': 1, 'rows': 2}
2025-11-12 11:44:52,957 INFO [cli] {'ticker': 'QQQ', 'mode': 'binary', 'thr': 90, 'window': '1Y', 'order': 2, 'rows': 4}
2025-11-12 11:44:52,965 INFO [cli] {'ticker': 'QQQ', 'mode': 'binary', 'thr': 90, 'window': '1Y', 'order': 3, 'rows': 8}
2025-11-12 11:44:52,974 INFO [cli] {'ticker': 'QQQ', 'mode': 'binary', 'thr': 90, 'window': '1Y', 'order': 4, 'rows': 16}
2025-11-12 11:44:52,984 INFO [cli] {'ticker': 'QQQ', 'mode': 'binary', 'thr': 90, 'window': '2Y', 'order': 1, 'rows': 2}
2025-11-12 11:44:52,992 INFO [cli] {'ticker': 'QQQ', 'mode': 'binary', 'thr': 90, 'window': '2Y', 'order': 2, 'rows': 4}
2025-11-12 11:44:53,003 INFO [cli] {'ticker': 'QQQ', 'mode': 'binary', 'thr': 90, 'window': '2Y', 'order': 3, 'rows': 8}
2025-11-12 11:44:53,014 INFO [cli] {'ticker': 'QQQ', 'mode': 'binary', 'thr': 90, 'window': '2Y', 'order': 4, 'rows': 16}
2025-11-12 11:44:53,024 INFO [cli] {'ticker': 'QQQ', 'mode': 'binary', 'thr': 90, 'window': '5Y', 'order': 1, 'rows': 2}
2025-11-12 11:44:53,036 INFO [cli] {'ticker': 'QQQ', 'mode': 'binary', 'thr': 90, 'window': '5Y', 'order': 2, 'rows': 4}
2025-11-12 11:44:53,046 INFO [cli] {'ticker': 'QQQ', 'mode': 'binary', 'thr': 90, 'window': '5Y', 'order': 3, 'rows': 8}
2025-11-12 11:44:53,056 INFO [cli] {'ticker': 'QQQ', 'mode': 'binary', 'thr': 90, 'window': '5Y', 'order': 4, 'rows': 16}
2025-11-12 11:44:53,066 INFO [cli] {'ticker': 'QQQ', 'mode': 'binary', 'thr': 90, 'window': '10Y', 'order': 1, 'rows': 2}
2025-11-12 11:44:53,078 INFO [cli] {'ticker': 'QQQ', 'mode': 'binary', 'thr': 90, 'window': '10Y', 'order': 2, 'rows': 4}
2025-11-12 11:44:53,088 INFO [cli] {'ticker': 'QQQ', 'mode': 'binary', 'thr': 90, 'window': '10Y', 'order': 3, 'rows': 8}
2025-11-12 11:44:53,099 INFO [cli] {'ticker': 'QQQ', 'mode': 'binary', 'thr': 90, 'window': '10Y', 'order': 4, 'rows': 16}
2025-11-12 11:44:53,109 INFO [cli] {'ticker': 'QQQ', 'mode': 'binary', 'thr': 90, 'window': '20Y', 'order': 1, 'rows': 2}
2025-11-12 11:44:53,118 INFO [cli] {'ticker': 'QQQ', 'mode': 'binary', 'thr': 90, 'window': '20Y', 'order': 2, 'rows': 4}
2025-11-12 11:44:53,126 INFO [cli] {'ticker': 'QQQ', 'mode': 'binary', 'thr': 90, 'window': '20Y', 'order': 3, 'rows': 8}
2025-11-12 11:44:53,135 INFO [cli] {'ticker': 'QQQ', 'mode': 'binary', 'thr': 90, 'window': '20Y', 'order': 4, 'rows': 16}
2025-11-12 11:44:53,146 INFO [cli] {'ticker': 'QQQ', 'mode': 'binary', 'thr': 90, 'window': 'MAX', 'order': 1, 'rows': 2}
2025-11-12 11:44:53,154 INFO [cli] {'ticker': 'QQQ', 'mode': 'binary', 'thr': 90, 'window': 'MAX', 'order': 2, 'rows': 4}
2025-11-12 11:44:53,164 INFO [cli] {'ticker': 'QQQ', 'mode': 'binary', 'thr': 90, 'window': 'MAX', 'order': 3, 'rows': 8}
2025-11-12 11:44:53,173 INFO [cli] {'ticker': 'QQQ', 'mode': 'binary', 'thr': 90, 'window': 'MAX', 'order': 4, 'rows': 16}
2025-11-12 11:44:53,190 INFO [cli] {'ticker': 'QQQ', 'mode': 'binary', 'thr': 95, 'window': '1Y', 'order': 1, 'rows': 2}
2025-11-12 11:44:53,200 INFO [cli] {'ticker': 'QQQ', 'mode': 'binary', 'thr': 95, 'window': '1Y', 'order': 2, 'rows': 4}
2025-11-12 11:44:53,211 INFO [cli] {'ticker': 'QQQ', 'mode': 'binary', 'thr': 95, 'window': '1Y', 'order': 3, 'rows': 8}
2025-11-12 11:44:53,220 INFO [cli] {'ticker': 'QQQ', 'mode': 'binary', 'thr': 95, 'window': '1Y', 'order': 4, 'rows': 15}
2025-11-12 11:44:53,230 INFO [cli] {'ticker': 'QQQ', 'mode': 'binary', 'thr': 95, 'window': '2Y', 'order': 1, 'rows': 2}
2025-11-12 11:44:53,241 INFO [cli] {'ticker': 'QQQ', 'mode': 'binary', 'thr': 95, 'window': '2Y', 'order': 2, 'rows': 4}
2025-11-12 11:44:53,251 INFO [cli] {'ticker': 'QQQ', 'mode': 'binary', 'thr': 95, 'window': '2Y', 'order': 3, 'rows': 8}
2025-11-12 11:44:53,259 INFO [cli] {'ticker': 'QQQ', 'mode': 'binary', 'thr': 95, 'window': '2Y', 'order': 4, 'rows': 15}
2025-11-12 11:44:53,268 INFO [cli] {'ticker': 'QQQ', 'mode': 'binary', 'thr': 95, 'window': '5Y', 'order': 1, 'rows': 2}
2025-11-12 11:44:53,279 INFO [cli] {'ticker': 'QQQ', 'mode': 'binary', 'thr': 95, 'window': '5Y', 'order': 2, 'rows': 4}
2025-11-12 11:44:53,288 INFO [cli] {'ticker': 'QQQ', 'mode': 'binary', 'thr': 95, 'window': '5Y', 'order': 3, 'rows': 8}
2025-11-12 11:44:53,298 INFO [cli] {'ticker': 'QQQ', 'mode': 'binary', 'thr': 95, 'window': '5Y', 'order': 4, 'rows': 16}
2025-11-12 11:44:53,309 INFO [cli] {'ticker': 'QQQ', 'mode': 'binary', 'thr': 95, 'window': '10Y', 'order': 1, 'rows': 2}
2025-11-12 11:44:53,318 INFO [cli] {'ticker': 'QQQ', 'mode': 'binary', 'thr': 95, 'window': '10Y', 'order': 2, 'rows': 4}
2025-11-12 11:44:53,327 INFO [cli] {'ticker': 'QQQ', 'mode': 'binary', 'thr': 95, 'window': '10Y', 'order': 3, 'rows': 8}
2025-11-12 11:44:53,338 INFO [cli] {'ticker': 'QQQ', 'mode': 'binary', 'thr': 95, 'window': '10Y', 'order': 4, 'rows': 16}
2025-11-12 11:44:53,348 INFO [cli] {'ticker': 'QQQ', 'mode': 'binary', 'thr': 95, 'window': '20Y', 'order': 1, 'rows': 2}
2025-11-12 11:44:53,365 INFO [cli] {'ticker': 'QQQ', 'mode': 'binary', 'thr': 95, 'window': '20Y', 'order': 2, 'rows': 4}
2025-11-12 11:44:53,376 INFO [cli] {'ticker': 'QQQ', 'mode': 'binary', 'thr': 95, 'window': '20Y', 'order': 3, 'rows': 8}
2025-11-12 11:44:53,384 INFO [cli] {'ticker': 'QQQ', 'mode': 'binary', 'thr': 95, 'window': '20Y', 'order': 4, 'rows': 16}
2025-11-12 11:44:53,393 INFO [cli] {'ticker': 'QQQ', 'mode': 'binary', 'thr': 95, 'window': 'MAX', 'order': 1, 'rows': 2}
2025-11-12 11:44:53,401 INFO [cli] {'ticker': 'QQQ', 'mode': 'binary', 'thr': 95, 'window': 'MAX', 'order': 2, 'rows': 4}
2025-11-12 11:44:53,416 INFO [cli] {'ticker': 'QQQ', 'mode': 'binary', 'thr': 95, 'window': 'MAX', 'order': 3, 'rows': 8}
2025-11-12 11:44:53,425 INFO [cli] {'ticker': 'QQQ', 'mode': 'binary', 'thr': 95, 'window': 'MAX', 'order': 4, 'rows': 16}
2025-11-12 11:44:53,441 INFO [cli] {'ticker': 'QQQ', 'mode': 'binary', 'thr': 100, 'window': '1Y', 'order': 1, 'rows': 2}
2025-11-12 11:44:53,449 INFO [cli] {'ticker': 'QQQ', 'mode': 'binary', 'thr': 100, 'window': '1Y', 'order': 2, 'rows': 4}
2025-11-12 11:44:53,457 INFO [cli] {'ticker': 'QQQ', 'mode': 'binary', 'thr': 100, 'window': '1Y', 'order': 3, 'rows': 8}
2025-11-12 11:44:53,467 INFO [cli] {'ticker': 'QQQ', 'mode': 'binary', 'thr': 100, 'window': '1Y', 'order': 4, 'rows': 15}
2025-11-12 11:44:53,477 INFO [cli] {'ticker': 'QQQ', 'mode': 'binary', 'thr': 100, 'window': '2Y', 'order': 1, 'rows': 2}
2025-11-12 11:44:53,487 INFO [cli] {'ticker': 'QQQ', 'mode': 'binary', 'thr': 100, 'window': '2Y', 'order': 2, 'rows': 4}
2025-11-12 11:44:53,497 INFO [cli] {'ticker': 'QQQ', 'mode': 'binary', 'thr': 100, 'window': '2Y', 'order': 3, 'rows': 8}
2025-11-12 11:44:53,508 INFO [cli] {'ticker': 'QQQ', 'mode': 'binary', 'thr': 100, 'window': '2Y', 'order': 4, 'rows': 15}
2025-11-12 11:44:53,518 INFO [cli] {'ticker': 'QQQ', 'mode': 'binary', 'thr': 100, 'window': '5Y', 'order': 1, 'rows': 2}
2025-11-12 11:44:53,527 INFO [cli] {'ticker': 'QQQ', 'mode': 'binary', 'thr': 100, 'window': '5Y', 'order': 2, 'rows': 4}
2025-11-12 11:44:53,537 INFO [cli] {'ticker': 'QQQ', 'mode': 'binary', 'thr': 100, 'window': '5Y', 'order': 3, 'rows': 8}
2025-11-12 11:44:53,547 INFO [cli] {'ticker': 'QQQ', 'mode': 'binary', 'thr': 100, 'window': '5Y', 'order': 4, 'rows': 16}
2025-11-12 11:44:53,556 INFO [cli] {'ticker': 'QQQ', 'mode': 'binary', 'thr': 100, 'window': '10Y', 'order': 1, 'rows': 2}
2025-11-12 11:44:53,566 INFO [cli] {'ticker': 'QQQ', 'mode': 'binary', 'thr': 100, 'window': '10Y', 'order': 2, 'rows': 4}
2025-11-12 11:44:53,577 INFO [cli] {'ticker': 'QQQ', 'mode': 'binary', 'thr': 100, 'window': '10Y', 'order': 3, 'rows': 8}
2025-11-12 11:44:53,589 INFO [cli] {'ticker': 'QQQ', 'mode': 'binary', 'thr': 100, 'window': '10Y', 'order': 4, 'rows': 16}
2025-11-12 11:44:53,600 INFO [cli] {'ticker': 'QQQ', 'mode': 'binary', 'thr': 100, 'window': '20Y', 'order': 1, 'rows': 2}
2025-11-12 11:44:53,610 INFO [cli] {'ticker': 'QQQ', 'mode': 'binary', 'thr': 100, 'window': '20Y', 'order': 2, 'rows': 4}
2025-11-12 11:44:53,619 INFO [cli] {'ticker': 'QQQ', 'mode': 'binary', 'thr': 100, 'window': '20Y', 'order': 3, 'rows': 8}
2025-11-12 11:44:53,630 INFO [cli] {'ticker': 'QQQ', 'mode': 'binary', 'thr': 100, 'window': '20Y', 'order': 4, 'rows': 16}
2025-11-12 11:44:53,641 INFO [cli] {'ticker': 'QQQ', 'mode': 'binary', 'thr': 100, 'window': 'MAX', 'order': 1, 'rows': 2}
2025-11-12 11:44:53,651 INFO [cli] {'ticker': 'QQQ', 'mode': 'binary', 'thr': 100, 'window': 'MAX', 'order': 2, 'rows': 4}
2025-11-12 11:44:53,662 INFO [cli] {'ticker': 'QQQ', 'mode': 'binary', 'thr': 100, 'window': 'MAX', 'order': 3, 'rows': 8}
2025-11-12 11:44:53,673 INFO [cli] {'ticker': 'QQQ', 'mode': 'binary', 'thr': 100, 'window': 'MAX', 'order': 4, 'rows': 16}
2025-11-12 11:44:53,690 INFO [cli] {'ticker': 'QQQ', 'mode': 'binary', 'thr': 105, 'window': '1Y', 'order': 1, 'rows': 2}
2025-11-12 11:44:53,698 INFO [cli] {'ticker': 'QQQ', 'mode': 'binary', 'thr': 105, 'window': '1Y', 'order': 2, 'rows': 4}
2025-11-12 11:44:53,710 INFO [cli] {'ticker': 'QQQ', 'mode': 'binary', 'thr': 105, 'window': '1Y', 'order': 3, 'rows': 8}
2025-11-12 11:44:53,720 INFO [cli] {'ticker': 'QQQ', 'mode': 'binary', 'thr': 105, 'window': '1Y', 'order': 4, 'rows': 14}
2025-11-12 11:44:53,734 INFO [cli] {'ticker': 'QQQ', 'mode': 'binary', 'thr': 105, 'window': '2Y', 'order': 1, 'rows': 2}
2025-11-12 11:44:53,744 INFO [cli] {'ticker': 'QQQ', 'mode': 'binary', 'thr': 105, 'window': '2Y', 'order': 2, 'rows': 4}
2025-11-12 11:44:53,755 INFO [cli] {'ticker': 'QQQ', 'mode': 'binary', 'thr': 105, 'window': '2Y', 'order': 3, 'rows': 8}
2025-11-12 11:44:53,764 INFO [cli] {'ticker': 'QQQ', 'mode': 'binary', 'thr': 105, 'window': '2Y', 'order': 4, 'rows': 14}
2025-11-12 11:44:53,775 INFO [cli] {'ticker': 'QQQ', 'mode': 'binary', 'thr': 105, 'window': '5Y', 'order': 1, 'rows': 2}
2025-11-12 11:44:53,785 INFO [cli] {'ticker': 'QQQ', 'mode': 'binary', 'thr': 105, 'window': '5Y', 'order': 2, 'rows': 4}
2025-11-12 11:44:53,794 INFO [cli] {'ticker': 'QQQ', 'mode': 'binary', 'thr': 105, 'window': '5Y', 'order': 3, 'rows': 8}
2025-11-12 11:44:53,805 INFO [cli] {'ticker': 'QQQ', 'mode': 'binary', 'thr': 105, 'window': '5Y', 'order': 4, 'rows': 16}

{'ticker': 'QQQ', 'mode': 'binary', 'thr': 65, 'window': '10Y', 'order': 4, 'rows': 16}
{'ticker': 'QQQ', 'mode': 'binary', 'thr': 65, 'window': '20Y', 'order': 1, 'rows': 2}
{'ticker': 'QQQ', 'mode': 'binary', 'thr': 65, 'window': '20Y', 'order': 2, 'rows': 4}
{'ticker': 'QQQ', 'mode': 'binary', 'thr': 65, 'window': '20Y', 'order': 3, 'rows': 8}
{'ticker': 'QQQ', 'mode': 'binary', 'thr': 65, 'window': '20Y', 'order': 4, 'rows': 16}
{'ticker': 'QQQ', 'mode': 'binary', 'thr': 65, 'window': 'MAX', 'order': 1, 'rows': 2}
{'ticker': 'QQQ', 'mode': 'binary', 'thr': 65, 'window': 'MAX', 'order': 2, 'rows': 4}
{'ticker': 'QQQ', 'mode': 'binary', 'thr': 65, 'window': 'MAX', 'order': 3, 'rows': 8}
{'ticker': 'QQQ', 'mode': 'binary', 'thr': 65, 'window': 'MAX', 'order': 4, 'rows': 16}
{'ticker': 'QQQ', 'mode': 'binary', 'thr': 70, 'window': '1Y', 'order': 1, 'rows': 2}
{'ticker': 'QQQ', 'mode': 'binary', 'thr': 70, 'window': '1Y', 'order': 2, 'rows': 4}
{'ticker': 'QQQ', 'mode': 'binary', 'thr': 70, 'window': '1Y', 'order': 3, 'rows': 8}
{'ticker': 'QQQ', 'mode': 'binary', 'thr': 70, 'window': '1Y', 'order': 4, 'rows': 16}
{'ticker': 'QQQ', 'mode': 'binary', 'thr': 70, 'window': '2Y', 'order': 1, 'rows': 2}
{'ticker': 'QQQ', 'mode': 'binary', 'thr': 70, 'window': '2Y', 'order': 2, 'rows': 4}
{'ticker': 'QQQ', 'mode': 'binary', 'thr': 70, 'window': '2Y', 'order': 3, 'rows': 8}
{'ticker': 'QQQ', 'mode': 'binary', 'thr': 70, 'window': '2Y', 'order': 4, 'rows': 16}
{'ticker': 'QQQ', 'mode': 'binary', 'thr': 70, 'window': '5Y', 'order': 1, 'rows': 2}
{'ticker': 'QQQ', 'mode': 'binary', 'thr': 70, 'window': '5Y', 'order': 2, 'rows': 4}
{'ticker': 'QQQ', 'mode': 'binary', 'thr': 70, 'window': '5Y', 'order': 3, 'rows': 8}
{'ticker': 'QQQ', 'mode': 'binary', 'thr': 70, 'window': '5Y', 'order': 4, 'rows': 16}
{'ticker': 'QQQ', 'mode': 'binary', 'thr': 70, 'window': '10Y', 'order': 1, 'rows': 2}
{'ticker': 'QQQ', 'mode': 'binary', 'thr': 70, 'window': '10Y', 'order': 2, 'rows': 4}
{'ticker': 'QQQ', 'mode': 'binary', 'thr': 70, 'window': '10Y', 'order': 3, 'rows': 8}
{'ticker': 'QQQ', 'mode': 'binary', 'thr': 70, 'window': '10Y', 'order': 4, 'rows': 16}
{'ticker': 'QQQ', 'mode': 'binary', 'thr': 70, 'window': '20Y', 'order': 1, 'rows': 2}
{'ticker': 'QQQ', 'mode': 'binary', 'thr': 70, 'window': '20Y', 'order': 2, 'rows': 4}
{'ticker': 'QQQ', 'mode': 'binary', 'thr': 70, 'window': '20Y', 'order': 3, 'rows': 8}
{'ticker': 'QQQ', 'mode': 'binary', 'thr': 70, 'window': '20Y', 'order': 4, 'rows': 16}
{'ticker': 'QQQ', 'mode': 'binary', 'thr': 70, 'window': 'MAX', 'order': 1, 'rows': 2}
{'ticker': 'QQQ', 'mode': 'binary', 'thr': 70, 'window': 'MAX', 'order': 2, 'rows': 4}
{'ticker': 'QQQ', 'mode': 'binary', 'thr': 70, 'window': 'MAX', 'order': 3, 'rows': 8}
{'ticker': 'QQQ', 'mode': 'binary', 'thr': 70, 'window': 'MAX', 'order': 4, 'rows': 16}
{'ticker': 'QQQ', 'mode': 'binary', 'thr': 75, 'window': '1Y', 'order': 1, 'rows': 2}
{'ticker': 'QQQ', 'mode': 'binary', 'thr': 75, 'window': '1Y', 'order': 2, 'rows': 4}
{'ticker': 'QQQ', 'mode': 'binary', 'thr': 75, 'window': '1Y', 'order': 3, 'rows': 8}
{'ticker': 'QQQ', 'mode': 'binary', 'thr': 75, 'window': '1Y', 'order': 4, 'rows': 16}
{'ticker': 'QQQ', 'mode': 'binary', 'thr': 75, 'window': '2Y', 'order': 1, 'rows': 2}
{'ticker': 'QQQ', 'mode': 'binary', 'thr': 75, 'window': '2Y', 'order': 2, 'rows': 4}
{'ticker': 'QQQ', 'mode': 'binary', 'thr': 75, 'window': '2Y', 'order': 3, 'rows': 8}
{'ticker': 'QQQ', 'mode': 'binary', 'thr': 75, 'window': '2Y', 'order': 4, 'rows': 16}
{'ticker': 'QQQ', 'mode': 'binary', 'thr': 75, 'window': '5Y', 'order': 1, 'rows': 2}
{'ticker': 'QQQ', 'mode': 'binary', 'thr': 75, 'window': '5Y', 'order': 2, 'rows': 4}
{'ticker': 'QQQ', 'mode': 'binary', 'thr': 75, 'window': '5Y', 'order': 3, 'rows': 8}
{'ticker': 'QQQ', 'mode': 'binary', 'thr': 75, 'window': '5Y', 'order': 4, 'rows': 16}
{'ticker': 'QQQ', 'mode': 'binary', 'thr': 75, 'window': '10Y', 'order': 1, 'rows': 2}
{'ticker': 'QQQ', 'mode': 'binary', 'thr': 75, 'window': '10Y', 'order': 2, 'rows': 4}
{'ticker': 'QQQ', 'mode': 'binary', 'thr': 75, 'window': '10Y', 'order': 3, 'rows': 8}
{'ticker': 'QQQ', 'mode': 'binary', 'thr': 75, 'window': '10Y', 'order': 4, 'rows': 16}
{'ticker': 'QQQ', 'mode': 'binary', 'thr': 75, 'window': '20Y', 'order': 1, 'rows': 2}
{'ticker': 'QQQ', 'mode': 'binary', 'thr': 75, 'window': '20Y', 'order': 2, 'rows': 4}
{'ticker': 'QQQ', 'mode': 'binary', 'thr': 75, 'window': '20Y', 'order': 3, 'rows': 8}
{'ticker': 'QQQ', 'mode': 'binary', 'thr': 75, 'window': '20Y', 'order': 4, 'rows': 16}
{'ticker': 'QQQ', 'mode': 'binary', 'thr': 75, 'window': 'MAX', 'order': 1, 'rows': 2}
{'ticker': 'QQQ', 'mode': 'binary', 'thr': 75, 'window': 'MAX', 'order': 2, 'rows': 4}
{'ticker': 'QQQ', 'mode': 'binary', 'thr': 75, 'window': 'MAX', 'order': 3, 'rows': 8}
{'ticker': 'QQQ', 'mode': 'binary', 'thr': 75, 'window': 'MAX', 'order': 4, 'rows': 16}
{'ticker': 'QQQ', 'mode': 'binary', 'thr': 80, 'window': '1Y', 'order': 1, 'rows': 2}
{'ticker': 'QQQ', 'mode': 'binary', 'thr': 80, 'window': '1Y', 'order': 2, 'rows': 4}
{'ticker': 'QQQ', 'mode': 'binary', 'thr': 80, 'window': '1Y', 'order': 3, 'rows': 8}
{'ticker': 'QQQ', 'mode': 'binary', 'thr': 80, 'window': '1Y', 'order': 4, 'rows': 16}
{'ticker': 'QQQ', 'mode': 'binary', 'thr': 80, 'window': '2Y', 'order': 1, 'rows': 2}
{'ticker': 'QQQ', 'mode': 'binary', 'thr': 80, 'window': '2Y', 'order': 2, 'rows': 4}
{'ticker': 'QQQ', 'mode': 'binary', 'thr': 80, 'window': '2Y', 'order': 3, 'rows': 8}
{'ticker': 'QQQ', 'mode': 'binary', 'thr': 80, 'window': '2Y', 'order': 4, 'rows': 16}
{'ticker': 'QQQ', 'mode': 'binary', 'thr': 80, 'window': '5Y', 'order': 1, 'rows': 2}
{'ticker': 'QQQ', 'mode': 'binary', 'thr': 80, 'window': '5Y', 'order': 2, 'rows': 4}
{'ticker': 'QQQ', 'mode': 'binary', 'thr': 80, 'window': '5Y', 'order': 3, 'rows': 8}
{'ticker': 'QQQ', 'mode': 'binary', 'thr': 80, 'window': '5Y', 'order': 4, 'rows': 16}
{'ticker': 'QQQ', 'mode': 'binary', 'thr': 80, 'window': '10Y', 'order': 1, 'rows': 2}
{'ticker': 'QQQ', 'mode': 'binary', 'thr': 80, 'window': '10Y', 'order': 2, 'rows': 4}
{'ticker': 'QQQ', 'mode': 'binary', 'thr': 80, 'window': '10Y', 'order': 3, 'rows': 8}
{'ticker': 'QQQ', 'mode': 'binary', 'thr': 80, 'window': '10Y', 'order': 4, 'rows': 16}
{'ticker': 'QQQ', 'mode': 'binary', 'thr': 80, 'window': '20Y', 'order': 1, 'rows': 2}
{'ticker': 'QQQ', 'mode': 'binary', 'thr': 80, 'window': '20Y', 'order': 2, 'rows': 4}
{'ticker': 'QQQ', 'mode': 'binary', 'thr': 80, 'window': '20Y', 'order': 3, 'rows': 8}
{'ticker': 'QQQ', 'mode': 'binary', 'thr': 80, 'window': '20Y', 'order': 4, 'rows': 16}
{'ticker': 'QQQ', 'mode': 'binary', 'thr': 80, 'window': 'MAX', 'order': 1, 'rows': 2}
{'ticker': 'QQQ', 'mode': 'binary', 'thr': 80, 'window': 'MAX', 'order': 2, 'rows': 4}
{'ticker': 'QQQ', 'mode': 'binary', 'thr': 80, 'window': 'MAX', 'order': 3, 'rows': 8}
{'ticker': 'QQQ', 'mode': 'binary', 'thr': 80, 'window': 'MAX', 'order': 4, 'rows': 16}
{'ticker': 'QQQ', 'mode': 'binary', 'thr': 85, 'window': '1Y', 'order': 1, 'rows': 2}
{'ticker': 'QQQ', 'mode': 'binary', 'thr': 85, 'window': '1Y', 'order': 2, 'rows': 4}
{'ticker': 'QQQ', 'mode': 'binary', 'thr': 85, 'window': '1Y', 'order': 3, 'rows': 8}
{'ticker': 'QQQ', 'mode': 'binary', 'thr': 85, 'window': '1Y', 'order': 4, 'rows': 16}
{'ticker': 'QQQ', 'mode': 'binary', 'thr': 85, 'window': '2Y', 'order': 1, 'rows': 2}
{'ticker': 'QQQ', 'mode': 'binary', 'thr': 85, 'window': '2Y', 'order': 2, 'rows': 4}
{'ticker': 'QQQ', 'mode': 'binary', 'thr': 85, 'window': '2Y', 'order': 3, 'rows': 8}
{'ticker': 'QQQ', 'mode': 'binary', 'thr': 85, 'window': '2Y', 'order': 4, 'rows': 16}
{'ticker': 'QQQ', 'mode': 'binary', 'thr': 85, 'window': '5Y', 'order': 1, 'rows': 2}
{'ticker': 'QQQ', 'mode': 'binary', 'thr': 85, 'window': '5Y', 'order': 2, 'rows': 4}
{'ticker': 'QQQ', 'mode': 'binary', 'thr': 85, 'window': '5Y', 'order': 3, 'rows': 8}
{'ticker': 'QQQ', 'mode': 'binary', 'thr': 85, 'window': '5Y', 'order': 4, 'rows': 16}
{'ticker': 'QQQ', 'mode': 'binary', 'thr': 85, 'window': '10Y', 'order': 1, 'rows': 2}
{'ticker': 'QQQ', 'mode': 'binary', 'thr': 85, 'window': '10Y', 'order': 2, 'rows': 4}2025-11-12 11:44:53,816 INFO [cli] {'ticker': 'QQQ', 'mode': 'binary', 'thr': 105, 'window': '10Y', 'order': 1, 'rows': 2}
2025-11-12 11:44:53,825 INFO [cli] {'ticker': 'QQQ', 'mode': 'binary', 'thr': 105, 'window': '10Y', 'order': 2, 'rows': 4}
2025-11-12 11:44:53,836 INFO [cli] {'ticker': 'QQQ', 'mode': 'binary', 'thr': 105, 'window': '10Y', 'order': 3, 'rows': 8}
2025-11-12 11:44:53,844 INFO [cli] {'ticker': 'QQQ', 'mode': 'binary', 'thr': 105, 'window': '10Y', 'order': 4, 'rows': 16}
2025-11-12 11:44:53,855 INFO [cli] {'ticker': 'QQQ', 'mode': 'binary', 'thr': 105, 'window': '20Y', 'order': 1, 'rows': 2}
2025-11-12 11:44:53,863 INFO [cli] {'ticker': 'QQQ', 'mode': 'binary', 'thr': 105, 'window': '20Y', 'order': 2, 'rows': 4}
2025-11-12 11:44:53,871 INFO [cli] {'ticker': 'QQQ', 'mode': 'binary', 'thr': 105, 'window': '20Y', 'order': 3, 'rows': 8}
2025-11-12 11:44:53,881 INFO [cli] {'ticker': 'QQQ', 'mode': 'binary', 'thr': 105, 'window': '20Y', 'order': 4, 'rows': 16}
2025-11-12 11:44:53,890 INFO [cli] {'ticker': 'QQQ', 'mode': 'binary', 'thr': 105, 'window': 'MAX', 'order': 1, 'rows': 2}
2025-11-12 11:44:53,902 INFO [cli] {'ticker': 'QQQ', 'mode': 'binary', 'thr': 105, 'window': 'MAX', 'order': 2, 'rows': 4}
2025-11-12 11:44:53,910 INFO [cli] {'ticker': 'QQQ', 'mode': 'binary', 'thr': 105, 'window': 'MAX', 'order': 3, 'rows': 8}
2025-11-12 11:44:53,922 INFO [cli] {'ticker': 'QQQ', 'mode': 'binary', 'thr': 105, 'window': 'MAX', 'order': 4, 'rows': 16}
2025-11-12 11:44:53,940 INFO [cli] {'ticker': 'QQQ', 'mode': 'binary', 'thr': 110, 'window': '1Y', 'order': 1, 'rows': 2}
2025-11-12 11:44:53,949 INFO [cli] {'ticker': 'QQQ', 'mode': 'binary', 'thr': 110, 'window': '1Y', 'order': 2, 'rows': 4}
2025-11-12 11:44:53,957 INFO [cli] {'ticker': 'QQQ', 'mode': 'binary', 'thr': 110, 'window': '1Y', 'order': 3, 'rows': 8}
2025-11-12 11:44:53,966 INFO [cli] {'ticker': 'QQQ', 'mode': 'binary', 'thr': 110, 'window': '1Y', 'order': 4, 'rows': 14}
2025-11-12 11:44:53,978 INFO [cli] {'ticker': 'QQQ', 'mode': 'binary', 'thr': 110, 'window': '2Y', 'order': 1, 'rows': 2}
2025-11-12 11:44:53,990 INFO [cli] {'ticker': 'QQQ', 'mode': 'binary', 'thr': 110, 'window': '2Y', 'order': 2, 'rows': 4}
2025-11-12 11:44:54,000 INFO [cli] {'ticker': 'QQQ', 'mode': 'binary', 'thr': 110, 'window': '2Y', 'order': 3, 'rows': 8}
2025-11-12 11:44:54,008 INFO [cli] {'ticker': 'QQQ', 'mode': 'binary', 'thr': 110, 'window': '2Y', 'order': 4, 'rows': 14}
2025-11-12 11:44:54,017 INFO [cli] {'ticker': 'QQQ', 'mode': 'binary', 'thr': 110, 'window': '5Y', 'order': 1, 'rows': 2}
2025-11-12 11:44:54,026 INFO [cli] {'ticker': 'QQQ', 'mode': 'binary', 'thr': 110, 'window': '5Y', 'order': 2, 'rows': 4}
2025-11-12 11:44:54,037 INFO [cli] {'ticker': 'QQQ', 'mode': 'binary', 'thr': 110, 'window': '5Y', 'order': 3, 'rows': 8}
2025-11-12 11:44:54,045 INFO [cli] {'ticker': 'QQQ', 'mode': 'binary', 'thr': 110, 'window': '5Y', 'order': 4, 'rows': 16}
2025-11-12 11:44:54,057 INFO [cli] {'ticker': 'QQQ', 'mode': 'binary', 'thr': 110, 'window': '10Y', 'order': 1, 'rows': 2}
2025-11-12 11:44:54,067 INFO [cli] {'ticker': 'QQQ', 'mode': 'binary', 'thr': 110, 'window': '10Y', 'order': 2, 'rows': 4}
2025-11-12 11:44:54,076 INFO [cli] {'ticker': 'QQQ', 'mode': 'binary', 'thr': 110, 'window': '10Y', 'order': 3, 'rows': 8}
2025-11-12 11:44:54,085 INFO [cli] {'ticker': 'QQQ', 'mode': 'binary', 'thr': 110, 'window': '10Y', 'order': 4, 'rows': 16}
2025-11-12 11:44:54,098 INFO [cli] {'ticker': 'QQQ', 'mode': 'binary', 'thr': 110, 'window': '20Y', 'order': 1, 'rows': 2}
2025-11-12 11:44:54,108 INFO [cli] {'ticker': 'QQQ', 'mode': 'binary', 'thr': 110, 'window': '20Y', 'order': 2, 'rows': 4}
2025-11-12 11:44:54,117 INFO [cli] {'ticker': 'QQQ', 'mode': 'binary', 'thr': 110, 'window': '20Y', 'order': 3, 'rows': 8}
2025-11-12 11:44:54,126 INFO [cli] {'ticker': 'QQQ', 'mode': 'binary', 'thr': 110, 'window': '20Y', 'order': 4, 'rows': 16}
2025-11-12 11:44:54,138 INFO [cli] {'ticker': 'QQQ', 'mode': 'binary', 'thr': 110, 'window': 'MAX', 'order': 1, 'rows': 2}
2025-11-12 11:44:54,150 INFO [cli] {'ticker': 'QQQ', 'mode': 'binary', 'thr': 110, 'window': 'MAX', 'order': 2, 'rows': 4}
2025-11-12 11:44:54,161 INFO [cli] {'ticker': 'QQQ', 'mode': 'binary', 'thr': 110, 'window': 'MAX', 'order': 3, 'rows': 8}
2025-11-12 11:44:54,170 INFO [cli] {'ticker': 'QQQ', 'mode': 'binary', 'thr': 110, 'window': 'MAX', 'order': 4, 'rows': 16}
2025-11-12 11:44:54,191 INFO [cli] {'ticker': 'QQQ', 'mode': 'binary', 'thr': 115, 'window': '1Y', 'order': 1, 'rows': 2}
2025-11-12 11:44:54,202 INFO [cli] {'ticker': 'QQQ', 'mode': 'binary', 'thr': 115, 'window': '1Y', 'order': 2, 'rows': 4}
2025-11-12 11:44:54,212 INFO [cli] {'ticker': 'QQQ', 'mode': 'binary', 'thr': 115, 'window': '1Y', 'order': 3, 'rows': 8}
2025-11-12 11:44:54,222 INFO [cli] {'ticker': 'QQQ', 'mode': 'binary', 'thr': 115, 'window': '1Y', 'order': 4, 'rows': 13}
2025-11-12 11:44:54,237 INFO [cli] {'ticker': 'QQQ', 'mode': 'binary', 'thr': 115, 'window': '2Y', 'order': 1, 'rows': 2}
2025-11-12 11:44:54,251 INFO [cli] {'ticker': 'QQQ', 'mode': 'binary', 'thr': 115, 'window': '2Y', 'order': 2, 'rows': 4}
2025-11-12 11:44:54,264 INFO [cli] {'ticker': 'QQQ', 'mode': 'binary', 'thr': 115, 'window': '2Y', 'order': 3, 'rows': 8}
2025-11-12 11:44:54,277 INFO [cli] {'ticker': 'QQQ', 'mode': 'binary', 'thr': 115, 'window': '2Y', 'order': 4, 'rows': 13}
2025-11-12 11:44:54,294 INFO [cli] {'ticker': 'QQQ', 'mode': 'binary', 'thr': 115, 'window': '5Y', 'order': 1, 'rows': 2}
2025-11-12 11:44:54,313 INFO [cli] {'ticker': 'QQQ', 'mode': 'binary', 'thr': 115, 'window': '5Y', 'order': 2, 'rows': 4}
2025-11-12 11:44:54,329 INFO [cli] {'ticker': 'QQQ', 'mode': 'binary', 'thr': 115, 'window': '5Y', 'order': 3, 'rows': 8}
2025-11-12 11:44:54,346 INFO [cli] {'ticker': 'QQQ', 'mode': 'binary', 'thr': 115, 'window': '5Y', 'order': 4, 'rows': 16}
2025-11-12 11:44:54,358 INFO [cli] {'ticker': 'QQQ', 'mode': 'binary', 'thr': 115, 'window': '10Y', 'order': 1, 'rows': 2}
2025-11-12 11:44:54,368 INFO [cli] {'ticker': 'QQQ', 'mode': 'binary', 'thr': 115, 'window': '10Y', 'order': 2, 'rows': 4}
2025-11-12 11:44:54,378 INFO [cli] {'ticker': 'QQQ', 'mode': 'binary', 'thr': 115, 'window': '10Y', 'order': 3, 'rows': 8}
2025-11-12 11:44:54,392 INFO [cli] {'ticker': 'QQQ', 'mode': 'binary', 'thr': 115, 'window': '10Y', 'order': 4, 'rows': 16}
2025-11-12 11:44:54,405 INFO [cli] {'ticker': 'QQQ', 'mode': 'binary', 'thr': 115, 'window': '20Y', 'order': 1, 'rows': 2}
2025-11-12 11:44:54,418 INFO [cli] {'ticker': 'QQQ', 'mode': 'binary', 'thr': 115, 'window': '20Y', 'order': 2, 'rows': 4}
2025-11-12 11:44:54,429 INFO [cli] {'ticker': 'QQQ', 'mode': 'binary', 'thr': 115, 'window': '20Y', 'order': 3, 'rows': 8}
2025-11-12 11:44:54,441 INFO [cli] {'ticker': 'QQQ', 'mode': 'binary', 'thr': 115, 'window': '20Y', 'order': 4, 'rows': 16}
2025-11-12 11:44:54,455 INFO [cli] {'ticker': 'QQQ', 'mode': 'binary', 'thr': 115, 'window': 'MAX', 'order': 1, 'rows': 2}
2025-11-12 11:44:54,468 INFO [cli] {'ticker': 'QQQ', 'mode': 'binary', 'thr': 115, 'window': 'MAX', 'order': 2, 'rows': 4}
2025-11-12 11:44:54,486 INFO [cli] {'ticker': 'QQQ', 'mode': 'binary', 'thr': 115, 'window': 'MAX', 'order': 3, 'rows': 8}
2025-11-12 11:44:54,501 INFO [cli] {'ticker': 'QQQ', 'mode': 'binary', 'thr': 115, 'window': 'MAX', 'order': 4, 'rows': 16}
2025-11-12 11:44:54,526 INFO [cli] {'ticker': 'QQQ', 'mode': 'binary', 'thr': 120, 'window': '1Y', 'order': 1, 'rows': 2}
2025-11-12 11:44:54,540 INFO [cli] {'ticker': 'QQQ', 'mode': 'binary', 'thr': 120, 'window': '1Y', 'order': 2, 'rows': 4}
2025-11-12 11:44:54,550 INFO [cli] {'ticker': 'QQQ', 'mode': 'binary', 'thr': 120, 'window': '1Y', 'order': 3, 'rows': 8}
2025-11-12 11:44:54,564 INFO [cli] {'ticker': 'QQQ', 'mode': 'binary', 'thr': 120, 'window': '1Y', 'order': 4, 'rows': 13}
2025-11-12 11:44:54,580 INFO [cli] {'ticker': 'QQQ', 'mode': 'binary', 'thr': 120, 'window': '2Y', 'order': 1, 'rows': 2}
2025-11-12 11:44:54,593 INFO [cli] {'ticker': 'QQQ', 'mode': 'binary', 'thr': 120, 'window': '2Y', 'order': 2, 'rows': 4}
2025-11-12 11:44:54,605 INFO [cli] {'ticker': 'QQQ', 'mode': 'binary', 'thr': 120, 'window': '2Y', 'order': 3, 'rows': 8}
2025-11-12 11:44:54,627 INFO [cli] {'ticker': 'QQQ', 'mode': 'binary', 'thr': 120, 'window': '2Y', 'order': 4, 'rows': 13}
2025-11-12 11:44:54,653 INFO [cli] {'ticker': 'QQQ', 'mode': 'binary', 'thr': 120, 'window': '5Y', 'order': 1, 'rows': 2}
2025-11-12 11:44:54,680 INFO [cli] {'ticker': 'QQQ', 'mode': 'binary', 'thr': 120, 'window': '5Y', 'order': 2, 'rows': 4}
2025-11-12 11:44:54,707 INFO [cli] {'ticker': 'QQQ', 'mode': 'binary', 'thr': 120, 'window': '5Y', 'order': 3, 'rows': 8}
2025-11-12 11:44:54,731 INFO [cli] {'ticker': 'QQQ', 'mode': 'binary', 'thr': 120, 'window': '5Y', 'order': 4, 'rows': 16}
2025-11-12 11:44:54,746 INFO [cli] {'ticker': 'QQQ', 'mode': 'binary', 'thr': 120, 'window': '10Y', 'order': 1, 'rows': 2}
2025-11-12 11:44:54,766 INFO [cli] {'ticker': 'QQQ', 'mode': 'binary', 'thr': 120, 'window': '10Y', 'order': 2, 'rows': 4}
2025-11-12 11:44:54,783 INFO [cli] {'ticker': 'QQQ', 'mode': 'binary', 'thr': 120, 'window': '10Y', 'order': 3, 'rows': 8}
2025-11-12 11:44:54,796 INFO [cli] {'ticker': 'QQQ', 'mode': 'binary', 'thr': 120, 'window': '10Y', 'order': 4, 'rows': 16}
2025-11-12 11:44:54,810 INFO [cli] {'ticker': 'QQQ', 'mode': 'binary', 'thr': 120, 'window': '20Y', 'order': 1, 'rows': 2}
2025-11-12 11:44:54,824 INFO [cli] {'ticker': 'QQQ', 'mode': 'binary', 'thr': 120, 'window': '20Y', 'order': 2, 'rows': 4}
2025-11-12 11:44:54,840 INFO [cli] {'ticker': 'QQQ', 'mode': 'binary', 'thr': 120, 'window': '20Y', 'order': 3, 'rows': 8}
2025-11-12 11:44:54,852 INFO [cli] {'ticker': 'QQQ', 'mode': 'binary', 'thr': 120, 'window': '20Y', 'order': 4, 'rows': 16}
2025-11-12 11:44:54,864 INFO [cli] {'ticker': 'QQQ', 'mode': 'binary', 'thr': 120, 'window': 'MAX', 'order': 1, 'rows': 2}
2025-11-12 11:44:54,878 INFO [cli] {'ticker': 'QQQ', 'mode': 'binary', 'thr': 120, 'window': 'MAX', 'order': 2, 'rows': 4}
2025-11-12 11:44:54,890 INFO [cli] {'ticker': 'QQQ', 'mode': 'binary', 'thr': 120, 'window': 'MAX', 'order': 3, 'rows': 8}
2025-11-12 11:44:54,903 INFO [cli] {'ticker': 'QQQ', 'mode': 'binary', 'thr': 120, 'window': 'MAX', 'order': 4, 'rows': 16}
2025-11-12 11:44:54,931 INFO [cli] {'ticker': 'QQQ', 'mode': 'binary', 'thr': 125, 'window': '1Y', 'order': 1, 'rows': 2}
2025-11-12 11:44:54,944 INFO [cli] {'ticker': 'QQQ', 'mode': 'binary', 'thr': 125, 'window': '1Y', 'order': 2, 'rows': 4}
2025-11-12 11:44:54,956 INFO [cli] {'ticker': 'QQQ', 'mode': 'binary', 'thr': 125, 'window': '1Y', 'order': 3, 'rows': 8}
2025-11-12 11:44:54,969 INFO [cli] {'ticker': 'QQQ', 'mode': 'binary', 'thr': 125, 'window': '1Y', 'order': 4, 'rows': 13}
2025-11-12 11:44:54,991 INFO [cli] {'ticker': 'QQQ', 'mode': 'binary', 'thr': 125, 'window': '2Y', 'order': 1, 'rows': 2}
2025-11-12 11:44:55,006 INFO [cli] {'ticker': 'QQQ', 'mode': 'binary', 'thr': 125, 'window': '2Y', 'order': 2, 'rows': 4}
2025-11-12 11:44:55,025 INFO [cli] {'ticker': 'QQQ', 'mode': 'binary', 'thr': 125, 'window': '2Y', 'order': 3, 'rows': 8}
2025-11-12 11:44:55,042 INFO [cli] {'ticker': 'QQQ', 'mode': 'binary', 'thr': 125, 'window': '2Y', 'order': 4, 'rows': 13}
2025-11-12 11:44:55,058 INFO [cli] {'ticker': 'QQQ', 'mode': 'binary', 'thr': 125, 'window': '5Y', 'order': 1, 'rows': 2}
2025-11-12 11:44:55,073 INFO [cli] {'ticker': 'QQQ', 'mode': 'binary', 'thr': 125, 'window': '5Y', 'order': 2, 'rows': 4}

{'ticker': 'QQQ', 'mode': 'binary', 'thr': 85, 'window': '10Y', 'order': 3, 'rows': 8}
{'ticker': 'QQQ', 'mode': 'binary', 'thr': 85, 'window': '10Y', 'order': 4, 'rows': 16}
{'ticker': 'QQQ', 'mode': 'binary', 'thr': 85, 'window': '20Y', 'order': 1, 'rows': 2}
{'ticker': 'QQQ', 'mode': 'binary', 'thr': 85, 'window': '20Y', 'order': 2, 'rows': 4}
{'ticker': 'QQQ', 'mode': 'binary', 'thr': 85, 'window': '20Y', 'order': 3, 'rows': 8}
{'ticker': 'QQQ', 'mode': 'binary', 'thr': 85, 'window': '20Y', 'order': 4, 'rows': 16}
{'ticker': 'QQQ', 'mode': 'binary', 'thr': 85, 'window': 'MAX', 'order': 1, 'rows': 2}
{'ticker': 'QQQ', 'mode': 'binary', 'thr': 85, 'window': 'MAX', 'order': 2, 'rows': 4}
{'ticker': 'QQQ', 'mode': 'binary', 'thr': 85, 'window': 'MAX', 'order': 3, 'rows': 8}
{'ticker': 'QQQ', 'mode': 'binary', 'thr': 85, 'window': 'MAX', 'order': 4, 'rows': 16}
{'ticker': 'QQQ', 'mode': 'binary', 'thr': 90, 'window': '1Y', 'order': 1, 'rows': 2}
{'ticker': 'QQQ', 'mode': 'binary', 'thr': 90, 'window': '1Y', 'order': 2, 'rows': 4}
{'ticker': 'QQQ', 'mode': 'binary', 'thr': 90, 'window': '1Y', 'order': 3, 'rows': 8}
{'ticker': 'QQQ', 'mode': 'binary', 'thr': 90, 'window': '1Y', 'order': 4, 'rows': 16}
{'ticker': 'QQQ', 'mode': 'binary', 'thr': 90, 'window': '2Y', 'order': 1, 'rows': 2}
{'ticker': 'QQQ', 'mode': 'binary', 'thr': 90, 'window': '2Y', 'order': 2, 'rows': 4}
{'ticker': 'QQQ', 'mode': 'binary', 'thr': 90, 'window': '2Y', 'order': 3, 'rows': 8}
{'ticker': 'QQQ', 'mode': 'binary', 'thr': 90, 'window': '2Y', 'order': 4, 'rows': 16}
{'ticker': 'QQQ', 'mode': 'binary', 'thr': 90, 'window': '5Y', 'order': 1, 'rows': 2}
{'ticker': 'QQQ', 'mode': 'binary', 'thr': 90, 'window': '5Y', 'order': 2, 'rows': 4}
{'ticker': 'QQQ', 'mode': 'binary', 'thr': 90, 'window': '5Y', 'order': 3, 'rows': 8}
{'ticker': 'QQQ', 'mode': 'binary', 'thr': 90, 'window': '5Y', 'order': 4, 'rows': 16}
{'ticker': 'QQQ', 'mode': 'binary', 'thr': 90, 'window': '10Y', 'order': 1, 'rows': 2}
{'ticker': 'QQQ', 'mode': 'binary', 'thr': 90, 'window': '10Y', 'order': 2, 'rows': 4}
{'ticker': 'QQQ', 'mode': 'binary', 'thr': 90, 'window': '10Y', 'order': 3, 'rows': 8}
{'ticker': 'QQQ', 'mode': 'binary', 'thr': 90, 'window': '10Y', 'order': 4, 'rows': 16}
{'ticker': 'QQQ', 'mode': 'binary', 'thr': 90, 'window': '20Y', 'order': 1, 'rows': 2}
{'ticker': 'QQQ', 'mode': 'binary', 'thr': 90, 'window': '20Y', 'order': 2, 'rows': 4}
{'ticker': 'QQQ', 'mode': 'binary', 'thr': 90, 'window': '20Y', 'order': 3, 'rows': 8}
{'ticker': 'QQQ', 'mode': 'binary', 'thr': 90, 'window': '20Y', 'order': 4, 'rows': 16}
{'ticker': 'QQQ', 'mode': 'binary', 'thr': 90, 'window': 'MAX', 'order': 1, 'rows': 2}
{'ticker': 'QQQ', 'mode': 'binary', 'thr': 90, 'window': 'MAX', 'order': 2, 'rows': 4}
{'ticker': 'QQQ', 'mode': 'binary', 'thr': 90, 'window': 'MAX', 'order': 3, 'rows': 8}
{'ticker': 'QQQ', 'mode': 'binary', 'thr': 90, 'window': 'MAX', 'order': 4, 'rows': 16}
{'ticker': 'QQQ', 'mode': 'binary', 'thr': 95, 'window': '1Y', 'order': 1, 'rows': 2}
{'ticker': 'QQQ', 'mode': 'binary', 'thr': 95, 'window': '1Y', 'order': 2, 'rows': 4}
{'ticker': 'QQQ', 'mode': 'binary', 'thr': 95, 'window': '1Y', 'order': 3, 'rows': 8}
{'ticker': 'QQQ', 'mode': 'binary', 'thr': 95, 'window': '1Y', 'order': 4, 'rows': 15}
{'ticker': 'QQQ', 'mode': 'binary', 'thr': 95, 'window': '2Y', 'order': 1, 'rows': 2}
{'ticker': 'QQQ', 'mode': 'binary', 'thr': 95, 'window': '2Y', 'order': 2, 'rows': 4}
{'ticker': 'QQQ', 'mode': 'binary', 'thr': 95, 'window': '2Y', 'order': 3, 'rows': 8}
{'ticker': 'QQQ', 'mode': 'binary', 'thr': 95, 'window': '2Y', 'order': 4, 'rows': 15}
{'ticker': 'QQQ', 'mode': 'binary', 'thr': 95, 'window': '5Y', 'order': 1, 'rows': 2}
{'ticker': 'QQQ', 'mode': 'binary', 'thr': 95, 'window': '5Y', 'order': 2, 'rows': 4}
{'ticker': 'QQQ', 'mode': 'binary', 'thr': 95, 'window': '5Y', 'order': 3, 'rows': 8}
{'ticker': 'QQQ', 'mode': 'binary', 'thr': 95, 'window': '5Y', 'order': 4, 'rows': 16}
{'ticker': 'QQQ', 'mode': 'binary', 'thr': 95, 'window': '10Y', 'order': 1, 'rows': 2}
{'ticker': 'QQQ', 'mode': 'binary', 'thr': 95, 'window': '10Y', 'order': 2, 'rows': 4}
{'ticker': 'QQQ', 'mode': 'binary', 'thr': 95, 'window': '10Y', 'order': 3, 'rows': 8}
{'ticker': 'QQQ', 'mode': 'binary', 'thr': 95, 'window': '10Y', 'order': 4, 'rows': 16}
{'ticker': 'QQQ', 'mode': 'binary', 'thr': 95, 'window': '20Y', 'order': 1, 'rows': 2}
{'ticker': 'QQQ', 'mode': 'binary', 'thr': 95, 'window': '20Y', 'order': 2, 'rows': 4}
{'ticker': 'QQQ', 'mode': 'binary', 'thr': 95, 'window': '20Y', 'order': 3, 'rows': 8}
{'ticker': 'QQQ', 'mode': 'binary', 'thr': 95, 'window': '20Y', 'order': 4, 'rows': 16}
{'ticker': 'QQQ', 'mode': 'binary', 'thr': 95, 'window': 'MAX', 'order': 1, 'rows': 2}
{'ticker': 'QQQ', 'mode': 'binary', 'thr': 95, 'window': 'MAX', 'order': 2, 'rows': 4}
{'ticker': 'QQQ', 'mode': 'binary', 'thr': 95, 'window': 'MAX', 'order': 3, 'rows': 8}
{'ticker': 'QQQ', 'mode': 'binary', 'thr': 95, 'window': 'MAX', 'order': 4, 'rows': 16}
{'ticker': 'QQQ', 'mode': 'binary', 'thr': 100, 'window': '1Y', 'order': 1, 'rows': 2}
{'ticker': 'QQQ', 'mode': 'binary', 'thr': 100, 'window': '1Y', 'order': 2, 'rows': 4}
{'ticker': 'QQQ', 'mode': 'binary', 'thr': 100, 'window': '1Y', 'order': 3, 'rows': 8}
{'ticker': 'QQQ', 'mode': 'binary', 'thr': 100, 'window': '1Y', 'order': 4, 'rows': 15}
{'ticker': 'QQQ', 'mode': 'binary', 'thr': 100, 'window': '2Y', 'order': 1, 'rows': 2}
{'ticker': 'QQQ', 'mode': 'binary', 'thr': 100, 'window': '2Y', 'order': 2, 'rows': 4}
{'ticker': 'QQQ', 'mode': 'binary', 'thr': 100, 'window': '2Y', 'order': 3, 'rows': 8}
{'ticker': 'QQQ', 'mode': 'binary', 'thr': 100, 'window': '2Y', 'order': 4, 'rows': 15}
{'ticker': 'QQQ', 'mode': 'binary', 'thr': 100, 'window': '5Y', 'order': 1, 'rows': 2}
{'ticker': 'QQQ', 'mode': 'binary', 'thr': 100, 'window': '5Y', 'order': 2, 'rows': 4}
{'ticker': 'QQQ', 'mode': 'binary', 'thr': 100, 'window': '5Y', 'order': 3, 'rows': 8}
{'ticker': 'QQQ', 'mode': 'binary', 'thr': 100, 'window': '5Y', 'order': 4, 'rows': 16}
{'ticker': 'QQQ', 'mode': 'binary', 'thr': 100, 'window': '10Y', 'order': 1, 'rows': 2}
{'ticker': 'QQQ', 'mode': 'binary', 'thr': 100, 'window': '10Y', 'order': 2, 'rows': 4}
{'ticker': 'QQQ', 'mode': 'binary', 'thr': 100, 'window': '10Y', 'order': 3, 'rows': 8}
{'ticker': 'QQQ', 'mode': 'binary', 'thr': 100, 'window': '10Y', 'order': 4, 'rows': 16}
{'ticker': 'QQQ', 'mode': 'binary', 'thr': 100, 'window': '20Y', 'order': 1, 'rows': 2}
{'ticker': 'QQQ', 'mode': 'binary', 'thr': 100, 'window': '20Y', 'order': 2, 'rows': 4}
{'ticker': 'QQQ', 'mode': 'binary', 'thr': 100, 'window': '20Y', 'order': 3, 'rows': 8}
{'ticker': 'QQQ', 'mode': 'binary', 'thr': 100, 'window': '20Y', 'order': 4, 'rows': 16}
{'ticker': 'QQQ', 'mode': 'binary', 'thr': 100, 'window': 'MAX', 'order': 1, 'rows': 2}
{'ticker': 'QQQ', 'mode': 'binary', 'thr': 100, 'window': 'MAX', 'order': 2, 'rows': 4}
{'ticker': 'QQQ', 'mode': 'binary', 'thr': 100, 'window': 'MAX', 'order': 3, 'rows': 8}
{'ticker': 'QQQ', 'mode': 'binary', 'thr': 100, 'window': 'MAX', 'order': 4, 'rows': 16}
{'ticker': 'QQQ', 'mode': 'binary', 'thr': 105, 'window': '1Y', 'order': 1, 'rows': 2}
{'ticker': 'QQQ', 'mode': 'binary', 'thr': 105, 'window': '1Y', 'order': 2, 'rows': 4}
{'ticker': 'QQQ', 'mode': 'binary', 'thr': 105, 'window': '1Y', 'order': 3, 'rows': 8}
{'ticker': 'QQQ', 'mode': 'binary', 'thr': 105, 'window': '1Y', 'order': 4, 'rows': 14}
{'ticker': 'QQQ', 'mode': 'binary', 'thr': 105, 'window': '2Y', 'order': 1, 'rows': 2}
{'ticker': 'QQQ', 'mode': 'binary', 'thr': 105, 'window': '2Y', 'order': 2, 'rows': 4}
{'ticker': 'QQQ', 'mode': 'binary', 'thr': 105, 'window': '2Y', 'order': 3, 'rows': 8}
{'ticker': 'QQQ', 'mode': 'binary', 'thr': 105, 'window': '2Y', 'order': 4, 'rows': 14}
{'ticker': 'QQQ', 'mode': 'binary', 'thr': 105, 'window': '5Y', 'order': 1, 'rows': 2}
{'ticker': 'QQQ', 'mode': 'binary', 'thr': 105, 'window': '5Y', 'order': 2, 'rows': 4}
{'ticker': 'QQQ', 'mode': 'binary', 'thr': 105, 'window': '5Y', 'order': 3, 'rows': 8}
{'ticker': 'QQQ', 'mode': 'binary', 'thr': 105, 'window': '5Y', 'order': 4, 'rows': 16}
{'ticker': 'QQQ', 'mode': 'binary', 'thr': 105, 'window': '10Y', 'order': 1, 'rows': 2}2025-11-12 11:44:55,098 INFO [cli] {'ticker': 'QQQ', 'mode': 'binary', 'thr': 125, 'window': '5Y', 'order': 3, 'rows': 8}
2025-11-12 11:44:55,114 INFO [cli] {'ticker': 'QQQ', 'mode': 'binary', 'thr': 125, 'window': '5Y', 'order': 4, 'rows': 15}
2025-11-12 11:44:55,134 INFO [cli] {'ticker': 'QQQ', 'mode': 'binary', 'thr': 125, 'window': '10Y', 'order': 1, 'rows': 2}
2025-11-12 11:44:55,173 INFO [cli] {'ticker': 'QQQ', 'mode': 'binary', 'thr': 125, 'window': '10Y', 'order': 2, 'rows': 4}
2025-11-12 11:44:55,192 INFO [cli] {'ticker': 'QQQ', 'mode': 'binary', 'thr': 125, 'window': '10Y', 'order': 3, 'rows': 8}
2025-11-12 11:44:55,209 INFO [cli] {'ticker': 'QQQ', 'mode': 'binary', 'thr': 125, 'window': '10Y', 'order': 4, 'rows': 15}
2025-11-12 11:44:55,227 INFO [cli] {'ticker': 'QQQ', 'mode': 'binary', 'thr': 125, 'window': '20Y', 'order': 1, 'rows': 2}
2025-11-12 11:44:55,240 INFO [cli] {'ticker': 'QQQ', 'mode': 'binary', 'thr': 125, 'window': '20Y', 'order': 2, 'rows': 4}
2025-11-12 11:44:55,248 INFO [cli] {'ticker': 'QQQ', 'mode': 'binary', 'thr': 125, 'window': '20Y', 'order': 3, 'rows': 8}
2025-11-12 11:44:55,267 INFO [cli] {'ticker': 'QQQ', 'mode': 'binary', 'thr': 125, 'window': '20Y', 'order': 4, 'rows': 16}
2025-11-12 11:44:55,285 INFO [cli] {'ticker': 'QQQ', 'mode': 'binary', 'thr': 125, 'window': 'MAX', 'order': 1, 'rows': 2}
2025-11-12 11:44:55,302 INFO [cli] {'ticker': 'QQQ', 'mode': 'binary', 'thr': 125, 'window': 'MAX', 'order': 2, 'rows': 4}
2025-11-12 11:44:55,317 INFO [cli] {'ticker': 'QQQ', 'mode': 'binary', 'thr': 125, 'window': 'MAX', 'order': 3, 'rows': 8}
2025-11-12 11:44:55,333 INFO [cli] {'ticker': 'QQQ', 'mode': 'binary', 'thr': 125, 'window': 'MAX', 'order': 4, 'rows': 16}
2025-11-12 11:44:55,360 INFO [cli] {'ticker': 'QQQ', 'mode': 'binary', 'thr': 130, 'window': '1Y', 'order': 1, 'rows': 2}
2025-11-12 11:44:55,380 INFO [cli] {'ticker': 'QQQ', 'mode': 'binary', 'thr': 130, 'window': '1Y', 'order': 2, 'rows': 4}
2025-11-12 11:44:55,395 INFO [cli] {'ticker': 'QQQ', 'mode': 'binary', 'thr': 130, 'window': '1Y', 'order': 3, 'rows': 8}
2025-11-12 11:44:55,406 INFO [cli] {'ticker': 'QQQ', 'mode': 'binary', 'thr': 130, 'window': '1Y', 'order': 4, 'rows': 13}
2025-11-12 11:44:55,419 INFO [cli] {'ticker': 'QQQ', 'mode': 'binary', 'thr': 130, 'window': '2Y', 'order': 1, 'rows': 2}
2025-11-12 11:44:55,432 INFO [cli] {'ticker': 'QQQ', 'mode': 'binary', 'thr': 130, 'window': '2Y', 'order': 2, 'rows': 4}
2025-11-12 11:44:55,446 INFO [cli] {'ticker': 'QQQ', 'mode': 'binary', 'thr': 130, 'window': '2Y', 'order': 3, 'rows': 8}
2025-11-12 11:44:55,457 INFO [cli] {'ticker': 'QQQ', 'mode': 'binary', 'thr': 130, 'window': '2Y', 'order': 4, 'rows': 13}
2025-11-12 11:44:55,472 INFO [cli] {'ticker': 'QQQ', 'mode': 'binary', 'thr': 130, 'window': '5Y', 'order': 1, 'rows': 2}
2025-11-12 11:44:55,486 INFO [cli] {'ticker': 'QQQ', 'mode': 'binary', 'thr': 130, 'window': '5Y', 'order': 2, 'rows': 4}
2025-11-12 11:44:55,498 INFO [cli] {'ticker': 'QQQ', 'mode': 'binary', 'thr': 130, 'window': '5Y', 'order': 3, 'rows': 8}
2025-11-12 11:44:55,508 INFO [cli] {'ticker': 'QQQ', 'mode': 'binary', 'thr': 130, 'window': '5Y', 'order': 4, 'rows': 15}
2025-11-12 11:44:55,518 INFO [cli] {'ticker': 'QQQ', 'mode': 'binary', 'thr': 130, 'window': '10Y', 'order': 1, 'rows': 2}
2025-11-12 11:44:55,534 INFO [cli] {'ticker': 'QQQ', 'mode': 'binary', 'thr': 130, 'window': '10Y', 'order': 2, 'rows': 4}
2025-11-12 11:44:55,547 INFO [cli] {'ticker': 'QQQ', 'mode': 'binary', 'thr': 130, 'window': '10Y', 'order': 3, 'rows': 8}
2025-11-12 11:44:55,558 INFO [cli] {'ticker': 'QQQ', 'mode': 'binary', 'thr': 130, 'window': '10Y', 'order': 4, 'rows': 15}
2025-11-12 11:44:55,573 INFO [cli] {'ticker': 'QQQ', 'mode': 'binary', 'thr': 130, 'window': '20Y', 'order': 1, 'rows': 2}
2025-11-12 11:44:55,584 INFO [cli] {'ticker': 'QQQ', 'mode': 'binary', 'thr': 130, 'window': '20Y', 'order': 2, 'rows': 4}
2025-11-12 11:44:55,595 INFO [cli] {'ticker': 'QQQ', 'mode': 'binary', 'thr': 130, 'window': '20Y', 'order': 3, 'rows': 8}
2025-11-12 11:44:55,604 INFO [cli] {'ticker': 'QQQ', 'mode': 'binary', 'thr': 130, 'window': '20Y', 'order': 4, 'rows': 15}
2025-11-12 11:44:55,621 INFO [cli] {'ticker': 'QQQ', 'mode': 'binary', 'thr': 130, 'window': 'MAX', 'order': 1, 'rows': 2}
2025-11-12 11:44:55,640 INFO [cli] {'ticker': 'QQQ', 'mode': 'binary', 'thr': 130, 'window': 'MAX', 'order': 2, 'rows': 4}
2025-11-12 11:44:55,651 INFO [cli] {'ticker': 'QQQ', 'mode': 'binary', 'thr': 130, 'window': 'MAX', 'order': 3, 'rows': 8}
2025-11-12 11:44:55,667 INFO [cli] {'ticker': 'QQQ', 'mode': 'binary', 'thr': 130, 'window': 'MAX', 'order': 4, 'rows': 16}
2025-11-12 11:44:55,694 INFO [cli] {'ticker': 'QQQ', 'mode': 'binary', 'thr': 135, 'window': '1Y', 'order': 1, 'rows': 2}
2025-11-12 11:44:55,707 INFO [cli] {'ticker': 'QQQ', 'mode': 'binary', 'thr': 135, 'window': '1Y', 'order': 2, 'rows': 4}
2025-11-12 11:44:55,724 INFO [cli] {'ticker': 'QQQ', 'mode': 'binary', 'thr': 135, 'window': '1Y', 'order': 3, 'rows': 8}
2025-11-12 11:44:55,735 INFO [cli] {'ticker': 'QQQ', 'mode': 'binary', 'thr': 135, 'window': '1Y', 'order': 4, 'rows': 13}
2025-11-12 11:44:55,750 INFO [cli] {'ticker': 'QQQ', 'mode': 'binary', 'thr': 135, 'window': '2Y', 'order': 1, 'rows': 2}
2025-11-12 11:44:55,766 INFO [cli] {'ticker': 'QQQ', 'mode': 'binary', 'thr': 135, 'window': '2Y', 'order': 2, 'rows': 4}
2025-11-12 11:44:55,779 INFO [cli] {'ticker': 'QQQ', 'mode': 'binary', 'thr': 135, 'window': '2Y', 'order': 3, 'rows': 8}
2025-11-12 11:44:55,790 INFO [cli] {'ticker': 'QQQ', 'mode': 'binary', 'thr': 135, 'window': '2Y', 'order': 4, 'rows': 13}
2025-11-12 11:44:55,801 INFO [cli] {'ticker': 'QQQ', 'mode': 'binary', 'thr': 135, 'window': '5Y', 'order': 1, 'rows': 2}
2025-11-12 11:44:55,815 INFO [cli] {'ticker': 'QQQ', 'mode': 'binary', 'thr': 135, 'window': '5Y', 'order': 2, 'rows': 4}
2025-11-12 11:44:55,825 INFO [cli] {'ticker': 'QQQ', 'mode': 'binary', 'thr': 135, 'window': '5Y', 'order': 3, 'rows': 8}
2025-11-12 11:44:55,837 INFO [cli] {'ticker': 'QQQ', 'mode': 'binary', 'thr': 135, 'window': '5Y', 'order': 4, 'rows': 15}
2025-11-12 11:44:55,850 INFO [cli] {'ticker': 'QQQ', 'mode': 'binary', 'thr': 135, 'window': '10Y', 'order': 1, 'rows': 2}
2025-11-12 11:44:55,857 INFO [cli] {'ticker': 'QQQ', 'mode': 'binary', 'thr': 135, 'window': '10Y', 'order': 2, 'rows': 4}
2025-11-12 11:44:55,867 INFO [cli] {'ticker': 'QQQ', 'mode': 'binary', 'thr': 135, 'window': '10Y', 'order': 3, 'rows': 8}
2025-11-12 11:44:55,878 INFO [cli] {'ticker': 'QQQ', 'mode': 'binary', 'thr': 135, 'window': '10Y', 'order': 4, 'rows': 15}
2025-11-12 11:44:55,889 INFO [cli] {'ticker': 'QQQ', 'mode': 'binary', 'thr': 135, 'window': '20Y', 'order': 1, 'rows': 2}
2025-11-12 11:44:55,900 INFO [cli] {'ticker': 'QQQ', 'mode': 'binary', 'thr': 135, 'window': '20Y', 'order': 2, 'rows': 4}
2025-11-12 11:44:55,910 INFO [cli] {'ticker': 'QQQ', 'mode': 'binary', 'thr': 135, 'window': '20Y', 'order': 3, 'rows': 8}
2025-11-12 11:44:55,921 INFO [cli] {'ticker': 'QQQ', 'mode': 'binary', 'thr': 135, 'window': '20Y', 'order': 4, 'rows': 15}
2025-11-12 11:44:55,932 INFO [cli] {'ticker': 'QQQ', 'mode': 'binary', 'thr': 135, 'window': 'MAX', 'order': 1, 'rows': 2}
2025-11-12 11:44:55,943 INFO [cli] {'ticker': 'QQQ', 'mode': 'binary', 'thr': 135, 'window': 'MAX', 'order': 2, 'rows': 4}
2025-11-12 11:44:55,951 INFO [cli] {'ticker': 'QQQ', 'mode': 'binary', 'thr': 135, 'window': 'MAX', 'order': 3, 'rows': 8}
2025-11-12 11:44:55,964 INFO [cli] {'ticker': 'QQQ', 'mode': 'binary', 'thr': 135, 'window': 'MAX', 'order': 4, 'rows': 16}
2025-11-12 11:44:55,982 INFO [cli] {'ticker': 'QQQ', 'mode': 'binary', 'thr': 140, 'window': '1Y', 'order': 1, 'rows': 2}
2025-11-12 11:44:55,992 INFO [cli] {'ticker': 'QQQ', 'mode': 'binary', 'thr': 140, 'window': '1Y', 'order': 2, 'rows': 4}
2025-11-12 11:44:56,003 INFO [cli] {'ticker': 'QQQ', 'mode': 'binary', 'thr': 140, 'window': '1Y', 'order': 3, 'rows': 8}
2025-11-12 11:44:56,014 INFO [cli] {'ticker': 'QQQ', 'mode': 'binary', 'thr': 140, 'window': '1Y', 'order': 4, 'rows': 13}
2025-11-12 11:44:56,024 INFO [cli] {'ticker': 'QQQ', 'mode': 'binary', 'thr': 140, 'window': '2Y', 'order': 1, 'rows': 2}
2025-11-12 11:44:56,033 INFO [cli] {'ticker': 'QQQ', 'mode': 'binary', 'thr': 140, 'window': '2Y', 'order': 2, 'rows': 4}
2025-11-12 11:44:56,044 INFO [cli] {'ticker': 'QQQ', 'mode': 'binary', 'thr': 140, 'window': '2Y', 'order': 3, 'rows': 8}
2025-11-12 11:44:56,053 INFO [cli] {'ticker': 'QQQ', 'mode': 'binary', 'thr': 140, 'window': '2Y', 'order': 4, 'rows': 13}
2025-11-12 11:44:56,061 INFO [cli] {'ticker': 'QQQ', 'mode': 'binary', 'thr': 140, 'window': '5Y', 'order': 1, 'rows': 2}
2025-11-12 11:44:56,069 INFO [cli] {'ticker': 'QQQ', 'mode': 'binary', 'thr': 140, 'window': '5Y', 'order': 2, 'rows': 4}
2025-11-12 11:44:56,077 INFO [cli] {'ticker': 'QQQ', 'mode': 'binary', 'thr': 140, 'window': '5Y', 'order': 3, 'rows': 8}
2025-11-12 11:44:56,089 INFO [cli] {'ticker': 'QQQ', 'mode': 'binary', 'thr': 140, 'window': '5Y', 'order': 4, 'rows': 15}
2025-11-12 11:44:56,098 INFO [cli] {'ticker': 'QQQ', 'mode': 'binary', 'thr': 140, 'window': '10Y', 'order': 1, 'rows': 2}
2025-11-12 11:44:56,109 INFO [cli] {'ticker': 'QQQ', 'mode': 'binary', 'thr': 140, 'window': '10Y', 'order': 2, 'rows': 4}
2025-11-12 11:44:56,117 INFO [cli] {'ticker': 'QQQ', 'mode': 'binary', 'thr': 140, 'window': '10Y', 'order': 3, 'rows': 8}
2025-11-12 11:44:56,127 INFO [cli] {'ticker': 'QQQ', 'mode': 'binary', 'thr': 140, 'window': '10Y', 'order': 4, 'rows': 15}
2025-11-12 11:44:56,136 INFO [cli] {'ticker': 'QQQ', 'mode': 'binary', 'thr': 140, 'window': '20Y', 'order': 1, 'rows': 2}
2025-11-12 11:44:56,144 INFO [cli] {'ticker': 'QQQ', 'mode': 'binary', 'thr': 140, 'window': '20Y', 'order': 2, 'rows': 4}
2025-11-12 11:44:56,154 INFO [cli] {'ticker': 'QQQ', 'mode': 'binary', 'thr': 140, 'window': '20Y', 'order': 3, 'rows': 8}
2025-11-12 11:44:56,165 INFO [cli] {'ticker': 'QQQ', 'mode': 'binary', 'thr': 140, 'window': '20Y', 'order': 4, 'rows': 15}
2025-11-12 11:44:56,176 INFO [cli] {'ticker': 'QQQ', 'mode': 'binary', 'thr': 140, 'window': 'MAX', 'order': 1, 'rows': 2}
2025-11-12 11:44:56,187 INFO [cli] {'ticker': 'QQQ', 'mode': 'binary', 'thr': 140, 'window': 'MAX', 'order': 2, 'rows': 4}
2025-11-12 11:44:56,198 INFO [cli] {'ticker': 'QQQ', 'mode': 'binary', 'thr': 140, 'window': 'MAX', 'order': 3, 'rows': 8}
2025-11-12 11:44:56,210 INFO [cli] {'ticker': 'QQQ', 'mode': 'binary', 'thr': 140, 'window': 'MAX', 'order': 4, 'rows': 16}
2025-11-12 11:44:56,227 INFO [cli] {'ticker': 'QQQ', 'mode': 'binary', 'thr': 145, 'window': '1Y', 'order': 1, 'rows': 2}
2025-11-12 11:44:56,239 INFO [cli] {'ticker': 'QQQ', 'mode': 'binary', 'thr': 145, 'window': '1Y', 'order': 2, 'rows': 4}
2025-11-12 11:44:56,251 INFO [cli] {'ticker': 'QQQ', 'mode': 'binary', 'thr': 145, 'window': '1Y', 'order': 3, 'rows': 8}
2025-11-12 11:44:56,262 INFO [cli] {'ticker': 'QQQ', 'mode': 'binary', 'thr': 145, 'window': '1Y', 'order': 4, 'rows': 12}
2025-11-12 11:44:56,273 INFO [cli] {'ticker': 'QQQ', 'mode': 'binary', 'thr': 145, 'window': '2Y', 'order': 1, 'rows': 2}
2025-11-12 11:44:56,282 INFO [cli] {'ticker': 'QQQ', 'mode': 'binary', 'thr': 145, 'window': '2Y', 'order': 2, 'rows': 4}
2025-11-12 11:44:56,293 INFO [cli] {'ticker': 'QQQ', 'mode': 'binary', 'thr': 145, 'window': '2Y', 'order': 3, 'rows': 8}
2025-11-12 11:44:56,305 INFO [cli] {'ticker': 'QQQ', 'mode': 'binary', 'thr': 145, 'window': '2Y', 'order': 4, 'rows': 13}

{'ticker': 'QQQ', 'mode': 'binary', 'thr': 105, 'window': '10Y', 'order': 2, 'rows': 4}
{'ticker': 'QQQ', 'mode': 'binary', 'thr': 105, 'window': '10Y', 'order': 3, 'rows': 8}
{'ticker': 'QQQ', 'mode': 'binary', 'thr': 105, 'window': '10Y', 'order': 4, 'rows': 16}
{'ticker': 'QQQ', 'mode': 'binary', 'thr': 105, 'window': '20Y', 'order': 1, 'rows': 2}
{'ticker': 'QQQ', 'mode': 'binary', 'thr': 105, 'window': '20Y', 'order': 2, 'rows': 4}
{'ticker': 'QQQ', 'mode': 'binary', 'thr': 105, 'window': '20Y', 'order': 3, 'rows': 8}
{'ticker': 'QQQ', 'mode': 'binary', 'thr': 105, 'window': '20Y', 'order': 4, 'rows': 16}
{'ticker': 'QQQ', 'mode': 'binary', 'thr': 105, 'window': 'MAX', 'order': 1, 'rows': 2}
{'ticker': 'QQQ', 'mode': 'binary', 'thr': 105, 'window': 'MAX', 'order': 2, 'rows': 4}
{'ticker': 'QQQ', 'mode': 'binary', 'thr': 105, 'window': 'MAX', 'order': 3, 'rows': 8}
{'ticker': 'QQQ', 'mode': 'binary', 'thr': 105, 'window': 'MAX', 'order': 4, 'rows': 16}
{'ticker': 'QQQ', 'mode': 'binary', 'thr': 110, 'window': '1Y', 'order': 1, 'rows': 2}
{'ticker': 'QQQ', 'mode': 'binary', 'thr': 110, 'window': '1Y', 'order': 2, 'rows': 4}
{'ticker': 'QQQ', 'mode': 'binary', 'thr': 110, 'window': '1Y', 'order': 3, 'rows': 8}
{'ticker': 'QQQ', 'mode': 'binary', 'thr': 110, 'window': '1Y', 'order': 4, 'rows': 14}
{'ticker': 'QQQ', 'mode': 'binary', 'thr': 110, 'window': '2Y', 'order': 1, 'rows': 2}
{'ticker': 'QQQ', 'mode': 'binary', 'thr': 110, 'window': '2Y', 'order': 2, 'rows': 4}
{'ticker': 'QQQ', 'mode': 'binary', 'thr': 110, 'window': '2Y', 'order': 3, 'rows': 8}
{'ticker': 'QQQ', 'mode': 'binary', 'thr': 110, 'window': '2Y', 'order': 4, 'rows': 14}
{'ticker': 'QQQ', 'mode': 'binary', 'thr': 110, 'window': '5Y', 'order': 1, 'rows': 2}
{'ticker': 'QQQ', 'mode': 'binary', 'thr': 110, 'window': '5Y', 'order': 2, 'rows': 4}
{'ticker': 'QQQ', 'mode': 'binary', 'thr': 110, 'window': '5Y', 'order': 3, 'rows': 8}
{'ticker': 'QQQ', 'mode': 'binary', 'thr': 110, 'window': '5Y', 'order': 4, 'rows': 16}
{'ticker': 'QQQ', 'mode': 'binary', 'thr': 110, 'window': '10Y', 'order': 1, 'rows': 2}
{'ticker': 'QQQ', 'mode': 'binary', 'thr': 110, 'window': '10Y', 'order': 2, 'rows': 4}
{'ticker': 'QQQ', 'mode': 'binary', 'thr': 110, 'window': '10Y', 'order': 3, 'rows': 8}
{'ticker': 'QQQ', 'mode': 'binary', 'thr': 110, 'window': '10Y', 'order': 4, 'rows': 16}
{'ticker': 'QQQ', 'mode': 'binary', 'thr': 110, 'window': '20Y', 'order': 1, 'rows': 2}
{'ticker': 'QQQ', 'mode': 'binary', 'thr': 110, 'window': '20Y', 'order': 2, 'rows': 4}
{'ticker': 'QQQ', 'mode': 'binary', 'thr': 110, 'window': '20Y', 'order': 3, 'rows': 8}
{'ticker': 'QQQ', 'mode': 'binary', 'thr': 110, 'window': '20Y', 'order': 4, 'rows': 16}
{'ticker': 'QQQ', 'mode': 'binary', 'thr': 110, 'window': 'MAX', 'order': 1, 'rows': 2}
{'ticker': 'QQQ', 'mode': 'binary', 'thr': 110, 'window': 'MAX', 'order': 2, 'rows': 4}
{'ticker': 'QQQ', 'mode': 'binary', 'thr': 110, 'window': 'MAX', 'order': 3, 'rows': 8}
{'ticker': 'QQQ', 'mode': 'binary', 'thr': 110, 'window': 'MAX', 'order': 4, 'rows': 16}
{'ticker': 'QQQ', 'mode': 'binary', 'thr': 115, 'window': '1Y', 'order': 1, 'rows': 2}
{'ticker': 'QQQ', 'mode': 'binary', 'thr': 115, 'window': '1Y', 'order': 2, 'rows': 4}
{'ticker': 'QQQ', 'mode': 'binary', 'thr': 115, 'window': '1Y', 'order': 3, 'rows': 8}
{'ticker': 'QQQ', 'mode': 'binary', 'thr': 115, 'window': '1Y', 'order': 4, 'rows': 13}
{'ticker': 'QQQ', 'mode': 'binary', 'thr': 115, 'window': '2Y', 'order': 1, 'rows': 2}
{'ticker': 'QQQ', 'mode': 'binary', 'thr': 115, 'window': '2Y', 'order': 2, 'rows': 4}
{'ticker': 'QQQ', 'mode': 'binary', 'thr': 115, 'window': '2Y', 'order': 3, 'rows': 8}
{'ticker': 'QQQ', 'mode': 'binary', 'thr': 115, 'window': '2Y', 'order': 4, 'rows': 13}
{'ticker': 'QQQ', 'mode': 'binary', 'thr': 115, 'window': '5Y', 'order': 1, 'rows': 2}
{'ticker': 'QQQ', 'mode': 'binary', 'thr': 115, 'window': '5Y', 'order': 2, 'rows': 4}
{'ticker': 'QQQ', 'mode': 'binary', 'thr': 115, 'window': '5Y', 'order': 3, 'rows': 8}
{'ticker': 'QQQ', 'mode': 'binary', 'thr': 115, 'window': '5Y', 'order': 4, 'rows': 16}
{'ticker': 'QQQ', 'mode': 'binary', 'thr': 115, 'window': '10Y', 'order': 1, 'rows': 2}
{'ticker': 'QQQ', 'mode': 'binary', 'thr': 115, 'window': '10Y', 'order': 2, 'rows': 4}
{'ticker': 'QQQ', 'mode': 'binary', 'thr': 115, 'window': '10Y', 'order': 3, 'rows': 8}
{'ticker': 'QQQ', 'mode': 'binary', 'thr': 115, 'window': '10Y', 'order': 4, 'rows': 16}
{'ticker': 'QQQ', 'mode': 'binary', 'thr': 115, 'window': '20Y', 'order': 1, 'rows': 2}
{'ticker': 'QQQ', 'mode': 'binary', 'thr': 115, 'window': '20Y', 'order': 2, 'rows': 4}
{'ticker': 'QQQ', 'mode': 'binary', 'thr': 115, 'window': '20Y', 'order': 3, 'rows': 8}
{'ticker': 'QQQ', 'mode': 'binary', 'thr': 115, 'window': '20Y', 'order': 4, 'rows': 16}
{'ticker': 'QQQ', 'mode': 'binary', 'thr': 115, 'window': 'MAX', 'order': 1, 'rows': 2}
{'ticker': 'QQQ', 'mode': 'binary', 'thr': 115, 'window': 'MAX', 'order': 2, 'rows': 4}
{'ticker': 'QQQ', 'mode': 'binary', 'thr': 115, 'window': 'MAX', 'order': 3, 'rows': 8}
{'ticker': 'QQQ', 'mode': 'binary', 'thr': 115, 'window': 'MAX', 'order': 4, 'rows': 16}
{'ticker': 'QQQ', 'mode': 'binary', 'thr': 120, 'window': '1Y', 'order': 1, 'rows': 2}
{'ticker': 'QQQ', 'mode': 'binary', 'thr': 120, 'window': '1Y', 'order': 2, 'rows': 4}
{'ticker': 'QQQ', 'mode': 'binary', 'thr': 120, 'window': '1Y', 'order': 3, 'rows': 8}
{'ticker': 'QQQ', 'mode': 'binary', 'thr': 120, 'window': '1Y', 'order': 4, 'rows': 13}
{'ticker': 'QQQ', 'mode': 'binary', 'thr': 120, 'window': '2Y', 'order': 1, 'rows': 2}
{'ticker': 'QQQ', 'mode': 'binary', 'thr': 120, 'window': '2Y', 'order': 2, 'rows': 4}
{'ticker': 'QQQ', 'mode': 'binary', 'thr': 120, 'window': '2Y', 'order': 3, 'rows': 8}
{'ticker': 'QQQ', 'mode': 'binary', 'thr': 120, 'window': '2Y', 'order': 4, 'rows': 13}
{'ticker': 'QQQ', 'mode': 'binary', 'thr': 120, 'window': '5Y', 'order': 1, 'rows': 2}
{'ticker': 'QQQ', 'mode': 'binary', 'thr': 120, 'window': '5Y', 'order': 2, 'rows': 4}
{'ticker': 'QQQ', 'mode': 'binary', 'thr': 120, 'window': '5Y', 'order': 3, 'rows': 8}
{'ticker': 'QQQ', 'mode': 'binary', 'thr': 120, 'window': '5Y', 'order': 4, 'rows': 16}
{'ticker': 'QQQ', 'mode': 'binary', 'thr': 120, 'window': '10Y', 'order': 1, 'rows': 2}
{'ticker': 'QQQ', 'mode': 'binary', 'thr': 120, 'window': '10Y', 'order': 2, 'rows': 4}
{'ticker': 'QQQ', 'mode': 'binary', 'thr': 120, 'window': '10Y', 'order': 3, 'rows': 8}
{'ticker': 'QQQ', 'mode': 'binary', 'thr': 120, 'window': '10Y', 'order': 4, 'rows': 16}
{'ticker': 'QQQ', 'mode': 'binary', 'thr': 120, 'window': '20Y', 'order': 1, 'rows': 2}
{'ticker': 'QQQ', 'mode': 'binary', 'thr': 120, 'window': '20Y', 'order': 2, 'rows': 4}
{'ticker': 'QQQ', 'mode': 'binary', 'thr': 120, 'window': '20Y', 'order': 3, 'rows': 8}
{'ticker': 'QQQ', 'mode': 'binary', 'thr': 120, 'window': '20Y', 'order': 4, 'rows': 16}
{'ticker': 'QQQ', 'mode': 'binary', 'thr': 120, 'window': 'MAX', 'order': 1, 'rows': 2}
{'ticker': 'QQQ', 'mode': 'binary', 'thr': 120, 'window': 'MAX', 'order': 2, 'rows': 4}
{'ticker': 'QQQ', 'mode': 'binary', 'thr': 120, 'window': 'MAX', 'order': 3, 'rows': 8}
{'ticker': 'QQQ', 'mode': 'binary', 'thr': 120, 'window': 'MAX', 'order': 4, 'rows': 16}
{'ticker': 'QQQ', 'mode': 'binary', 'thr': 125, 'window': '1Y', 'order': 1, 'rows': 2}
{'ticker': 'QQQ', 'mode': 'binary', 'thr': 125, 'window': '1Y', 'order': 2, 'rows': 4}
{'ticker': 'QQQ', 'mode': 'binary', 'thr': 125, 'window': '1Y', 'order': 3, 'rows': 8}
{'ticker': 'QQQ', 'mode': 'binary', 'thr': 125, 'window': '1Y', 'order': 4, 'rows': 13}
{'ticker': 'QQQ', 'mode': 'binary', 'thr': 125, 'window': '2Y', 'order': 1, 'rows': 2}
{'ticker': 'QQQ', 'mode': 'binary', 'thr': 125, 'window': '2Y', 'order': 2, 'rows': 4}
{'ticker': 'QQQ', 'mode': 'binary', 'thr': 125, 'window': '2Y', 'order': 3, 'rows': 8}
{'ticker': 'QQQ', 'mode': 'binary', 'thr': 125, 'window': '2Y', 'order': 4, 'rows': 13}
{'ticker': 'QQQ', 'mode': 'binary', 'thr': 125, 'window': '5Y', 'order': 1, 'rows': 2}
{'ticker': 'QQQ', 'mode': 'binary', 'thr': 125, 'window': '5Y', 'order': 2, 'rows': 4}
{'ticker': 'QQQ', 'mode': 'binary', 'thr': 125, 'window': '5Y', 'order': 3, 'rows': 8}2025-11-12 11:44:56,326 INFO [cli] {'ticker': 'QQQ', 'mode': 'binary', 'thr': 145, 'window': '5Y', 'order': 1, 'rows': 2}
2025-11-12 11:44:56,336 INFO [cli] {'ticker': 'QQQ', 'mode': 'binary', 'thr': 145, 'window': '5Y', 'order': 2, 'rows': 4}
2025-11-12 11:44:56,346 INFO [cli] {'ticker': 'QQQ', 'mode': 'binary', 'thr': 145, 'window': '5Y', 'order': 3, 'rows': 8}
2025-11-12 11:44:56,358 INFO [cli] {'ticker': 'QQQ', 'mode': 'binary', 'thr': 145, 'window': '5Y', 'order': 4, 'rows': 15}
2025-11-12 11:44:56,368 INFO [cli] {'ticker': 'QQQ', 'mode': 'binary', 'thr': 145, 'window': '10Y', 'order': 1, 'rows': 2}
2025-11-12 11:44:56,380 INFO [cli] {'ticker': 'QQQ', 'mode': 'binary', 'thr': 145, 'window': '10Y', 'order': 2, 'rows': 4}
2025-11-12 11:44:56,388 INFO [cli] {'ticker': 'QQQ', 'mode': 'binary', 'thr': 145, 'window': '10Y', 'order': 3, 'rows': 8}
2025-11-12 11:44:56,399 INFO [cli] {'ticker': 'QQQ', 'mode': 'binary', 'thr': 145, 'window': '10Y', 'order': 4, 'rows': 15}
2025-11-12 11:44:56,410 INFO [cli] {'ticker': 'QQQ', 'mode': 'binary', 'thr': 145, 'window': '20Y', 'order': 1, 'rows': 2}
2025-11-12 11:44:56,419 INFO [cli] {'ticker': 'QQQ', 'mode': 'binary', 'thr': 145, 'window': '20Y', 'order': 2, 'rows': 4}
2025-11-12 11:44:56,428 INFO [cli] {'ticker': 'QQQ', 'mode': 'binary', 'thr': 145, 'window': '20Y', 'order': 3, 'rows': 8}
2025-11-12 11:44:56,439 INFO [cli] {'ticker': 'QQQ', 'mode': 'binary', 'thr': 145, 'window': '20Y', 'order': 4, 'rows': 15}
2025-11-12 11:44:56,452 INFO [cli] {'ticker': 'QQQ', 'mode': 'binary', 'thr': 145, 'window': 'MAX', 'order': 1, 'rows': 2}
2025-11-12 11:44:56,463 INFO [cli] {'ticker': 'QQQ', 'mode': 'binary', 'thr': 145, 'window': 'MAX', 'order': 2, 'rows': 4}
2025-11-12 11:44:56,474 INFO [cli] {'ticker': 'QQQ', 'mode': 'binary', 'thr': 145, 'window': 'MAX', 'order': 3, 'rows': 8}
2025-11-12 11:44:56,484 INFO [cli] {'ticker': 'QQQ', 'mode': 'binary', 'thr': 145, 'window': 'MAX', 'order': 4, 'rows': 16}
2025-11-12 11:44:56,500 INFO [cli] {'ticker': 'QQQ', 'mode': 'binary', 'thr': 150, 'window': '1Y', 'order': 1, 'rows': 2}
2025-11-12 11:44:56,511 INFO [cli] {'ticker': 'QQQ', 'mode': 'binary', 'thr': 150, 'window': '1Y', 'order': 2, 'rows': 4}
2025-11-12 11:44:56,519 INFO [cli] {'ticker': 'QQQ', 'mode': 'binary', 'thr': 150, 'window': '1Y', 'order': 3, 'rows': 8}
2025-11-12 11:44:56,528 INFO [cli] {'ticker': 'QQQ', 'mode': 'binary', 'thr': 150, 'window': '1Y', 'order': 4, 'rows': 12}
2025-11-12 11:44:56,537 INFO [cli] {'ticker': 'QQQ', 'mode': 'binary', 'thr': 150, 'window': '2Y', 'order': 1, 'rows': 2}
2025-11-12 11:44:56,547 INFO [cli] {'ticker': 'QQQ', 'mode': 'binary', 'thr': 150, 'window': '2Y', 'order': 2, 'rows': 4}
2025-11-12 11:44:56,566 INFO [cli] {'ticker': 'QQQ', 'mode': 'binary', 'thr': 150, 'window': '2Y', 'order': 3, 'rows': 8}
2025-11-12 11:44:56,579 INFO [cli] {'ticker': 'QQQ', 'mode': 'binary', 'thr': 150, 'window': '2Y', 'order': 4, 'rows': 13}
2025-11-12 11:44:56,588 INFO [cli] {'ticker': 'QQQ', 'mode': 'binary', 'thr': 150, 'window': '5Y', 'order': 1, 'rows': 2}
2025-11-12 11:44:56,597 INFO [cli] {'ticker': 'QQQ', 'mode': 'binary', 'thr': 150, 'window': '5Y', 'order': 2, 'rows': 4}
2025-11-12 11:44:56,610 INFO [cli] {'ticker': 'QQQ', 'mode': 'binary', 'thr': 150, 'window': '5Y', 'order': 3, 'rows': 8}
2025-11-12 11:44:56,620 INFO [cli] {'ticker': 'QQQ', 'mode': 'binary', 'thr': 150, 'window': '5Y', 'order': 4, 'rows': 15}
2025-11-12 11:44:56,629 INFO [cli] {'ticker': 'QQQ', 'mode': 'binary', 'thr': 150, 'window': '10Y', 'order': 1, 'rows': 2}
2025-11-12 11:44:56,639 INFO [cli] {'ticker': 'QQQ', 'mode': 'binary', 'thr': 150, 'window': '10Y', 'order': 2, 'rows': 4}
2025-11-12 11:44:56,650 INFO [cli] {'ticker': 'QQQ', 'mode': 'binary', 'thr': 150, 'window': '10Y', 'order': 3, 'rows': 8}
2025-11-12 11:44:56,659 INFO [cli] {'ticker': 'QQQ', 'mode': 'binary', 'thr': 150, 'window': '10Y', 'order': 4, 'rows': 15}
2025-11-12 11:44:56,670 INFO [cli] {'ticker': 'QQQ', 'mode': 'binary', 'thr': 150, 'window': '20Y', 'order': 1, 'rows': 2}
2025-11-12 11:44:56,681 INFO [cli] {'ticker': 'QQQ', 'mode': 'binary', 'thr': 150, 'window': '20Y', 'order': 2, 'rows': 4}
2025-11-12 11:44:56,690 INFO [cli] {'ticker': 'QQQ', 'mode': 'binary', 'thr': 150, 'window': '20Y', 'order': 3, 'rows': 8}
2025-11-12 11:44:56,702 INFO [cli] {'ticker': 'QQQ', 'mode': 'binary', 'thr': 150, 'window': '20Y', 'order': 4, 'rows': 15}
2025-11-12 11:44:56,712 INFO [cli] {'ticker': 'QQQ', 'mode': 'binary', 'thr': 150, 'window': 'MAX', 'order': 1, 'rows': 2}
2025-11-12 11:44:56,721 INFO [cli] {'ticker': 'QQQ', 'mode': 'binary', 'thr': 150, 'window': 'MAX', 'order': 2, 'rows': 4}
2025-11-12 11:44:56,731 INFO [cli] {'ticker': 'QQQ', 'mode': 'binary', 'thr': 150, 'window': 'MAX', 'order': 3, 'rows': 8}
2025-11-12 11:44:56,740 INFO [cli] {'ticker': 'QQQ', 'mode': 'binary', 'thr': 150, 'window': 'MAX', 'order': 4, 'rows': 16}
2025-11-12 11:44:56,755 INFO [cli] {'ticker': 'QQQ', 'mode': 'tri', 'thr': 0, 'window': '1Y', 'order': 1, 'rows': 2}
2025-11-12 11:44:56,767 INFO [cli] {'ticker': 'QQQ', 'mode': 'tri', 'thr': 0, 'window': '1Y', 'order': 2, 'rows': 4}
2025-11-12 11:44:56,778 INFO [cli] {'ticker': 'QQQ', 'mode': 'tri', 'thr': 0, 'window': '1Y', 'order': 3, 'rows': 8}
2025-11-12 11:44:56,787 INFO [cli] {'ticker': 'QQQ', 'mode': 'tri', 'thr': 0, 'window': '1Y', 'order': 4, 'rows': 16}
2025-11-12 11:44:56,797 INFO [cli] {'ticker': 'QQQ', 'mode': 'tri', 'thr': 0, 'window': '2Y', 'order': 1, 'rows': 2}
2025-11-12 11:44:56,808 INFO [cli] {'ticker': 'QQQ', 'mode': 'tri', 'thr': 0, 'window': '2Y', 'order': 2, 'rows': 4}
2025-11-12 11:44:56,818 INFO [cli] {'ticker': 'QQQ', 'mode': 'tri', 'thr': 0, 'window': '2Y', 'order': 3, 'rows': 8}
2025-11-12 11:44:56,829 INFO [cli] {'ticker': 'QQQ', 'mode': 'tri', 'thr': 0, 'window': '2Y', 'order': 4, 'rows': 16}
2025-11-12 11:44:56,839 INFO [cli] {'ticker': 'QQQ', 'mode': 'tri', 'thr': 0, 'window': '5Y', 'order': 1, 'rows': 3}
2025-11-12 11:44:56,848 INFO [cli] {'ticker': 'QQQ', 'mode': 'tri', 'thr': 0, 'window': '5Y', 'order': 2, 'rows': 6}
2025-11-12 11:44:56,859 INFO [cli] {'ticker': 'QQQ', 'mode': 'tri', 'thr': 0, 'window': '5Y', 'order': 3, 'rows': 11}
2025-11-12 11:44:56,871 INFO [cli] {'ticker': 'QQQ', 'mode': 'tri', 'thr': 0, 'window': '5Y', 'order': 4, 'rows': 20}
2025-11-12 11:44:56,881 INFO [cli] {'ticker': 'QQQ', 'mode': 'tri', 'thr': 0, 'window': '10Y', 'order': 1, 'rows': 3}
2025-11-12 11:44:56,890 INFO [cli] {'ticker': 'QQQ', 'mode': 'tri', 'thr': 0, 'window': '10Y', 'order': 2, 'rows': 8}
2025-11-12 11:44:56,902 INFO [cli] {'ticker': 'QQQ', 'mode': 'tri', 'thr': 0, 'window': '10Y', 'order': 3, 'rows': 16}
2025-11-12 11:44:56,912 INFO [cli] {'ticker': 'QQQ', 'mode': 'tri', 'thr': 0, 'window': '10Y', 'order': 4, 'rows': 28}
2025-11-12 11:44:56,921 INFO [cli] {'ticker': 'QQQ', 'mode': 'tri', 'thr': 0, 'window': '20Y', 'order': 1, 'rows': 3}
2025-11-12 11:44:56,930 INFO [cli] {'ticker': 'QQQ', 'mode': 'tri', 'thr': 0, 'window': '20Y', 'order': 2, 'rows': 9}
2025-11-12 11:44:56,942 INFO [cli] {'ticker': 'QQQ', 'mode': 'tri', 'thr': 0, 'window': '20Y', 'order': 3, 'rows': 22}
2025-11-12 11:44:56,952 INFO [cli] {'ticker': 'QQQ', 'mode': 'tri', 'thr': 0, 'window': '20Y', 'order': 4, 'rows': 50}
2025-11-12 11:44:56,962 INFO [cli] {'ticker': 'QQQ', 'mode': 'tri', 'thr': 0, 'window': 'MAX', 'order': 1, 'rows': 3}
2025-11-12 11:44:56,972 INFO [cli] {'ticker': 'QQQ', 'mode': 'tri', 'thr': 0, 'window': 'MAX', 'order': 2, 'rows': 9}
2025-11-12 11:44:56,984 INFO [cli] {'ticker': 'QQQ', 'mode': 'tri', 'thr': 0, 'window': 'MAX', 'order': 3, 'rows': 23}
2025-11-12 11:44:56,995 INFO [cli] {'ticker': 'QQQ', 'mode': 'tri', 'thr': 0, 'window': 'MAX', 'order': 4, 'rows': 53}
2025-11-12 11:44:57,012 INFO [cli] {'ticker': 'QQQ', 'mode': 'tri', 'thr': 5, 'window': '1Y', 'order': 1, 'rows': 3}
2025-11-12 11:44:57,026 INFO [cli] {'ticker': 'QQQ', 'mode': 'tri', 'thr': 5, 'window': '1Y', 'order': 2, 'rows': 8}
2025-11-12 11:44:57,037 INFO [cli] {'ticker': 'QQQ', 'mode': 'tri', 'thr': 5, 'window': '1Y', 'order': 3, 'rows': 19}
2025-11-12 11:44:57,048 INFO [cli] {'ticker': 'QQQ', 'mode': 'tri', 'thr': 5, 'window': '1Y', 'order': 4, 'rows': 39}
2025-11-12 11:44:57,059 INFO [cli] {'ticker': 'QQQ', 'mode': 'tri', 'thr': 5, 'window': '2Y', 'order': 1, 'rows': 3}
2025-11-12 11:44:57,069 INFO [cli] {'ticker': 'QQQ', 'mode': 'tri', 'thr': 5, 'window': '2Y', 'order': 2, 'rows': 8}
2025-11-12 11:44:57,080 INFO [cli] {'ticker': 'QQQ', 'mode': 'tri', 'thr': 5, 'window': '2Y', 'order': 3, 'rows': 21}
2025-11-12 11:44:57,091 INFO [cli] {'ticker': 'QQQ', 'mode': 'tri', 'thr': 5, 'window': '2Y', 'order': 4, 'rows': 46}
2025-11-12 11:44:57,103 INFO [cli] {'ticker': 'QQQ', 'mode': 'tri', 'thr': 5, 'window': '5Y', 'order': 1, 'rows': 3}
2025-11-12 11:44:57,114 INFO [cli] {'ticker': 'QQQ', 'mode': 'tri', 'thr': 5, 'window': '5Y', 'order': 2, 'rows': 9}
2025-11-12 11:44:57,126 INFO [cli] {'ticker': 'QQQ', 'mode': 'tri', 'thr': 5, 'window': '5Y', 'order': 3, 'rows': 24}
2025-11-12 11:44:57,136 INFO [cli] {'ticker': 'QQQ', 'mode': 'tri', 'thr': 5, 'window': '5Y', 'order': 4, 'rows': 58}
2025-11-12 11:44:57,147 INFO [cli] {'ticker': 'QQQ', 'mode': 'tri', 'thr': 5, 'window': '10Y', 'order': 1, 'rows': 3}
2025-11-12 11:44:57,158 INFO [cli] {'ticker': 'QQQ', 'mode': 'tri', 'thr': 5, 'window': '10Y', 'order': 2, 'rows': 9}
2025-11-12 11:44:57,170 INFO [cli] {'ticker': 'QQQ', 'mode': 'tri', 'thr': 5, 'window': '10Y', 'order': 3, 'rows': 25}
2025-11-12 11:44:57,182 INFO [cli] {'ticker': 'QQQ', 'mode': 'tri', 'thr': 5, 'window': '10Y', 'order': 4, 'rows': 61}
2025-11-12 11:44:57,192 INFO [cli] {'ticker': 'QQQ', 'mode': 'tri', 'thr': 5, 'window': '20Y', 'order': 1, 'rows': 3}
2025-11-12 11:44:57,204 INFO [cli] {'ticker': 'QQQ', 'mode': 'tri', 'thr': 5, 'window': '20Y', 'order': 2, 'rows': 9}
2025-11-12 11:44:57,215 INFO [cli] {'ticker': 'QQQ', 'mode': 'tri', 'thr': 5, 'window': '20Y', 'order': 3, 'rows': 25}
2025-11-12 11:44:57,224 INFO [cli] {'ticker': 'QQQ', 'mode': 'tri', 'thr': 5, 'window': '20Y', 'order': 4, 'rows': 63}
2025-11-12 11:44:57,232 INFO [cli] {'ticker': 'QQQ', 'mode': 'tri', 'thr': 5, 'window': 'MAX', 'order': 1, 'rows': 3}
2025-11-12 11:44:57,241 INFO [cli] {'ticker': 'QQQ', 'mode': 'tri', 'thr': 5, 'window': 'MAX', 'order': 2, 'rows': 9}
2025-11-12 11:44:57,249 INFO [cli] {'ticker': 'QQQ', 'mode': 'tri', 'thr': 5, 'window': 'MAX', 'order': 3, 'rows': 25}
2025-11-12 11:44:57,257 INFO [cli] {'ticker': 'QQQ', 'mode': 'tri', 'thr': 5, 'window': 'MAX', 'order': 4, 'rows': 66}
2025-11-12 11:44:57,273 INFO [cli] {'ticker': 'QQQ', 'mode': 'tri', 'thr': 10, 'window': '1Y', 'order': 1, 'rows': 3}
2025-11-12 11:44:57,283 INFO [cli] {'ticker': 'QQQ', 'mode': 'tri', 'thr': 10, 'window': '1Y', 'order': 2, 'rows': 9}
2025-11-12 11:44:57,301 INFO [cli] {'ticker': 'QQQ', 'mode': 'tri', 'thr': 10, 'window': '1Y', 'order': 3, 'rows': 24}
2025-11-12 11:44:57,312 INFO [cli] {'ticker': 'QQQ', 'mode': 'tri', 'thr': 10, 'window': '1Y', 'order': 4, 'rows': 52}
2025-11-12 11:44:57,322 INFO [cli] {'ticker': 'QQQ', 'mode': 'tri', 'thr': 10, 'window': '2Y', 'order': 1, 'rows': 3}
2025-11-12 11:44:57,332 INFO [cli] {'ticker': 'QQQ', 'mode': 'tri', 'thr': 10, 'window': '2Y', 'order': 2, 'rows': 9}
2025-11-12 11:44:57,341 INFO [cli] {'ticker': 'QQQ', 'mode': 'tri', 'thr': 10, 'window': '2Y', 'order': 3, 'rows': 27}
2025-11-12 11:44:57,350 INFO [cli] {'ticker': 'QQQ', 'mode': 'tri', 'thr': 10, 'window': '2Y', 'order': 4, 'rows': 66}
2025-11-12 11:44:57,360 INFO [cli] {'ticker': 'QQQ', 'mode': 'tri', 'thr': 10, 'window': '5Y', 'order': 1, 'rows': 3}

{'ticker': 'QQQ', 'mode': 'binary', 'thr': 125, 'window': '5Y', 'order': 4, 'rows': 15}
{'ticker': 'QQQ', 'mode': 'binary', 'thr': 125, 'window': '10Y', 'order': 1, 'rows': 2}
{'ticker': 'QQQ', 'mode': 'binary', 'thr': 125, 'window': '10Y', 'order': 2, 'rows': 4}
{'ticker': 'QQQ', 'mode': 'binary', 'thr': 125, 'window': '10Y', 'order': 3, 'rows': 8}
{'ticker': 'QQQ', 'mode': 'binary', 'thr': 125, 'window': '10Y', 'order': 4, 'rows': 15}
{'ticker': 'QQQ', 'mode': 'binary', 'thr': 125, 'window': '20Y', 'order': 1, 'rows': 2}
{'ticker': 'QQQ', 'mode': 'binary', 'thr': 125, 'window': '20Y', 'order': 2, 'rows': 4}
{'ticker': 'QQQ', 'mode': 'binary', 'thr': 125, 'window': '20Y', 'order': 3, 'rows': 8}
{'ticker': 'QQQ', 'mode': 'binary', 'thr': 125, 'window': '20Y', 'order': 4, 'rows': 16}
{'ticker': 'QQQ', 'mode': 'binary', 'thr': 125, 'window': 'MAX', 'order': 1, 'rows': 2}
{'ticker': 'QQQ', 'mode': 'binary', 'thr': 125, 'window': 'MAX', 'order': 2, 'rows': 4}
{'ticker': 'QQQ', 'mode': 'binary', 'thr': 125, 'window': 'MAX', 'order': 3, 'rows': 8}
{'ticker': 'QQQ', 'mode': 'binary', 'thr': 125, 'window': 'MAX', 'order': 4, 'rows': 16}
{'ticker': 'QQQ', 'mode': 'binary', 'thr': 130, 'window': '1Y', 'order': 1, 'rows': 2}
{'ticker': 'QQQ', 'mode': 'binary', 'thr': 130, 'window': '1Y', 'order': 2, 'rows': 4}
{'ticker': 'QQQ', 'mode': 'binary', 'thr': 130, 'window': '1Y', 'order': 3, 'rows': 8}
{'ticker': 'QQQ', 'mode': 'binary', 'thr': 130, 'window': '1Y', 'order': 4, 'rows': 13}
{'ticker': 'QQQ', 'mode': 'binary', 'thr': 130, 'window': '2Y', 'order': 1, 'rows': 2}
{'ticker': 'QQQ', 'mode': 'binary', 'thr': 130, 'window': '2Y', 'order': 2, 'rows': 4}
{'ticker': 'QQQ', 'mode': 'binary', 'thr': 130, 'window': '2Y', 'order': 3, 'rows': 8}
{'ticker': 'QQQ', 'mode': 'binary', 'thr': 130, 'window': '2Y', 'order': 4, 'rows': 13}
{'ticker': 'QQQ', 'mode': 'binary', 'thr': 130, 'window': '5Y', 'order': 1, 'rows': 2}
{'ticker': 'QQQ', 'mode': 'binary', 'thr': 130, 'window': '5Y', 'order': 2, 'rows': 4}
{'ticker': 'QQQ', 'mode': 'binary', 'thr': 130, 'window': '5Y', 'order': 3, 'rows': 8}
{'ticker': 'QQQ', 'mode': 'binary', 'thr': 130, 'window': '5Y', 'order': 4, 'rows': 15}
{'ticker': 'QQQ', 'mode': 'binary', 'thr': 130, 'window': '10Y', 'order': 1, 'rows': 2}
{'ticker': 'QQQ', 'mode': 'binary', 'thr': 130, 'window': '10Y', 'order': 2, 'rows': 4}
{'ticker': 'QQQ', 'mode': 'binary', 'thr': 130, 'window': '10Y', 'order': 3, 'rows': 8}
{'ticker': 'QQQ', 'mode': 'binary', 'thr': 130, 'window': '10Y', 'order': 4, 'rows': 15}
{'ticker': 'QQQ', 'mode': 'binary', 'thr': 130, 'window': '20Y', 'order': 1, 'rows': 2}
{'ticker': 'QQQ', 'mode': 'binary', 'thr': 130, 'window': '20Y', 'order': 2, 'rows': 4}
{'ticker': 'QQQ', 'mode': 'binary', 'thr': 130, 'window': '20Y', 'order': 3, 'rows': 8}
{'ticker': 'QQQ', 'mode': 'binary', 'thr': 130, 'window': '20Y', 'order': 4, 'rows': 15}
{'ticker': 'QQQ', 'mode': 'binary', 'thr': 130, 'window': 'MAX', 'order': 1, 'rows': 2}
{'ticker': 'QQQ', 'mode': 'binary', 'thr': 130, 'window': 'MAX', 'order': 2, 'rows': 4}
{'ticker': 'QQQ', 'mode': 'binary', 'thr': 130, 'window': 'MAX', 'order': 3, 'rows': 8}
{'ticker': 'QQQ', 'mode': 'binary', 'thr': 130, 'window': 'MAX', 'order': 4, 'rows': 16}
{'ticker': 'QQQ', 'mode': 'binary', 'thr': 135, 'window': '1Y', 'order': 1, 'rows': 2}
{'ticker': 'QQQ', 'mode': 'binary', 'thr': 135, 'window': '1Y', 'order': 2, 'rows': 4}
{'ticker': 'QQQ', 'mode': 'binary', 'thr': 135, 'window': '1Y', 'order': 3, 'rows': 8}
{'ticker': 'QQQ', 'mode': 'binary', 'thr': 135, 'window': '1Y', 'order': 4, 'rows': 13}
{'ticker': 'QQQ', 'mode': 'binary', 'thr': 135, 'window': '2Y', 'order': 1, 'rows': 2}
{'ticker': 'QQQ', 'mode': 'binary', 'thr': 135, 'window': '2Y', 'order': 2, 'rows': 4}
{'ticker': 'QQQ', 'mode': 'binary', 'thr': 135, 'window': '2Y', 'order': 3, 'rows': 8}
{'ticker': 'QQQ', 'mode': 'binary', 'thr': 135, 'window': '2Y', 'order': 4, 'rows': 13}
{'ticker': 'QQQ', 'mode': 'binary', 'thr': 135, 'window': '5Y', 'order': 1, 'rows': 2}
{'ticker': 'QQQ', 'mode': 'binary', 'thr': 135, 'window': '5Y', 'order': 2, 'rows': 4}
{'ticker': 'QQQ', 'mode': 'binary', 'thr': 135, 'window': '5Y', 'order': 3, 'rows': 8}
{'ticker': 'QQQ', 'mode': 'binary', 'thr': 135, 'window': '5Y', 'order': 4, 'rows': 15}
{'ticker': 'QQQ', 'mode': 'binary', 'thr': 135, 'window': '10Y', 'order': 1, 'rows': 2}
{'ticker': 'QQQ', 'mode': 'binary', 'thr': 135, 'window': '10Y', 'order': 2, 'rows': 4}
{'ticker': 'QQQ', 'mode': 'binary', 'thr': 135, 'window': '10Y', 'order': 3, 'rows': 8}
{'ticker': 'QQQ', 'mode': 'binary', 'thr': 135, 'window': '10Y', 'order': 4, 'rows': 15}
{'ticker': 'QQQ', 'mode': 'binary', 'thr': 135, 'window': '20Y', 'order': 1, 'rows': 2}
{'ticker': 'QQQ', 'mode': 'binary', 'thr': 135, 'window': '20Y', 'order': 2, 'rows': 4}
{'ticker': 'QQQ', 'mode': 'binary', 'thr': 135, 'window': '20Y', 'order': 3, 'rows': 8}
{'ticker': 'QQQ', 'mode': 'binary', 'thr': 135, 'window': '20Y', 'order': 4, 'rows': 15}
{'ticker': 'QQQ', 'mode': 'binary', 'thr': 135, 'window': 'MAX', 'order': 1, 'rows': 2}
{'ticker': 'QQQ', 'mode': 'binary', 'thr': 135, 'window': 'MAX', 'order': 2, 'rows': 4}
{'ticker': 'QQQ', 'mode': 'binary', 'thr': 135, 'window': 'MAX', 'order': 3, 'rows': 8}
{'ticker': 'QQQ', 'mode': 'binary', 'thr': 135, 'window': 'MAX', 'order': 4, 'rows': 16}
{'ticker': 'QQQ', 'mode': 'binary', 'thr': 140, 'window': '1Y', 'order': 1, 'rows': 2}
{'ticker': 'QQQ', 'mode': 'binary', 'thr': 140, 'window': '1Y', 'order': 2, 'rows': 4}
{'ticker': 'QQQ', 'mode': 'binary', 'thr': 140, 'window': '1Y', 'order': 3, 'rows': 8}
{'ticker': 'QQQ', 'mode': 'binary', 'thr': 140, 'window': '1Y', 'order': 4, 'rows': 13}
{'ticker': 'QQQ', 'mode': 'binary', 'thr': 140, 'window': '2Y', 'order': 1, 'rows': 2}
{'ticker': 'QQQ', 'mode': 'binary', 'thr': 140, 'window': '2Y', 'order': 2, 'rows': 4}
{'ticker': 'QQQ', 'mode': 'binary', 'thr': 140, 'window': '2Y', 'order': 3, 'rows': 8}
{'ticker': 'QQQ', 'mode': 'binary', 'thr': 140, 'window': '2Y', 'order': 4, 'rows': 13}
{'ticker': 'QQQ', 'mode': 'binary', 'thr': 140, 'window': '5Y', 'order': 1, 'rows': 2}
{'ticker': 'QQQ', 'mode': 'binary', 'thr': 140, 'window': '5Y', 'order': 2, 'rows': 4}
{'ticker': 'QQQ', 'mode': 'binary', 'thr': 140, 'window': '5Y', 'order': 3, 'rows': 8}
{'ticker': 'QQQ', 'mode': 'binary', 'thr': 140, 'window': '5Y', 'order': 4, 'rows': 15}
{'ticker': 'QQQ', 'mode': 'binary', 'thr': 140, 'window': '10Y', 'order': 1, 'rows': 2}
{'ticker': 'QQQ', 'mode': 'binary', 'thr': 140, 'window': '10Y', 'order': 2, 'rows': 4}
{'ticker': 'QQQ', 'mode': 'binary', 'thr': 140, 'window': '10Y', 'order': 3, 'rows': 8}
{'ticker': 'QQQ', 'mode': 'binary', 'thr': 140, 'window': '10Y', 'order': 4, 'rows': 15}
{'ticker': 'QQQ', 'mode': 'binary', 'thr': 140, 'window': '20Y', 'order': 1, 'rows': 2}
{'ticker': 'QQQ', 'mode': 'binary', 'thr': 140, 'window': '20Y', 'order': 2, 'rows': 4}
{'ticker': 'QQQ', 'mode': 'binary', 'thr': 140, 'window': '20Y', 'order': 3, 'rows': 8}
{'ticker': 'QQQ', 'mode': 'binary', 'thr': 140, 'window': '20Y', 'order': 4, 'rows': 15}
{'ticker': 'QQQ', 'mode': 'binary', 'thr': 140, 'window': 'MAX', 'order': 1, 'rows': 2}
{'ticker': 'QQQ', 'mode': 'binary', 'thr': 140, 'window': 'MAX', 'order': 2, 'rows': 4}
{'ticker': 'QQQ', 'mode': 'binary', 'thr': 140, 'window': 'MAX', 'order': 3, 'rows': 8}
{'ticker': 'QQQ', 'mode': 'binary', 'thr': 140, 'window': 'MAX', 'order': 4, 'rows': 16}
{'ticker': 'QQQ', 'mode': 'binary', 'thr': 145, 'window': '1Y', 'order': 1, 'rows': 2}
{'ticker': 'QQQ', 'mode': 'binary', 'thr': 145, 'window': '1Y', 'order': 2, 'rows': 4}
{'ticker': 'QQQ', 'mode': 'binary', 'thr': 145, 'window': '1Y', 'order': 3, 'rows': 8}
{'ticker': 'QQQ', 'mode': 'binary', 'thr': 145, 'window': '1Y', 'order': 4, 'rows': 12}
{'ticker': 'QQQ', 'mode': 'binary', 'thr': 145, 'window': '2Y', 'order': 1, 'rows': 2}
{'ticker': 'QQQ', 'mode': 'binary', 'thr': 145, 'window': '2Y', 'order': 2, 'rows': 4}
{'ticker': 'QQQ', 'mode': 'binary', 'thr': 145, 'window': '2Y', 'order': 3, 'rows': 8}
{'ticker': 'QQQ', 'mode': 'binary', 'thr': 145, 'window': '2Y', 'order': 4, 'rows': 13}
{'ticker': 'QQQ', 'mode': 'binary', 'thr': 145, 'window': '5Y', 'order': 1, 'rows': 2}2025-11-12 11:44:57,371 INFO [cli] {'ticker': 'QQQ', 'mode': 'tri', 'thr': 10, 'window': '5Y', 'order': 2, 'rows': 9}
2025-11-12 11:44:57,381 INFO [cli] {'ticker': 'QQQ', 'mode': 'tri', 'thr': 10, 'window': '5Y', 'order': 3, 'rows': 27}
2025-11-12 11:44:57,391 INFO [cli] {'ticker': 'QQQ', 'mode': 'tri', 'thr': 10, 'window': '5Y', 'order': 4, 'rows': 72}
2025-11-12 11:44:57,403 INFO [cli] {'ticker': 'QQQ', 'mode': 'tri', 'thr': 10, 'window': '10Y', 'order': 1, 'rows': 3}
2025-11-12 11:44:57,412 INFO [cli] {'ticker': 'QQQ', 'mode': 'tri', 'thr': 10, 'window': '10Y', 'order': 2, 'rows': 9}
2025-11-12 11:44:57,421 INFO [cli] {'ticker': 'QQQ', 'mode': 'tri', 'thr': 10, 'window': '10Y', 'order': 3, 'rows': 27}
2025-11-12 11:44:57,431 INFO [cli] {'ticker': 'QQQ', 'mode': 'tri', 'thr': 10, 'window': '10Y', 'order': 4, 'rows': 77}
2025-11-12 11:44:57,440 INFO [cli] {'ticker': 'QQQ', 'mode': 'tri', 'thr': 10, 'window': '20Y', 'order': 1, 'rows': 3}
2025-11-12 11:44:57,451 INFO [cli] {'ticker': 'QQQ', 'mode': 'tri', 'thr': 10, 'window': '20Y', 'order': 2, 'rows': 9}
2025-11-12 11:44:57,461 INFO [cli] {'ticker': 'QQQ', 'mode': 'tri', 'thr': 10, 'window': '20Y', 'order': 3, 'rows': 27}
2025-11-12 11:44:57,470 INFO [cli] {'ticker': 'QQQ', 'mode': 'tri', 'thr': 10, 'window': '20Y', 'order': 4, 'rows': 79}
2025-11-12 11:44:57,480 INFO [cli] {'ticker': 'QQQ', 'mode': 'tri', 'thr': 10, 'window': 'MAX', 'order': 1, 'rows': 3}
2025-11-12 11:44:57,490 INFO [cli] {'ticker': 'QQQ', 'mode': 'tri', 'thr': 10, 'window': 'MAX', 'order': 2, 'rows': 9}
2025-11-12 11:44:57,499 INFO [cli] {'ticker': 'QQQ', 'mode': 'tri', 'thr': 10, 'window': 'MAX', 'order': 3, 'rows': 27}
2025-11-12 11:44:57,508 INFO [cli] {'ticker': 'QQQ', 'mode': 'tri', 'thr': 10, 'window': 'MAX', 'order': 4, 'rows': 79}
2025-11-12 11:44:57,524 INFO [cli] {'ticker': 'QQQ', 'mode': 'tri', 'thr': 15, 'window': '1Y', 'order': 1, 'rows': 3}
2025-11-12 11:44:57,537 INFO [cli] {'ticker': 'QQQ', 'mode': 'tri', 'thr': 15, 'window': '1Y', 'order': 2, 'rows': 9}
2025-11-12 11:44:57,546 INFO [cli] {'ticker': 'QQQ', 'mode': 'tri', 'thr': 15, 'window': '1Y', 'order': 3, 'rows': 25}
2025-11-12 11:44:57,556 INFO [cli] {'ticker': 'QQQ', 'mode': 'tri', 'thr': 15, 'window': '1Y', 'order': 4, 'rows': 58}
2025-11-12 11:44:57,564 INFO [cli] {'ticker': 'QQQ', 'mode': 'tri', 'thr': 15, 'window': '2Y', 'order': 1, 'rows': 3}
2025-11-12 11:44:57,574 INFO [cli] {'ticker': 'QQQ', 'mode': 'tri', 'thr': 15, 'window': '2Y', 'order': 2, 'rows': 9}
2025-11-12 11:44:57,586 INFO [cli] {'ticker': 'QQQ', 'mode': 'tri', 'thr': 15, 'window': '2Y', 'order': 3, 'rows': 27}
2025-11-12 11:44:57,596 INFO [cli] {'ticker': 'QQQ', 'mode': 'tri', 'thr': 15, 'window': '2Y', 'order': 4, 'rows': 69}
2025-11-12 11:44:57,607 INFO [cli] {'ticker': 'QQQ', 'mode': 'tri', 'thr': 15, 'window': '5Y', 'order': 1, 'rows': 3}
2025-11-12 11:44:57,619 INFO [cli] {'ticker': 'QQQ', 'mode': 'tri', 'thr': 15, 'window': '5Y', 'order': 2, 'rows': 9}
2025-11-12 11:44:57,629 INFO [cli] {'ticker': 'QQQ', 'mode': 'tri', 'thr': 15, 'window': '5Y', 'order': 3, 'rows': 27}
2025-11-12 11:44:57,640 INFO [cli] {'ticker': 'QQQ', 'mode': 'tri', 'thr': 15, 'window': '5Y', 'order': 4, 'rows': 75}
2025-11-12 11:44:57,651 INFO [cli] {'ticker': 'QQQ', 'mode': 'tri', 'thr': 15, 'window': '10Y', 'order': 1, 'rows': 3}
2025-11-12 11:44:57,661 INFO [cli] {'ticker': 'QQQ', 'mode': 'tri', 'thr': 15, 'window': '10Y', 'order': 2, 'rows': 9}
2025-11-12 11:44:57,671 INFO [cli] {'ticker': 'QQQ', 'mode': 'tri', 'thr': 15, 'window': '10Y', 'order': 3, 'rows': 27}
2025-11-12 11:44:57,680 INFO [cli] {'ticker': 'QQQ', 'mode': 'tri', 'thr': 15, 'window': '10Y', 'order': 4, 'rows': 80}
2025-11-12 11:44:57,690 INFO [cli] {'ticker': 'QQQ', 'mode': 'tri', 'thr': 15, 'window': '20Y', 'order': 1, 'rows': 3}
2025-11-12 11:44:57,701 INFO [cli] {'ticker': 'QQQ', 'mode': 'tri', 'thr': 15, 'window': '20Y', 'order': 2, 'rows': 9}
2025-11-12 11:44:57,713 INFO [cli] {'ticker': 'QQQ', 'mode': 'tri', 'thr': 15, 'window': '20Y', 'order': 3, 'rows': 27}
2025-11-12 11:44:57,726 INFO [cli] {'ticker': 'QQQ', 'mode': 'tri', 'thr': 15, 'window': '20Y', 'order': 4, 'rows': 81}
2025-11-12 11:44:57,735 INFO [cli] {'ticker': 'QQQ', 'mode': 'tri', 'thr': 15, 'window': 'MAX', 'order': 1, 'rows': 3}
2025-11-12 11:44:57,746 INFO [cli] {'ticker': 'QQQ', 'mode': 'tri', 'thr': 15, 'window': 'MAX', 'order': 2, 'rows': 9}
2025-11-12 11:44:57,754 INFO [cli] {'ticker': 'QQQ', 'mode': 'tri', 'thr': 15, 'window': 'MAX', 'order': 3, 'rows': 27}
2025-11-12 11:44:57,763 INFO [cli] {'ticker': 'QQQ', 'mode': 'tri', 'thr': 15, 'window': 'MAX', 'order': 4, 'rows': 81}
2025-11-12 11:44:57,778 INFO [cli] {'ticker': 'QQQ', 'mode': 'tri', 'thr': 20, 'window': '1Y', 'order': 1, 'rows': 3}
2025-11-12 11:44:57,787 INFO [cli] {'ticker': 'QQQ', 'mode': 'tri', 'thr': 20, 'window': '1Y', 'order': 2, 'rows': 9}
2025-11-12 11:44:57,798 INFO [cli] {'ticker': 'QQQ', 'mode': 'tri', 'thr': 20, 'window': '1Y', 'order': 3, 'rows': 27}
2025-11-12 11:44:57,806 INFO [cli] {'ticker': 'QQQ', 'mode': 'tri', 'thr': 20, 'window': '1Y', 'order': 4, 'rows': 71}
2025-11-12 11:44:57,816 INFO [cli] {'ticker': 'QQQ', 'mode': 'tri', 'thr': 20, 'window': '2Y', 'order': 1, 'rows': 3}
2025-11-12 11:44:57,826 INFO [cli] {'ticker': 'QQQ', 'mode': 'tri', 'thr': 20, 'window': '2Y', 'order': 2, 'rows': 9}
2025-11-12 11:44:57,834 INFO [cli] {'ticker': 'QQQ', 'mode': 'tri', 'thr': 20, 'window': '2Y', 'order': 3, 'rows': 27}
2025-11-12 11:44:57,847 INFO [cli] {'ticker': 'QQQ', 'mode': 'tri', 'thr': 20, 'window': '2Y', 'order': 4, 'rows': 75}
2025-11-12 11:44:57,857 INFO [cli] {'ticker': 'QQQ', 'mode': 'tri', 'thr': 20, 'window': '5Y', 'order': 1, 'rows': 3}
2025-11-12 11:44:57,868 INFO [cli] {'ticker': 'QQQ', 'mode': 'tri', 'thr': 20, 'window': '5Y', 'order': 2, 'rows': 9}
2025-11-12 11:44:57,878 INFO [cli] {'ticker': 'QQQ', 'mode': 'tri', 'thr': 20, 'window': '5Y', 'order': 3, 'rows': 27}
2025-11-12 11:44:57,889 INFO [cli] {'ticker': 'QQQ', 'mode': 'tri', 'thr': 20, 'window': '5Y', 'order': 4, 'rows': 77}
2025-11-12 11:44:57,897 INFO [cli] {'ticker': 'QQQ', 'mode': 'tri', 'thr': 20, 'window': '10Y', 'order': 1, 'rows': 3}
2025-11-12 11:44:57,908 INFO [cli] {'ticker': 'QQQ', 'mode': 'tri', 'thr': 20, 'window': '10Y', 'order': 2, 'rows': 9}
2025-11-12 11:44:57,921 INFO [cli] {'ticker': 'QQQ', 'mode': 'tri', 'thr': 20, 'window': '10Y', 'order': 3, 'rows': 27}
2025-11-12 11:44:57,932 INFO [cli] {'ticker': 'QQQ', 'mode': 'tri', 'thr': 20, 'window': '10Y', 'order': 4, 'rows': 81}
2025-11-12 11:44:57,941 INFO [cli] {'ticker': 'QQQ', 'mode': 'tri', 'thr': 20, 'window': '20Y', 'order': 1, 'rows': 3}
2025-11-12 11:44:57,951 INFO [cli] {'ticker': 'QQQ', 'mode': 'tri', 'thr': 20, 'window': '20Y', 'order': 2, 'rows': 9}
2025-11-12 11:44:57,961 INFO [cli] {'ticker': 'QQQ', 'mode': 'tri', 'thr': 20, 'window': '20Y', 'order': 3, 'rows': 27}
2025-11-12 11:44:57,970 INFO [cli] {'ticker': 'QQQ', 'mode': 'tri', 'thr': 20, 'window': '20Y', 'order': 4, 'rows': 81}
2025-11-12 11:44:57,979 INFO [cli] {'ticker': 'QQQ', 'mode': 'tri', 'thr': 20, 'window': 'MAX', 'order': 1, 'rows': 3}
2025-11-12 11:44:57,989 INFO [cli] {'ticker': 'QQQ', 'mode': 'tri', 'thr': 20, 'window': 'MAX', 'order': 2, 'rows': 9}
2025-11-12 11:44:57,997 INFO [cli] {'ticker': 'QQQ', 'mode': 'tri', 'thr': 20, 'window': 'MAX', 'order': 3, 'rows': 27}
2025-11-12 11:44:58,005 INFO [cli] {'ticker': 'QQQ', 'mode': 'tri', 'thr': 20, 'window': 'MAX', 'order': 4, 'rows': 81}
2025-11-12 11:44:58,021 INFO [cli] {'ticker': 'QQQ', 'mode': 'tri', 'thr': 25, 'window': '1Y', 'order': 1, 'rows': 3}
2025-11-12 11:44:58,033 INFO [cli] {'ticker': 'QQQ', 'mode': 'tri', 'thr': 25, 'window': '1Y', 'order': 2, 'rows': 9}
2025-11-12 11:44:58,045 INFO [cli] {'ticker': 'QQQ', 'mode': 'tri', 'thr': 25, 'window': '1Y', 'order': 3, 'rows': 27}
2025-11-12 11:44:58,053 INFO [cli] {'ticker': 'QQQ', 'mode': 'tri', 'thr': 25, 'window': '1Y', 'order': 4, 'rows': 72}
2025-11-12 11:44:58,063 INFO [cli] {'ticker': 'QQQ', 'mode': 'tri', 'thr': 25, 'window': '2Y', 'order': 1, 'rows': 3}
2025-11-12 11:44:58,072 INFO [cli] {'ticker': 'QQQ', 'mode': 'tri', 'thr': 25, 'window': '2Y', 'order': 2, 'rows': 9}
2025-11-12 11:44:58,082 INFO [cli] {'ticker': 'QQQ', 'mode': 'tri', 'thr': 25, 'window': '2Y', 'order': 3, 'rows': 27}
2025-11-12 11:44:58,094 INFO [cli] {'ticker': 'QQQ', 'mode': 'tri', 'thr': 25, 'window': '2Y', 'order': 4, 'rows': 76}
2025-11-12 11:44:58,105 INFO [cli] {'ticker': 'QQQ', 'mode': 'tri', 'thr': 25, 'window': '5Y', 'order': 1, 'rows': 3}
2025-11-12 11:44:58,113 INFO [cli] {'ticker': 'QQQ', 'mode': 'tri', 'thr': 25, 'window': '5Y', 'order': 2, 'rows': 9}
2025-11-12 11:44:58,123 INFO [cli] {'ticker': 'QQQ', 'mode': 'tri', 'thr': 25, 'window': '5Y', 'order': 3, 'rows': 27}
2025-11-12 11:44:58,134 INFO [cli] {'ticker': 'QQQ', 'mode': 'tri', 'thr': 25, 'window': '5Y', 'order': 4, 'rows': 79}
2025-11-12 11:44:58,143 INFO [cli] {'ticker': 'QQQ', 'mode': 'tri', 'thr': 25, 'window': '10Y', 'order': 1, 'rows': 3}
2025-11-12 11:44:58,151 INFO [cli] {'ticker': 'QQQ', 'mode': 'tri', 'thr': 25, 'window': '10Y', 'order': 2, 'rows': 9}
2025-11-12 11:44:58,162 INFO [cli] {'ticker': 'QQQ', 'mode': 'tri', 'thr': 25, 'window': '10Y', 'order': 3, 'rows': 27}
2025-11-12 11:44:58,174 INFO [cli] {'ticker': 'QQQ', 'mode': 'tri', 'thr': 25, 'window': '10Y', 'order': 4, 'rows': 81}
2025-11-12 11:44:58,184 INFO [cli] {'ticker': 'QQQ', 'mode': 'tri', 'thr': 25, 'window': '20Y', 'order': 1, 'rows': 3}
2025-11-12 11:44:58,194 INFO [cli] {'ticker': 'QQQ', 'mode': 'tri', 'thr': 25, 'window': '20Y', 'order': 2, 'rows': 9}
2025-11-12 11:44:58,205 INFO [cli] {'ticker': 'QQQ', 'mode': 'tri', 'thr': 25, 'window': '20Y', 'order': 3, 'rows': 27}
2025-11-12 11:44:58,214 INFO [cli] {'ticker': 'QQQ', 'mode': 'tri', 'thr': 25, 'window': '20Y', 'order': 4, 'rows': 81}
2025-11-12 11:44:58,233 INFO [cli] {'ticker': 'QQQ', 'mode': 'tri', 'thr': 25, 'window': 'MAX', 'order': 1, 'rows': 3}
2025-11-12 11:44:58,245 INFO [cli] {'ticker': 'QQQ', 'mode': 'tri', 'thr': 25, 'window': 'MAX', 'order': 2, 'rows': 9}
2025-11-12 11:44:58,255 INFO [cli] {'ticker': 'QQQ', 'mode': 'tri', 'thr': 25, 'window': 'MAX', 'order': 3, 'rows': 27}
2025-11-12 11:44:58,268 INFO [cli] {'ticker': 'QQQ', 'mode': 'tri', 'thr': 25, 'window': 'MAX', 'order': 4, 'rows': 81}
2025-11-12 11:44:58,284 INFO [cli] {'ticker': 'QQQ', 'mode': 'tri', 'thr': 30, 'window': '1Y', 'order': 1, 'rows': 3}
2025-11-12 11:44:58,294 INFO [cli] {'ticker': 'QQQ', 'mode': 'tri', 'thr': 30, 'window': '1Y', 'order': 2, 'rows': 9}
2025-11-12 11:44:58,306 INFO [cli] {'ticker': 'QQQ', 'mode': 'tri', 'thr': 30, 'window': '1Y', 'order': 3, 'rows': 27}
2025-11-12 11:44:58,316 INFO [cli] {'ticker': 'QQQ', 'mode': 'tri', 'thr': 30, 'window': '1Y', 'order': 4, 'rows': 73}
2025-11-12 11:44:58,325 INFO [cli] {'ticker': 'QQQ', 'mode': 'tri', 'thr': 30, 'window': '2Y', 'order': 1, 'rows': 3}
2025-11-12 11:44:58,336 INFO [cli] {'ticker': 'QQQ', 'mode': 'tri', 'thr': 30, 'window': '2Y', 'order': 2, 'rows': 9}
2025-11-12 11:44:58,347 INFO [cli] {'ticker': 'QQQ', 'mode': 'tri', 'thr': 30, 'window': '2Y', 'order': 3, 'rows': 27}
2025-11-12 11:44:58,354 INFO [cli] {'ticker': 'QQQ', 'mode': 'tri', 'thr': 30, 'window': '2Y', 'order': 4, 'rows': 79}
2025-11-12 11:44:58,364 INFO [cli] {'ticker': 'QQQ', 'mode': 'tri', 'thr': 30, 'window': '5Y', 'order': 1, 'rows': 3}
2025-11-12 11:44:58,372 INFO [cli] {'ticker': 'QQQ', 'mode': 'tri', 'thr': 30, 'window': '5Y', 'order': 2, 'rows': 9}
2025-11-12 11:44:58,381 INFO [cli] {'ticker': 'QQQ', 'mode': 'tri', 'thr': 30, 'window': '5Y', 'order': 3, 'rows': 27}

{'ticker': 'QQQ', 'mode': 'binary', 'thr': 145, 'window': '5Y', 'order': 2, 'rows': 4}
{'ticker': 'QQQ', 'mode': 'binary', 'thr': 145, 'window': '5Y', 'order': 3, 'rows': 8}
{'ticker': 'QQQ', 'mode': 'binary', 'thr': 145, 'window': '5Y', 'order': 4, 'rows': 15}
{'ticker': 'QQQ', 'mode': 'binary', 'thr': 145, 'window': '10Y', 'order': 1, 'rows': 2}
{'ticker': 'QQQ', 'mode': 'binary', 'thr': 145, 'window': '10Y', 'order': 2, 'rows': 4}
{'ticker': 'QQQ', 'mode': 'binary', 'thr': 145, 'window': '10Y', 'order': 3, 'rows': 8}
{'ticker': 'QQQ', 'mode': 'binary', 'thr': 145, 'window': '10Y', 'order': 4, 'rows': 15}
{'ticker': 'QQQ', 'mode': 'binary', 'thr': 145, 'window': '20Y', 'order': 1, 'rows': 2}
{'ticker': 'QQQ', 'mode': 'binary', 'thr': 145, 'window': '20Y', 'order': 2, 'rows': 4}
{'ticker': 'QQQ', 'mode': 'binary', 'thr': 145, 'window': '20Y', 'order': 3, 'rows': 8}
{'ticker': 'QQQ', 'mode': 'binary', 'thr': 145, 'window': '20Y', 'order': 4, 'rows': 15}
{'ticker': 'QQQ', 'mode': 'binary', 'thr': 145, 'window': 'MAX', 'order': 1, 'rows': 2}
{'ticker': 'QQQ', 'mode': 'binary', 'thr': 145, 'window': 'MAX', 'order': 2, 'rows': 4}
{'ticker': 'QQQ', 'mode': 'binary', 'thr': 145, 'window': 'MAX', 'order': 3, 'rows': 8}
{'ticker': 'QQQ', 'mode': 'binary', 'thr': 145, 'window': 'MAX', 'order': 4, 'rows': 16}
{'ticker': 'QQQ', 'mode': 'binary', 'thr': 150, 'window': '1Y', 'order': 1, 'rows': 2}
{'ticker': 'QQQ', 'mode': 'binary', 'thr': 150, 'window': '1Y', 'order': 2, 'rows': 4}
{'ticker': 'QQQ', 'mode': 'binary', 'thr': 150, 'window': '1Y', 'order': 3, 'rows': 8}
{'ticker': 'QQQ', 'mode': 'binary', 'thr': 150, 'window': '1Y', 'order': 4, 'rows': 12}
{'ticker': 'QQQ', 'mode': 'binary', 'thr': 150, 'window': '2Y', 'order': 1, 'rows': 2}
{'ticker': 'QQQ', 'mode': 'binary', 'thr': 150, 'window': '2Y', 'order': 2, 'rows': 4}
{'ticker': 'QQQ', 'mode': 'binary', 'thr': 150, 'window': '2Y', 'order': 3, 'rows': 8}
{'ticker': 'QQQ', 'mode': 'binary', 'thr': 150, 'window': '2Y', 'order': 4, 'rows': 13}
{'ticker': 'QQQ', 'mode': 'binary', 'thr': 150, 'window': '5Y', 'order': 1, 'rows': 2}
{'ticker': 'QQQ', 'mode': 'binary', 'thr': 150, 'window': '5Y', 'order': 2, 'rows': 4}
{'ticker': 'QQQ', 'mode': 'binary', 'thr': 150, 'window': '5Y', 'order': 3, 'rows': 8}
{'ticker': 'QQQ', 'mode': 'binary', 'thr': 150, 'window': '5Y', 'order': 4, 'rows': 15}
{'ticker': 'QQQ', 'mode': 'binary', 'thr': 150, 'window': '10Y', 'order': 1, 'rows': 2}
{'ticker': 'QQQ', 'mode': 'binary', 'thr': 150, 'window': '10Y', 'order': 2, 'rows': 4}
{'ticker': 'QQQ', 'mode': 'binary', 'thr': 150, 'window': '10Y', 'order': 3, 'rows': 8}
{'ticker': 'QQQ', 'mode': 'binary', 'thr': 150, 'window': '10Y', 'order': 4, 'rows': 15}
{'ticker': 'QQQ', 'mode': 'binary', 'thr': 150, 'window': '20Y', 'order': 1, 'rows': 2}
{'ticker': 'QQQ', 'mode': 'binary', 'thr': 150, 'window': '20Y', 'order': 2, 'rows': 4}
{'ticker': 'QQQ', 'mode': 'binary', 'thr': 150, 'window': '20Y', 'order': 3, 'rows': 8}
{'ticker': 'QQQ', 'mode': 'binary', 'thr': 150, 'window': '20Y', 'order': 4, 'rows': 15}
{'ticker': 'QQQ', 'mode': 'binary', 'thr': 150, 'window': 'MAX', 'order': 1, 'rows': 2}
{'ticker': 'QQQ', 'mode': 'binary', 'thr': 150, 'window': 'MAX', 'order': 2, 'rows': 4}
{'ticker': 'QQQ', 'mode': 'binary', 'thr': 150, 'window': 'MAX', 'order': 3, 'rows': 8}
{'ticker': 'QQQ', 'mode': 'binary', 'thr': 150, 'window': 'MAX', 'order': 4, 'rows': 16}
{'ticker': 'QQQ', 'mode': 'tri', 'thr': 0, 'window': '1Y', 'order': 1, 'rows': 2}
{'ticker': 'QQQ', 'mode': 'tri', 'thr': 0, 'window': '1Y', 'order': 2, 'rows': 4}
{'ticker': 'QQQ', 'mode': 'tri', 'thr': 0, 'window': '1Y', 'order': 3, 'rows': 8}
{'ticker': 'QQQ', 'mode': 'tri', 'thr': 0, 'window': '1Y', 'order': 4, 'rows': 16}
{'ticker': 'QQQ', 'mode': 'tri', 'thr': 0, 'window': '2Y', 'order': 1, 'rows': 2}
{'ticker': 'QQQ', 'mode': 'tri', 'thr': 0, 'window': '2Y', 'order': 2, 'rows': 4}
{'ticker': 'QQQ', 'mode': 'tri', 'thr': 0, 'window': '2Y', 'order': 3, 'rows': 8}
{'ticker': 'QQQ', 'mode': 'tri', 'thr': 0, 'window': '2Y', 'order': 4, 'rows': 16}
{'ticker': 'QQQ', 'mode': 'tri', 'thr': 0, 'window': '5Y', 'order': 1, 'rows': 3}
{'ticker': 'QQQ', 'mode': 'tri', 'thr': 0, 'window': '5Y', 'order': 2, 'rows': 6}
{'ticker': 'QQQ', 'mode': 'tri', 'thr': 0, 'window': '5Y', 'order': 3, 'rows': 11}
{'ticker': 'QQQ', 'mode': 'tri', 'thr': 0, 'window': '5Y', 'order': 4, 'rows': 20}
{'ticker': 'QQQ', 'mode': 'tri', 'thr': 0, 'window': '10Y', 'order': 1, 'rows': 3}
{'ticker': 'QQQ', 'mode': 'tri', 'thr': 0, 'window': '10Y', 'order': 2, 'rows': 8}
{'ticker': 'QQQ', 'mode': 'tri', 'thr': 0, 'window': '10Y', 'order': 3, 'rows': 16}
{'ticker': 'QQQ', 'mode': 'tri', 'thr': 0, 'window': '10Y', 'order': 4, 'rows': 28}
{'ticker': 'QQQ', 'mode': 'tri', 'thr': 0, 'window': '20Y', 'order': 1, 'rows': 3}
{'ticker': 'QQQ', 'mode': 'tri', 'thr': 0, 'window': '20Y', 'order': 2, 'rows': 9}
{'ticker': 'QQQ', 'mode': 'tri', 'thr': 0, 'window': '20Y', 'order': 3, 'rows': 22}
{'ticker': 'QQQ', 'mode': 'tri', 'thr': 0, 'window': '20Y', 'order': 4, 'rows': 50}
{'ticker': 'QQQ', 'mode': 'tri', 'thr': 0, 'window': 'MAX', 'order': 1, 'rows': 3}
{'ticker': 'QQQ', 'mode': 'tri', 'thr': 0, 'window': 'MAX', 'order': 2, 'rows': 9}
{'ticker': 'QQQ', 'mode': 'tri', 'thr': 0, 'window': 'MAX', 'order': 3, 'rows': 23}
{'ticker': 'QQQ', 'mode': 'tri', 'thr': 0, 'window': 'MAX', 'order': 4, 'rows': 53}
{'ticker': 'QQQ', 'mode': 'tri', 'thr': 5, 'window': '1Y', 'order': 1, 'rows': 3}
{'ticker': 'QQQ', 'mode': 'tri', 'thr': 5, 'window': '1Y', 'order': 2, 'rows': 8}
{'ticker': 'QQQ', 'mode': 'tri', 'thr': 5, 'window': '1Y', 'order': 3, 'rows': 19}
{'ticker': 'QQQ', 'mode': 'tri', 'thr': 5, 'window': '1Y', 'order': 4, 'rows': 39}
{'ticker': 'QQQ', 'mode': 'tri', 'thr': 5, 'window': '2Y', 'order': 1, 'rows': 3}
{'ticker': 'QQQ', 'mode': 'tri', 'thr': 5, 'window': '2Y', 'order': 2, 'rows': 8}
{'ticker': 'QQQ', 'mode': 'tri', 'thr': 5, 'window': '2Y', 'order': 3, 'rows': 21}
{'ticker': 'QQQ', 'mode': 'tri', 'thr': 5, 'window': '2Y', 'order': 4, 'rows': 46}
{'ticker': 'QQQ', 'mode': 'tri', 'thr': 5, 'window': '5Y', 'order': 1, 'rows': 3}
{'ticker': 'QQQ', 'mode': 'tri', 'thr': 5, 'window': '5Y', 'order': 2, 'rows': 9}
{'ticker': 'QQQ', 'mode': 'tri', 'thr': 5, 'window': '5Y', 'order': 3, 'rows': 24}
{'ticker': 'QQQ', 'mode': 'tri', 'thr': 5, 'window': '5Y', 'order': 4, 'rows': 58}
{'ticker': 'QQQ', 'mode': 'tri', 'thr': 5, 'window': '10Y', 'order': 1, 'rows': 3}
{'ticker': 'QQQ', 'mode': 'tri', 'thr': 5, 'window': '10Y', 'order': 2, 'rows': 9}
{'ticker': 'QQQ', 'mode': 'tri', 'thr': 5, 'window': '10Y', 'order': 3, 'rows': 25}
{'ticker': 'QQQ', 'mode': 'tri', 'thr': 5, 'window': '10Y', 'order': 4, 'rows': 61}
{'ticker': 'QQQ', 'mode': 'tri', 'thr': 5, 'window': '20Y', 'order': 1, 'rows': 3}
{'ticker': 'QQQ', 'mode': 'tri', 'thr': 5, 'window': '20Y', 'order': 2, 'rows': 9}
{'ticker': 'QQQ', 'mode': 'tri', 'thr': 5, 'window': '20Y', 'order': 3, 'rows': 25}
{'ticker': 'QQQ', 'mode': 'tri', 'thr': 5, 'window': '20Y', 'order': 4, 'rows': 63}
{'ticker': 'QQQ', 'mode': 'tri', 'thr': 5, 'window': 'MAX', 'order': 1, 'rows': 3}
{'ticker': 'QQQ', 'mode': 'tri', 'thr': 5, 'window': 'MAX', 'order': 2, 'rows': 9}
{'ticker': 'QQQ', 'mode': 'tri', 'thr': 5, 'window': 'MAX', 'order': 3, 'rows': 25}
{'ticker': 'QQQ', 'mode': 'tri', 'thr': 5, 'window': 'MAX', 'order': 4, 'rows': 66}
{'ticker': 'QQQ', 'mode': 'tri', 'thr': 10, 'window': '1Y', 'order': 1, 'rows': 3}
{'ticker': 'QQQ', 'mode': 'tri', 'thr': 10, 'window': '1Y', 'order': 2, 'rows': 9}
{'ticker': 'QQQ', 'mode': 'tri', 'thr': 10, 'window': '1Y', 'order': 3, 'rows': 24}
{'ticker': 'QQQ', 'mode': 'tri', 'thr': 10, 'window': '1Y', 'order': 4, 'rows': 52}
{'ticker': 'QQQ', 'mode': 'tri', 'thr': 10, 'window': '2Y', 'order': 1, 'rows': 3}
{'ticker': 'QQQ', 'mode': 'tri', 'thr': 10, 'window': '2Y', 'order': 2, 'rows': 9}
{'ticker': 'QQQ', 'mode': 'tri', 'thr': 10, 'window': '2Y', 'order': 3, 'rows': 27}
{'ticker': 'QQQ', 'mode': 'tri', 'thr': 10, 'window': '2Y', 'order': 4, 'rows': 66}
{'ticker': 'QQQ', 'mode': 'tri', 'thr': 10, 'window': '5Y', 'order': 1, 'rows': 3}
{'ticker': 'QQQ', 'mode': 'tri', 'thr': 10, 'window': '5Y', 'order': 2, 'rows': 9}2025-11-12 11:44:58,393 INFO [cli] {'ticker': 'QQQ', 'mode': 'tri', 'thr': 30, 'window': '5Y', 'order': 4, 'rows': 80}
2025-11-12 11:44:58,404 INFO [cli] {'ticker': 'QQQ', 'mode': 'tri', 'thr': 30, 'window': '10Y', 'order': 1, 'rows': 3}
2025-11-12 11:44:58,413 INFO [cli] {'ticker': 'QQQ', 'mode': 'tri', 'thr': 30, 'window': '10Y', 'order': 2, 'rows': 9}
2025-11-12 11:44:58,425 INFO [cli] {'ticker': 'QQQ', 'mode': 'tri', 'thr': 30, 'window': '10Y', 'order': 3, 'rows': 27}
2025-11-12 11:44:58,438 INFO [cli] {'ticker': 'QQQ', 'mode': 'tri', 'thr': 30, 'window': '10Y', 'order': 4, 'rows': 81}
2025-11-12 11:44:58,448 INFO [cli] {'ticker': 'QQQ', 'mode': 'tri', 'thr': 30, 'window': '20Y', 'order': 1, 'rows': 3}
2025-11-12 11:44:58,458 INFO [cli] {'ticker': 'QQQ', 'mode': 'tri', 'thr': 30, 'window': '20Y', 'order': 2, 'rows': 9}
2025-11-12 11:44:58,470 INFO [cli] {'ticker': 'QQQ', 'mode': 'tri', 'thr': 30, 'window': '20Y', 'order': 3, 'rows': 27}
2025-11-12 11:44:58,482 INFO [cli] {'ticker': 'QQQ', 'mode': 'tri', 'thr': 30, 'window': '20Y', 'order': 4, 'rows': 81}
2025-11-12 11:44:58,491 INFO [cli] {'ticker': 'QQQ', 'mode': 'tri', 'thr': 30, 'window': 'MAX', 'order': 1, 'rows': 3}
2025-11-12 11:44:58,498 INFO [cli] {'ticker': 'QQQ', 'mode': 'tri', 'thr': 30, 'window': 'MAX', 'order': 2, 'rows': 9}
2025-11-12 11:44:58,507 INFO [cli] {'ticker': 'QQQ', 'mode': 'tri', 'thr': 30, 'window': 'MAX', 'order': 3, 'rows': 27}
2025-11-12 11:44:58,519 INFO [cli] {'ticker': 'QQQ', 'mode': 'tri', 'thr': 30, 'window': 'MAX', 'order': 4, 'rows': 81}
2025-11-12 11:44:58,535 INFO [cli] {'ticker': 'QQQ', 'mode': 'tri', 'thr': 35, 'window': '1Y', 'order': 1, 'rows': 3}
2025-11-12 11:44:58,545 INFO [cli] {'ticker': 'QQQ', 'mode': 'tri', 'thr': 35, 'window': '1Y', 'order': 2, 'rows': 9}
2025-11-12 11:44:58,555 INFO [cli] {'ticker': 'QQQ', 'mode': 'tri', 'thr': 35, 'window': '1Y', 'order': 3, 'rows': 27}
2025-11-12 11:44:58,566 INFO [cli] {'ticker': 'QQQ', 'mode': 'tri', 'thr': 35, 'window': '1Y', 'order': 4, 'rows': 74}
2025-11-12 11:44:58,576 INFO [cli] {'ticker': 'QQQ', 'mode': 'tri', 'thr': 35, 'window': '2Y', 'order': 1, 'rows': 3}
2025-11-12 11:44:58,587 INFO [cli] {'ticker': 'QQQ', 'mode': 'tri', 'thr': 35, 'window': '2Y', 'order': 2, 'rows': 9}
2025-11-12 11:44:58,599 INFO [cli] {'ticker': 'QQQ', 'mode': 'tri', 'thr': 35, 'window': '2Y', 'order': 3, 'rows': 27}
2025-11-12 11:44:58,610 INFO [cli] {'ticker': 'QQQ', 'mode': 'tri', 'thr': 35, 'window': '2Y', 'order': 4, 'rows': 79}
2025-11-12 11:44:58,621 INFO [cli] {'ticker': 'QQQ', 'mode': 'tri', 'thr': 35, 'window': '5Y', 'order': 1, 'rows': 3}
2025-11-12 11:44:58,634 INFO [cli] {'ticker': 'QQQ', 'mode': 'tri', 'thr': 35, 'window': '5Y', 'order': 2, 'rows': 9}
2025-11-12 11:44:58,650 INFO [cli] {'ticker': 'QQQ', 'mode': 'tri', 'thr': 35, 'window': '5Y', 'order': 3, 'rows': 27}
2025-11-12 11:44:58,661 INFO [cli] {'ticker': 'QQQ', 'mode': 'tri', 'thr': 35, 'window': '5Y', 'order': 4, 'rows': 81}
2025-11-12 11:44:58,672 INFO [cli] {'ticker': 'QQQ', 'mode': 'tri', 'thr': 35, 'window': '10Y', 'order': 1, 'rows': 3}
2025-11-12 11:44:58,681 INFO [cli] {'ticker': 'QQQ', 'mode': 'tri', 'thr': 35, 'window': '10Y', 'order': 2, 'rows': 9}
2025-11-12 11:44:58,691 INFO [cli] {'ticker': 'QQQ', 'mode': 'tri', 'thr': 35, 'window': '10Y', 'order': 3, 'rows': 27}
2025-11-12 11:44:58,703 INFO [cli] {'ticker': 'QQQ', 'mode': 'tri', 'thr': 35, 'window': '10Y', 'order': 4, 'rows': 81}
2025-11-12 11:44:58,711 INFO [cli] {'ticker': 'QQQ', 'mode': 'tri', 'thr': 35, 'window': '20Y', 'order': 1, 'rows': 3}
2025-11-12 11:44:58,722 INFO [cli] {'ticker': 'QQQ', 'mode': 'tri', 'thr': 35, 'window': '20Y', 'order': 2, 'rows': 9}
2025-11-12 11:44:58,730 INFO [cli] {'ticker': 'QQQ', 'mode': 'tri', 'thr': 35, 'window': '20Y', 'order': 3, 'rows': 27}
2025-11-12 11:44:58,739 INFO [cli] {'ticker': 'QQQ', 'mode': 'tri', 'thr': 35, 'window': '20Y', 'order': 4, 'rows': 81}
2025-11-12 11:44:58,748 INFO [cli] {'ticker': 'QQQ', 'mode': 'tri', 'thr': 35, 'window': 'MAX', 'order': 1, 'rows': 3}
2025-11-12 11:44:58,759 INFO [cli] {'ticker': 'QQQ', 'mode': 'tri', 'thr': 35, 'window': 'MAX', 'order': 2, 'rows': 9}
2025-11-12 11:44:58,768 INFO [cli] {'ticker': 'QQQ', 'mode': 'tri', 'thr': 35, 'window': 'MAX', 'order': 3, 'rows': 27}
2025-11-12 11:44:58,775 INFO [cli] {'ticker': 'QQQ', 'mode': 'tri', 'thr': 35, 'window': 'MAX', 'order': 4, 'rows': 81}
2025-11-12 11:44:58,791 INFO [cli] {'ticker': 'QQQ', 'mode': 'tri', 'thr': 40, 'window': '1Y', 'order': 1, 'rows': 3}
2025-11-12 11:44:58,800 INFO [cli] {'ticker': 'QQQ', 'mode': 'tri', 'thr': 40, 'window': '1Y', 'order': 2, 'rows': 9}
2025-11-12 11:44:58,811 INFO [cli] {'ticker': 'QQQ', 'mode': 'tri', 'thr': 40, 'window': '1Y', 'order': 3, 'rows': 27}
2025-11-12 11:44:58,820 INFO [cli] {'ticker': 'QQQ', 'mode': 'tri', 'thr': 40, 'window': '1Y', 'order': 4, 'rows': 75}
2025-11-12 11:44:58,831 INFO [cli] {'ticker': 'QQQ', 'mode': 'tri', 'thr': 40, 'window': '2Y', 'order': 1, 'rows': 3}
2025-11-12 11:44:58,844 INFO [cli] {'ticker': 'QQQ', 'mode': 'tri', 'thr': 40, 'window': '2Y', 'order': 2, 'rows': 9}
2025-11-12 11:44:58,855 INFO [cli] {'ticker': 'QQQ', 'mode': 'tri', 'thr': 40, 'window': '2Y', 'order': 3, 'rows': 27}
2025-11-12 11:44:58,867 INFO [cli] {'ticker': 'QQQ', 'mode': 'tri', 'thr': 40, 'window': '2Y', 'order': 4, 'rows': 79}
2025-11-12 11:44:58,877 INFO [cli] {'ticker': 'QQQ', 'mode': 'tri', 'thr': 40, 'window': '5Y', 'order': 1, 'rows': 3}
2025-11-12 11:44:58,889 INFO [cli] {'ticker': 'QQQ', 'mode': 'tri', 'thr': 40, 'window': '5Y', 'order': 2, 'rows': 9}
2025-11-12 11:44:58,899 INFO [cli] {'ticker': 'QQQ', 'mode': 'tri', 'thr': 40, 'window': '5Y', 'order': 3, 'rows': 27}
2025-11-12 11:44:58,911 INFO [cli] {'ticker': 'QQQ', 'mode': 'tri', 'thr': 40, 'window': '5Y', 'order': 4, 'rows': 81}
2025-11-12 11:44:58,922 INFO [cli] {'ticker': 'QQQ', 'mode': 'tri', 'thr': 40, 'window': '10Y', 'order': 1, 'rows': 3}
2025-11-12 11:44:58,935 INFO [cli] {'ticker': 'QQQ', 'mode': 'tri', 'thr': 40, 'window': '10Y', 'order': 2, 'rows': 9}
2025-11-12 11:44:58,948 INFO [cli] {'ticker': 'QQQ', 'mode': 'tri', 'thr': 40, 'window': '10Y', 'order': 3, 'rows': 27}
2025-11-12 11:44:58,962 INFO [cli] {'ticker': 'QQQ', 'mode': 'tri', 'thr': 40, 'window': '10Y', 'order': 4, 'rows': 81}
2025-11-12 11:44:58,970 INFO [cli] {'ticker': 'QQQ', 'mode': 'tri', 'thr': 40, 'window': '20Y', 'order': 1, 'rows': 3}
2025-11-12 11:44:58,978 INFO [cli] {'ticker': 'QQQ', 'mode': 'tri', 'thr': 40, 'window': '20Y', 'order': 2, 'rows': 9}
2025-11-12 11:44:58,989 INFO [cli] {'ticker': 'QQQ', 'mode': 'tri', 'thr': 40, 'window': '20Y', 'order': 3, 'rows': 27}
2025-11-12 11:44:58,999 INFO [cli] {'ticker': 'QQQ', 'mode': 'tri', 'thr': 40, 'window': '20Y', 'order': 4, 'rows': 81}
2025-11-12 11:44:59,009 INFO [cli] {'ticker': 'QQQ', 'mode': 'tri', 'thr': 40, 'window': 'MAX', 'order': 1, 'rows': 3}
2025-11-12 11:44:59,020 INFO [cli] {'ticker': 'QQQ', 'mode': 'tri', 'thr': 40, 'window': 'MAX', 'order': 2, 'rows': 9}
2025-11-12 11:44:59,030 INFO [cli] {'ticker': 'QQQ', 'mode': 'tri', 'thr': 40, 'window': 'MAX', 'order': 3, 'rows': 27}
2025-11-12 11:44:59,042 INFO [cli] {'ticker': 'QQQ', 'mode': 'tri', 'thr': 40, 'window': 'MAX', 'order': 4, 'rows': 81}
2025-11-12 11:44:59,058 INFO [cli] {'ticker': 'QQQ', 'mode': 'tri', 'thr': 45, 'window': '1Y', 'order': 1, 'rows': 3}
2025-11-12 11:44:59,067 INFO [cli] {'ticker': 'QQQ', 'mode': 'tri', 'thr': 45, 'window': '1Y', 'order': 2, 'rows': 9}
2025-11-12 11:44:59,079 INFO [cli] {'ticker': 'QQQ', 'mode': 'tri', 'thr': 45, 'window': '1Y', 'order': 3, 'rows': 27}
2025-11-12 11:44:59,088 INFO [cli] {'ticker': 'QQQ', 'mode': 'tri', 'thr': 45, 'window': '1Y', 'order': 4, 'rows': 74}
2025-11-12 11:44:59,095 INFO [cli] {'ticker': 'QQQ', 'mode': 'tri', 'thr': 45, 'window': '2Y', 'order': 1, 'rows': 3}
2025-11-12 11:44:59,106 INFO [cli] {'ticker': 'QQQ', 'mode': 'tri', 'thr': 45, 'window': '2Y', 'order': 2, 'rows': 9}
2025-11-12 11:44:59,117 INFO [cli] {'ticker': 'QQQ', 'mode': 'tri', 'thr': 45, 'window': '2Y', 'order': 3, 'rows': 27}
2025-11-12 11:44:59,124 INFO [cli] {'ticker': 'QQQ', 'mode': 'tri', 'thr': 45, 'window': '2Y', 'order': 4, 'rows': 79}
2025-11-12 11:44:59,133 INFO [cli] {'ticker': 'QQQ', 'mode': 'tri', 'thr': 45, 'window': '5Y', 'order': 1, 'rows': 3}
2025-11-12 11:44:59,141 INFO [cli] {'ticker': 'QQQ', 'mode': 'tri', 'thr': 45, 'window': '5Y', 'order': 2, 'rows': 9}
2025-11-12 11:44:59,153 INFO [cli] {'ticker': 'QQQ', 'mode': 'tri', 'thr': 45, 'window': '5Y', 'order': 3, 'rows': 27}
2025-11-12 11:44:59,165 INFO [cli] {'ticker': 'QQQ', 'mode': 'tri', 'thr': 45, 'window': '5Y', 'order': 4, 'rows': 81}
2025-11-12 11:44:59,176 INFO [cli] {'ticker': 'QQQ', 'mode': 'tri', 'thr': 45, 'window': '10Y', 'order': 1, 'rows': 3}
2025-11-12 11:44:59,184 INFO [cli] {'ticker': 'QQQ', 'mode': 'tri', 'thr': 45, 'window': '10Y', 'order': 2, 'rows': 9}
2025-11-12 11:44:59,195 INFO [cli] {'ticker': 'QQQ', 'mode': 'tri', 'thr': 45, 'window': '10Y', 'order': 3, 'rows': 27}
2025-11-12 11:44:59,206 INFO [cli] {'ticker': 'QQQ', 'mode': 'tri', 'thr': 45, 'window': '10Y', 'order': 4, 'rows': 81}
2025-11-12 11:44:59,215 INFO [cli] {'ticker': 'QQQ', 'mode': 'tri', 'thr': 45, 'window': '20Y', 'order': 1, 'rows': 3}
2025-11-12 11:44:59,227 INFO [cli] {'ticker': 'QQQ', 'mode': 'tri', 'thr': 45, 'window': '20Y', 'order': 2, 'rows': 9}
2025-11-12 11:44:59,239 INFO [cli] {'ticker': 'QQQ', 'mode': 'tri', 'thr': 45, 'window': '20Y', 'order': 3, 'rows': 27}
2025-11-12 11:44:59,249 INFO [cli] {'ticker': 'QQQ', 'mode': 'tri', 'thr': 45, 'window': '20Y', 'order': 4, 'rows': 81}
2025-11-12 11:44:59,261 INFO [cli] {'ticker': 'QQQ', 'mode': 'tri', 'thr': 45, 'window': 'MAX', 'order': 1, 'rows': 3}
2025-11-12 11:44:59,273 INFO [cli] {'ticker': 'QQQ', 'mode': 'tri', 'thr': 45, 'window': 'MAX', 'order': 2, 'rows': 9}
2025-11-12 11:44:59,286 INFO [cli] {'ticker': 'QQQ', 'mode': 'tri', 'thr': 45, 'window': 'MAX', 'order': 3, 'rows': 27}
2025-11-12 11:44:59,297 INFO [cli] {'ticker': 'QQQ', 'mode': 'tri', 'thr': 45, 'window': 'MAX', 'order': 4, 'rows': 81}
2025-11-12 11:44:59,312 INFO [cli] {'ticker': 'QQQ', 'mode': 'tri', 'thr': 50, 'window': '1Y', 'order': 1, 'rows': 3}
2025-11-12 11:44:59,323 INFO [cli] {'ticker': 'QQQ', 'mode': 'tri', 'thr': 50, 'window': '1Y', 'order': 2, 'rows': 9}
2025-11-12 11:44:59,333 INFO [cli] {'ticker': 'QQQ', 'mode': 'tri', 'thr': 50, 'window': '1Y', 'order': 3, 'rows': 27}
2025-11-12 11:44:59,343 INFO [cli] {'ticker': 'QQQ', 'mode': 'tri', 'thr': 50, 'window': '1Y', 'order': 4, 'rows': 75}
2025-11-12 11:44:59,352 INFO [cli] {'ticker': 'QQQ', 'mode': 'tri', 'thr': 50, 'window': '2Y', 'order': 1, 'rows': 3}
2025-11-12 11:44:59,365 INFO [cli] {'ticker': 'QQQ', 'mode': 'tri', 'thr': 50, 'window': '2Y', 'order': 2, 'rows': 9}
2025-11-12 11:44:59,373 INFO [cli] {'ticker': 'QQQ', 'mode': 'tri', 'thr': 50, 'window': '2Y', 'order': 3, 'rows': 27}
2025-11-12 11:44:59,381 INFO [cli] {'ticker': 'QQQ', 'mode': 'tri', 'thr': 50, 'window': '2Y', 'order': 4, 'rows': 79}
2025-11-12 11:44:59,391 INFO [cli] {'ticker': 'QQQ', 'mode': 'tri', 'thr': 50, 'window': '5Y', 'order': 1, 'rows': 3}
2025-11-12 11:44:59,402 INFO [cli] {'ticker': 'QQQ', 'mode': 'tri', 'thr': 50, 'window': '5Y', 'order': 2, 'rows': 9}
2025-11-12 11:44:59,413 INFO [cli] {'ticker': 'QQQ', 'mode': 'tri', 'thr': 50, 'window': '5Y', 'order': 3, 'rows': 27}
2025-11-12 11:44:59,420 INFO [cli] {'ticker': 'QQQ', 'mode': 'tri', 'thr': 50, 'window': '5Y', 'order': 4, 'rows': 81}
2025-11-12 11:44:59,431 INFO [cli] {'ticker': 'QQQ', 'mode': 'tri', 'thr': 50, 'window': '10Y', 'order': 1, 'rows': 3}

{'ticker': 'QQQ', 'mode': 'tri', 'thr': 10, 'window': '5Y', 'order': 3, 'rows': 27}
{'ticker': 'QQQ', 'mode': 'tri', 'thr': 10, 'window': '5Y', 'order': 4, 'rows': 72}
{'ticker': 'QQQ', 'mode': 'tri', 'thr': 10, 'window': '10Y', 'order': 1, 'rows': 3}
{'ticker': 'QQQ', 'mode': 'tri', 'thr': 10, 'window': '10Y', 'order': 2, 'rows': 9}
{'ticker': 'QQQ', 'mode': 'tri', 'thr': 10, 'window': '10Y', 'order': 3, 'rows': 27}
{'ticker': 'QQQ', 'mode': 'tri', 'thr': 10, 'window': '10Y', 'order': 4, 'rows': 77}
{'ticker': 'QQQ', 'mode': 'tri', 'thr': 10, 'window': '20Y', 'order': 1, 'rows': 3}
{'ticker': 'QQQ', 'mode': 'tri', 'thr': 10, 'window': '20Y', 'order': 2, 'rows': 9}
{'ticker': 'QQQ', 'mode': 'tri', 'thr': 10, 'window': '20Y', 'order': 3, 'rows': 27}
{'ticker': 'QQQ', 'mode': 'tri', 'thr': 10, 'window': '20Y', 'order': 4, 'rows': 79}
{'ticker': 'QQQ', 'mode': 'tri', 'thr': 10, 'window': 'MAX', 'order': 1, 'rows': 3}
{'ticker': 'QQQ', 'mode': 'tri', 'thr': 10, 'window': 'MAX', 'order': 2, 'rows': 9}
{'ticker': 'QQQ', 'mode': 'tri', 'thr': 10, 'window': 'MAX', 'order': 3, 'rows': 27}
{'ticker': 'QQQ', 'mode': 'tri', 'thr': 10, 'window': 'MAX', 'order': 4, 'rows': 79}
{'ticker': 'QQQ', 'mode': 'tri', 'thr': 15, 'window': '1Y', 'order': 1, 'rows': 3}
{'ticker': 'QQQ', 'mode': 'tri', 'thr': 15, 'window': '1Y', 'order': 2, 'rows': 9}
{'ticker': 'QQQ', 'mode': 'tri', 'thr': 15, 'window': '1Y', 'order': 3, 'rows': 25}
{'ticker': 'QQQ', 'mode': 'tri', 'thr': 15, 'window': '1Y', 'order': 4, 'rows': 58}
{'ticker': 'QQQ', 'mode': 'tri', 'thr': 15, 'window': '2Y', 'order': 1, 'rows': 3}
{'ticker': 'QQQ', 'mode': 'tri', 'thr': 15, 'window': '2Y', 'order': 2, 'rows': 9}
{'ticker': 'QQQ', 'mode': 'tri', 'thr': 15, 'window': '2Y', 'order': 3, 'rows': 27}
{'ticker': 'QQQ', 'mode': 'tri', 'thr': 15, 'window': '2Y', 'order': 4, 'rows': 69}
{'ticker': 'QQQ', 'mode': 'tri', 'thr': 15, 'window': '5Y', 'order': 1, 'rows': 3}
{'ticker': 'QQQ', 'mode': 'tri', 'thr': 15, 'window': '5Y', 'order': 2, 'rows': 9}
{'ticker': 'QQQ', 'mode': 'tri', 'thr': 15, 'window': '5Y', 'order': 3, 'rows': 27}
{'ticker': 'QQQ', 'mode': 'tri', 'thr': 15, 'window': '5Y', 'order': 4, 'rows': 75}
{'ticker': 'QQQ', 'mode': 'tri', 'thr': 15, 'window': '10Y', 'order': 1, 'rows': 3}
{'ticker': 'QQQ', 'mode': 'tri', 'thr': 15, 'window': '10Y', 'order': 2, 'rows': 9}
{'ticker': 'QQQ', 'mode': 'tri', 'thr': 15, 'window': '10Y', 'order': 3, 'rows': 27}
{'ticker': 'QQQ', 'mode': 'tri', 'thr': 15, 'window': '10Y', 'order': 4, 'rows': 80}
{'ticker': 'QQQ', 'mode': 'tri', 'thr': 15, 'window': '20Y', 'order': 1, 'rows': 3}
{'ticker': 'QQQ', 'mode': 'tri', 'thr': 15, 'window': '20Y', 'order': 2, 'rows': 9}
{'ticker': 'QQQ', 'mode': 'tri', 'thr': 15, 'window': '20Y', 'order': 3, 'rows': 27}
{'ticker': 'QQQ', 'mode': 'tri', 'thr': 15, 'window': '20Y', 'order': 4, 'rows': 81}
{'ticker': 'QQQ', 'mode': 'tri', 'thr': 15, 'window': 'MAX', 'order': 1, 'rows': 3}
{'ticker': 'QQQ', 'mode': 'tri', 'thr': 15, 'window': 'MAX', 'order': 2, 'rows': 9}
{'ticker': 'QQQ', 'mode': 'tri', 'thr': 15, 'window': 'MAX', 'order': 3, 'rows': 27}
{'ticker': 'QQQ', 'mode': 'tri', 'thr': 15, 'window': 'MAX', 'order': 4, 'rows': 81}
{'ticker': 'QQQ', 'mode': 'tri', 'thr': 20, 'window': '1Y', 'order': 1, 'rows': 3}
{'ticker': 'QQQ', 'mode': 'tri', 'thr': 20, 'window': '1Y', 'order': 2, 'rows': 9}
{'ticker': 'QQQ', 'mode': 'tri', 'thr': 20, 'window': '1Y', 'order': 3, 'rows': 27}
{'ticker': 'QQQ', 'mode': 'tri', 'thr': 20, 'window': '1Y', 'order': 4, 'rows': 71}
{'ticker': 'QQQ', 'mode': 'tri', 'thr': 20, 'window': '2Y', 'order': 1, 'rows': 3}
{'ticker': 'QQQ', 'mode': 'tri', 'thr': 20, 'window': '2Y', 'order': 2, 'rows': 9}
{'ticker': 'QQQ', 'mode': 'tri', 'thr': 20, 'window': '2Y', 'order': 3, 'rows': 27}
{'ticker': 'QQQ', 'mode': 'tri', 'thr': 20, 'window': '2Y', 'order': 4, 'rows': 75}
{'ticker': 'QQQ', 'mode': 'tri', 'thr': 20, 'window': '5Y', 'order': 1, 'rows': 3}
{'ticker': 'QQQ', 'mode': 'tri', 'thr': 20, 'window': '5Y', 'order': 2, 'rows': 9}
{'ticker': 'QQQ', 'mode': 'tri', 'thr': 20, 'window': '5Y', 'order': 3, 'rows': 27}
{'ticker': 'QQQ', 'mode': 'tri', 'thr': 20, 'window': '5Y', 'order': 4, 'rows': 77}
{'ticker': 'QQQ', 'mode': 'tri', 'thr': 20, 'window': '10Y', 'order': 1, 'rows': 3}
{'ticker': 'QQQ', 'mode': 'tri', 'thr': 20, 'window': '10Y', 'order': 2, 'rows': 9}
{'ticker': 'QQQ', 'mode': 'tri', 'thr': 20, 'window': '10Y', 'order': 3, 'rows': 27}
{'ticker': 'QQQ', 'mode': 'tri', 'thr': 20, 'window': '10Y', 'order': 4, 'rows': 81}
{'ticker': 'QQQ', 'mode': 'tri', 'thr': 20, 'window': '20Y', 'order': 1, 'rows': 3}
{'ticker': 'QQQ', 'mode': 'tri', 'thr': 20, 'window': '20Y', 'order': 2, 'rows': 9}
{'ticker': 'QQQ', 'mode': 'tri', 'thr': 20, 'window': '20Y', 'order': 3, 'rows': 27}
{'ticker': 'QQQ', 'mode': 'tri', 'thr': 20, 'window': '20Y', 'order': 4, 'rows': 81}
{'ticker': 'QQQ', 'mode': 'tri', 'thr': 20, 'window': 'MAX', 'order': 1, 'rows': 3}
{'ticker': 'QQQ', 'mode': 'tri', 'thr': 20, 'window': 'MAX', 'order': 2, 'rows': 9}
{'ticker': 'QQQ', 'mode': 'tri', 'thr': 20, 'window': 'MAX', 'order': 3, 'rows': 27}
{'ticker': 'QQQ', 'mode': 'tri', 'thr': 20, 'window': 'MAX', 'order': 4, 'rows': 81}
{'ticker': 'QQQ', 'mode': 'tri', 'thr': 25, 'window': '1Y', 'order': 1, 'rows': 3}
{'ticker': 'QQQ', 'mode': 'tri', 'thr': 25, 'window': '1Y', 'order': 2, 'rows': 9}
{'ticker': 'QQQ', 'mode': 'tri', 'thr': 25, 'window': '1Y', 'order': 3, 'rows': 27}
{'ticker': 'QQQ', 'mode': 'tri', 'thr': 25, 'window': '1Y', 'order': 4, 'rows': 72}
{'ticker': 'QQQ', 'mode': 'tri', 'thr': 25, 'window': '2Y', 'order': 1, 'rows': 3}
{'ticker': 'QQQ', 'mode': 'tri', 'thr': 25, 'window': '2Y', 'order': 2, 'rows': 9}
{'ticker': 'QQQ', 'mode': 'tri', 'thr': 25, 'window': '2Y', 'order': 3, 'rows': 27}
{'ticker': 'QQQ', 'mode': 'tri', 'thr': 25, 'window': '2Y', 'order': 4, 'rows': 76}
{'ticker': 'QQQ', 'mode': 'tri', 'thr': 25, 'window': '5Y', 'order': 1, 'rows': 3}
{'ticker': 'QQQ', 'mode': 'tri', 'thr': 25, 'window': '5Y', 'order': 2, 'rows': 9}
{'ticker': 'QQQ', 'mode': 'tri', 'thr': 25, 'window': '5Y', 'order': 3, 'rows': 27}
{'ticker': 'QQQ', 'mode': 'tri', 'thr': 25, 'window': '5Y', 'order': 4, 'rows': 79}
{'ticker': 'QQQ', 'mode': 'tri', 'thr': 25, 'window': '10Y', 'order': 1, 'rows': 3}
{'ticker': 'QQQ', 'mode': 'tri', 'thr': 25, 'window': '10Y', 'order': 2, 'rows': 9}
{'ticker': 'QQQ', 'mode': 'tri', 'thr': 25, 'window': '10Y', 'order': 3, 'rows': 27}
{'ticker': 'QQQ', 'mode': 'tri', 'thr': 25, 'window': '10Y', 'order': 4, 'rows': 81}
{'ticker': 'QQQ', 'mode': 'tri', 'thr': 25, 'window': '20Y', 'order': 1, 'rows': 3}
{'ticker': 'QQQ', 'mode': 'tri', 'thr': 25, 'window': '20Y', 'order': 2, 'rows': 9}
{'ticker': 'QQQ', 'mode': 'tri', 'thr': 25, 'window': '20Y', 'order': 3, 'rows': 27}
{'ticker': 'QQQ', 'mode': 'tri', 'thr': 25, 'window': '20Y', 'order': 4, 'rows': 81}
{'ticker': 'QQQ', 'mode': 'tri', 'thr': 25, 'window': 'MAX', 'order': 1, 'rows': 3}
{'ticker': 'QQQ', 'mode': 'tri', 'thr': 25, 'window': 'MAX', 'order': 2, 'rows': 9}
{'ticker': 'QQQ', 'mode': 'tri', 'thr': 25, 'window': 'MAX', 'order': 3, 'rows': 27}
{'ticker': 'QQQ', 'mode': 'tri', 'thr': 25, 'window': 'MAX', 'order': 4, 'rows': 81}
{'ticker': 'QQQ', 'mode': 'tri', 'thr': 30, 'window': '1Y', 'order': 1, 'rows': 3}
{'ticker': 'QQQ', 'mode': 'tri', 'thr': 30, 'window': '1Y', 'order': 2, 'rows': 9}
{'ticker': 'QQQ', 'mode': 'tri', 'thr': 30, 'window': '1Y', 'order': 3, 'rows': 27}
{'ticker': 'QQQ', 'mode': 'tri', 'thr': 30, 'window': '1Y', 'order': 4, 'rows': 73}
{'ticker': 'QQQ', 'mode': 'tri', 'thr': 30, 'window': '2Y', 'order': 1, 'rows': 3}
{'ticker': 'QQQ', 'mode': 'tri', 'thr': 30, 'window': '2Y', 'order': 2, 'rows': 9}
{'ticker': 'QQQ', 'mode': 'tri', 'thr': 30, 'window': '2Y', 'order': 3, 'rows': 27}
{'ticker': 'QQQ', 'mode': 'tri', 'thr': 30, 'window': '2Y', 'order': 4, 'rows': 79}
{'ticker': 'QQQ', 'mode': 'tri', 'thr': 30, 'window': '5Y', 'order': 1, 'rows': 3}
{'ticker': 'QQQ', 'mode': 'tri', 'thr': 30, 'window': '5Y', 'order': 2, 'rows': 9}
{'ticker': 'QQQ', 'mode': 'tri', 'thr': 30, 'window': '5Y', 'order': 3, 'rows': 27}
{'ticker': 'QQQ', 'mode': 'tri', 'thr': 30, 'window': '5Y', 'order': 4, 'rows': 80}2025-11-12 11:44:59,442 INFO [cli] {'ticker': 'QQQ', 'mode': 'tri', 'thr': 50, 'window': '10Y', 'order': 2, 'rows': 9}
2025-11-12 11:44:59,452 INFO [cli] {'ticker': 'QQQ', 'mode': 'tri', 'thr': 50, 'window': '10Y', 'order': 3, 'rows': 27}
2025-11-12 11:44:59,461 INFO [cli] {'ticker': 'QQQ', 'mode': 'tri', 'thr': 50, 'window': '10Y', 'order': 4, 'rows': 81}
2025-11-12 11:44:59,472 INFO [cli] {'ticker': 'QQQ', 'mode': 'tri', 'thr': 50, 'window': '20Y', 'order': 1, 'rows': 3}
2025-11-12 11:44:59,484 INFO [cli] {'ticker': 'QQQ', 'mode': 'tri', 'thr': 50, 'window': '20Y', 'order': 2, 'rows': 9}
2025-11-12 11:44:59,497 INFO [cli] {'ticker': 'QQQ', 'mode': 'tri', 'thr': 50, 'window': '20Y', 'order': 3, 'rows': 27}
2025-11-12 11:44:59,504 INFO [cli] {'ticker': 'QQQ', 'mode': 'tri', 'thr': 50, 'window': '20Y', 'order': 4, 'rows': 81}
2025-11-12 11:44:59,512 INFO [cli] {'ticker': 'QQQ', 'mode': 'tri', 'thr': 50, 'window': 'MAX', 'order': 1, 'rows': 3}
2025-11-12 11:44:59,522 INFO [cli] {'ticker': 'QQQ', 'mode': 'tri', 'thr': 50, 'window': 'MAX', 'order': 2, 'rows': 9}
2025-11-12 11:44:59,530 INFO [cli] {'ticker': 'QQQ', 'mode': 'tri', 'thr': 50, 'window': 'MAX', 'order': 3, 'rows': 27}
2025-11-12 11:44:59,539 INFO [cli] {'ticker': 'QQQ', 'mode': 'tri', 'thr': 50, 'window': 'MAX', 'order': 4, 'rows': 81}
2025-11-12 11:44:59,554 INFO [cli] {'ticker': 'QQQ', 'mode': 'tri', 'thr': 55, 'window': '1Y', 'order': 1, 'rows': 3}
2025-11-12 11:44:59,564 INFO [cli] {'ticker': 'QQQ', 'mode': 'tri', 'thr': 55, 'window': '1Y', 'order': 2, 'rows': 9}
2025-11-12 11:44:59,573 INFO [cli] {'ticker': 'QQQ', 'mode': 'tri', 'thr': 55, 'window': '1Y', 'order': 3, 'rows': 27}
2025-11-12 11:44:59,581 INFO [cli] {'ticker': 'QQQ', 'mode': 'tri', 'thr': 55, 'window': '1Y', 'order': 4, 'rows': 74}
2025-11-12 11:44:59,590 INFO [cli] {'ticker': 'QQQ', 'mode': 'tri', 'thr': 55, 'window': '2Y', 'order': 1, 'rows': 3}
2025-11-12 11:44:59,599 INFO [cli] {'ticker': 'QQQ', 'mode': 'tri', 'thr': 55, 'window': '2Y', 'order': 2, 'rows': 9}
2025-11-12 11:44:59,606 INFO [cli] {'ticker': 'QQQ', 'mode': 'tri', 'thr': 55, 'window': '2Y', 'order': 3, 'rows': 27}
2025-11-12 11:44:59,616 INFO [cli] {'ticker': 'QQQ', 'mode': 'tri', 'thr': 55, 'window': '2Y', 'order': 4, 'rows': 80}
2025-11-12 11:44:59,625 INFO [cli] {'ticker': 'QQQ', 'mode': 'tri', 'thr': 55, 'window': '5Y', 'order': 1, 'rows': 3}
2025-11-12 11:44:59,634 INFO [cli] {'ticker': 'QQQ', 'mode': 'tri', 'thr': 55, 'window': '5Y', 'order': 2, 'rows': 9}
2025-11-12 11:44:59,645 INFO [cli] {'ticker': 'QQQ', 'mode': 'tri', 'thr': 55, 'window': '5Y', 'order': 3, 'rows': 27}
2025-11-12 11:44:59,654 INFO [cli] {'ticker': 'QQQ', 'mode': 'tri', 'thr': 55, 'window': '5Y', 'order': 4, 'rows': 81}
2025-11-12 11:44:59,663 INFO [cli] {'ticker': 'QQQ', 'mode': 'tri', 'thr': 55, 'window': '10Y', 'order': 1, 'rows': 3}
2025-11-12 11:44:59,673 INFO [cli] {'ticker': 'QQQ', 'mode': 'tri', 'thr': 55, 'window': '10Y', 'order': 2, 'rows': 9}
2025-11-12 11:44:59,686 INFO [cli] {'ticker': 'QQQ', 'mode': 'tri', 'thr': 55, 'window': '10Y', 'order': 3, 'rows': 27}
2025-11-12 11:44:59,694 INFO [cli] {'ticker': 'QQQ', 'mode': 'tri', 'thr': 55, 'window': '10Y', 'order': 4, 'rows': 81}
2025-11-12 11:44:59,702 INFO [cli] {'ticker': 'QQQ', 'mode': 'tri', 'thr': 55, 'window': '20Y', 'order': 1, 'rows': 3}
2025-11-12 11:44:59,713 INFO [cli] {'ticker': 'QQQ', 'mode': 'tri', 'thr': 55, 'window': '20Y', 'order': 2, 'rows': 9}
2025-11-12 11:44:59,723 INFO [cli] {'ticker': 'QQQ', 'mode': 'tri', 'thr': 55, 'window': '20Y', 'order': 3, 'rows': 27}
2025-11-12 11:44:59,734 INFO [cli] {'ticker': 'QQQ', 'mode': 'tri', 'thr': 55, 'window': '20Y', 'order': 4, 'rows': 81}
2025-11-12 11:44:59,744 INFO [cli] {'ticker': 'QQQ', 'mode': 'tri', 'thr': 55, 'window': 'MAX', 'order': 1, 'rows': 3}
2025-11-12 11:44:59,753 INFO [cli] {'ticker': 'QQQ', 'mode': 'tri', 'thr': 55, 'window': 'MAX', 'order': 2, 'rows': 9}
2025-11-12 11:44:59,763 INFO [cli] {'ticker': 'QQQ', 'mode': 'tri', 'thr': 55, 'window': 'MAX', 'order': 3, 'rows': 27}
2025-11-12 11:44:59,772 INFO [cli] {'ticker': 'QQQ', 'mode': 'tri', 'thr': 55, 'window': 'MAX', 'order': 4, 'rows': 81}
2025-11-12 11:44:59,789 INFO [cli] {'ticker': 'QQQ', 'mode': 'tri', 'thr': 60, 'window': '1Y', 'order': 1, 'rows': 3}
2025-11-12 11:44:59,800 INFO [cli] {'ticker': 'QQQ', 'mode': 'tri', 'thr': 60, 'window': '1Y', 'order': 2, 'rows': 9}
2025-11-12 11:44:59,808 INFO [cli] {'ticker': 'QQQ', 'mode': 'tri', 'thr': 60, 'window': '1Y', 'order': 3, 'rows': 27}
2025-11-12 11:44:59,818 INFO [cli] {'ticker': 'QQQ', 'mode': 'tri', 'thr': 60, 'window': '1Y', 'order': 4, 'rows': 70}
2025-11-12 11:44:59,827 INFO [cli] {'ticker': 'QQQ', 'mode': 'tri', 'thr': 60, 'window': '2Y', 'order': 1, 'rows': 3}
2025-11-12 11:44:59,835 INFO [cli] {'ticker': 'QQQ', 'mode': 'tri', 'thr': 60, 'window': '2Y', 'order': 2, 'rows': 9}
2025-11-12 11:44:59,843 INFO [cli] {'ticker': 'QQQ', 'mode': 'tri', 'thr': 60, 'window': '2Y', 'order': 3, 'rows': 27}
2025-11-12 11:44:59,851 INFO [cli] {'ticker': 'QQQ', 'mode': 'tri', 'thr': 60, 'window': '2Y', 'order': 4, 'rows': 78}
2025-11-12 11:44:59,861 INFO [cli] {'ticker': 'QQQ', 'mode': 'tri', 'thr': 60, 'window': '5Y', 'order': 1, 'rows': 3}
2025-11-12 11:44:59,869 INFO [cli] {'ticker': 'QQQ', 'mode': 'tri', 'thr': 60, 'window': '5Y', 'order': 2, 'rows': 9}
2025-11-12 11:44:59,879 INFO [cli] {'ticker': 'QQQ', 'mode': 'tri', 'thr': 60, 'window': '5Y', 'order': 3, 'rows': 27}
2025-11-12 11:44:59,889 INFO [cli] {'ticker': 'QQQ', 'mode': 'tri', 'thr': 60, 'window': '5Y', 'order': 4, 'rows': 81}
2025-11-12 11:44:59,898 INFO [cli] {'ticker': 'QQQ', 'mode': 'tri', 'thr': 60, 'window': '10Y', 'order': 1, 'rows': 3}
2025-11-12 11:44:59,908 INFO [cli] {'ticker': 'QQQ', 'mode': 'tri', 'thr': 60, 'window': '10Y', 'order': 2, 'rows': 9}
2025-11-12 11:44:59,917 INFO [cli] {'ticker': 'QQQ', 'mode': 'tri', 'thr': 60, 'window': '10Y', 'order': 3, 'rows': 27}
2025-11-12 11:44:59,926 INFO [cli] {'ticker': 'QQQ', 'mode': 'tri', 'thr': 60, 'window': '10Y', 'order': 4, 'rows': 81}
2025-11-12 11:44:59,936 INFO [cli] {'ticker': 'QQQ', 'mode': 'tri', 'thr': 60, 'window': '20Y', 'order': 1, 'rows': 3}
2025-11-12 11:44:59,945 INFO [cli] {'ticker': 'QQQ', 'mode': 'tri', 'thr': 60, 'window': '20Y', 'order': 2, 'rows': 9}
2025-11-12 11:44:59,955 INFO [cli] {'ticker': 'QQQ', 'mode': 'tri', 'thr': 60, 'window': '20Y', 'order': 3, 'rows': 27}
2025-11-12 11:44:59,964 INFO [cli] {'ticker': 'QQQ', 'mode': 'tri', 'thr': 60, 'window': '20Y', 'order': 4, 'rows': 81}
2025-11-12 11:44:59,973 INFO [cli] {'ticker': 'QQQ', 'mode': 'tri', 'thr': 60, 'window': 'MAX', 'order': 1, 'rows': 3}
2025-11-12 11:44:59,983 INFO [cli] {'ticker': 'QQQ', 'mode': 'tri', 'thr': 60, 'window': 'MAX', 'order': 2, 'rows': 9}
2025-11-12 11:44:59,995 INFO [cli] {'ticker': 'QQQ', 'mode': 'tri', 'thr': 60, 'window': 'MAX', 'order': 3, 'rows': 27}
2025-11-12 11:45:00,007 INFO [cli] {'ticker': 'QQQ', 'mode': 'tri', 'thr': 60, 'window': 'MAX', 'order': 4, 'rows': 81}
2025-11-12 11:45:00,027 INFO [cli] {'ticker': 'QQQ', 'mode': 'tri', 'thr': 65, 'window': '1Y', 'order': 1, 'rows': 3}
2025-11-12 11:45:00,039 INFO [cli] {'ticker': 'QQQ', 'mode': 'tri', 'thr': 65, 'window': '1Y', 'order': 2, 'rows': 9}
2025-11-12 11:45:00,049 INFO [cli] {'ticker': 'QQQ', 'mode': 'tri', 'thr': 65, 'window': '1Y', 'order': 3, 'rows': 27}
2025-11-12 11:45:00,059 INFO [cli] {'ticker': 'QQQ', 'mode': 'tri', 'thr': 65, 'window': '1Y', 'order': 4, 'rows': 68}
2025-11-12 11:45:00,069 INFO [cli] {'ticker': 'QQQ', 'mode': 'tri', 'thr': 65, 'window': '2Y', 'order': 1, 'rows': 3}
2025-11-12 11:45:00,079 INFO [cli] {'ticker': 'QQQ', 'mode': 'tri', 'thr': 65, 'window': '2Y', 'order': 2, 'rows': 9}
2025-11-12 11:45:00,090 INFO [cli] {'ticker': 'QQQ', 'mode': 'tri', 'thr': 65, 'window': '2Y', 'order': 3, 'rows': 27}
2025-11-12 11:45:00,101 INFO [cli] {'ticker': 'QQQ', 'mode': 'tri', 'thr': 65, 'window': '2Y', 'order': 4, 'rows': 77}
2025-11-12 11:45:00,112 INFO [cli] {'ticker': 'QQQ', 'mode': 'tri', 'thr': 65, 'window': '5Y', 'order': 1, 'rows': 3}
2025-11-12 11:45:00,124 INFO [cli] {'ticker': 'QQQ', 'mode': 'tri', 'thr': 65, 'window': '5Y', 'order': 2, 'rows': 9}
2025-11-12 11:45:00,134 INFO [cli] {'ticker': 'QQQ', 'mode': 'tri', 'thr': 65, 'window': '5Y', 'order': 3, 'rows': 27}
2025-11-12 11:45:00,144 INFO [cli] {'ticker': 'QQQ', 'mode': 'tri', 'thr': 65, 'window': '5Y', 'order': 4, 'rows': 81}
2025-11-12 11:45:00,154 INFO [cli] {'ticker': 'QQQ', 'mode': 'tri', 'thr': 65, 'window': '10Y', 'order': 1, 'rows': 3}
2025-11-12 11:45:00,163 INFO [cli] {'ticker': 'QQQ', 'mode': 'tri', 'thr': 65, 'window': '10Y', 'order': 2, 'rows': 9}
2025-11-12 11:45:00,173 INFO [cli] {'ticker': 'QQQ', 'mode': 'tri', 'thr': 65, 'window': '10Y', 'order': 3, 'rows': 27}
2025-11-12 11:45:00,184 INFO [cli] {'ticker': 'QQQ', 'mode': 'tri', 'thr': 65, 'window': '10Y', 'order': 4, 'rows': 81}
2025-11-12 11:45:00,192 INFO [cli] {'ticker': 'QQQ', 'mode': 'tri', 'thr': 65, 'window': '20Y', 'order': 1, 'rows': 3}
2025-11-12 11:45:00,204 INFO [cli] {'ticker': 'QQQ', 'mode': 'tri', 'thr': 65, 'window': '20Y', 'order': 2, 'rows': 9}
2025-11-12 11:45:00,214 INFO [cli] {'ticker': 'QQQ', 'mode': 'tri', 'thr': 65, 'window': '20Y', 'order': 3, 'rows': 27}
2025-11-12 11:45:00,222 INFO [cli] {'ticker': 'QQQ', 'mode': 'tri', 'thr': 65, 'window': '20Y', 'order': 4, 'rows': 81}
2025-11-12 11:45:00,232 INFO [cli] {'ticker': 'QQQ', 'mode': 'tri', 'thr': 65, 'window': 'MAX', 'order': 1, 'rows': 3}
2025-11-12 11:45:00,249 INFO [cli] {'ticker': 'QQQ', 'mode': 'tri', 'thr': 65, 'window': 'MAX', 'order': 2, 'rows': 9}
2025-11-12 11:45:00,258 INFO [cli] {'ticker': 'QQQ', 'mode': 'tri', 'thr': 65, 'window': 'MAX', 'order': 3, 'rows': 27}
2025-11-12 11:45:00,269 INFO [cli] {'ticker': 'QQQ', 'mode': 'tri', 'thr': 65, 'window': 'MAX', 'order': 4, 'rows': 81}
2025-11-12 11:45:00,284 INFO [cli] {'ticker': 'QQQ', 'mode': 'tri', 'thr': 70, 'window': '1Y', 'order': 1, 'rows': 3}
2025-11-12 11:45:00,295 INFO [cli] {'ticker': 'QQQ', 'mode': 'tri', 'thr': 70, 'window': '1Y', 'order': 2, 'rows': 9}
2025-11-12 11:45:00,305 INFO [cli] {'ticker': 'QQQ', 'mode': 'tri', 'thr': 70, 'window': '1Y', 'order': 3, 'rows': 27}
2025-11-12 11:45:00,313 INFO [cli] {'ticker': 'QQQ', 'mode': 'tri', 'thr': 70, 'window': '1Y', 'order': 4, 'rows': 66}
2025-11-12 11:45:00,324 INFO [cli] {'ticker': 'QQQ', 'mode': 'tri', 'thr': 70, 'window': '2Y', 'order': 1, 'rows': 3}
2025-11-12 11:45:00,335 INFO [cli] {'ticker': 'QQQ', 'mode': 'tri', 'thr': 70, 'window': '2Y', 'order': 2, 'rows': 9}
2025-11-12 11:45:00,346 INFO [cli] {'ticker': 'QQQ', 'mode': 'tri', 'thr': 70, 'window': '2Y', 'order': 3, 'rows': 27}
2025-11-12 11:45:00,357 INFO [cli] {'ticker': 'QQQ', 'mode': 'tri', 'thr': 70, 'window': '2Y', 'order': 4, 'rows': 76}
2025-11-12 11:45:00,366 INFO [cli] {'ticker': 'QQQ', 'mode': 'tri', 'thr': 70, 'window': '5Y', 'order': 1, 'rows': 3}
2025-11-12 11:45:00,376 INFO [cli] {'ticker': 'QQQ', 'mode': 'tri', 'thr': 70, 'window': '5Y', 'order': 2, 'rows': 9}
2025-11-12 11:45:00,388 INFO [cli] {'ticker': 'QQQ', 'mode': 'tri', 'thr': 70, 'window': '5Y', 'order': 3, 'rows': 27}
2025-11-12 11:45:00,399 INFO [cli] {'ticker': 'QQQ', 'mode': 'tri', 'thr': 70, 'window': '5Y', 'order': 4, 'rows': 81}
2025-11-12 11:45:00,407 INFO [cli] {'ticker': 'QQQ', 'mode': 'tri', 'thr': 70, 'window': '10Y', 'order': 1, 'rows': 3}
2025-11-12 11:45:00,419 INFO [cli] {'ticker': 'QQQ', 'mode': 'tri', 'thr': 70, 'window': '10Y', 'order': 2, 'rows': 9}
2025-11-12 11:45:00,429 INFO [cli] {'ticker': 'QQQ', 'mode': 'tri', 'thr': 70, 'window': '10Y', 'order': 3, 'rows': 27}

{'ticker': 'QQQ', 'mode': 'tri', 'thr': 30, 'window': '10Y', 'order': 1, 'rows': 3}
{'ticker': 'QQQ', 'mode': 'tri', 'thr': 30, 'window': '10Y', 'order': 2, 'rows': 9}
{'ticker': 'QQQ', 'mode': 'tri', 'thr': 30, 'window': '10Y', 'order': 3, 'rows': 27}
{'ticker': 'QQQ', 'mode': 'tri', 'thr': 30, 'window': '10Y', 'order': 4, 'rows': 81}
{'ticker': 'QQQ', 'mode': 'tri', 'thr': 30, 'window': '20Y', 'order': 1, 'rows': 3}
{'ticker': 'QQQ', 'mode': 'tri', 'thr': 30, 'window': '20Y', 'order': 2, 'rows': 9}
{'ticker': 'QQQ', 'mode': 'tri', 'thr': 30, 'window': '20Y', 'order': 3, 'rows': 27}
{'ticker': 'QQQ', 'mode': 'tri', 'thr': 30, 'window': '20Y', 'order': 4, 'rows': 81}
{'ticker': 'QQQ', 'mode': 'tri', 'thr': 30, 'window': 'MAX', 'order': 1, 'rows': 3}
{'ticker': 'QQQ', 'mode': 'tri', 'thr': 30, 'window': 'MAX', 'order': 2, 'rows': 9}
{'ticker': 'QQQ', 'mode': 'tri', 'thr': 30, 'window': 'MAX', 'order': 3, 'rows': 27}
{'ticker': 'QQQ', 'mode': 'tri', 'thr': 30, 'window': 'MAX', 'order': 4, 'rows': 81}
{'ticker': 'QQQ', 'mode': 'tri', 'thr': 35, 'window': '1Y', 'order': 1, 'rows': 3}
{'ticker': 'QQQ', 'mode': 'tri', 'thr': 35, 'window': '1Y', 'order': 2, 'rows': 9}
{'ticker': 'QQQ', 'mode': 'tri', 'thr': 35, 'window': '1Y', 'order': 3, 'rows': 27}
{'ticker': 'QQQ', 'mode': 'tri', 'thr': 35, 'window': '1Y', 'order': 4, 'rows': 74}
{'ticker': 'QQQ', 'mode': 'tri', 'thr': 35, 'window': '2Y', 'order': 1, 'rows': 3}
{'ticker': 'QQQ', 'mode': 'tri', 'thr': 35, 'window': '2Y', 'order': 2, 'rows': 9}
{'ticker': 'QQQ', 'mode': 'tri', 'thr': 35, 'window': '2Y', 'order': 3, 'rows': 27}
{'ticker': 'QQQ', 'mode': 'tri', 'thr': 35, 'window': '2Y', 'order': 4, 'rows': 79}
{'ticker': 'QQQ', 'mode': 'tri', 'thr': 35, 'window': '5Y', 'order': 1, 'rows': 3}
{'ticker': 'QQQ', 'mode': 'tri', 'thr': 35, 'window': '5Y', 'order': 2, 'rows': 9}
{'ticker': 'QQQ', 'mode': 'tri', 'thr': 35, 'window': '5Y', 'order': 3, 'rows': 27}
{'ticker': 'QQQ', 'mode': 'tri', 'thr': 35, 'window': '5Y', 'order': 4, 'rows': 81}
{'ticker': 'QQQ', 'mode': 'tri', 'thr': 35, 'window': '10Y', 'order': 1, 'rows': 3}
{'ticker': 'QQQ', 'mode': 'tri', 'thr': 35, 'window': '10Y', 'order': 2, 'rows': 9}
{'ticker': 'QQQ', 'mode': 'tri', 'thr': 35, 'window': '10Y', 'order': 3, 'rows': 27}
{'ticker': 'QQQ', 'mode': 'tri', 'thr': 35, 'window': '10Y', 'order': 4, 'rows': 81}
{'ticker': 'QQQ', 'mode': 'tri', 'thr': 35, 'window': '20Y', 'order': 1, 'rows': 3}
{'ticker': 'QQQ', 'mode': 'tri', 'thr': 35, 'window': '20Y', 'order': 2, 'rows': 9}
{'ticker': 'QQQ', 'mode': 'tri', 'thr': 35, 'window': '20Y', 'order': 3, 'rows': 27}
{'ticker': 'QQQ', 'mode': 'tri', 'thr': 35, 'window': '20Y', 'order': 4, 'rows': 81}
{'ticker': 'QQQ', 'mode': 'tri', 'thr': 35, 'window': 'MAX', 'order': 1, 'rows': 3}
{'ticker': 'QQQ', 'mode': 'tri', 'thr': 35, 'window': 'MAX', 'order': 2, 'rows': 9}
{'ticker': 'QQQ', 'mode': 'tri', 'thr': 35, 'window': 'MAX', 'order': 3, 'rows': 27}
{'ticker': 'QQQ', 'mode': 'tri', 'thr': 35, 'window': 'MAX', 'order': 4, 'rows': 81}
{'ticker': 'QQQ', 'mode': 'tri', 'thr': 40, 'window': '1Y', 'order': 1, 'rows': 3}
{'ticker': 'QQQ', 'mode': 'tri', 'thr': 40, 'window': '1Y', 'order': 2, 'rows': 9}
{'ticker': 'QQQ', 'mode': 'tri', 'thr': 40, 'window': '1Y', 'order': 3, 'rows': 27}
{'ticker': 'QQQ', 'mode': 'tri', 'thr': 40, 'window': '1Y', 'order': 4, 'rows': 75}
{'ticker': 'QQQ', 'mode': 'tri', 'thr': 40, 'window': '2Y', 'order': 1, 'rows': 3}
{'ticker': 'QQQ', 'mode': 'tri', 'thr': 40, 'window': '2Y', 'order': 2, 'rows': 9}
{'ticker': 'QQQ', 'mode': 'tri', 'thr': 40, 'window': '2Y', 'order': 3, 'rows': 27}
{'ticker': 'QQQ', 'mode': 'tri', 'thr': 40, 'window': '2Y', 'order': 4, 'rows': 79}
{'ticker': 'QQQ', 'mode': 'tri', 'thr': 40, 'window': '5Y', 'order': 1, 'rows': 3}
{'ticker': 'QQQ', 'mode': 'tri', 'thr': 40, 'window': '5Y', 'order': 2, 'rows': 9}
{'ticker': 'QQQ', 'mode': 'tri', 'thr': 40, 'window': '5Y', 'order': 3, 'rows': 27}
{'ticker': 'QQQ', 'mode': 'tri', 'thr': 40, 'window': '5Y', 'order': 4, 'rows': 81}
{'ticker': 'QQQ', 'mode': 'tri', 'thr': 40, 'window': '10Y', 'order': 1, 'rows': 3}
{'ticker': 'QQQ', 'mode': 'tri', 'thr': 40, 'window': '10Y', 'order': 2, 'rows': 9}
{'ticker': 'QQQ', 'mode': 'tri', 'thr': 40, 'window': '10Y', 'order': 3, 'rows': 27}
{'ticker': 'QQQ', 'mode': 'tri', 'thr': 40, 'window': '10Y', 'order': 4, 'rows': 81}
{'ticker': 'QQQ', 'mode': 'tri', 'thr': 40, 'window': '20Y', 'order': 1, 'rows': 3}
{'ticker': 'QQQ', 'mode': 'tri', 'thr': 40, 'window': '20Y', 'order': 2, 'rows': 9}
{'ticker': 'QQQ', 'mode': 'tri', 'thr': 40, 'window': '20Y', 'order': 3, 'rows': 27}
{'ticker': 'QQQ', 'mode': 'tri', 'thr': 40, 'window': '20Y', 'order': 4, 'rows': 81}
{'ticker': 'QQQ', 'mode': 'tri', 'thr': 40, 'window': 'MAX', 'order': 1, 'rows': 3}
{'ticker': 'QQQ', 'mode': 'tri', 'thr': 40, 'window': 'MAX', 'order': 2, 'rows': 9}
{'ticker': 'QQQ', 'mode': 'tri', 'thr': 40, 'window': 'MAX', 'order': 3, 'rows': 27}
{'ticker': 'QQQ', 'mode': 'tri', 'thr': 40, 'window': 'MAX', 'order': 4, 'rows': 81}
{'ticker': 'QQQ', 'mode': 'tri', 'thr': 45, 'window': '1Y', 'order': 1, 'rows': 3}
{'ticker': 'QQQ', 'mode': 'tri', 'thr': 45, 'window': '1Y', 'order': 2, 'rows': 9}
{'ticker': 'QQQ', 'mode': 'tri', 'thr': 45, 'window': '1Y', 'order': 3, 'rows': 27}
{'ticker': 'QQQ', 'mode': 'tri', 'thr': 45, 'window': '1Y', 'order': 4, 'rows': 74}
{'ticker': 'QQQ', 'mode': 'tri', 'thr': 45, 'window': '2Y', 'order': 1, 'rows': 3}
{'ticker': 'QQQ', 'mode': 'tri', 'thr': 45, 'window': '2Y', 'order': 2, 'rows': 9}
{'ticker': 'QQQ', 'mode': 'tri', 'thr': 45, 'window': '2Y', 'order': 3, 'rows': 27}
{'ticker': 'QQQ', 'mode': 'tri', 'thr': 45, 'window': '2Y', 'order': 4, 'rows': 79}
{'ticker': 'QQQ', 'mode': 'tri', 'thr': 45, 'window': '5Y', 'order': 1, 'rows': 3}
{'ticker': 'QQQ', 'mode': 'tri', 'thr': 45, 'window': '5Y', 'order': 2, 'rows': 9}
{'ticker': 'QQQ', 'mode': 'tri', 'thr': 45, 'window': '5Y', 'order': 3, 'rows': 27}
{'ticker': 'QQQ', 'mode': 'tri', 'thr': 45, 'window': '5Y', 'order': 4, 'rows': 81}
{'ticker': 'QQQ', 'mode': 'tri', 'thr': 45, 'window': '10Y', 'order': 1, 'rows': 3}
{'ticker': 'QQQ', 'mode': 'tri', 'thr': 45, 'window': '10Y', 'order': 2, 'rows': 9}
{'ticker': 'QQQ', 'mode': 'tri', 'thr': 45, 'window': '10Y', 'order': 3, 'rows': 27}
{'ticker': 'QQQ', 'mode': 'tri', 'thr': 45, 'window': '10Y', 'order': 4, 'rows': 81}
{'ticker': 'QQQ', 'mode': 'tri', 'thr': 45, 'window': '20Y', 'order': 1, 'rows': 3}
{'ticker': 'QQQ', 'mode': 'tri', 'thr': 45, 'window': '20Y', 'order': 2, 'rows': 9}
{'ticker': 'QQQ', 'mode': 'tri', 'thr': 45, 'window': '20Y', 'order': 3, 'rows': 27}
{'ticker': 'QQQ', 'mode': 'tri', 'thr': 45, 'window': '20Y', 'order': 4, 'rows': 81}
{'ticker': 'QQQ', 'mode': 'tri', 'thr': 45, 'window': 'MAX', 'order': 1, 'rows': 3}
{'ticker': 'QQQ', 'mode': 'tri', 'thr': 45, 'window': 'MAX', 'order': 2, 'rows': 9}
{'ticker': 'QQQ', 'mode': 'tri', 'thr': 45, 'window': 'MAX', 'order': 3, 'rows': 27}
{'ticker': 'QQQ', 'mode': 'tri', 'thr': 45, 'window': 'MAX', 'order': 4, 'rows': 81}
{'ticker': 'QQQ', 'mode': 'tri', 'thr': 50, 'window': '1Y', 'order': 1, 'rows': 3}
{'ticker': 'QQQ', 'mode': 'tri', 'thr': 50, 'window': '1Y', 'order': 2, 'rows': 9}
{'ticker': 'QQQ', 'mode': 'tri', 'thr': 50, 'window': '1Y', 'order': 3, 'rows': 27}
{'ticker': 'QQQ', 'mode': 'tri', 'thr': 50, 'window': '1Y', 'order': 4, 'rows': 75}
{'ticker': 'QQQ', 'mode': 'tri', 'thr': 50, 'window': '2Y', 'order': 1, 'rows': 3}
{'ticker': 'QQQ', 'mode': 'tri', 'thr': 50, 'window': '2Y', 'order': 2, 'rows': 9}
{'ticker': 'QQQ', 'mode': 'tri', 'thr': 50, 'window': '2Y', 'order': 3, 'rows': 27}
{'ticker': 'QQQ', 'mode': 'tri', 'thr': 50, 'window': '2Y', 'order': 4, 'rows': 79}
{'ticker': 'QQQ', 'mode': 'tri', 'thr': 50, 'window': '5Y', 'order': 1, 'rows': 3}
{'ticker': 'QQQ', 'mode': 'tri', 'thr': 50, 'window': '5Y', 'order': 2, 'rows': 9}
{'ticker': 'QQQ', 'mode': 'tri', 'thr': 50, 'window': '5Y', 'order': 3, 'rows': 27}
{'ticker': 'QQQ', 'mode': 'tri', 'thr': 50, 'window': '5Y', 'order': 4, 'rows': 81}
{'ticker': 'QQQ', 'mode': 'tri', 'thr': 50, 'window': '10Y', 'order': 1, 'rows': 3}
{'ticker': 'QQQ', 'mode': 'tri', 'thr': 50, 'window': '10Y', 'order': 2, 'rows': 9}2025-11-12 11:45:00,438 INFO [cli] {'ticker': 'QQQ', 'mode': 'tri', 'thr': 70, 'window': '10Y', 'order': 4, 'rows': 81}
2025-11-12 11:45:00,447 INFO [cli] {'ticker': 'QQQ', 'mode': 'tri', 'thr': 70, 'window': '20Y', 'order': 1, 'rows': 3}
2025-11-12 11:45:00,457 INFO [cli] {'ticker': 'QQQ', 'mode': 'tri', 'thr': 70, 'window': '20Y', 'order': 2, 'rows': 9}
2025-11-12 11:45:00,466 INFO [cli] {'ticker': 'QQQ', 'mode': 'tri', 'thr': 70, 'window': '20Y', 'order': 3, 'rows': 27}
2025-11-12 11:45:00,476 INFO [cli] {'ticker': 'QQQ', 'mode': 'tri', 'thr': 70, 'window': '20Y', 'order': 4, 'rows': 81}
2025-11-12 11:45:00,489 INFO [cli] {'ticker': 'QQQ', 'mode': 'tri', 'thr': 70, 'window': 'MAX', 'order': 1, 'rows': 3}
2025-11-12 11:45:00,498 INFO [cli] {'ticker': 'QQQ', 'mode': 'tri', 'thr': 70, 'window': 'MAX', 'order': 2, 'rows': 9}
2025-11-12 11:45:00,506 INFO [cli] {'ticker': 'QQQ', 'mode': 'tri', 'thr': 70, 'window': 'MAX', 'order': 3, 'rows': 27}
2025-11-12 11:45:00,515 INFO [cli] {'ticker': 'QQQ', 'mode': 'tri', 'thr': 70, 'window': 'MAX', 'order': 4, 'rows': 81}
2025-11-12 11:45:00,531 INFO [cli] {'ticker': 'QQQ', 'mode': 'tri', 'thr': 75, 'window': '1Y', 'order': 1, 'rows': 3}
2025-11-12 11:45:00,540 INFO [cli] {'ticker': 'QQQ', 'mode': 'tri', 'thr': 75, 'window': '1Y', 'order': 2, 'rows': 9}
2025-11-12 11:45:00,551 INFO [cli] {'ticker': 'QQQ', 'mode': 'tri', 'thr': 75, 'window': '1Y', 'order': 3, 'rows': 26}
2025-11-12 11:45:00,560 INFO [cli] {'ticker': 'QQQ', 'mode': 'tri', 'thr': 75, 'window': '1Y', 'order': 4, 'rows': 63}
2025-11-12 11:45:00,568 INFO [cli] {'ticker': 'QQQ', 'mode': 'tri', 'thr': 75, 'window': '2Y', 'order': 1, 'rows': 3}
2025-11-12 11:45:00,580 INFO [cli] {'ticker': 'QQQ', 'mode': 'tri', 'thr': 75, 'window': '2Y', 'order': 2, 'rows': 9}
2025-11-12 11:45:00,590 INFO [cli] {'ticker': 'QQQ', 'mode': 'tri', 'thr': 75, 'window': '2Y', 'order': 3, 'rows': 27}
2025-11-12 11:45:00,597 INFO [cli] {'ticker': 'QQQ', 'mode': 'tri', 'thr': 75, 'window': '2Y', 'order': 4, 'rows': 73}
2025-11-12 11:45:00,610 INFO [cli] {'ticker': 'QQQ', 'mode': 'tri', 'thr': 75, 'window': '5Y', 'order': 1, 'rows': 3}
2025-11-12 11:45:00,619 INFO [cli] {'ticker': 'QQQ', 'mode': 'tri', 'thr': 75, 'window': '5Y', 'order': 2, 'rows': 9}
2025-11-12 11:45:00,628 INFO [cli] {'ticker': 'QQQ', 'mode': 'tri', 'thr': 75, 'window': '5Y', 'order': 3, 'rows': 27}
2025-11-12 11:45:00,638 INFO [cli] {'ticker': 'QQQ', 'mode': 'tri', 'thr': 75, 'window': '5Y', 'order': 4, 'rows': 81}
2025-11-12 11:45:00,648 INFO [cli] {'ticker': 'QQQ', 'mode': 'tri', 'thr': 75, 'window': '10Y', 'order': 1, 'rows': 3}
2025-11-12 11:45:00,659 INFO [cli] {'ticker': 'QQQ', 'mode': 'tri', 'thr': 75, 'window': '10Y', 'order': 2, 'rows': 9}
2025-11-12 11:45:00,667 INFO [cli] {'ticker': 'QQQ', 'mode': 'tri', 'thr': 75, 'window': '10Y', 'order': 3, 'rows': 27}
2025-11-12 11:45:00,678 INFO [cli] {'ticker': 'QQQ', 'mode': 'tri', 'thr': 75, 'window': '10Y', 'order': 4, 'rows': 81}
2025-11-12 11:45:00,688 INFO [cli] {'ticker': 'QQQ', 'mode': 'tri', 'thr': 75, 'window': '20Y', 'order': 1, 'rows': 3}
2025-11-12 11:45:00,699 INFO [cli] {'ticker': 'QQQ', 'mode': 'tri', 'thr': 75, 'window': '20Y', 'order': 2, 'rows': 9}
2025-11-12 11:45:00,709 INFO [cli] {'ticker': 'QQQ', 'mode': 'tri', 'thr': 75, 'window': '20Y', 'order': 3, 'rows': 27}
2025-11-12 11:45:00,718 INFO [cli] {'ticker': 'QQQ', 'mode': 'tri', 'thr': 75, 'window': '20Y', 'order': 4, 'rows': 81}
2025-11-12 11:45:00,728 INFO [cli] {'ticker': 'QQQ', 'mode': 'tri', 'thr': 75, 'window': 'MAX', 'order': 1, 'rows': 3}
2025-11-12 11:45:00,739 INFO [cli] {'ticker': 'QQQ', 'mode': 'tri', 'thr': 75, 'window': 'MAX', 'order': 2, 'rows': 9}
2025-11-12 11:45:00,749 INFO [cli] {'ticker': 'QQQ', 'mode': 'tri', 'thr': 75, 'window': 'MAX', 'order': 3, 'rows': 27}
2025-11-12 11:45:00,757 INFO [cli] {'ticker': 'QQQ', 'mode': 'tri', 'thr': 75, 'window': 'MAX', 'order': 4, 'rows': 81}
2025-11-12 11:45:00,773 INFO [cli] {'ticker': 'QQQ', 'mode': 'tri', 'thr': 80, 'window': '1Y', 'order': 1, 'rows': 3}
2025-11-12 11:45:00,781 INFO [cli] {'ticker': 'QQQ', 'mode': 'tri', 'thr': 80, 'window': '1Y', 'order': 2, 'rows': 9}
2025-11-12 11:45:00,790 INFO [cli] {'ticker': 'QQQ', 'mode': 'tri', 'thr': 80, 'window': '1Y', 'order': 3, 'rows': 25}
2025-11-12 11:45:00,802 INFO [cli] {'ticker': 'QQQ', 'mode': 'tri', 'thr': 80, 'window': '1Y', 'order': 4, 'rows': 59}
2025-11-12 11:45:00,809 INFO [cli] {'ticker': 'QQQ', 'mode': 'tri', 'thr': 80, 'window': '2Y', 'order': 1, 'rows': 3}
2025-11-12 11:45:00,820 INFO [cli] {'ticker': 'QQQ', 'mode': 'tri', 'thr': 80, 'window': '2Y', 'order': 2, 'rows': 9}
2025-11-12 11:45:00,833 INFO [cli] {'ticker': 'QQQ', 'mode': 'tri', 'thr': 80, 'window': '2Y', 'order': 3, 'rows': 27}
2025-11-12 11:45:00,844 INFO [cli] {'ticker': 'QQQ', 'mode': 'tri', 'thr': 80, 'window': '2Y', 'order': 4, 'rows': 69}
2025-11-12 11:45:00,852 INFO [cli] {'ticker': 'QQQ', 'mode': 'tri', 'thr': 80, 'window': '5Y', 'order': 1, 'rows': 3}
2025-11-12 11:45:00,862 INFO [cli] {'ticker': 'QQQ', 'mode': 'tri', 'thr': 80, 'window': '5Y', 'order': 2, 'rows': 9}
2025-11-12 11:45:00,870 INFO [cli] {'ticker': 'QQQ', 'mode': 'tri', 'thr': 80, 'window': '5Y', 'order': 3, 'rows': 27}
2025-11-12 11:45:00,879 INFO [cli] {'ticker': 'QQQ', 'mode': 'tri', 'thr': 80, 'window': '5Y', 'order': 4, 'rows': 81}
2025-11-12 11:45:00,888 INFO [cli] {'ticker': 'QQQ', 'mode': 'tri', 'thr': 80, 'window': '10Y', 'order': 1, 'rows': 3}
2025-11-12 11:45:00,898 INFO [cli] {'ticker': 'QQQ', 'mode': 'tri', 'thr': 80, 'window': '10Y', 'order': 2, 'rows': 9}
2025-11-12 11:45:00,908 INFO [cli] {'ticker': 'QQQ', 'mode': 'tri', 'thr': 80, 'window': '10Y', 'order': 3, 'rows': 27}
2025-11-12 11:45:00,917 INFO [cli] {'ticker': 'QQQ', 'mode': 'tri', 'thr': 80, 'window': '10Y', 'order': 4, 'rows': 81}
2025-11-12 11:45:00,926 INFO [cli] {'ticker': 'QQQ', 'mode': 'tri', 'thr': 80, 'window': '20Y', 'order': 1, 'rows': 3}
2025-11-12 11:45:00,935 INFO [cli] {'ticker': 'QQQ', 'mode': 'tri', 'thr': 80, 'window': '20Y', 'order': 2, 'rows': 9}
2025-11-12 11:45:00,943 INFO [cli] {'ticker': 'QQQ', 'mode': 'tri', 'thr': 80, 'window': '20Y', 'order': 3, 'rows': 27}
2025-11-12 11:45:00,951 INFO [cli] {'ticker': 'QQQ', 'mode': 'tri', 'thr': 80, 'window': '20Y', 'order': 4, 'rows': 81}
2025-11-12 11:45:00,960 INFO [cli] {'ticker': 'QQQ', 'mode': 'tri', 'thr': 80, 'window': 'MAX', 'order': 1, 'rows': 3}
2025-11-12 11:45:00,971 INFO [cli] {'ticker': 'QQQ', 'mode': 'tri', 'thr': 80, 'window': 'MAX', 'order': 2, 'rows': 9}
2025-11-12 11:45:00,979 INFO [cli] {'ticker': 'QQQ', 'mode': 'tri', 'thr': 80, 'window': 'MAX', 'order': 3, 'rows': 27}
2025-11-12 11:45:00,989 INFO [cli] {'ticker': 'QQQ', 'mode': 'tri', 'thr': 80, 'window': 'MAX', 'order': 4, 'rows': 81}
2025-11-12 11:45:01,004 INFO [cli] {'ticker': 'QQQ', 'mode': 'tri', 'thr': 85, 'window': '1Y', 'order': 1, 'rows': 3}
2025-11-12 11:45:01,013 INFO [cli] {'ticker': 'QQQ', 'mode': 'tri', 'thr': 85, 'window': '1Y', 'order': 2, 'rows': 9}
2025-11-12 11:45:01,025 INFO [cli] {'ticker': 'QQQ', 'mode': 'tri', 'thr': 85, 'window': '1Y', 'order': 3, 'rows': 25}
2025-11-12 11:45:01,033 INFO [cli] {'ticker': 'QQQ', 'mode': 'tri', 'thr': 85, 'window': '1Y', 'order': 4, 'rows': 59}
2025-11-12 11:45:01,042 INFO [cli] {'ticker': 'QQQ', 'mode': 'tri', 'thr': 85, 'window': '2Y', 'order': 1, 'rows': 3}
2025-11-12 11:45:01,051 INFO [cli] {'ticker': 'QQQ', 'mode': 'tri', 'thr': 85, 'window': '2Y', 'order': 2, 'rows': 9}
2025-11-12 11:45:01,058 INFO [cli] {'ticker': 'QQQ', 'mode': 'tri', 'thr': 85, 'window': '2Y', 'order': 3, 'rows': 27}
2025-11-12 11:45:01,066 INFO [cli] {'ticker': 'QQQ', 'mode': 'tri', 'thr': 85, 'window': '2Y', 'order': 4, 'rows': 68}
2025-11-12 11:45:01,075 INFO [cli] {'ticker': 'QQQ', 'mode': 'tri', 'thr': 85, 'window': '5Y', 'order': 1, 'rows': 3}
2025-11-12 11:45:01,084 INFO [cli] {'ticker': 'QQQ', 'mode': 'tri', 'thr': 85, 'window': '5Y', 'order': 2, 'rows': 9}
2025-11-12 11:45:01,094 INFO [cli] {'ticker': 'QQQ', 'mode': 'tri', 'thr': 85, 'window': '5Y', 'order': 3, 'rows': 27}
2025-11-12 11:45:01,104 INFO [cli] {'ticker': 'QQQ', 'mode': 'tri', 'thr': 85, 'window': '5Y', 'order': 4, 'rows': 81}
2025-11-12 11:45:01,113 INFO [cli] {'ticker': 'QQQ', 'mode': 'tri', 'thr': 85, 'window': '10Y', 'order': 1, 'rows': 3}
2025-11-12 11:45:01,123 INFO [cli] {'ticker': 'QQQ', 'mode': 'tri', 'thr': 85, 'window': '10Y', 'order': 2, 'rows': 9}
2025-11-12 11:45:01,133 INFO [cli] {'ticker': 'QQQ', 'mode': 'tri', 'thr': 85, 'window': '10Y', 'order': 3, 'rows': 27}
2025-11-12 11:45:01,150 INFO [cli] {'ticker': 'QQQ', 'mode': 'tri', 'thr': 85, 'window': '10Y', 'order': 4, 'rows': 81}
2025-11-12 11:45:01,160 INFO [cli] {'ticker': 'QQQ', 'mode': 'tri', 'thr': 85, 'window': '20Y', 'order': 1, 'rows': 3}
2025-11-12 11:45:01,170 INFO [cli] {'ticker': 'QQQ', 'mode': 'tri', 'thr': 85, 'window': '20Y', 'order': 2, 'rows': 9}
2025-11-12 11:45:01,180 INFO [cli] {'ticker': 'QQQ', 'mode': 'tri', 'thr': 85, 'window': '20Y', 'order': 3, 'rows': 27}
2025-11-12 11:45:01,189 INFO [cli] {'ticker': 'QQQ', 'mode': 'tri', 'thr': 85, 'window': '20Y', 'order': 4, 'rows': 81}
2025-11-12 11:45:01,196 INFO [cli] {'ticker': 'QQQ', 'mode': 'tri', 'thr': 85, 'window': 'MAX', 'order': 1, 'rows': 3}
2025-11-12 11:45:01,206 INFO [cli] {'ticker': 'QQQ', 'mode': 'tri', 'thr': 85, 'window': 'MAX', 'order': 2, 'rows': 9}
2025-11-12 11:45:01,215 INFO [cli] {'ticker': 'QQQ', 'mode': 'tri', 'thr': 85, 'window': 'MAX', 'order': 3, 'rows': 27}
2025-11-12 11:45:01,226 INFO [cli] {'ticker': 'QQQ', 'mode': 'tri', 'thr': 85, 'window': 'MAX', 'order': 4, 'rows': 81}
2025-11-12 11:45:01,243 INFO [cli] {'ticker': 'QQQ', 'mode': 'tri', 'thr': 90, 'window': '1Y', 'order': 1, 'rows': 3}
2025-11-12 11:45:01,253 INFO [cli] {'ticker': 'QQQ', 'mode': 'tri', 'thr': 90, 'window': '1Y', 'order': 2, 'rows': 9}
2025-11-12 11:45:01,261 INFO [cli] {'ticker': 'QQQ', 'mode': 'tri', 'thr': 90, 'window': '1Y', 'order': 3, 'rows': 25}
2025-11-12 11:45:01,272 INFO [cli] {'ticker': 'QQQ', 'mode': 'tri', 'thr': 90, 'window': '1Y', 'order': 4, 'rows': 58}
2025-11-12 11:45:01,281 INFO [cli] {'ticker': 'QQQ', 'mode': 'tri', 'thr': 90, 'window': '2Y', 'order': 1, 'rows': 3}
2025-11-12 11:45:01,290 INFO [cli] {'ticker': 'QQQ', 'mode': 'tri', 'thr': 90, 'window': '2Y', 'order': 2, 'rows': 9}
2025-11-12 11:45:01,300 INFO [cli] {'ticker': 'QQQ', 'mode': 'tri', 'thr': 90, 'window': '2Y', 'order': 3, 'rows': 27}
2025-11-12 11:45:01,309 INFO [cli] {'ticker': 'QQQ', 'mode': 'tri', 'thr': 90, 'window': '2Y', 'order': 4, 'rows': 69}
2025-11-12 11:45:01,317 INFO [cli] {'ticker': 'QQQ', 'mode': 'tri', 'thr': 90, 'window': '5Y', 'order': 1, 'rows': 3}
2025-11-12 11:45:01,326 INFO [cli] {'ticker': 'QQQ', 'mode': 'tri', 'thr': 90, 'window': '5Y', 'order': 2, 'rows': 9}
2025-11-12 11:45:01,337 INFO [cli] {'ticker': 'QQQ', 'mode': 'tri', 'thr': 90, 'window': '5Y', 'order': 3, 'rows': 27}
2025-11-12 11:45:01,346 INFO [cli] {'ticker': 'QQQ', 'mode': 'tri', 'thr': 90, 'window': '5Y', 'order': 4, 'rows': 81}
2025-11-12 11:45:01,356 INFO [cli] {'ticker': 'QQQ', 'mode': 'tri', 'thr': 90, 'window': '10Y', 'order': 1, 'rows': 3}
2025-11-12 11:45:01,365 INFO [cli] {'ticker': 'QQQ', 'mode': 'tri', 'thr': 90, 'window': '10Y', 'order': 2, 'rows': 9}
2025-11-12 11:45:01,373 INFO [cli] {'ticker': 'QQQ', 'mode': 'tri', 'thr': 90, 'window': '10Y', 'order': 3, 'rows': 27}
2025-11-12 11:45:01,383 INFO [cli] {'ticker': 'QQQ', 'mode': 'tri', 'thr': 90, 'window': '10Y', 'order': 4, 'rows': 81}
2025-11-12 11:45:01,391 INFO [cli] {'ticker': 'QQQ', 'mode': 'tri', 'thr': 90, 'window': '20Y', 'order': 1, 'rows': 3}

{'ticker': 'QQQ', 'mode': 'tri', 'thr': 50, 'window': '10Y', 'order': 3, 'rows': 27}
{'ticker': 'QQQ', 'mode': 'tri', 'thr': 50, 'window': '10Y', 'order': 4, 'rows': 81}
{'ticker': 'QQQ', 'mode': 'tri', 'thr': 50, 'window': '20Y', 'order': 1, 'rows': 3}
{'ticker': 'QQQ', 'mode': 'tri', 'thr': 50, 'window': '20Y', 'order': 2, 'rows': 9}
{'ticker': 'QQQ', 'mode': 'tri', 'thr': 50, 'window': '20Y', 'order': 3, 'rows': 27}
{'ticker': 'QQQ', 'mode': 'tri', 'thr': 50, 'window': '20Y', 'order': 4, 'rows': 81}
{'ticker': 'QQQ', 'mode': 'tri', 'thr': 50, 'window': 'MAX', 'order': 1, 'rows': 3}
{'ticker': 'QQQ', 'mode': 'tri', 'thr': 50, 'window': 'MAX', 'order': 2, 'rows': 9}
{'ticker': 'QQQ', 'mode': 'tri', 'thr': 50, 'window': 'MAX', 'order': 3, 'rows': 27}
{'ticker': 'QQQ', 'mode': 'tri', 'thr': 50, 'window': 'MAX', 'order': 4, 'rows': 81}
{'ticker': 'QQQ', 'mode': 'tri', 'thr': 55, 'window': '1Y', 'order': 1, 'rows': 3}
{'ticker': 'QQQ', 'mode': 'tri', 'thr': 55, 'window': '1Y', 'order': 2, 'rows': 9}
{'ticker': 'QQQ', 'mode': 'tri', 'thr': 55, 'window': '1Y', 'order': 3, 'rows': 27}
{'ticker': 'QQQ', 'mode': 'tri', 'thr': 55, 'window': '1Y', 'order': 4, 'rows': 74}
{'ticker': 'QQQ', 'mode': 'tri', 'thr': 55, 'window': '2Y', 'order': 1, 'rows': 3}
{'ticker': 'QQQ', 'mode': 'tri', 'thr': 55, 'window': '2Y', 'order': 2, 'rows': 9}
{'ticker': 'QQQ', 'mode': 'tri', 'thr': 55, 'window': '2Y', 'order': 3, 'rows': 27}
{'ticker': 'QQQ', 'mode': 'tri', 'thr': 55, 'window': '2Y', 'order': 4, 'rows': 80}
{'ticker': 'QQQ', 'mode': 'tri', 'thr': 55, 'window': '5Y', 'order': 1, 'rows': 3}
{'ticker': 'QQQ', 'mode': 'tri', 'thr': 55, 'window': '5Y', 'order': 2, 'rows': 9}
{'ticker': 'QQQ', 'mode': 'tri', 'thr': 55, 'window': '5Y', 'order': 3, 'rows': 27}
{'ticker': 'QQQ', 'mode': 'tri', 'thr': 55, 'window': '5Y', 'order': 4, 'rows': 81}
{'ticker': 'QQQ', 'mode': 'tri', 'thr': 55, 'window': '10Y', 'order': 1, 'rows': 3}
{'ticker': 'QQQ', 'mode': 'tri', 'thr': 55, 'window': '10Y', 'order': 2, 'rows': 9}
{'ticker': 'QQQ', 'mode': 'tri', 'thr': 55, 'window': '10Y', 'order': 3, 'rows': 27}
{'ticker': 'QQQ', 'mode': 'tri', 'thr': 55, 'window': '10Y', 'order': 4, 'rows': 81}
{'ticker': 'QQQ', 'mode': 'tri', 'thr': 55, 'window': '20Y', 'order': 1, 'rows': 3}
{'ticker': 'QQQ', 'mode': 'tri', 'thr': 55, 'window': '20Y', 'order': 2, 'rows': 9}
{'ticker': 'QQQ', 'mode': 'tri', 'thr': 55, 'window': '20Y', 'order': 3, 'rows': 27}
{'ticker': 'QQQ', 'mode': 'tri', 'thr': 55, 'window': '20Y', 'order': 4, 'rows': 81}
{'ticker': 'QQQ', 'mode': 'tri', 'thr': 55, 'window': 'MAX', 'order': 1, 'rows': 3}
{'ticker': 'QQQ', 'mode': 'tri', 'thr': 55, 'window': 'MAX', 'order': 2, 'rows': 9}
{'ticker': 'QQQ', 'mode': 'tri', 'thr': 55, 'window': 'MAX', 'order': 3, 'rows': 27}
{'ticker': 'QQQ', 'mode': 'tri', 'thr': 55, 'window': 'MAX', 'order': 4, 'rows': 81}
{'ticker': 'QQQ', 'mode': 'tri', 'thr': 60, 'window': '1Y', 'order': 1, 'rows': 3}
{'ticker': 'QQQ', 'mode': 'tri', 'thr': 60, 'window': '1Y', 'order': 2, 'rows': 9}
{'ticker': 'QQQ', 'mode': 'tri', 'thr': 60, 'window': '1Y', 'order': 3, 'rows': 27}
{'ticker': 'QQQ', 'mode': 'tri', 'thr': 60, 'window': '1Y', 'order': 4, 'rows': 70}
{'ticker': 'QQQ', 'mode': 'tri', 'thr': 60, 'window': '2Y', 'order': 1, 'rows': 3}
{'ticker': 'QQQ', 'mode': 'tri', 'thr': 60, 'window': '2Y', 'order': 2, 'rows': 9}
{'ticker': 'QQQ', 'mode': 'tri', 'thr': 60, 'window': '2Y', 'order': 3, 'rows': 27}
{'ticker': 'QQQ', 'mode': 'tri', 'thr': 60, 'window': '2Y', 'order': 4, 'rows': 78}
{'ticker': 'QQQ', 'mode': 'tri', 'thr': 60, 'window': '5Y', 'order': 1, 'rows': 3}
{'ticker': 'QQQ', 'mode': 'tri', 'thr': 60, 'window': '5Y', 'order': 2, 'rows': 9}
{'ticker': 'QQQ', 'mode': 'tri', 'thr': 60, 'window': '5Y', 'order': 3, 'rows': 27}
{'ticker': 'QQQ', 'mode': 'tri', 'thr': 60, 'window': '5Y', 'order': 4, 'rows': 81}
{'ticker': 'QQQ', 'mode': 'tri', 'thr': 60, 'window': '10Y', 'order': 1, 'rows': 3}
{'ticker': 'QQQ', 'mode': 'tri', 'thr': 60, 'window': '10Y', 'order': 2, 'rows': 9}
{'ticker': 'QQQ', 'mode': 'tri', 'thr': 60, 'window': '10Y', 'order': 3, 'rows': 27}
{'ticker': 'QQQ', 'mode': 'tri', 'thr': 60, 'window': '10Y', 'order': 4, 'rows': 81}
{'ticker': 'QQQ', 'mode': 'tri', 'thr': 60, 'window': '20Y', 'order': 1, 'rows': 3}
{'ticker': 'QQQ', 'mode': 'tri', 'thr': 60, 'window': '20Y', 'order': 2, 'rows': 9}
{'ticker': 'QQQ', 'mode': 'tri', 'thr': 60, 'window': '20Y', 'order': 3, 'rows': 27}
{'ticker': 'QQQ', 'mode': 'tri', 'thr': 60, 'window': '20Y', 'order': 4, 'rows': 81}
{'ticker': 'QQQ', 'mode': 'tri', 'thr': 60, 'window': 'MAX', 'order': 1, 'rows': 3}
{'ticker': 'QQQ', 'mode': 'tri', 'thr': 60, 'window': 'MAX', 'order': 2, 'rows': 9}
{'ticker': 'QQQ', 'mode': 'tri', 'thr': 60, 'window': 'MAX', 'order': 3, 'rows': 27}
{'ticker': 'QQQ', 'mode': 'tri', 'thr': 60, 'window': 'MAX', 'order': 4, 'rows': 81}
{'ticker': 'QQQ', 'mode': 'tri', 'thr': 65, 'window': '1Y', 'order': 1, 'rows': 3}
{'ticker': 'QQQ', 'mode': 'tri', 'thr': 65, 'window': '1Y', 'order': 2, 'rows': 9}
{'ticker': 'QQQ', 'mode': 'tri', 'thr': 65, 'window': '1Y', 'order': 3, 'rows': 27}
{'ticker': 'QQQ', 'mode': 'tri', 'thr': 65, 'window': '1Y', 'order': 4, 'rows': 68}
{'ticker': 'QQQ', 'mode': 'tri', 'thr': 65, 'window': '2Y', 'order': 1, 'rows': 3}
{'ticker': 'QQQ', 'mode': 'tri', 'thr': 65, 'window': '2Y', 'order': 2, 'rows': 9}
{'ticker': 'QQQ', 'mode': 'tri', 'thr': 65, 'window': '2Y', 'order': 3, 'rows': 27}
{'ticker': 'QQQ', 'mode': 'tri', 'thr': 65, 'window': '2Y', 'order': 4, 'rows': 77}
{'ticker': 'QQQ', 'mode': 'tri', 'thr': 65, 'window': '5Y', 'order': 1, 'rows': 3}
{'ticker': 'QQQ', 'mode': 'tri', 'thr': 65, 'window': '5Y', 'order': 2, 'rows': 9}
{'ticker': 'QQQ', 'mode': 'tri', 'thr': 65, 'window': '5Y', 'order': 3, 'rows': 27}
{'ticker': 'QQQ', 'mode': 'tri', 'thr': 65, 'window': '5Y', 'order': 4, 'rows': 81}
{'ticker': 'QQQ', 'mode': 'tri', 'thr': 65, 'window': '10Y', 'order': 1, 'rows': 3}
{'ticker': 'QQQ', 'mode': 'tri', 'thr': 65, 'window': '10Y', 'order': 2, 'rows': 9}
{'ticker': 'QQQ', 'mode': 'tri', 'thr': 65, 'window': '10Y', 'order': 3, 'rows': 27}
{'ticker': 'QQQ', 'mode': 'tri', 'thr': 65, 'window': '10Y', 'order': 4, 'rows': 81}
{'ticker': 'QQQ', 'mode': 'tri', 'thr': 65, 'window': '20Y', 'order': 1, 'rows': 3}
{'ticker': 'QQQ', 'mode': 'tri', 'thr': 65, 'window': '20Y', 'order': 2, 'rows': 9}
{'ticker': 'QQQ', 'mode': 'tri', 'thr': 65, 'window': '20Y', 'order': 3, 'rows': 27}
{'ticker': 'QQQ', 'mode': 'tri', 'thr': 65, 'window': '20Y', 'order': 4, 'rows': 81}
{'ticker': 'QQQ', 'mode': 'tri', 'thr': 65, 'window': 'MAX', 'order': 1, 'rows': 3}
{'ticker': 'QQQ', 'mode': 'tri', 'thr': 65, 'window': 'MAX', 'order': 2, 'rows': 9}
{'ticker': 'QQQ', 'mode': 'tri', 'thr': 65, 'window': 'MAX', 'order': 3, 'rows': 27}
{'ticker': 'QQQ', 'mode': 'tri', 'thr': 65, 'window': 'MAX', 'order': 4, 'rows': 81}
{'ticker': 'QQQ', 'mode': 'tri', 'thr': 70, 'window': '1Y', 'order': 1, 'rows': 3}
{'ticker': 'QQQ', 'mode': 'tri', 'thr': 70, 'window': '1Y', 'order': 2, 'rows': 9}
{'ticker': 'QQQ', 'mode': 'tri', 'thr': 70, 'window': '1Y', 'order': 3, 'rows': 27}
{'ticker': 'QQQ', 'mode': 'tri', 'thr': 70, 'window': '1Y', 'order': 4, 'rows': 66}
{'ticker': 'QQQ', 'mode': 'tri', 'thr': 70, 'window': '2Y', 'order': 1, 'rows': 3}
{'ticker': 'QQQ', 'mode': 'tri', 'thr': 70, 'window': '2Y', 'order': 2, 'rows': 9}
{'ticker': 'QQQ', 'mode': 'tri', 'thr': 70, 'window': '2Y', 'order': 3, 'rows': 27}
{'ticker': 'QQQ', 'mode': 'tri', 'thr': 70, 'window': '2Y', 'order': 4, 'rows': 76}
{'ticker': 'QQQ', 'mode': 'tri', 'thr': 70, 'window': '5Y', 'order': 1, 'rows': 3}
{'ticker': 'QQQ', 'mode': 'tri', 'thr': 70, 'window': '5Y', 'order': 2, 'rows': 9}
{'ticker': 'QQQ', 'mode': 'tri', 'thr': 70, 'window': '5Y', 'order': 3, 'rows': 27}
{'ticker': 'QQQ', 'mode': 'tri', 'thr': 70, 'window': '5Y', 'order': 4, 'rows': 81}
{'ticker': 'QQQ', 'mode': 'tri', 'thr': 70, 'window': '10Y', 'order': 1, 'rows': 3}
{'ticker': 'QQQ', 'mode': 'tri', 'thr': 70, 'window': '10Y', 'order': 2, 'rows': 9}
{'ticker': 'QQQ', 'mode': 'tri', 'thr': 70, 'window': '10Y', 'order': 3, 'rows': 27}
{'ticker': 'QQQ', 'mode': 'tri', 'thr': 70, 'window': '10Y', 'order': 4, 'rows': 81}2025-11-12 11:45:01,399 INFO [cli] {'ticker': 'QQQ', 'mode': 'tri', 'thr': 90, 'window': '20Y', 'order': 2, 'rows': 9}
2025-11-12 11:45:01,407 INFO [cli] {'ticker': 'QQQ', 'mode': 'tri', 'thr': 90, 'window': '20Y', 'order': 3, 'rows': 27}
2025-11-12 11:45:01,416 INFO [cli] {'ticker': 'QQQ', 'mode': 'tri', 'thr': 90, 'window': '20Y', 'order': 4, 'rows': 81}
2025-11-12 11:45:01,425 INFO [cli] {'ticker': 'QQQ', 'mode': 'tri', 'thr': 90, 'window': 'MAX', 'order': 1, 'rows': 3}
2025-11-12 11:45:01,434 INFO [cli] {'ticker': 'QQQ', 'mode': 'tri', 'thr': 90, 'window': 'MAX', 'order': 2, 'rows': 9}
2025-11-12 11:45:01,446 INFO [cli] {'ticker': 'QQQ', 'mode': 'tri', 'thr': 90, 'window': 'MAX', 'order': 3, 'rows': 27}
2025-11-12 11:45:01,455 INFO [cli] {'ticker': 'QQQ', 'mode': 'tri', 'thr': 90, 'window': 'MAX', 'order': 4, 'rows': 81}
2025-11-12 11:45:01,469 INFO [cli] {'ticker': 'QQQ', 'mode': 'tri', 'thr': 95, 'window': '1Y', 'order': 1, 'rows': 3}
2025-11-12 11:45:01,479 INFO [cli] {'ticker': 'QQQ', 'mode': 'tri', 'thr': 95, 'window': '1Y', 'order': 2, 'rows': 9}
2025-11-12 11:45:01,487 INFO [cli] {'ticker': 'QQQ', 'mode': 'tri', 'thr': 95, 'window': '1Y', 'order': 3, 'rows': 25}
2025-11-12 11:45:01,497 INFO [cli] {'ticker': 'QQQ', 'mode': 'tri', 'thr': 95, 'window': '1Y', 'order': 4, 'rows': 56}
2025-11-12 11:45:01,506 INFO [cli] {'ticker': 'QQQ', 'mode': 'tri', 'thr': 95, 'window': '2Y', 'order': 1, 'rows': 3}
2025-11-12 11:45:01,514 INFO [cli] {'ticker': 'QQQ', 'mode': 'tri', 'thr': 95, 'window': '2Y', 'order': 2, 'rows': 9}
2025-11-12 11:45:01,530 INFO [cli] {'ticker': 'QQQ', 'mode': 'tri', 'thr': 95, 'window': '2Y', 'order': 3, 'rows': 27}
2025-11-12 11:45:01,540 INFO [cli] {'ticker': 'QQQ', 'mode': 'tri', 'thr': 95, 'window': '2Y', 'order': 4, 'rows': 68}
2025-11-12 11:45:01,550 INFO [cli] {'ticker': 'QQQ', 'mode': 'tri', 'thr': 95, 'window': '5Y', 'order': 1, 'rows': 3}
2025-11-12 11:45:01,561 INFO [cli] {'ticker': 'QQQ', 'mode': 'tri', 'thr': 95, 'window': '5Y', 'order': 2, 'rows': 9}
2025-11-12 11:45:01,580 INFO [cli] {'ticker': 'QQQ', 'mode': 'tri', 'thr': 95, 'window': '5Y', 'order': 3, 'rows': 27}
2025-11-12 11:45:01,591 INFO [cli] {'ticker': 'QQQ', 'mode': 'tri', 'thr': 95, 'window': '5Y', 'order': 4, 'rows': 81}
2025-11-12 11:45:01,603 INFO [cli] {'ticker': 'QQQ', 'mode': 'tri', 'thr': 95, 'window': '10Y', 'order': 1, 'rows': 3}
2025-11-12 11:45:01,614 INFO [cli] {'ticker': 'QQQ', 'mode': 'tri', 'thr': 95, 'window': '10Y', 'order': 2, 'rows': 9}
2025-11-12 11:45:01,625 INFO [cli] {'ticker': 'QQQ', 'mode': 'tri', 'thr': 95, 'window': '10Y', 'order': 3, 'rows': 27}
2025-11-12 11:45:01,634 INFO [cli] {'ticker': 'QQQ', 'mode': 'tri', 'thr': 95, 'window': '10Y', 'order': 4, 'rows': 81}
2025-11-12 11:45:01,643 INFO [cli] {'ticker': 'QQQ', 'mode': 'tri', 'thr': 95, 'window': '20Y', 'order': 1, 'rows': 3}
2025-11-12 11:45:01,653 INFO [cli] {'ticker': 'QQQ', 'mode': 'tri', 'thr': 95, 'window': '20Y', 'order': 2, 'rows': 9}
2025-11-12 11:45:01,662 INFO [cli] {'ticker': 'QQQ', 'mode': 'tri', 'thr': 95, 'window': '20Y', 'order': 3, 'rows': 27}
2025-11-12 11:45:01,671 INFO [cli] {'ticker': 'QQQ', 'mode': 'tri', 'thr': 95, 'window': '20Y', 'order': 4, 'rows': 81}
2025-11-12 11:45:01,679 INFO [cli] {'ticker': 'QQQ', 'mode': 'tri', 'thr': 95, 'window': 'MAX', 'order': 1, 'rows': 3}
2025-11-12 11:45:01,686 INFO [cli] {'ticker': 'QQQ', 'mode': 'tri', 'thr': 95, 'window': 'MAX', 'order': 2, 'rows': 9}
2025-11-12 11:45:01,697 INFO [cli] {'ticker': 'QQQ', 'mode': 'tri', 'thr': 95, 'window': 'MAX', 'order': 3, 'rows': 27}
2025-11-12 11:45:01,707 INFO [cli] {'ticker': 'QQQ', 'mode': 'tri', 'thr': 95, 'window': 'MAX', 'order': 4, 'rows': 81}
2025-11-12 11:45:01,723 INFO [cli] {'ticker': 'QQQ', 'mode': 'tri', 'thr': 100, 'window': '1Y', 'order': 1, 'rows': 3}
2025-11-12 11:45:01,731 INFO [cli] {'ticker': 'QQQ', 'mode': 'tri', 'thr': 100, 'window': '1Y', 'order': 2, 'rows': 9}
2025-11-12 11:45:01,739 INFO [cli] {'ticker': 'QQQ', 'mode': 'tri', 'thr': 100, 'window': '1Y', 'order': 3, 'rows': 25}
2025-11-12 11:45:01,750 INFO [cli] {'ticker': 'QQQ', 'mode': 'tri', 'thr': 100, 'window': '1Y', 'order': 4, 'rows': 53}
2025-11-12 11:45:01,759 INFO [cli] {'ticker': 'QQQ', 'mode': 'tri', 'thr': 100, 'window': '2Y', 'order': 1, 'rows': 3}
2025-11-12 11:45:01,770 INFO [cli] {'ticker': 'QQQ', 'mode': 'tri', 'thr': 100, 'window': '2Y', 'order': 2, 'rows': 9}
2025-11-12 11:45:01,778 INFO [cli] {'ticker': 'QQQ', 'mode': 'tri', 'thr': 100, 'window': '2Y', 'order': 3, 'rows': 27}
2025-11-12 11:45:01,788 INFO [cli] {'ticker': 'QQQ', 'mode': 'tri', 'thr': 100, 'window': '2Y', 'order': 4, 'rows': 65}
2025-11-12 11:45:01,796 INFO [cli] {'ticker': 'QQQ', 'mode': 'tri', 'thr': 100, 'window': '5Y', 'order': 1, 'rows': 3}
2025-11-12 11:45:01,803 INFO [cli] {'ticker': 'QQQ', 'mode': 'tri', 'thr': 100, 'window': '5Y', 'order': 2, 'rows': 9}
2025-11-12 11:45:01,815 INFO [cli] {'ticker': 'QQQ', 'mode': 'tri', 'thr': 100, 'window': '5Y', 'order': 3, 'rows': 27}
2025-11-12 11:45:01,825 INFO [cli] {'ticker': 'QQQ', 'mode': 'tri', 'thr': 100, 'window': '5Y', 'order': 4, 'rows': 80}
2025-11-12 11:45:01,835 INFO [cli] {'ticker': 'QQQ', 'mode': 'tri', 'thr': 100, 'window': '10Y', 'order': 1, 'rows': 3}
2025-11-12 11:45:01,842 INFO [cli] {'ticker': 'QQQ', 'mode': 'tri', 'thr': 100, 'window': '10Y', 'order': 2, 'rows': 9}
2025-11-12 11:45:01,852 INFO [cli] {'ticker': 'QQQ', 'mode': 'tri', 'thr': 100, 'window': '10Y', 'order': 3, 'rows': 27}
2025-11-12 11:45:01,863 INFO [cli] {'ticker': 'QQQ', 'mode': 'tri', 'thr': 100, 'window': '10Y', 'order': 4, 'rows': 81}
2025-11-12 11:45:01,872 INFO [cli] {'ticker': 'QQQ', 'mode': 'tri', 'thr': 100, 'window': '20Y', 'order': 1, 'rows': 3}
2025-11-12 11:45:01,881 INFO [cli] {'ticker': 'QQQ', 'mode': 'tri', 'thr': 100, 'window': '20Y', 'order': 2, 'rows': 9}
2025-11-12 11:45:01,891 INFO [cli] {'ticker': 'QQQ', 'mode': 'tri', 'thr': 100, 'window': '20Y', 'order': 3, 'rows': 27}
2025-11-12 11:45:01,901 INFO [cli] {'ticker': 'QQQ', 'mode': 'tri', 'thr': 100, 'window': '20Y', 'order': 4, 'rows': 81}
2025-11-12 11:45:01,908 INFO [cli] {'ticker': 'QQQ', 'mode': 'tri', 'thr': 100, 'window': 'MAX', 'order': 1, 'rows': 3}
2025-11-12 11:45:01,917 INFO [cli] {'ticker': 'QQQ', 'mode': 'tri', 'thr': 100, 'window': 'MAX', 'order': 2, 'rows': 9}
2025-11-12 11:45:01,926 INFO [cli] {'ticker': 'QQQ', 'mode': 'tri', 'thr': 100, 'window': 'MAX', 'order': 3, 'rows': 27}
2025-11-12 11:45:01,935 INFO [cli] {'ticker': 'QQQ', 'mode': 'tri', 'thr': 100, 'window': 'MAX', 'order': 4, 'rows': 81}
2025-11-12 11:45:01,949 INFO [cli] {'ticker': 'QQQ', 'mode': 'tri', 'thr': 105, 'window': '1Y', 'order': 1, 'rows': 3}
2025-11-12 11:45:01,959 INFO [cli] {'ticker': 'QQQ', 'mode': 'tri', 'thr': 105, 'window': '1Y', 'order': 2, 'rows': 9}
2025-11-12 11:45:01,969 INFO [cli] {'ticker': 'QQQ', 'mode': 'tri', 'thr': 105, 'window': '1Y', 'order': 3, 'rows': 25}
2025-11-12 11:45:01,980 INFO [cli] {'ticker': 'QQQ', 'mode': 'tri', 'thr': 105, 'window': '1Y', 'order': 4, 'rows': 52}
2025-11-12 11:45:01,989 INFO [cli] {'ticker': 'QQQ', 'mode': 'tri', 'thr': 105, 'window': '2Y', 'order': 1, 'rows': 3}
2025-11-12 11:45:01,998 INFO [cli] {'ticker': 'QQQ', 'mode': 'tri', 'thr': 105, 'window': '2Y', 'order': 2, 'rows': 9}
2025-11-12 11:45:02,006 INFO [cli] {'ticker': 'QQQ', 'mode': 'tri', 'thr': 105, 'window': '2Y', 'order': 3, 'rows': 26}
2025-11-12 11:45:02,015 INFO [cli] {'ticker': 'QQQ', 'mode': 'tri', 'thr': 105, 'window': '2Y', 'order': 4, 'rows': 62}
2025-11-12 11:45:02,023 INFO [cli] {'ticker': 'QQQ', 'mode': 'tri', 'thr': 105, 'window': '5Y', 'order': 1, 'rows': 3}
2025-11-12 11:45:02,044 INFO [cli] {'ticker': 'QQQ', 'mode': 'tri', 'thr': 105, 'window': '5Y', 'order': 2, 'rows': 9}
2025-11-12 11:45:02,055 INFO [cli] {'ticker': 'QQQ', 'mode': 'tri', 'thr': 105, 'window': '5Y', 'order': 3, 'rows': 27}
2025-11-12 11:45:02,064 INFO [cli] {'ticker': 'QQQ', 'mode': 'tri', 'thr': 105, 'window': '5Y', 'order': 4, 'rows': 80}
2025-11-12 11:45:02,073 INFO [cli] {'ticker': 'QQQ', 'mode': 'tri', 'thr': 105, 'window': '10Y', 'order': 1, 'rows': 3}
2025-11-12 11:45:02,083 INFO [cli] {'ticker': 'QQQ', 'mode': 'tri', 'thr': 105, 'window': '10Y', 'order': 2, 'rows': 9}
2025-11-12 11:45:02,094 INFO [cli] {'ticker': 'QQQ', 'mode': 'tri', 'thr': 105, 'window': '10Y', 'order': 3, 'rows': 27}
2025-11-12 11:45:02,103 INFO [cli] {'ticker': 'QQQ', 'mode': 'tri', 'thr': 105, 'window': '10Y', 'order': 4, 'rows': 81}
2025-11-12 11:45:02,113 INFO [cli] {'ticker': 'QQQ', 'mode': 'tri', 'thr': 105, 'window': '20Y', 'order': 1, 'rows': 3}
2025-11-12 11:45:02,122 INFO [cli] {'ticker': 'QQQ', 'mode': 'tri', 'thr': 105, 'window': '20Y', 'order': 2, 'rows': 9}
2025-11-12 11:45:02,132 INFO [cli] {'ticker': 'QQQ', 'mode': 'tri', 'thr': 105, 'window': '20Y', 'order': 3, 'rows': 27}
2025-11-12 11:45:02,141 INFO [cli] {'ticker': 'QQQ', 'mode': 'tri', 'thr': 105, 'window': '20Y', 'order': 4, 'rows': 81}
2025-11-12 11:45:02,149 INFO [cli] {'ticker': 'QQQ', 'mode': 'tri', 'thr': 105, 'window': 'MAX', 'order': 1, 'rows': 3}
2025-11-12 11:45:02,161 INFO [cli] {'ticker': 'QQQ', 'mode': 'tri', 'thr': 105, 'window': 'MAX', 'order': 2, 'rows': 9}
2025-11-12 11:45:02,175 INFO [cli] {'ticker': 'QQQ', 'mode': 'tri', 'thr': 105, 'window': 'MAX', 'order': 3, 'rows': 27}
2025-11-12 11:45:02,185 INFO [cli] {'ticker': 'QQQ', 'mode': 'tri', 'thr': 105, 'window': 'MAX', 'order': 4, 'rows': 81}
2025-11-12 11:45:02,202 INFO [cli] {'ticker': 'QQQ', 'mode': 'tri', 'thr': 110, 'window': '1Y', 'order': 1, 'rows': 3}
2025-11-12 11:45:02,211 INFO [cli] {'ticker': 'QQQ', 'mode': 'tri', 'thr': 110, 'window': '1Y', 'order': 2, 'rows': 9}
2025-11-12 11:45:02,222 INFO [cli] {'ticker': 'QQQ', 'mode': 'tri', 'thr': 110, 'window': '1Y', 'order': 3, 'rows': 25}
2025-11-12 11:45:02,233 INFO [cli] {'ticker': 'QQQ', 'mode': 'tri', 'thr': 110, 'window': '1Y', 'order': 4, 'rows': 52}
2025-11-12 11:45:02,241 INFO [cli] {'ticker': 'QQQ', 'mode': 'tri', 'thr': 110, 'window': '2Y', 'order': 1, 'rows': 3}
2025-11-12 11:45:02,252 INFO [cli] {'ticker': 'QQQ', 'mode': 'tri', 'thr': 110, 'window': '2Y', 'order': 2, 'rows': 9}
2025-11-12 11:45:02,261 INFO [cli] {'ticker': 'QQQ', 'mode': 'tri', 'thr': 110, 'window': '2Y', 'order': 3, 'rows': 26}
2025-11-12 11:45:02,272 INFO [cli] {'ticker': 'QQQ', 'mode': 'tri', 'thr': 110, 'window': '2Y', 'order': 4, 'rows': 62}
2025-11-12 11:45:02,282 INFO [cli] {'ticker': 'QQQ', 'mode': 'tri', 'thr': 110, 'window': '5Y', 'order': 1, 'rows': 3}
2025-11-12 11:45:02,295 INFO [cli] {'ticker': 'QQQ', 'mode': 'tri', 'thr': 110, 'window': '5Y', 'order': 2, 'rows': 9}
2025-11-12 11:45:02,305 INFO [cli] {'ticker': 'QQQ', 'mode': 'tri', 'thr': 110, 'window': '5Y', 'order': 3, 'rows': 27}
2025-11-12 11:45:02,314 INFO [cli] {'ticker': 'QQQ', 'mode': 'tri', 'thr': 110, 'window': '5Y', 'order': 4, 'rows': 79}
2025-11-12 11:45:02,325 INFO [cli] {'ticker': 'QQQ', 'mode': 'tri', 'thr': 110, 'window': '10Y', 'order': 1, 'rows': 3}
2025-11-12 11:45:02,335 INFO [cli] {'ticker': 'QQQ', 'mode': 'tri', 'thr': 110, 'window': '10Y', 'order': 2, 'rows': 9}
2025-11-12 11:45:02,346 INFO [cli] {'ticker': 'QQQ', 'mode': 'tri', 'thr': 110, 'window': '10Y', 'order': 3, 'rows': 27}
2025-11-12 11:45:02,356 INFO [cli] {'ticker': 'QQQ', 'mode': 'tri', 'thr': 110, 'window': '10Y', 'order': 4, 'rows': 80}
2025-11-12 11:45:02,368 INFO [cli] {'ticker': 'QQQ', 'mode': 'tri', 'thr': 110, 'window': '20Y', 'order': 1, 'rows': 3}
2025-11-12 11:45:02,378 INFO [cli] {'ticker': 'QQQ', 'mode': 'tri', 'thr': 110, 'window': '20Y', 'order': 2, 'rows': 9}

{'ticker': 'QQQ', 'mode': 'tri', 'thr': 70, 'window': '20Y', 'order': 1, 'rows': 3}
{'ticker': 'QQQ', 'mode': 'tri', 'thr': 70, 'window': '20Y', 'order': 2, 'rows': 9}
{'ticker': 'QQQ', 'mode': 'tri', 'thr': 70, 'window': '20Y', 'order': 3, 'rows': 27}
{'ticker': 'QQQ', 'mode': 'tri', 'thr': 70, 'window': '20Y', 'order': 4, 'rows': 81}
{'ticker': 'QQQ', 'mode': 'tri', 'thr': 70, 'window': 'MAX', 'order': 1, 'rows': 3}
{'ticker': 'QQQ', 'mode': 'tri', 'thr': 70, 'window': 'MAX', 'order': 2, 'rows': 9}
{'ticker': 'QQQ', 'mode': 'tri', 'thr': 70, 'window': 'MAX', 'order': 3, 'rows': 27}
{'ticker': 'QQQ', 'mode': 'tri', 'thr': 70, 'window': 'MAX', 'order': 4, 'rows': 81}
{'ticker': 'QQQ', 'mode': 'tri', 'thr': 75, 'window': '1Y', 'order': 1, 'rows': 3}
{'ticker': 'QQQ', 'mode': 'tri', 'thr': 75, 'window': '1Y', 'order': 2, 'rows': 9}
{'ticker': 'QQQ', 'mode': 'tri', 'thr': 75, 'window': '1Y', 'order': 3, 'rows': 26}
{'ticker': 'QQQ', 'mode': 'tri', 'thr': 75, 'window': '1Y', 'order': 4, 'rows': 63}
{'ticker': 'QQQ', 'mode': 'tri', 'thr': 75, 'window': '2Y', 'order': 1, 'rows': 3}
{'ticker': 'QQQ', 'mode': 'tri', 'thr': 75, 'window': '2Y', 'order': 2, 'rows': 9}
{'ticker': 'QQQ', 'mode': 'tri', 'thr': 75, 'window': '2Y', 'order': 3, 'rows': 27}
{'ticker': 'QQQ', 'mode': 'tri', 'thr': 75, 'window': '2Y', 'order': 4, 'rows': 73}
{'ticker': 'QQQ', 'mode': 'tri', 'thr': 75, 'window': '5Y', 'order': 1, 'rows': 3}
{'ticker': 'QQQ', 'mode': 'tri', 'thr': 75, 'window': '5Y', 'order': 2, 'rows': 9}
{'ticker': 'QQQ', 'mode': 'tri', 'thr': 75, 'window': '5Y', 'order': 3, 'rows': 27}
{'ticker': 'QQQ', 'mode': 'tri', 'thr': 75, 'window': '5Y', 'order': 4, 'rows': 81}
{'ticker': 'QQQ', 'mode': 'tri', 'thr': 75, 'window': '10Y', 'order': 1, 'rows': 3}
{'ticker': 'QQQ', 'mode': 'tri', 'thr': 75, 'window': '10Y', 'order': 2, 'rows': 9}
{'ticker': 'QQQ', 'mode': 'tri', 'thr': 75, 'window': '10Y', 'order': 3, 'rows': 27}
{'ticker': 'QQQ', 'mode': 'tri', 'thr': 75, 'window': '10Y', 'order': 4, 'rows': 81}
{'ticker': 'QQQ', 'mode': 'tri', 'thr': 75, 'window': '20Y', 'order': 1, 'rows': 3}
{'ticker': 'QQQ', 'mode': 'tri', 'thr': 75, 'window': '20Y', 'order': 2, 'rows': 9}
{'ticker': 'QQQ', 'mode': 'tri', 'thr': 75, 'window': '20Y', 'order': 3, 'rows': 27}
{'ticker': 'QQQ', 'mode': 'tri', 'thr': 75, 'window': '20Y', 'order': 4, 'rows': 81}
{'ticker': 'QQQ', 'mode': 'tri', 'thr': 75, 'window': 'MAX', 'order': 1, 'rows': 3}
{'ticker': 'QQQ', 'mode': 'tri', 'thr': 75, 'window': 'MAX', 'order': 2, 'rows': 9}
{'ticker': 'QQQ', 'mode': 'tri', 'thr': 75, 'window': 'MAX', 'order': 3, 'rows': 27}
{'ticker': 'QQQ', 'mode': 'tri', 'thr': 75, 'window': 'MAX', 'order': 4, 'rows': 81}
{'ticker': 'QQQ', 'mode': 'tri', 'thr': 80, 'window': '1Y', 'order': 1, 'rows': 3}
{'ticker': 'QQQ', 'mode': 'tri', 'thr': 80, 'window': '1Y', 'order': 2, 'rows': 9}
{'ticker': 'QQQ', 'mode': 'tri', 'thr': 80, 'window': '1Y', 'order': 3, 'rows': 25}
{'ticker': 'QQQ', 'mode': 'tri', 'thr': 80, 'window': '1Y', 'order': 4, 'rows': 59}
{'ticker': 'QQQ', 'mode': 'tri', 'thr': 80, 'window': '2Y', 'order': 1, 'rows': 3}
{'ticker': 'QQQ', 'mode': 'tri', 'thr': 80, 'window': '2Y', 'order': 2, 'rows': 9}
{'ticker': 'QQQ', 'mode': 'tri', 'thr': 80, 'window': '2Y', 'order': 3, 'rows': 27}
{'ticker': 'QQQ', 'mode': 'tri', 'thr': 80, 'window': '2Y', 'order': 4, 'rows': 69}
{'ticker': 'QQQ', 'mode': 'tri', 'thr': 80, 'window': '5Y', 'order': 1, 'rows': 3}
{'ticker': 'QQQ', 'mode': 'tri', 'thr': 80, 'window': '5Y', 'order': 2, 'rows': 9}
{'ticker': 'QQQ', 'mode': 'tri', 'thr': 80, 'window': '5Y', 'order': 3, 'rows': 27}
{'ticker': 'QQQ', 'mode': 'tri', 'thr': 80, 'window': '5Y', 'order': 4, 'rows': 81}
{'ticker': 'QQQ', 'mode': 'tri', 'thr': 80, 'window': '10Y', 'order': 1, 'rows': 3}
{'ticker': 'QQQ', 'mode': 'tri', 'thr': 80, 'window': '10Y', 'order': 2, 'rows': 9}
{'ticker': 'QQQ', 'mode': 'tri', 'thr': 80, 'window': '10Y', 'order': 3, 'rows': 27}
{'ticker': 'QQQ', 'mode': 'tri', 'thr': 80, 'window': '10Y', 'order': 4, 'rows': 81}
{'ticker': 'QQQ', 'mode': 'tri', 'thr': 80, 'window': '20Y', 'order': 1, 'rows': 3}
{'ticker': 'QQQ', 'mode': 'tri', 'thr': 80, 'window': '20Y', 'order': 2, 'rows': 9}
{'ticker': 'QQQ', 'mode': 'tri', 'thr': 80, 'window': '20Y', 'order': 3, 'rows': 27}
{'ticker': 'QQQ', 'mode': 'tri', 'thr': 80, 'window': '20Y', 'order': 4, 'rows': 81}
{'ticker': 'QQQ', 'mode': 'tri', 'thr': 80, 'window': 'MAX', 'order': 1, 'rows': 3}
{'ticker': 'QQQ', 'mode': 'tri', 'thr': 80, 'window': 'MAX', 'order': 2, 'rows': 9}
{'ticker': 'QQQ', 'mode': 'tri', 'thr': 80, 'window': 'MAX', 'order': 3, 'rows': 27}
{'ticker': 'QQQ', 'mode': 'tri', 'thr': 80, 'window': 'MAX', 'order': 4, 'rows': 81}
{'ticker': 'QQQ', 'mode': 'tri', 'thr': 85, 'window': '1Y', 'order': 1, 'rows': 3}
{'ticker': 'QQQ', 'mode': 'tri', 'thr': 85, 'window': '1Y', 'order': 2, 'rows': 9}
{'ticker': 'QQQ', 'mode': 'tri', 'thr': 85, 'window': '1Y', 'order': 3, 'rows': 25}
{'ticker': 'QQQ', 'mode': 'tri', 'thr': 85, 'window': '1Y', 'order': 4, 'rows': 59}
{'ticker': 'QQQ', 'mode': 'tri', 'thr': 85, 'window': '2Y', 'order': 1, 'rows': 3}
{'ticker': 'QQQ', 'mode': 'tri', 'thr': 85, 'window': '2Y', 'order': 2, 'rows': 9}
{'ticker': 'QQQ', 'mode': 'tri', 'thr': 85, 'window': '2Y', 'order': 3, 'rows': 27}
{'ticker': 'QQQ', 'mode': 'tri', 'thr': 85, 'window': '2Y', 'order': 4, 'rows': 68}
{'ticker': 'QQQ', 'mode': 'tri', 'thr': 85, 'window': '5Y', 'order': 1, 'rows': 3}
{'ticker': 'QQQ', 'mode': 'tri', 'thr': 85, 'window': '5Y', 'order': 2, 'rows': 9}
{'ticker': 'QQQ', 'mode': 'tri', 'thr': 85, 'window': '5Y', 'order': 3, 'rows': 27}
{'ticker': 'QQQ', 'mode': 'tri', 'thr': 85, 'window': '5Y', 'order': 4, 'rows': 81}
{'ticker': 'QQQ', 'mode': 'tri', 'thr': 85, 'window': '10Y', 'order': 1, 'rows': 3}
{'ticker': 'QQQ', 'mode': 'tri', 'thr': 85, 'window': '10Y', 'order': 2, 'rows': 9}
{'ticker': 'QQQ', 'mode': 'tri', 'thr': 85, 'window': '10Y', 'order': 3, 'rows': 27}
{'ticker': 'QQQ', 'mode': 'tri', 'thr': 85, 'window': '10Y', 'order': 4, 'rows': 81}
{'ticker': 'QQQ', 'mode': 'tri', 'thr': 85, 'window': '20Y', 'order': 1, 'rows': 3}
{'ticker': 'QQQ', 'mode': 'tri', 'thr': 85, 'window': '20Y', 'order': 2, 'rows': 9}
{'ticker': 'QQQ', 'mode': 'tri', 'thr': 85, 'window': '20Y', 'order': 3, 'rows': 27}
{'ticker': 'QQQ', 'mode': 'tri', 'thr': 85, 'window': '20Y', 'order': 4, 'rows': 81}
{'ticker': 'QQQ', 'mode': 'tri', 'thr': 85, 'window': 'MAX', 'order': 1, 'rows': 3}
{'ticker': 'QQQ', 'mode': 'tri', 'thr': 85, 'window': 'MAX', 'order': 2, 'rows': 9}
{'ticker': 'QQQ', 'mode': 'tri', 'thr': 85, 'window': 'MAX', 'order': 3, 'rows': 27}
{'ticker': 'QQQ', 'mode': 'tri', 'thr': 85, 'window': 'MAX', 'order': 4, 'rows': 81}
{'ticker': 'QQQ', 'mode': 'tri', 'thr': 90, 'window': '1Y', 'order': 1, 'rows': 3}
{'ticker': 'QQQ', 'mode': 'tri', 'thr': 90, 'window': '1Y', 'order': 2, 'rows': 9}
{'ticker': 'QQQ', 'mode': 'tri', 'thr': 90, 'window': '1Y', 'order': 3, 'rows': 25}
{'ticker': 'QQQ', 'mode': 'tri', 'thr': 90, 'window': '1Y', 'order': 4, 'rows': 58}
{'ticker': 'QQQ', 'mode': 'tri', 'thr': 90, 'window': '2Y', 'order': 1, 'rows': 3}
{'ticker': 'QQQ', 'mode': 'tri', 'thr': 90, 'window': '2Y', 'order': 2, 'rows': 9}
{'ticker': 'QQQ', 'mode': 'tri', 'thr': 90, 'window': '2Y', 'order': 3, 'rows': 27}
{'ticker': 'QQQ', 'mode': 'tri', 'thr': 90, 'window': '2Y', 'order': 4, 'rows': 69}
{'ticker': 'QQQ', 'mode': 'tri', 'thr': 90, 'window': '5Y', 'order': 1, 'rows': 3}
{'ticker': 'QQQ', 'mode': 'tri', 'thr': 90, 'window': '5Y', 'order': 2, 'rows': 9}
{'ticker': 'QQQ', 'mode': 'tri', 'thr': 90, 'window': '5Y', 'order': 3, 'rows': 27}
{'ticker': 'QQQ', 'mode': 'tri', 'thr': 90, 'window': '5Y', 'order': 4, 'rows': 81}
{'ticker': 'QQQ', 'mode': 'tri', 'thr': 90, 'window': '10Y', 'order': 1, 'rows': 3}
{'ticker': 'QQQ', 'mode': 'tri', 'thr': 90, 'window': '10Y', 'order': 2, 'rows': 9}
{'ticker': 'QQQ', 'mode': 'tri', 'thr': 90, 'window': '10Y', 'order': 3, 'rows': 27}
{'ticker': 'QQQ', 'mode': 'tri', 'thr': 90, 'window': '10Y', 'order': 4, 'rows': 81}
{'ticker': 'QQQ', 'mode': 'tri', 'thr': 90, 'window': '20Y', 'order': 1, 'rows': 3}
{'ticker': 'QQQ', 'mode': 'tri', 'thr': 90, 'window': '20Y', 'order': 2, 'rows': 9}2025-11-12 11:45:02,388 INFO [cli] {'ticker': 'QQQ', 'mode': 'tri', 'thr': 110, 'window': '20Y', 'order': 3, 'rows': 27}
2025-11-12 11:45:02,399 INFO [cli] {'ticker': 'QQQ', 'mode': 'tri', 'thr': 110, 'window': '20Y', 'order': 4, 'rows': 81}
2025-11-12 11:45:02,412 INFO [cli] {'ticker': 'QQQ', 'mode': 'tri', 'thr': 110, 'window': 'MAX', 'order': 1, 'rows': 3}
2025-11-12 11:45:02,424 INFO [cli] {'ticker': 'QQQ', 'mode': 'tri', 'thr': 110, 'window': 'MAX', 'order': 2, 'rows': 9}
2025-11-12 11:45:02,435 INFO [cli] {'ticker': 'QQQ', 'mode': 'tri', 'thr': 110, 'window': 'MAX', 'order': 3, 'rows': 27}
2025-11-12 11:45:02,446 INFO [cli] {'ticker': 'QQQ', 'mode': 'tri', 'thr': 110, 'window': 'MAX', 'order': 4, 'rows': 81}
2025-11-12 11:45:02,462 INFO [cli] {'ticker': 'QQQ', 'mode': 'tri', 'thr': 115, 'window': '1Y', 'order': 1, 'rows': 3}
2025-11-12 11:45:02,473 INFO [cli] {'ticker': 'QQQ', 'mode': 'tri', 'thr': 115, 'window': '1Y', 'order': 2, 'rows': 9}
2025-11-12 11:45:02,485 INFO [cli] {'ticker': 'QQQ', 'mode': 'tri', 'thr': 115, 'window': '1Y', 'order': 3, 'rows': 24}
2025-11-12 11:45:02,496 INFO [cli] {'ticker': 'QQQ', 'mode': 'tri', 'thr': 115, 'window': '1Y', 'order': 4, 'rows': 47}
2025-11-12 11:45:02,507 INFO [cli] {'ticker': 'QQQ', 'mode': 'tri', 'thr': 115, 'window': '2Y', 'order': 1, 'rows': 3}
2025-11-12 11:45:02,516 INFO [cli] {'ticker': 'QQQ', 'mode': 'tri', 'thr': 115, 'window': '2Y', 'order': 2, 'rows': 9}
2025-11-12 11:45:02,528 INFO [cli] {'ticker': 'QQQ', 'mode': 'tri', 'thr': 115, 'window': '2Y', 'order': 3, 'rows': 25}
2025-11-12 11:45:02,540 INFO [cli] {'ticker': 'QQQ', 'mode': 'tri', 'thr': 115, 'window': '2Y', 'order': 4, 'rows': 58}
2025-11-12 11:45:02,551 INFO [cli] {'ticker': 'QQQ', 'mode': 'tri', 'thr': 115, 'window': '5Y', 'order': 1, 'rows': 3}
2025-11-12 11:45:02,561 INFO [cli] {'ticker': 'QQQ', 'mode': 'tri', 'thr': 115, 'window': '5Y', 'order': 2, 'rows': 9}
2025-11-12 11:45:02,572 INFO [cli] {'ticker': 'QQQ', 'mode': 'tri', 'thr': 115, 'window': '5Y', 'order': 3, 'rows': 27}
2025-11-12 11:45:02,581 INFO [cli] {'ticker': 'QQQ', 'mode': 'tri', 'thr': 115, 'window': '5Y', 'order': 4, 'rows': 78}
2025-11-12 11:45:02,591 INFO [cli] {'ticker': 'QQQ', 'mode': 'tri', 'thr': 115, 'window': '10Y', 'order': 1, 'rows': 3}
2025-11-12 11:45:02,602 INFO [cli] {'ticker': 'QQQ', 'mode': 'tri', 'thr': 115, 'window': '10Y', 'order': 2, 'rows': 9}
2025-11-12 11:45:02,615 INFO [cli] {'ticker': 'QQQ', 'mode': 'tri', 'thr': 115, 'window': '10Y', 'order': 3, 'rows': 27}
2025-11-12 11:45:02,623 INFO [cli] {'ticker': 'QQQ', 'mode': 'tri', 'thr': 115, 'window': '10Y', 'order': 4, 'rows': 80}
2025-11-12 11:45:02,634 INFO [cli] {'ticker': 'QQQ', 'mode': 'tri', 'thr': 115, 'window': '20Y', 'order': 1, 'rows': 3}
2025-11-12 11:45:02,645 INFO [cli] {'ticker': 'QQQ', 'mode': 'tri', 'thr': 115, 'window': '20Y', 'order': 2, 'rows': 9}
2025-11-12 11:45:02,655 INFO [cli] {'ticker': 'QQQ', 'mode': 'tri', 'thr': 115, 'window': '20Y', 'order': 3, 'rows': 27}
2025-11-12 11:45:02,666 INFO [cli] {'ticker': 'QQQ', 'mode': 'tri', 'thr': 115, 'window': '20Y', 'order': 4, 'rows': 81}
2025-11-12 11:45:02,674 INFO [cli] {'ticker': 'QQQ', 'mode': 'tri', 'thr': 115, 'window': 'MAX', 'order': 1, 'rows': 3}
2025-11-12 11:45:02,684 INFO [cli] {'ticker': 'QQQ', 'mode': 'tri', 'thr': 115, 'window': 'MAX', 'order': 2, 'rows': 9}
2025-11-12 11:45:02,695 INFO [cli] {'ticker': 'QQQ', 'mode': 'tri', 'thr': 115, 'window': 'MAX', 'order': 3, 'rows': 27}
2025-11-12 11:45:02,706 INFO [cli] {'ticker': 'QQQ', 'mode': 'tri', 'thr': 115, 'window': 'MAX', 'order': 4, 'rows': 81}
2025-11-12 11:45:02,721 INFO [cli] {'ticker': 'QQQ', 'mode': 'tri', 'thr': 120, 'window': '1Y', 'order': 1, 'rows': 3}
2025-11-12 11:45:02,731 INFO [cli] {'ticker': 'QQQ', 'mode': 'tri', 'thr': 120, 'window': '1Y', 'order': 2, 'rows': 9}
2025-11-12 11:45:02,740 INFO [cli] {'ticker': 'QQQ', 'mode': 'tri', 'thr': 120, 'window': '1Y', 'order': 3, 'rows': 23}
2025-11-12 11:45:02,750 INFO [cli] {'ticker': 'QQQ', 'mode': 'tri', 'thr': 120, 'window': '1Y', 'order': 4, 'rows': 45}
2025-11-12 11:45:02,760 INFO [cli] {'ticker': 'QQQ', 'mode': 'tri', 'thr': 120, 'window': '2Y', 'order': 1, 'rows': 3}
2025-11-12 11:45:02,770 INFO [cli] {'ticker': 'QQQ', 'mode': 'tri', 'thr': 120, 'window': '2Y', 'order': 2, 'rows': 9}
2025-11-12 11:45:02,781 INFO [cli] {'ticker': 'QQQ', 'mode': 'tri', 'thr': 120, 'window': '2Y', 'order': 3, 'rows': 25}
2025-11-12 11:45:02,793 INFO [cli] {'ticker': 'QQQ', 'mode': 'tri', 'thr': 120, 'window': '2Y', 'order': 4, 'rows': 55}
2025-11-12 11:45:02,807 INFO [cli] {'ticker': 'QQQ', 'mode': 'tri', 'thr': 120, 'window': '5Y', 'order': 1, 'rows': 3}
2025-11-12 11:45:02,816 INFO [cli] {'ticker': 'QQQ', 'mode': 'tri', 'thr': 120, 'window': '5Y', 'order': 2, 'rows': 9}
2025-11-12 11:45:02,826 INFO [cli] {'ticker': 'QQQ', 'mode': 'tri', 'thr': 120, 'window': '5Y', 'order': 3, 'rows': 27}
2025-11-12 11:45:02,835 INFO [cli] {'ticker': 'QQQ', 'mode': 'tri', 'thr': 120, 'window': '5Y', 'order': 4, 'rows': 76}
2025-11-12 11:45:02,846 INFO [cli] {'ticker': 'QQQ', 'mode': 'tri', 'thr': 120, 'window': '10Y', 'order': 1, 'rows': 3}
2025-11-12 11:45:02,854 INFO [cli] {'ticker': 'QQQ', 'mode': 'tri', 'thr': 120, 'window': '10Y', 'order': 2, 'rows': 9}
2025-11-12 11:45:02,865 INFO [cli] {'ticker': 'QQQ', 'mode': 'tri', 'thr': 120, 'window': '10Y', 'order': 3, 'rows': 27}
2025-11-12 11:45:02,874 INFO [cli] {'ticker': 'QQQ', 'mode': 'tri', 'thr': 120, 'window': '10Y', 'order': 4, 'rows': 80}
2025-11-12 11:45:02,886 INFO [cli] {'ticker': 'QQQ', 'mode': 'tri', 'thr': 120, 'window': '20Y', 'order': 1, 'rows': 3}
2025-11-12 11:45:02,897 INFO [cli] {'ticker': 'QQQ', 'mode': 'tri', 'thr': 120, 'window': '20Y', 'order': 2, 'rows': 9}
2025-11-12 11:45:02,907 INFO [cli] {'ticker': 'QQQ', 'mode': 'tri', 'thr': 120, 'window': '20Y', 'order': 3, 'rows': 27}
2025-11-12 11:45:02,914 INFO [cli] {'ticker': 'QQQ', 'mode': 'tri', 'thr': 120, 'window': '20Y', 'order': 4, 'rows': 81}
2025-11-12 11:45:02,925 INFO [cli] {'ticker': 'QQQ', 'mode': 'tri', 'thr': 120, 'window': 'MAX', 'order': 1, 'rows': 3}
2025-11-12 11:45:02,936 INFO [cli] {'ticker': 'QQQ', 'mode': 'tri', 'thr': 120, 'window': 'MAX', 'order': 2, 'rows': 9}
2025-11-12 11:45:02,946 INFO [cli] {'ticker': 'QQQ', 'mode': 'tri', 'thr': 120, 'window': 'MAX', 'order': 3, 'rows': 27}
2025-11-12 11:45:02,956 INFO [cli] {'ticker': 'QQQ', 'mode': 'tri', 'thr': 120, 'window': 'MAX', 'order': 4, 'rows': 81}
2025-11-12 11:45:02,971 INFO [cli] {'ticker': 'QQQ', 'mode': 'tri', 'thr': 125, 'window': '1Y', 'order': 1, 'rows': 3}
2025-11-12 11:45:02,980 INFO [cli] {'ticker': 'QQQ', 'mode': 'tri', 'thr': 125, 'window': '1Y', 'order': 2, 'rows': 9}
2025-11-12 11:45:02,999 INFO [cli] {'ticker': 'QQQ', 'mode': 'tri', 'thr': 125, 'window': '1Y', 'order': 3, 'rows': 23}
2025-11-12 11:45:03,007 INFO [cli] {'ticker': 'QQQ', 'mode': 'tri', 'thr': 125, 'window': '1Y', 'order': 4, 'rows': 45}
2025-11-12 11:45:03,018 INFO [cli] {'ticker': 'QQQ', 'mode': 'tri', 'thr': 125, 'window': '2Y', 'order': 1, 'rows': 3}
2025-11-12 11:45:03,029 INFO [cli] {'ticker': 'QQQ', 'mode': 'tri', 'thr': 125, 'window': '2Y', 'order': 2, 'rows': 9}
2025-11-12 11:45:03,038 INFO [cli] {'ticker': 'QQQ', 'mode': 'tri', 'thr': 125, 'window': '2Y', 'order': 3, 'rows': 25}
2025-11-12 11:45:03,048 INFO [cli] {'ticker': 'QQQ', 'mode': 'tri', 'thr': 125, 'window': '2Y', 'order': 4, 'rows': 55}
2025-11-12 11:45:03,056 INFO [cli] {'ticker': 'QQQ', 'mode': 'tri', 'thr': 125, 'window': '5Y', 'order': 1, 'rows': 3}
2025-11-12 11:45:03,067 INFO [cli] {'ticker': 'QQQ', 'mode': 'tri', 'thr': 125, 'window': '5Y', 'order': 2, 'rows': 9}
2025-11-12 11:45:03,076 INFO [cli] {'ticker': 'QQQ', 'mode': 'tri', 'thr': 125, 'window': '5Y', 'order': 3, 'rows': 27}
2025-11-12 11:45:03,085 INFO [cli] {'ticker': 'QQQ', 'mode': 'tri', 'thr': 125, 'window': '5Y', 'order': 4, 'rows': 75}
2025-11-12 11:45:03,094 INFO [cli] {'ticker': 'QQQ', 'mode': 'tri', 'thr': 125, 'window': '10Y', 'order': 1, 'rows': 3}
2025-11-12 11:45:03,105 INFO [cli] {'ticker': 'QQQ', 'mode': 'tri', 'thr': 125, 'window': '10Y', 'order': 2, 'rows': 9}
2025-11-12 11:45:03,115 INFO [cli] {'ticker': 'QQQ', 'mode': 'tri', 'thr': 125, 'window': '10Y', 'order': 3, 'rows': 27}
2025-11-12 11:45:03,125 INFO [cli] {'ticker': 'QQQ', 'mode': 'tri', 'thr': 125, 'window': '10Y', 'order': 4, 'rows': 79}
2025-11-12 11:45:03,133 INFO [cli] {'ticker': 'QQQ', 'mode': 'tri', 'thr': 125, 'window': '20Y', 'order': 1, 'rows': 3}
2025-11-12 11:45:03,143 INFO [cli] {'ticker': 'QQQ', 'mode': 'tri', 'thr': 125, 'window': '20Y', 'order': 2, 'rows': 9}
2025-11-12 11:45:03,152 INFO [cli] {'ticker': 'QQQ', 'mode': 'tri', 'thr': 125, 'window': '20Y', 'order': 3, 'rows': 27}
2025-11-12 11:45:03,160 INFO [cli] {'ticker': 'QQQ', 'mode': 'tri', 'thr': 125, 'window': '20Y', 'order': 4, 'rows': 81}
2025-11-12 11:45:03,170 INFO [cli] {'ticker': 'QQQ', 'mode': 'tri', 'thr': 125, 'window': 'MAX', 'order': 1, 'rows': 3}
2025-11-12 11:45:03,178 INFO [cli] {'ticker': 'QQQ', 'mode': 'tri', 'thr': 125, 'window': 'MAX', 'order': 2, 'rows': 9}
2025-11-12 11:45:03,189 INFO [cli] {'ticker': 'QQQ', 'mode': 'tri', 'thr': 125, 'window': 'MAX', 'order': 3, 'rows': 27}
2025-11-12 11:45:03,198 INFO [cli] {'ticker': 'QQQ', 'mode': 'tri', 'thr': 125, 'window': 'MAX', 'order': 4, 'rows': 81}
2025-11-12 11:45:03,214 INFO [cli] {'ticker': 'QQQ', 'mode': 'tri', 'thr': 130, 'window': '1Y', 'order': 1, 'rows': 3}
2025-11-12 11:45:03,221 INFO [cli] {'ticker': 'QQQ', 'mode': 'tri', 'thr': 130, 'window': '1Y', 'order': 2, 'rows': 9}
2025-11-12 11:45:03,234 INFO [cli] {'ticker': 'QQQ', 'mode': 'tri', 'thr': 130, 'window': '1Y', 'order': 3, 'rows': 23}
2025-11-12 11:45:03,244 INFO [cli] {'ticker': 'QQQ', 'mode': 'tri', 'thr': 130, 'window': '1Y', 'order': 4, 'rows': 44}
2025-11-12 11:45:03,254 INFO [cli] {'ticker': 'QQQ', 'mode': 'tri', 'thr': 130, 'window': '2Y', 'order': 1, 'rows': 3}
2025-11-12 11:45:03,262 INFO [cli] {'ticker': 'QQQ', 'mode': 'tri', 'thr': 130, 'window': '2Y', 'order': 2, 'rows': 9}
2025-11-12 11:45:03,274 INFO [cli] {'ticker': 'QQQ', 'mode': 'tri', 'thr': 130, 'window': '2Y', 'order': 3, 'rows': 25}
2025-11-12 11:45:03,283 INFO [cli] {'ticker': 'QQQ', 'mode': 'tri', 'thr': 130, 'window': '2Y', 'order': 4, 'rows': 52}
2025-11-12 11:45:03,295 INFO [cli] {'ticker': 'QQQ', 'mode': 'tri', 'thr': 130, 'window': '5Y', 'order': 1, 'rows': 3}
2025-11-12 11:45:03,306 INFO [cli] {'ticker': 'QQQ', 'mode': 'tri', 'thr': 130, 'window': '5Y', 'order': 2, 'rows': 9}
2025-11-12 11:45:03,314 INFO [cli] {'ticker': 'QQQ', 'mode': 'tri', 'thr': 130, 'window': '5Y', 'order': 3, 'rows': 27}
2025-11-12 11:45:03,325 INFO [cli] {'ticker': 'QQQ', 'mode': 'tri', 'thr': 130, 'window': '5Y', 'order': 4, 'rows': 73}
2025-11-12 11:45:03,337 INFO [cli] {'ticker': 'QQQ', 'mode': 'tri', 'thr': 130, 'window': '10Y', 'order': 1, 'rows': 3}
2025-11-12 11:45:03,348 INFO [cli] {'ticker': 'QQQ', 'mode': 'tri', 'thr': 130, 'window': '10Y', 'order': 2, 'rows': 9}
2025-11-12 11:45:03,356 INFO [cli] {'ticker': 'QQQ', 'mode': 'tri', 'thr': 130, 'window': '10Y', 'order': 3, 'rows': 27}
2025-11-12 11:45:03,367 INFO [cli] {'ticker': 'QQQ', 'mode': 'tri', 'thr': 130, 'window': '10Y', 'order': 4, 'rows': 78}
2025-11-12 11:45:03,377 INFO [cli] {'ticker': 'QQQ', 'mode': 'tri', 'thr': 130, 'window': '20Y', 'order': 1, 'rows': 3}
2025-11-12 11:45:03,388 INFO [cli] {'ticker': 'QQQ', 'mode': 'tri', 'thr': 130, 'window': '20Y', 'order': 2, 'rows': 9}
2025-11-12 11:45:03,396 INFO [cli] {'ticker': 'QQQ', 'mode': 'tri', 'thr': 130, 'window': '20Y', 'order': 3, 'rows': 27}

{'ticker': 'QQQ', 'mode': 'tri', 'thr': 90, 'window': '20Y', 'order': 3, 'rows': 27}
{'ticker': 'QQQ', 'mode': 'tri', 'thr': 90, 'window': '20Y', 'order': 4, 'rows': 81}
{'ticker': 'QQQ', 'mode': 'tri', 'thr': 90, 'window': 'MAX', 'order': 1, 'rows': 3}
{'ticker': 'QQQ', 'mode': 'tri', 'thr': 90, 'window': 'MAX', 'order': 2, 'rows': 9}
{'ticker': 'QQQ', 'mode': 'tri', 'thr': 90, 'window': 'MAX', 'order': 3, 'rows': 27}
{'ticker': 'QQQ', 'mode': 'tri', 'thr': 90, 'window': 'MAX', 'order': 4, 'rows': 81}
{'ticker': 'QQQ', 'mode': 'tri', 'thr': 95, 'window': '1Y', 'order': 1, 'rows': 3}
{'ticker': 'QQQ', 'mode': 'tri', 'thr': 95, 'window': '1Y', 'order': 2, 'rows': 9}
{'ticker': 'QQQ', 'mode': 'tri', 'thr': 95, 'window': '1Y', 'order': 3, 'rows': 25}
{'ticker': 'QQQ', 'mode': 'tri', 'thr': 95, 'window': '1Y', 'order': 4, 'rows': 56}
{'ticker': 'QQQ', 'mode': 'tri', 'thr': 95, 'window': '2Y', 'order': 1, 'rows': 3}
{'ticker': 'QQQ', 'mode': 'tri', 'thr': 95, 'window': '2Y', 'order': 2, 'rows': 9}
{'ticker': 'QQQ', 'mode': 'tri', 'thr': 95, 'window': '2Y', 'order': 3, 'rows': 27}
{'ticker': 'QQQ', 'mode': 'tri', 'thr': 95, 'window': '2Y', 'order': 4, 'rows': 68}
{'ticker': 'QQQ', 'mode': 'tri', 'thr': 95, 'window': '5Y', 'order': 1, 'rows': 3}
{'ticker': 'QQQ', 'mode': 'tri', 'thr': 95, 'window': '5Y', 'order': 2, 'rows': 9}
{'ticker': 'QQQ', 'mode': 'tri', 'thr': 95, 'window': '5Y', 'order': 3, 'rows': 27}
{'ticker': 'QQQ', 'mode': 'tri', 'thr': 95, 'window': '5Y', 'order': 4, 'rows': 81}
{'ticker': 'QQQ', 'mode': 'tri', 'thr': 95, 'window': '10Y', 'order': 1, 'rows': 3}
{'ticker': 'QQQ', 'mode': 'tri', 'thr': 95, 'window': '10Y', 'order': 2, 'rows': 9}
{'ticker': 'QQQ', 'mode': 'tri', 'thr': 95, 'window': '10Y', 'order': 3, 'rows': 27}
{'ticker': 'QQQ', 'mode': 'tri', 'thr': 95, 'window': '10Y', 'order': 4, 'rows': 81}
{'ticker': 'QQQ', 'mode': 'tri', 'thr': 95, 'window': '20Y', 'order': 1, 'rows': 3}
{'ticker': 'QQQ', 'mode': 'tri', 'thr': 95, 'window': '20Y', 'order': 2, 'rows': 9}
{'ticker': 'QQQ', 'mode': 'tri', 'thr': 95, 'window': '20Y', 'order': 3, 'rows': 27}
{'ticker': 'QQQ', 'mode': 'tri', 'thr': 95, 'window': '20Y', 'order': 4, 'rows': 81}
{'ticker': 'QQQ', 'mode': 'tri', 'thr': 95, 'window': 'MAX', 'order': 1, 'rows': 3}
{'ticker': 'QQQ', 'mode': 'tri', 'thr': 95, 'window': 'MAX', 'order': 2, 'rows': 9}
{'ticker': 'QQQ', 'mode': 'tri', 'thr': 95, 'window': 'MAX', 'order': 3, 'rows': 27}
{'ticker': 'QQQ', 'mode': 'tri', 'thr': 95, 'window': 'MAX', 'order': 4, 'rows': 81}
{'ticker': 'QQQ', 'mode': 'tri', 'thr': 100, 'window': '1Y', 'order': 1, 'rows': 3}
{'ticker': 'QQQ', 'mode': 'tri', 'thr': 100, 'window': '1Y', 'order': 2, 'rows': 9}
{'ticker': 'QQQ', 'mode': 'tri', 'thr': 100, 'window': '1Y', 'order': 3, 'rows': 25}
{'ticker': 'QQQ', 'mode': 'tri', 'thr': 100, 'window': '1Y', 'order': 4, 'rows': 53}
{'ticker': 'QQQ', 'mode': 'tri', 'thr': 100, 'window': '2Y', 'order': 1, 'rows': 3}
{'ticker': 'QQQ', 'mode': 'tri', 'thr': 100, 'window': '2Y', 'order': 2, 'rows': 9}
{'ticker': 'QQQ', 'mode': 'tri', 'thr': 100, 'window': '2Y', 'order': 3, 'rows': 27}
{'ticker': 'QQQ', 'mode': 'tri', 'thr': 100, 'window': '2Y', 'order': 4, 'rows': 65}
{'ticker': 'QQQ', 'mode': 'tri', 'thr': 100, 'window': '5Y', 'order': 1, 'rows': 3}
{'ticker': 'QQQ', 'mode': 'tri', 'thr': 100, 'window': '5Y', 'order': 2, 'rows': 9}
{'ticker': 'QQQ', 'mode': 'tri', 'thr': 100, 'window': '5Y', 'order': 3, 'rows': 27}
{'ticker': 'QQQ', 'mode': 'tri', 'thr': 100, 'window': '5Y', 'order': 4, 'rows': 80}
{'ticker': 'QQQ', 'mode': 'tri', 'thr': 100, 'window': '10Y', 'order': 1, 'rows': 3}
{'ticker': 'QQQ', 'mode': 'tri', 'thr': 100, 'window': '10Y', 'order': 2, 'rows': 9}
{'ticker': 'QQQ', 'mode': 'tri', 'thr': 100, 'window': '10Y', 'order': 3, 'rows': 27}
{'ticker': 'QQQ', 'mode': 'tri', 'thr': 100, 'window': '10Y', 'order': 4, 'rows': 81}
{'ticker': 'QQQ', 'mode': 'tri', 'thr': 100, 'window': '20Y', 'order': 1, 'rows': 3}
{'ticker': 'QQQ', 'mode': 'tri', 'thr': 100, 'window': '20Y', 'order': 2, 'rows': 9}
{'ticker': 'QQQ', 'mode': 'tri', 'thr': 100, 'window': '20Y', 'order': 3, 'rows': 27}
{'ticker': 'QQQ', 'mode': 'tri', 'thr': 100, 'window': '20Y', 'order': 4, 'rows': 81}
{'ticker': 'QQQ', 'mode': 'tri', 'thr': 100, 'window': 'MAX', 'order': 1, 'rows': 3}
{'ticker': 'QQQ', 'mode': 'tri', 'thr': 100, 'window': 'MAX', 'order': 2, 'rows': 9}
{'ticker': 'QQQ', 'mode': 'tri', 'thr': 100, 'window': 'MAX', 'order': 3, 'rows': 27}
{'ticker': 'QQQ', 'mode': 'tri', 'thr': 100, 'window': 'MAX', 'order': 4, 'rows': 81}
{'ticker': 'QQQ', 'mode': 'tri', 'thr': 105, 'window': '1Y', 'order': 1, 'rows': 3}
{'ticker': 'QQQ', 'mode': 'tri', 'thr': 105, 'window': '1Y', 'order': 2, 'rows': 9}
{'ticker': 'QQQ', 'mode': 'tri', 'thr': 105, 'window': '1Y', 'order': 3, 'rows': 25}
{'ticker': 'QQQ', 'mode': 'tri', 'thr': 105, 'window': '1Y', 'order': 4, 'rows': 52}
{'ticker': 'QQQ', 'mode': 'tri', 'thr': 105, 'window': '2Y', 'order': 1, 'rows': 3}
{'ticker': 'QQQ', 'mode': 'tri', 'thr': 105, 'window': '2Y', 'order': 2, 'rows': 9}
{'ticker': 'QQQ', 'mode': 'tri', 'thr': 105, 'window': '2Y', 'order': 3, 'rows': 26}
{'ticker': 'QQQ', 'mode': 'tri', 'thr': 105, 'window': '2Y', 'order': 4, 'rows': 62}
{'ticker': 'QQQ', 'mode': 'tri', 'thr': 105, 'window': '5Y', 'order': 1, 'rows': 3}
{'ticker': 'QQQ', 'mode': 'tri', 'thr': 105, 'window': '5Y', 'order': 2, 'rows': 9}
{'ticker': 'QQQ', 'mode': 'tri', 'thr': 105, 'window': '5Y', 'order': 3, 'rows': 27}
{'ticker': 'QQQ', 'mode': 'tri', 'thr': 105, 'window': '5Y', 'order': 4, 'rows': 80}
{'ticker': 'QQQ', 'mode': 'tri', 'thr': 105, 'window': '10Y', 'order': 1, 'rows': 3}
{'ticker': 'QQQ', 'mode': 'tri', 'thr': 105, 'window': '10Y', 'order': 2, 'rows': 9}
{'ticker': 'QQQ', 'mode': 'tri', 'thr': 105, 'window': '10Y', 'order': 3, 'rows': 27}
{'ticker': 'QQQ', 'mode': 'tri', 'thr': 105, 'window': '10Y', 'order': 4, 'rows': 81}
{'ticker': 'QQQ', 'mode': 'tri', 'thr': 105, 'window': '20Y', 'order': 1, 'rows': 3}
{'ticker': 'QQQ', 'mode': 'tri', 'thr': 105, 'window': '20Y', 'order': 2, 'rows': 9}
{'ticker': 'QQQ', 'mode': 'tri', 'thr': 105, 'window': '20Y', 'order': 3, 'rows': 27}
{'ticker': 'QQQ', 'mode': 'tri', 'thr': 105, 'window': '20Y', 'order': 4, 'rows': 81}
{'ticker': 'QQQ', 'mode': 'tri', 'thr': 105, 'window': 'MAX', 'order': 1, 'rows': 3}
{'ticker': 'QQQ', 'mode': 'tri', 'thr': 105, 'window': 'MAX', 'order': 2, 'rows': 9}
{'ticker': 'QQQ', 'mode': 'tri', 'thr': 105, 'window': 'MAX', 'order': 3, 'rows': 27}
{'ticker': 'QQQ', 'mode': 'tri', 'thr': 105, 'window': 'MAX', 'order': 4, 'rows': 81}
{'ticker': 'QQQ', 'mode': 'tri', 'thr': 110, 'window': '1Y', 'order': 1, 'rows': 3}
{'ticker': 'QQQ', 'mode': 'tri', 'thr': 110, 'window': '1Y', 'order': 2, 'rows': 9}
{'ticker': 'QQQ', 'mode': 'tri', 'thr': 110, 'window': '1Y', 'order': 3, 'rows': 25}
{'ticker': 'QQQ', 'mode': 'tri', 'thr': 110, 'window': '1Y', 'order': 4, 'rows': 52}
{'ticker': 'QQQ', 'mode': 'tri', 'thr': 110, 'window': '2Y', 'order': 1, 'rows': 3}
{'ticker': 'QQQ', 'mode': 'tri', 'thr': 110, 'window': '2Y', 'order': 2, 'rows': 9}
{'ticker': 'QQQ', 'mode': 'tri', 'thr': 110, 'window': '2Y', 'order': 3, 'rows': 26}
{'ticker': 'QQQ', 'mode': 'tri', 'thr': 110, 'window': '2Y', 'order': 4, 'rows': 62}
{'ticker': 'QQQ', 'mode': 'tri', 'thr': 110, 'window': '5Y', 'order': 1, 'rows': 3}
{'ticker': 'QQQ', 'mode': 'tri', 'thr': 110, 'window': '5Y', 'order': 2, 'rows': 9}
{'ticker': 'QQQ', 'mode': 'tri', 'thr': 110, 'window': '5Y', 'order': 3, 'rows': 27}
{'ticker': 'QQQ', 'mode': 'tri', 'thr': 110, 'window': '5Y', 'order': 4, 'rows': 79}
{'ticker': 'QQQ', 'mode': 'tri', 'thr': 110, 'window': '10Y', 'order': 1, 'rows': 3}
{'ticker': 'QQQ', 'mode': 'tri', 'thr': 110, 'window': '10Y', 'order': 2, 'rows': 9}
{'ticker': 'QQQ', 'mode': 'tri', 'thr': 110, 'window': '10Y', 'order': 3, 'rows': 27}
{'ticker': 'QQQ', 'mode': 'tri', 'thr': 110, 'window': '10Y', 'order': 4, 'rows': 80}
{'ticker': 'QQQ', 'mode': 'tri', 'thr': 110, 'window': '20Y', 'order': 1, 'rows': 3}
{'ticker': 'QQQ', 'mode': 'tri', 'thr': 110, 'window': '20Y', 'order': 2, 'rows': 9}
{'ticker': 'QQQ', 'mode': 'tri', 'thr': 110, 'window': '20Y', 'order': 3, 'rows': 27}2025-11-12 11:45:03,407 INFO [cli] {'ticker': 'QQQ', 'mode': 'tri', 'thr': 130, 'window': '20Y', 'order': 4, 'rows': 80}
2025-11-12 11:45:03,416 INFO [cli] {'ticker': 'QQQ', 'mode': 'tri', 'thr': 130, 'window': 'MAX', 'order': 1, 'rows': 3}
2025-11-12 11:45:03,429 INFO [cli] {'ticker': 'QQQ', 'mode': 'tri', 'thr': 130, 'window': 'MAX', 'order': 2, 'rows': 9}
2025-11-12 11:45:03,440 INFO [cli] {'ticker': 'QQQ', 'mode': 'tri', 'thr': 130, 'window': 'MAX', 'order': 3, 'rows': 27}
2025-11-12 11:45:03,449 INFO [cli] {'ticker': 'QQQ', 'mode': 'tri', 'thr': 130, 'window': 'MAX', 'order': 4, 'rows': 81}
2025-11-12 11:45:03,465 INFO [cli] {'ticker': 'QQQ', 'mode': 'tri', 'thr': 135, 'window': '1Y', 'order': 1, 'rows': 3}
2025-11-12 11:45:03,475 INFO [cli] {'ticker': 'QQQ', 'mode': 'tri', 'thr': 135, 'window': '1Y', 'order': 2, 'rows': 9}
2025-11-12 11:45:03,487 INFO [cli] {'ticker': 'QQQ', 'mode': 'tri', 'thr': 135, 'window': '1Y', 'order': 3, 'rows': 21}
2025-11-12 11:45:03,499 INFO [cli] {'ticker': 'QQQ', 'mode': 'tri', 'thr': 135, 'window': '1Y', 'order': 4, 'rows': 38}
2025-11-12 11:45:03,509 INFO [cli] {'ticker': 'QQQ', 'mode': 'tri', 'thr': 135, 'window': '2Y', 'order': 1, 'rows': 3}
2025-11-12 11:45:03,520 INFO [cli] {'ticker': 'QQQ', 'mode': 'tri', 'thr': 135, 'window': '2Y', 'order': 2, 'rows': 9}
2025-11-12 11:45:03,531 INFO [cli] {'ticker': 'QQQ', 'mode': 'tri', 'thr': 135, 'window': '2Y', 'order': 3, 'rows': 25}
2025-11-12 11:45:03,542 INFO [cli] {'ticker': 'QQQ', 'mode': 'tri', 'thr': 135, 'window': '2Y', 'order': 4, 'rows': 50}
2025-11-12 11:45:03,553 INFO [cli] {'ticker': 'QQQ', 'mode': 'tri', 'thr': 135, 'window': '5Y', 'order': 1, 'rows': 3}
2025-11-12 11:45:03,562 INFO [cli] {'ticker': 'QQQ', 'mode': 'tri', 'thr': 135, 'window': '5Y', 'order': 2, 'rows': 9}
2025-11-12 11:45:03,572 INFO [cli] {'ticker': 'QQQ', 'mode': 'tri', 'thr': 135, 'window': '5Y', 'order': 3, 'rows': 27}
2025-11-12 11:45:03,582 INFO [cli] {'ticker': 'QQQ', 'mode': 'tri', 'thr': 135, 'window': '5Y', 'order': 4, 'rows': 73}
2025-11-12 11:45:03,593 INFO [cli] {'ticker': 'QQQ', 'mode': 'tri', 'thr': 135, 'window': '10Y', 'order': 1, 'rows': 3}
2025-11-12 11:45:03,605 INFO [cli] {'ticker': 'QQQ', 'mode': 'tri', 'thr': 135, 'window': '10Y', 'order': 2, 'rows': 9}
2025-11-12 11:45:03,616 INFO [cli] {'ticker': 'QQQ', 'mode': 'tri', 'thr': 135, 'window': '10Y', 'order': 3, 'rows': 27}
2025-11-12 11:45:03,627 INFO [cli] {'ticker': 'QQQ', 'mode': 'tri', 'thr': 135, 'window': '10Y', 'order': 4, 'rows': 78}
2025-11-12 11:45:03,636 INFO [cli] {'ticker': 'QQQ', 'mode': 'tri', 'thr': 135, 'window': '20Y', 'order': 1, 'rows': 3}
2025-11-12 11:45:03,646 INFO [cli] {'ticker': 'QQQ', 'mode': 'tri', 'thr': 135, 'window': '20Y', 'order': 2, 'rows': 9}
2025-11-12 11:45:03,654 INFO [cli] {'ticker': 'QQQ', 'mode': 'tri', 'thr': 135, 'window': '20Y', 'order': 3, 'rows': 27}
2025-11-12 11:45:03,664 INFO [cli] {'ticker': 'QQQ', 'mode': 'tri', 'thr': 135, 'window': '20Y', 'order': 4, 'rows': 80}
2025-11-12 11:45:03,674 INFO [cli] {'ticker': 'QQQ', 'mode': 'tri', 'thr': 135, 'window': 'MAX', 'order': 1, 'rows': 3}
2025-11-12 11:45:03,685 INFO [cli] {'ticker': 'QQQ', 'mode': 'tri', 'thr': 135, 'window': 'MAX', 'order': 2, 'rows': 9}
2025-11-12 11:45:03,694 INFO [cli] {'ticker': 'QQQ', 'mode': 'tri', 'thr': 135, 'window': 'MAX', 'order': 3, 'rows': 27}
2025-11-12 11:45:03,703 INFO [cli] {'ticker': 'QQQ', 'mode': 'tri', 'thr': 135, 'window': 'MAX', 'order': 4, 'rows': 81}
2025-11-12 11:45:03,719 INFO [cli] {'ticker': 'QQQ', 'mode': 'tri', 'thr': 140, 'window': '1Y', 'order': 1, 'rows': 3}
2025-11-12 11:45:03,729 INFO [cli] {'ticker': 'QQQ', 'mode': 'tri', 'thr': 140, 'window': '1Y', 'order': 2, 'rows': 9}
2025-11-12 11:45:03,739 INFO [cli] {'ticker': 'QQQ', 'mode': 'tri', 'thr': 140, 'window': '1Y', 'order': 3, 'rows': 21}
2025-11-12 11:45:03,747 INFO [cli] {'ticker': 'QQQ', 'mode': 'tri', 'thr': 140, 'window': '1Y', 'order': 4, 'rows': 38}
2025-11-12 11:45:03,757 INFO [cli] {'ticker': 'QQQ', 'mode': 'tri', 'thr': 140, 'window': '2Y', 'order': 1, 'rows': 3}
2025-11-12 11:45:03,767 INFO [cli] {'ticker': 'QQQ', 'mode': 'tri', 'thr': 140, 'window': '2Y', 'order': 2, 'rows': 9}
2025-11-12 11:45:03,779 INFO [cli] {'ticker': 'QQQ', 'mode': 'tri', 'thr': 140, 'window': '2Y', 'order': 3, 'rows': 25}
2025-11-12 11:45:03,788 INFO [cli] {'ticker': 'QQQ', 'mode': 'tri', 'thr': 140, 'window': '2Y', 'order': 4, 'rows': 49}
2025-11-12 11:45:03,798 INFO [cli] {'ticker': 'QQQ', 'mode': 'tri', 'thr': 140, 'window': '5Y', 'order': 1, 'rows': 3}
2025-11-12 11:45:03,808 INFO [cli] {'ticker': 'QQQ', 'mode': 'tri', 'thr': 140, 'window': '5Y', 'order': 2, 'rows': 9}
2025-11-12 11:45:03,818 INFO [cli] {'ticker': 'QQQ', 'mode': 'tri', 'thr': 140, 'window': '5Y', 'order': 3, 'rows': 27}
2025-11-12 11:45:03,827 INFO [cli] {'ticker': 'QQQ', 'mode': 'tri', 'thr': 140, 'window': '5Y', 'order': 4, 'rows': 72}
2025-11-12 11:45:03,836 INFO [cli] {'ticker': 'QQQ', 'mode': 'tri', 'thr': 140, 'window': '10Y', 'order': 1, 'rows': 3}
2025-11-12 11:45:03,849 INFO [cli] {'ticker': 'QQQ', 'mode': 'tri', 'thr': 140, 'window': '10Y', 'order': 2, 'rows': 9}
2025-11-12 11:45:03,861 INFO [cli] {'ticker': 'QQQ', 'mode': 'tri', 'thr': 140, 'window': '10Y', 'order': 3, 'rows': 27}
2025-11-12 11:45:03,870 INFO [cli] {'ticker': 'QQQ', 'mode': 'tri', 'thr': 140, 'window': '10Y', 'order': 4, 'rows': 77}
2025-11-12 11:45:03,880 INFO [cli] {'ticker': 'QQQ', 'mode': 'tri', 'thr': 140, 'window': '20Y', 'order': 1, 'rows': 3}
2025-11-12 11:45:03,888 INFO [cli] {'ticker': 'QQQ', 'mode': 'tri', 'thr': 140, 'window': '20Y', 'order': 2, 'rows': 9}
2025-11-12 11:45:03,899 INFO [cli] {'ticker': 'QQQ', 'mode': 'tri', 'thr': 140, 'window': '20Y', 'order': 3, 'rows': 27}
2025-11-12 11:45:03,921 INFO [cli] {'ticker': 'QQQ', 'mode': 'tri', 'thr': 140, 'window': '20Y', 'order': 4, 'rows': 80}
2025-11-12 11:45:03,931 INFO [cli] {'ticker': 'QQQ', 'mode': 'tri', 'thr': 140, 'window': 'MAX', 'order': 1, 'rows': 3}
2025-11-12 11:45:03,941 INFO [cli] {'ticker': 'QQQ', 'mode': 'tri', 'thr': 140, 'window': 'MAX', 'order': 2, 'rows': 9}
2025-11-12 11:45:03,951 INFO [cli] {'ticker': 'QQQ', 'mode': 'tri', 'thr': 140, 'window': 'MAX', 'order': 3, 'rows': 27}
2025-11-12 11:45:03,959 INFO [cli] {'ticker': 'QQQ', 'mode': 'tri', 'thr': 140, 'window': 'MAX', 'order': 4, 'rows': 81}
2025-11-12 11:45:03,975 INFO [cli] {'ticker': 'QQQ', 'mode': 'tri', 'thr': 145, 'window': '1Y', 'order': 1, 'rows': 3}
2025-11-12 11:45:03,986 INFO [cli] {'ticker': 'QQQ', 'mode': 'tri', 'thr': 145, 'window': '1Y', 'order': 2, 'rows': 9}
2025-11-12 11:45:03,994 INFO [cli] {'ticker': 'QQQ', 'mode': 'tri', 'thr': 145, 'window': '1Y', 'order': 3, 'rows': 21}
2025-11-12 11:45:04,003 INFO [cli] {'ticker': 'QQQ', 'mode': 'tri', 'thr': 145, 'window': '1Y', 'order': 4, 'rows': 37}
2025-11-12 11:45:04,014 INFO [cli] {'ticker': 'QQQ', 'mode': 'tri', 'thr': 145, 'window': '2Y', 'order': 1, 'rows': 3}
2025-11-12 11:45:04,025 INFO [cli] {'ticker': 'QQQ', 'mode': 'tri', 'thr': 145, 'window': '2Y', 'order': 2, 'rows': 9}
2025-11-12 11:45:04,035 INFO [cli] {'ticker': 'QQQ', 'mode': 'tri', 'thr': 145, 'window': '2Y', 'order': 3, 'rows': 25}
2025-11-12 11:45:04,048 INFO [cli] {'ticker': 'QQQ', 'mode': 'tri', 'thr': 145, 'window': '2Y', 'order': 4, 'rows': 46}
2025-11-12 11:45:04,057 INFO [cli] {'ticker': 'QQQ', 'mode': 'tri', 'thr': 145, 'window': '5Y', 'order': 1, 'rows': 3}
2025-11-12 11:45:04,068 INFO [cli] {'ticker': 'QQQ', 'mode': 'tri', 'thr': 145, 'window': '5Y', 'order': 2, 'rows': 9}
2025-11-12 11:45:04,076 INFO [cli] {'ticker': 'QQQ', 'mode': 'tri', 'thr': 145, 'window': '5Y', 'order': 3, 'rows': 27}
2025-11-12 11:45:04,086 INFO [cli] {'ticker': 'QQQ', 'mode': 'tri', 'thr': 145, 'window': '5Y', 'order': 4, 'rows': 72}
2025-11-12 11:45:04,100 INFO [cli] {'ticker': 'QQQ', 'mode': 'tri', 'thr': 145, 'window': '10Y', 'order': 1, 'rows': 3}
2025-11-12 11:45:04,112 INFO [cli] {'ticker': 'QQQ', 'mode': 'tri', 'thr': 145, 'window': '10Y', 'order': 2, 'rows': 9}
2025-11-12 11:45:04,122 INFO [cli] {'ticker': 'QQQ', 'mode': 'tri', 'thr': 145, 'window': '10Y', 'order': 3, 'rows': 27}
2025-11-12 11:45:04,131 INFO [cli] {'ticker': 'QQQ', 'mode': 'tri', 'thr': 145, 'window': '10Y', 'order': 4, 'rows': 74}
2025-11-12 11:45:04,141 INFO [cli] {'ticker': 'QQQ', 'mode': 'tri', 'thr': 145, 'window': '20Y', 'order': 1, 'rows': 3}
2025-11-12 11:45:04,153 INFO [cli] {'ticker': 'QQQ', 'mode': 'tri', 'thr': 145, 'window': '20Y', 'order': 2, 'rows': 9}
2025-11-12 11:45:04,161 INFO [cli] {'ticker': 'QQQ', 'mode': 'tri', 'thr': 145, 'window': '20Y', 'order': 3, 'rows': 27}
2025-11-12 11:45:04,171 INFO [cli] {'ticker': 'QQQ', 'mode': 'tri', 'thr': 145, 'window': '20Y', 'order': 4, 'rows': 78}
2025-11-12 11:45:04,182 INFO [cli] {'ticker': 'QQQ', 'mode': 'tri', 'thr': 145, 'window': 'MAX', 'order': 1, 'rows': 3}
2025-11-12 11:45:04,191 INFO [cli] {'ticker': 'QQQ', 'mode': 'tri', 'thr': 145, 'window': 'MAX', 'order': 2, 'rows': 9}
2025-11-12 11:45:04,201 INFO [cli] {'ticker': 'QQQ', 'mode': 'tri', 'thr': 145, 'window': 'MAX', 'order': 3, 'rows': 27}
2025-11-12 11:45:04,209 INFO [cli] {'ticker': 'QQQ', 'mode': 'tri', 'thr': 145, 'window': 'MAX', 'order': 4, 'rows': 81}
2025-11-12 11:45:04,225 INFO [cli] {'ticker': 'QQQ', 'mode': 'tri', 'thr': 150, 'window': '1Y', 'order': 1, 'rows': 3}
2025-11-12 11:45:04,235 INFO [cli] {'ticker': 'QQQ', 'mode': 'tri', 'thr': 150, 'window': '1Y', 'order': 2, 'rows': 9}
2025-11-12 11:45:04,247 INFO [cli] {'ticker': 'QQQ', 'mode': 'tri', 'thr': 150, 'window': '1Y', 'order': 3, 'rows': 21}
2025-11-12 11:45:04,256 INFO [cli] {'ticker': 'QQQ', 'mode': 'tri', 'thr': 150, 'window': '1Y', 'order': 4, 'rows': 37}
2025-11-12 11:45:04,263 INFO [cli] {'ticker': 'QQQ', 'mode': 'tri', 'thr': 150, 'window': '2Y', 'order': 1, 'rows': 3}
2025-11-12 11:45:04,271 INFO [cli] {'ticker': 'QQQ', 'mode': 'tri', 'thr': 150, 'window': '2Y', 'order': 2, 'rows': 9}
2025-11-12 11:45:04,279 INFO [cli] {'ticker': 'QQQ', 'mode': 'tri', 'thr': 150, 'window': '2Y', 'order': 3, 'rows': 25}
2025-11-12 11:45:04,288 INFO [cli] {'ticker': 'QQQ', 'mode': 'tri', 'thr': 150, 'window': '2Y', 'order': 4, 'rows': 46}
2025-11-12 11:45:04,298 INFO [cli] {'ticker': 'QQQ', 'mode': 'tri', 'thr': 150, 'window': '5Y', 'order': 1, 'rows': 3}
2025-11-12 11:45:04,309 INFO [cli] {'ticker': 'QQQ', 'mode': 'tri', 'thr': 150, 'window': '5Y', 'order': 2, 'rows': 9}
2025-11-12 11:45:04,317 INFO [cli] {'ticker': 'QQQ', 'mode': 'tri', 'thr': 150, 'window': '5Y', 'order': 3, 'rows': 27}
2025-11-12 11:45:04,327 INFO [cli] {'ticker': 'QQQ', 'mode': 'tri', 'thr': 150, 'window': '5Y', 'order': 4, 'rows': 71}
2025-11-12 11:45:04,337 INFO [cli] {'ticker': 'QQQ', 'mode': 'tri', 'thr': 150, 'window': '10Y', 'order': 1, 'rows': 3}
2025-11-12 11:45:04,345 INFO [cli] {'ticker': 'QQQ', 'mode': 'tri', 'thr': 150, 'window': '10Y', 'order': 2, 'rows': 9}
2025-11-12 11:45:04,355 INFO [cli] {'ticker': 'QQQ', 'mode': 'tri', 'thr': 150, 'window': '10Y', 'order': 3, 'rows': 27}
2025-11-12 11:45:04,366 INFO [cli] {'ticker': 'QQQ', 'mode': 'tri', 'thr': 150, 'window': '10Y', 'order': 4, 'rows': 74}
2025-11-12 11:45:04,379 INFO [cli] {'ticker': 'QQQ', 'mode': 'tri', 'thr': 150, 'window': '20Y', 'order': 1, 'rows': 3}
2025-11-12 11:45:04,390 INFO [cli] {'ticker': 'QQQ', 'mode': 'tri', 'thr': 150, 'window': '20Y', 'order': 2, 'rows': 9}
2025-11-12 11:45:04,400 INFO [cli] {'ticker': 'QQQ', 'mode': 'tri', 'thr': 150, 'window': '20Y', 'order': 3, 'rows': 27}
2025-11-12 11:45:04,408 INFO [cli] {'ticker': 'QQQ', 'mode': 'tri', 'thr': 150, 'window': '20Y', 'order': 4, 'rows': 78}

{'ticker': 'QQQ', 'mode': 'tri', 'thr': 110, 'window': '20Y', 'order': 4, 'rows': 81}
{'ticker': 'QQQ', 'mode': 'tri', 'thr': 110, 'window': 'MAX', 'order': 1, 'rows': 3}
{'ticker': 'QQQ', 'mode': 'tri', 'thr': 110, 'window': 'MAX', 'order': 2, 'rows': 9}
{'ticker': 'QQQ', 'mode': 'tri', 'thr': 110, 'window': 'MAX', 'order': 3, 'rows': 27}
{'ticker': 'QQQ', 'mode': 'tri', 'thr': 110, 'window': 'MAX', 'order': 4, 'rows': 81}
{'ticker': 'QQQ', 'mode': 'tri', 'thr': 115, 'window': '1Y', 'order': 1, 'rows': 3}
{'ticker': 'QQQ', 'mode': 'tri', 'thr': 115, 'window': '1Y', 'order': 2, 'rows': 9}
{'ticker': 'QQQ', 'mode': 'tri', 'thr': 115, 'window': '1Y', 'order': 3, 'rows': 24}
{'ticker': 'QQQ', 'mode': 'tri', 'thr': 115, 'window': '1Y', 'order': 4, 'rows': 47}
{'ticker': 'QQQ', 'mode': 'tri', 'thr': 115, 'window': '2Y', 'order': 1, 'rows': 3}
{'ticker': 'QQQ', 'mode': 'tri', 'thr': 115, 'window': '2Y', 'order': 2, 'rows': 9}
{'ticker': 'QQQ', 'mode': 'tri', 'thr': 115, 'window': '2Y', 'order': 3, 'rows': 25}
{'ticker': 'QQQ', 'mode': 'tri', 'thr': 115, 'window': '2Y', 'order': 4, 'rows': 58}
{'ticker': 'QQQ', 'mode': 'tri', 'thr': 115, 'window': '5Y', 'order': 1, 'rows': 3}
{'ticker': 'QQQ', 'mode': 'tri', 'thr': 115, 'window': '5Y', 'order': 2, 'rows': 9}
{'ticker': 'QQQ', 'mode': 'tri', 'thr': 115, 'window': '5Y', 'order': 3, 'rows': 27}
{'ticker': 'QQQ', 'mode': 'tri', 'thr': 115, 'window': '5Y', 'order': 4, 'rows': 78}
{'ticker': 'QQQ', 'mode': 'tri', 'thr': 115, 'window': '10Y', 'order': 1, 'rows': 3}
{'ticker': 'QQQ', 'mode': 'tri', 'thr': 115, 'window': '10Y', 'order': 2, 'rows': 9}
{'ticker': 'QQQ', 'mode': 'tri', 'thr': 115, 'window': '10Y', 'order': 3, 'rows': 27}
{'ticker': 'QQQ', 'mode': 'tri', 'thr': 115, 'window': '10Y', 'order': 4, 'rows': 80}
{'ticker': 'QQQ', 'mode': 'tri', 'thr': 115, 'window': '20Y', 'order': 1, 'rows': 3}
{'ticker': 'QQQ', 'mode': 'tri', 'thr': 115, 'window': '20Y', 'order': 2, 'rows': 9}
{'ticker': 'QQQ', 'mode': 'tri', 'thr': 115, 'window': '20Y', 'order': 3, 'rows': 27}
{'ticker': 'QQQ', 'mode': 'tri', 'thr': 115, 'window': '20Y', 'order': 4, 'rows': 81}
{'ticker': 'QQQ', 'mode': 'tri', 'thr': 115, 'window': 'MAX', 'order': 1, 'rows': 3}
{'ticker': 'QQQ', 'mode': 'tri', 'thr': 115, 'window': 'MAX', 'order': 2, 'rows': 9}
{'ticker': 'QQQ', 'mode': 'tri', 'thr': 115, 'window': 'MAX', 'order': 3, 'rows': 27}
{'ticker': 'QQQ', 'mode': 'tri', 'thr': 115, 'window': 'MAX', 'order': 4, 'rows': 81}
{'ticker': 'QQQ', 'mode': 'tri', 'thr': 120, 'window': '1Y', 'order': 1, 'rows': 3}
{'ticker': 'QQQ', 'mode': 'tri', 'thr': 120, 'window': '1Y', 'order': 2, 'rows': 9}
{'ticker': 'QQQ', 'mode': 'tri', 'thr': 120, 'window': '1Y', 'order': 3, 'rows': 23}
{'ticker': 'QQQ', 'mode': 'tri', 'thr': 120, 'window': '1Y', 'order': 4, 'rows': 45}
{'ticker': 'QQQ', 'mode': 'tri', 'thr': 120, 'window': '2Y', 'order': 1, 'rows': 3}
{'ticker': 'QQQ', 'mode': 'tri', 'thr': 120, 'window': '2Y', 'order': 2, 'rows': 9}
{'ticker': 'QQQ', 'mode': 'tri', 'thr': 120, 'window': '2Y', 'order': 3, 'rows': 25}
{'ticker': 'QQQ', 'mode': 'tri', 'thr': 120, 'window': '2Y', 'order': 4, 'rows': 55}
{'ticker': 'QQQ', 'mode': 'tri', 'thr': 120, 'window': '5Y', 'order': 1, 'rows': 3}
{'ticker': 'QQQ', 'mode': 'tri', 'thr': 120, 'window': '5Y', 'order': 2, 'rows': 9}
{'ticker': 'QQQ', 'mode': 'tri', 'thr': 120, 'window': '5Y', 'order': 3, 'rows': 27}
{'ticker': 'QQQ', 'mode': 'tri', 'thr': 120, 'window': '5Y', 'order': 4, 'rows': 76}
{'ticker': 'QQQ', 'mode': 'tri', 'thr': 120, 'window': '10Y', 'order': 1, 'rows': 3}
{'ticker': 'QQQ', 'mode': 'tri', 'thr': 120, 'window': '10Y', 'order': 2, 'rows': 9}
{'ticker': 'QQQ', 'mode': 'tri', 'thr': 120, 'window': '10Y', 'order': 3, 'rows': 27}
{'ticker': 'QQQ', 'mode': 'tri', 'thr': 120, 'window': '10Y', 'order': 4, 'rows': 80}
{'ticker': 'QQQ', 'mode': 'tri', 'thr': 120, 'window': '20Y', 'order': 1, 'rows': 3}
{'ticker': 'QQQ', 'mode': 'tri', 'thr': 120, 'window': '20Y', 'order': 2, 'rows': 9}
{'ticker': 'QQQ', 'mode': 'tri', 'thr': 120, 'window': '20Y', 'order': 3, 'rows': 27}
{'ticker': 'QQQ', 'mode': 'tri', 'thr': 120, 'window': '20Y', 'order': 4, 'rows': 81}
{'ticker': 'QQQ', 'mode': 'tri', 'thr': 120, 'window': 'MAX', 'order': 1, 'rows': 3}
{'ticker': 'QQQ', 'mode': 'tri', 'thr': 120, 'window': 'MAX', 'order': 2, 'rows': 9}
{'ticker': 'QQQ', 'mode': 'tri', 'thr': 120, 'window': 'MAX', 'order': 3, 'rows': 27}
{'ticker': 'QQQ', 'mode': 'tri', 'thr': 120, 'window': 'MAX', 'order': 4, 'rows': 81}
{'ticker': 'QQQ', 'mode': 'tri', 'thr': 125, 'window': '1Y', 'order': 1, 'rows': 3}
{'ticker': 'QQQ', 'mode': 'tri', 'thr': 125, 'window': '1Y', 'order': 2, 'rows': 9}
{'ticker': 'QQQ', 'mode': 'tri', 'thr': 125, 'window': '1Y', 'order': 3, 'rows': 23}
{'ticker': 'QQQ', 'mode': 'tri', 'thr': 125, 'window': '1Y', 'order': 4, 'rows': 45}
{'ticker': 'QQQ', 'mode': 'tri', 'thr': 125, 'window': '2Y', 'order': 1, 'rows': 3}
{'ticker': 'QQQ', 'mode': 'tri', 'thr': 125, 'window': '2Y', 'order': 2, 'rows': 9}
{'ticker': 'QQQ', 'mode': 'tri', 'thr': 125, 'window': '2Y', 'order': 3, 'rows': 25}
{'ticker': 'QQQ', 'mode': 'tri', 'thr': 125, 'window': '2Y', 'order': 4, 'rows': 55}
{'ticker': 'QQQ', 'mode': 'tri', 'thr': 125, 'window': '5Y', 'order': 1, 'rows': 3}
{'ticker': 'QQQ', 'mode': 'tri', 'thr': 125, 'window': '5Y', 'order': 2, 'rows': 9}
{'ticker': 'QQQ', 'mode': 'tri', 'thr': 125, 'window': '5Y', 'order': 3, 'rows': 27}
{'ticker': 'QQQ', 'mode': 'tri', 'thr': 125, 'window': '5Y', 'order': 4, 'rows': 75}
{'ticker': 'QQQ', 'mode': 'tri', 'thr': 125, 'window': '10Y', 'order': 1, 'rows': 3}
{'ticker': 'QQQ', 'mode': 'tri', 'thr': 125, 'window': '10Y', 'order': 2, 'rows': 9}
{'ticker': 'QQQ', 'mode': 'tri', 'thr': 125, 'window': '10Y', 'order': 3, 'rows': 27}
{'ticker': 'QQQ', 'mode': 'tri', 'thr': 125, 'window': '10Y', 'order': 4, 'rows': 79}
{'ticker': 'QQQ', 'mode': 'tri', 'thr': 125, 'window': '20Y', 'order': 1, 'rows': 3}
{'ticker': 'QQQ', 'mode': 'tri', 'thr': 125, 'window': '20Y', 'order': 2, 'rows': 9}
{'ticker': 'QQQ', 'mode': 'tri', 'thr': 125, 'window': '20Y', 'order': 3, 'rows': 27}
{'ticker': 'QQQ', 'mode': 'tri', 'thr': 125, 'window': '20Y', 'order': 4, 'rows': 81}
{'ticker': 'QQQ', 'mode': 'tri', 'thr': 125, 'window': 'MAX', 'order': 1, 'rows': 3}
{'ticker': 'QQQ', 'mode': 'tri', 'thr': 125, 'window': 'MAX', 'order': 2, 'rows': 9}
{'ticker': 'QQQ', 'mode': 'tri', 'thr': 125, 'window': 'MAX', 'order': 3, 'rows': 27}
{'ticker': 'QQQ', 'mode': 'tri', 'thr': 125, 'window': 'MAX', 'order': 4, 'rows': 81}
{'ticker': 'QQQ', 'mode': 'tri', 'thr': 130, 'window': '1Y', 'order': 1, 'rows': 3}
{'ticker': 'QQQ', 'mode': 'tri', 'thr': 130, 'window': '1Y', 'order': 2, 'rows': 9}
{'ticker': 'QQQ', 'mode': 'tri', 'thr': 130, 'window': '1Y', 'order': 3, 'rows': 23}
{'ticker': 'QQQ', 'mode': 'tri', 'thr': 130, 'window': '1Y', 'order': 4, 'rows': 44}
{'ticker': 'QQQ', 'mode': 'tri', 'thr': 130, 'window': '2Y', 'order': 1, 'rows': 3}
{'ticker': 'QQQ', 'mode': 'tri', 'thr': 130, 'window': '2Y', 'order': 2, 'rows': 9}
{'ticker': 'QQQ', 'mode': 'tri', 'thr': 130, 'window': '2Y', 'order': 3, 'rows': 25}
{'ticker': 'QQQ', 'mode': 'tri', 'thr': 130, 'window': '2Y', 'order': 4, 'rows': 52}
{'ticker': 'QQQ', 'mode': 'tri', 'thr': 130, 'window': '5Y', 'order': 1, 'rows': 3}
{'ticker': 'QQQ', 'mode': 'tri', 'thr': 130, 'window': '5Y', 'order': 2, 'rows': 9}
{'ticker': 'QQQ', 'mode': 'tri', 'thr': 130, 'window': '5Y', 'order': 3, 'rows': 27}
{'ticker': 'QQQ', 'mode': 'tri', 'thr': 130, 'window': '5Y', 'order': 4, 'rows': 73}
{'ticker': 'QQQ', 'mode': 'tri', 'thr': 130, 'window': '10Y', 'order': 1, 'rows': 3}
{'ticker': 'QQQ', 'mode': 'tri', 'thr': 130, 'window': '10Y', 'order': 2, 'rows': 9}
{'ticker': 'QQQ', 'mode': 'tri', 'thr': 130, 'window': '10Y', 'order': 3, 'rows': 27}
{'ticker': 'QQQ', 'mode': 'tri', 'thr': 130, 'window': '10Y', 'order': 4, 'rows': 78}
{'ticker': 'QQQ', 'mode': 'tri', 'thr': 130, 'window': '20Y', 'order': 1, 'rows': 3}
{'ticker': 'QQQ', 'mode': 'tri', 'thr': 130, 'window': '20Y', 'order': 2, 'rows': 9}
{'ticker': 'QQQ', 'mode': 'tri', 'thr': 130, 'window': '20Y', 'order': 3, 'rows': 27}
{'ticker': 'QQQ', 'mode': 'tri', 'thr': 130, 'window': '20Y', 'order': 4, 'rows': 80}2025-11-12 11:45:04,420 INFO [cli] {'ticker': 'QQQ', 'mode': 'tri', 'thr': 150, 'window': 'MAX', 'order': 1, 'rows': 3}
2025-11-12 11:45:04,429 INFO [cli] {'ticker': 'QQQ', 'mode': 'tri', 'thr': 150, 'window': 'MAX', 'order': 2, 'rows': 9}
2025-11-12 11:45:04,437 INFO [cli] {'ticker': 'QQQ', 'mode': 'tri', 'thr': 150, 'window': 'MAX', 'order': 3, 'rows': 27}
2025-11-12 11:45:04,446 INFO [cli] {'ticker': 'QQQ', 'mode': 'tri', 'thr': 150, 'window': 'MAX', 'order': 4, 'rows': 81}
2025-11-12 11:45:04,463 INFO [cli] {'ticker': 'DIA', 'mode': 'binary', 'thr': 0, 'window': '1Y', 'order': 1, 'rows': 2}
2025-11-12 11:45:04,471 INFO [cli] {'ticker': 'DIA', 'mode': 'binary', 'thr': 0, 'window': '1Y', 'order': 2, 'rows': 4}
2025-11-12 11:45:04,481 INFO [cli] {'ticker': 'DIA', 'mode': 'binary', 'thr': 0, 'window': '1Y', 'order': 3, 'rows': 8}
2025-11-12 11:45:04,491 INFO [cli] {'ticker': 'DIA', 'mode': 'binary', 'thr': 0, 'window': '1Y', 'order': 4, 'rows': 16}
2025-11-12 11:45:04,500 INFO [cli] {'ticker': 'DIA', 'mode': 'binary', 'thr': 0, 'window': '2Y', 'order': 1, 'rows': 2}
2025-11-12 11:45:04,511 INFO [cli] {'ticker': 'DIA', 'mode': 'binary', 'thr': 0, 'window': '2Y', 'order': 2, 'rows': 4}
2025-11-12 11:45:04,521 INFO [cli] {'ticker': 'DIA', 'mode': 'binary', 'thr': 0, 'window': '2Y', 'order': 3, 'rows': 8}
2025-11-12 11:45:04,530 INFO [cli] {'ticker': 'DIA', 'mode': 'binary', 'thr': 0, 'window': '2Y', 'order': 4, 'rows': 16}
2025-11-12 11:45:04,541 INFO [cli] {'ticker': 'DIA', 'mode': 'binary', 'thr': 0, 'window': '5Y', 'order': 1, 'rows': 2}
2025-11-12 11:45:04,552 INFO [cli] {'ticker': 'DIA', 'mode': 'binary', 'thr': 0, 'window': '5Y', 'order': 2, 'rows': 4}
2025-11-12 11:45:04,562 INFO [cli] {'ticker': 'DIA', 'mode': 'binary', 'thr': 0, 'window': '5Y', 'order': 3, 'rows': 8}
2025-11-12 11:45:04,569 INFO [cli] {'ticker': 'DIA', 'mode': 'binary', 'thr': 0, 'window': '5Y', 'order': 4, 'rows': 16}
2025-11-12 11:45:04,582 INFO [cli] {'ticker': 'DIA', 'mode': 'binary', 'thr': 0, 'window': '10Y', 'order': 1, 'rows': 2}
2025-11-12 11:45:04,597 INFO [cli] {'ticker': 'DIA', 'mode': 'binary', 'thr': 0, 'window': '10Y', 'order': 2, 'rows': 4}
2025-11-12 11:45:04,606 INFO [cli] {'ticker': 'DIA', 'mode': 'binary', 'thr': 0, 'window': '10Y', 'order': 3, 'rows': 8}
2025-11-12 11:45:04,615 INFO [cli] {'ticker': 'DIA', 'mode': 'binary', 'thr': 0, 'window': '10Y', 'order': 4, 'rows': 16}
2025-11-12 11:45:04,627 INFO [cli] {'ticker': 'DIA', 'mode': 'binary', 'thr': 0, 'window': '20Y', 'order': 1, 'rows': 2}
2025-11-12 11:45:04,637 INFO [cli] {'ticker': 'DIA', 'mode': 'binary', 'thr': 0, 'window': '20Y', 'order': 2, 'rows': 4}
2025-11-12 11:45:04,647 INFO [cli] {'ticker': 'DIA', 'mode': 'binary', 'thr': 0, 'window': '20Y', 'order': 3, 'rows': 8}
2025-11-12 11:45:04,657 INFO [cli] {'ticker': 'DIA', 'mode': 'binary', 'thr': 0, 'window': '20Y', 'order': 4, 'rows': 16}
2025-11-12 11:45:04,668 INFO [cli] {'ticker': 'DIA', 'mode': 'binary', 'thr': 0, 'window': 'MAX', 'order': 1, 'rows': 2}
2025-11-12 11:45:04,680 INFO [cli] {'ticker': 'DIA', 'mode': 'binary', 'thr': 0, 'window': 'MAX', 'order': 2, 'rows': 4}
2025-11-12 11:45:04,692 INFO [cli] {'ticker': 'DIA', 'mode': 'binary', 'thr': 0, 'window': 'MAX', 'order': 3, 'rows': 8}
2025-11-12 11:45:04,699 INFO [cli] {'ticker': 'DIA', 'mode': 'binary', 'thr': 0, 'window': 'MAX', 'order': 4, 'rows': 16}
2025-11-12 11:45:04,714 INFO [cli] {'ticker': 'DIA', 'mode': 'binary', 'thr': 5, 'window': '1Y', 'order': 1, 'rows': 2}
2025-11-12 11:45:04,725 INFO [cli] {'ticker': 'DIA', 'mode': 'binary', 'thr': 5, 'window': '1Y', 'order': 2, 'rows': 4}
2025-11-12 11:45:04,735 INFO [cli] {'ticker': 'DIA', 'mode': 'binary', 'thr': 5, 'window': '1Y', 'order': 3, 'rows': 8}
2025-11-12 11:45:04,744 INFO [cli] {'ticker': 'DIA', 'mode': 'binary', 'thr': 5, 'window': '1Y', 'order': 4, 'rows': 16}
2025-11-12 11:45:04,756 INFO [cli] {'ticker': 'DIA', 'mode': 'binary', 'thr': 5, 'window': '2Y', 'order': 1, 'rows': 2}
2025-11-12 11:45:04,769 INFO [cli] {'ticker': 'DIA', 'mode': 'binary', 'thr': 5, 'window': '2Y', 'order': 2, 'rows': 4}
2025-11-12 11:45:04,780 INFO [cli] {'ticker': 'DIA', 'mode': 'binary', 'thr': 5, 'window': '2Y', 'order': 3, 'rows': 8}
2025-11-12 11:45:04,793 INFO [cli] {'ticker': 'DIA', 'mode': 'binary', 'thr': 5, 'window': '2Y', 'order': 4, 'rows': 16}
2025-11-12 11:45:04,804 INFO [cli] {'ticker': 'DIA', 'mode': 'binary', 'thr': 5, 'window': '5Y', 'order': 1, 'rows': 2}
2025-11-12 11:45:04,816 INFO [cli] {'ticker': 'DIA', 'mode': 'binary', 'thr': 5, 'window': '5Y', 'order': 2, 'rows': 4}
2025-11-12 11:45:04,826 INFO [cli] {'ticker': 'DIA', 'mode': 'binary', 'thr': 5, 'window': '5Y', 'order': 3, 'rows': 8}
2025-11-12 11:45:04,836 INFO [cli] {'ticker': 'DIA', 'mode': 'binary', 'thr': 5, 'window': '5Y', 'order': 4, 'rows': 16}
2025-11-12 11:45:04,856 INFO [cli] {'ticker': 'DIA', 'mode': 'binary', 'thr': 5, 'window': '10Y', 'order': 1, 'rows': 2}
2025-11-12 11:45:04,867 INFO [cli] {'ticker': 'DIA', 'mode': 'binary', 'thr': 5, 'window': '10Y', 'order': 2, 'rows': 4}
2025-11-12 11:45:04,878 INFO [cli] {'ticker': 'DIA', 'mode': 'binary', 'thr': 5, 'window': '10Y', 'order': 3, 'rows': 8}
2025-11-12 11:45:04,889 INFO [cli] {'ticker': 'DIA', 'mode': 'binary', 'thr': 5, 'window': '10Y', 'order': 4, 'rows': 16}
2025-11-12 11:45:04,900 INFO [cli] {'ticker': 'DIA', 'mode': 'binary', 'thr': 5, 'window': '20Y', 'order': 1, 'rows': 2}
2025-11-12 11:45:04,911 INFO [cli] {'ticker': 'DIA', 'mode': 'binary', 'thr': 5, 'window': '20Y', 'order': 2, 'rows': 4}
2025-11-12 11:45:04,922 INFO [cli] {'ticker': 'DIA', 'mode': 'binary', 'thr': 5, 'window': '20Y', 'order': 3, 'rows': 8}
2025-11-12 11:45:04,931 INFO [cli] {'ticker': 'DIA', 'mode': 'binary', 'thr': 5, 'window': '20Y', 'order': 4, 'rows': 16}
2025-11-12 11:45:04,941 INFO [cli] {'ticker': 'DIA', 'mode': 'binary', 'thr': 5, 'window': 'MAX', 'order': 1, 'rows': 2}
2025-11-12 11:45:04,951 INFO [cli] {'ticker': 'DIA', 'mode': 'binary', 'thr': 5, 'window': 'MAX', 'order': 2, 'rows': 4}
2025-11-12 11:45:04,964 INFO [cli] {'ticker': 'DIA', 'mode': 'binary', 'thr': 5, 'window': 'MAX', 'order': 3, 'rows': 8}
2025-11-12 11:45:04,979 INFO [cli] {'ticker': 'DIA', 'mode': 'binary', 'thr': 5, 'window': 'MAX', 'order': 4, 'rows': 16}
2025-11-12 11:45:04,994 INFO [cli] {'ticker': 'DIA', 'mode': 'binary', 'thr': 10, 'window': '1Y', 'order': 1, 'rows': 2}
2025-11-12 11:45:05,003 INFO [cli] {'ticker': 'DIA', 'mode': 'binary', 'thr': 10, 'window': '1Y', 'order': 2, 'rows': 4}
2025-11-12 11:45:05,013 INFO [cli] {'ticker': 'DIA', 'mode': 'binary', 'thr': 10, 'window': '1Y', 'order': 3, 'rows': 8}
2025-11-12 11:45:05,021 INFO [cli] {'ticker': 'DIA', 'mode': 'binary', 'thr': 10, 'window': '1Y', 'order': 4, 'rows': 16}
2025-11-12 11:45:05,033 INFO [cli] {'ticker': 'DIA', 'mode': 'binary', 'thr': 10, 'window': '2Y', 'order': 1, 'rows': 2}
2025-11-12 11:45:05,043 INFO [cli] {'ticker': 'DIA', 'mode': 'binary', 'thr': 10, 'window': '2Y', 'order': 2, 'rows': 4}
2025-11-12 11:45:05,052 INFO [cli] {'ticker': 'DIA', 'mode': 'binary', 'thr': 10, 'window': '2Y', 'order': 3, 'rows': 8}
2025-11-12 11:45:05,061 INFO [cli] {'ticker': 'DIA', 'mode': 'binary', 'thr': 10, 'window': '2Y', 'order': 4, 'rows': 16}
2025-11-12 11:45:05,071 INFO [cli] {'ticker': 'DIA', 'mode': 'binary', 'thr': 10, 'window': '5Y', 'order': 1, 'rows': 2}
2025-11-12 11:45:05,081 INFO [cli] {'ticker': 'DIA', 'mode': 'binary', 'thr': 10, 'window': '5Y', 'order': 2, 'rows': 4}
2025-11-12 11:45:05,094 INFO [cli] {'ticker': 'DIA', 'mode': 'binary', 'thr': 10, 'window': '5Y', 'order': 3, 'rows': 8}
2025-11-12 11:45:05,105 INFO [cli] {'ticker': 'DIA', 'mode': 'binary', 'thr': 10, 'window': '5Y', 'order': 4, 'rows': 16}
2025-11-12 11:45:05,115 INFO [cli] {'ticker': 'DIA', 'mode': 'binary', 'thr': 10, 'window': '10Y', 'order': 1, 'rows': 2}
2025-11-12 11:45:05,123 INFO [cli] {'ticker': 'DIA', 'mode': 'binary', 'thr': 10, 'window': '10Y', 'order': 2, 'rows': 4}
2025-11-12 11:45:05,135 INFO [cli] {'ticker': 'DIA', 'mode': 'binary', 'thr': 10, 'window': '10Y', 'order': 3, 'rows': 8}
2025-11-12 11:45:05,145 INFO [cli] {'ticker': 'DIA', 'mode': 'binary', 'thr': 10, 'window': '10Y', 'order': 4, 'rows': 16}
2025-11-12 11:45:05,155 INFO [cli] {'ticker': 'DIA', 'mode': 'binary', 'thr': 10, 'window': '20Y', 'order': 1, 'rows': 2}
2025-11-12 11:45:05,165 INFO [cli] {'ticker': 'DIA', 'mode': 'binary', 'thr': 10, 'window': '20Y', 'order': 2, 'rows': 4}
2025-11-12 11:45:05,176 INFO [cli] {'ticker': 'DIA', 'mode': 'binary', 'thr': 10, 'window': '20Y', 'order': 3, 'rows': 8}
2025-11-12 11:45:05,188 INFO [cli] {'ticker': 'DIA', 'mode': 'binary', 'thr': 10, 'window': '20Y', 'order': 4, 'rows': 16}
2025-11-12 11:45:05,196 INFO [cli] {'ticker': 'DIA', 'mode': 'binary', 'thr': 10, 'window': 'MAX', 'order': 1, 'rows': 2}
2025-11-12 11:45:05,205 INFO [cli] {'ticker': 'DIA', 'mode': 'binary', 'thr': 10, 'window': 'MAX', 'order': 2, 'rows': 4}
2025-11-12 11:45:05,215 INFO [cli] {'ticker': 'DIA', 'mode': 'binary', 'thr': 10, 'window': 'MAX', 'order': 3, 'rows': 8}
2025-11-12 11:45:05,229 INFO [cli] {'ticker': 'DIA', 'mode': 'binary', 'thr': 10, 'window': 'MAX', 'order': 4, 'rows': 16}
2025-11-12 11:45:05,245 INFO [cli] {'ticker': 'DIA', 'mode': 'binary', 'thr': 15, 'window': '1Y', 'order': 1, 'rows': 2}
2025-11-12 11:45:05,254 INFO [cli] {'ticker': 'DIA', 'mode': 'binary', 'thr': 15, 'window': '1Y', 'order': 2, 'rows': 4}
2025-11-12 11:45:05,267 INFO [cli] {'ticker': 'DIA', 'mode': 'binary', 'thr': 15, 'window': '1Y', 'order': 3, 'rows': 8}
2025-11-12 11:45:05,276 INFO [cli] {'ticker': 'DIA', 'mode': 'binary', 'thr': 15, 'window': '1Y', 'order': 4, 'rows': 16}
2025-11-12 11:45:05,286 INFO [cli] {'ticker': 'DIA', 'mode': 'binary', 'thr': 15, 'window': '2Y', 'order': 1, 'rows': 2}
2025-11-12 11:45:05,298 INFO [cli] {'ticker': 'DIA', 'mode': 'binary', 'thr': 15, 'window': '2Y', 'order': 2, 'rows': 4}
2025-11-12 11:45:05,308 INFO [cli] {'ticker': 'DIA', 'mode': 'binary', 'thr': 15, 'window': '2Y', 'order': 3, 'rows': 8}
2025-11-12 11:45:05,317 INFO [cli] {'ticker': 'DIA', 'mode': 'binary', 'thr': 15, 'window': '2Y', 'order': 4, 'rows': 16}
2025-11-12 11:45:05,326 INFO [cli] {'ticker': 'DIA', 'mode': 'binary', 'thr': 15, 'window': '5Y', 'order': 1, 'rows': 2}
2025-11-12 11:45:05,335 INFO [cli] {'ticker': 'DIA', 'mode': 'binary', 'thr': 15, 'window': '5Y', 'order': 2, 'rows': 4}
2025-11-12 11:45:05,347 INFO [cli] {'ticker': 'DIA', 'mode': 'binary', 'thr': 15, 'window': '5Y', 'order': 3, 'rows': 8}
2025-11-12 11:45:05,357 INFO [cli] {'ticker': 'DIA', 'mode': 'binary', 'thr': 15, 'window': '5Y', 'order': 4, 'rows': 16}
2025-11-12 11:45:05,369 INFO [cli] {'ticker': 'DIA', 'mode': 'binary', 'thr': 15, 'window': '10Y', 'order': 1, 'rows': 2}
2025-11-12 11:45:05,377 INFO [cli] {'ticker': 'DIA', 'mode': 'binary', 'thr': 15, 'window': '10Y', 'order': 2, 'rows': 4}
2025-11-12 11:45:05,386 INFO [cli] {'ticker': 'DIA', 'mode': 'binary', 'thr': 15, 'window': '10Y', 'order': 3, 'rows': 8}
2025-11-12 11:45:05,396 INFO [cli] {'ticker': 'DIA', 'mode': 'binary', 'thr': 15, 'window': '10Y', 'order': 4, 'rows': 16}
2025-11-12 11:45:05,407 INFO [cli] {'ticker': 'DIA', 'mode': 'binary', 'thr': 15, 'window': '20Y', 'order': 1, 'rows': 2}
2025-11-12 11:45:05,419 INFO [cli] {'ticker': 'DIA', 'mode': 'binary', 'thr': 15, 'window': '20Y', 'order': 2, 'rows': 4}
2025-11-12 11:45:05,430 INFO [cli] {'ticker': 'DIA', 'mode': 'binary', 'thr': 15, 'window': '20Y', 'order': 3, 'rows': 8}
2025-11-12 11:45:05,442 INFO [cli] {'ticker': 'DIA', 'mode': 'binary', 'thr': 15, 'window': '20Y', 'order': 4, 'rows': 16}

{'ticker': 'QQQ', 'mode': 'tri', 'thr': 130, 'window': 'MAX', 'order': 1, 'rows': 3}
{'ticker': 'QQQ', 'mode': 'tri', 'thr': 130, 'window': 'MAX', 'order': 2, 'rows': 9}
{'ticker': 'QQQ', 'mode': 'tri', 'thr': 130, 'window': 'MAX', 'order': 3, 'rows': 27}
{'ticker': 'QQQ', 'mode': 'tri', 'thr': 130, 'window': 'MAX', 'order': 4, 'rows': 81}
{'ticker': 'QQQ', 'mode': 'tri', 'thr': 135, 'window': '1Y', 'order': 1, 'rows': 3}
{'ticker': 'QQQ', 'mode': 'tri', 'thr': 135, 'window': '1Y', 'order': 2, 'rows': 9}
{'ticker': 'QQQ', 'mode': 'tri', 'thr': 135, 'window': '1Y', 'order': 3, 'rows': 21}
{'ticker': 'QQQ', 'mode': 'tri', 'thr': 135, 'window': '1Y', 'order': 4, 'rows': 38}
{'ticker': 'QQQ', 'mode': 'tri', 'thr': 135, 'window': '2Y', 'order': 1, 'rows': 3}
{'ticker': 'QQQ', 'mode': 'tri', 'thr': 135, 'window': '2Y', 'order': 2, 'rows': 9}
{'ticker': 'QQQ', 'mode': 'tri', 'thr': 135, 'window': '2Y', 'order': 3, 'rows': 25}
{'ticker': 'QQQ', 'mode': 'tri', 'thr': 135, 'window': '2Y', 'order': 4, 'rows': 50}
{'ticker': 'QQQ', 'mode': 'tri', 'thr': 135, 'window': '5Y', 'order': 1, 'rows': 3}
{'ticker': 'QQQ', 'mode': 'tri', 'thr': 135, 'window': '5Y', 'order': 2, 'rows': 9}
{'ticker': 'QQQ', 'mode': 'tri', 'thr': 135, 'window': '5Y', 'order': 3, 'rows': 27}
{'ticker': 'QQQ', 'mode': 'tri', 'thr': 135, 'window': '5Y', 'order': 4, 'rows': 73}
{'ticker': 'QQQ', 'mode': 'tri', 'thr': 135, 'window': '10Y', 'order': 1, 'rows': 3}
{'ticker': 'QQQ', 'mode': 'tri', 'thr': 135, 'window': '10Y', 'order': 2, 'rows': 9}
{'ticker': 'QQQ', 'mode': 'tri', 'thr': 135, 'window': '10Y', 'order': 3, 'rows': 27}
{'ticker': 'QQQ', 'mode': 'tri', 'thr': 135, 'window': '10Y', 'order': 4, 'rows': 78}
{'ticker': 'QQQ', 'mode': 'tri', 'thr': 135, 'window': '20Y', 'order': 1, 'rows': 3}
{'ticker': 'QQQ', 'mode': 'tri', 'thr': 135, 'window': '20Y', 'order': 2, 'rows': 9}
{'ticker': 'QQQ', 'mode': 'tri', 'thr': 135, 'window': '20Y', 'order': 3, 'rows': 27}
{'ticker': 'QQQ', 'mode': 'tri', 'thr': 135, 'window': '20Y', 'order': 4, 'rows': 80}
{'ticker': 'QQQ', 'mode': 'tri', 'thr': 135, 'window': 'MAX', 'order': 1, 'rows': 3}
{'ticker': 'QQQ', 'mode': 'tri', 'thr': 135, 'window': 'MAX', 'order': 2, 'rows': 9}
{'ticker': 'QQQ', 'mode': 'tri', 'thr': 135, 'window': 'MAX', 'order': 3, 'rows': 27}
{'ticker': 'QQQ', 'mode': 'tri', 'thr': 135, 'window': 'MAX', 'order': 4, 'rows': 81}
{'ticker': 'QQQ', 'mode': 'tri', 'thr': 140, 'window': '1Y', 'order': 1, 'rows': 3}
{'ticker': 'QQQ', 'mode': 'tri', 'thr': 140, 'window': '1Y', 'order': 2, 'rows': 9}
{'ticker': 'QQQ', 'mode': 'tri', 'thr': 140, 'window': '1Y', 'order': 3, 'rows': 21}
{'ticker': 'QQQ', 'mode': 'tri', 'thr': 140, 'window': '1Y', 'order': 4, 'rows': 38}
{'ticker': 'QQQ', 'mode': 'tri', 'thr': 140, 'window': '2Y', 'order': 1, 'rows': 3}
{'ticker': 'QQQ', 'mode': 'tri', 'thr': 140, 'window': '2Y', 'order': 2, 'rows': 9}
{'ticker': 'QQQ', 'mode': 'tri', 'thr': 140, 'window': '2Y', 'order': 3, 'rows': 25}
{'ticker': 'QQQ', 'mode': 'tri', 'thr': 140, 'window': '2Y', 'order': 4, 'rows': 49}
{'ticker': 'QQQ', 'mode': 'tri', 'thr': 140, 'window': '5Y', 'order': 1, 'rows': 3}
{'ticker': 'QQQ', 'mode': 'tri', 'thr': 140, 'window': '5Y', 'order': 2, 'rows': 9}
{'ticker': 'QQQ', 'mode': 'tri', 'thr': 140, 'window': '5Y', 'order': 3, 'rows': 27}
{'ticker': 'QQQ', 'mode': 'tri', 'thr': 140, 'window': '5Y', 'order': 4, 'rows': 72}
{'ticker': 'QQQ', 'mode': 'tri', 'thr': 140, 'window': '10Y', 'order': 1, 'rows': 3}
{'ticker': 'QQQ', 'mode': 'tri', 'thr': 140, 'window': '10Y', 'order': 2, 'rows': 9}
{'ticker': 'QQQ', 'mode': 'tri', 'thr': 140, 'window': '10Y', 'order': 3, 'rows': 27}
{'ticker': 'QQQ', 'mode': 'tri', 'thr': 140, 'window': '10Y', 'order': 4, 'rows': 77}
{'ticker': 'QQQ', 'mode': 'tri', 'thr': 140, 'window': '20Y', 'order': 1, 'rows': 3}
{'ticker': 'QQQ', 'mode': 'tri', 'thr': 140, 'window': '20Y', 'order': 2, 'rows': 9}
{'ticker': 'QQQ', 'mode': 'tri', 'thr': 140, 'window': '20Y', 'order': 3, 'rows': 27}
{'ticker': 'QQQ', 'mode': 'tri', 'thr': 140, 'window': '20Y', 'order': 4, 'rows': 80}
{'ticker': 'QQQ', 'mode': 'tri', 'thr': 140, 'window': 'MAX', 'order': 1, 'rows': 3}
{'ticker': 'QQQ', 'mode': 'tri', 'thr': 140, 'window': 'MAX', 'order': 2, 'rows': 9}
{'ticker': 'QQQ', 'mode': 'tri', 'thr': 140, 'window': 'MAX', 'order': 3, 'rows': 27}
{'ticker': 'QQQ', 'mode': 'tri', 'thr': 140, 'window': 'MAX', 'order': 4, 'rows': 81}
{'ticker': 'QQQ', 'mode': 'tri', 'thr': 145, 'window': '1Y', 'order': 1, 'rows': 3}
{'ticker': 'QQQ', 'mode': 'tri', 'thr': 145, 'window': '1Y', 'order': 2, 'rows': 9}
{'ticker': 'QQQ', 'mode': 'tri', 'thr': 145, 'window': '1Y', 'order': 3, 'rows': 21}
{'ticker': 'QQQ', 'mode': 'tri', 'thr': 145, 'window': '1Y', 'order': 4, 'rows': 37}
{'ticker': 'QQQ', 'mode': 'tri', 'thr': 145, 'window': '2Y', 'order': 1, 'rows': 3}
{'ticker': 'QQQ', 'mode': 'tri', 'thr': 145, 'window': '2Y', 'order': 2, 'rows': 9}
{'ticker': 'QQQ', 'mode': 'tri', 'thr': 145, 'window': '2Y', 'order': 3, 'rows': 25}
{'ticker': 'QQQ', 'mode': 'tri', 'thr': 145, 'window': '2Y', 'order': 4, 'rows': 46}
{'ticker': 'QQQ', 'mode': 'tri', 'thr': 145, 'window': '5Y', 'order': 1, 'rows': 3}
{'ticker': 'QQQ', 'mode': 'tri', 'thr': 145, 'window': '5Y', 'order': 2, 'rows': 9}
{'ticker': 'QQQ', 'mode': 'tri', 'thr': 145, 'window': '5Y', 'order': 3, 'rows': 27}
{'ticker': 'QQQ', 'mode': 'tri', 'thr': 145, 'window': '5Y', 'order': 4, 'rows': 72}
{'ticker': 'QQQ', 'mode': 'tri', 'thr': 145, 'window': '10Y', 'order': 1, 'rows': 3}
{'ticker': 'QQQ', 'mode': 'tri', 'thr': 145, 'window': '10Y', 'order': 2, 'rows': 9}
{'ticker': 'QQQ', 'mode': 'tri', 'thr': 145, 'window': '10Y', 'order': 3, 'rows': 27}
{'ticker': 'QQQ', 'mode': 'tri', 'thr': 145, 'window': '10Y', 'order': 4, 'rows': 74}
{'ticker': 'QQQ', 'mode': 'tri', 'thr': 145, 'window': '20Y', 'order': 1, 'rows': 3}
{'ticker': 'QQQ', 'mode': 'tri', 'thr': 145, 'window': '20Y', 'order': 2, 'rows': 9}
{'ticker': 'QQQ', 'mode': 'tri', 'thr': 145, 'window': '20Y', 'order': 3, 'rows': 27}
{'ticker': 'QQQ', 'mode': 'tri', 'thr': 145, 'window': '20Y', 'order': 4, 'rows': 78}
{'ticker': 'QQQ', 'mode': 'tri', 'thr': 145, 'window': 'MAX', 'order': 1, 'rows': 3}
{'ticker': 'QQQ', 'mode': 'tri', 'thr': 145, 'window': 'MAX', 'order': 2, 'rows': 9}
{'ticker': 'QQQ', 'mode': 'tri', 'thr': 145, 'window': 'MAX', 'order': 3, 'rows': 27}
{'ticker': 'QQQ', 'mode': 'tri', 'thr': 145, 'window': 'MAX', 'order': 4, 'rows': 81}
{'ticker': 'QQQ', 'mode': 'tri', 'thr': 150, 'window': '1Y', 'order': 1, 'rows': 3}
{'ticker': 'QQQ', 'mode': 'tri', 'thr': 150, 'window': '1Y', 'order': 2, 'rows': 9}
{'ticker': 'QQQ', 'mode': 'tri', 'thr': 150, 'window': '1Y', 'order': 3, 'rows': 21}
{'ticker': 'QQQ', 'mode': 'tri', 'thr': 150, 'window': '1Y', 'order': 4, 'rows': 37}
{'ticker': 'QQQ', 'mode': 'tri', 'thr': 150, 'window': '2Y', 'order': 1, 'rows': 3}
{'ticker': 'QQQ', 'mode': 'tri', 'thr': 150, 'window': '2Y', 'order': 2, 'rows': 9}
{'ticker': 'QQQ', 'mode': 'tri', 'thr': 150, 'window': '2Y', 'order': 3, 'rows': 25}
{'ticker': 'QQQ', 'mode': 'tri', 'thr': 150, 'window': '2Y', 'order': 4, 'rows': 46}
{'ticker': 'QQQ', 'mode': 'tri', 'thr': 150, 'window': '5Y', 'order': 1, 'rows': 3}
{'ticker': 'QQQ', 'mode': 'tri', 'thr': 150, 'window': '5Y', 'order': 2, 'rows': 9}
{'ticker': 'QQQ', 'mode': 'tri', 'thr': 150, 'window': '5Y', 'order': 3, 'rows': 27}
{'ticker': 'QQQ', 'mode': 'tri', 'thr': 150, 'window': '5Y', 'order': 4, 'rows': 71}
{'ticker': 'QQQ', 'mode': 'tri', 'thr': 150, 'window': '10Y', 'order': 1, 'rows': 3}
{'ticker': 'QQQ', 'mode': 'tri', 'thr': 150, 'window': '10Y', 'order': 2, 'rows': 9}
{'ticker': 'QQQ', 'mode': 'tri', 'thr': 150, 'window': '10Y', 'order': 3, 'rows': 27}
{'ticker': 'QQQ', 'mode': 'tri', 'thr': 150, 'window': '10Y', 'order': 4, 'rows': 74}
{'ticker': 'QQQ', 'mode': 'tri', 'thr': 150, 'window': '20Y', 'order': 1, 'rows': 3}
{'ticker': 'QQQ', 'mode': 'tri', 'thr': 150, 'window': '20Y', 'order': 2, 'rows': 9}
{'ticker': 'QQQ', 'mode': 'tri', 'thr': 150, 'window': '20Y', 'order': 3, 'rows': 27}
{'ticker': 'QQQ', 'mode': 'tri', 'thr': 150, 'window': '20Y', 'order': 4, 'rows': 78}
{'ticker': 'QQQ', 'mode': 'tri', 'thr': 150, 'window': 'MAX', 'order': 1, 'rows': 3}2025-11-12 11:45:05,451 INFO [cli] {'ticker': 'DIA', 'mode': 'binary', 'thr': 15, 'window': 'MAX', 'order': 1, 'rows': 2}
2025-11-12 11:45:05,462 INFO [cli] {'ticker': 'DIA', 'mode': 'binary', 'thr': 15, 'window': 'MAX', 'order': 2, 'rows': 4}
2025-11-12 11:45:05,472 INFO [cli] {'ticker': 'DIA', 'mode': 'binary', 'thr': 15, 'window': 'MAX', 'order': 3, 'rows': 8}
2025-11-12 11:45:05,483 INFO [cli] {'ticker': 'DIA', 'mode': 'binary', 'thr': 15, 'window': 'MAX', 'order': 4, 'rows': 16}
2025-11-12 11:45:05,499 INFO [cli] {'ticker': 'DIA', 'mode': 'binary', 'thr': 20, 'window': '1Y', 'order': 1, 'rows': 2}
2025-11-12 11:45:05,510 INFO [cli] {'ticker': 'DIA', 'mode': 'binary', 'thr': 20, 'window': '1Y', 'order': 2, 'rows': 4}
2025-11-12 11:45:05,521 INFO [cli] {'ticker': 'DIA', 'mode': 'binary', 'thr': 20, 'window': '1Y', 'order': 3, 'rows': 8}
2025-11-12 11:45:05,531 INFO [cli] {'ticker': 'DIA', 'mode': 'binary', 'thr': 20, 'window': '1Y', 'order': 4, 'rows': 16}
2025-11-12 11:45:05,540 INFO [cli] {'ticker': 'DIA', 'mode': 'binary', 'thr': 20, 'window': '2Y', 'order': 1, 'rows': 2}
2025-11-12 11:45:05,549 INFO [cli] {'ticker': 'DIA', 'mode': 'binary', 'thr': 20, 'window': '2Y', 'order': 2, 'rows': 4}
2025-11-12 11:45:05,560 INFO [cli] {'ticker': 'DIA', 'mode': 'binary', 'thr': 20, 'window': '2Y', 'order': 3, 'rows': 8}
2025-11-12 11:45:05,570 INFO [cli] {'ticker': 'DIA', 'mode': 'binary', 'thr': 20, 'window': '2Y', 'order': 4, 'rows': 16}
2025-11-12 11:45:05,581 INFO [cli] {'ticker': 'DIA', 'mode': 'binary', 'thr': 20, 'window': '5Y', 'order': 1, 'rows': 2}
2025-11-12 11:45:05,590 INFO [cli] {'ticker': 'DIA', 'mode': 'binary', 'thr': 20, 'window': '5Y', 'order': 2, 'rows': 4}
2025-11-12 11:45:05,601 INFO [cli] {'ticker': 'DIA', 'mode': 'binary', 'thr': 20, 'window': '5Y', 'order': 3, 'rows': 8}
2025-11-12 11:45:05,614 INFO [cli] {'ticker': 'DIA', 'mode': 'binary', 'thr': 20, 'window': '5Y', 'order': 4, 'rows': 16}
2025-11-12 11:45:05,623 INFO [cli] {'ticker': 'DIA', 'mode': 'binary', 'thr': 20, 'window': '10Y', 'order': 1, 'rows': 2}
2025-11-12 11:45:05,634 INFO [cli] {'ticker': 'DIA', 'mode': 'binary', 'thr': 20, 'window': '10Y', 'order': 2, 'rows': 4}
2025-11-12 11:45:05,642 INFO [cli] {'ticker': 'DIA', 'mode': 'binary', 'thr': 20, 'window': '10Y', 'order': 3, 'rows': 8}
2025-11-12 11:45:05,650 INFO [cli] {'ticker': 'DIA', 'mode': 'binary', 'thr': 20, 'window': '10Y', 'order': 4, 'rows': 16}
2025-11-12 11:45:05,658 INFO [cli] {'ticker': 'DIA', 'mode': 'binary', 'thr': 20, 'window': '20Y', 'order': 1, 'rows': 2}
2025-11-12 11:45:05,669 INFO [cli] {'ticker': 'DIA', 'mode': 'binary', 'thr': 20, 'window': '20Y', 'order': 2, 'rows': 4}
2025-11-12 11:45:05,680 INFO [cli] {'ticker': 'DIA', 'mode': 'binary', 'thr': 20, 'window': '20Y', 'order': 3, 'rows': 8}
2025-11-12 11:45:05,688 INFO [cli] {'ticker': 'DIA', 'mode': 'binary', 'thr': 20, 'window': '20Y', 'order': 4, 'rows': 16}
2025-11-12 11:45:05,696 INFO [cli] {'ticker': 'DIA', 'mode': 'binary', 'thr': 20, 'window': 'MAX', 'order': 1, 'rows': 2}
2025-11-12 11:45:05,706 INFO [cli] {'ticker': 'DIA', 'mode': 'binary', 'thr': 20, 'window': 'MAX', 'order': 2, 'rows': 4}
2025-11-12 11:45:05,714 INFO [cli] {'ticker': 'DIA', 'mode': 'binary', 'thr': 20, 'window': 'MAX', 'order': 3, 'rows': 8}
2025-11-12 11:45:05,722 INFO [cli] {'ticker': 'DIA', 'mode': 'binary', 'thr': 20, 'window': 'MAX', 'order': 4, 'rows': 16}
2025-11-12 11:45:05,739 INFO [cli] {'ticker': 'DIA', 'mode': 'binary', 'thr': 25, 'window': '1Y', 'order': 1, 'rows': 2}
2025-11-12 11:45:05,749 INFO [cli] {'ticker': 'DIA', 'mode': 'binary', 'thr': 25, 'window': '1Y', 'order': 2, 'rows': 4}
2025-11-12 11:45:05,756 INFO [cli] {'ticker': 'DIA', 'mode': 'binary', 'thr': 25, 'window': '1Y', 'order': 3, 'rows': 8}
2025-11-12 11:45:05,769 INFO [cli] {'ticker': 'DIA', 'mode': 'binary', 'thr': 25, 'window': '1Y', 'order': 4, 'rows': 16}
2025-11-12 11:45:05,777 INFO [cli] {'ticker': 'DIA', 'mode': 'binary', 'thr': 25, 'window': '2Y', 'order': 1, 'rows': 2}
2025-11-12 11:45:05,793 INFO [cli] {'ticker': 'DIA', 'mode': 'binary', 'thr': 25, 'window': '2Y', 'order': 2, 'rows': 4}
2025-11-12 11:45:05,804 INFO [cli] {'ticker': 'DIA', 'mode': 'binary', 'thr': 25, 'window': '2Y', 'order': 3, 'rows': 8}
2025-11-12 11:45:05,813 INFO [cli] {'ticker': 'DIA', 'mode': 'binary', 'thr': 25, 'window': '2Y', 'order': 4, 'rows': 16}
2025-11-12 11:45:05,821 INFO [cli] {'ticker': 'DIA', 'mode': 'binary', 'thr': 25, 'window': '5Y', 'order': 1, 'rows': 2}
2025-11-12 11:45:05,830 INFO [cli] {'ticker': 'DIA', 'mode': 'binary', 'thr': 25, 'window': '5Y', 'order': 2, 'rows': 4}
2025-11-12 11:45:05,840 INFO [cli] {'ticker': 'DIA', 'mode': 'binary', 'thr': 25, 'window': '5Y', 'order': 3, 'rows': 8}
2025-11-12 11:45:05,852 INFO [cli] {'ticker': 'DIA', 'mode': 'binary', 'thr': 25, 'window': '5Y', 'order': 4, 'rows': 16}
2025-11-12 11:45:05,863 INFO [cli] {'ticker': 'DIA', 'mode': 'binary', 'thr': 25, 'window': '10Y', 'order': 1, 'rows': 2}
2025-11-12 11:45:05,872 INFO [cli] {'ticker': 'DIA', 'mode': 'binary', 'thr': 25, 'window': '10Y', 'order': 2, 'rows': 4}
2025-11-12 11:45:05,883 INFO [cli] {'ticker': 'DIA', 'mode': 'binary', 'thr': 25, 'window': '10Y', 'order': 3, 'rows': 8}
2025-11-12 11:45:05,894 INFO [cli] {'ticker': 'DIA', 'mode': 'binary', 'thr': 25, 'window': '10Y', 'order': 4, 'rows': 16}
2025-11-12 11:45:05,905 INFO [cli] {'ticker': 'DIA', 'mode': 'binary', 'thr': 25, 'window': '20Y', 'order': 1, 'rows': 2}
2025-11-12 11:45:05,914 INFO [cli] {'ticker': 'DIA', 'mode': 'binary', 'thr': 25, 'window': '20Y', 'order': 2, 'rows': 4}
2025-11-12 11:45:05,925 INFO [cli] {'ticker': 'DIA', 'mode': 'binary', 'thr': 25, 'window': '20Y', 'order': 3, 'rows': 8}
2025-11-12 11:45:05,935 INFO [cli] {'ticker': 'DIA', 'mode': 'binary', 'thr': 25, 'window': '20Y', 'order': 4, 'rows': 16}
2025-11-12 11:45:05,946 INFO [cli] {'ticker': 'DIA', 'mode': 'binary', 'thr': 25, 'window': 'MAX', 'order': 1, 'rows': 2}
2025-11-12 11:45:05,957 INFO [cli] {'ticker': 'DIA', 'mode': 'binary', 'thr': 25, 'window': 'MAX', 'order': 2, 'rows': 4}
2025-11-12 11:45:05,968 INFO [cli] {'ticker': 'DIA', 'mode': 'binary', 'thr': 25, 'window': 'MAX', 'order': 3, 'rows': 8}
2025-11-12 11:45:05,977 INFO [cli] {'ticker': 'DIA', 'mode': 'binary', 'thr': 25, 'window': 'MAX', 'order': 4, 'rows': 16}
2025-11-12 11:45:05,993 INFO [cli] {'ticker': 'DIA', 'mode': 'binary', 'thr': 30, 'window': '1Y', 'order': 1, 'rows': 2}
2025-11-12 11:45:06,003 INFO [cli] {'ticker': 'DIA', 'mode': 'binary', 'thr': 30, 'window': '1Y', 'order': 2, 'rows': 4}
2025-11-12 11:45:06,014 INFO [cli] {'ticker': 'DIA', 'mode': 'binary', 'thr': 30, 'window': '1Y', 'order': 3, 'rows': 8}
2025-11-12 11:45:06,023 INFO [cli] {'ticker': 'DIA', 'mode': 'binary', 'thr': 30, 'window': '1Y', 'order': 4, 'rows': 16}
2025-11-12 11:45:06,032 INFO [cli] {'ticker': 'DIA', 'mode': 'binary', 'thr': 30, 'window': '2Y', 'order': 1, 'rows': 2}
2025-11-12 11:45:06,042 INFO [cli] {'ticker': 'DIA', 'mode': 'binary', 'thr': 30, 'window': '2Y', 'order': 2, 'rows': 4}
2025-11-12 11:45:06,052 INFO [cli] {'ticker': 'DIA', 'mode': 'binary', 'thr': 30, 'window': '2Y', 'order': 3, 'rows': 8}
2025-11-12 11:45:06,062 INFO [cli] {'ticker': 'DIA', 'mode': 'binary', 'thr': 30, 'window': '2Y', 'order': 4, 'rows': 16}
2025-11-12 11:45:06,075 INFO [cli] {'ticker': 'DIA', 'mode': 'binary', 'thr': 30, 'window': '5Y', 'order': 1, 'rows': 2}
2025-11-12 11:45:06,085 INFO [cli] {'ticker': 'DIA', 'mode': 'binary', 'thr': 30, 'window': '5Y', 'order': 2, 'rows': 4}
2025-11-12 11:45:06,096 INFO [cli] {'ticker': 'DIA', 'mode': 'binary', 'thr': 30, 'window': '5Y', 'order': 3, 'rows': 8}
2025-11-12 11:45:06,107 INFO [cli] {'ticker': 'DIA', 'mode': 'binary', 'thr': 30, 'window': '5Y', 'order': 4, 'rows': 16}
2025-11-12 11:45:06,118 INFO [cli] {'ticker': 'DIA', 'mode': 'binary', 'thr': 30, 'window': '10Y', 'order': 1, 'rows': 2}
2025-11-12 11:45:06,128 INFO [cli] {'ticker': 'DIA', 'mode': 'binary', 'thr': 30, 'window': '10Y', 'order': 2, 'rows': 4}
2025-11-12 11:45:06,141 INFO [cli] {'ticker': 'DIA', 'mode': 'binary', 'thr': 30, 'window': '10Y', 'order': 3, 'rows': 8}
2025-11-12 11:45:06,152 INFO [cli] {'ticker': 'DIA', 'mode': 'binary', 'thr': 30, 'window': '10Y', 'order': 4, 'rows': 16}
2025-11-12 11:45:06,163 INFO [cli] {'ticker': 'DIA', 'mode': 'binary', 'thr': 30, 'window': '20Y', 'order': 1, 'rows': 2}
2025-11-12 11:45:06,174 INFO [cli] {'ticker': 'DIA', 'mode': 'binary', 'thr': 30, 'window': '20Y', 'order': 2, 'rows': 4}
2025-11-12 11:45:06,185 INFO [cli] {'ticker': 'DIA', 'mode': 'binary', 'thr': 30, 'window': '20Y', 'order': 3, 'rows': 8}
2025-11-12 11:45:06,195 INFO [cli] {'ticker': 'DIA', 'mode': 'binary', 'thr': 30, 'window': '20Y', 'order': 4, 'rows': 16}
2025-11-12 11:45:06,205 INFO [cli] {'ticker': 'DIA', 'mode': 'binary', 'thr': 30, 'window': 'MAX', 'order': 1, 'rows': 2}
2025-11-12 11:45:06,219 INFO [cli] {'ticker': 'DIA', 'mode': 'binary', 'thr': 30, 'window': 'MAX', 'order': 2, 'rows': 4}
2025-11-12 11:45:06,230 INFO [cli] {'ticker': 'DIA', 'mode': 'binary', 'thr': 30, 'window': 'MAX', 'order': 3, 'rows': 8}
2025-11-12 11:45:06,241 INFO [cli] {'ticker': 'DIA', 'mode': 'binary', 'thr': 30, 'window': 'MAX', 'order': 4, 'rows': 16}
2025-11-12 11:45:06,257 INFO [cli] {'ticker': 'DIA', 'mode': 'binary', 'thr': 35, 'window': '1Y', 'order': 1, 'rows': 2}
2025-11-12 11:45:06,267 INFO [cli] {'ticker': 'DIA', 'mode': 'binary', 'thr': 35, 'window': '1Y', 'order': 2, 'rows': 4}
2025-11-12 11:45:06,278 INFO [cli] {'ticker': 'DIA', 'mode': 'binary', 'thr': 35, 'window': '1Y', 'order': 3, 'rows': 8}
2025-11-12 11:45:06,289 INFO [cli] {'ticker': 'DIA', 'mode': 'binary', 'thr': 35, 'window': '1Y', 'order': 4, 'rows': 16}
2025-11-12 11:45:06,297 INFO [cli] {'ticker': 'DIA', 'mode': 'binary', 'thr': 35, 'window': '2Y', 'order': 1, 'rows': 2}
2025-11-12 11:45:06,306 INFO [cli] {'ticker': 'DIA', 'mode': 'binary', 'thr': 35, 'window': '2Y', 'order': 2, 'rows': 4}
2025-11-12 11:45:06,315 INFO [cli] {'ticker': 'DIA', 'mode': 'binary', 'thr': 35, 'window': '2Y', 'order': 3, 'rows': 8}
2025-11-12 11:45:06,324 INFO [cli] {'ticker': 'DIA', 'mode': 'binary', 'thr': 35, 'window': '2Y', 'order': 4, 'rows': 16}
2025-11-12 11:45:06,334 INFO [cli] {'ticker': 'DIA', 'mode': 'binary', 'thr': 35, 'window': '5Y', 'order': 1, 'rows': 2}
2025-11-12 11:45:06,343 INFO [cli] {'ticker': 'DIA', 'mode': 'binary', 'thr': 35, 'window': '5Y', 'order': 2, 'rows': 4}
2025-11-12 11:45:06,353 INFO [cli] {'ticker': 'DIA', 'mode': 'binary', 'thr': 35, 'window': '5Y', 'order': 3, 'rows': 8}
2025-11-12 11:45:06,364 INFO [cli] {'ticker': 'DIA', 'mode': 'binary', 'thr': 35, 'window': '5Y', 'order': 4, 'rows': 16}
2025-11-12 11:45:06,375 INFO [cli] {'ticker': 'DIA', 'mode': 'binary', 'thr': 35, 'window': '10Y', 'order': 1, 'rows': 2}
2025-11-12 11:45:06,385 INFO [cli] {'ticker': 'DIA', 'mode': 'binary', 'thr': 35, 'window': '10Y', 'order': 2, 'rows': 4}
2025-11-12 11:45:06,396 INFO [cli] {'ticker': 'DIA', 'mode': 'binary', 'thr': 35, 'window': '10Y', 'order': 3, 'rows': 8}
2025-11-12 11:45:06,406 INFO [cli] {'ticker': 'DIA', 'mode': 'binary', 'thr': 35, 'window': '10Y', 'order': 4, 'rows': 16}
2025-11-12 11:45:06,417 INFO [cli] {'ticker': 'DIA', 'mode': 'binary', 'thr': 35, 'window': '20Y', 'order': 1, 'rows': 2}
2025-11-12 11:45:06,427 INFO [cli] {'ticker': 'DIA', 'mode': 'binary', 'thr': 35, 'window': '20Y', 'order': 2, 'rows': 4}
2025-11-12 11:45:06,437 INFO [cli] {'ticker': 'DIA', 'mode': 'binary', 'thr': 35, 'window': '20Y', 'order': 3, 'rows': 8}

{'ticker': 'QQQ', 'mode': 'tri', 'thr': 150, 'window': 'MAX', 'order': 2, 'rows': 9}
{'ticker': 'QQQ', 'mode': 'tri', 'thr': 150, 'window': 'MAX', 'order': 3, 'rows': 27}
{'ticker': 'QQQ', 'mode': 'tri', 'thr': 150, 'window': 'MAX', 'order': 4, 'rows': 81}
{'ticker': 'DIA', 'mode': 'binary', 'thr': 0, 'window': '1Y', 'order': 1, 'rows': 2}
{'ticker': 'DIA', 'mode': 'binary', 'thr': 0, 'window': '1Y', 'order': 2, 'rows': 4}
{'ticker': 'DIA', 'mode': 'binary', 'thr': 0, 'window': '1Y', 'order': 3, 'rows': 8}
{'ticker': 'DIA', 'mode': 'binary', 'thr': 0, 'window': '1Y', 'order': 4, 'rows': 16}
{'ticker': 'DIA', 'mode': 'binary', 'thr': 0, 'window': '2Y', 'order': 1, 'rows': 2}
{'ticker': 'DIA', 'mode': 'binary', 'thr': 0, 'window': '2Y', 'order': 2, 'rows': 4}
{'ticker': 'DIA', 'mode': 'binary', 'thr': 0, 'window': '2Y', 'order': 3, 'rows': 8}
{'ticker': 'DIA', 'mode': 'binary', 'thr': 0, 'window': '2Y', 'order': 4, 'rows': 16}
{'ticker': 'DIA', 'mode': 'binary', 'thr': 0, 'window': '5Y', 'order': 1, 'rows': 2}
{'ticker': 'DIA', 'mode': 'binary', 'thr': 0, 'window': '5Y', 'order': 2, 'rows': 4}
{'ticker': 'DIA', 'mode': 'binary', 'thr': 0, 'window': '5Y', 'order': 3, 'rows': 8}
{'ticker': 'DIA', 'mode': 'binary', 'thr': 0, 'window': '5Y', 'order': 4, 'rows': 16}
{'ticker': 'DIA', 'mode': 'binary', 'thr': 0, 'window': '10Y', 'order': 1, 'rows': 2}
{'ticker': 'DIA', 'mode': 'binary', 'thr': 0, 'window': '10Y', 'order': 2, 'rows': 4}
{'ticker': 'DIA', 'mode': 'binary', 'thr': 0, 'window': '10Y', 'order': 3, 'rows': 8}
{'ticker': 'DIA', 'mode': 'binary', 'thr': 0, 'window': '10Y', 'order': 4, 'rows': 16}
{'ticker': 'DIA', 'mode': 'binary', 'thr': 0, 'window': '20Y', 'order': 1, 'rows': 2}
{'ticker': 'DIA', 'mode': 'binary', 'thr': 0, 'window': '20Y', 'order': 2, 'rows': 4}
{'ticker': 'DIA', 'mode': 'binary', 'thr': 0, 'window': '20Y', 'order': 3, 'rows': 8}
{'ticker': 'DIA', 'mode': 'binary', 'thr': 0, 'window': '20Y', 'order': 4, 'rows': 16}
{'ticker': 'DIA', 'mode': 'binary', 'thr': 0, 'window': 'MAX', 'order': 1, 'rows': 2}
{'ticker': 'DIA', 'mode': 'binary', 'thr': 0, 'window': 'MAX', 'order': 2, 'rows': 4}
{'ticker': 'DIA', 'mode': 'binary', 'thr': 0, 'window': 'MAX', 'order': 3, 'rows': 8}
{'ticker': 'DIA', 'mode': 'binary', 'thr': 0, 'window': 'MAX', 'order': 4, 'rows': 16}
{'ticker': 'DIA', 'mode': 'binary', 'thr': 5, 'window': '1Y', 'order': 1, 'rows': 2}
{'ticker': 'DIA', 'mode': 'binary', 'thr': 5, 'window': '1Y', 'order': 2, 'rows': 4}
{'ticker': 'DIA', 'mode': 'binary', 'thr': 5, 'window': '1Y', 'order': 3, 'rows': 8}
{'ticker': 'DIA', 'mode': 'binary', 'thr': 5, 'window': '1Y', 'order': 4, 'rows': 16}
{'ticker': 'DIA', 'mode': 'binary', 'thr': 5, 'window': '2Y', 'order': 1, 'rows': 2}
{'ticker': 'DIA', 'mode': 'binary', 'thr': 5, 'window': '2Y', 'order': 2, 'rows': 4}
{'ticker': 'DIA', 'mode': 'binary', 'thr': 5, 'window': '2Y', 'order': 3, 'rows': 8}
{'ticker': 'DIA', 'mode': 'binary', 'thr': 5, 'window': '2Y', 'order': 4, 'rows': 16}
{'ticker': 'DIA', 'mode': 'binary', 'thr': 5, 'window': '5Y', 'order': 1, 'rows': 2}
{'ticker': 'DIA', 'mode': 'binary', 'thr': 5, 'window': '5Y', 'order': 2, 'rows': 4}
{'ticker': 'DIA', 'mode': 'binary', 'thr': 5, 'window': '5Y', 'order': 3, 'rows': 8}
{'ticker': 'DIA', 'mode': 'binary', 'thr': 5, 'window': '5Y', 'order': 4, 'rows': 16}
{'ticker': 'DIA', 'mode': 'binary', 'thr': 5, 'window': '10Y', 'order': 1, 'rows': 2}
{'ticker': 'DIA', 'mode': 'binary', 'thr': 5, 'window': '10Y', 'order': 2, 'rows': 4}
{'ticker': 'DIA', 'mode': 'binary', 'thr': 5, 'window': '10Y', 'order': 3, 'rows': 8}
{'ticker': 'DIA', 'mode': 'binary', 'thr': 5, 'window': '10Y', 'order': 4, 'rows': 16}
{'ticker': 'DIA', 'mode': 'binary', 'thr': 5, 'window': '20Y', 'order': 1, 'rows': 2}
{'ticker': 'DIA', 'mode': 'binary', 'thr': 5, 'window': '20Y', 'order': 2, 'rows': 4}
{'ticker': 'DIA', 'mode': 'binary', 'thr': 5, 'window': '20Y', 'order': 3, 'rows': 8}
{'ticker': 'DIA', 'mode': 'binary', 'thr': 5, 'window': '20Y', 'order': 4, 'rows': 16}
{'ticker': 'DIA', 'mode': 'binary', 'thr': 5, 'window': 'MAX', 'order': 1, 'rows': 2}
{'ticker': 'DIA', 'mode': 'binary', 'thr': 5, 'window': 'MAX', 'order': 2, 'rows': 4}
{'ticker': 'DIA', 'mode': 'binary', 'thr': 5, 'window': 'MAX', 'order': 3, 'rows': 8}
{'ticker': 'DIA', 'mode': 'binary', 'thr': 5, 'window': 'MAX', 'order': 4, 'rows': 16}
{'ticker': 'DIA', 'mode': 'binary', 'thr': 10, 'window': '1Y', 'order': 1, 'rows': 2}
{'ticker': 'DIA', 'mode': 'binary', 'thr': 10, 'window': '1Y', 'order': 2, 'rows': 4}
{'ticker': 'DIA', 'mode': 'binary', 'thr': 10, 'window': '1Y', 'order': 3, 'rows': 8}
{'ticker': 'DIA', 'mode': 'binary', 'thr': 10, 'window': '1Y', 'order': 4, 'rows': 16}
{'ticker': 'DIA', 'mode': 'binary', 'thr': 10, 'window': '2Y', 'order': 1, 'rows': 2}
{'ticker': 'DIA', 'mode': 'binary', 'thr': 10, 'window': '2Y', 'order': 2, 'rows': 4}
{'ticker': 'DIA', 'mode': 'binary', 'thr': 10, 'window': '2Y', 'order': 3, 'rows': 8}
{'ticker': 'DIA', 'mode': 'binary', 'thr': 10, 'window': '2Y', 'order': 4, 'rows': 16}
{'ticker': 'DIA', 'mode': 'binary', 'thr': 10, 'window': '5Y', 'order': 1, 'rows': 2}
{'ticker': 'DIA', 'mode': 'binary', 'thr': 10, 'window': '5Y', 'order': 2, 'rows': 4}
{'ticker': 'DIA', 'mode': 'binary', 'thr': 10, 'window': '5Y', 'order': 3, 'rows': 8}
{'ticker': 'DIA', 'mode': 'binary', 'thr': 10, 'window': '5Y', 'order': 4, 'rows': 16}
{'ticker': 'DIA', 'mode': 'binary', 'thr': 10, 'window': '10Y', 'order': 1, 'rows': 2}
{'ticker': 'DIA', 'mode': 'binary', 'thr': 10, 'window': '10Y', 'order': 2, 'rows': 4}
{'ticker': 'DIA', 'mode': 'binary', 'thr': 10, 'window': '10Y', 'order': 3, 'rows': 8}
{'ticker': 'DIA', 'mode': 'binary', 'thr': 10, 'window': '10Y', 'order': 4, 'rows': 16}
{'ticker': 'DIA', 'mode': 'binary', 'thr': 10, 'window': '20Y', 'order': 1, 'rows': 2}
{'ticker': 'DIA', 'mode': 'binary', 'thr': 10, 'window': '20Y', 'order': 2, 'rows': 4}
{'ticker': 'DIA', 'mode': 'binary', 'thr': 10, 'window': '20Y', 'order': 3, 'rows': 8}
{'ticker': 'DIA', 'mode': 'binary', 'thr': 10, 'window': '20Y', 'order': 4, 'rows': 16}
{'ticker': 'DIA', 'mode': 'binary', 'thr': 10, 'window': 'MAX', 'order': 1, 'rows': 2}
{'ticker': 'DIA', 'mode': 'binary', 'thr': 10, 'window': 'MAX', 'order': 2, 'rows': 4}
{'ticker': 'DIA', 'mode': 'binary', 'thr': 10, 'window': 'MAX', 'order': 3, 'rows': 8}
{'ticker': 'DIA', 'mode': 'binary', 'thr': 10, 'window': 'MAX', 'order': 4, 'rows': 16}
{'ticker': 'DIA', 'mode': 'binary', 'thr': 15, 'window': '1Y', 'order': 1, 'rows': 2}
{'ticker': 'DIA', 'mode': 'binary', 'thr': 15, 'window': '1Y', 'order': 2, 'rows': 4}
{'ticker': 'DIA', 'mode': 'binary', 'thr': 15, 'window': '1Y', 'order': 3, 'rows': 8}
{'ticker': 'DIA', 'mode': 'binary', 'thr': 15, 'window': '1Y', 'order': 4, 'rows': 16}
{'ticker': 'DIA', 'mode': 'binary', 'thr': 15, 'window': '2Y', 'order': 1, 'rows': 2}
{'ticker': 'DIA', 'mode': 'binary', 'thr': 15, 'window': '2Y', 'order': 2, 'rows': 4}
{'ticker': 'DIA', 'mode': 'binary', 'thr': 15, 'window': '2Y', 'order': 3, 'rows': 8}
{'ticker': 'DIA', 'mode': 'binary', 'thr': 15, 'window': '2Y', 'order': 4, 'rows': 16}
{'ticker': 'DIA', 'mode': 'binary', 'thr': 15, 'window': '5Y', 'order': 1, 'rows': 2}
{'ticker': 'DIA', 'mode': 'binary', 'thr': 15, 'window': '5Y', 'order': 2, 'rows': 4}
{'ticker': 'DIA', 'mode': 'binary', 'thr': 15, 'window': '5Y', 'order': 3, 'rows': 8}
{'ticker': 'DIA', 'mode': 'binary', 'thr': 15, 'window': '5Y', 'order': 4, 'rows': 16}
{'ticker': 'DIA', 'mode': 'binary', 'thr': 15, 'window': '10Y', 'order': 1, 'rows': 2}
{'ticker': 'DIA', 'mode': 'binary', 'thr': 15, 'window': '10Y', 'order': 2, 'rows': 4}
{'ticker': 'DIA', 'mode': 'binary', 'thr': 15, 'window': '10Y', 'order': 3, 'rows': 8}
{'ticker': 'DIA', 'mode': 'binary', 'thr': 15, 'window': '10Y', 'order': 4, 'rows': 16}
{'ticker': 'DIA', 'mode': 'binary', 'thr': 15, 'window': '20Y', 'order': 1, 'rows': 2}
{'ticker': 'DIA', 'mode': 'binary', 'thr': 15, 'window': '20Y', 'order': 2, 'rows': 4}
{'ticker': 'DIA', 'mode': 'binary', 'thr': 15, 'window': '20Y', 'order': 3, 'rows': 8}
{'ticker': 'DIA', 'mode': 'binary', 'thr': 15, 'window': '20Y', 'order': 4, 'rows': 16}
{'ticker': 'DIA', 'mode': 'binary', 'thr': 15, 'window': 'MAX', 'order': 1, 'rows': 2}2025-11-12 11:45:06,448 INFO [cli] {'ticker': 'DIA', 'mode': 'binary', 'thr': 35, 'window': '20Y', 'order': 4, 'rows': 16}
2025-11-12 11:45:06,460 INFO [cli] {'ticker': 'DIA', 'mode': 'binary', 'thr': 35, 'window': 'MAX', 'order': 1, 'rows': 2}
2025-11-12 11:45:06,470 INFO [cli] {'ticker': 'DIA', 'mode': 'binary', 'thr': 35, 'window': 'MAX', 'order': 2, 'rows': 4}
2025-11-12 11:45:06,481 INFO [cli] {'ticker': 'DIA', 'mode': 'binary', 'thr': 35, 'window': 'MAX', 'order': 3, 'rows': 8}
2025-11-12 11:45:06,491 INFO [cli] {'ticker': 'DIA', 'mode': 'binary', 'thr': 35, 'window': 'MAX', 'order': 4, 'rows': 16}
2025-11-12 11:45:06,509 INFO [cli] {'ticker': 'DIA', 'mode': 'binary', 'thr': 40, 'window': '1Y', 'order': 1, 'rows': 2}
2025-11-12 11:45:06,522 INFO [cli] {'ticker': 'DIA', 'mode': 'binary', 'thr': 40, 'window': '1Y', 'order': 2, 'rows': 4}
2025-11-12 11:45:06,533 INFO [cli] {'ticker': 'DIA', 'mode': 'binary', 'thr': 40, 'window': '1Y', 'order': 3, 'rows': 8}
2025-11-12 11:45:06,543 INFO [cli] {'ticker': 'DIA', 'mode': 'binary', 'thr': 40, 'window': '1Y', 'order': 4, 'rows': 16}
2025-11-12 11:45:06,552 INFO [cli] {'ticker': 'DIA', 'mode': 'binary', 'thr': 40, 'window': '2Y', 'order': 1, 'rows': 2}
2025-11-12 11:45:06,561 INFO [cli] {'ticker': 'DIA', 'mode': 'binary', 'thr': 40, 'window': '2Y', 'order': 2, 'rows': 4}
2025-11-12 11:45:06,572 INFO [cli] {'ticker': 'DIA', 'mode': 'binary', 'thr': 40, 'window': '2Y', 'order': 3, 'rows': 8}
2025-11-12 11:45:06,584 INFO [cli] {'ticker': 'DIA', 'mode': 'binary', 'thr': 40, 'window': '2Y', 'order': 4, 'rows': 16}
2025-11-12 11:45:06,594 INFO [cli] {'ticker': 'DIA', 'mode': 'binary', 'thr': 40, 'window': '5Y', 'order': 1, 'rows': 2}
2025-11-12 11:45:06,605 INFO [cli] {'ticker': 'DIA', 'mode': 'binary', 'thr': 40, 'window': '5Y', 'order': 2, 'rows': 4}
2025-11-12 11:45:06,615 INFO [cli] {'ticker': 'DIA', 'mode': 'binary', 'thr': 40, 'window': '5Y', 'order': 3, 'rows': 8}
2025-11-12 11:45:06,630 INFO [cli] {'ticker': 'DIA', 'mode': 'binary', 'thr': 40, 'window': '5Y', 'order': 4, 'rows': 16}
2025-11-12 11:45:06,642 INFO [cli] {'ticker': 'DIA', 'mode': 'binary', 'thr': 40, 'window': '10Y', 'order': 1, 'rows': 2}
2025-11-12 11:45:06,651 INFO [cli] {'ticker': 'DIA', 'mode': 'binary', 'thr': 40, 'window': '10Y', 'order': 2, 'rows': 4}
2025-11-12 11:45:06,661 INFO [cli] {'ticker': 'DIA', 'mode': 'binary', 'thr': 40, 'window': '10Y', 'order': 3, 'rows': 8}
2025-11-12 11:45:06,672 INFO [cli] {'ticker': 'DIA', 'mode': 'binary', 'thr': 40, 'window': '10Y', 'order': 4, 'rows': 16}
2025-11-12 11:45:06,683 INFO [cli] {'ticker': 'DIA', 'mode': 'binary', 'thr': 40, 'window': '20Y', 'order': 1, 'rows': 2}
2025-11-12 11:45:06,693 INFO [cli] {'ticker': 'DIA', 'mode': 'binary', 'thr': 40, 'window': '20Y', 'order': 2, 'rows': 4}
2025-11-12 11:45:06,702 INFO [cli] {'ticker': 'DIA', 'mode': 'binary', 'thr': 40, 'window': '20Y', 'order': 3, 'rows': 8}
2025-11-12 11:45:06,711 INFO [cli] {'ticker': 'DIA', 'mode': 'binary', 'thr': 40, 'window': '20Y', 'order': 4, 'rows': 16}
2025-11-12 11:45:06,720 INFO [cli] {'ticker': 'DIA', 'mode': 'binary', 'thr': 40, 'window': 'MAX', 'order': 1, 'rows': 2}
2025-11-12 11:45:06,733 INFO [cli] {'ticker': 'DIA', 'mode': 'binary', 'thr': 40, 'window': 'MAX', 'order': 2, 'rows': 4}
2025-11-12 11:45:06,752 INFO [cli] {'ticker': 'DIA', 'mode': 'binary', 'thr': 40, 'window': 'MAX', 'order': 3, 'rows': 8}
2025-11-12 11:45:06,761 INFO [cli] {'ticker': 'DIA', 'mode': 'binary', 'thr': 40, 'window': 'MAX', 'order': 4, 'rows': 16}
2025-11-12 11:45:06,776 INFO [cli] {'ticker': 'DIA', 'mode': 'binary', 'thr': 45, 'window': '1Y', 'order': 1, 'rows': 2}
2025-11-12 11:45:06,784 INFO [cli] {'ticker': 'DIA', 'mode': 'binary', 'thr': 45, 'window': '1Y', 'order': 2, 'rows': 4}
2025-11-12 11:45:06,795 INFO [cli] {'ticker': 'DIA', 'mode': 'binary', 'thr': 45, 'window': '1Y', 'order': 3, 'rows': 8}
2025-11-12 11:45:06,806 INFO [cli] {'ticker': 'DIA', 'mode': 'binary', 'thr': 45, 'window': '1Y', 'order': 4, 'rows': 16}
2025-11-12 11:45:06,817 INFO [cli] {'ticker': 'DIA', 'mode': 'binary', 'thr': 45, 'window': '2Y', 'order': 1, 'rows': 2}
2025-11-12 11:45:06,827 INFO [cli] {'ticker': 'DIA', 'mode': 'binary', 'thr': 45, 'window': '2Y', 'order': 2, 'rows': 4}
2025-11-12 11:45:06,836 INFO [cli] {'ticker': 'DIA', 'mode': 'binary', 'thr': 45, 'window': '2Y', 'order': 3, 'rows': 8}
2025-11-12 11:45:06,846 INFO [cli] {'ticker': 'DIA', 'mode': 'binary', 'thr': 45, 'window': '2Y', 'order': 4, 'rows': 16}
2025-11-12 11:45:06,858 INFO [cli] {'ticker': 'DIA', 'mode': 'binary', 'thr': 45, 'window': '5Y', 'order': 1, 'rows': 2}
2025-11-12 11:45:06,870 INFO [cli] {'ticker': 'DIA', 'mode': 'binary', 'thr': 45, 'window': '5Y', 'order': 2, 'rows': 4}
2025-11-12 11:45:06,880 INFO [cli] {'ticker': 'DIA', 'mode': 'binary', 'thr': 45, 'window': '5Y', 'order': 3, 'rows': 8}
2025-11-12 11:45:06,890 INFO [cli] {'ticker': 'DIA', 'mode': 'binary', 'thr': 45, 'window': '5Y', 'order': 4, 'rows': 16}
2025-11-12 11:45:06,900 INFO [cli] {'ticker': 'DIA', 'mode': 'binary', 'thr': 45, 'window': '10Y', 'order': 1, 'rows': 2}
2025-11-12 11:45:06,911 INFO [cli] {'ticker': 'DIA', 'mode': 'binary', 'thr': 45, 'window': '10Y', 'order': 2, 'rows': 4}
2025-11-12 11:45:06,921 INFO [cli] {'ticker': 'DIA', 'mode': 'binary', 'thr': 45, 'window': '10Y', 'order': 3, 'rows': 8}
2025-11-12 11:45:06,934 INFO [cli] {'ticker': 'DIA', 'mode': 'binary', 'thr': 45, 'window': '10Y', 'order': 4, 'rows': 16}
2025-11-12 11:45:06,945 INFO [cli] {'ticker': 'DIA', 'mode': 'binary', 'thr': 45, 'window': '20Y', 'order': 1, 'rows': 2}
2025-11-12 11:45:06,955 INFO [cli] {'ticker': 'DIA', 'mode': 'binary', 'thr': 45, 'window': '20Y', 'order': 2, 'rows': 4}
2025-11-12 11:45:06,964 INFO [cli] {'ticker': 'DIA', 'mode': 'binary', 'thr': 45, 'window': '20Y', 'order': 3, 'rows': 8}
2025-11-12 11:45:06,975 INFO [cli] {'ticker': 'DIA', 'mode': 'binary', 'thr': 45, 'window': '20Y', 'order': 4, 'rows': 16}
2025-11-12 11:45:06,985 INFO [cli] {'ticker': 'DIA', 'mode': 'binary', 'thr': 45, 'window': 'MAX', 'order': 1, 'rows': 2}
2025-11-12 11:45:06,995 INFO [cli] {'ticker': 'DIA', 'mode': 'binary', 'thr': 45, 'window': 'MAX', 'order': 2, 'rows': 4}
2025-11-12 11:45:07,006 INFO [cli] {'ticker': 'DIA', 'mode': 'binary', 'thr': 45, 'window': 'MAX', 'order': 3, 'rows': 8}
2025-11-12 11:45:07,017 INFO [cli] {'ticker': 'DIA', 'mode': 'binary', 'thr': 45, 'window': 'MAX', 'order': 4, 'rows': 16}
2025-11-12 11:45:07,041 INFO [cli] {'ticker': 'DIA', 'mode': 'binary', 'thr': 50, 'window': '1Y', 'order': 1, 'rows': 2}
2025-11-12 11:45:07,050 INFO [cli] {'ticker': 'DIA', 'mode': 'binary', 'thr': 50, 'window': '1Y', 'order': 2, 'rows': 4}
2025-11-12 11:45:07,061 INFO [cli] {'ticker': 'DIA', 'mode': 'binary', 'thr': 50, 'window': '1Y', 'order': 3, 'rows': 8}
2025-11-12 11:45:07,072 INFO [cli] {'ticker': 'DIA', 'mode': 'binary', 'thr': 50, 'window': '1Y', 'order': 4, 'rows': 16}
2025-11-12 11:45:07,082 INFO [cli] {'ticker': 'DIA', 'mode': 'binary', 'thr': 50, 'window': '2Y', 'order': 1, 'rows': 2}
2025-11-12 11:45:07,093 INFO [cli] {'ticker': 'DIA', 'mode': 'binary', 'thr': 50, 'window': '2Y', 'order': 2, 'rows': 4}
2025-11-12 11:45:07,119 INFO [cli] {'ticker': 'DIA', 'mode': 'binary', 'thr': 50, 'window': '2Y', 'order': 3, 'rows': 8}
2025-11-12 11:45:07,129 INFO [cli] {'ticker': 'DIA', 'mode': 'binary', 'thr': 50, 'window': '2Y', 'order': 4, 'rows': 16}
2025-11-12 11:45:07,144 INFO [cli] {'ticker': 'DIA', 'mode': 'binary', 'thr': 50, 'window': '5Y', 'order': 1, 'rows': 2}
2025-11-12 11:45:07,157 INFO [cli] {'ticker': 'DIA', 'mode': 'binary', 'thr': 50, 'window': '5Y', 'order': 2, 'rows': 4}
2025-11-12 11:45:07,168 INFO [cli] {'ticker': 'DIA', 'mode': 'binary', 'thr': 50, 'window': '5Y', 'order': 3, 'rows': 8}
2025-11-12 11:45:07,179 INFO [cli] {'ticker': 'DIA', 'mode': 'binary', 'thr': 50, 'window': '5Y', 'order': 4, 'rows': 16}
2025-11-12 11:45:07,189 INFO [cli] {'ticker': 'DIA', 'mode': 'binary', 'thr': 50, 'window': '10Y', 'order': 1, 'rows': 2}
2025-11-12 11:45:07,200 INFO [cli] {'ticker': 'DIA', 'mode': 'binary', 'thr': 50, 'window': '10Y', 'order': 2, 'rows': 4}
2025-11-12 11:45:07,213 INFO [cli] {'ticker': 'DIA', 'mode': 'binary', 'thr': 50, 'window': '10Y', 'order': 3, 'rows': 8}
2025-11-12 11:45:07,224 INFO [cli] {'ticker': 'DIA', 'mode': 'binary', 'thr': 50, 'window': '10Y', 'order': 4, 'rows': 16}
2025-11-12 11:45:07,237 INFO [cli] {'ticker': 'DIA', 'mode': 'binary', 'thr': 50, 'window': '20Y', 'order': 1, 'rows': 2}
2025-11-12 11:45:07,250 INFO [cli] {'ticker': 'DIA', 'mode': 'binary', 'thr': 50, 'window': '20Y', 'order': 2, 'rows': 4}
2025-11-12 11:45:07,261 INFO [cli] {'ticker': 'DIA', 'mode': 'binary', 'thr': 50, 'window': '20Y', 'order': 3, 'rows': 8}
2025-11-12 11:45:07,273 INFO [cli] {'ticker': 'DIA', 'mode': 'binary', 'thr': 50, 'window': '20Y', 'order': 4, 'rows': 16}
2025-11-12 11:45:07,284 INFO [cli] {'ticker': 'DIA', 'mode': 'binary', 'thr': 50, 'window': 'MAX', 'order': 1, 'rows': 2}
2025-11-12 11:45:07,297 INFO [cli] {'ticker': 'DIA', 'mode': 'binary', 'thr': 50, 'window': 'MAX', 'order': 2, 'rows': 4}
2025-11-12 11:45:07,307 INFO [cli] {'ticker': 'DIA', 'mode': 'binary', 'thr': 50, 'window': 'MAX', 'order': 3, 'rows': 8}
2025-11-12 11:45:07,318 INFO [cli] {'ticker': 'DIA', 'mode': 'binary', 'thr': 50, 'window': 'MAX', 'order': 4, 'rows': 16}
2025-11-12 11:45:07,335 INFO [cli] {'ticker': 'DIA', 'mode': 'binary', 'thr': 55, 'window': '1Y', 'order': 1, 'rows': 2}
2025-11-12 11:45:07,357 INFO [cli] {'ticker': 'DIA', 'mode': 'binary', 'thr': 55, 'window': '1Y', 'order': 2, 'rows': 4}
2025-11-12 11:45:07,368 INFO [cli] {'ticker': 'DIA', 'mode': 'binary', 'thr': 55, 'window': '1Y', 'order': 3, 'rows': 8}
2025-11-12 11:45:07,380 INFO [cli] {'ticker': 'DIA', 'mode': 'binary', 'thr': 55, 'window': '1Y', 'order': 4, 'rows': 16}
2025-11-12 11:45:07,391 INFO [cli] {'ticker': 'DIA', 'mode': 'binary', 'thr': 55, 'window': '2Y', 'order': 1, 'rows': 2}
2025-11-12 11:45:07,404 INFO [cli] {'ticker': 'DIA', 'mode': 'binary', 'thr': 55, 'window': '2Y', 'order': 2, 'rows': 4}
2025-11-12 11:45:07,414 INFO [cli] {'ticker': 'DIA', 'mode': 'binary', 'thr': 55, 'window': '2Y', 'order': 3, 'rows': 8}
2025-11-12 11:45:07,427 INFO [cli] {'ticker': 'DIA', 'mode': 'binary', 'thr': 55, 'window': '2Y', 'order': 4, 'rows': 16}
2025-11-12 11:45:07,438 INFO [cli] {'ticker': 'DIA', 'mode': 'binary', 'thr': 55, 'window': '5Y', 'order': 1, 'rows': 2}
2025-11-12 11:45:07,449 INFO [cli] {'ticker': 'DIA', 'mode': 'binary', 'thr': 55, 'window': '5Y', 'order': 2, 'rows': 4}
2025-11-12 11:45:07,461 INFO [cli] {'ticker': 'DIA', 'mode': 'binary', 'thr': 55, 'window': '5Y', 'order': 3, 'rows': 8}
2025-11-12 11:45:07,472 INFO [cli] {'ticker': 'DIA', 'mode': 'binary', 'thr': 55, 'window': '5Y', 'order': 4, 'rows': 16}
2025-11-12 11:45:07,483 INFO [cli] {'ticker': 'DIA', 'mode': 'binary', 'thr': 55, 'window': '10Y', 'order': 1, 'rows': 2}
2025-11-12 11:45:07,495 INFO [cli] {'ticker': 'DIA', 'mode': 'binary', 'thr': 55, 'window': '10Y', 'order': 2, 'rows': 4}
2025-11-12 11:45:07,507 INFO [cli] {'ticker': 'DIA', 'mode': 'binary', 'thr': 55, 'window': '10Y', 'order': 3, 'rows': 8}
2025-11-12 11:45:07,518 INFO [cli] {'ticker': 'DIA', 'mode': 'binary', 'thr': 55, 'window': '10Y', 'order': 4, 'rows': 16}
2025-11-12 11:45:07,528 INFO [cli] {'ticker': 'DIA', 'mode': 'binary', 'thr': 55, 'window': '20Y', 'order': 1, 'rows': 2}
2025-11-12 11:45:07,538 INFO [cli] {'ticker': 'DIA', 'mode': 'binary', 'thr': 55, 'window': '20Y', 'order': 2, 'rows': 4}

{'ticker': 'DIA', 'mode': 'binary', 'thr': 15, 'window': 'MAX', 'order': 2, 'rows': 4}
{'ticker': 'DIA', 'mode': 'binary', 'thr': 15, 'window': 'MAX', 'order': 3, 'rows': 8}
{'ticker': 'DIA', 'mode': 'binary', 'thr': 15, 'window': 'MAX', 'order': 4, 'rows': 16}
{'ticker': 'DIA', 'mode': 'binary', 'thr': 20, 'window': '1Y', 'order': 1, 'rows': 2}
{'ticker': 'DIA', 'mode': 'binary', 'thr': 20, 'window': '1Y', 'order': 2, 'rows': 4}
{'ticker': 'DIA', 'mode': 'binary', 'thr': 20, 'window': '1Y', 'order': 3, 'rows': 8}
{'ticker': 'DIA', 'mode': 'binary', 'thr': 20, 'window': '1Y', 'order': 4, 'rows': 16}
{'ticker': 'DIA', 'mode': 'binary', 'thr': 20, 'window': '2Y', 'order': 1, 'rows': 2}
{'ticker': 'DIA', 'mode': 'binary', 'thr': 20, 'window': '2Y', 'order': 2, 'rows': 4}
{'ticker': 'DIA', 'mode': 'binary', 'thr': 20, 'window': '2Y', 'order': 3, 'rows': 8}
{'ticker': 'DIA', 'mode': 'binary', 'thr': 20, 'window': '2Y', 'order': 4, 'rows': 16}
{'ticker': 'DIA', 'mode': 'binary', 'thr': 20, 'window': '5Y', 'order': 1, 'rows': 2}
{'ticker': 'DIA', 'mode': 'binary', 'thr': 20, 'window': '5Y', 'order': 2, 'rows': 4}
{'ticker': 'DIA', 'mode': 'binary', 'thr': 20, 'window': '5Y', 'order': 3, 'rows': 8}
{'ticker': 'DIA', 'mode': 'binary', 'thr': 20, 'window': '5Y', 'order': 4, 'rows': 16}
{'ticker': 'DIA', 'mode': 'binary', 'thr': 20, 'window': '10Y', 'order': 1, 'rows': 2}
{'ticker': 'DIA', 'mode': 'binary', 'thr': 20, 'window': '10Y', 'order': 2, 'rows': 4}
{'ticker': 'DIA', 'mode': 'binary', 'thr': 20, 'window': '10Y', 'order': 3, 'rows': 8}
{'ticker': 'DIA', 'mode': 'binary', 'thr': 20, 'window': '10Y', 'order': 4, 'rows': 16}
{'ticker': 'DIA', 'mode': 'binary', 'thr': 20, 'window': '20Y', 'order': 1, 'rows': 2}
{'ticker': 'DIA', 'mode': 'binary', 'thr': 20, 'window': '20Y', 'order': 2, 'rows': 4}
{'ticker': 'DIA', 'mode': 'binary', 'thr': 20, 'window': '20Y', 'order': 3, 'rows': 8}
{'ticker': 'DIA', 'mode': 'binary', 'thr': 20, 'window': '20Y', 'order': 4, 'rows': 16}
{'ticker': 'DIA', 'mode': 'binary', 'thr': 20, 'window': 'MAX', 'order': 1, 'rows': 2}
{'ticker': 'DIA', 'mode': 'binary', 'thr': 20, 'window': 'MAX', 'order': 2, 'rows': 4}
{'ticker': 'DIA', 'mode': 'binary', 'thr': 20, 'window': 'MAX', 'order': 3, 'rows': 8}
{'ticker': 'DIA', 'mode': 'binary', 'thr': 20, 'window': 'MAX', 'order': 4, 'rows': 16}
{'ticker': 'DIA', 'mode': 'binary', 'thr': 25, 'window': '1Y', 'order': 1, 'rows': 2}
{'ticker': 'DIA', 'mode': 'binary', 'thr': 25, 'window': '1Y', 'order': 2, 'rows': 4}
{'ticker': 'DIA', 'mode': 'binary', 'thr': 25, 'window': '1Y', 'order': 3, 'rows': 8}
{'ticker': 'DIA', 'mode': 'binary', 'thr': 25, 'window': '1Y', 'order': 4, 'rows': 16}
{'ticker': 'DIA', 'mode': 'binary', 'thr': 25, 'window': '2Y', 'order': 1, 'rows': 2}
{'ticker': 'DIA', 'mode': 'binary', 'thr': 25, 'window': '2Y', 'order': 2, 'rows': 4}
{'ticker': 'DIA', 'mode': 'binary', 'thr': 25, 'window': '2Y', 'order': 3, 'rows': 8}
{'ticker': 'DIA', 'mode': 'binary', 'thr': 25, 'window': '2Y', 'order': 4, 'rows': 16}
{'ticker': 'DIA', 'mode': 'binary', 'thr': 25, 'window': '5Y', 'order': 1, 'rows': 2}
{'ticker': 'DIA', 'mode': 'binary', 'thr': 25, 'window': '5Y', 'order': 2, 'rows': 4}
{'ticker': 'DIA', 'mode': 'binary', 'thr': 25, 'window': '5Y', 'order': 3, 'rows': 8}
{'ticker': 'DIA', 'mode': 'binary', 'thr': 25, 'window': '5Y', 'order': 4, 'rows': 16}
{'ticker': 'DIA', 'mode': 'binary', 'thr': 25, 'window': '10Y', 'order': 1, 'rows': 2}
{'ticker': 'DIA', 'mode': 'binary', 'thr': 25, 'window': '10Y', 'order': 2, 'rows': 4}
{'ticker': 'DIA', 'mode': 'binary', 'thr': 25, 'window': '10Y', 'order': 3, 'rows': 8}
{'ticker': 'DIA', 'mode': 'binary', 'thr': 25, 'window': '10Y', 'order': 4, 'rows': 16}
{'ticker': 'DIA', 'mode': 'binary', 'thr': 25, 'window': '20Y', 'order': 1, 'rows': 2}
{'ticker': 'DIA', 'mode': 'binary', 'thr': 25, 'window': '20Y', 'order': 2, 'rows': 4}
{'ticker': 'DIA', 'mode': 'binary', 'thr': 25, 'window': '20Y', 'order': 3, 'rows': 8}
{'ticker': 'DIA', 'mode': 'binary', 'thr': 25, 'window': '20Y', 'order': 4, 'rows': 16}
{'ticker': 'DIA', 'mode': 'binary', 'thr': 25, 'window': 'MAX', 'order': 1, 'rows': 2}
{'ticker': 'DIA', 'mode': 'binary', 'thr': 25, 'window': 'MAX', 'order': 2, 'rows': 4}
{'ticker': 'DIA', 'mode': 'binary', 'thr': 25, 'window': 'MAX', 'order': 3, 'rows': 8}
{'ticker': 'DIA', 'mode': 'binary', 'thr': 25, 'window': 'MAX', 'order': 4, 'rows': 16}
{'ticker': 'DIA', 'mode': 'binary', 'thr': 30, 'window': '1Y', 'order': 1, 'rows': 2}
{'ticker': 'DIA', 'mode': 'binary', 'thr': 30, 'window': '1Y', 'order': 2, 'rows': 4}
{'ticker': 'DIA', 'mode': 'binary', 'thr': 30, 'window': '1Y', 'order': 3, 'rows': 8}
{'ticker': 'DIA', 'mode': 'binary', 'thr': 30, 'window': '1Y', 'order': 4, 'rows': 16}
{'ticker': 'DIA', 'mode': 'binary', 'thr': 30, 'window': '2Y', 'order': 1, 'rows': 2}
{'ticker': 'DIA', 'mode': 'binary', 'thr': 30, 'window': '2Y', 'order': 2, 'rows': 4}
{'ticker': 'DIA', 'mode': 'binary', 'thr': 30, 'window': '2Y', 'order': 3, 'rows': 8}
{'ticker': 'DIA', 'mode': 'binary', 'thr': 30, 'window': '2Y', 'order': 4, 'rows': 16}
{'ticker': 'DIA', 'mode': 'binary', 'thr': 30, 'window': '5Y', 'order': 1, 'rows': 2}
{'ticker': 'DIA', 'mode': 'binary', 'thr': 30, 'window': '5Y', 'order': 2, 'rows': 4}
{'ticker': 'DIA', 'mode': 'binary', 'thr': 30, 'window': '5Y', 'order': 3, 'rows': 8}
{'ticker': 'DIA', 'mode': 'binary', 'thr': 30, 'window': '5Y', 'order': 4, 'rows': 16}
{'ticker': 'DIA', 'mode': 'binary', 'thr': 30, 'window': '10Y', 'order': 1, 'rows': 2}
{'ticker': 'DIA', 'mode': 'binary', 'thr': 30, 'window': '10Y', 'order': 2, 'rows': 4}
{'ticker': 'DIA', 'mode': 'binary', 'thr': 30, 'window': '10Y', 'order': 3, 'rows': 8}
{'ticker': 'DIA', 'mode': 'binary', 'thr': 30, 'window': '10Y', 'order': 4, 'rows': 16}
{'ticker': 'DIA', 'mode': 'binary', 'thr': 30, 'window': '20Y', 'order': 1, 'rows': 2}
{'ticker': 'DIA', 'mode': 'binary', 'thr': 30, 'window': '20Y', 'order': 2, 'rows': 4}
{'ticker': 'DIA', 'mode': 'binary', 'thr': 30, 'window': '20Y', 'order': 3, 'rows': 8}
{'ticker': 'DIA', 'mode': 'binary', 'thr': 30, 'window': '20Y', 'order': 4, 'rows': 16}
{'ticker': 'DIA', 'mode': 'binary', 'thr': 30, 'window': 'MAX', 'order': 1, 'rows': 2}
{'ticker': 'DIA', 'mode': 'binary', 'thr': 30, 'window': 'MAX', 'order': 2, 'rows': 4}
{'ticker': 'DIA', 'mode': 'binary', 'thr': 30, 'window': 'MAX', 'order': 3, 'rows': 8}
{'ticker': 'DIA', 'mode': 'binary', 'thr': 30, 'window': 'MAX', 'order': 4, 'rows': 16}
{'ticker': 'DIA', 'mode': 'binary', 'thr': 35, 'window': '1Y', 'order': 1, 'rows': 2}
{'ticker': 'DIA', 'mode': 'binary', 'thr': 35, 'window': '1Y', 'order': 2, 'rows': 4}
{'ticker': 'DIA', 'mode': 'binary', 'thr': 35, 'window': '1Y', 'order': 3, 'rows': 8}
{'ticker': 'DIA', 'mode': 'binary', 'thr': 35, 'window': '1Y', 'order': 4, 'rows': 16}
{'ticker': 'DIA', 'mode': 'binary', 'thr': 35, 'window': '2Y', 'order': 1, 'rows': 2}
{'ticker': 'DIA', 'mode': 'binary', 'thr': 35, 'window': '2Y', 'order': 2, 'rows': 4}
{'ticker': 'DIA', 'mode': 'binary', 'thr': 35, 'window': '2Y', 'order': 3, 'rows': 8}
{'ticker': 'DIA', 'mode': 'binary', 'thr': 35, 'window': '2Y', 'order': 4, 'rows': 16}
{'ticker': 'DIA', 'mode': 'binary', 'thr': 35, 'window': '5Y', 'order': 1, 'rows': 2}
{'ticker': 'DIA', 'mode': 'binary', 'thr': 35, 'window': '5Y', 'order': 2, 'rows': 4}
{'ticker': 'DIA', 'mode': 'binary', 'thr': 35, 'window': '5Y', 'order': 3, 'rows': 8}
{'ticker': 'DIA', 'mode': 'binary', 'thr': 35, 'window': '5Y', 'order': 4, 'rows': 16}
{'ticker': 'DIA', 'mode': 'binary', 'thr': 35, 'window': '10Y', 'order': 1, 'rows': 2}
{'ticker': 'DIA', 'mode': 'binary', 'thr': 35, 'window': '10Y', 'order': 2, 'rows': 4}
{'ticker': 'DIA', 'mode': 'binary', 'thr': 35, 'window': '10Y', 'order': 3, 'rows': 8}
{'ticker': 'DIA', 'mode': 'binary', 'thr': 35, 'window': '10Y', 'order': 4, 'rows': 16}
{'ticker': 'DIA', 'mode': 'binary', 'thr': 35, 'window': '20Y', 'order': 1, 'rows': 2}
{'ticker': 'DIA', 'mode': 'binary', 'thr': 35, 'window': '20Y', 'order': 2, 'rows': 4}
{'ticker': 'DIA', 'mode': 'binary', 'thr': 35, 'window': '20Y', 'order': 3, 'rows': 8}
{'ticker': 'DIA', 'mode': 'binary', 'thr': 35, 'window': '20Y', 'order': 4, 'rows': 16}2025-11-12 11:45:07,549 INFO [cli] {'ticker': 'DIA', 'mode': 'binary', 'thr': 55, 'window': '20Y', 'order': 3, 'rows': 8}
2025-11-12 11:45:07,560 INFO [cli] {'ticker': 'DIA', 'mode': 'binary', 'thr': 55, 'window': '20Y', 'order': 4, 'rows': 16}
2025-11-12 11:45:07,570 INFO [cli] {'ticker': 'DIA', 'mode': 'binary', 'thr': 55, 'window': 'MAX', 'order': 1, 'rows': 2}
2025-11-12 11:45:07,581 INFO [cli] {'ticker': 'DIA', 'mode': 'binary', 'thr': 55, 'window': 'MAX', 'order': 2, 'rows': 4}
2025-11-12 11:45:07,592 INFO [cli] {'ticker': 'DIA', 'mode': 'binary', 'thr': 55, 'window': 'MAX', 'order': 3, 'rows': 8}
2025-11-12 11:45:07,605 INFO [cli] {'ticker': 'DIA', 'mode': 'binary', 'thr': 55, 'window': 'MAX', 'order': 4, 'rows': 16}
2025-11-12 11:45:07,630 INFO [cli] {'ticker': 'DIA', 'mode': 'binary', 'thr': 60, 'window': '1Y', 'order': 1, 'rows': 2}
2025-11-12 11:45:07,641 INFO [cli] {'ticker': 'DIA', 'mode': 'binary', 'thr': 60, 'window': '1Y', 'order': 2, 'rows': 4}
2025-11-12 11:45:07,652 INFO [cli] {'ticker': 'DIA', 'mode': 'binary', 'thr': 60, 'window': '1Y', 'order': 3, 'rows': 8}
2025-11-12 11:45:07,662 INFO [cli] {'ticker': 'DIA', 'mode': 'binary', 'thr': 60, 'window': '1Y', 'order': 4, 'rows': 16}
2025-11-12 11:45:07,672 INFO [cli] {'ticker': 'DIA', 'mode': 'binary', 'thr': 60, 'window': '2Y', 'order': 1, 'rows': 2}
2025-11-12 11:45:07,683 INFO [cli] {'ticker': 'DIA', 'mode': 'binary', 'thr': 60, 'window': '2Y', 'order': 2, 'rows': 4}
2025-11-12 11:45:07,694 INFO [cli] {'ticker': 'DIA', 'mode': 'binary', 'thr': 60, 'window': '2Y', 'order': 3, 'rows': 8}
2025-11-12 11:45:07,707 INFO [cli] {'ticker': 'DIA', 'mode': 'binary', 'thr': 60, 'window': '2Y', 'order': 4, 'rows': 16}
2025-11-12 11:45:07,719 INFO [cli] {'ticker': 'DIA', 'mode': 'binary', 'thr': 60, 'window': '5Y', 'order': 1, 'rows': 2}
2025-11-12 11:45:07,734 INFO [cli] {'ticker': 'DIA', 'mode': 'binary', 'thr': 60, 'window': '5Y', 'order': 2, 'rows': 4}
2025-11-12 11:45:07,744 INFO [cli] {'ticker': 'DIA', 'mode': 'binary', 'thr': 60, 'window': '5Y', 'order': 3, 'rows': 8}
2025-11-12 11:45:07,754 INFO [cli] {'ticker': 'DIA', 'mode': 'binary', 'thr': 60, 'window': '5Y', 'order': 4, 'rows': 16}
2025-11-12 11:45:07,765 INFO [cli] {'ticker': 'DIA', 'mode': 'binary', 'thr': 60, 'window': '10Y', 'order': 1, 'rows': 2}
2025-11-12 11:45:07,778 INFO [cli] {'ticker': 'DIA', 'mode': 'binary', 'thr': 60, 'window': '10Y', 'order': 2, 'rows': 4}
2025-11-12 11:45:07,791 INFO [cli] {'ticker': 'DIA', 'mode': 'binary', 'thr': 60, 'window': '10Y', 'order': 3, 'rows': 8}
2025-11-12 11:45:07,807 INFO [cli] {'ticker': 'DIA', 'mode': 'binary', 'thr': 60, 'window': '10Y', 'order': 4, 'rows': 16}
2025-11-12 11:45:07,819 INFO [cli] {'ticker': 'DIA', 'mode': 'binary', 'thr': 60, 'window': '20Y', 'order': 1, 'rows': 2}
2025-11-12 11:45:07,830 INFO [cli] {'ticker': 'DIA', 'mode': 'binary', 'thr': 60, 'window': '20Y', 'order': 2, 'rows': 4}
2025-11-12 11:45:07,840 INFO [cli] {'ticker': 'DIA', 'mode': 'binary', 'thr': 60, 'window': '20Y', 'order': 3, 'rows': 8}
2025-11-12 11:45:07,854 INFO [cli] {'ticker': 'DIA', 'mode': 'binary', 'thr': 60, 'window': '20Y', 'order': 4, 'rows': 16}
2025-11-12 11:45:07,865 INFO [cli] {'ticker': 'DIA', 'mode': 'binary', 'thr': 60, 'window': 'MAX', 'order': 1, 'rows': 2}
2025-11-12 11:45:07,876 INFO [cli] {'ticker': 'DIA', 'mode': 'binary', 'thr': 60, 'window': 'MAX', 'order': 2, 'rows': 4}
2025-11-12 11:45:07,886 INFO [cli] {'ticker': 'DIA', 'mode': 'binary', 'thr': 60, 'window': 'MAX', 'order': 3, 'rows': 8}
2025-11-12 11:45:07,896 INFO [cli] {'ticker': 'DIA', 'mode': 'binary', 'thr': 60, 'window': 'MAX', 'order': 4, 'rows': 16}
2025-11-12 11:45:07,913 INFO [cli] {'ticker': 'DIA', 'mode': 'binary', 'thr': 65, 'window': '1Y', 'order': 1, 'rows': 2}
2025-11-12 11:45:07,925 INFO [cli] {'ticker': 'DIA', 'mode': 'binary', 'thr': 65, 'window': '1Y', 'order': 2, 'rows': 4}
2025-11-12 11:45:07,937 INFO [cli] {'ticker': 'DIA', 'mode': 'binary', 'thr': 65, 'window': '1Y', 'order': 3, 'rows': 8}
2025-11-12 11:45:07,947 INFO [cli] {'ticker': 'DIA', 'mode': 'binary', 'thr': 65, 'window': '1Y', 'order': 4, 'rows': 15}
2025-11-12 11:45:07,958 INFO [cli] {'ticker': 'DIA', 'mode': 'binary', 'thr': 65, 'window': '2Y', 'order': 1, 'rows': 2}
2025-11-12 11:45:07,969 INFO [cli] {'ticker': 'DIA', 'mode': 'binary', 'thr': 65, 'window': '2Y', 'order': 2, 'rows': 4}
2025-11-12 11:45:07,980 INFO [cli] {'ticker': 'DIA', 'mode': 'binary', 'thr': 65, 'window': '2Y', 'order': 3, 'rows': 8}
2025-11-12 11:45:07,991 INFO [cli] {'ticker': 'DIA', 'mode': 'binary', 'thr': 65, 'window': '2Y', 'order': 4, 'rows': 15}
2025-11-12 11:45:08,000 INFO [cli] {'ticker': 'DIA', 'mode': 'binary', 'thr': 65, 'window': '5Y', 'order': 1, 'rows': 2}
2025-11-12 11:45:08,010 INFO [cli] {'ticker': 'DIA', 'mode': 'binary', 'thr': 65, 'window': '5Y', 'order': 2, 'rows': 4}
2025-11-12 11:45:08,020 INFO [cli] {'ticker': 'DIA', 'mode': 'binary', 'thr': 65, 'window': '5Y', 'order': 3, 'rows': 8}
2025-11-12 11:45:08,033 INFO [cli] {'ticker': 'DIA', 'mode': 'binary', 'thr': 65, 'window': '5Y', 'order': 4, 'rows': 16}
2025-11-12 11:45:08,044 INFO [cli] {'ticker': 'DIA', 'mode': 'binary', 'thr': 65, 'window': '10Y', 'order': 1, 'rows': 2}
2025-11-12 11:45:08,055 INFO [cli] {'ticker': 'DIA', 'mode': 'binary', 'thr': 65, 'window': '10Y', 'order': 2, 'rows': 4}
2025-11-12 11:45:08,065 INFO [cli] {'ticker': 'DIA', 'mode': 'binary', 'thr': 65, 'window': '10Y', 'order': 3, 'rows': 8}
2025-11-12 11:45:08,076 INFO [cli] {'ticker': 'DIA', 'mode': 'binary', 'thr': 65, 'window': '10Y', 'order': 4, 'rows': 16}
2025-11-12 11:45:08,087 INFO [cli] {'ticker': 'DIA', 'mode': 'binary', 'thr': 65, 'window': '20Y', 'order': 1, 'rows': 2}
2025-11-12 11:45:08,097 INFO [cli] {'ticker': 'DIA', 'mode': 'binary', 'thr': 65, 'window': '20Y', 'order': 2, 'rows': 4}
2025-11-12 11:45:08,109 INFO [cli] {'ticker': 'DIA', 'mode': 'binary', 'thr': 65, 'window': '20Y', 'order': 3, 'rows': 8}
2025-11-12 11:45:08,119 INFO [cli] {'ticker': 'DIA', 'mode': 'binary', 'thr': 65, 'window': '20Y', 'order': 4, 'rows': 16}
2025-11-12 11:45:08,129 INFO [cli] {'ticker': 'DIA', 'mode': 'binary', 'thr': 65, 'window': 'MAX', 'order': 1, 'rows': 2}
2025-11-12 11:45:08,142 INFO [cli] {'ticker': 'DIA', 'mode': 'binary', 'thr': 65, 'window': 'MAX', 'order': 2, 'rows': 4}
2025-11-12 11:45:08,152 INFO [cli] {'ticker': 'DIA', 'mode': 'binary', 'thr': 65, 'window': 'MAX', 'order': 3, 'rows': 8}
2025-11-12 11:45:08,162 INFO [cli] {'ticker': 'DIA', 'mode': 'binary', 'thr': 65, 'window': 'MAX', 'order': 4, 'rows': 16}
2025-11-12 11:45:08,180 INFO [cli] {'ticker': 'DIA', 'mode': 'binary', 'thr': 70, 'window': '1Y', 'order': 1, 'rows': 2}
2025-11-12 11:45:08,192 INFO [cli] {'ticker': 'DIA', 'mode': 'binary', 'thr': 70, 'window': '1Y', 'order': 2, 'rows': 4}
2025-11-12 11:45:08,202 INFO [cli] {'ticker': 'DIA', 'mode': 'binary', 'thr': 70, 'window': '1Y', 'order': 3, 'rows': 8}
2025-11-12 11:45:08,211 INFO [cli] {'ticker': 'DIA', 'mode': 'binary', 'thr': 70, 'window': '1Y', 'order': 4, 'rows': 15}
2025-11-12 11:45:08,222 INFO [cli] {'ticker': 'DIA', 'mode': 'binary', 'thr': 70, 'window': '2Y', 'order': 1, 'rows': 2}
2025-11-12 11:45:08,233 INFO [cli] {'ticker': 'DIA', 'mode': 'binary', 'thr': 70, 'window': '2Y', 'order': 2, 'rows': 4}
2025-11-12 11:45:08,243 INFO [cli] {'ticker': 'DIA', 'mode': 'binary', 'thr': 70, 'window': '2Y', 'order': 3, 'rows': 8}
2025-11-12 11:45:08,254 INFO [cli] {'ticker': 'DIA', 'mode': 'binary', 'thr': 70, 'window': '2Y', 'order': 4, 'rows': 15}
2025-11-12 11:45:08,264 INFO [cli] {'ticker': 'DIA', 'mode': 'binary', 'thr': 70, 'window': '5Y', 'order': 1, 'rows': 2}
2025-11-12 11:45:08,275 INFO [cli] {'ticker': 'DIA', 'mode': 'binary', 'thr': 70, 'window': '5Y', 'order': 2, 'rows': 4}
2025-11-12 11:45:08,283 INFO [cli] {'ticker': 'DIA', 'mode': 'binary', 'thr': 70, 'window': '5Y', 'order': 3, 'rows': 8}
2025-11-12 11:45:08,291 INFO [cli] {'ticker': 'DIA', 'mode': 'binary', 'thr': 70, 'window': '5Y', 'order': 4, 'rows': 16}
2025-11-12 11:45:08,304 INFO [cli] {'ticker': 'DIA', 'mode': 'binary', 'thr': 70, 'window': '10Y', 'order': 1, 'rows': 2}
2025-11-12 11:45:08,316 INFO [cli] {'ticker': 'DIA', 'mode': 'binary', 'thr': 70, 'window': '10Y', 'order': 2, 'rows': 4}
2025-11-12 11:45:08,328 INFO [cli] {'ticker': 'DIA', 'mode': 'binary', 'thr': 70, 'window': '10Y', 'order': 3, 'rows': 8}
2025-11-12 11:45:08,339 INFO [cli] {'ticker': 'DIA', 'mode': 'binary', 'thr': 70, 'window': '10Y', 'order': 4, 'rows': 16}
2025-11-12 11:45:08,350 INFO [cli] {'ticker': 'DIA', 'mode': 'binary', 'thr': 70, 'window': '20Y', 'order': 1, 'rows': 2}
2025-11-12 11:45:08,361 INFO [cli] {'ticker': 'DIA', 'mode': 'binary', 'thr': 70, 'window': '20Y', 'order': 2, 'rows': 4}
2025-11-12 11:45:08,371 INFO [cli] {'ticker': 'DIA', 'mode': 'binary', 'thr': 70, 'window': '20Y', 'order': 3, 'rows': 8}
2025-11-12 11:45:08,384 INFO [cli] {'ticker': 'DIA', 'mode': 'binary', 'thr': 70, 'window': '20Y', 'order': 4, 'rows': 16}
2025-11-12 11:45:08,395 INFO [cli] {'ticker': 'DIA', 'mode': 'binary', 'thr': 70, 'window': 'MAX', 'order': 1, 'rows': 2}
2025-11-12 11:45:08,406 INFO [cli] {'ticker': 'DIA', 'mode': 'binary', 'thr': 70, 'window': 'MAX', 'order': 2, 'rows': 4}
2025-11-12 11:45:08,414 INFO [cli] {'ticker': 'DIA', 'mode': 'binary', 'thr': 70, 'window': 'MAX', 'order': 3, 'rows': 8}
2025-11-12 11:45:08,422 INFO [cli] {'ticker': 'DIA', 'mode': 'binary', 'thr': 70, 'window': 'MAX', 'order': 4, 'rows': 16}
2025-11-12 11:45:08,438 INFO [cli] {'ticker': 'DIA', 'mode': 'binary', 'thr': 75, 'window': '1Y', 'order': 1, 'rows': 2}
2025-11-12 11:45:08,448 INFO [cli] {'ticker': 'DIA', 'mode': 'binary', 'thr': 75, 'window': '1Y', 'order': 2, 'rows': 4}
2025-11-12 11:45:08,459 INFO [cli] {'ticker': 'DIA', 'mode': 'binary', 'thr': 75, 'window': '1Y', 'order': 3, 'rows': 8}
2025-11-12 11:45:08,478 INFO [cli] {'ticker': 'DIA', 'mode': 'binary', 'thr': 75, 'window': '1Y', 'order': 4, 'rows': 15}
2025-11-12 11:45:08,491 INFO [cli] {'ticker': 'DIA', 'mode': 'binary', 'thr': 75, 'window': '2Y', 'order': 1, 'rows': 2}
2025-11-12 11:45:08,501 INFO [cli] {'ticker': 'DIA', 'mode': 'binary', 'thr': 75, 'window': '2Y', 'order': 2, 'rows': 4}
2025-11-12 11:45:08,512 INFO [cli] {'ticker': 'DIA', 'mode': 'binary', 'thr': 75, 'window': '2Y', 'order': 3, 'rows': 8}
2025-11-12 11:45:08,523 INFO [cli] {'ticker': 'DIA', 'mode': 'binary', 'thr': 75, 'window': '2Y', 'order': 4, 'rows': 15}
2025-11-12 11:45:08,533 INFO [cli] {'ticker': 'DIA', 'mode': 'binary', 'thr': 75, 'window': '5Y', 'order': 1, 'rows': 2}
2025-11-12 11:45:08,545 INFO [cli] {'ticker': 'DIA', 'mode': 'binary', 'thr': 75, 'window': '5Y', 'order': 2, 'rows': 4}
2025-11-12 11:45:08,556 INFO [cli] {'ticker': 'DIA', 'mode': 'binary', 'thr': 75, 'window': '5Y', 'order': 3, 'rows': 8}
2025-11-12 11:45:08,566 INFO [cli] {'ticker': 'DIA', 'mode': 'binary', 'thr': 75, 'window': '5Y', 'order': 4, 'rows': 15}
2025-11-12 11:45:08,576 INFO [cli] {'ticker': 'DIA', 'mode': 'binary', 'thr': 75, 'window': '10Y', 'order': 1, 'rows': 2}
2025-11-12 11:45:08,585 INFO [cli] {'ticker': 'DIA', 'mode': 'binary', 'thr': 75, 'window': '10Y', 'order': 2, 'rows': 4}
2025-11-12 11:45:08,599 INFO [cli] {'ticker': 'DIA', 'mode': 'binary', 'thr': 75, 'window': '10Y', 'order': 3, 'rows': 8}
2025-11-12 11:45:08,609 INFO [cli] {'ticker': 'DIA', 'mode': 'binary', 'thr': 75, 'window': '10Y', 'order': 4, 'rows': 16}
2025-11-12 11:45:08,620 INFO [cli] {'ticker': 'DIA', 'mode': 'binary', 'thr': 75, 'window': '20Y', 'order': 1, 'rows': 2}

{'ticker': 'DIA', 'mode': 'binary', 'thr': 35, 'window': 'MAX', 'order': 1, 'rows': 2}
{'ticker': 'DIA', 'mode': 'binary', 'thr': 35, 'window': 'MAX', 'order': 2, 'rows': 4}
{'ticker': 'DIA', 'mode': 'binary', 'thr': 35, 'window': 'MAX', 'order': 3, 'rows': 8}
{'ticker': 'DIA', 'mode': 'binary', 'thr': 35, 'window': 'MAX', 'order': 4, 'rows': 16}
{'ticker': 'DIA', 'mode': 'binary', 'thr': 40, 'window': '1Y', 'order': 1, 'rows': 2}
{'ticker': 'DIA', 'mode': 'binary', 'thr': 40, 'window': '1Y', 'order': 2, 'rows': 4}
{'ticker': 'DIA', 'mode': 'binary', 'thr': 40, 'window': '1Y', 'order': 3, 'rows': 8}
{'ticker': 'DIA', 'mode': 'binary', 'thr': 40, 'window': '1Y', 'order': 4, 'rows': 16}
{'ticker': 'DIA', 'mode': 'binary', 'thr': 40, 'window': '2Y', 'order': 1, 'rows': 2}
{'ticker': 'DIA', 'mode': 'binary', 'thr': 40, 'window': '2Y', 'order': 2, 'rows': 4}
{'ticker': 'DIA', 'mode': 'binary', 'thr': 40, 'window': '2Y', 'order': 3, 'rows': 8}
{'ticker': 'DIA', 'mode': 'binary', 'thr': 40, 'window': '2Y', 'order': 4, 'rows': 16}
{'ticker': 'DIA', 'mode': 'binary', 'thr': 40, 'window': '5Y', 'order': 1, 'rows': 2}
{'ticker': 'DIA', 'mode': 'binary', 'thr': 40, 'window': '5Y', 'order': 2, 'rows': 4}
{'ticker': 'DIA', 'mode': 'binary', 'thr': 40, 'window': '5Y', 'order': 3, 'rows': 8}
{'ticker': 'DIA', 'mode': 'binary', 'thr': 40, 'window': '5Y', 'order': 4, 'rows': 16}
{'ticker': 'DIA', 'mode': 'binary', 'thr': 40, 'window': '10Y', 'order': 1, 'rows': 2}
{'ticker': 'DIA', 'mode': 'binary', 'thr': 40, 'window': '10Y', 'order': 2, 'rows': 4}
{'ticker': 'DIA', 'mode': 'binary', 'thr': 40, 'window': '10Y', 'order': 3, 'rows': 8}
{'ticker': 'DIA', 'mode': 'binary', 'thr': 40, 'window': '10Y', 'order': 4, 'rows': 16}
{'ticker': 'DIA', 'mode': 'binary', 'thr': 40, 'window': '20Y', 'order': 1, 'rows': 2}
{'ticker': 'DIA', 'mode': 'binary', 'thr': 40, 'window': '20Y', 'order': 2, 'rows': 4}
{'ticker': 'DIA', 'mode': 'binary', 'thr': 40, 'window': '20Y', 'order': 3, 'rows': 8}
{'ticker': 'DIA', 'mode': 'binary', 'thr': 40, 'window': '20Y', 'order': 4, 'rows': 16}
{'ticker': 'DIA', 'mode': 'binary', 'thr': 40, 'window': 'MAX', 'order': 1, 'rows': 2}
{'ticker': 'DIA', 'mode': 'binary', 'thr': 40, 'window': 'MAX', 'order': 2, 'rows': 4}
{'ticker': 'DIA', 'mode': 'binary', 'thr': 40, 'window': 'MAX', 'order': 3, 'rows': 8}
{'ticker': 'DIA', 'mode': 'binary', 'thr': 40, 'window': 'MAX', 'order': 4, 'rows': 16}
{'ticker': 'DIA', 'mode': 'binary', 'thr': 45, 'window': '1Y', 'order': 1, 'rows': 2}
{'ticker': 'DIA', 'mode': 'binary', 'thr': 45, 'window': '1Y', 'order': 2, 'rows': 4}
{'ticker': 'DIA', 'mode': 'binary', 'thr': 45, 'window': '1Y', 'order': 3, 'rows': 8}
{'ticker': 'DIA', 'mode': 'binary', 'thr': 45, 'window': '1Y', 'order': 4, 'rows': 16}
{'ticker': 'DIA', 'mode': 'binary', 'thr': 45, 'window': '2Y', 'order': 1, 'rows': 2}
{'ticker': 'DIA', 'mode': 'binary', 'thr': 45, 'window': '2Y', 'order': 2, 'rows': 4}
{'ticker': 'DIA', 'mode': 'binary', 'thr': 45, 'window': '2Y', 'order': 3, 'rows': 8}
{'ticker': 'DIA', 'mode': 'binary', 'thr': 45, 'window': '2Y', 'order': 4, 'rows': 16}
{'ticker': 'DIA', 'mode': 'binary', 'thr': 45, 'window': '5Y', 'order': 1, 'rows': 2}
{'ticker': 'DIA', 'mode': 'binary', 'thr': 45, 'window': '5Y', 'order': 2, 'rows': 4}
{'ticker': 'DIA', 'mode': 'binary', 'thr': 45, 'window': '5Y', 'order': 3, 'rows': 8}
{'ticker': 'DIA', 'mode': 'binary', 'thr': 45, 'window': '5Y', 'order': 4, 'rows': 16}
{'ticker': 'DIA', 'mode': 'binary', 'thr': 45, 'window': '10Y', 'order': 1, 'rows': 2}
{'ticker': 'DIA', 'mode': 'binary', 'thr': 45, 'window': '10Y', 'order': 2, 'rows': 4}
{'ticker': 'DIA', 'mode': 'binary', 'thr': 45, 'window': '10Y', 'order': 3, 'rows': 8}
{'ticker': 'DIA', 'mode': 'binary', 'thr': 45, 'window': '10Y', 'order': 4, 'rows': 16}
{'ticker': 'DIA', 'mode': 'binary', 'thr': 45, 'window': '20Y', 'order': 1, 'rows': 2}
{'ticker': 'DIA', 'mode': 'binary', 'thr': 45, 'window': '20Y', 'order': 2, 'rows': 4}
{'ticker': 'DIA', 'mode': 'binary', 'thr': 45, 'window': '20Y', 'order': 3, 'rows': 8}
{'ticker': 'DIA', 'mode': 'binary', 'thr': 45, 'window': '20Y', 'order': 4, 'rows': 16}
{'ticker': 'DIA', 'mode': 'binary', 'thr': 45, 'window': 'MAX', 'order': 1, 'rows': 2}
{'ticker': 'DIA', 'mode': 'binary', 'thr': 45, 'window': 'MAX', 'order': 2, 'rows': 4}
{'ticker': 'DIA', 'mode': 'binary', 'thr': 45, 'window': 'MAX', 'order': 3, 'rows': 8}
{'ticker': 'DIA', 'mode': 'binary', 'thr': 45, 'window': 'MAX', 'order': 4, 'rows': 16}
{'ticker': 'DIA', 'mode': 'binary', 'thr': 50, 'window': '1Y', 'order': 1, 'rows': 2}
{'ticker': 'DIA', 'mode': 'binary', 'thr': 50, 'window': '1Y', 'order': 2, 'rows': 4}
{'ticker': 'DIA', 'mode': 'binary', 'thr': 50, 'window': '1Y', 'order': 3, 'rows': 8}
{'ticker': 'DIA', 'mode': 'binary', 'thr': 50, 'window': '1Y', 'order': 4, 'rows': 16}
{'ticker': 'DIA', 'mode': 'binary', 'thr': 50, 'window': '2Y', 'order': 1, 'rows': 2}
{'ticker': 'DIA', 'mode': 'binary', 'thr': 50, 'window': '2Y', 'order': 2, 'rows': 4}
{'ticker': 'DIA', 'mode': 'binary', 'thr': 50, 'window': '2Y', 'order': 3, 'rows': 8}
{'ticker': 'DIA', 'mode': 'binary', 'thr': 50, 'window': '2Y', 'order': 4, 'rows': 16}
{'ticker': 'DIA', 'mode': 'binary', 'thr': 50, 'window': '5Y', 'order': 1, 'rows': 2}
{'ticker': 'DIA', 'mode': 'binary', 'thr': 50, 'window': '5Y', 'order': 2, 'rows': 4}
{'ticker': 'DIA', 'mode': 'binary', 'thr': 50, 'window': '5Y', 'order': 3, 'rows': 8}
{'ticker': 'DIA', 'mode': 'binary', 'thr': 50, 'window': '5Y', 'order': 4, 'rows': 16}
{'ticker': 'DIA', 'mode': 'binary', 'thr': 50, 'window': '10Y', 'order': 1, 'rows': 2}
{'ticker': 'DIA', 'mode': 'binary', 'thr': 50, 'window': '10Y', 'order': 2, 'rows': 4}
{'ticker': 'DIA', 'mode': 'binary', 'thr': 50, 'window': '10Y', 'order': 3, 'rows': 8}
{'ticker': 'DIA', 'mode': 'binary', 'thr': 50, 'window': '10Y', 'order': 4, 'rows': 16}
{'ticker': 'DIA', 'mode': 'binary', 'thr': 50, 'window': '20Y', 'order': 1, 'rows': 2}
{'ticker': 'DIA', 'mode': 'binary', 'thr': 50, 'window': '20Y', 'order': 2, 'rows': 4}
{'ticker': 'DIA', 'mode': 'binary', 'thr': 50, 'window': '20Y', 'order': 3, 'rows': 8}
{'ticker': 'DIA', 'mode': 'binary', 'thr': 50, 'window': '20Y', 'order': 4, 'rows': 16}
{'ticker': 'DIA', 'mode': 'binary', 'thr': 50, 'window': 'MAX', 'order': 1, 'rows': 2}
{'ticker': 'DIA', 'mode': 'binary', 'thr': 50, 'window': 'MAX', 'order': 2, 'rows': 4}
{'ticker': 'DIA', 'mode': 'binary', 'thr': 50, 'window': 'MAX', 'order': 3, 'rows': 8}
{'ticker': 'DIA', 'mode': 'binary', 'thr': 50, 'window': 'MAX', 'order': 4, 'rows': 16}
{'ticker': 'DIA', 'mode': 'binary', 'thr': 55, 'window': '1Y', 'order': 1, 'rows': 2}
{'ticker': 'DIA', 'mode': 'binary', 'thr': 55, 'window': '1Y', 'order': 2, 'rows': 4}
{'ticker': 'DIA', 'mode': 'binary', 'thr': 55, 'window': '1Y', 'order': 3, 'rows': 8}
{'ticker': 'DIA', 'mode': 'binary', 'thr': 55, 'window': '1Y', 'order': 4, 'rows': 16}
{'ticker': 'DIA', 'mode': 'binary', 'thr': 55, 'window': '2Y', 'order': 1, 'rows': 2}
{'ticker': 'DIA', 'mode': 'binary', 'thr': 55, 'window': '2Y', 'order': 2, 'rows': 4}
{'ticker': 'DIA', 'mode': 'binary', 'thr': 55, 'window': '2Y', 'order': 3, 'rows': 8}
{'ticker': 'DIA', 'mode': 'binary', 'thr': 55, 'window': '2Y', 'order': 4, 'rows': 16}
{'ticker': 'DIA', 'mode': 'binary', 'thr': 55, 'window': '5Y', 'order': 1, 'rows': 2}
{'ticker': 'DIA', 'mode': 'binary', 'thr': 55, 'window': '5Y', 'order': 2, 'rows': 4}
{'ticker': 'DIA', 'mode': 'binary', 'thr': 55, 'window': '5Y', 'order': 3, 'rows': 8}
{'ticker': 'DIA', 'mode': 'binary', 'thr': 55, 'window': '5Y', 'order': 4, 'rows': 16}
{'ticker': 'DIA', 'mode': 'binary', 'thr': 55, 'window': '10Y', 'order': 1, 'rows': 2}
{'ticker': 'DIA', 'mode': 'binary', 'thr': 55, 'window': '10Y', 'order': 2, 'rows': 4}
{'ticker': 'DIA', 'mode': 'binary', 'thr': 55, 'window': '10Y', 'order': 3, 'rows': 8}
{'ticker': 'DIA', 'mode': 'binary', 'thr': 55, 'window': '10Y', 'order': 4, 'rows': 16}
{'ticker': 'DIA', 'mode': 'binary', 'thr': 55, 'window': '20Y', 'order': 1, 'rows': 2}
{'ticker': 'DIA', 'mode': 'binary', 'thr': 55, 'window': '20Y', 'order': 2, 'rows': 4}
{'ticker': 'DIA', 'mode': 'binary', 'thr': 55, 'window': '20Y', 'order': 3, 'rows': 8}2025-11-12 11:45:08,630 INFO [cli] {'ticker': 'DIA', 'mode': 'binary', 'thr': 75, 'window': '20Y', 'order': 2, 'rows': 4}
2025-11-12 11:45:08,641 INFO [cli] {'ticker': 'DIA', 'mode': 'binary', 'thr': 75, 'window': '20Y', 'order': 3, 'rows': 8}
2025-11-12 11:45:08,651 INFO [cli] {'ticker': 'DIA', 'mode': 'binary', 'thr': 75, 'window': '20Y', 'order': 4, 'rows': 16}
2025-11-12 11:45:08,660 INFO [cli] {'ticker': 'DIA', 'mode': 'binary', 'thr': 75, 'window': 'MAX', 'order': 1, 'rows': 2}
2025-11-12 11:45:08,668 INFO [cli] {'ticker': 'DIA', 'mode': 'binary', 'thr': 75, 'window': 'MAX', 'order': 2, 'rows': 4}
2025-11-12 11:45:08,678 INFO [cli] {'ticker': 'DIA', 'mode': 'binary', 'thr': 75, 'window': 'MAX', 'order': 3, 'rows': 8}
2025-11-12 11:45:08,687 INFO [cli] {'ticker': 'DIA', 'mode': 'binary', 'thr': 75, 'window': 'MAX', 'order': 4, 'rows': 16}
2025-11-12 11:45:08,703 INFO [cli] {'ticker': 'DIA', 'mode': 'binary', 'thr': 80, 'window': '1Y', 'order': 1, 'rows': 2}
2025-11-12 11:45:08,712 INFO [cli] {'ticker': 'DIA', 'mode': 'binary', 'thr': 80, 'window': '1Y', 'order': 2, 'rows': 4}
2025-11-12 11:45:08,722 INFO [cli] {'ticker': 'DIA', 'mode': 'binary', 'thr': 80, 'window': '1Y', 'order': 3, 'rows': 8}
2025-11-12 11:45:08,732 INFO [cli] {'ticker': 'DIA', 'mode': 'binary', 'thr': 80, 'window': '1Y', 'order': 4, 'rows': 15}
2025-11-12 11:45:08,746 INFO [cli] {'ticker': 'DIA', 'mode': 'binary', 'thr': 80, 'window': '2Y', 'order': 1, 'rows': 2}
2025-11-12 11:45:08,756 INFO [cli] {'ticker': 'DIA', 'mode': 'binary', 'thr': 80, 'window': '2Y', 'order': 2, 'rows': 4}
2025-11-12 11:45:08,764 INFO [cli] {'ticker': 'DIA', 'mode': 'binary', 'thr': 80, 'window': '2Y', 'order': 3, 'rows': 8}
2025-11-12 11:45:08,774 INFO [cli] {'ticker': 'DIA', 'mode': 'binary', 'thr': 80, 'window': '2Y', 'order': 4, 'rows': 15}
2025-11-12 11:45:08,806 INFO [cli] {'ticker': 'DIA', 'mode': 'binary', 'thr': 80, 'window': '5Y', 'order': 1, 'rows': 2}
2025-11-12 11:45:08,816 INFO [cli] {'ticker': 'DIA', 'mode': 'binary', 'thr': 80, 'window': '5Y', 'order': 2, 'rows': 4}
2025-11-12 11:45:08,828 INFO [cli] {'ticker': 'DIA', 'mode': 'binary', 'thr': 80, 'window': '5Y', 'order': 3, 'rows': 8}
2025-11-12 11:45:08,840 INFO [cli] {'ticker': 'DIA', 'mode': 'binary', 'thr': 80, 'window': '5Y', 'order': 4, 'rows': 15}
2025-11-12 11:45:08,850 INFO [cli] {'ticker': 'DIA', 'mode': 'binary', 'thr': 80, 'window': '10Y', 'order': 1, 'rows': 2}
2025-11-12 11:45:08,862 INFO [cli] {'ticker': 'DIA', 'mode': 'binary', 'thr': 80, 'window': '10Y', 'order': 2, 'rows': 4}
2025-11-12 11:45:08,874 INFO [cli] {'ticker': 'DIA', 'mode': 'binary', 'thr': 80, 'window': '10Y', 'order': 3, 'rows': 8}
2025-11-12 11:45:08,882 INFO [cli] {'ticker': 'DIA', 'mode': 'binary', 'thr': 80, 'window': '10Y', 'order': 4, 'rows': 16}
2025-11-12 11:45:08,892 INFO [cli] {'ticker': 'DIA', 'mode': 'binary', 'thr': 80, 'window': '20Y', 'order': 1, 'rows': 2}
2025-11-12 11:45:08,902 INFO [cli] {'ticker': 'DIA', 'mode': 'binary', 'thr': 80, 'window': '20Y', 'order': 2, 'rows': 4}
2025-11-12 11:45:08,913 INFO [cli] {'ticker': 'DIA', 'mode': 'binary', 'thr': 80, 'window': '20Y', 'order': 3, 'rows': 8}
2025-11-12 11:45:08,925 INFO [cli] {'ticker': 'DIA', 'mode': 'binary', 'thr': 80, 'window': '20Y', 'order': 4, 'rows': 16}
2025-11-12 11:45:08,933 INFO [cli] {'ticker': 'DIA', 'mode': 'binary', 'thr': 80, 'window': 'MAX', 'order': 1, 'rows': 2}
2025-11-12 11:45:08,944 INFO [cli] {'ticker': 'DIA', 'mode': 'binary', 'thr': 80, 'window': 'MAX', 'order': 2, 'rows': 4}
2025-11-12 11:45:08,954 INFO [cli] {'ticker': 'DIA', 'mode': 'binary', 'thr': 80, 'window': 'MAX', 'order': 3, 'rows': 8}
2025-11-12 11:45:08,965 INFO [cli] {'ticker': 'DIA', 'mode': 'binary', 'thr': 80, 'window': 'MAX', 'order': 4, 'rows': 16}
2025-11-12 11:45:08,980 INFO [cli] {'ticker': 'DIA', 'mode': 'binary', 'thr': 85, 'window': '1Y', 'order': 1, 'rows': 2}
2025-11-12 11:45:08,989 INFO [cli] {'ticker': 'DIA', 'mode': 'binary', 'thr': 85, 'window': '1Y', 'order': 2, 'rows': 4}
2025-11-12 11:45:09,000 INFO [cli] {'ticker': 'DIA', 'mode': 'binary', 'thr': 85, 'window': '1Y', 'order': 3, 'rows': 8}
2025-11-12 11:45:09,010 INFO [cli] {'ticker': 'DIA', 'mode': 'binary', 'thr': 85, 'window': '1Y', 'order': 4, 'rows': 15}
2025-11-12 11:45:09,024 INFO [cli] {'ticker': 'DIA', 'mode': 'binary', 'thr': 85, 'window': '2Y', 'order': 1, 'rows': 2}
2025-11-12 11:45:09,035 INFO [cli] {'ticker': 'DIA', 'mode': 'binary', 'thr': 85, 'window': '2Y', 'order': 2, 'rows': 4}
2025-11-12 11:45:09,045 INFO [cli] {'ticker': 'DIA', 'mode': 'binary', 'thr': 85, 'window': '2Y', 'order': 3, 'rows': 8}
2025-11-12 11:45:09,055 INFO [cli] {'ticker': 'DIA', 'mode': 'binary', 'thr': 85, 'window': '2Y', 'order': 4, 'rows': 15}
2025-11-12 11:45:09,062 INFO [cli] {'ticker': 'DIA', 'mode': 'binary', 'thr': 85, 'window': '5Y', 'order': 1, 'rows': 2}
2025-11-12 11:45:09,076 INFO [cli] {'ticker': 'DIA', 'mode': 'binary', 'thr': 85, 'window': '5Y', 'order': 2, 'rows': 4}
2025-11-12 11:45:09,086 INFO [cli] {'ticker': 'DIA', 'mode': 'binary', 'thr': 85, 'window': '5Y', 'order': 3, 'rows': 8}
2025-11-12 11:45:09,098 INFO [cli] {'ticker': 'DIA', 'mode': 'binary', 'thr': 85, 'window': '5Y', 'order': 4, 'rows': 15}
2025-11-12 11:45:09,109 INFO [cli] {'ticker': 'DIA', 'mode': 'binary', 'thr': 85, 'window': '10Y', 'order': 1, 'rows': 2}
2025-11-12 11:45:09,123 INFO [cli] {'ticker': 'DIA', 'mode': 'binary', 'thr': 85, 'window': '10Y', 'order': 2, 'rows': 4}
2025-11-12 11:45:09,133 INFO [cli] {'ticker': 'DIA', 'mode': 'binary', 'thr': 85, 'window': '10Y', 'order': 3, 'rows': 8}
2025-11-12 11:45:09,147 INFO [cli] {'ticker': 'DIA', 'mode': 'binary', 'thr': 85, 'window': '10Y', 'order': 4, 'rows': 16}
2025-11-12 11:45:09,158 INFO [cli] {'ticker': 'DIA', 'mode': 'binary', 'thr': 85, 'window': '20Y', 'order': 1, 'rows': 2}
2025-11-12 11:45:09,169 INFO [cli] {'ticker': 'DIA', 'mode': 'binary', 'thr': 85, 'window': '20Y', 'order': 2, 'rows': 4}
2025-11-12 11:45:09,180 INFO [cli] {'ticker': 'DIA', 'mode': 'binary', 'thr': 85, 'window': '20Y', 'order': 3, 'rows': 8}
2025-11-12 11:45:09,191 INFO [cli] {'ticker': 'DIA', 'mode': 'binary', 'thr': 85, 'window': '20Y', 'order': 4, 'rows': 16}
2025-11-12 11:45:09,201 INFO [cli] {'ticker': 'DIA', 'mode': 'binary', 'thr': 85, 'window': 'MAX', 'order': 1, 'rows': 2}
2025-11-12 11:45:09,213 INFO [cli] {'ticker': 'DIA', 'mode': 'binary', 'thr': 85, 'window': 'MAX', 'order': 2, 'rows': 4}
2025-11-12 11:45:09,225 INFO [cli] {'ticker': 'DIA', 'mode': 'binary', 'thr': 85, 'window': 'MAX', 'order': 3, 'rows': 8}
2025-11-12 11:45:09,235 INFO [cli] {'ticker': 'DIA', 'mode': 'binary', 'thr': 85, 'window': 'MAX', 'order': 4, 'rows': 16}
2025-11-12 11:45:09,251 INFO [cli] {'ticker': 'DIA', 'mode': 'binary', 'thr': 90, 'window': '1Y', 'order': 1, 'rows': 2}
2025-11-12 11:45:09,261 INFO [cli] {'ticker': 'DIA', 'mode': 'binary', 'thr': 90, 'window': '1Y', 'order': 2, 'rows': 4}
2025-11-12 11:45:09,271 INFO [cli] {'ticker': 'DIA', 'mode': 'binary', 'thr': 90, 'window': '1Y', 'order': 3, 'rows': 8}
2025-11-12 11:45:09,283 INFO [cli] {'ticker': 'DIA', 'mode': 'binary', 'thr': 90, 'window': '1Y', 'order': 4, 'rows': 15}
2025-11-12 11:45:09,294 INFO [cli] {'ticker': 'DIA', 'mode': 'binary', 'thr': 90, 'window': '2Y', 'order': 1, 'rows': 2}
2025-11-12 11:45:09,304 INFO [cli] {'ticker': 'DIA', 'mode': 'binary', 'thr': 90, 'window': '2Y', 'order': 2, 'rows': 4}
2025-11-12 11:45:09,314 INFO [cli] {'ticker': 'DIA', 'mode': 'binary', 'thr': 90, 'window': '2Y', 'order': 3, 'rows': 8}
2025-11-12 11:45:09,325 INFO [cli] {'ticker': 'DIA', 'mode': 'binary', 'thr': 90, 'window': '2Y', 'order': 4, 'rows': 15}
2025-11-12 11:45:09,338 INFO [cli] {'ticker': 'DIA', 'mode': 'binary', 'thr': 90, 'window': '5Y', 'order': 1, 'rows': 2}
2025-11-12 11:45:09,350 INFO [cli] {'ticker': 'DIA', 'mode': 'binary', 'thr': 90, 'window': '5Y', 'order': 2, 'rows': 4}
2025-11-12 11:45:09,360 INFO [cli] {'ticker': 'DIA', 'mode': 'binary', 'thr': 90, 'window': '5Y', 'order': 3, 'rows': 8}
2025-11-12 11:45:09,372 INFO [cli] {'ticker': 'DIA', 'mode': 'binary', 'thr': 90, 'window': '5Y', 'order': 4, 'rows': 15}
2025-11-12 11:45:09,382 INFO [cli] {'ticker': 'DIA', 'mode': 'binary', 'thr': 90, 'window': '10Y', 'order': 1, 'rows': 2}
2025-11-12 11:45:09,391 INFO [cli] {'ticker': 'DIA', 'mode': 'binary', 'thr': 90, 'window': '10Y', 'order': 2, 'rows': 4}
2025-11-12 11:45:09,404 INFO [cli] {'ticker': 'DIA', 'mode': 'binary', 'thr': 90, 'window': '10Y', 'order': 3, 'rows': 8}
2025-11-12 11:45:09,416 INFO [cli] {'ticker': 'DIA', 'mode': 'binary', 'thr': 90, 'window': '10Y', 'order': 4, 'rows': 16}
2025-11-12 11:45:09,426 INFO [cli] {'ticker': 'DIA', 'mode': 'binary', 'thr': 90, 'window': '20Y', 'order': 1, 'rows': 2}
2025-11-12 11:45:09,436 INFO [cli] {'ticker': 'DIA', 'mode': 'binary', 'thr': 90, 'window': '20Y', 'order': 2, 'rows': 4}
2025-11-12 11:45:09,446 INFO [cli] {'ticker': 'DIA', 'mode': 'binary', 'thr': 90, 'window': '20Y', 'order': 3, 'rows': 8}
2025-11-12 11:45:09,456 INFO [cli] {'ticker': 'DIA', 'mode': 'binary', 'thr': 90, 'window': '20Y', 'order': 4, 'rows': 16}
2025-11-12 11:45:09,470 INFO [cli] {'ticker': 'DIA', 'mode': 'binary', 'thr': 90, 'window': 'MAX', 'order': 1, 'rows': 2}
2025-11-12 11:45:09,480 INFO [cli] {'ticker': 'DIA', 'mode': 'binary', 'thr': 90, 'window': 'MAX', 'order': 2, 'rows': 4}
2025-11-12 11:45:09,490 INFO [cli] {'ticker': 'DIA', 'mode': 'binary', 'thr': 90, 'window': 'MAX', 'order': 3, 'rows': 8}
2025-11-12 11:45:09,500 INFO [cli] {'ticker': 'DIA', 'mode': 'binary', 'thr': 90, 'window': 'MAX', 'order': 4, 'rows': 16}
2025-11-12 11:45:09,516 INFO [cli] {'ticker': 'DIA', 'mode': 'binary', 'thr': 95, 'window': '1Y', 'order': 1, 'rows': 2}
2025-11-12 11:45:09,526 INFO [cli] {'ticker': 'DIA', 'mode': 'binary', 'thr': 95, 'window': '1Y', 'order': 2, 'rows': 4}
2025-11-12 11:45:09,538 INFO [cli] {'ticker': 'DIA', 'mode': 'binary', 'thr': 95, 'window': '1Y', 'order': 3, 'rows': 8}
2025-11-12 11:45:09,548 INFO [cli] {'ticker': 'DIA', 'mode': 'binary', 'thr': 95, 'window': '1Y', 'order': 4, 'rows': 13}
2025-11-12 11:45:09,559 INFO [cli] {'ticker': 'DIA', 'mode': 'binary', 'thr': 95, 'window': '2Y', 'order': 1, 'rows': 2}
2025-11-12 11:45:09,569 INFO [cli] {'ticker': 'DIA', 'mode': 'binary', 'thr': 95, 'window': '2Y', 'order': 2, 'rows': 4}
2025-11-12 11:45:09,581 INFO [cli] {'ticker': 'DIA', 'mode': 'binary', 'thr': 95, 'window': '2Y', 'order': 3, 'rows': 8}
2025-11-12 11:45:09,593 INFO [cli] {'ticker': 'DIA', 'mode': 'binary', 'thr': 95, 'window': '2Y', 'order': 4, 'rows': 13}
2025-11-12 11:45:09,606 INFO [cli] {'ticker': 'DIA', 'mode': 'binary', 'thr': 95, 'window': '5Y', 'order': 1, 'rows': 2}
2025-11-12 11:45:09,617 INFO [cli] {'ticker': 'DIA', 'mode': 'binary', 'thr': 95, 'window': '5Y', 'order': 2, 'rows': 4}
2025-11-12 11:45:09,629 INFO [cli] {'ticker': 'DIA', 'mode': 'binary', 'thr': 95, 'window': '5Y', 'order': 3, 'rows': 8}
2025-11-12 11:45:09,638 INFO [cli] {'ticker': 'DIA', 'mode': 'binary', 'thr': 95, 'window': '5Y', 'order': 4, 'rows': 15}
2025-11-12 11:45:09,650 INFO [cli] {'ticker': 'DIA', 'mode': 'binary', 'thr': 95, 'window': '10Y', 'order': 1, 'rows': 2}
2025-11-12 11:45:09,661 INFO [cli] {'ticker': 'DIA', 'mode': 'binary', 'thr': 95, 'window': '10Y', 'order': 2, 'rows': 4}
2025-11-12 11:45:09,672 INFO [cli] {'ticker': 'DIA', 'mode': 'binary', 'thr': 95, 'window': '10Y', 'order': 3, 'rows': 8}
2025-11-12 11:45:09,684 INFO [cli] {'ticker': 'DIA', 'mode': 'binary', 'thr': 95, 'window': '10Y', 'order': 4, 'rows': 16}

{'ticker': 'DIA', 'mode': 'binary', 'thr': 55, 'window': '20Y', 'order': 4, 'rows': 16}
{'ticker': 'DIA', 'mode': 'binary', 'thr': 55, 'window': 'MAX', 'order': 1, 'rows': 2}
{'ticker': 'DIA', 'mode': 'binary', 'thr': 55, 'window': 'MAX', 'order': 2, 'rows': 4}
{'ticker': 'DIA', 'mode': 'binary', 'thr': 55, 'window': 'MAX', 'order': 3, 'rows': 8}
{'ticker': 'DIA', 'mode': 'binary', 'thr': 55, 'window': 'MAX', 'order': 4, 'rows': 16}
{'ticker': 'DIA', 'mode': 'binary', 'thr': 60, 'window': '1Y', 'order': 1, 'rows': 2}
{'ticker': 'DIA', 'mode': 'binary', 'thr': 60, 'window': '1Y', 'order': 2, 'rows': 4}
{'ticker': 'DIA', 'mode': 'binary', 'thr': 60, 'window': '1Y', 'order': 3, 'rows': 8}
{'ticker': 'DIA', 'mode': 'binary', 'thr': 60, 'window': '1Y', 'order': 4, 'rows': 16}
{'ticker': 'DIA', 'mode': 'binary', 'thr': 60, 'window': '2Y', 'order': 1, 'rows': 2}
{'ticker': 'DIA', 'mode': 'binary', 'thr': 60, 'window': '2Y', 'order': 2, 'rows': 4}
{'ticker': 'DIA', 'mode': 'binary', 'thr': 60, 'window': '2Y', 'order': 3, 'rows': 8}
{'ticker': 'DIA', 'mode': 'binary', 'thr': 60, 'window': '2Y', 'order': 4, 'rows': 16}
{'ticker': 'DIA', 'mode': 'binary', 'thr': 60, 'window': '5Y', 'order': 1, 'rows': 2}
{'ticker': 'DIA', 'mode': 'binary', 'thr': 60, 'window': '5Y', 'order': 2, 'rows': 4}
{'ticker': 'DIA', 'mode': 'binary', 'thr': 60, 'window': '5Y', 'order': 3, 'rows': 8}
{'ticker': 'DIA', 'mode': 'binary', 'thr': 60, 'window': '5Y', 'order': 4, 'rows': 16}
{'ticker': 'DIA', 'mode': 'binary', 'thr': 60, 'window': '10Y', 'order': 1, 'rows': 2}
{'ticker': 'DIA', 'mode': 'binary', 'thr': 60, 'window': '10Y', 'order': 2, 'rows': 4}
{'ticker': 'DIA', 'mode': 'binary', 'thr': 60, 'window': '10Y', 'order': 3, 'rows': 8}
{'ticker': 'DIA', 'mode': 'binary', 'thr': 60, 'window': '10Y', 'order': 4, 'rows': 16}
{'ticker': 'DIA', 'mode': 'binary', 'thr': 60, 'window': '20Y', 'order': 1, 'rows': 2}
{'ticker': 'DIA', 'mode': 'binary', 'thr': 60, 'window': '20Y', 'order': 2, 'rows': 4}
{'ticker': 'DIA', 'mode': 'binary', 'thr': 60, 'window': '20Y', 'order': 3, 'rows': 8}
{'ticker': 'DIA', 'mode': 'binary', 'thr': 60, 'window': '20Y', 'order': 4, 'rows': 16}
{'ticker': 'DIA', 'mode': 'binary', 'thr': 60, 'window': 'MAX', 'order': 1, 'rows': 2}
{'ticker': 'DIA', 'mode': 'binary', 'thr': 60, 'window': 'MAX', 'order': 2, 'rows': 4}
{'ticker': 'DIA', 'mode': 'binary', 'thr': 60, 'window': 'MAX', 'order': 3, 'rows': 8}
{'ticker': 'DIA', 'mode': 'binary', 'thr': 60, 'window': 'MAX', 'order': 4, 'rows': 16}
{'ticker': 'DIA', 'mode': 'binary', 'thr': 65, 'window': '1Y', 'order': 1, 'rows': 2}
{'ticker': 'DIA', 'mode': 'binary', 'thr': 65, 'window': '1Y', 'order': 2, 'rows': 4}
{'ticker': 'DIA', 'mode': 'binary', 'thr': 65, 'window': '1Y', 'order': 3, 'rows': 8}
{'ticker': 'DIA', 'mode': 'binary', 'thr': 65, 'window': '1Y', 'order': 4, 'rows': 15}
{'ticker': 'DIA', 'mode': 'binary', 'thr': 65, 'window': '2Y', 'order': 1, 'rows': 2}
{'ticker': 'DIA', 'mode': 'binary', 'thr': 65, 'window': '2Y', 'order': 2, 'rows': 4}
{'ticker': 'DIA', 'mode': 'binary', 'thr': 65, 'window': '2Y', 'order': 3, 'rows': 8}
{'ticker': 'DIA', 'mode': 'binary', 'thr': 65, 'window': '2Y', 'order': 4, 'rows': 15}
{'ticker': 'DIA', 'mode': 'binary', 'thr': 65, 'window': '5Y', 'order': 1, 'rows': 2}
{'ticker': 'DIA', 'mode': 'binary', 'thr': 65, 'window': '5Y', 'order': 2, 'rows': 4}
{'ticker': 'DIA', 'mode': 'binary', 'thr': 65, 'window': '5Y', 'order': 3, 'rows': 8}
{'ticker': 'DIA', 'mode': 'binary', 'thr': 65, 'window': '5Y', 'order': 4, 'rows': 16}
{'ticker': 'DIA', 'mode': 'binary', 'thr': 65, 'window': '10Y', 'order': 1, 'rows': 2}
{'ticker': 'DIA', 'mode': 'binary', 'thr': 65, 'window': '10Y', 'order': 2, 'rows': 4}
{'ticker': 'DIA', 'mode': 'binary', 'thr': 65, 'window': '10Y', 'order': 3, 'rows': 8}
{'ticker': 'DIA', 'mode': 'binary', 'thr': 65, 'window': '10Y', 'order': 4, 'rows': 16}
{'ticker': 'DIA', 'mode': 'binary', 'thr': 65, 'window': '20Y', 'order': 1, 'rows': 2}
{'ticker': 'DIA', 'mode': 'binary', 'thr': 65, 'window': '20Y', 'order': 2, 'rows': 4}
{'ticker': 'DIA', 'mode': 'binary', 'thr': 65, 'window': '20Y', 'order': 3, 'rows': 8}
{'ticker': 'DIA', 'mode': 'binary', 'thr': 65, 'window': '20Y', 'order': 4, 'rows': 16}
{'ticker': 'DIA', 'mode': 'binary', 'thr': 65, 'window': 'MAX', 'order': 1, 'rows': 2}
{'ticker': 'DIA', 'mode': 'binary', 'thr': 65, 'window': 'MAX', 'order': 2, 'rows': 4}
{'ticker': 'DIA', 'mode': 'binary', 'thr': 65, 'window': 'MAX', 'order': 3, 'rows': 8}
{'ticker': 'DIA', 'mode': 'binary', 'thr': 65, 'window': 'MAX', 'order': 4, 'rows': 16}
{'ticker': 'DIA', 'mode': 'binary', 'thr': 70, 'window': '1Y', 'order': 1, 'rows': 2}
{'ticker': 'DIA', 'mode': 'binary', 'thr': 70, 'window': '1Y', 'order': 2, 'rows': 4}
{'ticker': 'DIA', 'mode': 'binary', 'thr': 70, 'window': '1Y', 'order': 3, 'rows': 8}
{'ticker': 'DIA', 'mode': 'binary', 'thr': 70, 'window': '1Y', 'order': 4, 'rows': 15}
{'ticker': 'DIA', 'mode': 'binary', 'thr': 70, 'window': '2Y', 'order': 1, 'rows': 2}
{'ticker': 'DIA', 'mode': 'binary', 'thr': 70, 'window': '2Y', 'order': 2, 'rows': 4}
{'ticker': 'DIA', 'mode': 'binary', 'thr': 70, 'window': '2Y', 'order': 3, 'rows': 8}
{'ticker': 'DIA', 'mode': 'binary', 'thr': 70, 'window': '2Y', 'order': 4, 'rows': 15}
{'ticker': 'DIA', 'mode': 'binary', 'thr': 70, 'window': '5Y', 'order': 1, 'rows': 2}
{'ticker': 'DIA', 'mode': 'binary', 'thr': 70, 'window': '5Y', 'order': 2, 'rows': 4}
{'ticker': 'DIA', 'mode': 'binary', 'thr': 70, 'window': '5Y', 'order': 3, 'rows': 8}
{'ticker': 'DIA', 'mode': 'binary', 'thr': 70, 'window': '5Y', 'order': 4, 'rows': 16}
{'ticker': 'DIA', 'mode': 'binary', 'thr': 70, 'window': '10Y', 'order': 1, 'rows': 2}
{'ticker': 'DIA', 'mode': 'binary', 'thr': 70, 'window': '10Y', 'order': 2, 'rows': 4}
{'ticker': 'DIA', 'mode': 'binary', 'thr': 70, 'window': '10Y', 'order': 3, 'rows': 8}
{'ticker': 'DIA', 'mode': 'binary', 'thr': 70, 'window': '10Y', 'order': 4, 'rows': 16}
{'ticker': 'DIA', 'mode': 'binary', 'thr': 70, 'window': '20Y', 'order': 1, 'rows': 2}
{'ticker': 'DIA', 'mode': 'binary', 'thr': 70, 'window': '20Y', 'order': 2, 'rows': 4}
{'ticker': 'DIA', 'mode': 'binary', 'thr': 70, 'window': '20Y', 'order': 3, 'rows': 8}
{'ticker': 'DIA', 'mode': 'binary', 'thr': 70, 'window': '20Y', 'order': 4, 'rows': 16}
{'ticker': 'DIA', 'mode': 'binary', 'thr': 70, 'window': 'MAX', 'order': 1, 'rows': 2}
{'ticker': 'DIA', 'mode': 'binary', 'thr': 70, 'window': 'MAX', 'order': 2, 'rows': 4}
{'ticker': 'DIA', 'mode': 'binary', 'thr': 70, 'window': 'MAX', 'order': 3, 'rows': 8}
{'ticker': 'DIA', 'mode': 'binary', 'thr': 70, 'window': 'MAX', 'order': 4, 'rows': 16}
{'ticker': 'DIA', 'mode': 'binary', 'thr': 75, 'window': '1Y', 'order': 1, 'rows': 2}
{'ticker': 'DIA', 'mode': 'binary', 'thr': 75, 'window': '1Y', 'order': 2, 'rows': 4}
{'ticker': 'DIA', 'mode': 'binary', 'thr': 75, 'window': '1Y', 'order': 3, 'rows': 8}
{'ticker': 'DIA', 'mode': 'binary', 'thr': 75, 'window': '1Y', 'order': 4, 'rows': 15}
{'ticker': 'DIA', 'mode': 'binary', 'thr': 75, 'window': '2Y', 'order': 1, 'rows': 2}
{'ticker': 'DIA', 'mode': 'binary', 'thr': 75, 'window': '2Y', 'order': 2, 'rows': 4}
{'ticker': 'DIA', 'mode': 'binary', 'thr': 75, 'window': '2Y', 'order': 3, 'rows': 8}
{'ticker': 'DIA', 'mode': 'binary', 'thr': 75, 'window': '2Y', 'order': 4, 'rows': 15}
{'ticker': 'DIA', 'mode': 'binary', 'thr': 75, 'window': '5Y', 'order': 1, 'rows': 2}
{'ticker': 'DIA', 'mode': 'binary', 'thr': 75, 'window': '5Y', 'order': 2, 'rows': 4}
{'ticker': 'DIA', 'mode': 'binary', 'thr': 75, 'window': '5Y', 'order': 3, 'rows': 8}
{'ticker': 'DIA', 'mode': 'binary', 'thr': 75, 'window': '5Y', 'order': 4, 'rows': 15}
{'ticker': 'DIA', 'mode': 'binary', 'thr': 75, 'window': '10Y', 'order': 1, 'rows': 2}
{'ticker': 'DIA', 'mode': 'binary', 'thr': 75, 'window': '10Y', 'order': 2, 'rows': 4}
{'ticker': 'DIA', 'mode': 'binary', 'thr': 75, 'window': '10Y', 'order': 3, 'rows': 8}
{'ticker': 'DIA', 'mode': 'binary', 'thr': 75, 'window': '10Y', 'order': 4, 'rows': 16}
{'ticker': 'DIA', 'mode': 'binary', 'thr': 75, 'window': '20Y', 'order': 1, 'rows': 2}
{'ticker': 'DIA', 'mode': 'binary', 'thr': 75, 'window': '20Y', 'order': 2, 'rows': 4}2025-11-12 11:45:09,694 INFO [cli] {'ticker': 'DIA', 'mode': 'binary', 'thr': 95, 'window': '20Y', 'order': 1, 'rows': 2}
2025-11-12 11:45:09,705 INFO [cli] {'ticker': 'DIA', 'mode': 'binary', 'thr': 95, 'window': '20Y', 'order': 2, 'rows': 4}
2025-11-12 11:45:09,715 INFO [cli] {'ticker': 'DIA', 'mode': 'binary', 'thr': 95, 'window': '20Y', 'order': 3, 'rows': 8}
2025-11-12 11:45:09,723 INFO [cli] {'ticker': 'DIA', 'mode': 'binary', 'thr': 95, 'window': '20Y', 'order': 4, 'rows': 16}
2025-11-12 11:45:09,746 INFO [cli] {'ticker': 'DIA', 'mode': 'binary', 'thr': 95, 'window': 'MAX', 'order': 1, 'rows': 2}
2025-11-12 11:45:09,758 INFO [cli] {'ticker': 'DIA', 'mode': 'binary', 'thr': 95, 'window': 'MAX', 'order': 2, 'rows': 4}
2025-11-12 11:45:09,768 INFO [cli] {'ticker': 'DIA', 'mode': 'binary', 'thr': 95, 'window': 'MAX', 'order': 3, 'rows': 8}
2025-11-12 11:45:09,780 INFO [cli] {'ticker': 'DIA', 'mode': 'binary', 'thr': 95, 'window': 'MAX', 'order': 4, 'rows': 16}
2025-11-12 11:45:09,797 INFO [cli] {'ticker': 'DIA', 'mode': 'binary', 'thr': 100, 'window': '1Y', 'order': 1, 'rows': 2}
2025-11-12 11:45:09,810 INFO [cli] {'ticker': 'DIA', 'mode': 'binary', 'thr': 100, 'window': '1Y', 'order': 2, 'rows': 4}
2025-11-12 11:45:09,821 INFO [cli] {'ticker': 'DIA', 'mode': 'binary', 'thr': 100, 'window': '1Y', 'order': 3, 'rows': 8}
2025-11-12 11:45:09,833 INFO [cli] {'ticker': 'DIA', 'mode': 'binary', 'thr': 100, 'window': '1Y', 'order': 4, 'rows': 13}
2025-11-12 11:45:09,842 INFO [cli] {'ticker': 'DIA', 'mode': 'binary', 'thr': 100, 'window': '2Y', 'order': 1, 'rows': 2}
2025-11-12 11:45:09,854 INFO [cli] {'ticker': 'DIA', 'mode': 'binary', 'thr': 100, 'window': '2Y', 'order': 2, 'rows': 4}
2025-11-12 11:45:09,868 INFO [cli] {'ticker': 'DIA', 'mode': 'binary', 'thr': 100, 'window': '2Y', 'order': 3, 'rows': 8}
2025-11-12 11:45:09,880 INFO [cli] {'ticker': 'DIA', 'mode': 'binary', 'thr': 100, 'window': '2Y', 'order': 4, 'rows': 13}
2025-11-12 11:45:09,890 INFO [cli] {'ticker': 'DIA', 'mode': 'binary', 'thr': 100, 'window': '5Y', 'order': 1, 'rows': 2}
2025-11-12 11:45:09,903 INFO [cli] {'ticker': 'DIA', 'mode': 'binary', 'thr': 100, 'window': '5Y', 'order': 2, 'rows': 4}
2025-11-12 11:45:09,914 INFO [cli] {'ticker': 'DIA', 'mode': 'binary', 'thr': 100, 'window': '5Y', 'order': 3, 'rows': 8}
2025-11-12 11:45:09,925 INFO [cli] {'ticker': 'DIA', 'mode': 'binary', 'thr': 100, 'window': '5Y', 'order': 4, 'rows': 15}
2025-11-12 11:45:09,939 INFO [cli] {'ticker': 'DIA', 'mode': 'binary', 'thr': 100, 'window': '10Y', 'order': 1, 'rows': 2}
2025-11-12 11:45:09,951 INFO [cli] {'ticker': 'DIA', 'mode': 'binary', 'thr': 100, 'window': '10Y', 'order': 2, 'rows': 4}
2025-11-12 11:45:09,963 INFO [cli] {'ticker': 'DIA', 'mode': 'binary', 'thr': 100, 'window': '10Y', 'order': 3, 'rows': 8}
2025-11-12 11:45:09,974 INFO [cli] {'ticker': 'DIA', 'mode': 'binary', 'thr': 100, 'window': '10Y', 'order': 4, 'rows': 16}
2025-11-12 11:45:09,985 INFO [cli] {'ticker': 'DIA', 'mode': 'binary', 'thr': 100, 'window': '20Y', 'order': 1, 'rows': 2}
2025-11-12 11:45:09,996 INFO [cli] {'ticker': 'DIA', 'mode': 'binary', 'thr': 100, 'window': '20Y', 'order': 2, 'rows': 4}
2025-11-12 11:45:10,005 INFO [cli] {'ticker': 'DIA', 'mode': 'binary', 'thr': 100, 'window': '20Y', 'order': 3, 'rows': 8}
2025-11-12 11:45:10,017 INFO [cli] {'ticker': 'DIA', 'mode': 'binary', 'thr': 100, 'window': '20Y', 'order': 4, 'rows': 16}
2025-11-12 11:45:10,026 INFO [cli] {'ticker': 'DIA', 'mode': 'binary', 'thr': 100, 'window': 'MAX', 'order': 1, 'rows': 2}
2025-11-12 11:45:10,036 INFO [cli] {'ticker': 'DIA', 'mode': 'binary', 'thr': 100, 'window': 'MAX', 'order': 2, 'rows': 4}
2025-11-12 11:45:10,047 INFO [cli] {'ticker': 'DIA', 'mode': 'binary', 'thr': 100, 'window': 'MAX', 'order': 3, 'rows': 8}
2025-11-12 11:45:10,057 INFO [cli] {'ticker': 'DIA', 'mode': 'binary', 'thr': 100, 'window': 'MAX', 'order': 4, 'rows': 16}
2025-11-12 11:45:10,073 INFO [cli] {'ticker': 'DIA', 'mode': 'binary', 'thr': 105, 'window': '1Y', 'order': 1, 'rows': 2}
2025-11-12 11:45:10,081 INFO [cli] {'ticker': 'DIA', 'mode': 'binary', 'thr': 105, 'window': '1Y', 'order': 2, 'rows': 4}
2025-11-12 11:45:10,091 INFO [cli] {'ticker': 'DIA', 'mode': 'binary', 'thr': 105, 'window': '1Y', 'order': 3, 'rows': 7}
2025-11-12 11:45:10,101 INFO [cli] {'ticker': 'DIA', 'mode': 'binary', 'thr': 105, 'window': '1Y', 'order': 4, 'rows': 11}
2025-11-12 11:45:10,113 INFO [cli] {'ticker': 'DIA', 'mode': 'binary', 'thr': 105, 'window': '2Y', 'order': 1, 'rows': 2}
2025-11-12 11:45:10,133 INFO [cli] {'ticker': 'DIA', 'mode': 'binary', 'thr': 105, 'window': '2Y', 'order': 2, 'rows': 4}
2025-11-12 11:45:10,143 INFO [cli] {'ticker': 'DIA', 'mode': 'binary', 'thr': 105, 'window': '2Y', 'order': 3, 'rows': 7}
2025-11-12 11:45:10,151 INFO [cli] {'ticker': 'DIA', 'mode': 'binary', 'thr': 105, 'window': '2Y', 'order': 4, 'rows': 11}
2025-11-12 11:45:10,161 INFO [cli] {'ticker': 'DIA', 'mode': 'binary', 'thr': 105, 'window': '5Y', 'order': 1, 'rows': 2}
2025-11-12 11:45:10,171 INFO [cli] {'ticker': 'DIA', 'mode': 'binary', 'thr': 105, 'window': '5Y', 'order': 2, 'rows': 4}
2025-11-12 11:45:10,184 INFO [cli] {'ticker': 'DIA', 'mode': 'binary', 'thr': 105, 'window': '5Y', 'order': 3, 'rows': 8}
2025-11-12 11:45:10,194 INFO [cli] {'ticker': 'DIA', 'mode': 'binary', 'thr': 105, 'window': '5Y', 'order': 4, 'rows': 14}
2025-11-12 11:45:10,205 INFO [cli] {'ticker': 'DIA', 'mode': 'binary', 'thr': 105, 'window': '10Y', 'order': 1, 'rows': 2}
2025-11-12 11:45:10,218 INFO [cli] {'ticker': 'DIA', 'mode': 'binary', 'thr': 105, 'window': '10Y', 'order': 2, 'rows': 4}
2025-11-12 11:45:10,229 INFO [cli] {'ticker': 'DIA', 'mode': 'binary', 'thr': 105, 'window': '10Y', 'order': 3, 'rows': 8}
2025-11-12 11:45:10,238 INFO [cli] {'ticker': 'DIA', 'mode': 'binary', 'thr': 105, 'window': '10Y', 'order': 4, 'rows': 16}
2025-11-12 11:45:10,249 INFO [cli] {'ticker': 'DIA', 'mode': 'binary', 'thr': 105, 'window': '20Y', 'order': 1, 'rows': 2}
2025-11-12 11:45:10,259 INFO [cli] {'ticker': 'DIA', 'mode': 'binary', 'thr': 105, 'window': '20Y', 'order': 2, 'rows': 4}
2025-11-12 11:45:10,272 INFO [cli] {'ticker': 'DIA', 'mode': 'binary', 'thr': 105, 'window': '20Y', 'order': 3, 'rows': 8}
2025-11-12 11:45:10,284 INFO [cli] {'ticker': 'DIA', 'mode': 'binary', 'thr': 105, 'window': '20Y', 'order': 4, 'rows': 16}
2025-11-12 11:45:10,295 INFO [cli] {'ticker': 'DIA', 'mode': 'binary', 'thr': 105, 'window': 'MAX', 'order': 1, 'rows': 2}
2025-11-12 11:45:10,305 INFO [cli] {'ticker': 'DIA', 'mode': 'binary', 'thr': 105, 'window': 'MAX', 'order': 2, 'rows': 4}
2025-11-12 11:45:10,316 INFO [cli] {'ticker': 'DIA', 'mode': 'binary', 'thr': 105, 'window': 'MAX', 'order': 3, 'rows': 8}
2025-11-12 11:45:10,326 INFO [cli] {'ticker': 'DIA', 'mode': 'binary', 'thr': 105, 'window': 'MAX', 'order': 4, 'rows': 16}
2025-11-12 11:45:10,342 INFO [cli] {'ticker': 'DIA', 'mode': 'binary', 'thr': 110, 'window': '1Y', 'order': 1, 'rows': 2}
2025-11-12 11:45:10,351 INFO [cli] {'ticker': 'DIA', 'mode': 'binary', 'thr': 110, 'window': '1Y', 'order': 2, 'rows': 3}
2025-11-12 11:45:10,362 INFO [cli] {'ticker': 'DIA', 'mode': 'binary', 'thr': 110, 'window': '1Y', 'order': 3, 'rows': 5}
2025-11-12 11:45:10,372 INFO [cli] {'ticker': 'DIA', 'mode': 'binary', 'thr': 110, 'window': '1Y', 'order': 4, 'rows': 8}
2025-11-12 11:45:10,382 INFO [cli] {'ticker': 'DIA', 'mode': 'binary', 'thr': 110, 'window': '2Y', 'order': 1, 'rows': 2}
2025-11-12 11:45:10,390 INFO [cli] {'ticker': 'DIA', 'mode': 'binary', 'thr': 110, 'window': '2Y', 'order': 2, 'rows': 3}
2025-11-12 11:45:10,401 INFO [cli] {'ticker': 'DIA', 'mode': 'binary', 'thr': 110, 'window': '2Y', 'order': 3, 'rows': 5}
2025-11-12 11:45:10,411 INFO [cli] {'ticker': 'DIA', 'mode': 'binary', 'thr': 110, 'window': '2Y', 'order': 4, 'rows': 8}
2025-11-12 11:45:10,421 INFO [cli] {'ticker': 'DIA', 'mode': 'binary', 'thr': 110, 'window': '5Y', 'order': 1, 'rows': 2}
2025-11-12 11:45:10,430 INFO [cli] {'ticker': 'DIA', 'mode': 'binary', 'thr': 110, 'window': '5Y', 'order': 2, 'rows': 4}
2025-11-12 11:45:10,440 INFO [cli] {'ticker': 'DIA', 'mode': 'binary', 'thr': 110, 'window': '5Y', 'order': 3, 'rows': 8}
2025-11-12 11:45:10,447 INFO [cli] {'ticker': 'DIA', 'mode': 'binary', 'thr': 110, 'window': '5Y', 'order': 4, 'rows': 14}
2025-11-12 11:45:10,456 INFO [cli] {'ticker': 'DIA', 'mode': 'binary', 'thr': 110, 'window': '10Y', 'order': 1, 'rows': 2}
2025-11-12 11:45:10,466 INFO [cli] {'ticker': 'DIA', 'mode': 'binary', 'thr': 110, 'window': '10Y', 'order': 2, 'rows': 4}
2025-11-12 11:45:10,475 INFO [cli] {'ticker': 'DIA', 'mode': 'binary', 'thr': 110, 'window': '10Y', 'order': 3, 'rows': 8}
2025-11-12 11:45:10,485 INFO [cli] {'ticker': 'DIA', 'mode': 'binary', 'thr': 110, 'window': '10Y', 'order': 4, 'rows': 16}
2025-11-12 11:45:10,493 INFO [cli] {'ticker': 'DIA', 'mode': 'binary', 'thr': 110, 'window': '20Y', 'order': 1, 'rows': 2}
2025-11-12 11:45:10,503 INFO [cli] {'ticker': 'DIA', 'mode': 'binary', 'thr': 110, 'window': '20Y', 'order': 2, 'rows': 4}
2025-11-12 11:45:10,512 INFO [cli] {'ticker': 'DIA', 'mode': 'binary', 'thr': 110, 'window': '20Y', 'order': 3, 'rows': 8}
2025-11-12 11:45:10,521 INFO [cli] {'ticker': 'DIA', 'mode': 'binary', 'thr': 110, 'window': '20Y', 'order': 4, 'rows': 16}
2025-11-12 11:45:10,530 INFO [cli] {'ticker': 'DIA', 'mode': 'binary', 'thr': 110, 'window': 'MAX', 'order': 1, 'rows': 2}
2025-11-12 11:45:10,538 INFO [cli] {'ticker': 'DIA', 'mode': 'binary', 'thr': 110, 'window': 'MAX', 'order': 2, 'rows': 4}
2025-11-12 11:45:10,546 INFO [cli] {'ticker': 'DIA', 'mode': 'binary', 'thr': 110, 'window': 'MAX', 'order': 3, 'rows': 8}
2025-11-12 11:45:10,555 INFO [cli] {'ticker': 'DIA', 'mode': 'binary', 'thr': 110, 'window': 'MAX', 'order': 4, 'rows': 16}
2025-11-12 11:45:10,571 INFO [cli] {'ticker': 'DIA', 'mode': 'binary', 'thr': 115, 'window': '1Y', 'order': 1, 'rows': 2}
2025-11-12 11:45:10,581 INFO [cli] {'ticker': 'DIA', 'mode': 'binary', 'thr': 115, 'window': '1Y', 'order': 2, 'rows': 3}
2025-11-12 11:45:10,589 INFO [cli] {'ticker': 'DIA', 'mode': 'binary', 'thr': 115, 'window': '1Y', 'order': 3, 'rows': 5}
2025-11-12 11:45:10,598 INFO [cli] {'ticker': 'DIA', 'mode': 'binary', 'thr': 115, 'window': '1Y', 'order': 4, 'rows': 8}
2025-11-12 11:45:10,609 INFO [cli] {'ticker': 'DIA', 'mode': 'binary', 'thr': 115, 'window': '2Y', 'order': 1, 'rows': 2}
2025-11-12 11:45:10,620 INFO [cli] {'ticker': 'DIA', 'mode': 'binary', 'thr': 115, 'window': '2Y', 'order': 2, 'rows': 3}
2025-11-12 11:45:10,630 INFO [cli] {'ticker': 'DIA', 'mode': 'binary', 'thr': 115, 'window': '2Y', 'order': 3, 'rows': 5}
2025-11-12 11:45:10,640 INFO [cli] {'ticker': 'DIA', 'mode': 'binary', 'thr': 115, 'window': '2Y', 'order': 4, 'rows': 8}
2025-11-12 11:45:10,650 INFO [cli] {'ticker': 'DIA', 'mode': 'binary', 'thr': 115, 'window': '5Y', 'order': 1, 'rows': 2}
2025-11-12 11:45:10,658 INFO [cli] {'ticker': 'DIA', 'mode': 'binary', 'thr': 115, 'window': '5Y', 'order': 2, 'rows': 4}
2025-11-12 11:45:10,666 INFO [cli] {'ticker': 'DIA', 'mode': 'binary', 'thr': 115, 'window': '5Y', 'order': 3, 'rows': 8}
2025-11-12 11:45:10,678 INFO [cli] {'ticker': 'DIA', 'mode': 'binary', 'thr': 115, 'window': '5Y', 'order': 4, 'rows': 14}
2025-11-12 11:45:10,687 INFO [cli] {'ticker': 'DIA', 'mode': 'binary', 'thr': 115, 'window': '10Y', 'order': 1, 'rows': 2}
2025-11-12 11:45:10,696 INFO [cli] {'ticker': 'DIA', 'mode': 'binary', 'thr': 115, 'window': '10Y', 'order': 2, 'rows': 4}

{'ticker': 'DIA', 'mode': 'binary', 'thr': 75, 'window': '20Y', 'order': 3, 'rows': 8}
{'ticker': 'DIA', 'mode': 'binary', 'thr': 75, 'window': '20Y', 'order': 4, 'rows': 16}
{'ticker': 'DIA', 'mode': 'binary', 'thr': 75, 'window': 'MAX', 'order': 1, 'rows': 2}
{'ticker': 'DIA', 'mode': 'binary', 'thr': 75, 'window': 'MAX', 'order': 2, 'rows': 4}
{'ticker': 'DIA', 'mode': 'binary', 'thr': 75, 'window': 'MAX', 'order': 3, 'rows': 8}
{'ticker': 'DIA', 'mode': 'binary', 'thr': 75, 'window': 'MAX', 'order': 4, 'rows': 16}
{'ticker': 'DIA', 'mode': 'binary', 'thr': 80, 'window': '1Y', 'order': 1, 'rows': 2}
{'ticker': 'DIA', 'mode': 'binary', 'thr': 80, 'window': '1Y', 'order': 2, 'rows': 4}
{'ticker': 'DIA', 'mode': 'binary', 'thr': 80, 'window': '1Y', 'order': 3, 'rows': 8}
{'ticker': 'DIA', 'mode': 'binary', 'thr': 80, 'window': '1Y', 'order': 4, 'rows': 15}
{'ticker': 'DIA', 'mode': 'binary', 'thr': 80, 'window': '2Y', 'order': 1, 'rows': 2}
{'ticker': 'DIA', 'mode': 'binary', 'thr': 80, 'window': '2Y', 'order': 2, 'rows': 4}
{'ticker': 'DIA', 'mode': 'binary', 'thr': 80, 'window': '2Y', 'order': 3, 'rows': 8}
{'ticker': 'DIA', 'mode': 'binary', 'thr': 80, 'window': '2Y', 'order': 4, 'rows': 15}
{'ticker': 'DIA', 'mode': 'binary', 'thr': 80, 'window': '5Y', 'order': 1, 'rows': 2}
{'ticker': 'DIA', 'mode': 'binary', 'thr': 80, 'window': '5Y', 'order': 2, 'rows': 4}
{'ticker': 'DIA', 'mode': 'binary', 'thr': 80, 'window': '5Y', 'order': 3, 'rows': 8}
{'ticker': 'DIA', 'mode': 'binary', 'thr': 80, 'window': '5Y', 'order': 4, 'rows': 15}
{'ticker': 'DIA', 'mode': 'binary', 'thr': 80, 'window': '10Y', 'order': 1, 'rows': 2}
{'ticker': 'DIA', 'mode': 'binary', 'thr': 80, 'window': '10Y', 'order': 2, 'rows': 4}
{'ticker': 'DIA', 'mode': 'binary', 'thr': 80, 'window': '10Y', 'order': 3, 'rows': 8}
{'ticker': 'DIA', 'mode': 'binary', 'thr': 80, 'window': '10Y', 'order': 4, 'rows': 16}
{'ticker': 'DIA', 'mode': 'binary', 'thr': 80, 'window': '20Y', 'order': 1, 'rows': 2}
{'ticker': 'DIA', 'mode': 'binary', 'thr': 80, 'window': '20Y', 'order': 2, 'rows': 4}
{'ticker': 'DIA', 'mode': 'binary', 'thr': 80, 'window': '20Y', 'order': 3, 'rows': 8}
{'ticker': 'DIA', 'mode': 'binary', 'thr': 80, 'window': '20Y', 'order': 4, 'rows': 16}
{'ticker': 'DIA', 'mode': 'binary', 'thr': 80, 'window': 'MAX', 'order': 1, 'rows': 2}
{'ticker': 'DIA', 'mode': 'binary', 'thr': 80, 'window': 'MAX', 'order': 2, 'rows': 4}
{'ticker': 'DIA', 'mode': 'binary', 'thr': 80, 'window': 'MAX', 'order': 3, 'rows': 8}
{'ticker': 'DIA', 'mode': 'binary', 'thr': 80, 'window': 'MAX', 'order': 4, 'rows': 16}
{'ticker': 'DIA', 'mode': 'binary', 'thr': 85, 'window': '1Y', 'order': 1, 'rows': 2}
{'ticker': 'DIA', 'mode': 'binary', 'thr': 85, 'window': '1Y', 'order': 2, 'rows': 4}
{'ticker': 'DIA', 'mode': 'binary', 'thr': 85, 'window': '1Y', 'order': 3, 'rows': 8}
{'ticker': 'DIA', 'mode': 'binary', 'thr': 85, 'window': '1Y', 'order': 4, 'rows': 15}
{'ticker': 'DIA', 'mode': 'binary', 'thr': 85, 'window': '2Y', 'order': 1, 'rows': 2}
{'ticker': 'DIA', 'mode': 'binary', 'thr': 85, 'window': '2Y', 'order': 2, 'rows': 4}
{'ticker': 'DIA', 'mode': 'binary', 'thr': 85, 'window': '2Y', 'order': 3, 'rows': 8}
{'ticker': 'DIA', 'mode': 'binary', 'thr': 85, 'window': '2Y', 'order': 4, 'rows': 15}
{'ticker': 'DIA', 'mode': 'binary', 'thr': 85, 'window': '5Y', 'order': 1, 'rows': 2}
{'ticker': 'DIA', 'mode': 'binary', 'thr': 85, 'window': '5Y', 'order': 2, 'rows': 4}
{'ticker': 'DIA', 'mode': 'binary', 'thr': 85, 'window': '5Y', 'order': 3, 'rows': 8}
{'ticker': 'DIA', 'mode': 'binary', 'thr': 85, 'window': '5Y', 'order': 4, 'rows': 15}
{'ticker': 'DIA', 'mode': 'binary', 'thr': 85, 'window': '10Y', 'order': 1, 'rows': 2}
{'ticker': 'DIA', 'mode': 'binary', 'thr': 85, 'window': '10Y', 'order': 2, 'rows': 4}
{'ticker': 'DIA', 'mode': 'binary', 'thr': 85, 'window': '10Y', 'order': 3, 'rows': 8}
{'ticker': 'DIA', 'mode': 'binary', 'thr': 85, 'window': '10Y', 'order': 4, 'rows': 16}
{'ticker': 'DIA', 'mode': 'binary', 'thr': 85, 'window': '20Y', 'order': 1, 'rows': 2}
{'ticker': 'DIA', 'mode': 'binary', 'thr': 85, 'window': '20Y', 'order': 2, 'rows': 4}
{'ticker': 'DIA', 'mode': 'binary', 'thr': 85, 'window': '20Y', 'order': 3, 'rows': 8}
{'ticker': 'DIA', 'mode': 'binary', 'thr': 85, 'window': '20Y', 'order': 4, 'rows': 16}
{'ticker': 'DIA', 'mode': 'binary', 'thr': 85, 'window': 'MAX', 'order': 1, 'rows': 2}
{'ticker': 'DIA', 'mode': 'binary', 'thr': 85, 'window': 'MAX', 'order': 2, 'rows': 4}
{'ticker': 'DIA', 'mode': 'binary', 'thr': 85, 'window': 'MAX', 'order': 3, 'rows': 8}
{'ticker': 'DIA', 'mode': 'binary', 'thr': 85, 'window': 'MAX', 'order': 4, 'rows': 16}
{'ticker': 'DIA', 'mode': 'binary', 'thr': 90, 'window': '1Y', 'order': 1, 'rows': 2}
{'ticker': 'DIA', 'mode': 'binary', 'thr': 90, 'window': '1Y', 'order': 2, 'rows': 4}
{'ticker': 'DIA', 'mode': 'binary', 'thr': 90, 'window': '1Y', 'order': 3, 'rows': 8}
{'ticker': 'DIA', 'mode': 'binary', 'thr': 90, 'window': '1Y', 'order': 4, 'rows': 15}
{'ticker': 'DIA', 'mode': 'binary', 'thr': 90, 'window': '2Y', 'order': 1, 'rows': 2}
{'ticker': 'DIA', 'mode': 'binary', 'thr': 90, 'window': '2Y', 'order': 2, 'rows': 4}
{'ticker': 'DIA', 'mode': 'binary', 'thr': 90, 'window': '2Y', 'order': 3, 'rows': 8}
{'ticker': 'DIA', 'mode': 'binary', 'thr': 90, 'window': '2Y', 'order': 4, 'rows': 15}
{'ticker': 'DIA', 'mode': 'binary', 'thr': 90, 'window': '5Y', 'order': 1, 'rows': 2}
{'ticker': 'DIA', 'mode': 'binary', 'thr': 90, 'window': '5Y', 'order': 2, 'rows': 4}
{'ticker': 'DIA', 'mode': 'binary', 'thr': 90, 'window': '5Y', 'order': 3, 'rows': 8}
{'ticker': 'DIA', 'mode': 'binary', 'thr': 90, 'window': '5Y', 'order': 4, 'rows': 15}
{'ticker': 'DIA', 'mode': 'binary', 'thr': 90, 'window': '10Y', 'order': 1, 'rows': 2}
{'ticker': 'DIA', 'mode': 'binary', 'thr': 90, 'window': '10Y', 'order': 2, 'rows': 4}
{'ticker': 'DIA', 'mode': 'binary', 'thr': 90, 'window': '10Y', 'order': 3, 'rows': 8}
{'ticker': 'DIA', 'mode': 'binary', 'thr': 90, 'window': '10Y', 'order': 4, 'rows': 16}
{'ticker': 'DIA', 'mode': 'binary', 'thr': 90, 'window': '20Y', 'order': 1, 'rows': 2}
{'ticker': 'DIA', 'mode': 'binary', 'thr': 90, 'window': '20Y', 'order': 2, 'rows': 4}
{'ticker': 'DIA', 'mode': 'binary', 'thr': 90, 'window': '20Y', 'order': 3, 'rows': 8}
{'ticker': 'DIA', 'mode': 'binary', 'thr': 90, 'window': '20Y', 'order': 4, 'rows': 16}
{'ticker': 'DIA', 'mode': 'binary', 'thr': 90, 'window': 'MAX', 'order': 1, 'rows': 2}
{'ticker': 'DIA', 'mode': 'binary', 'thr': 90, 'window': 'MAX', 'order': 2, 'rows': 4}
{'ticker': 'DIA', 'mode': 'binary', 'thr': 90, 'window': 'MAX', 'order': 3, 'rows': 8}
{'ticker': 'DIA', 'mode': 'binary', 'thr': 90, 'window': 'MAX', 'order': 4, 'rows': 16}
{'ticker': 'DIA', 'mode': 'binary', 'thr': 95, 'window': '1Y', 'order': 1, 'rows': 2}
{'ticker': 'DIA', 'mode': 'binary', 'thr': 95, 'window': '1Y', 'order': 2, 'rows': 4}
{'ticker': 'DIA', 'mode': 'binary', 'thr': 95, 'window': '1Y', 'order': 3, 'rows': 8}
{'ticker': 'DIA', 'mode': 'binary', 'thr': 95, 'window': '1Y', 'order': 4, 'rows': 13}
{'ticker': 'DIA', 'mode': 'binary', 'thr': 95, 'window': '2Y', 'order': 1, 'rows': 2}
{'ticker': 'DIA', 'mode': 'binary', 'thr': 95, 'window': '2Y', 'order': 2, 'rows': 4}
{'ticker': 'DIA', 'mode': 'binary', 'thr': 95, 'window': '2Y', 'order': 3, 'rows': 8}
{'ticker': 'DIA', 'mode': 'binary', 'thr': 95, 'window': '2Y', 'order': 4, 'rows': 13}
{'ticker': 'DIA', 'mode': 'binary', 'thr': 95, 'window': '5Y', 'order': 1, 'rows': 2}
{'ticker': 'DIA', 'mode': 'binary', 'thr': 95, 'window': '5Y', 'order': 2, 'rows': 4}
{'ticker': 'DIA', 'mode': 'binary', 'thr': 95, 'window': '5Y', 'order': 3, 'rows': 8}
{'ticker': 'DIA', 'mode': 'binary', 'thr': 95, 'window': '5Y', 'order': 4, 'rows': 15}
{'ticker': 'DIA', 'mode': 'binary', 'thr': 95, 'window': '10Y', 'order': 1, 'rows': 2}
{'ticker': 'DIA', 'mode': 'binary', 'thr': 95, 'window': '10Y', 'order': 2, 'rows': 4}
{'ticker': 'DIA', 'mode': 'binary', 'thr': 95, 'window': '10Y', 'order': 3, 'rows': 8}
{'ticker': 'DIA', 'mode': 'binary', 'thr': 95, 'window': '10Y', 'order': 4, 'rows': 16}
{'ticker': 'DIA', 'mode': 'binary', 'thr': 95, 'window': '20Y', 'order': 1, 'rows': 2}2025-11-12 11:45:10,703 INFO [cli] {'ticker': 'DIA', 'mode': 'binary', 'thr': 115, 'window': '10Y', 'order': 3, 'rows': 8}
2025-11-12 11:45:10,711 INFO [cli] {'ticker': 'DIA', 'mode': 'binary', 'thr': 115, 'window': '10Y', 'order': 4, 'rows': 16}
2025-11-12 11:45:10,718 INFO [cli] {'ticker': 'DIA', 'mode': 'binary', 'thr': 115, 'window': '20Y', 'order': 1, 'rows': 2}
2025-11-12 11:45:10,729 INFO [cli] {'ticker': 'DIA', 'mode': 'binary', 'thr': 115, 'window': '20Y', 'order': 2, 'rows': 4}
2025-11-12 11:45:10,741 INFO [cli] {'ticker': 'DIA', 'mode': 'binary', 'thr': 115, 'window': '20Y', 'order': 3, 'rows': 8}
2025-11-12 11:45:10,750 INFO [cli] {'ticker': 'DIA', 'mode': 'binary', 'thr': 115, 'window': '20Y', 'order': 4, 'rows': 16}
2025-11-12 11:45:10,758 INFO [cli] {'ticker': 'DIA', 'mode': 'binary', 'thr': 115, 'window': 'MAX', 'order': 1, 'rows': 2}
2025-11-12 11:45:10,765 INFO [cli] {'ticker': 'DIA', 'mode': 'binary', 'thr': 115, 'window': 'MAX', 'order': 2, 'rows': 4}
2025-11-12 11:45:10,775 INFO [cli] {'ticker': 'DIA', 'mode': 'binary', 'thr': 115, 'window': 'MAX', 'order': 3, 'rows': 8}
2025-11-12 11:45:10,784 INFO [cli] {'ticker': 'DIA', 'mode': 'binary', 'thr': 115, 'window': 'MAX', 'order': 4, 'rows': 16}
2025-11-12 11:45:10,800 INFO [cli] {'ticker': 'DIA', 'mode': 'binary', 'thr': 120, 'window': '1Y', 'order': 1, 'rows': 2}
2025-11-12 11:45:10,810 INFO [cli] {'ticker': 'DIA', 'mode': 'binary', 'thr': 120, 'window': '1Y', 'order': 2, 'rows': 3}
2025-11-12 11:45:10,820 INFO [cli] {'ticker': 'DIA', 'mode': 'binary', 'thr': 120, 'window': '1Y', 'order': 3, 'rows': 5}
2025-11-12 11:45:10,830 INFO [cli] {'ticker': 'DIA', 'mode': 'binary', 'thr': 120, 'window': '1Y', 'order': 4, 'rows': 8}
2025-11-12 11:45:10,838 INFO [cli] {'ticker': 'DIA', 'mode': 'binary', 'thr': 120, 'window': '2Y', 'order': 1, 'rows': 2}
2025-11-12 11:45:10,848 INFO [cli] {'ticker': 'DIA', 'mode': 'binary', 'thr': 120, 'window': '2Y', 'order': 2, 'rows': 3}
2025-11-12 11:45:10,856 INFO [cli] {'ticker': 'DIA', 'mode': 'binary', 'thr': 120, 'window': '2Y', 'order': 3, 'rows': 5}
2025-11-12 11:45:10,864 INFO [cli] {'ticker': 'DIA', 'mode': 'binary', 'thr': 120, 'window': '2Y', 'order': 4, 'rows': 8}
2025-11-12 11:45:10,876 INFO [cli] {'ticker': 'DIA', 'mode': 'binary', 'thr': 120, 'window': '5Y', 'order': 1, 'rows': 2}
2025-11-12 11:45:10,886 INFO [cli] {'ticker': 'DIA', 'mode': 'binary', 'thr': 120, 'window': '5Y', 'order': 2, 'rows': 4}
2025-11-12 11:45:10,896 INFO [cli] {'ticker': 'DIA', 'mode': 'binary', 'thr': 120, 'window': '5Y', 'order': 3, 'rows': 7}
2025-11-12 11:45:10,906 INFO [cli] {'ticker': 'DIA', 'mode': 'binary', 'thr': 120, 'window': '5Y', 'order': 4, 'rows': 12}
2025-11-12 11:45:10,917 INFO [cli] {'ticker': 'DIA', 'mode': 'binary', 'thr': 120, 'window': '10Y', 'order': 1, 'rows': 2}
2025-11-12 11:45:10,926 INFO [cli] {'ticker': 'DIA', 'mode': 'binary', 'thr': 120, 'window': '10Y', 'order': 2, 'rows': 4}
2025-11-12 11:45:10,936 INFO [cli] {'ticker': 'DIA', 'mode': 'binary', 'thr': 120, 'window': '10Y', 'order': 3, 'rows': 8}
2025-11-12 11:45:10,944 INFO [cli] {'ticker': 'DIA', 'mode': 'binary', 'thr': 120, 'window': '10Y', 'order': 4, 'rows': 16}
2025-11-12 11:45:10,952 INFO [cli] {'ticker': 'DIA', 'mode': 'binary', 'thr': 120, 'window': '20Y', 'order': 1, 'rows': 2}
2025-11-12 11:45:10,962 INFO [cli] {'ticker': 'DIA', 'mode': 'binary', 'thr': 120, 'window': '20Y', 'order': 2, 'rows': 4}
2025-11-12 11:45:10,973 INFO [cli] {'ticker': 'DIA', 'mode': 'binary', 'thr': 120, 'window': '20Y', 'order': 3, 'rows': 8}
2025-11-12 11:45:10,983 INFO [cli] {'ticker': 'DIA', 'mode': 'binary', 'thr': 120, 'window': '20Y', 'order': 4, 'rows': 16}
2025-11-12 11:45:10,994 INFO [cli] {'ticker': 'DIA', 'mode': 'binary', 'thr': 120, 'window': 'MAX', 'order': 1, 'rows': 2}
2025-11-12 11:45:11,006 INFO [cli] {'ticker': 'DIA', 'mode': 'binary', 'thr': 120, 'window': 'MAX', 'order': 2, 'rows': 4}
2025-11-12 11:45:11,027 INFO [cli] {'ticker': 'DIA', 'mode': 'binary', 'thr': 120, 'window': 'MAX', 'order': 3, 'rows': 8}
2025-11-12 11:45:11,037 INFO [cli] {'ticker': 'DIA', 'mode': 'binary', 'thr': 120, 'window': 'MAX', 'order': 4, 'rows': 16}
2025-11-12 11:45:11,055 INFO [cli] {'ticker': 'DIA', 'mode': 'binary', 'thr': 125, 'window': '1Y', 'order': 1, 'rows': 2}
2025-11-12 11:45:11,065 INFO [cli] {'ticker': 'DIA', 'mode': 'binary', 'thr': 125, 'window': '1Y', 'order': 2, 'rows': 3}
2025-11-12 11:45:11,076 INFO [cli] {'ticker': 'DIA', 'mode': 'binary', 'thr': 125, 'window': '1Y', 'order': 3, 'rows': 5}
2025-11-12 11:45:11,085 INFO [cli] {'ticker': 'DIA', 'mode': 'binary', 'thr': 125, 'window': '1Y', 'order': 4, 'rows': 7}
2025-11-12 11:45:11,096 INFO [cli] {'ticker': 'DIA', 'mode': 'binary', 'thr': 125, 'window': '2Y', 'order': 1, 'rows': 2}
2025-11-12 11:45:11,108 INFO [cli] {'ticker': 'DIA', 'mode': 'binary', 'thr': 125, 'window': '2Y', 'order': 2, 'rows': 3}
2025-11-12 11:45:11,116 INFO [cli] {'ticker': 'DIA', 'mode': 'binary', 'thr': 125, 'window': '2Y', 'order': 3, 'rows': 5}
2025-11-12 11:45:11,124 INFO [cli] {'ticker': 'DIA', 'mode': 'binary', 'thr': 125, 'window': '2Y', 'order': 4, 'rows': 7}
2025-11-12 11:45:11,131 INFO [cli] {'ticker': 'DIA', 'mode': 'binary', 'thr': 125, 'window': '5Y', 'order': 1, 'rows': 2}
2025-11-12 11:45:11,138 INFO [cli] {'ticker': 'DIA', 'mode': 'binary', 'thr': 125, 'window': '5Y', 'order': 2, 'rows': 4}
2025-11-12 11:45:11,145 INFO [cli] {'ticker': 'DIA', 'mode': 'binary', 'thr': 125, 'window': '5Y', 'order': 3, 'rows': 7}
2025-11-12 11:45:11,155 INFO [cli] {'ticker': 'DIA', 'mode': 'binary', 'thr': 125, 'window': '5Y', 'order': 4, 'rows': 12}
2025-11-12 11:45:11,165 INFO [cli] {'ticker': 'DIA', 'mode': 'binary', 'thr': 125, 'window': '10Y', 'order': 1, 'rows': 2}
2025-11-12 11:45:11,173 INFO [cli] {'ticker': 'DIA', 'mode': 'binary', 'thr': 125, 'window': '10Y', 'order': 2, 'rows': 4}
2025-11-12 11:45:11,182 INFO [cli] {'ticker': 'DIA', 'mode': 'binary', 'thr': 125, 'window': '10Y', 'order': 3, 'rows': 8}
2025-11-12 11:45:11,191 INFO [cli] {'ticker': 'DIA', 'mode': 'binary', 'thr': 125, 'window': '10Y', 'order': 4, 'rows': 16}
2025-11-12 11:45:11,200 INFO [cli] {'ticker': 'DIA', 'mode': 'binary', 'thr': 125, 'window': '20Y', 'order': 1, 'rows': 2}
2025-11-12 11:45:11,208 INFO [cli] {'ticker': 'DIA', 'mode': 'binary', 'thr': 125, 'window': '20Y', 'order': 2, 'rows': 4}
2025-11-12 11:45:11,216 INFO [cli] {'ticker': 'DIA', 'mode': 'binary', 'thr': 125, 'window': '20Y', 'order': 3, 'rows': 8}
2025-11-12 11:45:11,225 INFO [cli] {'ticker': 'DIA', 'mode': 'binary', 'thr': 125, 'window': '20Y', 'order': 4, 'rows': 16}
2025-11-12 11:45:11,235 INFO [cli] {'ticker': 'DIA', 'mode': 'binary', 'thr': 125, 'window': 'MAX', 'order': 1, 'rows': 2}
2025-11-12 11:45:11,246 INFO [cli] {'ticker': 'DIA', 'mode': 'binary', 'thr': 125, 'window': 'MAX', 'order': 2, 'rows': 4}
2025-11-12 11:45:11,255 INFO [cli] {'ticker': 'DIA', 'mode': 'binary', 'thr': 125, 'window': 'MAX', 'order': 3, 'rows': 8}
2025-11-12 11:45:11,264 INFO [cli] {'ticker': 'DIA', 'mode': 'binary', 'thr': 125, 'window': 'MAX', 'order': 4, 'rows': 16}
2025-11-12 11:45:11,280 INFO [cli] {'ticker': 'DIA', 'mode': 'binary', 'thr': 130, 'window': '1Y', 'order': 1, 'rows': 2}
2025-11-12 11:45:11,292 INFO [cli] {'ticker': 'DIA', 'mode': 'binary', 'thr': 130, 'window': '1Y', 'order': 2, 'rows': 3}
2025-11-12 11:45:11,304 INFO [cli] {'ticker': 'DIA', 'mode': 'binary', 'thr': 130, 'window': '1Y', 'order': 3, 'rows': 5}
2025-11-12 11:45:11,314 INFO [cli] {'ticker': 'DIA', 'mode': 'binary', 'thr': 130, 'window': '1Y', 'order': 4, 'rows': 7}
2025-11-12 11:45:11,324 INFO [cli] {'ticker': 'DIA', 'mode': 'binary', 'thr': 130, 'window': '2Y', 'order': 1, 'rows': 2}
2025-11-12 11:45:11,333 INFO [cli] {'ticker': 'DIA', 'mode': 'binary', 'thr': 130, 'window': '2Y', 'order': 2, 'rows': 3}
2025-11-12 11:45:11,343 INFO [cli] {'ticker': 'DIA', 'mode': 'binary', 'thr': 130, 'window': '2Y', 'order': 3, 'rows': 5}
2025-11-12 11:45:11,351 INFO [cli] {'ticker': 'DIA', 'mode': 'binary', 'thr': 130, 'window': '2Y', 'order': 4, 'rows': 7}
2025-11-12 11:45:11,360 INFO [cli] {'ticker': 'DIA', 'mode': 'binary', 'thr': 130, 'window': '5Y', 'order': 1, 'rows': 2}
2025-11-12 11:45:11,368 INFO [cli] {'ticker': 'DIA', 'mode': 'binary', 'thr': 130, 'window': '5Y', 'order': 2, 'rows': 4}
2025-11-12 11:45:11,376 INFO [cli] {'ticker': 'DIA', 'mode': 'binary', 'thr': 130, 'window': '5Y', 'order': 3, 'rows': 7}
2025-11-12 11:45:11,385 INFO [cli] {'ticker': 'DIA', 'mode': 'binary', 'thr': 130, 'window': '5Y', 'order': 4, 'rows': 12}
2025-11-12 11:45:11,396 INFO [cli] {'ticker': 'DIA', 'mode': 'binary', 'thr': 130, 'window': '10Y', 'order': 1, 'rows': 2}
2025-11-12 11:45:11,408 INFO [cli] {'ticker': 'DIA', 'mode': 'binary', 'thr': 130, 'window': '10Y', 'order': 2, 'rows': 4}
2025-11-12 11:45:11,418 INFO [cli] {'ticker': 'DIA', 'mode': 'binary', 'thr': 130, 'window': '10Y', 'order': 3, 'rows': 8}
2025-11-12 11:45:11,427 INFO [cli] {'ticker': 'DIA', 'mode': 'binary', 'thr': 130, 'window': '10Y', 'order': 4, 'rows': 16}
2025-11-12 11:45:11,437 INFO [cli] {'ticker': 'DIA', 'mode': 'binary', 'thr': 130, 'window': '20Y', 'order': 1, 'rows': 2}
2025-11-12 11:45:11,447 INFO [cli] {'ticker': 'DIA', 'mode': 'binary', 'thr': 130, 'window': '20Y', 'order': 2, 'rows': 4}
2025-11-12 11:45:11,457 INFO [cli] {'ticker': 'DIA', 'mode': 'binary', 'thr': 130, 'window': '20Y', 'order': 3, 'rows': 8}
2025-11-12 11:45:11,466 INFO [cli] {'ticker': 'DIA', 'mode': 'binary', 'thr': 130, 'window': '20Y', 'order': 4, 'rows': 16}
2025-11-12 11:45:11,476 INFO [cli] {'ticker': 'DIA', 'mode': 'binary', 'thr': 130, 'window': 'MAX', 'order': 1, 'rows': 2}
2025-11-12 11:45:11,485 INFO [cli] {'ticker': 'DIA', 'mode': 'binary', 'thr': 130, 'window': 'MAX', 'order': 2, 'rows': 4}
2025-11-12 11:45:11,495 INFO [cli] {'ticker': 'DIA', 'mode': 'binary', 'thr': 130, 'window': 'MAX', 'order': 3, 'rows': 8}
2025-11-12 11:45:11,505 INFO [cli] {'ticker': 'DIA', 'mode': 'binary', 'thr': 130, 'window': 'MAX', 'order': 4, 'rows': 16}
2025-11-12 11:45:11,520 INFO [cli] {'ticker': 'DIA', 'mode': 'binary', 'thr': 135, 'window': '1Y', 'order': 1, 'rows': 2}
2025-11-12 11:45:11,529 INFO [cli] {'ticker': 'DIA', 'mode': 'binary', 'thr': 135, 'window': '1Y', 'order': 2, 'rows': 3}
2025-11-12 11:45:11,538 INFO [cli] {'ticker': 'DIA', 'mode': 'binary', 'thr': 135, 'window': '1Y', 'order': 3, 'rows': 5}
2025-11-12 11:45:11,549 INFO [cli] {'ticker': 'DIA', 'mode': 'binary', 'thr': 135, 'window': '1Y', 'order': 4, 'rows': 7}
2025-11-12 11:45:11,558 INFO [cli] {'ticker': 'DIA', 'mode': 'binary', 'thr': 135, 'window': '2Y', 'order': 1, 'rows': 2}
2025-11-12 11:45:11,568 INFO [cli] {'ticker': 'DIA', 'mode': 'binary', 'thr': 135, 'window': '2Y', 'order': 2, 'rows': 3}
2025-11-12 11:45:11,579 INFO [cli] {'ticker': 'DIA', 'mode': 'binary', 'thr': 135, 'window': '2Y', 'order': 3, 'rows': 5}
2025-11-12 11:45:11,591 INFO [cli] {'ticker': 'DIA', 'mode': 'binary', 'thr': 135, 'window': '2Y', 'order': 4, 'rows': 7}
2025-11-12 11:45:11,603 INFO [cli] {'ticker': 'DIA', 'mode': 'binary', 'thr': 135, 'window': '5Y', 'order': 1, 'rows': 2}
2025-11-12 11:45:11,611 INFO [cli] {'ticker': 'DIA', 'mode': 'binary', 'thr': 135, 'window': '5Y', 'order': 2, 'rows': 4}
2025-11-12 11:45:11,621 INFO [cli] {'ticker': 'DIA', 'mode': 'binary', 'thr': 135, 'window': '5Y', 'order': 3, 'rows': 7}
2025-11-12 11:45:11,631 INFO [cli] {'ticker': 'DIA', 'mode': 'binary', 'thr': 135, 'window': '5Y', 'order': 4, 'rows': 12}

{'ticker': 'DIA', 'mode': 'binary', 'thr': 95, 'window': '20Y', 'order': 2, 'rows': 4}
{'ticker': 'DIA', 'mode': 'binary', 'thr': 95, 'window': '20Y', 'order': 3, 'rows': 8}
{'ticker': 'DIA', 'mode': 'binary', 'thr': 95, 'window': '20Y', 'order': 4, 'rows': 16}
{'ticker': 'DIA', 'mode': 'binary', 'thr': 95, 'window': 'MAX', 'order': 1, 'rows': 2}
{'ticker': 'DIA', 'mode': 'binary', 'thr': 95, 'window': 'MAX', 'order': 2, 'rows': 4}
{'ticker': 'DIA', 'mode': 'binary', 'thr': 95, 'window': 'MAX', 'order': 3, 'rows': 8}
{'ticker': 'DIA', 'mode': 'binary', 'thr': 95, 'window': 'MAX', 'order': 4, 'rows': 16}
{'ticker': 'DIA', 'mode': 'binary', 'thr': 100, 'window': '1Y', 'order': 1, 'rows': 2}
{'ticker': 'DIA', 'mode': 'binary', 'thr': 100, 'window': '1Y', 'order': 2, 'rows': 4}
{'ticker': 'DIA', 'mode': 'binary', 'thr': 100, 'window': '1Y', 'order': 3, 'rows': 8}
{'ticker': 'DIA', 'mode': 'binary', 'thr': 100, 'window': '1Y', 'order': 4, 'rows': 13}
{'ticker': 'DIA', 'mode': 'binary', 'thr': 100, 'window': '2Y', 'order': 1, 'rows': 2}
{'ticker': 'DIA', 'mode': 'binary', 'thr': 100, 'window': '2Y', 'order': 2, 'rows': 4}
{'ticker': 'DIA', 'mode': 'binary', 'thr': 100, 'window': '2Y', 'order': 3, 'rows': 8}
{'ticker': 'DIA', 'mode': 'binary', 'thr': 100, 'window': '2Y', 'order': 4, 'rows': 13}
{'ticker': 'DIA', 'mode': 'binary', 'thr': 100, 'window': '5Y', 'order': 1, 'rows': 2}
{'ticker': 'DIA', 'mode': 'binary', 'thr': 100, 'window': '5Y', 'order': 2, 'rows': 4}
{'ticker': 'DIA', 'mode': 'binary', 'thr': 100, 'window': '5Y', 'order': 3, 'rows': 8}
{'ticker': 'DIA', 'mode': 'binary', 'thr': 100, 'window': '5Y', 'order': 4, 'rows': 15}
{'ticker': 'DIA', 'mode': 'binary', 'thr': 100, 'window': '10Y', 'order': 1, 'rows': 2}
{'ticker': 'DIA', 'mode': 'binary', 'thr': 100, 'window': '10Y', 'order': 2, 'rows': 4}
{'ticker': 'DIA', 'mode': 'binary', 'thr': 100, 'window': '10Y', 'order': 3, 'rows': 8}
{'ticker': 'DIA', 'mode': 'binary', 'thr': 100, 'window': '10Y', 'order': 4, 'rows': 16}
{'ticker': 'DIA', 'mode': 'binary', 'thr': 100, 'window': '20Y', 'order': 1, 'rows': 2}
{'ticker': 'DIA', 'mode': 'binary', 'thr': 100, 'window': '20Y', 'order': 2, 'rows': 4}
{'ticker': 'DIA', 'mode': 'binary', 'thr': 100, 'window': '20Y', 'order': 3, 'rows': 8}
{'ticker': 'DIA', 'mode': 'binary', 'thr': 100, 'window': '20Y', 'order': 4, 'rows': 16}
{'ticker': 'DIA', 'mode': 'binary', 'thr': 100, 'window': 'MAX', 'order': 1, 'rows': 2}
{'ticker': 'DIA', 'mode': 'binary', 'thr': 100, 'window': 'MAX', 'order': 2, 'rows': 4}
{'ticker': 'DIA', 'mode': 'binary', 'thr': 100, 'window': 'MAX', 'order': 3, 'rows': 8}
{'ticker': 'DIA', 'mode': 'binary', 'thr': 100, 'window': 'MAX', 'order': 4, 'rows': 16}
{'ticker': 'DIA', 'mode': 'binary', 'thr': 105, 'window': '1Y', 'order': 1, 'rows': 2}
{'ticker': 'DIA', 'mode': 'binary', 'thr': 105, 'window': '1Y', 'order': 2, 'rows': 4}
{'ticker': 'DIA', 'mode': 'binary', 'thr': 105, 'window': '1Y', 'order': 3, 'rows': 7}
{'ticker': 'DIA', 'mode': 'binary', 'thr': 105, 'window': '1Y', 'order': 4, 'rows': 11}
{'ticker': 'DIA', 'mode': 'binary', 'thr': 105, 'window': '2Y', 'order': 1, 'rows': 2}
{'ticker': 'DIA', 'mode': 'binary', 'thr': 105, 'window': '2Y', 'order': 2, 'rows': 4}
{'ticker': 'DIA', 'mode': 'binary', 'thr': 105, 'window': '2Y', 'order': 3, 'rows': 7}
{'ticker': 'DIA', 'mode': 'binary', 'thr': 105, 'window': '2Y', 'order': 4, 'rows': 11}
{'ticker': 'DIA', 'mode': 'binary', 'thr': 105, 'window': '5Y', 'order': 1, 'rows': 2}
{'ticker': 'DIA', 'mode': 'binary', 'thr': 105, 'window': '5Y', 'order': 2, 'rows': 4}
{'ticker': 'DIA', 'mode': 'binary', 'thr': 105, 'window': '5Y', 'order': 3, 'rows': 8}
{'ticker': 'DIA', 'mode': 'binary', 'thr': 105, 'window': '5Y', 'order': 4, 'rows': 14}
{'ticker': 'DIA', 'mode': 'binary', 'thr': 105, 'window': '10Y', 'order': 1, 'rows': 2}
{'ticker': 'DIA', 'mode': 'binary', 'thr': 105, 'window': '10Y', 'order': 2, 'rows': 4}
{'ticker': 'DIA', 'mode': 'binary', 'thr': 105, 'window': '10Y', 'order': 3, 'rows': 8}
{'ticker': 'DIA', 'mode': 'binary', 'thr': 105, 'window': '10Y', 'order': 4, 'rows': 16}
{'ticker': 'DIA', 'mode': 'binary', 'thr': 105, 'window': '20Y', 'order': 1, 'rows': 2}
{'ticker': 'DIA', 'mode': 'binary', 'thr': 105, 'window': '20Y', 'order': 2, 'rows': 4}
{'ticker': 'DIA', 'mode': 'binary', 'thr': 105, 'window': '20Y', 'order': 3, 'rows': 8}
{'ticker': 'DIA', 'mode': 'binary', 'thr': 105, 'window': '20Y', 'order': 4, 'rows': 16}
{'ticker': 'DIA', 'mode': 'binary', 'thr': 105, 'window': 'MAX', 'order': 1, 'rows': 2}
{'ticker': 'DIA', 'mode': 'binary', 'thr': 105, 'window': 'MAX', 'order': 2, 'rows': 4}
{'ticker': 'DIA', 'mode': 'binary', 'thr': 105, 'window': 'MAX', 'order': 3, 'rows': 8}
{'ticker': 'DIA', 'mode': 'binary', 'thr': 105, 'window': 'MAX', 'order': 4, 'rows': 16}
{'ticker': 'DIA', 'mode': 'binary', 'thr': 110, 'window': '1Y', 'order': 1, 'rows': 2}
{'ticker': 'DIA', 'mode': 'binary', 'thr': 110, 'window': '1Y', 'order': 2, 'rows': 3}
{'ticker': 'DIA', 'mode': 'binary', 'thr': 110, 'window': '1Y', 'order': 3, 'rows': 5}
{'ticker': 'DIA', 'mode': 'binary', 'thr': 110, 'window': '1Y', 'order': 4, 'rows': 8}
{'ticker': 'DIA', 'mode': 'binary', 'thr': 110, 'window': '2Y', 'order': 1, 'rows': 2}
{'ticker': 'DIA', 'mode': 'binary', 'thr': 110, 'window': '2Y', 'order': 2, 'rows': 3}
{'ticker': 'DIA', 'mode': 'binary', 'thr': 110, 'window': '2Y', 'order': 3, 'rows': 5}
{'ticker': 'DIA', 'mode': 'binary', 'thr': 110, 'window': '2Y', 'order': 4, 'rows': 8}
{'ticker': 'DIA', 'mode': 'binary', 'thr': 110, 'window': '5Y', 'order': 1, 'rows': 2}
{'ticker': 'DIA', 'mode': 'binary', 'thr': 110, 'window': '5Y', 'order': 2, 'rows': 4}
{'ticker': 'DIA', 'mode': 'binary', 'thr': 110, 'window': '5Y', 'order': 3, 'rows': 8}
{'ticker': 'DIA', 'mode': 'binary', 'thr': 110, 'window': '5Y', 'order': 4, 'rows': 14}
{'ticker': 'DIA', 'mode': 'binary', 'thr': 110, 'window': '10Y', 'order': 1, 'rows': 2}
{'ticker': 'DIA', 'mode': 'binary', 'thr': 110, 'window': '10Y', 'order': 2, 'rows': 4}
{'ticker': 'DIA', 'mode': 'binary', 'thr': 110, 'window': '10Y', 'order': 3, 'rows': 8}
{'ticker': 'DIA', 'mode': 'binary', 'thr': 110, 'window': '10Y', 'order': 4, 'rows': 16}
{'ticker': 'DIA', 'mode': 'binary', 'thr': 110, 'window': '20Y', 'order': 1, 'rows': 2}
{'ticker': 'DIA', 'mode': 'binary', 'thr': 110, 'window': '20Y', 'order': 2, 'rows': 4}
{'ticker': 'DIA', 'mode': 'binary', 'thr': 110, 'window': '20Y', 'order': 3, 'rows': 8}
{'ticker': 'DIA', 'mode': 'binary', 'thr': 110, 'window': '20Y', 'order': 4, 'rows': 16}
{'ticker': 'DIA', 'mode': 'binary', 'thr': 110, 'window': 'MAX', 'order': 1, 'rows': 2}
{'ticker': 'DIA', 'mode': 'binary', 'thr': 110, 'window': 'MAX', 'order': 2, 'rows': 4}
{'ticker': 'DIA', 'mode': 'binary', 'thr': 110, 'window': 'MAX', 'order': 3, 'rows': 8}
{'ticker': 'DIA', 'mode': 'binary', 'thr': 110, 'window': 'MAX', 'order': 4, 'rows': 16}
{'ticker': 'DIA', 'mode': 'binary', 'thr': 115, 'window': '1Y', 'order': 1, 'rows': 2}
{'ticker': 'DIA', 'mode': 'binary', 'thr': 115, 'window': '1Y', 'order': 2, 'rows': 3}
{'ticker': 'DIA', 'mode': 'binary', 'thr': 115, 'window': '1Y', 'order': 3, 'rows': 5}
{'ticker': 'DIA', 'mode': 'binary', 'thr': 115, 'window': '1Y', 'order': 4, 'rows': 8}
{'ticker': 'DIA', 'mode': 'binary', 'thr': 115, 'window': '2Y', 'order': 1, 'rows': 2}
{'ticker': 'DIA', 'mode': 'binary', 'thr': 115, 'window': '2Y', 'order': 2, 'rows': 3}
{'ticker': 'DIA', 'mode': 'binary', 'thr': 115, 'window': '2Y', 'order': 3, 'rows': 5}
{'ticker': 'DIA', 'mode': 'binary', 'thr': 115, 'window': '2Y', 'order': 4, 'rows': 8}
{'ticker': 'DIA', 'mode': 'binary', 'thr': 115, 'window': '5Y', 'order': 1, 'rows': 2}
{'ticker': 'DIA', 'mode': 'binary', 'thr': 115, 'window': '5Y', 'order': 2, 'rows': 4}
{'ticker': 'DIA', 'mode': 'binary', 'thr': 115, 'window': '5Y', 'order': 3, 'rows': 8}
{'ticker': 'DIA', 'mode': 'binary', 'thr': 115, 'window': '5Y', 'order': 4, 'rows': 14}
{'ticker': 'DIA', 'mode': 'binary', 'thr': 115, 'window': '10Y', 'order': 1, 'rows': 2}
{'ticker': 'DIA', 'mode': 'binary', 'thr': 115, 'window': '10Y', 'order': 2, 'rows': 4}
{'ticker': 'DIA', 'mode': 'binary', 'thr': 115, 'window': '10Y', 'order': 3, 'rows': 8}2025-11-12 11:45:11,642 INFO [cli] {'ticker': 'DIA', 'mode': 'binary', 'thr': 135, 'window': '10Y', 'order': 1, 'rows': 2}
2025-11-12 11:45:11,650 INFO [cli] {'ticker': 'DIA', 'mode': 'binary', 'thr': 135, 'window': '10Y', 'order': 2, 'rows': 4}
2025-11-12 11:45:11,660 INFO [cli] {'ticker': 'DIA', 'mode': 'binary', 'thr': 135, 'window': '10Y', 'order': 3, 'rows': 8}
2025-11-12 11:45:11,670 INFO [cli] {'ticker': 'DIA', 'mode': 'binary', 'thr': 135, 'window': '10Y', 'order': 4, 'rows': 16}
2025-11-12 11:45:11,683 INFO [cli] {'ticker': 'DIA', 'mode': 'binary', 'thr': 135, 'window': '20Y', 'order': 1, 'rows': 2}
2025-11-12 11:45:11,693 INFO [cli] {'ticker': 'DIA', 'mode': 'binary', 'thr': 135, 'window': '20Y', 'order': 2, 'rows': 4}
2025-11-12 11:45:11,704 INFO [cli] {'ticker': 'DIA', 'mode': 'binary', 'thr': 135, 'window': '20Y', 'order': 3, 'rows': 8}
2025-11-12 11:45:11,714 INFO [cli] {'ticker': 'DIA', 'mode': 'binary', 'thr': 135, 'window': '20Y', 'order': 4, 'rows': 16}
2025-11-12 11:45:11,725 INFO [cli] {'ticker': 'DIA', 'mode': 'binary', 'thr': 135, 'window': 'MAX', 'order': 1, 'rows': 2}
2025-11-12 11:45:11,736 INFO [cli] {'ticker': 'DIA', 'mode': 'binary', 'thr': 135, 'window': 'MAX', 'order': 2, 'rows': 4}
2025-11-12 11:45:11,750 INFO [cli] {'ticker': 'DIA', 'mode': 'binary', 'thr': 135, 'window': 'MAX', 'order': 3, 'rows': 8}
2025-11-12 11:45:11,760 INFO [cli] {'ticker': 'DIA', 'mode': 'binary', 'thr': 135, 'window': 'MAX', 'order': 4, 'rows': 16}
2025-11-12 11:45:11,777 INFO [cli] {'ticker': 'DIA', 'mode': 'binary', 'thr': 140, 'window': '1Y', 'order': 1, 'rows': 2}
2025-11-12 11:45:11,786 INFO [cli] {'ticker': 'DIA', 'mode': 'binary', 'thr': 140, 'window': '1Y', 'order': 2, 'rows': 3}
2025-11-12 11:45:11,796 INFO [cli] {'ticker': 'DIA', 'mode': 'binary', 'thr': 140, 'window': '1Y', 'order': 3, 'rows': 5}
2025-11-12 11:45:11,807 INFO [cli] {'ticker': 'DIA', 'mode': 'binary', 'thr': 140, 'window': '1Y', 'order': 4, 'rows': 7}
2025-11-12 11:45:11,816 INFO [cli] {'ticker': 'DIA', 'mode': 'binary', 'thr': 140, 'window': '2Y', 'order': 1, 'rows': 2}
2025-11-12 11:45:11,826 INFO [cli] {'ticker': 'DIA', 'mode': 'binary', 'thr': 140, 'window': '2Y', 'order': 2, 'rows': 3}
2025-11-12 11:45:11,839 INFO [cli] {'ticker': 'DIA', 'mode': 'binary', 'thr': 140, 'window': '2Y', 'order': 3, 'rows': 5}
2025-11-12 11:45:11,849 INFO [cli] {'ticker': 'DIA', 'mode': 'binary', 'thr': 140, 'window': '2Y', 'order': 4, 'rows': 7}
2025-11-12 11:45:11,859 INFO [cli] {'ticker': 'DIA', 'mode': 'binary', 'thr': 140, 'window': '5Y', 'order': 1, 'rows': 2}
2025-11-12 11:45:11,870 INFO [cli] {'ticker': 'DIA', 'mode': 'binary', 'thr': 140, 'window': '5Y', 'order': 2, 'rows': 4}
2025-11-12 11:45:11,879 INFO [cli] {'ticker': 'DIA', 'mode': 'binary', 'thr': 140, 'window': '5Y', 'order': 3, 'rows': 7}
2025-11-12 11:45:11,889 INFO [cli] {'ticker': 'DIA', 'mode': 'binary', 'thr': 140, 'window': '5Y', 'order': 4, 'rows': 11}
2025-11-12 11:45:11,902 INFO [cli] {'ticker': 'DIA', 'mode': 'binary', 'thr': 140, 'window': '10Y', 'order': 1, 'rows': 2}
2025-11-12 11:45:11,912 INFO [cli] {'ticker': 'DIA', 'mode': 'binary', 'thr': 140, 'window': '10Y', 'order': 2, 'rows': 4}
2025-11-12 11:45:11,923 INFO [cli] {'ticker': 'DIA', 'mode': 'binary', 'thr': 140, 'window': '10Y', 'order': 3, 'rows': 8}
2025-11-12 11:45:11,944 INFO [cli] {'ticker': 'DIA', 'mode': 'binary', 'thr': 140, 'window': '10Y', 'order': 4, 'rows': 16}
2025-11-12 11:45:11,955 INFO [cli] {'ticker': 'DIA', 'mode': 'binary', 'thr': 140, 'window': '20Y', 'order': 1, 'rows': 2}
2025-11-12 11:45:11,967 INFO [cli] {'ticker': 'DIA', 'mode': 'binary', 'thr': 140, 'window': '20Y', 'order': 2, 'rows': 4}
2025-11-12 11:45:11,977 INFO [cli] {'ticker': 'DIA', 'mode': 'binary', 'thr': 140, 'window': '20Y', 'order': 3, 'rows': 8}
2025-11-12 11:45:11,987 INFO [cli] {'ticker': 'DIA', 'mode': 'binary', 'thr': 140, 'window': '20Y', 'order': 4, 'rows': 16}
2025-11-12 11:45:11,998 INFO [cli] {'ticker': 'DIA', 'mode': 'binary', 'thr': 140, 'window': 'MAX', 'order': 1, 'rows': 2}
2025-11-12 11:45:12,010 INFO [cli] {'ticker': 'DIA', 'mode': 'binary', 'thr': 140, 'window': 'MAX', 'order': 2, 'rows': 4}
2025-11-12 11:45:12,022 INFO [cli] {'ticker': 'DIA', 'mode': 'binary', 'thr': 140, 'window': 'MAX', 'order': 3, 'rows': 8}
2025-11-12 11:45:12,034 INFO [cli] {'ticker': 'DIA', 'mode': 'binary', 'thr': 140, 'window': 'MAX', 'order': 4, 'rows': 16}
2025-11-12 11:45:12,051 INFO [cli] {'ticker': 'DIA', 'mode': 'binary', 'thr': 145, 'window': '1Y', 'order': 1, 'rows': 2}
2025-11-12 11:45:12,061 INFO [cli] {'ticker': 'DIA', 'mode': 'binary', 'thr': 145, 'window': '1Y', 'order': 2, 'rows': 3}
2025-11-12 11:45:12,071 INFO [cli] {'ticker': 'DIA', 'mode': 'binary', 'thr': 145, 'window': '1Y', 'order': 3, 'rows': 5}
2025-11-12 11:45:12,082 INFO [cli] {'ticker': 'DIA', 'mode': 'binary', 'thr': 145, 'window': '1Y', 'order': 4, 'rows': 7}
2025-11-12 11:45:12,092 INFO [cli] {'ticker': 'DIA', 'mode': 'binary', 'thr': 145, 'window': '2Y', 'order': 1, 'rows': 2}
2025-11-12 11:45:12,102 INFO [cli] {'ticker': 'DIA', 'mode': 'binary', 'thr': 145, 'window': '2Y', 'order': 2, 'rows': 3}
2025-11-12 11:45:12,112 INFO [cli] {'ticker': 'DIA', 'mode': 'binary', 'thr': 145, 'window': '2Y', 'order': 3, 'rows': 5}
2025-11-12 11:45:12,122 INFO [cli] {'ticker': 'DIA', 'mode': 'binary', 'thr': 145, 'window': '2Y', 'order': 4, 'rows': 7}
2025-11-12 11:45:12,132 INFO [cli] {'ticker': 'DIA', 'mode': 'binary', 'thr': 145, 'window': '5Y', 'order': 1, 'rows': 2}
2025-11-12 11:45:12,144 INFO [cli] {'ticker': 'DIA', 'mode': 'binary', 'thr': 145, 'window': '5Y', 'order': 2, 'rows': 4}
2025-11-12 11:45:12,154 INFO [cli] {'ticker': 'DIA', 'mode': 'binary', 'thr': 145, 'window': '5Y', 'order': 3, 'rows': 7}
2025-11-12 11:45:12,166 INFO [cli] {'ticker': 'DIA', 'mode': 'binary', 'thr': 145, 'window': '5Y', 'order': 4, 'rows': 11}
2025-11-12 11:45:12,177 INFO [cli] {'ticker': 'DIA', 'mode': 'binary', 'thr': 145, 'window': '10Y', 'order': 1, 'rows': 2}
2025-11-12 11:45:12,188 INFO [cli] {'ticker': 'DIA', 'mode': 'binary', 'thr': 145, 'window': '10Y', 'order': 2, 'rows': 4}
2025-11-12 11:45:12,199 INFO [cli] {'ticker': 'DIA', 'mode': 'binary', 'thr': 145, 'window': '10Y', 'order': 3, 'rows': 8}
2025-11-12 11:45:12,209 INFO [cli] {'ticker': 'DIA', 'mode': 'binary', 'thr': 145, 'window': '10Y', 'order': 4, 'rows': 15}
2025-11-12 11:45:12,220 INFO [cli] {'ticker': 'DIA', 'mode': 'binary', 'thr': 145, 'window': '20Y', 'order': 1, 'rows': 2}
2025-11-12 11:45:12,230 INFO [cli] {'ticker': 'DIA', 'mode': 'binary', 'thr': 145, 'window': '20Y', 'order': 2, 'rows': 4}
2025-11-12 11:45:12,240 INFO [cli] {'ticker': 'DIA', 'mode': 'binary', 'thr': 145, 'window': '20Y', 'order': 3, 'rows': 8}
2025-11-12 11:45:12,250 INFO [cli] {'ticker': 'DIA', 'mode': 'binary', 'thr': 145, 'window': '20Y', 'order': 4, 'rows': 15}
2025-11-12 11:45:12,260 INFO [cli] {'ticker': 'DIA', 'mode': 'binary', 'thr': 145, 'window': 'MAX', 'order': 1, 'rows': 2}
2025-11-12 11:45:12,271 INFO [cli] {'ticker': 'DIA', 'mode': 'binary', 'thr': 145, 'window': 'MAX', 'order': 2, 'rows': 4}
2025-11-12 11:45:12,281 INFO [cli] {'ticker': 'DIA', 'mode': 'binary', 'thr': 145, 'window': 'MAX', 'order': 3, 'rows': 8}
2025-11-12 11:45:12,293 INFO [cli] {'ticker': 'DIA', 'mode': 'binary', 'thr': 145, 'window': 'MAX', 'order': 4, 'rows': 15}
2025-11-12 11:45:12,310 INFO [cli] {'ticker': 'DIA', 'mode': 'binary', 'thr': 150, 'window': '1Y', 'order': 1, 'rows': 2}
2025-11-12 11:45:12,319 INFO [cli] {'ticker': 'DIA', 'mode': 'binary', 'thr': 150, 'window': '1Y', 'order': 2, 'rows': 3}
2025-11-12 11:45:12,328 INFO [cli] {'ticker': 'DIA', 'mode': 'binary', 'thr': 150, 'window': '1Y', 'order': 3, 'rows': 5}
2025-11-12 11:45:12,338 INFO [cli] {'ticker': 'DIA', 'mode': 'binary', 'thr': 150, 'window': '1Y', 'order': 4, 'rows': 7}
2025-11-12 11:45:12,349 INFO [cli] {'ticker': 'DIA', 'mode': 'binary', 'thr': 150, 'window': '2Y', 'order': 1, 'rows': 2}
2025-11-12 11:45:12,360 INFO [cli] {'ticker': 'DIA', 'mode': 'binary', 'thr': 150, 'window': '2Y', 'order': 2, 'rows': 3}
2025-11-12 11:45:12,369 INFO [cli] {'ticker': 'DIA', 'mode': 'binary', 'thr': 150, 'window': '2Y', 'order': 3, 'rows': 5}
2025-11-12 11:45:12,378 INFO [cli] {'ticker': 'DIA', 'mode': 'binary', 'thr': 150, 'window': '2Y', 'order': 4, 'rows': 7}
2025-11-12 11:45:12,388 INFO [cli] {'ticker': 'DIA', 'mode': 'binary', 'thr': 150, 'window': '5Y', 'order': 1, 'rows': 2}
2025-11-12 11:45:12,398 INFO [cli] {'ticker': 'DIA', 'mode': 'binary', 'thr': 150, 'window': '5Y', 'order': 2, 'rows': 4}
2025-11-12 11:45:12,407 INFO [cli] {'ticker': 'DIA', 'mode': 'binary', 'thr': 150, 'window': '5Y', 'order': 3, 'rows': 7}
2025-11-12 11:45:12,415 INFO [cli] {'ticker': 'DIA', 'mode': 'binary', 'thr': 150, 'window': '5Y', 'order': 4, 'rows': 11}
2025-11-12 11:45:12,424 INFO [cli] {'ticker': 'DIA', 'mode': 'binary', 'thr': 150, 'window': '10Y', 'order': 1, 'rows': 2}
2025-11-12 11:45:12,437 INFO [cli] {'ticker': 'DIA', 'mode': 'binary', 'thr': 150, 'window': '10Y', 'order': 2, 'rows': 4}
2025-11-12 11:45:12,446 INFO [cli] {'ticker': 'DIA', 'mode': 'binary', 'thr': 150, 'window': '10Y', 'order': 3, 'rows': 8}
2025-11-12 11:45:12,456 INFO [cli] {'ticker': 'DIA', 'mode': 'binary', 'thr': 150, 'window': '10Y', 'order': 4, 'rows': 15}
2025-11-12 11:45:12,466 INFO [cli] {'ticker': 'DIA', 'mode': 'binary', 'thr': 150, 'window': '20Y', 'order': 1, 'rows': 2}
2025-11-12 11:45:12,476 INFO [cli] {'ticker': 'DIA', 'mode': 'binary', 'thr': 150, 'window': '20Y', 'order': 2, 'rows': 4}
2025-11-12 11:45:12,485 INFO [cli] {'ticker': 'DIA', 'mode': 'binary', 'thr': 150, 'window': '20Y', 'order': 3, 'rows': 8}
2025-11-12 11:45:12,497 INFO [cli] {'ticker': 'DIA', 'mode': 'binary', 'thr': 150, 'window': '20Y', 'order': 4, 'rows': 15}
2025-11-12 11:45:12,507 INFO [cli] {'ticker': 'DIA', 'mode': 'binary', 'thr': 150, 'window': 'MAX', 'order': 1, 'rows': 2}
2025-11-12 11:45:12,516 INFO [cli] {'ticker': 'DIA', 'mode': 'binary', 'thr': 150, 'window': 'MAX', 'order': 2, 'rows': 4}
2025-11-12 11:45:12,524 INFO [cli] {'ticker': 'DIA', 'mode': 'binary', 'thr': 150, 'window': 'MAX', 'order': 3, 'rows': 8}
2025-11-12 11:45:12,534 INFO [cli] {'ticker': 'DIA', 'mode': 'binary', 'thr': 150, 'window': 'MAX', 'order': 4, 'rows': 15}
2025-11-12 11:45:12,550 INFO [cli] {'ticker': 'DIA', 'mode': 'tri', 'thr': 0, 'window': '1Y', 'order': 1, 'rows': 3}
2025-11-12 11:45:12,560 INFO [cli] {'ticker': 'DIA', 'mode': 'tri', 'thr': 0, 'window': '1Y', 'order': 2, 'rows': 6}
2025-11-12 11:45:12,572 INFO [cli] {'ticker': 'DIA', 'mode': 'tri', 'thr': 0, 'window': '1Y', 'order': 3, 'rows': 11}
2025-11-12 11:45:12,582 INFO [cli] {'ticker': 'DIA', 'mode': 'tri', 'thr': 0, 'window': '1Y', 'order': 4, 'rows': 20}
2025-11-12 11:45:12,592 INFO [cli] {'ticker': 'DIA', 'mode': 'tri', 'thr': 0, 'window': '2Y', 'order': 1, 'rows': 3}
2025-11-12 11:45:12,603 INFO [cli] {'ticker': 'DIA', 'mode': 'tri', 'thr': 0, 'window': '2Y', 'order': 2, 'rows': 6}
2025-11-12 11:45:12,615 INFO [cli] {'ticker': 'DIA', 'mode': 'tri', 'thr': 0, 'window': '2Y', 'order': 3, 'rows': 11}
2025-11-12 11:45:12,625 INFO [cli] {'ticker': 'DIA', 'mode': 'tri', 'thr': 0, 'window': '2Y', 'order': 4, 'rows': 20}
2025-11-12 11:45:12,636 INFO [cli] {'ticker': 'DIA', 'mode': 'tri', 'thr': 0, 'window': '5Y', 'order': 1, 'rows': 3}
2025-11-12 11:45:12,647 INFO [cli] {'ticker': 'DIA', 'mode': 'tri', 'thr': 0, 'window': '5Y', 'order': 2, 'rows': 8}
2025-11-12 11:45:12,658 INFO [cli] {'ticker': 'DIA', 'mode': 'tri', 'thr': 0, 'window': '5Y', 'order': 3, 'rows': 14}

{'ticker': 'DIA', 'mode': 'binary', 'thr': 115, 'window': '10Y', 'order': 4, 'rows': 16}
{'ticker': 'DIA', 'mode': 'binary', 'thr': 115, 'window': '20Y', 'order': 1, 'rows': 2}
{'ticker': 'DIA', 'mode': 'binary', 'thr': 115, 'window': '20Y', 'order': 2, 'rows': 4}
{'ticker': 'DIA', 'mode': 'binary', 'thr': 115, 'window': '20Y', 'order': 3, 'rows': 8}
{'ticker': 'DIA', 'mode': 'binary', 'thr': 115, 'window': '20Y', 'order': 4, 'rows': 16}
{'ticker': 'DIA', 'mode': 'binary', 'thr': 115, 'window': 'MAX', 'order': 1, 'rows': 2}
{'ticker': 'DIA', 'mode': 'binary', 'thr': 115, 'window': 'MAX', 'order': 2, 'rows': 4}
{'ticker': 'DIA', 'mode': 'binary', 'thr': 115, 'window': 'MAX', 'order': 3, 'rows': 8}
{'ticker': 'DIA', 'mode': 'binary', 'thr': 115, 'window': 'MAX', 'order': 4, 'rows': 16}
{'ticker': 'DIA', 'mode': 'binary', 'thr': 120, 'window': '1Y', 'order': 1, 'rows': 2}
{'ticker': 'DIA', 'mode': 'binary', 'thr': 120, 'window': '1Y', 'order': 2, 'rows': 3}
{'ticker': 'DIA', 'mode': 'binary', 'thr': 120, 'window': '1Y', 'order': 3, 'rows': 5}
{'ticker': 'DIA', 'mode': 'binary', 'thr': 120, 'window': '1Y', 'order': 4, 'rows': 8}
{'ticker': 'DIA', 'mode': 'binary', 'thr': 120, 'window': '2Y', 'order': 1, 'rows': 2}
{'ticker': 'DIA', 'mode': 'binary', 'thr': 120, 'window': '2Y', 'order': 2, 'rows': 3}
{'ticker': 'DIA', 'mode': 'binary', 'thr': 120, 'window': '2Y', 'order': 3, 'rows': 5}
{'ticker': 'DIA', 'mode': 'binary', 'thr': 120, 'window': '2Y', 'order': 4, 'rows': 8}
{'ticker': 'DIA', 'mode': 'binary', 'thr': 120, 'window': '5Y', 'order': 1, 'rows': 2}
{'ticker': 'DIA', 'mode': 'binary', 'thr': 120, 'window': '5Y', 'order': 2, 'rows': 4}
{'ticker': 'DIA', 'mode': 'binary', 'thr': 120, 'window': '5Y', 'order': 3, 'rows': 7}
{'ticker': 'DIA', 'mode': 'binary', 'thr': 120, 'window': '5Y', 'order': 4, 'rows': 12}
{'ticker': 'DIA', 'mode': 'binary', 'thr': 120, 'window': '10Y', 'order': 1, 'rows': 2}
{'ticker': 'DIA', 'mode': 'binary', 'thr': 120, 'window': '10Y', 'order': 2, 'rows': 4}
{'ticker': 'DIA', 'mode': 'binary', 'thr': 120, 'window': '10Y', 'order': 3, 'rows': 8}
{'ticker': 'DIA', 'mode': 'binary', 'thr': 120, 'window': '10Y', 'order': 4, 'rows': 16}
{'ticker': 'DIA', 'mode': 'binary', 'thr': 120, 'window': '20Y', 'order': 1, 'rows': 2}
{'ticker': 'DIA', 'mode': 'binary', 'thr': 120, 'window': '20Y', 'order': 2, 'rows': 4}
{'ticker': 'DIA', 'mode': 'binary', 'thr': 120, 'window': '20Y', 'order': 3, 'rows': 8}
{'ticker': 'DIA', 'mode': 'binary', 'thr': 120, 'window': '20Y', 'order': 4, 'rows': 16}
{'ticker': 'DIA', 'mode': 'binary', 'thr': 120, 'window': 'MAX', 'order': 1, 'rows': 2}
{'ticker': 'DIA', 'mode': 'binary', 'thr': 120, 'window': 'MAX', 'order': 2, 'rows': 4}
{'ticker': 'DIA', 'mode': 'binary', 'thr': 120, 'window': 'MAX', 'order': 3, 'rows': 8}
{'ticker': 'DIA', 'mode': 'binary', 'thr': 120, 'window': 'MAX', 'order': 4, 'rows': 16}
{'ticker': 'DIA', 'mode': 'binary', 'thr': 125, 'window': '1Y', 'order': 1, 'rows': 2}
{'ticker': 'DIA', 'mode': 'binary', 'thr': 125, 'window': '1Y', 'order': 2, 'rows': 3}
{'ticker': 'DIA', 'mode': 'binary', 'thr': 125, 'window': '1Y', 'order': 3, 'rows': 5}
{'ticker': 'DIA', 'mode': 'binary', 'thr': 125, 'window': '1Y', 'order': 4, 'rows': 7}
{'ticker': 'DIA', 'mode': 'binary', 'thr': 125, 'window': '2Y', 'order': 1, 'rows': 2}
{'ticker': 'DIA', 'mode': 'binary', 'thr': 125, 'window': '2Y', 'order': 2, 'rows': 3}
{'ticker': 'DIA', 'mode': 'binary', 'thr': 125, 'window': '2Y', 'order': 3, 'rows': 5}
{'ticker': 'DIA', 'mode': 'binary', 'thr': 125, 'window': '2Y', 'order': 4, 'rows': 7}
{'ticker': 'DIA', 'mode': 'binary', 'thr': 125, 'window': '5Y', 'order': 1, 'rows': 2}
{'ticker': 'DIA', 'mode': 'binary', 'thr': 125, 'window': '5Y', 'order': 2, 'rows': 4}
{'ticker': 'DIA', 'mode': 'binary', 'thr': 125, 'window': '5Y', 'order': 3, 'rows': 7}
{'ticker': 'DIA', 'mode': 'binary', 'thr': 125, 'window': '5Y', 'order': 4, 'rows': 12}
{'ticker': 'DIA', 'mode': 'binary', 'thr': 125, 'window': '10Y', 'order': 1, 'rows': 2}
{'ticker': 'DIA', 'mode': 'binary', 'thr': 125, 'window': '10Y', 'order': 2, 'rows': 4}
{'ticker': 'DIA', 'mode': 'binary', 'thr': 125, 'window': '10Y', 'order': 3, 'rows': 8}
{'ticker': 'DIA', 'mode': 'binary', 'thr': 125, 'window': '10Y', 'order': 4, 'rows': 16}
{'ticker': 'DIA', 'mode': 'binary', 'thr': 125, 'window': '20Y', 'order': 1, 'rows': 2}
{'ticker': 'DIA', 'mode': 'binary', 'thr': 125, 'window': '20Y', 'order': 2, 'rows': 4}
{'ticker': 'DIA', 'mode': 'binary', 'thr': 125, 'window': '20Y', 'order': 3, 'rows': 8}
{'ticker': 'DIA', 'mode': 'binary', 'thr': 125, 'window': '20Y', 'order': 4, 'rows': 16}
{'ticker': 'DIA', 'mode': 'binary', 'thr': 125, 'window': 'MAX', 'order': 1, 'rows': 2}
{'ticker': 'DIA', 'mode': 'binary', 'thr': 125, 'window': 'MAX', 'order': 2, 'rows': 4}
{'ticker': 'DIA', 'mode': 'binary', 'thr': 125, 'window': 'MAX', 'order': 3, 'rows': 8}
{'ticker': 'DIA', 'mode': 'binary', 'thr': 125, 'window': 'MAX', 'order': 4, 'rows': 16}
{'ticker': 'DIA', 'mode': 'binary', 'thr': 130, 'window': '1Y', 'order': 1, 'rows': 2}
{'ticker': 'DIA', 'mode': 'binary', 'thr': 130, 'window': '1Y', 'order': 2, 'rows': 3}
{'ticker': 'DIA', 'mode': 'binary', 'thr': 130, 'window': '1Y', 'order': 3, 'rows': 5}
{'ticker': 'DIA', 'mode': 'binary', 'thr': 130, 'window': '1Y', 'order': 4, 'rows': 7}
{'ticker': 'DIA', 'mode': 'binary', 'thr': 130, 'window': '2Y', 'order': 1, 'rows': 2}
{'ticker': 'DIA', 'mode': 'binary', 'thr': 130, 'window': '2Y', 'order': 2, 'rows': 3}
{'ticker': 'DIA', 'mode': 'binary', 'thr': 130, 'window': '2Y', 'order': 3, 'rows': 5}
{'ticker': 'DIA', 'mode': 'binary', 'thr': 130, 'window': '2Y', 'order': 4, 'rows': 7}
{'ticker': 'DIA', 'mode': 'binary', 'thr': 130, 'window': '5Y', 'order': 1, 'rows': 2}
{'ticker': 'DIA', 'mode': 'binary', 'thr': 130, 'window': '5Y', 'order': 2, 'rows': 4}
{'ticker': 'DIA', 'mode': 'binary', 'thr': 130, 'window': '5Y', 'order': 3, 'rows': 7}
{'ticker': 'DIA', 'mode': 'binary', 'thr': 130, 'window': '5Y', 'order': 4, 'rows': 12}
{'ticker': 'DIA', 'mode': 'binary', 'thr': 130, 'window': '10Y', 'order': 1, 'rows': 2}
{'ticker': 'DIA', 'mode': 'binary', 'thr': 130, 'window': '10Y', 'order': 2, 'rows': 4}
{'ticker': 'DIA', 'mode': 'binary', 'thr': 130, 'window': '10Y', 'order': 3, 'rows': 8}
{'ticker': 'DIA', 'mode': 'binary', 'thr': 130, 'window': '10Y', 'order': 4, 'rows': 16}
{'ticker': 'DIA', 'mode': 'binary', 'thr': 130, 'window': '20Y', 'order': 1, 'rows': 2}
{'ticker': 'DIA', 'mode': 'binary', 'thr': 130, 'window': '20Y', 'order': 2, 'rows': 4}
{'ticker': 'DIA', 'mode': 'binary', 'thr': 130, 'window': '20Y', 'order': 3, 'rows': 8}
{'ticker': 'DIA', 'mode': 'binary', 'thr': 130, 'window': '20Y', 'order': 4, 'rows': 16}
{'ticker': 'DIA', 'mode': 'binary', 'thr': 130, 'window': 'MAX', 'order': 1, 'rows': 2}
{'ticker': 'DIA', 'mode': 'binary', 'thr': 130, 'window': 'MAX', 'order': 2, 'rows': 4}
{'ticker': 'DIA', 'mode': 'binary', 'thr': 130, 'window': 'MAX', 'order': 3, 'rows': 8}
{'ticker': 'DIA', 'mode': 'binary', 'thr': 130, 'window': 'MAX', 'order': 4, 'rows': 16}
{'ticker': 'DIA', 'mode': 'binary', 'thr': 135, 'window': '1Y', 'order': 1, 'rows': 2}
{'ticker': 'DIA', 'mode': 'binary', 'thr': 135, 'window': '1Y', 'order': 2, 'rows': 3}
{'ticker': 'DIA', 'mode': 'binary', 'thr': 135, 'window': '1Y', 'order': 3, 'rows': 5}
{'ticker': 'DIA', 'mode': 'binary', 'thr': 135, 'window': '1Y', 'order': 4, 'rows': 7}
{'ticker': 'DIA', 'mode': 'binary', 'thr': 135, 'window': '2Y', 'order': 1, 'rows': 2}
{'ticker': 'DIA', 'mode': 'binary', 'thr': 135, 'window': '2Y', 'order': 2, 'rows': 3}
{'ticker': 'DIA', 'mode': 'binary', 'thr': 135, 'window': '2Y', 'order': 3, 'rows': 5}
{'ticker': 'DIA', 'mode': 'binary', 'thr': 135, 'window': '2Y', 'order': 4, 'rows': 7}
{'ticker': 'DIA', 'mode': 'binary', 'thr': 135, 'window': '5Y', 'order': 1, 'rows': 2}
{'ticker': 'DIA', 'mode': 'binary', 'thr': 135, 'window': '5Y', 'order': 2, 'rows': 4}
{'ticker': 'DIA', 'mode': 'binary', 'thr': 135, 'window': '5Y', 'order': 3, 'rows': 7}
{'ticker': 'DIA', 'mode': 'binary', 'thr': 135, 'window': '5Y', 'order': 4, 'rows': 12}
{'ticker': 'DIA', 'mode': 'binary', 'thr': 135, 'window': '10Y', 'order': 1, 'rows': 2}2025-11-12 11:45:12,669 INFO [cli] {'ticker': 'DIA', 'mode': 'tri', 'thr': 0, 'window': '5Y', 'order': 4, 'rows': 24}
2025-11-12 11:45:12,682 INFO [cli] {'ticker': 'DIA', 'mode': 'tri', 'thr': 0, 'window': '10Y', 'order': 1, 'rows': 3}
2025-11-12 11:45:12,691 INFO [cli] {'ticker': 'DIA', 'mode': 'tri', 'thr': 0, 'window': '10Y', 'order': 2, 'rows': 8}
2025-11-12 11:45:12,703 INFO [cli] {'ticker': 'DIA', 'mode': 'tri', 'thr': 0, 'window': '10Y', 'order': 3, 'rows': 18}
2025-11-12 11:45:12,713 INFO [cli] {'ticker': 'DIA', 'mode': 'tri', 'thr': 0, 'window': '10Y', 'order': 4, 'rows': 36}
2025-11-12 11:45:12,722 INFO [cli] {'ticker': 'DIA', 'mode': 'tri', 'thr': 0, 'window': '20Y', 'order': 1, 'rows': 3}
2025-11-12 11:45:12,736 INFO [cli] {'ticker': 'DIA', 'mode': 'tri', 'thr': 0, 'window': '20Y', 'order': 2, 'rows': 8}
2025-11-12 11:45:12,749 INFO [cli] {'ticker': 'DIA', 'mode': 'tri', 'thr': 0, 'window': '20Y', 'order': 3, 'rows': 20}
2025-11-12 11:45:12,762 INFO [cli] {'ticker': 'DIA', 'mode': 'tri', 'thr': 0, 'window': '20Y', 'order': 4, 'rows': 47}
2025-11-12 11:45:12,772 INFO [cli] {'ticker': 'DIA', 'mode': 'tri', 'thr': 0, 'window': 'MAX', 'order': 1, 'rows': 3}
2025-11-12 11:45:12,780 INFO [cli] {'ticker': 'DIA', 'mode': 'tri', 'thr': 0, 'window': 'MAX', 'order': 2, 'rows': 8}
2025-11-12 11:45:12,790 INFO [cli] {'ticker': 'DIA', 'mode': 'tri', 'thr': 0, 'window': 'MAX', 'order': 3, 'rows': 20}
2025-11-12 11:45:12,798 INFO [cli] {'ticker': 'DIA', 'mode': 'tri', 'thr': 0, 'window': 'MAX', 'order': 4, 'rows': 48}
2025-11-12 11:45:12,818 INFO [cli] {'ticker': 'DIA', 'mode': 'tri', 'thr': 5, 'window': '1Y', 'order': 1, 'rows': 3}
2025-11-12 11:45:12,829 INFO [cli] {'ticker': 'DIA', 'mode': 'tri', 'thr': 5, 'window': '1Y', 'order': 2, 'rows': 8}
2025-11-12 11:45:12,838 INFO [cli] {'ticker': 'DIA', 'mode': 'tri', 'thr': 5, 'window': '1Y', 'order': 3, 'rows': 21}
2025-11-12 11:45:12,848 INFO [cli] {'ticker': 'DIA', 'mode': 'tri', 'thr': 5, 'window': '1Y', 'order': 4, 'rows': 46}
2025-11-12 11:45:12,858 INFO [cli] {'ticker': 'DIA', 'mode': 'tri', 'thr': 5, 'window': '2Y', 'order': 1, 'rows': 3}
2025-11-12 11:45:12,870 INFO [cli] {'ticker': 'DIA', 'mode': 'tri', 'thr': 5, 'window': '2Y', 'order': 2, 'rows': 8}
2025-11-12 11:45:12,880 INFO [cli] {'ticker': 'DIA', 'mode': 'tri', 'thr': 5, 'window': '2Y', 'order': 3, 'rows': 21}
2025-11-12 11:45:12,890 INFO [cli] {'ticker': 'DIA', 'mode': 'tri', 'thr': 5, 'window': '2Y', 'order': 4, 'rows': 48}
2025-11-12 11:45:12,912 INFO [cli] {'ticker': 'DIA', 'mode': 'tri', 'thr': 5, 'window': '5Y', 'order': 1, 'rows': 3}
2025-11-12 11:45:12,922 INFO [cli] {'ticker': 'DIA', 'mode': 'tri', 'thr': 5, 'window': '5Y', 'order': 2, 'rows': 9}
2025-11-12 11:45:12,932 INFO [cli] {'ticker': 'DIA', 'mode': 'tri', 'thr': 5, 'window': '5Y', 'order': 3, 'rows': 25}
2025-11-12 11:45:12,941 INFO [cli] {'ticker': 'DIA', 'mode': 'tri', 'thr': 5, 'window': '5Y', 'order': 4, 'rows': 60}
2025-11-12 11:45:12,952 INFO [cli] {'ticker': 'DIA', 'mode': 'tri', 'thr': 5, 'window': '10Y', 'order': 1, 'rows': 3}
2025-11-12 11:45:12,961 INFO [cli] {'ticker': 'DIA', 'mode': 'tri', 'thr': 5, 'window': '10Y', 'order': 2, 'rows': 9}
2025-11-12 11:45:12,971 INFO [cli] {'ticker': 'DIA', 'mode': 'tri', 'thr': 5, 'window': '10Y', 'order': 3, 'rows': 27}
2025-11-12 11:45:12,980 INFO [cli] {'ticker': 'DIA', 'mode': 'tri', 'thr': 5, 'window': '10Y', 'order': 4, 'rows': 72}
2025-11-12 11:45:12,989 INFO [cli] {'ticker': 'DIA', 'mode': 'tri', 'thr': 5, 'window': '20Y', 'order': 1, 'rows': 3}
2025-11-12 11:45:12,998 INFO [cli] {'ticker': 'DIA', 'mode': 'tri', 'thr': 5, 'window': '20Y', 'order': 2, 'rows': 9}
2025-11-12 11:45:13,008 INFO [cli] {'ticker': 'DIA', 'mode': 'tri', 'thr': 5, 'window': '20Y', 'order': 3, 'rows': 27}
2025-11-12 11:45:13,020 INFO [cli] {'ticker': 'DIA', 'mode': 'tri', 'thr': 5, 'window': '20Y', 'order': 4, 'rows': 76}
2025-11-12 11:45:13,031 INFO [cli] {'ticker': 'DIA', 'mode': 'tri', 'thr': 5, 'window': 'MAX', 'order': 1, 'rows': 3}
2025-11-12 11:45:13,040 INFO [cli] {'ticker': 'DIA', 'mode': 'tri', 'thr': 5, 'window': 'MAX', 'order': 2, 'rows': 9}
2025-11-12 11:45:13,051 INFO [cli] {'ticker': 'DIA', 'mode': 'tri', 'thr': 5, 'window': 'MAX', 'order': 3, 'rows': 27}
2025-11-12 11:45:13,062 INFO [cli] {'ticker': 'DIA', 'mode': 'tri', 'thr': 5, 'window': 'MAX', 'order': 4, 'rows': 77}
2025-11-12 11:45:13,079 INFO [cli] {'ticker': 'DIA', 'mode': 'tri', 'thr': 10, 'window': '1Y', 'order': 1, 'rows': 3}
2025-11-12 11:45:13,089 INFO [cli] {'ticker': 'DIA', 'mode': 'tri', 'thr': 10, 'window': '1Y', 'order': 2, 'rows': 9}
2025-11-12 11:45:13,100 INFO [cli] {'ticker': 'DIA', 'mode': 'tri', 'thr': 10, 'window': '1Y', 'order': 3, 'rows': 25}
2025-11-12 11:45:13,111 INFO [cli] {'ticker': 'DIA', 'mode': 'tri', 'thr': 10, 'window': '1Y', 'order': 4, 'rows': 63}
2025-11-12 11:45:13,121 INFO [cli] {'ticker': 'DIA', 'mode': 'tri', 'thr': 10, 'window': '2Y', 'order': 1, 'rows': 3}
2025-11-12 11:45:13,131 INFO [cli] {'ticker': 'DIA', 'mode': 'tri', 'thr': 10, 'window': '2Y', 'order': 2, 'rows': 9}
2025-11-12 11:45:13,142 INFO [cli] {'ticker': 'DIA', 'mode': 'tri', 'thr': 10, 'window': '2Y', 'order': 3, 'rows': 26}
2025-11-12 11:45:13,152 INFO [cli] {'ticker': 'DIA', 'mode': 'tri', 'thr': 10, 'window': '2Y', 'order': 4, 'rows': 72}
2025-11-12 11:45:13,164 INFO [cli] {'ticker': 'DIA', 'mode': 'tri', 'thr': 10, 'window': '5Y', 'order': 1, 'rows': 3}
2025-11-12 11:45:13,176 INFO [cli] {'ticker': 'DIA', 'mode': 'tri', 'thr': 10, 'window': '5Y', 'order': 2, 'rows': 9}
2025-11-12 11:45:13,188 INFO [cli] {'ticker': 'DIA', 'mode': 'tri', 'thr': 10, 'window': '5Y', 'order': 3, 'rows': 27}
2025-11-12 11:45:13,196 INFO [cli] {'ticker': 'DIA', 'mode': 'tri', 'thr': 10, 'window': '5Y', 'order': 4, 'rows': 77}
2025-11-12 11:45:13,206 INFO [cli] {'ticker': 'DIA', 'mode': 'tri', 'thr': 10, 'window': '10Y', 'order': 1, 'rows': 3}
2025-11-12 11:45:13,219 INFO [cli] {'ticker': 'DIA', 'mode': 'tri', 'thr': 10, 'window': '10Y', 'order': 2, 'rows': 9}
2025-11-12 11:45:13,231 INFO [cli] {'ticker': 'DIA', 'mode': 'tri', 'thr': 10, 'window': '10Y', 'order': 3, 'rows': 27}
2025-11-12 11:45:13,240 INFO [cli] {'ticker': 'DIA', 'mode': 'tri', 'thr': 10, 'window': '10Y', 'order': 4, 'rows': 81}
2025-11-12 11:45:13,250 INFO [cli] {'ticker': 'DIA', 'mode': 'tri', 'thr': 10, 'window': '20Y', 'order': 1, 'rows': 3}
2025-11-12 11:45:13,262 INFO [cli] {'ticker': 'DIA', 'mode': 'tri', 'thr': 10, 'window': '20Y', 'order': 2, 'rows': 9}
2025-11-12 11:45:13,272 INFO [cli] {'ticker': 'DIA', 'mode': 'tri', 'thr': 10, 'window': '20Y', 'order': 3, 'rows': 27}
2025-11-12 11:45:13,283 INFO [cli] {'ticker': 'DIA', 'mode': 'tri', 'thr': 10, 'window': '20Y', 'order': 4, 'rows': 81}
2025-11-12 11:45:13,290 INFO [cli] {'ticker': 'DIA', 'mode': 'tri', 'thr': 10, 'window': 'MAX', 'order': 1, 'rows': 3}
2025-11-12 11:45:13,298 INFO [cli] {'ticker': 'DIA', 'mode': 'tri', 'thr': 10, 'window': 'MAX', 'order': 2, 'rows': 9}
2025-11-12 11:45:13,306 INFO [cli] {'ticker': 'DIA', 'mode': 'tri', 'thr': 10, 'window': 'MAX', 'order': 3, 'rows': 27}
2025-11-12 11:45:13,315 INFO [cli] {'ticker': 'DIA', 'mode': 'tri', 'thr': 10, 'window': 'MAX', 'order': 4, 'rows': 81}
2025-11-12 11:45:13,331 INFO [cli] {'ticker': 'DIA', 'mode': 'tri', 'thr': 15, 'window': '1Y', 'order': 1, 'rows': 3}
2025-11-12 11:45:13,340 INFO [cli] {'ticker': 'DIA', 'mode': 'tri', 'thr': 15, 'window': '1Y', 'order': 2, 'rows': 9}
2025-11-12 11:45:13,350 INFO [cli] {'ticker': 'DIA', 'mode': 'tri', 'thr': 15, 'window': '1Y', 'order': 3, 'rows': 27}
2025-11-12 11:45:13,357 INFO [cli] {'ticker': 'DIA', 'mode': 'tri', 'thr': 15, 'window': '1Y', 'order': 4, 'rows': 68}
2025-11-12 11:45:13,367 INFO [cli] {'ticker': 'DIA', 'mode': 'tri', 'thr': 15, 'window': '2Y', 'order': 1, 'rows': 3}
2025-11-12 11:45:13,375 INFO [cli] {'ticker': 'DIA', 'mode': 'tri', 'thr': 15, 'window': '2Y', 'order': 2, 'rows': 9}
2025-11-12 11:45:13,386 INFO [cli] {'ticker': 'DIA', 'mode': 'tri', 'thr': 15, 'window': '2Y', 'order': 3, 'rows': 27}
2025-11-12 11:45:13,394 INFO [cli] {'ticker': 'DIA', 'mode': 'tri', 'thr': 15, 'window': '2Y', 'order': 4, 'rows': 78}
2025-11-12 11:45:13,404 INFO [cli] {'ticker': 'DIA', 'mode': 'tri', 'thr': 15, 'window': '5Y', 'order': 1, 'rows': 3}
2025-11-12 11:45:13,412 INFO [cli] {'ticker': 'DIA', 'mode': 'tri', 'thr': 15, 'window': '5Y', 'order': 2, 'rows': 9}
2025-11-12 11:45:13,423 INFO [cli] {'ticker': 'DIA', 'mode': 'tri', 'thr': 15, 'window': '5Y', 'order': 3, 'rows': 27}
2025-11-12 11:45:13,436 INFO [cli] {'ticker': 'DIA', 'mode': 'tri', 'thr': 15, 'window': '5Y', 'order': 4, 'rows': 81}
2025-11-12 11:45:13,446 INFO [cli] {'ticker': 'DIA', 'mode': 'tri', 'thr': 15, 'window': '10Y', 'order': 1, 'rows': 3}
2025-11-12 11:45:13,455 INFO [cli] {'ticker': 'DIA', 'mode': 'tri', 'thr': 15, 'window': '10Y', 'order': 2, 'rows': 9}
2025-11-12 11:45:13,463 INFO [cli] {'ticker': 'DIA', 'mode': 'tri', 'thr': 15, 'window': '10Y', 'order': 3, 'rows': 27}
2025-11-12 11:45:13,474 INFO [cli] {'ticker': 'DIA', 'mode': 'tri', 'thr': 15, 'window': '10Y', 'order': 4, 'rows': 81}
2025-11-12 11:45:13,483 INFO [cli] {'ticker': 'DIA', 'mode': 'tri', 'thr': 15, 'window': '20Y', 'order': 1, 'rows': 3}
2025-11-12 11:45:13,492 INFO [cli] {'ticker': 'DIA', 'mode': 'tri', 'thr': 15, 'window': '20Y', 'order': 2, 'rows': 9}
2025-11-12 11:45:13,501 INFO [cli] {'ticker': 'DIA', 'mode': 'tri', 'thr': 15, 'window': '20Y', 'order': 3, 'rows': 27}
2025-11-12 11:45:13,510 INFO [cli] {'ticker': 'DIA', 'mode': 'tri', 'thr': 15, 'window': '20Y', 'order': 4, 'rows': 81}
2025-11-12 11:45:13,521 INFO [cli] {'ticker': 'DIA', 'mode': 'tri', 'thr': 15, 'window': 'MAX', 'order': 1, 'rows': 3}
2025-11-12 11:45:13,533 INFO [cli] {'ticker': 'DIA', 'mode': 'tri', 'thr': 15, 'window': 'MAX', 'order': 2, 'rows': 9}
2025-11-12 11:45:13,544 INFO [cli] {'ticker': 'DIA', 'mode': 'tri', 'thr': 15, 'window': 'MAX', 'order': 3, 'rows': 27}
2025-11-12 11:45:13,553 INFO [cli] {'ticker': 'DIA', 'mode': 'tri', 'thr': 15, 'window': 'MAX', 'order': 4, 'rows': 81}
2025-11-12 11:45:13,578 INFO [cli] {'ticker': 'DIA', 'mode': 'tri', 'thr': 20, 'window': '1Y', 'order': 1, 'rows': 3}
2025-11-12 11:45:13,586 INFO [cli] {'ticker': 'DIA', 'mode': 'tri', 'thr': 20, 'window': '1Y', 'order': 2, 'rows': 9}
2025-11-12 11:45:13,599 INFO [cli] {'ticker': 'DIA', 'mode': 'tri', 'thr': 20, 'window': '1Y', 'order': 3, 'rows': 27}
2025-11-12 11:45:13,609 INFO [cli] {'ticker': 'DIA', 'mode': 'tri', 'thr': 20, 'window': '1Y', 'order': 4, 'rows': 74}
2025-11-12 11:45:13,619 INFO [cli] {'ticker': 'DIA', 'mode': 'tri', 'thr': 20, 'window': '2Y', 'order': 1, 'rows': 3}
2025-11-12 11:45:13,630 INFO [cli] {'ticker': 'DIA', 'mode': 'tri', 'thr': 20, 'window': '2Y', 'order': 2, 'rows': 9}
2025-11-12 11:45:13,641 INFO [cli] {'ticker': 'DIA', 'mode': 'tri', 'thr': 20, 'window': '2Y', 'order': 3, 'rows': 27}
2025-11-12 11:45:13,654 INFO [cli] {'ticker': 'DIA', 'mode': 'tri', 'thr': 20, 'window': '2Y', 'order': 4, 'rows': 81}
2025-11-12 11:45:13,664 INFO [cli] {'ticker': 'DIA', 'mode': 'tri', 'thr': 20, 'window': '5Y', 'order': 1, 'rows': 3}
2025-11-12 11:45:13,674 INFO [cli] {'ticker': 'DIA', 'mode': 'tri', 'thr': 20, 'window': '5Y', 'order': 2, 'rows': 9}
2025-11-12 11:45:13,683 INFO [cli] {'ticker': 'DIA', 'mode': 'tri', 'thr': 20, 'window': '5Y', 'order': 3, 'rows': 27}
2025-11-12 11:45:13,695 INFO [cli] {'ticker': 'DIA', 'mode': 'tri', 'thr': 20, 'window': '5Y', 'order': 4, 'rows': 81}
2025-11-12 11:45:13,704 INFO [cli] {'ticker': 'DIA', 'mode': 'tri', 'thr': 20, 'window': '10Y', 'order': 1, 'rows': 3}

{'ticker': 'DIA', 'mode': 'binary', 'thr': 135, 'window': '10Y', 'order': 2, 'rows': 4}
{'ticker': 'DIA', 'mode': 'binary', 'thr': 135, 'window': '10Y', 'order': 3, 'rows': 8}
{'ticker': 'DIA', 'mode': 'binary', 'thr': 135, 'window': '10Y', 'order': 4, 'rows': 16}
{'ticker': 'DIA', 'mode': 'binary', 'thr': 135, 'window': '20Y', 'order': 1, 'rows': 2}
{'ticker': 'DIA', 'mode': 'binary', 'thr': 135, 'window': '20Y', 'order': 2, 'rows': 4}
{'ticker': 'DIA', 'mode': 'binary', 'thr': 135, 'window': '20Y', 'order': 3, 'rows': 8}
{'ticker': 'DIA', 'mode': 'binary', 'thr': 135, 'window': '20Y', 'order': 4, 'rows': 16}
{'ticker': 'DIA', 'mode': 'binary', 'thr': 135, 'window': 'MAX', 'order': 1, 'rows': 2}
{'ticker': 'DIA', 'mode': 'binary', 'thr': 135, 'window': 'MAX', 'order': 2, 'rows': 4}
{'ticker': 'DIA', 'mode': 'binary', 'thr': 135, 'window': 'MAX', 'order': 3, 'rows': 8}
{'ticker': 'DIA', 'mode': 'binary', 'thr': 135, 'window': 'MAX', 'order': 4, 'rows': 16}
{'ticker': 'DIA', 'mode': 'binary', 'thr': 140, 'window': '1Y', 'order': 1, 'rows': 2}
{'ticker': 'DIA', 'mode': 'binary', 'thr': 140, 'window': '1Y', 'order': 2, 'rows': 3}
{'ticker': 'DIA', 'mode': 'binary', 'thr': 140, 'window': '1Y', 'order': 3, 'rows': 5}
{'ticker': 'DIA', 'mode': 'binary', 'thr': 140, 'window': '1Y', 'order': 4, 'rows': 7}
{'ticker': 'DIA', 'mode': 'binary', 'thr': 140, 'window': '2Y', 'order': 1, 'rows': 2}
{'ticker': 'DIA', 'mode': 'binary', 'thr': 140, 'window': '2Y', 'order': 2, 'rows': 3}
{'ticker': 'DIA', 'mode': 'binary', 'thr': 140, 'window': '2Y', 'order': 3, 'rows': 5}
{'ticker': 'DIA', 'mode': 'binary', 'thr': 140, 'window': '2Y', 'order': 4, 'rows': 7}
{'ticker': 'DIA', 'mode': 'binary', 'thr': 140, 'window': '5Y', 'order': 1, 'rows': 2}
{'ticker': 'DIA', 'mode': 'binary', 'thr': 140, 'window': '5Y', 'order': 2, 'rows': 4}
{'ticker': 'DIA', 'mode': 'binary', 'thr': 140, 'window': '5Y', 'order': 3, 'rows': 7}
{'ticker': 'DIA', 'mode': 'binary', 'thr': 140, 'window': '5Y', 'order': 4, 'rows': 11}
{'ticker': 'DIA', 'mode': 'binary', 'thr': 140, 'window': '10Y', 'order': 1, 'rows': 2}
{'ticker': 'DIA', 'mode': 'binary', 'thr': 140, 'window': '10Y', 'order': 2, 'rows': 4}
{'ticker': 'DIA', 'mode': 'binary', 'thr': 140, 'window': '10Y', 'order': 3, 'rows': 8}
{'ticker': 'DIA', 'mode': 'binary', 'thr': 140, 'window': '10Y', 'order': 4, 'rows': 16}
{'ticker': 'DIA', 'mode': 'binary', 'thr': 140, 'window': '20Y', 'order': 1, 'rows': 2}
{'ticker': 'DIA', 'mode': 'binary', 'thr': 140, 'window': '20Y', 'order': 2, 'rows': 4}
{'ticker': 'DIA', 'mode': 'binary', 'thr': 140, 'window': '20Y', 'order': 3, 'rows': 8}
{'ticker': 'DIA', 'mode': 'binary', 'thr': 140, 'window': '20Y', 'order': 4, 'rows': 16}
{'ticker': 'DIA', 'mode': 'binary', 'thr': 140, 'window': 'MAX', 'order': 1, 'rows': 2}
{'ticker': 'DIA', 'mode': 'binary', 'thr': 140, 'window': 'MAX', 'order': 2, 'rows': 4}
{'ticker': 'DIA', 'mode': 'binary', 'thr': 140, 'window': 'MAX', 'order': 3, 'rows': 8}
{'ticker': 'DIA', 'mode': 'binary', 'thr': 140, 'window': 'MAX', 'order': 4, 'rows': 16}
{'ticker': 'DIA', 'mode': 'binary', 'thr': 145, 'window': '1Y', 'order': 1, 'rows': 2}
{'ticker': 'DIA', 'mode': 'binary', 'thr': 145, 'window': '1Y', 'order': 2, 'rows': 3}
{'ticker': 'DIA', 'mode': 'binary', 'thr': 145, 'window': '1Y', 'order': 3, 'rows': 5}
{'ticker': 'DIA', 'mode': 'binary', 'thr': 145, 'window': '1Y', 'order': 4, 'rows': 7}
{'ticker': 'DIA', 'mode': 'binary', 'thr': 145, 'window': '2Y', 'order': 1, 'rows': 2}
{'ticker': 'DIA', 'mode': 'binary', 'thr': 145, 'window': '2Y', 'order': 2, 'rows': 3}
{'ticker': 'DIA', 'mode': 'binary', 'thr': 145, 'window': '2Y', 'order': 3, 'rows': 5}
{'ticker': 'DIA', 'mode': 'binary', 'thr': 145, 'window': '2Y', 'order': 4, 'rows': 7}
{'ticker': 'DIA', 'mode': 'binary', 'thr': 145, 'window': '5Y', 'order': 1, 'rows': 2}
{'ticker': 'DIA', 'mode': 'binary', 'thr': 145, 'window': '5Y', 'order': 2, 'rows': 4}
{'ticker': 'DIA', 'mode': 'binary', 'thr': 145, 'window': '5Y', 'order': 3, 'rows': 7}
{'ticker': 'DIA', 'mode': 'binary', 'thr': 145, 'window': '5Y', 'order': 4, 'rows': 11}
{'ticker': 'DIA', 'mode': 'binary', 'thr': 145, 'window': '10Y', 'order': 1, 'rows': 2}
{'ticker': 'DIA', 'mode': 'binary', 'thr': 145, 'window': '10Y', 'order': 2, 'rows': 4}
{'ticker': 'DIA', 'mode': 'binary', 'thr': 145, 'window': '10Y', 'order': 3, 'rows': 8}
{'ticker': 'DIA', 'mode': 'binary', 'thr': 145, 'window': '10Y', 'order': 4, 'rows': 15}
{'ticker': 'DIA', 'mode': 'binary', 'thr': 145, 'window': '20Y', 'order': 1, 'rows': 2}
{'ticker': 'DIA', 'mode': 'binary', 'thr': 145, 'window': '20Y', 'order': 2, 'rows': 4}
{'ticker': 'DIA', 'mode': 'binary', 'thr': 145, 'window': '20Y', 'order': 3, 'rows': 8}
{'ticker': 'DIA', 'mode': 'binary', 'thr': 145, 'window': '20Y', 'order': 4, 'rows': 15}
{'ticker': 'DIA', 'mode': 'binary', 'thr': 145, 'window': 'MAX', 'order': 1, 'rows': 2}
{'ticker': 'DIA', 'mode': 'binary', 'thr': 145, 'window': 'MAX', 'order': 2, 'rows': 4}
{'ticker': 'DIA', 'mode': 'binary', 'thr': 145, 'window': 'MAX', 'order': 3, 'rows': 8}
{'ticker': 'DIA', 'mode': 'binary', 'thr': 145, 'window': 'MAX', 'order': 4, 'rows': 15}
{'ticker': 'DIA', 'mode': 'binary', 'thr': 150, 'window': '1Y', 'order': 1, 'rows': 2}
{'ticker': 'DIA', 'mode': 'binary', 'thr': 150, 'window': '1Y', 'order': 2, 'rows': 3}
{'ticker': 'DIA', 'mode': 'binary', 'thr': 150, 'window': '1Y', 'order': 3, 'rows': 5}
{'ticker': 'DIA', 'mode': 'binary', 'thr': 150, 'window': '1Y', 'order': 4, 'rows': 7}
{'ticker': 'DIA', 'mode': 'binary', 'thr': 150, 'window': '2Y', 'order': 1, 'rows': 2}
{'ticker': 'DIA', 'mode': 'binary', 'thr': 150, 'window': '2Y', 'order': 2, 'rows': 3}
{'ticker': 'DIA', 'mode': 'binary', 'thr': 150, 'window': '2Y', 'order': 3, 'rows': 5}
{'ticker': 'DIA', 'mode': 'binary', 'thr': 150, 'window': '2Y', 'order': 4, 'rows': 7}
{'ticker': 'DIA', 'mode': 'binary', 'thr': 150, 'window': '5Y', 'order': 1, 'rows': 2}
{'ticker': 'DIA', 'mode': 'binary', 'thr': 150, 'window': '5Y', 'order': 2, 'rows': 4}
{'ticker': 'DIA', 'mode': 'binary', 'thr': 150, 'window': '5Y', 'order': 3, 'rows': 7}
{'ticker': 'DIA', 'mode': 'binary', 'thr': 150, 'window': '5Y', 'order': 4, 'rows': 11}
{'ticker': 'DIA', 'mode': 'binary', 'thr': 150, 'window': '10Y', 'order': 1, 'rows': 2}
{'ticker': 'DIA', 'mode': 'binary', 'thr': 150, 'window': '10Y', 'order': 2, 'rows': 4}
{'ticker': 'DIA', 'mode': 'binary', 'thr': 150, 'window': '10Y', 'order': 3, 'rows': 8}
{'ticker': 'DIA', 'mode': 'binary', 'thr': 150, 'window': '10Y', 'order': 4, 'rows': 15}
{'ticker': 'DIA', 'mode': 'binary', 'thr': 150, 'window': '20Y', 'order': 1, 'rows': 2}
{'ticker': 'DIA', 'mode': 'binary', 'thr': 150, 'window': '20Y', 'order': 2, 'rows': 4}
{'ticker': 'DIA', 'mode': 'binary', 'thr': 150, 'window': '20Y', 'order': 3, 'rows': 8}
{'ticker': 'DIA', 'mode': 'binary', 'thr': 150, 'window': '20Y', 'order': 4, 'rows': 15}
{'ticker': 'DIA', 'mode': 'binary', 'thr': 150, 'window': 'MAX', 'order': 1, 'rows': 2}
{'ticker': 'DIA', 'mode': 'binary', 'thr': 150, 'window': 'MAX', 'order': 2, 'rows': 4}
{'ticker': 'DIA', 'mode': 'binary', 'thr': 150, 'window': 'MAX', 'order': 3, 'rows': 8}
{'ticker': 'DIA', 'mode': 'binary', 'thr': 150, 'window': 'MAX', 'order': 4, 'rows': 15}
{'ticker': 'DIA', 'mode': 'tri', 'thr': 0, 'window': '1Y', 'order': 1, 'rows': 3}
{'ticker': 'DIA', 'mode': 'tri', 'thr': 0, 'window': '1Y', 'order': 2, 'rows': 6}
{'ticker': 'DIA', 'mode': 'tri', 'thr': 0, 'window': '1Y', 'order': 3, 'rows': 11}
{'ticker': 'DIA', 'mode': 'tri', 'thr': 0, 'window': '1Y', 'order': 4, 'rows': 20}
{'ticker': 'DIA', 'mode': 'tri', 'thr': 0, 'window': '2Y', 'order': 1, 'rows': 3}
{'ticker': 'DIA', 'mode': 'tri', 'thr': 0, 'window': '2Y', 'order': 2, 'rows': 6}
{'ticker': 'DIA', 'mode': 'tri', 'thr': 0, 'window': '2Y', 'order': 3, 'rows': 11}
{'ticker': 'DIA', 'mode': 'tri', 'thr': 0, 'window': '2Y', 'order': 4, 'rows': 20}
{'ticker': 'DIA', 'mode': 'tri', 'thr': 0, 'window': '5Y', 'order': 1, 'rows': 3}
{'ticker': 'DIA', 'mode': 'tri', 'thr': 0, 'window': '5Y', 'order': 2, 'rows': 8}
{'ticker': 'DIA', 'mode': 'tri', 'thr': 0, 'window': '5Y', 'order': 3, 'rows': 14}
{'ticker': 'DIA', 'mode': 'tri', 'thr': 0, 'window': '5Y', 'order': 4, 'rows': 24}2025-11-12 11:45:13,717 INFO [cli] {'ticker': 'DIA', 'mode': 'tri', 'thr': 20, 'window': '10Y', 'order': 2, 'rows': 9}
2025-11-12 11:45:13,726 INFO [cli] {'ticker': 'DIA', 'mode': 'tri', 'thr': 20, 'window': '10Y', 'order': 3, 'rows': 27}
2025-11-12 11:45:13,736 INFO [cli] {'ticker': 'DIA', 'mode': 'tri', 'thr': 20, 'window': '10Y', 'order': 4, 'rows': 81}
2025-11-12 11:45:13,743 INFO [cli] {'ticker': 'DIA', 'mode': 'tri', 'thr': 20, 'window': '20Y', 'order': 1, 'rows': 3}
2025-11-12 11:45:13,754 INFO [cli] {'ticker': 'DIA', 'mode': 'tri', 'thr': 20, 'window': '20Y', 'order': 2, 'rows': 9}
2025-11-12 11:45:13,765 INFO [cli] {'ticker': 'DIA', 'mode': 'tri', 'thr': 20, 'window': '20Y', 'order': 3, 'rows': 27}
2025-11-12 11:45:13,776 INFO [cli] {'ticker': 'DIA', 'mode': 'tri', 'thr': 20, 'window': '20Y', 'order': 4, 'rows': 81}
2025-11-12 11:45:13,784 INFO [cli] {'ticker': 'DIA', 'mode': 'tri', 'thr': 20, 'window': 'MAX', 'order': 1, 'rows': 3}
2025-11-12 11:45:13,794 INFO [cli] {'ticker': 'DIA', 'mode': 'tri', 'thr': 20, 'window': 'MAX', 'order': 2, 'rows': 9}
2025-11-12 11:45:13,805 INFO [cli] {'ticker': 'DIA', 'mode': 'tri', 'thr': 20, 'window': 'MAX', 'order': 3, 'rows': 27}
2025-11-12 11:45:13,816 INFO [cli] {'ticker': 'DIA', 'mode': 'tri', 'thr': 20, 'window': 'MAX', 'order': 4, 'rows': 81}
2025-11-12 11:45:13,833 INFO [cli] {'ticker': 'DIA', 'mode': 'tri', 'thr': 25, 'window': '1Y', 'order': 1, 'rows': 3}
2025-11-12 11:45:13,853 INFO [cli] {'ticker': 'DIA', 'mode': 'tri', 'thr': 25, 'window': '1Y', 'order': 2, 'rows': 9}
2025-11-12 11:45:13,863 INFO [cli] {'ticker': 'DIA', 'mode': 'tri', 'thr': 25, 'window': '1Y', 'order': 3, 'rows': 27}
2025-11-12 11:45:13,872 INFO [cli] {'ticker': 'DIA', 'mode': 'tri', 'thr': 25, 'window': '1Y', 'order': 4, 'rows': 79}
2025-11-12 11:45:13,881 INFO [cli] {'ticker': 'DIA', 'mode': 'tri', 'thr': 25, 'window': '2Y', 'order': 1, 'rows': 3}
2025-11-12 11:45:13,891 INFO [cli] {'ticker': 'DIA', 'mode': 'tri', 'thr': 25, 'window': '2Y', 'order': 2, 'rows': 9}
2025-11-12 11:45:13,903 INFO [cli] {'ticker': 'DIA', 'mode': 'tri', 'thr': 25, 'window': '2Y', 'order': 3, 'rows': 27}
2025-11-12 11:45:13,913 INFO [cli] {'ticker': 'DIA', 'mode': 'tri', 'thr': 25, 'window': '2Y', 'order': 4, 'rows': 80}
2025-11-12 11:45:13,924 INFO [cli] {'ticker': 'DIA', 'mode': 'tri', 'thr': 25, 'window': '5Y', 'order': 1, 'rows': 3}
2025-11-12 11:45:13,931 INFO [cli] {'ticker': 'DIA', 'mode': 'tri', 'thr': 25, 'window': '5Y', 'order': 2, 'rows': 9}
2025-11-12 11:45:13,939 INFO [cli] {'ticker': 'DIA', 'mode': 'tri', 'thr': 25, 'window': '5Y', 'order': 3, 'rows': 27}
2025-11-12 11:45:13,947 INFO [cli] {'ticker': 'DIA', 'mode': 'tri', 'thr': 25, 'window': '5Y', 'order': 4, 'rows': 81}
2025-11-12 11:45:13,958 INFO [cli] {'ticker': 'DIA', 'mode': 'tri', 'thr': 25, 'window': '10Y', 'order': 1, 'rows': 3}
2025-11-12 11:45:13,966 INFO [cli] {'ticker': 'DIA', 'mode': 'tri', 'thr': 25, 'window': '10Y', 'order': 2, 'rows': 9}
2025-11-12 11:45:13,978 INFO [cli] {'ticker': 'DIA', 'mode': 'tri', 'thr': 25, 'window': '10Y', 'order': 3, 'rows': 27}
2025-11-12 11:45:13,988 INFO [cli] {'ticker': 'DIA', 'mode': 'tri', 'thr': 25, 'window': '10Y', 'order': 4, 'rows': 81}
2025-11-12 11:45:13,998 INFO [cli] {'ticker': 'DIA', 'mode': 'tri', 'thr': 25, 'window': '20Y', 'order': 1, 'rows': 3}
2025-11-12 11:45:14,008 INFO [cli] {'ticker': 'DIA', 'mode': 'tri', 'thr': 25, 'window': '20Y', 'order': 2, 'rows': 9}
2025-11-12 11:45:14,018 INFO [cli] {'ticker': 'DIA', 'mode': 'tri', 'thr': 25, 'window': '20Y', 'order': 3, 'rows': 27}
2025-11-12 11:45:14,028 INFO [cli] {'ticker': 'DIA', 'mode': 'tri', 'thr': 25, 'window': '20Y', 'order': 4, 'rows': 81}
2025-11-12 11:45:14,037 INFO [cli] {'ticker': 'DIA', 'mode': 'tri', 'thr': 25, 'window': 'MAX', 'order': 1, 'rows': 3}
2025-11-12 11:45:14,046 INFO [cli] {'ticker': 'DIA', 'mode': 'tri', 'thr': 25, 'window': 'MAX', 'order': 2, 'rows': 9}
2025-11-12 11:45:14,055 INFO [cli] {'ticker': 'DIA', 'mode': 'tri', 'thr': 25, 'window': 'MAX', 'order': 3, 'rows': 27}
2025-11-12 11:45:14,063 INFO [cli] {'ticker': 'DIA', 'mode': 'tri', 'thr': 25, 'window': 'MAX', 'order': 4, 'rows': 81}
2025-11-12 11:45:14,079 INFO [cli] {'ticker': 'DIA', 'mode': 'tri', 'thr': 30, 'window': '1Y', 'order': 1, 'rows': 3}
2025-11-12 11:45:14,090 INFO [cli] {'ticker': 'DIA', 'mode': 'tri', 'thr': 30, 'window': '1Y', 'order': 2, 'rows': 9}
2025-11-12 11:45:14,101 INFO [cli] {'ticker': 'DIA', 'mode': 'tri', 'thr': 30, 'window': '1Y', 'order': 3, 'rows': 27}
2025-11-12 11:45:14,112 INFO [cli] {'ticker': 'DIA', 'mode': 'tri', 'thr': 30, 'window': '1Y', 'order': 4, 'rows': 80}
2025-11-12 11:45:14,120 INFO [cli] {'ticker': 'DIA', 'mode': 'tri', 'thr': 30, 'window': '2Y', 'order': 1, 'rows': 3}
2025-11-12 11:45:14,129 INFO [cli] {'ticker': 'DIA', 'mode': 'tri', 'thr': 30, 'window': '2Y', 'order': 2, 'rows': 9}
2025-11-12 11:45:14,139 INFO [cli] {'ticker': 'DIA', 'mode': 'tri', 'thr': 30, 'window': '2Y', 'order': 3, 'rows': 27}
2025-11-12 11:45:14,148 INFO [cli] {'ticker': 'DIA', 'mode': 'tri', 'thr': 30, 'window': '2Y', 'order': 4, 'rows': 81}
2025-11-12 11:45:14,158 INFO [cli] {'ticker': 'DIA', 'mode': 'tri', 'thr': 30, 'window': '5Y', 'order': 1, 'rows': 3}
2025-11-12 11:45:14,169 INFO [cli] {'ticker': 'DIA', 'mode': 'tri', 'thr': 30, 'window': '5Y', 'order': 2, 'rows': 9}
2025-11-12 11:45:14,177 INFO [cli] {'ticker': 'DIA', 'mode': 'tri', 'thr': 30, 'window': '5Y', 'order': 3, 'rows': 27}
2025-11-12 11:45:14,188 INFO [cli] {'ticker': 'DIA', 'mode': 'tri', 'thr': 30, 'window': '5Y', 'order': 4, 'rows': 81}
2025-11-12 11:45:14,197 INFO [cli] {'ticker': 'DIA', 'mode': 'tri', 'thr': 30, 'window': '10Y', 'order': 1, 'rows': 3}
2025-11-12 11:45:14,207 INFO [cli] {'ticker': 'DIA', 'mode': 'tri', 'thr': 30, 'window': '10Y', 'order': 2, 'rows': 9}
2025-11-12 11:45:14,218 INFO [cli] {'ticker': 'DIA', 'mode': 'tri', 'thr': 30, 'window': '10Y', 'order': 3, 'rows': 27}
2025-11-12 11:45:14,228 INFO [cli] {'ticker': 'DIA', 'mode': 'tri', 'thr': 30, 'window': '10Y', 'order': 4, 'rows': 81}
2025-11-12 11:45:14,239 INFO [cli] {'ticker': 'DIA', 'mode': 'tri', 'thr': 30, 'window': '20Y', 'order': 1, 'rows': 3}
2025-11-12 11:45:14,251 INFO [cli] {'ticker': 'DIA', 'mode': 'tri', 'thr': 30, 'window': '20Y', 'order': 2, 'rows': 9}
2025-11-12 11:45:14,261 INFO [cli] {'ticker': 'DIA', 'mode': 'tri', 'thr': 30, 'window': '20Y', 'order': 3, 'rows': 27}
2025-11-12 11:45:14,272 INFO [cli] {'ticker': 'DIA', 'mode': 'tri', 'thr': 30, 'window': '20Y', 'order': 4, 'rows': 81}
2025-11-12 11:45:14,280 INFO [cli] {'ticker': 'DIA', 'mode': 'tri', 'thr': 30, 'window': 'MAX', 'order': 1, 'rows': 3}
2025-11-12 11:45:14,291 INFO [cli] {'ticker': 'DIA', 'mode': 'tri', 'thr': 30, 'window': 'MAX', 'order': 2, 'rows': 9}
2025-11-12 11:45:14,300 INFO [cli] {'ticker': 'DIA', 'mode': 'tri', 'thr': 30, 'window': 'MAX', 'order': 3, 'rows': 27}
2025-11-12 11:45:14,312 INFO [cli] {'ticker': 'DIA', 'mode': 'tri', 'thr': 30, 'window': 'MAX', 'order': 4, 'rows': 81}
2025-11-12 11:45:14,327 INFO [cli] {'ticker': 'DIA', 'mode': 'tri', 'thr': 35, 'window': '1Y', 'order': 1, 'rows': 3}
2025-11-12 11:45:14,338 INFO [cli] {'ticker': 'DIA', 'mode': 'tri', 'thr': 35, 'window': '1Y', 'order': 2, 'rows': 9}
2025-11-12 11:45:14,348 INFO [cli] {'ticker': 'DIA', 'mode': 'tri', 'thr': 35, 'window': '1Y', 'order': 3, 'rows': 27}
2025-11-12 11:45:14,358 INFO [cli] {'ticker': 'DIA', 'mode': 'tri', 'thr': 35, 'window': '1Y', 'order': 4, 'rows': 80}
2025-11-12 11:45:14,366 INFO [cli] {'ticker': 'DIA', 'mode': 'tri', 'thr': 35, 'window': '2Y', 'order': 1, 'rows': 3}
2025-11-12 11:45:14,379 INFO [cli] {'ticker': 'DIA', 'mode': 'tri', 'thr': 35, 'window': '2Y', 'order': 2, 'rows': 9}
2025-11-12 11:45:14,386 INFO [cli] {'ticker': 'DIA', 'mode': 'tri', 'thr': 35, 'window': '2Y', 'order': 3, 'rows': 27}
2025-11-12 11:45:14,397 INFO [cli] {'ticker': 'DIA', 'mode': 'tri', 'thr': 35, 'window': '2Y', 'order': 4, 'rows': 80}
2025-11-12 11:45:14,406 INFO [cli] {'ticker': 'DIA', 'mode': 'tri', 'thr': 35, 'window': '5Y', 'order': 1, 'rows': 3}
2025-11-12 11:45:14,418 INFO [cli] {'ticker': 'DIA', 'mode': 'tri', 'thr': 35, 'window': '5Y', 'order': 2, 'rows': 9}
2025-11-12 11:45:14,432 INFO [cli] {'ticker': 'DIA', 'mode': 'tri', 'thr': 35, 'window': '5Y', 'order': 3, 'rows': 27}
2025-11-12 11:45:14,442 INFO [cli] {'ticker': 'DIA', 'mode': 'tri', 'thr': 35, 'window': '5Y', 'order': 4, 'rows': 81}
2025-11-12 11:45:14,450 INFO [cli] {'ticker': 'DIA', 'mode': 'tri', 'thr': 35, 'window': '10Y', 'order': 1, 'rows': 3}
2025-11-12 11:45:14,460 INFO [cli] {'ticker': 'DIA', 'mode': 'tri', 'thr': 35, 'window': '10Y', 'order': 2, 'rows': 9}
2025-11-12 11:45:14,471 INFO [cli] {'ticker': 'DIA', 'mode': 'tri', 'thr': 35, 'window': '10Y', 'order': 3, 'rows': 27}
2025-11-12 11:45:14,481 INFO [cli] {'ticker': 'DIA', 'mode': 'tri', 'thr': 35, 'window': '10Y', 'order': 4, 'rows': 81}
2025-11-12 11:45:14,490 INFO [cli] {'ticker': 'DIA', 'mode': 'tri', 'thr': 35, 'window': '20Y', 'order': 1, 'rows': 3}
2025-11-12 11:45:14,500 INFO [cli] {'ticker': 'DIA', 'mode': 'tri', 'thr': 35, 'window': '20Y', 'order': 2, 'rows': 9}
2025-11-12 11:45:14,511 INFO [cli] {'ticker': 'DIA', 'mode': 'tri', 'thr': 35, 'window': '20Y', 'order': 3, 'rows': 27}
2025-11-12 11:45:14,520 INFO [cli] {'ticker': 'DIA', 'mode': 'tri', 'thr': 35, 'window': '20Y', 'order': 4, 'rows': 81}
2025-11-12 11:45:14,529 INFO [cli] {'ticker': 'DIA', 'mode': 'tri', 'thr': 35, 'window': 'MAX', 'order': 1, 'rows': 3}
2025-11-12 11:45:14,540 INFO [cli] {'ticker': 'DIA', 'mode': 'tri', 'thr': 35, 'window': 'MAX', 'order': 2, 'rows': 9}
2025-11-12 11:45:14,549 INFO [cli] {'ticker': 'DIA', 'mode': 'tri', 'thr': 35, 'window': 'MAX', 'order': 3, 'rows': 27}
2025-11-12 11:45:14,559 INFO [cli] {'ticker': 'DIA', 'mode': 'tri', 'thr': 35, 'window': 'MAX', 'order': 4, 'rows': 81}
2025-11-12 11:45:14,576 INFO [cli] {'ticker': 'DIA', 'mode': 'tri', 'thr': 40, 'window': '1Y', 'order': 1, 'rows': 3}
2025-11-12 11:45:14,586 INFO [cli] {'ticker': 'DIA', 'mode': 'tri', 'thr': 40, 'window': '1Y', 'order': 2, 'rows': 9}
2025-11-12 11:45:14,594 INFO [cli] {'ticker': 'DIA', 'mode': 'tri', 'thr': 40, 'window': '1Y', 'order': 3, 'rows': 27}
2025-11-12 11:45:14,606 INFO [cli] {'ticker': 'DIA', 'mode': 'tri', 'thr': 40, 'window': '1Y', 'order': 4, 'rows': 79}
2025-11-12 11:45:14,614 INFO [cli] {'ticker': 'DIA', 'mode': 'tri', 'thr': 40, 'window': '2Y', 'order': 1, 'rows': 3}
2025-11-12 11:45:14,626 INFO [cli] {'ticker': 'DIA', 'mode': 'tri', 'thr': 40, 'window': '2Y', 'order': 2, 'rows': 9}
2025-11-12 11:45:14,634 INFO [cli] {'ticker': 'DIA', 'mode': 'tri', 'thr': 40, 'window': '2Y', 'order': 3, 'rows': 27}
2025-11-12 11:45:14,645 INFO [cli] {'ticker': 'DIA', 'mode': 'tri', 'thr': 40, 'window': '2Y', 'order': 4, 'rows': 80}
2025-11-12 11:45:14,656 INFO [cli] {'ticker': 'DIA', 'mode': 'tri', 'thr': 40, 'window': '5Y', 'order': 1, 'rows': 3}
2025-11-12 11:45:14,665 INFO [cli] {'ticker': 'DIA', 'mode': 'tri', 'thr': 40, 'window': '5Y', 'order': 2, 'rows': 9}
2025-11-12 11:45:14,677 INFO [cli] {'ticker': 'DIA', 'mode': 'tri', 'thr': 40, 'window': '5Y', 'order': 3, 'rows': 27}
2025-11-12 11:45:14,687 INFO [cli] {'ticker': 'DIA', 'mode': 'tri', 'thr': 40, 'window': '5Y', 'order': 4, 'rows': 81}
2025-11-12 11:45:14,696 INFO [cli] {'ticker': 'DIA', 'mode': 'tri', 'thr': 40, 'window': '10Y', 'order': 1, 'rows': 3}
2025-11-12 11:45:14,706 INFO [cli] {'ticker': 'DIA', 'mode': 'tri', 'thr': 40, 'window': '10Y', 'order': 2, 'rows': 9}
2025-11-12 11:45:14,715 INFO [cli] {'ticker': 'DIA', 'mode': 'tri', 'thr': 40, 'window': '10Y', 'order': 3, 'rows': 27}

{'ticker': 'DIA', 'mode': 'tri', 'thr': 0, 'window': '10Y', 'order': 1, 'rows': 3}
{'ticker': 'DIA', 'mode': 'tri', 'thr': 0, 'window': '10Y', 'order': 2, 'rows': 8}
{'ticker': 'DIA', 'mode': 'tri', 'thr': 0, 'window': '10Y', 'order': 3, 'rows': 18}
{'ticker': 'DIA', 'mode': 'tri', 'thr': 0, 'window': '10Y', 'order': 4, 'rows': 36}
{'ticker': 'DIA', 'mode': 'tri', 'thr': 0, 'window': '20Y', 'order': 1, 'rows': 3}
{'ticker': 'DIA', 'mode': 'tri', 'thr': 0, 'window': '20Y', 'order': 2, 'rows': 8}
{'ticker': 'DIA', 'mode': 'tri', 'thr': 0, 'window': '20Y', 'order': 3, 'rows': 20}
{'ticker': 'DIA', 'mode': 'tri', 'thr': 0, 'window': '20Y', 'order': 4, 'rows': 47}
{'ticker': 'DIA', 'mode': 'tri', 'thr': 0, 'window': 'MAX', 'order': 1, 'rows': 3}
{'ticker': 'DIA', 'mode': 'tri', 'thr': 0, 'window': 'MAX', 'order': 2, 'rows': 8}
{'ticker': 'DIA', 'mode': 'tri', 'thr': 0, 'window': 'MAX', 'order': 3, 'rows': 20}
{'ticker': 'DIA', 'mode': 'tri', 'thr': 0, 'window': 'MAX', 'order': 4, 'rows': 48}
{'ticker': 'DIA', 'mode': 'tri', 'thr': 5, 'window': '1Y', 'order': 1, 'rows': 3}
{'ticker': 'DIA', 'mode': 'tri', 'thr': 5, 'window': '1Y', 'order': 2, 'rows': 8}
{'ticker': 'DIA', 'mode': 'tri', 'thr': 5, 'window': '1Y', 'order': 3, 'rows': 21}
{'ticker': 'DIA', 'mode': 'tri', 'thr': 5, 'window': '1Y', 'order': 4, 'rows': 46}
{'ticker': 'DIA', 'mode': 'tri', 'thr': 5, 'window': '2Y', 'order': 1, 'rows': 3}
{'ticker': 'DIA', 'mode': 'tri', 'thr': 5, 'window': '2Y', 'order': 2, 'rows': 8}
{'ticker': 'DIA', 'mode': 'tri', 'thr': 5, 'window': '2Y', 'order': 3, 'rows': 21}
{'ticker': 'DIA', 'mode': 'tri', 'thr': 5, 'window': '2Y', 'order': 4, 'rows': 48}
{'ticker': 'DIA', 'mode': 'tri', 'thr': 5, 'window': '5Y', 'order': 1, 'rows': 3}
{'ticker': 'DIA', 'mode': 'tri', 'thr': 5, 'window': '5Y', 'order': 2, 'rows': 9}
{'ticker': 'DIA', 'mode': 'tri', 'thr': 5, 'window': '5Y', 'order': 3, 'rows': 25}
{'ticker': 'DIA', 'mode': 'tri', 'thr': 5, 'window': '5Y', 'order': 4, 'rows': 60}
{'ticker': 'DIA', 'mode': 'tri', 'thr': 5, 'window': '10Y', 'order': 1, 'rows': 3}
{'ticker': 'DIA', 'mode': 'tri', 'thr': 5, 'window': '10Y', 'order': 2, 'rows': 9}
{'ticker': 'DIA', 'mode': 'tri', 'thr': 5, 'window': '10Y', 'order': 3, 'rows': 27}
{'ticker': 'DIA', 'mode': 'tri', 'thr': 5, 'window': '10Y', 'order': 4, 'rows': 72}
{'ticker': 'DIA', 'mode': 'tri', 'thr': 5, 'window': '20Y', 'order': 1, 'rows': 3}
{'ticker': 'DIA', 'mode': 'tri', 'thr': 5, 'window': '20Y', 'order': 2, 'rows': 9}
{'ticker': 'DIA', 'mode': 'tri', 'thr': 5, 'window': '20Y', 'order': 3, 'rows': 27}
{'ticker': 'DIA', 'mode': 'tri', 'thr': 5, 'window': '20Y', 'order': 4, 'rows': 76}
{'ticker': 'DIA', 'mode': 'tri', 'thr': 5, 'window': 'MAX', 'order': 1, 'rows': 3}
{'ticker': 'DIA', 'mode': 'tri', 'thr': 5, 'window': 'MAX', 'order': 2, 'rows': 9}
{'ticker': 'DIA', 'mode': 'tri', 'thr': 5, 'window': 'MAX', 'order': 3, 'rows': 27}
{'ticker': 'DIA', 'mode': 'tri', 'thr': 5, 'window': 'MAX', 'order': 4, 'rows': 77}
{'ticker': 'DIA', 'mode': 'tri', 'thr': 10, 'window': '1Y', 'order': 1, 'rows': 3}
{'ticker': 'DIA', 'mode': 'tri', 'thr': 10, 'window': '1Y', 'order': 2, 'rows': 9}
{'ticker': 'DIA', 'mode': 'tri', 'thr': 10, 'window': '1Y', 'order': 3, 'rows': 25}
{'ticker': 'DIA', 'mode': 'tri', 'thr': 10, 'window': '1Y', 'order': 4, 'rows': 63}
{'ticker': 'DIA', 'mode': 'tri', 'thr': 10, 'window': '2Y', 'order': 1, 'rows': 3}
{'ticker': 'DIA', 'mode': 'tri', 'thr': 10, 'window': '2Y', 'order': 2, 'rows': 9}
{'ticker': 'DIA', 'mode': 'tri', 'thr': 10, 'window': '2Y', 'order': 3, 'rows': 26}
{'ticker': 'DIA', 'mode': 'tri', 'thr': 10, 'window': '2Y', 'order': 4, 'rows': 72}
{'ticker': 'DIA', 'mode': 'tri', 'thr': 10, 'window': '5Y', 'order': 1, 'rows': 3}
{'ticker': 'DIA', 'mode': 'tri', 'thr': 10, 'window': '5Y', 'order': 2, 'rows': 9}
{'ticker': 'DIA', 'mode': 'tri', 'thr': 10, 'window': '5Y', 'order': 3, 'rows': 27}
{'ticker': 'DIA', 'mode': 'tri', 'thr': 10, 'window': '5Y', 'order': 4, 'rows': 77}
{'ticker': 'DIA', 'mode': 'tri', 'thr': 10, 'window': '10Y', 'order': 1, 'rows': 3}
{'ticker': 'DIA', 'mode': 'tri', 'thr': 10, 'window': '10Y', 'order': 2, 'rows': 9}
{'ticker': 'DIA', 'mode': 'tri', 'thr': 10, 'window': '10Y', 'order': 3, 'rows': 27}
{'ticker': 'DIA', 'mode': 'tri', 'thr': 10, 'window': '10Y', 'order': 4, 'rows': 81}
{'ticker': 'DIA', 'mode': 'tri', 'thr': 10, 'window': '20Y', 'order': 1, 'rows': 3}
{'ticker': 'DIA', 'mode': 'tri', 'thr': 10, 'window': '20Y', 'order': 2, 'rows': 9}
{'ticker': 'DIA', 'mode': 'tri', 'thr': 10, 'window': '20Y', 'order': 3, 'rows': 27}
{'ticker': 'DIA', 'mode': 'tri', 'thr': 10, 'window': '20Y', 'order': 4, 'rows': 81}
{'ticker': 'DIA', 'mode': 'tri', 'thr': 10, 'window': 'MAX', 'order': 1, 'rows': 3}
{'ticker': 'DIA', 'mode': 'tri', 'thr': 10, 'window': 'MAX', 'order': 2, 'rows': 9}
{'ticker': 'DIA', 'mode': 'tri', 'thr': 10, 'window': 'MAX', 'order': 3, 'rows': 27}
{'ticker': 'DIA', 'mode': 'tri', 'thr': 10, 'window': 'MAX', 'order': 4, 'rows': 81}
{'ticker': 'DIA', 'mode': 'tri', 'thr': 15, 'window': '1Y', 'order': 1, 'rows': 3}
{'ticker': 'DIA', 'mode': 'tri', 'thr': 15, 'window': '1Y', 'order': 2, 'rows': 9}
{'ticker': 'DIA', 'mode': 'tri', 'thr': 15, 'window': '1Y', 'order': 3, 'rows': 27}
{'ticker': 'DIA', 'mode': 'tri', 'thr': 15, 'window': '1Y', 'order': 4, 'rows': 68}
{'ticker': 'DIA', 'mode': 'tri', 'thr': 15, 'window': '2Y', 'order': 1, 'rows': 3}
{'ticker': 'DIA', 'mode': 'tri', 'thr': 15, 'window': '2Y', 'order': 2, 'rows': 9}
{'ticker': 'DIA', 'mode': 'tri', 'thr': 15, 'window': '2Y', 'order': 3, 'rows': 27}
{'ticker': 'DIA', 'mode': 'tri', 'thr': 15, 'window': '2Y', 'order': 4, 'rows': 78}
{'ticker': 'DIA', 'mode': 'tri', 'thr': 15, 'window': '5Y', 'order': 1, 'rows': 3}
{'ticker': 'DIA', 'mode': 'tri', 'thr': 15, 'window': '5Y', 'order': 2, 'rows': 9}
{'ticker': 'DIA', 'mode': 'tri', 'thr': 15, 'window': '5Y', 'order': 3, 'rows': 27}
{'ticker': 'DIA', 'mode': 'tri', 'thr': 15, 'window': '5Y', 'order': 4, 'rows': 81}
{'ticker': 'DIA', 'mode': 'tri', 'thr': 15, 'window': '10Y', 'order': 1, 'rows': 3}
{'ticker': 'DIA', 'mode': 'tri', 'thr': 15, 'window': '10Y', 'order': 2, 'rows': 9}
{'ticker': 'DIA', 'mode': 'tri', 'thr': 15, 'window': '10Y', 'order': 3, 'rows': 27}
{'ticker': 'DIA', 'mode': 'tri', 'thr': 15, 'window': '10Y', 'order': 4, 'rows': 81}
{'ticker': 'DIA', 'mode': 'tri', 'thr': 15, 'window': '20Y', 'order': 1, 'rows': 3}
{'ticker': 'DIA', 'mode': 'tri', 'thr': 15, 'window': '20Y', 'order': 2, 'rows': 9}
{'ticker': 'DIA', 'mode': 'tri', 'thr': 15, 'window': '20Y', 'order': 3, 'rows': 27}
{'ticker': 'DIA', 'mode': 'tri', 'thr': 15, 'window': '20Y', 'order': 4, 'rows': 81}
{'ticker': 'DIA', 'mode': 'tri', 'thr': 15, 'window': 'MAX', 'order': 1, 'rows': 3}
{'ticker': 'DIA', 'mode': 'tri', 'thr': 15, 'window': 'MAX', 'order': 2, 'rows': 9}
{'ticker': 'DIA', 'mode': 'tri', 'thr': 15, 'window': 'MAX', 'order': 3, 'rows': 27}
{'ticker': 'DIA', 'mode': 'tri', 'thr': 15, 'window': 'MAX', 'order': 4, 'rows': 81}
{'ticker': 'DIA', 'mode': 'tri', 'thr': 20, 'window': '1Y', 'order': 1, 'rows': 3}
{'ticker': 'DIA', 'mode': 'tri', 'thr': 20, 'window': '1Y', 'order': 2, 'rows': 9}
{'ticker': 'DIA', 'mode': 'tri', 'thr': 20, 'window': '1Y', 'order': 3, 'rows': 27}
{'ticker': 'DIA', 'mode': 'tri', 'thr': 20, 'window': '1Y', 'order': 4, 'rows': 74}
{'ticker': 'DIA', 'mode': 'tri', 'thr': 20, 'window': '2Y', 'order': 1, 'rows': 3}
{'ticker': 'DIA', 'mode': 'tri', 'thr': 20, 'window': '2Y', 'order': 2, 'rows': 9}
{'ticker': 'DIA', 'mode': 'tri', 'thr': 20, 'window': '2Y', 'order': 3, 'rows': 27}
{'ticker': 'DIA', 'mode': 'tri', 'thr': 20, 'window': '2Y', 'order': 4, 'rows': 81}
{'ticker': 'DIA', 'mode': 'tri', 'thr': 20, 'window': '5Y', 'order': 1, 'rows': 3}
{'ticker': 'DIA', 'mode': 'tri', 'thr': 20, 'window': '5Y', 'order': 2, 'rows': 9}
{'ticker': 'DIA', 'mode': 'tri', 'thr': 20, 'window': '5Y', 'order': 3, 'rows': 27}
{'ticker': 'DIA', 'mode': 'tri', 'thr': 20, 'window': '5Y', 'order': 4, 'rows': 81}
{'ticker': 'DIA', 'mode': 'tri', 'thr': 20, 'window': '10Y', 'order': 1, 'rows': 3}
{'ticker': 'DIA', 'mode': 'tri', 'thr': 20, 'window': '10Y', 'order': 2, 'rows': 9}2025-11-12 11:45:14,724 INFO [cli] {'ticker': 'DIA', 'mode': 'tri', 'thr': 40, 'window': '10Y', 'order': 4, 'rows': 81}
2025-11-12 11:45:14,734 INFO [cli] {'ticker': 'DIA', 'mode': 'tri', 'thr': 40, 'window': '20Y', 'order': 1, 'rows': 3}
2025-11-12 11:45:14,742 INFO [cli] {'ticker': 'DIA', 'mode': 'tri', 'thr': 40, 'window': '20Y', 'order': 2, 'rows': 9}
2025-11-12 11:45:14,758 INFO [cli] {'ticker': 'DIA', 'mode': 'tri', 'thr': 40, 'window': '20Y', 'order': 3, 'rows': 27}
2025-11-12 11:45:14,767 INFO [cli] {'ticker': 'DIA', 'mode': 'tri', 'thr': 40, 'window': '20Y', 'order': 4, 'rows': 81}
2025-11-12 11:45:14,774 INFO [cli] {'ticker': 'DIA', 'mode': 'tri', 'thr': 40, 'window': 'MAX', 'order': 1, 'rows': 3}
2025-11-12 11:45:14,784 INFO [cli] {'ticker': 'DIA', 'mode': 'tri', 'thr': 40, 'window': 'MAX', 'order': 2, 'rows': 9}
2025-11-12 11:45:14,792 INFO [cli] {'ticker': 'DIA', 'mode': 'tri', 'thr': 40, 'window': 'MAX', 'order': 3, 'rows': 27}
2025-11-12 11:45:14,800 INFO [cli] {'ticker': 'DIA', 'mode': 'tri', 'thr': 40, 'window': 'MAX', 'order': 4, 'rows': 81}
2025-11-12 11:45:14,816 INFO [cli] {'ticker': 'DIA', 'mode': 'tri', 'thr': 45, 'window': '1Y', 'order': 1, 'rows': 3}
2025-11-12 11:45:14,826 INFO [cli] {'ticker': 'DIA', 'mode': 'tri', 'thr': 45, 'window': '1Y', 'order': 2, 'rows': 9}
2025-11-12 11:45:14,833 INFO [cli] {'ticker': 'DIA', 'mode': 'tri', 'thr': 45, 'window': '1Y', 'order': 3, 'rows': 27}
2025-11-12 11:45:14,844 INFO [cli] {'ticker': 'DIA', 'mode': 'tri', 'thr': 45, 'window': '1Y', 'order': 4, 'rows': 77}
2025-11-12 11:45:14,854 INFO [cli] {'ticker': 'DIA', 'mode': 'tri', 'thr': 45, 'window': '2Y', 'order': 1, 'rows': 3}
2025-11-12 11:45:14,866 INFO [cli] {'ticker': 'DIA', 'mode': 'tri', 'thr': 45, 'window': '2Y', 'order': 2, 'rows': 9}
2025-11-12 11:45:14,877 INFO [cli] {'ticker': 'DIA', 'mode': 'tri', 'thr': 45, 'window': '2Y', 'order': 3, 'rows': 27}
2025-11-12 11:45:14,887 INFO [cli] {'ticker': 'DIA', 'mode': 'tri', 'thr': 45, 'window': '2Y', 'order': 4, 'rows': 80}
2025-11-12 11:45:14,898 INFO [cli] {'ticker': 'DIA', 'mode': 'tri', 'thr': 45, 'window': '5Y', 'order': 1, 'rows': 3}
2025-11-12 11:45:14,908 INFO [cli] {'ticker': 'DIA', 'mode': 'tri', 'thr': 45, 'window': '5Y', 'order': 2, 'rows': 9}
2025-11-12 11:45:14,918 INFO [cli] {'ticker': 'DIA', 'mode': 'tri', 'thr': 45, 'window': '5Y', 'order': 3, 'rows': 27}
2025-11-12 11:45:14,929 INFO [cli] {'ticker': 'DIA', 'mode': 'tri', 'thr': 45, 'window': '5Y', 'order': 4, 'rows': 81}
2025-11-12 11:45:14,941 INFO [cli] {'ticker': 'DIA', 'mode': 'tri', 'thr': 45, 'window': '10Y', 'order': 1, 'rows': 3}
2025-11-12 11:45:14,952 INFO [cli] {'ticker': 'DIA', 'mode': 'tri', 'thr': 45, 'window': '10Y', 'order': 2, 'rows': 9}
2025-11-12 11:45:14,963 INFO [cli] {'ticker': 'DIA', 'mode': 'tri', 'thr': 45, 'window': '10Y', 'order': 3, 'rows': 27}
2025-11-12 11:45:14,974 INFO [cli] {'ticker': 'DIA', 'mode': 'tri', 'thr': 45, 'window': '10Y', 'order': 4, 'rows': 81}
2025-11-12 11:45:14,984 INFO [cli] {'ticker': 'DIA', 'mode': 'tri', 'thr': 45, 'window': '20Y', 'order': 1, 'rows': 3}
2025-11-12 11:45:14,996 INFO [cli] {'ticker': 'DIA', 'mode': 'tri', 'thr': 45, 'window': '20Y', 'order': 2, 'rows': 9}
2025-11-12 11:45:15,007 INFO [cli] {'ticker': 'DIA', 'mode': 'tri', 'thr': 45, 'window': '20Y', 'order': 3, 'rows': 27}
2025-11-12 11:45:15,019 INFO [cli] {'ticker': 'DIA', 'mode': 'tri', 'thr': 45, 'window': '20Y', 'order': 4, 'rows': 81}
2025-11-12 11:45:15,034 INFO [cli] {'ticker': 'DIA', 'mode': 'tri', 'thr': 45, 'window': 'MAX', 'order': 1, 'rows': 3}
2025-11-12 11:45:15,044 INFO [cli] {'ticker': 'DIA', 'mode': 'tri', 'thr': 45, 'window': 'MAX', 'order': 2, 'rows': 9}
2025-11-12 11:45:15,056 INFO [cli] {'ticker': 'DIA', 'mode': 'tri', 'thr': 45, 'window': 'MAX', 'order': 3, 'rows': 27}
2025-11-12 11:45:15,067 INFO [cli] {'ticker': 'DIA', 'mode': 'tri', 'thr': 45, 'window': 'MAX', 'order': 4, 'rows': 81}
2025-11-12 11:45:15,084 INFO [cli] {'ticker': 'DIA', 'mode': 'tri', 'thr': 50, 'window': '1Y', 'order': 1, 'rows': 3}
2025-11-12 11:45:15,095 INFO [cli] {'ticker': 'DIA', 'mode': 'tri', 'thr': 50, 'window': '1Y', 'order': 2, 'rows': 9}
2025-11-12 11:45:15,104 INFO [cli] {'ticker': 'DIA', 'mode': 'tri', 'thr': 50, 'window': '1Y', 'order': 3, 'rows': 27}
2025-11-12 11:45:15,114 INFO [cli] {'ticker': 'DIA', 'mode': 'tri', 'thr': 50, 'window': '1Y', 'order': 4, 'rows': 72}
2025-11-12 11:45:15,123 INFO [cli] {'ticker': 'DIA', 'mode': 'tri', 'thr': 50, 'window': '2Y', 'order': 1, 'rows': 3}
2025-11-12 11:45:15,133 INFO [cli] {'ticker': 'DIA', 'mode': 'tri', 'thr': 50, 'window': '2Y', 'order': 2, 'rows': 9}
2025-11-12 11:45:15,143 INFO [cli] {'ticker': 'DIA', 'mode': 'tri', 'thr': 50, 'window': '2Y', 'order': 3, 'rows': 27}
2025-11-12 11:45:15,154 INFO [cli] {'ticker': 'DIA', 'mode': 'tri', 'thr': 50, 'window': '2Y', 'order': 4, 'rows': 78}
2025-11-12 11:45:15,165 INFO [cli] {'ticker': 'DIA', 'mode': 'tri', 'thr': 50, 'window': '5Y', 'order': 1, 'rows': 3}
2025-11-12 11:45:15,177 INFO [cli] {'ticker': 'DIA', 'mode': 'tri', 'thr': 50, 'window': '5Y', 'order': 2, 'rows': 9}
2025-11-12 11:45:15,188 INFO [cli] {'ticker': 'DIA', 'mode': 'tri', 'thr': 50, 'window': '5Y', 'order': 3, 'rows': 27}
2025-11-12 11:45:15,199 INFO [cli] {'ticker': 'DIA', 'mode': 'tri', 'thr': 50, 'window': '5Y', 'order': 4, 'rows': 81}
2025-11-12 11:45:15,207 INFO [cli] {'ticker': 'DIA', 'mode': 'tri', 'thr': 50, 'window': '10Y', 'order': 1, 'rows': 3}
2025-11-12 11:45:15,216 INFO [cli] {'ticker': 'DIA', 'mode': 'tri', 'thr': 50, 'window': '10Y', 'order': 2, 'rows': 9}
2025-11-12 11:45:15,226 INFO [cli] {'ticker': 'DIA', 'mode': 'tri', 'thr': 50, 'window': '10Y', 'order': 3, 'rows': 27}
2025-11-12 11:45:15,235 INFO [cli] {'ticker': 'DIA', 'mode': 'tri', 'thr': 50, 'window': '10Y', 'order': 4, 'rows': 81}
2025-11-12 11:45:15,245 INFO [cli] {'ticker': 'DIA', 'mode': 'tri', 'thr': 50, 'window': '20Y', 'order': 1, 'rows': 3}
2025-11-12 11:45:15,257 INFO [cli] {'ticker': 'DIA', 'mode': 'tri', 'thr': 50, 'window': '20Y', 'order': 2, 'rows': 9}
2025-11-12 11:45:15,267 INFO [cli] {'ticker': 'DIA', 'mode': 'tri', 'thr': 50, 'window': '20Y', 'order': 3, 'rows': 27}
2025-11-12 11:45:15,278 INFO [cli] {'ticker': 'DIA', 'mode': 'tri', 'thr': 50, 'window': '20Y', 'order': 4, 'rows': 81}
2025-11-12 11:45:15,289 INFO [cli] {'ticker': 'DIA', 'mode': 'tri', 'thr': 50, 'window': 'MAX', 'order': 1, 'rows': 3}
2025-11-12 11:45:15,301 INFO [cli] {'ticker': 'DIA', 'mode': 'tri', 'thr': 50, 'window': 'MAX', 'order': 2, 'rows': 9}
2025-11-12 11:45:15,312 INFO [cli] {'ticker': 'DIA', 'mode': 'tri', 'thr': 50, 'window': 'MAX', 'order': 3, 'rows': 27}
2025-11-12 11:45:15,322 INFO [cli] {'ticker': 'DIA', 'mode': 'tri', 'thr': 50, 'window': 'MAX', 'order': 4, 'rows': 81}
2025-11-12 11:45:15,348 INFO [cli] {'ticker': 'DIA', 'mode': 'tri', 'thr': 55, 'window': '1Y', 'order': 1, 'rows': 3}
2025-11-12 11:45:15,359 INFO [cli] {'ticker': 'DIA', 'mode': 'tri', 'thr': 55, 'window': '1Y', 'order': 2, 'rows': 9}
2025-11-12 11:45:15,367 INFO [cli] {'ticker': 'DIA', 'mode': 'tri', 'thr': 55, 'window': '1Y', 'order': 3, 'rows': 27}
2025-11-12 11:45:15,378 INFO [cli] {'ticker': 'DIA', 'mode': 'tri', 'thr': 55, 'window': '1Y', 'order': 4, 'rows': 73}
2025-11-12 11:45:15,386 INFO [cli] {'ticker': 'DIA', 'mode': 'tri', 'thr': 55, 'window': '2Y', 'order': 1, 'rows': 3}
2025-11-12 11:45:15,395 INFO [cli] {'ticker': 'DIA', 'mode': 'tri', 'thr': 55, 'window': '2Y', 'order': 2, 'rows': 9}
2025-11-12 11:45:15,402 INFO [cli] {'ticker': 'DIA', 'mode': 'tri', 'thr': 55, 'window': '2Y', 'order': 3, 'rows': 27}
2025-11-12 11:45:15,411 INFO [cli] {'ticker': 'DIA', 'mode': 'tri', 'thr': 55, 'window': '2Y', 'order': 4, 'rows': 78}
2025-11-12 11:45:15,420 INFO [cli] {'ticker': 'DIA', 'mode': 'tri', 'thr': 55, 'window': '5Y', 'order': 1, 'rows': 3}
2025-11-12 11:45:15,432 INFO [cli] {'ticker': 'DIA', 'mode': 'tri', 'thr': 55, 'window': '5Y', 'order': 2, 'rows': 9}
2025-11-12 11:45:15,442 INFO [cli] {'ticker': 'DIA', 'mode': 'tri', 'thr': 55, 'window': '5Y', 'order': 3, 'rows': 27}
2025-11-12 11:45:15,454 INFO [cli] {'ticker': 'DIA', 'mode': 'tri', 'thr': 55, 'window': '5Y', 'order': 4, 'rows': 81}
2025-11-12 11:45:15,463 INFO [cli] {'ticker': 'DIA', 'mode': 'tri', 'thr': 55, 'window': '10Y', 'order': 1, 'rows': 3}
2025-11-12 11:45:15,474 INFO [cli] {'ticker': 'DIA', 'mode': 'tri', 'thr': 55, 'window': '10Y', 'order': 2, 'rows': 9}
2025-11-12 11:45:15,483 INFO [cli] {'ticker': 'DIA', 'mode': 'tri', 'thr': 55, 'window': '10Y', 'order': 3, 'rows': 27}
2025-11-12 11:45:15,493 INFO [cli] {'ticker': 'DIA', 'mode': 'tri', 'thr': 55, 'window': '10Y', 'order': 4, 'rows': 81}
2025-11-12 11:45:15,503 INFO [cli] {'ticker': 'DIA', 'mode': 'tri', 'thr': 55, 'window': '20Y', 'order': 1, 'rows': 3}
2025-11-12 11:45:15,514 INFO [cli] {'ticker': 'DIA', 'mode': 'tri', 'thr': 55, 'window': '20Y', 'order': 2, 'rows': 9}
2025-11-12 11:45:15,525 INFO [cli] {'ticker': 'DIA', 'mode': 'tri', 'thr': 55, 'window': '20Y', 'order': 3, 'rows': 27}
2025-11-12 11:45:15,534 INFO [cli] {'ticker': 'DIA', 'mode': 'tri', 'thr': 55, 'window': '20Y', 'order': 4, 'rows': 81}
2025-11-12 11:45:15,545 INFO [cli] {'ticker': 'DIA', 'mode': 'tri', 'thr': 55, 'window': 'MAX', 'order': 1, 'rows': 3}
2025-11-12 11:45:15,554 INFO [cli] {'ticker': 'DIA', 'mode': 'tri', 'thr': 55, 'window': 'MAX', 'order': 2, 'rows': 9}
2025-11-12 11:45:15,565 INFO [cli] {'ticker': 'DIA', 'mode': 'tri', 'thr': 55, 'window': 'MAX', 'order': 3, 'rows': 27}
2025-11-12 11:45:15,574 INFO [cli] {'ticker': 'DIA', 'mode': 'tri', 'thr': 55, 'window': 'MAX', 'order': 4, 'rows': 81}
2025-11-12 11:45:15,590 INFO [cli] {'ticker': 'DIA', 'mode': 'tri', 'thr': 60, 'window': '1Y', 'order': 1, 'rows': 3}
2025-11-12 11:45:15,601 INFO [cli] {'ticker': 'DIA', 'mode': 'tri', 'thr': 60, 'window': '1Y', 'order': 2, 'rows': 9}
2025-11-12 11:45:15,611 INFO [cli] {'ticker': 'DIA', 'mode': 'tri', 'thr': 60, 'window': '1Y', 'order': 3, 'rows': 27}
2025-11-12 11:45:15,622 INFO [cli] {'ticker': 'DIA', 'mode': 'tri', 'thr': 60, 'window': '1Y', 'order': 4, 'rows': 71}
2025-11-12 11:45:15,632 INFO [cli] {'ticker': 'DIA', 'mode': 'tri', 'thr': 60, 'window': '2Y', 'order': 1, 'rows': 3}
2025-11-12 11:45:15,644 INFO [cli] {'ticker': 'DIA', 'mode': 'tri', 'thr': 60, 'window': '2Y', 'order': 2, 'rows': 9}
2025-11-12 11:45:15,655 INFO [cli] {'ticker': 'DIA', 'mode': 'tri', 'thr': 60, 'window': '2Y', 'order': 3, 'rows': 27}
2025-11-12 11:45:15,665 INFO [cli] {'ticker': 'DIA', 'mode': 'tri', 'thr': 60, 'window': '2Y', 'order': 4, 'rows': 74}
2025-11-12 11:45:15,675 INFO [cli] {'ticker': 'DIA', 'mode': 'tri', 'thr': 60, 'window': '5Y', 'order': 1, 'rows': 3}
2025-11-12 11:45:15,685 INFO [cli] {'ticker': 'DIA', 'mode': 'tri', 'thr': 60, 'window': '5Y', 'order': 2, 'rows': 9}
2025-11-12 11:45:15,694 INFO [cli] {'ticker': 'DIA', 'mode': 'tri', 'thr': 60, 'window': '5Y', 'order': 3, 'rows': 27}
2025-11-12 11:45:15,706 INFO [cli] {'ticker': 'DIA', 'mode': 'tri', 'thr': 60, 'window': '5Y', 'order': 4, 'rows': 81}
2025-11-12 11:45:15,714 INFO [cli] {'ticker': 'DIA', 'mode': 'tri', 'thr': 60, 'window': '10Y', 'order': 1, 'rows': 3}
2025-11-12 11:45:15,723 INFO [cli] {'ticker': 'DIA', 'mode': 'tri', 'thr': 60, 'window': '10Y', 'order': 2, 'rows': 9}
2025-11-12 11:45:15,735 INFO [cli] {'ticker': 'DIA', 'mode': 'tri', 'thr': 60, 'window': '10Y', 'order': 3, 'rows': 27}
2025-11-12 11:45:15,751 INFO [cli] {'ticker': 'DIA', 'mode': 'tri', 'thr': 60, 'window': '10Y', 'order': 4, 'rows': 81}
2025-11-12 11:45:15,762 INFO [cli] {'ticker': 'DIA', 'mode': 'tri', 'thr': 60, 'window': '20Y', 'order': 1, 'rows': 3}

{'ticker': 'DIA', 'mode': 'tri', 'thr': 20, 'window': '10Y', 'order': 3, 'rows': 27}
{'ticker': 'DIA', 'mode': 'tri', 'thr': 20, 'window': '10Y', 'order': 4, 'rows': 81}
{'ticker': 'DIA', 'mode': 'tri', 'thr': 20, 'window': '20Y', 'order': 1, 'rows': 3}
{'ticker': 'DIA', 'mode': 'tri', 'thr': 20, 'window': '20Y', 'order': 2, 'rows': 9}
{'ticker': 'DIA', 'mode': 'tri', 'thr': 20, 'window': '20Y', 'order': 3, 'rows': 27}
{'ticker': 'DIA', 'mode': 'tri', 'thr': 20, 'window': '20Y', 'order': 4, 'rows': 81}
{'ticker': 'DIA', 'mode': 'tri', 'thr': 20, 'window': 'MAX', 'order': 1, 'rows': 3}
{'ticker': 'DIA', 'mode': 'tri', 'thr': 20, 'window': 'MAX', 'order': 2, 'rows': 9}
{'ticker': 'DIA', 'mode': 'tri', 'thr': 20, 'window': 'MAX', 'order': 3, 'rows': 27}
{'ticker': 'DIA', 'mode': 'tri', 'thr': 20, 'window': 'MAX', 'order': 4, 'rows': 81}
{'ticker': 'DIA', 'mode': 'tri', 'thr': 25, 'window': '1Y', 'order': 1, 'rows': 3}
{'ticker': 'DIA', 'mode': 'tri', 'thr': 25, 'window': '1Y', 'order': 2, 'rows': 9}
{'ticker': 'DIA', 'mode': 'tri', 'thr': 25, 'window': '1Y', 'order': 3, 'rows': 27}
{'ticker': 'DIA', 'mode': 'tri', 'thr': 25, 'window': '1Y', 'order': 4, 'rows': 79}
{'ticker': 'DIA', 'mode': 'tri', 'thr': 25, 'window': '2Y', 'order': 1, 'rows': 3}
{'ticker': 'DIA', 'mode': 'tri', 'thr': 25, 'window': '2Y', 'order': 2, 'rows': 9}
{'ticker': 'DIA', 'mode': 'tri', 'thr': 25, 'window': '2Y', 'order': 3, 'rows': 27}
{'ticker': 'DIA', 'mode': 'tri', 'thr': 25, 'window': '2Y', 'order': 4, 'rows': 80}
{'ticker': 'DIA', 'mode': 'tri', 'thr': 25, 'window': '5Y', 'order': 1, 'rows': 3}
{'ticker': 'DIA', 'mode': 'tri', 'thr': 25, 'window': '5Y', 'order': 2, 'rows': 9}
{'ticker': 'DIA', 'mode': 'tri', 'thr': 25, 'window': '5Y', 'order': 3, 'rows': 27}
{'ticker': 'DIA', 'mode': 'tri', 'thr': 25, 'window': '5Y', 'order': 4, 'rows': 81}
{'ticker': 'DIA', 'mode': 'tri', 'thr': 25, 'window': '10Y', 'order': 1, 'rows': 3}
{'ticker': 'DIA', 'mode': 'tri', 'thr': 25, 'window': '10Y', 'order': 2, 'rows': 9}
{'ticker': 'DIA', 'mode': 'tri', 'thr': 25, 'window': '10Y', 'order': 3, 'rows': 27}
{'ticker': 'DIA', 'mode': 'tri', 'thr': 25, 'window': '10Y', 'order': 4, 'rows': 81}
{'ticker': 'DIA', 'mode': 'tri', 'thr': 25, 'window': '20Y', 'order': 1, 'rows': 3}
{'ticker': 'DIA', 'mode': 'tri', 'thr': 25, 'window': '20Y', 'order': 2, 'rows': 9}
{'ticker': 'DIA', 'mode': 'tri', 'thr': 25, 'window': '20Y', 'order': 3, 'rows': 27}
{'ticker': 'DIA', 'mode': 'tri', 'thr': 25, 'window': '20Y', 'order': 4, 'rows': 81}
{'ticker': 'DIA', 'mode': 'tri', 'thr': 25, 'window': 'MAX', 'order': 1, 'rows': 3}
{'ticker': 'DIA', 'mode': 'tri', 'thr': 25, 'window': 'MAX', 'order': 2, 'rows': 9}
{'ticker': 'DIA', 'mode': 'tri', 'thr': 25, 'window': 'MAX', 'order': 3, 'rows': 27}
{'ticker': 'DIA', 'mode': 'tri', 'thr': 25, 'window': 'MAX', 'order': 4, 'rows': 81}
{'ticker': 'DIA', 'mode': 'tri', 'thr': 30, 'window': '1Y', 'order': 1, 'rows': 3}
{'ticker': 'DIA', 'mode': 'tri', 'thr': 30, 'window': '1Y', 'order': 2, 'rows': 9}
{'ticker': 'DIA', 'mode': 'tri', 'thr': 30, 'window': '1Y', 'order': 3, 'rows': 27}
{'ticker': 'DIA', 'mode': 'tri', 'thr': 30, 'window': '1Y', 'order': 4, 'rows': 80}
{'ticker': 'DIA', 'mode': 'tri', 'thr': 30, 'window': '2Y', 'order': 1, 'rows': 3}
{'ticker': 'DIA', 'mode': 'tri', 'thr': 30, 'window': '2Y', 'order': 2, 'rows': 9}
{'ticker': 'DIA', 'mode': 'tri', 'thr': 30, 'window': '2Y', 'order': 3, 'rows': 27}
{'ticker': 'DIA', 'mode': 'tri', 'thr': 30, 'window': '2Y', 'order': 4, 'rows': 81}
{'ticker': 'DIA', 'mode': 'tri', 'thr': 30, 'window': '5Y', 'order': 1, 'rows': 3}
{'ticker': 'DIA', 'mode': 'tri', 'thr': 30, 'window': '5Y', 'order': 2, 'rows': 9}
{'ticker': 'DIA', 'mode': 'tri', 'thr': 30, 'window': '5Y', 'order': 3, 'rows': 27}
{'ticker': 'DIA', 'mode': 'tri', 'thr': 30, 'window': '5Y', 'order': 4, 'rows': 81}
{'ticker': 'DIA', 'mode': 'tri', 'thr': 30, 'window': '10Y', 'order': 1, 'rows': 3}
{'ticker': 'DIA', 'mode': 'tri', 'thr': 30, 'window': '10Y', 'order': 2, 'rows': 9}
{'ticker': 'DIA', 'mode': 'tri', 'thr': 30, 'window': '10Y', 'order': 3, 'rows': 27}
{'ticker': 'DIA', 'mode': 'tri', 'thr': 30, 'window': '10Y', 'order': 4, 'rows': 81}
{'ticker': 'DIA', 'mode': 'tri', 'thr': 30, 'window': '20Y', 'order': 1, 'rows': 3}
{'ticker': 'DIA', 'mode': 'tri', 'thr': 30, 'window': '20Y', 'order': 2, 'rows': 9}
{'ticker': 'DIA', 'mode': 'tri', 'thr': 30, 'window': '20Y', 'order': 3, 'rows': 27}
{'ticker': 'DIA', 'mode': 'tri', 'thr': 30, 'window': '20Y', 'order': 4, 'rows': 81}
{'ticker': 'DIA', 'mode': 'tri', 'thr': 30, 'window': 'MAX', 'order': 1, 'rows': 3}
{'ticker': 'DIA', 'mode': 'tri', 'thr': 30, 'window': 'MAX', 'order': 2, 'rows': 9}
{'ticker': 'DIA', 'mode': 'tri', 'thr': 30, 'window': 'MAX', 'order': 3, 'rows': 27}
{'ticker': 'DIA', 'mode': 'tri', 'thr': 30, 'window': 'MAX', 'order': 4, 'rows': 81}
{'ticker': 'DIA', 'mode': 'tri', 'thr': 35, 'window': '1Y', 'order': 1, 'rows': 3}
{'ticker': 'DIA', 'mode': 'tri', 'thr': 35, 'window': '1Y', 'order': 2, 'rows': 9}
{'ticker': 'DIA', 'mode': 'tri', 'thr': 35, 'window': '1Y', 'order': 3, 'rows': 27}
{'ticker': 'DIA', 'mode': 'tri', 'thr': 35, 'window': '1Y', 'order': 4, 'rows': 80}
{'ticker': 'DIA', 'mode': 'tri', 'thr': 35, 'window': '2Y', 'order': 1, 'rows': 3}
{'ticker': 'DIA', 'mode': 'tri', 'thr': 35, 'window': '2Y', 'order': 2, 'rows': 9}
{'ticker': 'DIA', 'mode': 'tri', 'thr': 35, 'window': '2Y', 'order': 3, 'rows': 27}
{'ticker': 'DIA', 'mode': 'tri', 'thr': 35, 'window': '2Y', 'order': 4, 'rows': 80}
{'ticker': 'DIA', 'mode': 'tri', 'thr': 35, 'window': '5Y', 'order': 1, 'rows': 3}
{'ticker': 'DIA', 'mode': 'tri', 'thr': 35, 'window': '5Y', 'order': 2, 'rows': 9}
{'ticker': 'DIA', 'mode': 'tri', 'thr': 35, 'window': '5Y', 'order': 3, 'rows': 27}
{'ticker': 'DIA', 'mode': 'tri', 'thr': 35, 'window': '5Y', 'order': 4, 'rows': 81}
{'ticker': 'DIA', 'mode': 'tri', 'thr': 35, 'window': '10Y', 'order': 1, 'rows': 3}
{'ticker': 'DIA', 'mode': 'tri', 'thr': 35, 'window': '10Y', 'order': 2, 'rows': 9}
{'ticker': 'DIA', 'mode': 'tri', 'thr': 35, 'window': '10Y', 'order': 3, 'rows': 27}
{'ticker': 'DIA', 'mode': 'tri', 'thr': 35, 'window': '10Y', 'order': 4, 'rows': 81}
{'ticker': 'DIA', 'mode': 'tri', 'thr': 35, 'window': '20Y', 'order': 1, 'rows': 3}
{'ticker': 'DIA', 'mode': 'tri', 'thr': 35, 'window': '20Y', 'order': 2, 'rows': 9}
{'ticker': 'DIA', 'mode': 'tri', 'thr': 35, 'window': '20Y', 'order': 3, 'rows': 27}
{'ticker': 'DIA', 'mode': 'tri', 'thr': 35, 'window': '20Y', 'order': 4, 'rows': 81}
{'ticker': 'DIA', 'mode': 'tri', 'thr': 35, 'window': 'MAX', 'order': 1, 'rows': 3}
{'ticker': 'DIA', 'mode': 'tri', 'thr': 35, 'window': 'MAX', 'order': 2, 'rows': 9}
{'ticker': 'DIA', 'mode': 'tri', 'thr': 35, 'window': 'MAX', 'order': 3, 'rows': 27}
{'ticker': 'DIA', 'mode': 'tri', 'thr': 35, 'window': 'MAX', 'order': 4, 'rows': 81}
{'ticker': 'DIA', 'mode': 'tri', 'thr': 40, 'window': '1Y', 'order': 1, 'rows': 3}
{'ticker': 'DIA', 'mode': 'tri', 'thr': 40, 'window': '1Y', 'order': 2, 'rows': 9}
{'ticker': 'DIA', 'mode': 'tri', 'thr': 40, 'window': '1Y', 'order': 3, 'rows': 27}
{'ticker': 'DIA', 'mode': 'tri', 'thr': 40, 'window': '1Y', 'order': 4, 'rows': 79}
{'ticker': 'DIA', 'mode': 'tri', 'thr': 40, 'window': '2Y', 'order': 1, 'rows': 3}
{'ticker': 'DIA', 'mode': 'tri', 'thr': 40, 'window': '2Y', 'order': 2, 'rows': 9}
{'ticker': 'DIA', 'mode': 'tri', 'thr': 40, 'window': '2Y', 'order': 3, 'rows': 27}
{'ticker': 'DIA', 'mode': 'tri', 'thr': 40, 'window': '2Y', 'order': 4, 'rows': 80}
{'ticker': 'DIA', 'mode': 'tri', 'thr': 40, 'window': '5Y', 'order': 1, 'rows': 3}
{'ticker': 'DIA', 'mode': 'tri', 'thr': 40, 'window': '5Y', 'order': 2, 'rows': 9}
{'ticker': 'DIA', 'mode': 'tri', 'thr': 40, 'window': '5Y', 'order': 3, 'rows': 27}
{'ticker': 'DIA', 'mode': 'tri', 'thr': 40, 'window': '5Y', 'order': 4, 'rows': 81}
{'ticker': 'DIA', 'mode': 'tri', 'thr': 40, 'window': '10Y', 'order': 1, 'rows': 3}
{'ticker': 'DIA', 'mode': 'tri', 'thr': 40, 'window': '10Y', 'order': 2, 'rows': 9}
{'ticker': 'DIA', 'mode': 'tri', 'thr': 40, 'window': '10Y', 'order': 3, 'rows': 27}
{'ticker': 'DIA', 'mode': 'tri', 'thr': 40, 'window': '10Y', 'order': 4, 'rows': 81}2025-11-12 11:45:15,774 INFO [cli] {'ticker': 'DIA', 'mode': 'tri', 'thr': 60, 'window': '20Y', 'order': 2, 'rows': 9}
2025-11-12 11:45:15,785 INFO [cli] {'ticker': 'DIA', 'mode': 'tri', 'thr': 60, 'window': '20Y', 'order': 3, 'rows': 27}
2025-11-12 11:45:15,797 INFO [cli] {'ticker': 'DIA', 'mode': 'tri', 'thr': 60, 'window': '20Y', 'order': 4, 'rows': 81}
2025-11-12 11:45:15,807 INFO [cli] {'ticker': 'DIA', 'mode': 'tri', 'thr': 60, 'window': 'MAX', 'order': 1, 'rows': 3}
2025-11-12 11:45:15,816 INFO [cli] {'ticker': 'DIA', 'mode': 'tri', 'thr': 60, 'window': 'MAX', 'order': 2, 'rows': 9}
2025-11-12 11:45:15,827 INFO [cli] {'ticker': 'DIA', 'mode': 'tri', 'thr': 60, 'window': 'MAX', 'order': 3, 'rows': 27}
2025-11-12 11:45:15,855 INFO [cli] {'ticker': 'DIA', 'mode': 'tri', 'thr': 60, 'window': 'MAX', 'order': 4, 'rows': 81}
2025-11-12 11:45:15,878 INFO [cli] {'ticker': 'DIA', 'mode': 'tri', 'thr': 65, 'window': '1Y', 'order': 1, 'rows': 3}
2025-11-12 11:45:15,889 INFO [cli] {'ticker': 'DIA', 'mode': 'tri', 'thr': 65, 'window': '1Y', 'order': 2, 'rows': 9}
2025-11-12 11:45:15,901 INFO [cli] {'ticker': 'DIA', 'mode': 'tri', 'thr': 65, 'window': '1Y', 'order': 3, 'rows': 26}
2025-11-12 11:45:15,910 INFO [cli] {'ticker': 'DIA', 'mode': 'tri', 'thr': 65, 'window': '1Y', 'order': 4, 'rows': 63}
2025-11-12 11:45:15,920 INFO [cli] {'ticker': 'DIA', 'mode': 'tri', 'thr': 65, 'window': '2Y', 'order': 1, 'rows': 3}
2025-11-12 11:45:15,931 INFO [cli] {'ticker': 'DIA', 'mode': 'tri', 'thr': 65, 'window': '2Y', 'order': 2, 'rows': 9}
2025-11-12 11:45:15,943 INFO [cli] {'ticker': 'DIA', 'mode': 'tri', 'thr': 65, 'window': '2Y', 'order': 3, 'rows': 27}
2025-11-12 11:45:15,955 INFO [cli] {'ticker': 'DIA', 'mode': 'tri', 'thr': 65, 'window': '2Y', 'order': 4, 'rows': 69}
2025-11-12 11:45:15,966 INFO [cli] {'ticker': 'DIA', 'mode': 'tri', 'thr': 65, 'window': '5Y', 'order': 1, 'rows': 3}
2025-11-12 11:45:15,977 INFO [cli] {'ticker': 'DIA', 'mode': 'tri', 'thr': 65, 'window': '5Y', 'order': 2, 'rows': 9}
2025-11-12 11:45:15,988 INFO [cli] {'ticker': 'DIA', 'mode': 'tri', 'thr': 65, 'window': '5Y', 'order': 3, 'rows': 27}
2025-11-12 11:45:15,999 INFO [cli] {'ticker': 'DIA', 'mode': 'tri', 'thr': 65, 'window': '5Y', 'order': 4, 'rows': 80}
2025-11-12 11:45:16,009 INFO [cli] {'ticker': 'DIA', 'mode': 'tri', 'thr': 65, 'window': '10Y', 'order': 1, 'rows': 3}
2025-11-12 11:45:16,020 INFO [cli] {'ticker': 'DIA', 'mode': 'tri', 'thr': 65, 'window': '10Y', 'order': 2, 'rows': 9}
2025-11-12 11:45:16,033 INFO [cli] {'ticker': 'DIA', 'mode': 'tri', 'thr': 65, 'window': '10Y', 'order': 3, 'rows': 27}
2025-11-12 11:45:16,044 INFO [cli] {'ticker': 'DIA', 'mode': 'tri', 'thr': 65, 'window': '10Y', 'order': 4, 'rows': 81}
2025-11-12 11:45:16,055 INFO [cli] {'ticker': 'DIA', 'mode': 'tri', 'thr': 65, 'window': '20Y', 'order': 1, 'rows': 3}
2025-11-12 11:45:16,066 INFO [cli] {'ticker': 'DIA', 'mode': 'tri', 'thr': 65, 'window': '20Y', 'order': 2, 'rows': 9}
2025-11-12 11:45:16,077 INFO [cli] {'ticker': 'DIA', 'mode': 'tri', 'thr': 65, 'window': '20Y', 'order': 3, 'rows': 27}
2025-11-12 11:45:16,088 INFO [cli] {'ticker': 'DIA', 'mode': 'tri', 'thr': 65, 'window': '20Y', 'order': 4, 'rows': 81}
2025-11-12 11:45:16,099 INFO [cli] {'ticker': 'DIA', 'mode': 'tri', 'thr': 65, 'window': 'MAX', 'order': 1, 'rows': 3}
2025-11-12 11:45:16,111 INFO [cli] {'ticker': 'DIA', 'mode': 'tri', 'thr': 65, 'window': 'MAX', 'order': 2, 'rows': 9}
2025-11-12 11:45:16,122 INFO [cli] {'ticker': 'DIA', 'mode': 'tri', 'thr': 65, 'window': 'MAX', 'order': 3, 'rows': 27}
2025-11-12 11:45:16,133 INFO [cli] {'ticker': 'DIA', 'mode': 'tri', 'thr': 65, 'window': 'MAX', 'order': 4, 'rows': 81}
2025-11-12 11:45:16,151 INFO [cli] {'ticker': 'DIA', 'mode': 'tri', 'thr': 70, 'window': '1Y', 'order': 1, 'rows': 3}
2025-11-12 11:45:16,164 INFO [cli] {'ticker': 'DIA', 'mode': 'tri', 'thr': 70, 'window': '1Y', 'order': 2, 'rows': 9}
2025-11-12 11:45:16,175 INFO [cli] {'ticker': 'DIA', 'mode': 'tri', 'thr': 70, 'window': '1Y', 'order': 3, 'rows': 26}
2025-11-12 11:45:16,186 INFO [cli] {'ticker': 'DIA', 'mode': 'tri', 'thr': 70, 'window': '1Y', 'order': 4, 'rows': 58}
2025-11-12 11:45:16,197 INFO [cli] {'ticker': 'DIA', 'mode': 'tri', 'thr': 70, 'window': '2Y', 'order': 1, 'rows': 3}
2025-11-12 11:45:16,209 INFO [cli] {'ticker': 'DIA', 'mode': 'tri', 'thr': 70, 'window': '2Y', 'order': 2, 'rows': 9}
2025-11-12 11:45:16,222 INFO [cli] {'ticker': 'DIA', 'mode': 'tri', 'thr': 70, 'window': '2Y', 'order': 3, 'rows': 26}
2025-11-12 11:45:16,233 INFO [cli] {'ticker': 'DIA', 'mode': 'tri', 'thr': 70, 'window': '2Y', 'order': 4, 'rows': 65}
2025-11-12 11:45:16,245 INFO [cli] {'ticker': 'DIA', 'mode': 'tri', 'thr': 70, 'window': '5Y', 'order': 1, 'rows': 3}
2025-11-12 11:45:16,256 INFO [cli] {'ticker': 'DIA', 'mode': 'tri', 'thr': 70, 'window': '5Y', 'order': 2, 'rows': 9}
2025-11-12 11:45:16,266 INFO [cli] {'ticker': 'DIA', 'mode': 'tri', 'thr': 70, 'window': '5Y', 'order': 3, 'rows': 27}
2025-11-12 11:45:16,276 INFO [cli] {'ticker': 'DIA', 'mode': 'tri', 'thr': 70, 'window': '5Y', 'order': 4, 'rows': 80}
2025-11-12 11:45:16,289 INFO [cli] {'ticker': 'DIA', 'mode': 'tri', 'thr': 70, 'window': '10Y', 'order': 1, 'rows': 3}
2025-11-12 11:45:16,300 INFO [cli] {'ticker': 'DIA', 'mode': 'tri', 'thr': 70, 'window': '10Y', 'order': 2, 'rows': 9}
2025-11-12 11:45:16,312 INFO [cli] {'ticker': 'DIA', 'mode': 'tri', 'thr': 70, 'window': '10Y', 'order': 3, 'rows': 27}
2025-11-12 11:45:16,331 INFO [cli] {'ticker': 'DIA', 'mode': 'tri', 'thr': 70, 'window': '10Y', 'order': 4, 'rows': 81}
2025-11-12 11:45:16,349 INFO [cli] {'ticker': 'DIA', 'mode': 'tri', 'thr': 70, 'window': '20Y', 'order': 1, 'rows': 3}
2025-11-12 11:45:16,361 INFO [cli] {'ticker': 'DIA', 'mode': 'tri', 'thr': 70, 'window': '20Y', 'order': 2, 'rows': 9}
2025-11-12 11:45:16,373 INFO [cli] {'ticker': 'DIA', 'mode': 'tri', 'thr': 70, 'window': '20Y', 'order': 3, 'rows': 27}
2025-11-12 11:45:16,383 INFO [cli] {'ticker': 'DIA', 'mode': 'tri', 'thr': 70, 'window': '20Y', 'order': 4, 'rows': 81}
2025-11-12 11:45:16,394 INFO [cli] {'ticker': 'DIA', 'mode': 'tri', 'thr': 70, 'window': 'MAX', 'order': 1, 'rows': 3}
2025-11-12 11:45:16,406 INFO [cli] {'ticker': 'DIA', 'mode': 'tri', 'thr': 70, 'window': 'MAX', 'order': 2, 'rows': 9}
2025-11-12 11:45:16,413 INFO [cli] {'ticker': 'DIA', 'mode': 'tri', 'thr': 70, 'window': 'MAX', 'order': 3, 'rows': 27}
2025-11-12 11:45:16,422 INFO [cli] {'ticker': 'DIA', 'mode': 'tri', 'thr': 70, 'window': 'MAX', 'order': 4, 'rows': 81}
2025-11-12 11:45:16,441 INFO [cli] {'ticker': 'DIA', 'mode': 'tri', 'thr': 75, 'window': '1Y', 'order': 1, 'rows': 3}
2025-11-12 11:45:16,455 INFO [cli] {'ticker': 'DIA', 'mode': 'tri', 'thr': 75, 'window': '1Y', 'order': 2, 'rows': 9}
2025-11-12 11:45:16,466 INFO [cli] {'ticker': 'DIA', 'mode': 'tri', 'thr': 75, 'window': '1Y', 'order': 3, 'rows': 26}
2025-11-12 11:45:16,478 INFO [cli] {'ticker': 'DIA', 'mode': 'tri', 'thr': 75, 'window': '1Y', 'order': 4, 'rows': 57}
2025-11-12 11:45:16,489 INFO [cli] {'ticker': 'DIA', 'mode': 'tri', 'thr': 75, 'window': '2Y', 'order': 1, 'rows': 3}
2025-11-12 11:45:16,498 INFO [cli] {'ticker': 'DIA', 'mode': 'tri', 'thr': 75, 'window': '2Y', 'order': 2, 'rows': 9}
2025-11-12 11:45:16,506 INFO [cli] {'ticker': 'DIA', 'mode': 'tri', 'thr': 75, 'window': '2Y', 'order': 3, 'rows': 26}
2025-11-12 11:45:16,515 INFO [cli] {'ticker': 'DIA', 'mode': 'tri', 'thr': 75, 'window': '2Y', 'order': 4, 'rows': 62}
2025-11-12 11:45:16,525 INFO [cli] {'ticker': 'DIA', 'mode': 'tri', 'thr': 75, 'window': '5Y', 'order': 1, 'rows': 3}
2025-11-12 11:45:16,536 INFO [cli] {'ticker': 'DIA', 'mode': 'tri', 'thr': 75, 'window': '5Y', 'order': 2, 'rows': 9}
2025-11-12 11:45:16,546 INFO [cli] {'ticker': 'DIA', 'mode': 'tri', 'thr': 75, 'window': '5Y', 'order': 3, 'rows': 27}
2025-11-12 11:45:16,555 INFO [cli] {'ticker': 'DIA', 'mode': 'tri', 'thr': 75, 'window': '5Y', 'order': 4, 'rows': 78}
2025-11-12 11:45:16,564 INFO [cli] {'ticker': 'DIA', 'mode': 'tri', 'thr': 75, 'window': '10Y', 'order': 1, 'rows': 3}
2025-11-12 11:45:16,572 INFO [cli] {'ticker': 'DIA', 'mode': 'tri', 'thr': 75, 'window': '10Y', 'order': 2, 'rows': 9}
2025-11-12 11:45:16,584 INFO [cli] {'ticker': 'DIA', 'mode': 'tri', 'thr': 75, 'window': '10Y', 'order': 3, 'rows': 27}
2025-11-12 11:45:16,595 INFO [cli] {'ticker': 'DIA', 'mode': 'tri', 'thr': 75, 'window': '10Y', 'order': 4, 'rows': 81}
2025-11-12 11:45:16,605 INFO [cli] {'ticker': 'DIA', 'mode': 'tri', 'thr': 75, 'window': '20Y', 'order': 1, 'rows': 3}
2025-11-12 11:45:16,617 INFO [cli] {'ticker': 'DIA', 'mode': 'tri', 'thr': 75, 'window': '20Y', 'order': 2, 'rows': 9}
2025-11-12 11:45:16,628 INFO [cli] {'ticker': 'DIA', 'mode': 'tri', 'thr': 75, 'window': '20Y', 'order': 3, 'rows': 27}
2025-11-12 11:45:16,640 INFO [cli] {'ticker': 'DIA', 'mode': 'tri', 'thr': 75, 'window': '20Y', 'order': 4, 'rows': 81}
2025-11-12 11:45:16,651 INFO [cli] {'ticker': 'DIA', 'mode': 'tri', 'thr': 75, 'window': 'MAX', 'order': 1, 'rows': 3}
2025-11-12 11:45:16,662 INFO [cli] {'ticker': 'DIA', 'mode': 'tri', 'thr': 75, 'window': 'MAX', 'order': 2, 'rows': 9}
2025-11-12 11:45:16,671 INFO [cli] {'ticker': 'DIA', 'mode': 'tri', 'thr': 75, 'window': 'MAX', 'order': 3, 'rows': 27}
2025-11-12 11:45:16,679 INFO [cli] {'ticker': 'DIA', 'mode': 'tri', 'thr': 75, 'window': 'MAX', 'order': 4, 'rows': 81}
2025-11-12 11:45:16,695 INFO [cli] {'ticker': 'DIA', 'mode': 'tri', 'thr': 80, 'window': '1Y', 'order': 1, 'rows': 3}
2025-11-12 11:45:16,706 INFO [cli] {'ticker': 'DIA', 'mode': 'tri', 'thr': 80, 'window': '1Y', 'order': 2, 'rows': 9}
2025-11-12 11:45:16,718 INFO [cli] {'ticker': 'DIA', 'mode': 'tri', 'thr': 80, 'window': '1Y', 'order': 3, 'rows': 26}
2025-11-12 11:45:16,728 INFO [cli] {'ticker': 'DIA', 'mode': 'tri', 'thr': 80, 'window': '1Y', 'order': 4, 'rows': 52}
2025-11-12 11:45:16,740 INFO [cli] {'ticker': 'DIA', 'mode': 'tri', 'thr': 80, 'window': '2Y', 'order': 1, 'rows': 3}
2025-11-12 11:45:16,747 INFO [cli] {'ticker': 'DIA', 'mode': 'tri', 'thr': 80, 'window': '2Y', 'order': 2, 'rows': 9}
2025-11-12 11:45:16,757 INFO [cli] {'ticker': 'DIA', 'mode': 'tri', 'thr': 80, 'window': '2Y', 'order': 3, 'rows': 26}
2025-11-12 11:45:16,769 INFO [cli] {'ticker': 'DIA', 'mode': 'tri', 'thr': 80, 'window': '2Y', 'order': 4, 'rows': 60}
2025-11-12 11:45:16,780 INFO [cli] {'ticker': 'DIA', 'mode': 'tri', 'thr': 80, 'window': '5Y', 'order': 1, 'rows': 3}
2025-11-12 11:45:16,788 INFO [cli] {'ticker': 'DIA', 'mode': 'tri', 'thr': 80, 'window': '5Y', 'order': 2, 'rows': 9}
2025-11-12 11:45:16,798 INFO [cli] {'ticker': 'DIA', 'mode': 'tri', 'thr': 80, 'window': '5Y', 'order': 3, 'rows': 27}
2025-11-12 11:45:16,810 INFO [cli] {'ticker': 'DIA', 'mode': 'tri', 'thr': 80, 'window': '5Y', 'order': 4, 'rows': 78}
2025-11-12 11:45:16,818 INFO [cli] {'ticker': 'DIA', 'mode': 'tri', 'thr': 80, 'window': '10Y', 'order': 1, 'rows': 3}
2025-11-12 11:45:16,829 INFO [cli] {'ticker': 'DIA', 'mode': 'tri', 'thr': 80, 'window': '10Y', 'order': 2, 'rows': 9}
2025-11-12 11:45:16,839 INFO [cli] {'ticker': 'DIA', 'mode': 'tri', 'thr': 80, 'window': '10Y', 'order': 3, 'rows': 27}
2025-11-12 11:45:16,849 INFO [cli] {'ticker': 'DIA', 'mode': 'tri', 'thr': 80, 'window': '10Y', 'order': 4, 'rows': 81}
2025-11-12 11:45:16,858 INFO [cli] {'ticker': 'DIA', 'mode': 'tri', 'thr': 80, 'window': '20Y', 'order': 1, 'rows': 3}
2025-11-12 11:45:16,866 INFO [cli] {'ticker': 'DIA', 'mode': 'tri', 'thr': 80, 'window': '20Y', 'order': 2, 'rows': 9}
2025-11-12 11:45:16,876 INFO [cli] {'ticker': 'DIA', 'mode': 'tri', 'thr': 80, 'window': '20Y', 'order': 3, 'rows': 27}

{'ticker': 'DIA', 'mode': 'tri', 'thr': 40, 'window': '20Y', 'order': 1, 'rows': 3}
{'ticker': 'DIA', 'mode': 'tri', 'thr': 40, 'window': '20Y', 'order': 2, 'rows': 9}
{'ticker': 'DIA', 'mode': 'tri', 'thr': 40, 'window': '20Y', 'order': 3, 'rows': 27}
{'ticker': 'DIA', 'mode': 'tri', 'thr': 40, 'window': '20Y', 'order': 4, 'rows': 81}
{'ticker': 'DIA', 'mode': 'tri', 'thr': 40, 'window': 'MAX', 'order': 1, 'rows': 3}
{'ticker': 'DIA', 'mode': 'tri', 'thr': 40, 'window': 'MAX', 'order': 2, 'rows': 9}
{'ticker': 'DIA', 'mode': 'tri', 'thr': 40, 'window': 'MAX', 'order': 3, 'rows': 27}
{'ticker': 'DIA', 'mode': 'tri', 'thr': 40, 'window': 'MAX', 'order': 4, 'rows': 81}
{'ticker': 'DIA', 'mode': 'tri', 'thr': 45, 'window': '1Y', 'order': 1, 'rows': 3}
{'ticker': 'DIA', 'mode': 'tri', 'thr': 45, 'window': '1Y', 'order': 2, 'rows': 9}
{'ticker': 'DIA', 'mode': 'tri', 'thr': 45, 'window': '1Y', 'order': 3, 'rows': 27}
{'ticker': 'DIA', 'mode': 'tri', 'thr': 45, 'window': '1Y', 'order': 4, 'rows': 77}
{'ticker': 'DIA', 'mode': 'tri', 'thr': 45, 'window': '2Y', 'order': 1, 'rows': 3}
{'ticker': 'DIA', 'mode': 'tri', 'thr': 45, 'window': '2Y', 'order': 2, 'rows': 9}
{'ticker': 'DIA', 'mode': 'tri', 'thr': 45, 'window': '2Y', 'order': 3, 'rows': 27}
{'ticker': 'DIA', 'mode': 'tri', 'thr': 45, 'window': '2Y', 'order': 4, 'rows': 80}
{'ticker': 'DIA', 'mode': 'tri', 'thr': 45, 'window': '5Y', 'order': 1, 'rows': 3}
{'ticker': 'DIA', 'mode': 'tri', 'thr': 45, 'window': '5Y', 'order': 2, 'rows': 9}
{'ticker': 'DIA', 'mode': 'tri', 'thr': 45, 'window': '5Y', 'order': 3, 'rows': 27}
{'ticker': 'DIA', 'mode': 'tri', 'thr': 45, 'window': '5Y', 'order': 4, 'rows': 81}
{'ticker': 'DIA', 'mode': 'tri', 'thr': 45, 'window': '10Y', 'order': 1, 'rows': 3}
{'ticker': 'DIA', 'mode': 'tri', 'thr': 45, 'window': '10Y', 'order': 2, 'rows': 9}
{'ticker': 'DIA', 'mode': 'tri', 'thr': 45, 'window': '10Y', 'order': 3, 'rows': 27}
{'ticker': 'DIA', 'mode': 'tri', 'thr': 45, 'window': '10Y', 'order': 4, 'rows': 81}
{'ticker': 'DIA', 'mode': 'tri', 'thr': 45, 'window': '20Y', 'order': 1, 'rows': 3}
{'ticker': 'DIA', 'mode': 'tri', 'thr': 45, 'window': '20Y', 'order': 2, 'rows': 9}
{'ticker': 'DIA', 'mode': 'tri', 'thr': 45, 'window': '20Y', 'order': 3, 'rows': 27}
{'ticker': 'DIA', 'mode': 'tri', 'thr': 45, 'window': '20Y', 'order': 4, 'rows': 81}
{'ticker': 'DIA', 'mode': 'tri', 'thr': 45, 'window': 'MAX', 'order': 1, 'rows': 3}
{'ticker': 'DIA', 'mode': 'tri', 'thr': 45, 'window': 'MAX', 'order': 2, 'rows': 9}
{'ticker': 'DIA', 'mode': 'tri', 'thr': 45, 'window': 'MAX', 'order': 3, 'rows': 27}
{'ticker': 'DIA', 'mode': 'tri', 'thr': 45, 'window': 'MAX', 'order': 4, 'rows': 81}
{'ticker': 'DIA', 'mode': 'tri', 'thr': 50, 'window': '1Y', 'order': 1, 'rows': 3}
{'ticker': 'DIA', 'mode': 'tri', 'thr': 50, 'window': '1Y', 'order': 2, 'rows': 9}
{'ticker': 'DIA', 'mode': 'tri', 'thr': 50, 'window': '1Y', 'order': 3, 'rows': 27}
{'ticker': 'DIA', 'mode': 'tri', 'thr': 50, 'window': '1Y', 'order': 4, 'rows': 72}
{'ticker': 'DIA', 'mode': 'tri', 'thr': 50, 'window': '2Y', 'order': 1, 'rows': 3}
{'ticker': 'DIA', 'mode': 'tri', 'thr': 50, 'window': '2Y', 'order': 2, 'rows': 9}
{'ticker': 'DIA', 'mode': 'tri', 'thr': 50, 'window': '2Y', 'order': 3, 'rows': 27}
{'ticker': 'DIA', 'mode': 'tri', 'thr': 50, 'window': '2Y', 'order': 4, 'rows': 78}
{'ticker': 'DIA', 'mode': 'tri', 'thr': 50, 'window': '5Y', 'order': 1, 'rows': 3}
{'ticker': 'DIA', 'mode': 'tri', 'thr': 50, 'window': '5Y', 'order': 2, 'rows': 9}
{'ticker': 'DIA', 'mode': 'tri', 'thr': 50, 'window': '5Y', 'order': 3, 'rows': 27}
{'ticker': 'DIA', 'mode': 'tri', 'thr': 50, 'window': '5Y', 'order': 4, 'rows': 81}
{'ticker': 'DIA', 'mode': 'tri', 'thr': 50, 'window': '10Y', 'order': 1, 'rows': 3}
{'ticker': 'DIA', 'mode': 'tri', 'thr': 50, 'window': '10Y', 'order': 2, 'rows': 9}
{'ticker': 'DIA', 'mode': 'tri', 'thr': 50, 'window': '10Y', 'order': 3, 'rows': 27}
{'ticker': 'DIA', 'mode': 'tri', 'thr': 50, 'window': '10Y', 'order': 4, 'rows': 81}
{'ticker': 'DIA', 'mode': 'tri', 'thr': 50, 'window': '20Y', 'order': 1, 'rows': 3}
{'ticker': 'DIA', 'mode': 'tri', 'thr': 50, 'window': '20Y', 'order': 2, 'rows': 9}
{'ticker': 'DIA', 'mode': 'tri', 'thr': 50, 'window': '20Y', 'order': 3, 'rows': 27}
{'ticker': 'DIA', 'mode': 'tri', 'thr': 50, 'window': '20Y', 'order': 4, 'rows': 81}
{'ticker': 'DIA', 'mode': 'tri', 'thr': 50, 'window': 'MAX', 'order': 1, 'rows': 3}
{'ticker': 'DIA', 'mode': 'tri', 'thr': 50, 'window': 'MAX', 'order': 2, 'rows': 9}
{'ticker': 'DIA', 'mode': 'tri', 'thr': 50, 'window': 'MAX', 'order': 3, 'rows': 27}
{'ticker': 'DIA', 'mode': 'tri', 'thr': 50, 'window': 'MAX', 'order': 4, 'rows': 81}
{'ticker': 'DIA', 'mode': 'tri', 'thr': 55, 'window': '1Y', 'order': 1, 'rows': 3}
{'ticker': 'DIA', 'mode': 'tri', 'thr': 55, 'window': '1Y', 'order': 2, 'rows': 9}
{'ticker': 'DIA', 'mode': 'tri', 'thr': 55, 'window': '1Y', 'order': 3, 'rows': 27}
{'ticker': 'DIA', 'mode': 'tri', 'thr': 55, 'window': '1Y', 'order': 4, 'rows': 73}
{'ticker': 'DIA', 'mode': 'tri', 'thr': 55, 'window': '2Y', 'order': 1, 'rows': 3}
{'ticker': 'DIA', 'mode': 'tri', 'thr': 55, 'window': '2Y', 'order': 2, 'rows': 9}
{'ticker': 'DIA', 'mode': 'tri', 'thr': 55, 'window': '2Y', 'order': 3, 'rows': 27}
{'ticker': 'DIA', 'mode': 'tri', 'thr': 55, 'window': '2Y', 'order': 4, 'rows': 78}
{'ticker': 'DIA', 'mode': 'tri', 'thr': 55, 'window': '5Y', 'order': 1, 'rows': 3}
{'ticker': 'DIA', 'mode': 'tri', 'thr': 55, 'window': '5Y', 'order': 2, 'rows': 9}
{'ticker': 'DIA', 'mode': 'tri', 'thr': 55, 'window': '5Y', 'order': 3, 'rows': 27}
{'ticker': 'DIA', 'mode': 'tri', 'thr': 55, 'window': '5Y', 'order': 4, 'rows': 81}
{'ticker': 'DIA', 'mode': 'tri', 'thr': 55, 'window': '10Y', 'order': 1, 'rows': 3}
{'ticker': 'DIA', 'mode': 'tri', 'thr': 55, 'window': '10Y', 'order': 2, 'rows': 9}
{'ticker': 'DIA', 'mode': 'tri', 'thr': 55, 'window': '10Y', 'order': 3, 'rows': 27}
{'ticker': 'DIA', 'mode': 'tri', 'thr': 55, 'window': '10Y', 'order': 4, 'rows': 81}
{'ticker': 'DIA', 'mode': 'tri', 'thr': 55, 'window': '20Y', 'order': 1, 'rows': 3}
{'ticker': 'DIA', 'mode': 'tri', 'thr': 55, 'window': '20Y', 'order': 2, 'rows': 9}
{'ticker': 'DIA', 'mode': 'tri', 'thr': 55, 'window': '20Y', 'order': 3, 'rows': 27}
{'ticker': 'DIA', 'mode': 'tri', 'thr': 55, 'window': '20Y', 'order': 4, 'rows': 81}
{'ticker': 'DIA', 'mode': 'tri', 'thr': 55, 'window': 'MAX', 'order': 1, 'rows': 3}
{'ticker': 'DIA', 'mode': 'tri', 'thr': 55, 'window': 'MAX', 'order': 2, 'rows': 9}
{'ticker': 'DIA', 'mode': 'tri', 'thr': 55, 'window': 'MAX', 'order': 3, 'rows': 27}
{'ticker': 'DIA', 'mode': 'tri', 'thr': 55, 'window': 'MAX', 'order': 4, 'rows': 81}
{'ticker': 'DIA', 'mode': 'tri', 'thr': 60, 'window': '1Y', 'order': 1, 'rows': 3}
{'ticker': 'DIA', 'mode': 'tri', 'thr': 60, 'window': '1Y', 'order': 2, 'rows': 9}
{'ticker': 'DIA', 'mode': 'tri', 'thr': 60, 'window': '1Y', 'order': 3, 'rows': 27}
{'ticker': 'DIA', 'mode': 'tri', 'thr': 60, 'window': '1Y', 'order': 4, 'rows': 71}
{'ticker': 'DIA', 'mode': 'tri', 'thr': 60, 'window': '2Y', 'order': 1, 'rows': 3}
{'ticker': 'DIA', 'mode': 'tri', 'thr': 60, 'window': '2Y', 'order': 2, 'rows': 9}
{'ticker': 'DIA', 'mode': 'tri', 'thr': 60, 'window': '2Y', 'order': 3, 'rows': 27}
{'ticker': 'DIA', 'mode': 'tri', 'thr': 60, 'window': '2Y', 'order': 4, 'rows': 74}
{'ticker': 'DIA', 'mode': 'tri', 'thr': 60, 'window': '5Y', 'order': 1, 'rows': 3}
{'ticker': 'DIA', 'mode': 'tri', 'thr': 60, 'window': '5Y', 'order': 2, 'rows': 9}
{'ticker': 'DIA', 'mode': 'tri', 'thr': 60, 'window': '5Y', 'order': 3, 'rows': 27}
{'ticker': 'DIA', 'mode': 'tri', 'thr': 60, 'window': '5Y', 'order': 4, 'rows': 81}
{'ticker': 'DIA', 'mode': 'tri', 'thr': 60, 'window': '10Y', 'order': 1, 'rows': 3}
{'ticker': 'DIA', 'mode': 'tri', 'thr': 60, 'window': '10Y', 'order': 2, 'rows': 9}
{'ticker': 'DIA', 'mode': 'tri', 'thr': 60, 'window': '10Y', 'order': 3, 'rows': 27}
{'ticker': 'DIA', 'mode': 'tri', 'thr': 60, 'window': '10Y', 'order': 4, 'rows': 81}
{'ticker': 'DIA', 'mode': 'tri', 'thr': 60, 'window': '20Y', 'order': 1, 'rows': 3}
{'ticker': 'DIA', 'mode': 'tri', 'thr': 60, 'window': '20Y', 'order': 2, 'rows': 9}2025-11-12 11:45:16,888 INFO [cli] {'ticker': 'DIA', 'mode': 'tri', 'thr': 80, 'window': '20Y', 'order': 4, 'rows': 81}
2025-11-12 11:45:16,898 INFO [cli] {'ticker': 'DIA', 'mode': 'tri', 'thr': 80, 'window': 'MAX', 'order': 1, 'rows': 3}
2025-11-12 11:45:16,906 INFO [cli] {'ticker': 'DIA', 'mode': 'tri', 'thr': 80, 'window': 'MAX', 'order': 2, 'rows': 9}
2025-11-12 11:45:16,915 INFO [cli] {'ticker': 'DIA', 'mode': 'tri', 'thr': 80, 'window': 'MAX', 'order': 3, 'rows': 27}
2025-11-12 11:45:16,924 INFO [cli] {'ticker': 'DIA', 'mode': 'tri', 'thr': 80, 'window': 'MAX', 'order': 4, 'rows': 81}
2025-11-12 11:45:16,940 INFO [cli] {'ticker': 'DIA', 'mode': 'tri', 'thr': 85, 'window': '1Y', 'order': 1, 'rows': 3}
2025-11-12 11:45:16,950 INFO [cli] {'ticker': 'DIA', 'mode': 'tri', 'thr': 85, 'window': '1Y', 'order': 2, 'rows': 9}
2025-11-12 11:45:16,961 INFO [cli] {'ticker': 'DIA', 'mode': 'tri', 'thr': 85, 'window': '1Y', 'order': 3, 'rows': 26}
2025-11-12 11:45:16,972 INFO [cli] {'ticker': 'DIA', 'mode': 'tri', 'thr': 85, 'window': '1Y', 'order': 4, 'rows': 54}
2025-11-12 11:45:16,983 INFO [cli] {'ticker': 'DIA', 'mode': 'tri', 'thr': 85, 'window': '2Y', 'order': 1, 'rows': 3}
2025-11-12 11:45:16,993 INFO [cli] {'ticker': 'DIA', 'mode': 'tri', 'thr': 85, 'window': '2Y', 'order': 2, 'rows': 9}
2025-11-12 11:45:17,005 INFO [cli] {'ticker': 'DIA', 'mode': 'tri', 'thr': 85, 'window': '2Y', 'order': 3, 'rows': 26}
2025-11-12 11:45:17,013 INFO [cli] {'ticker': 'DIA', 'mode': 'tri', 'thr': 85, 'window': '2Y', 'order': 4, 'rows': 58}
2025-11-12 11:45:17,022 INFO [cli] {'ticker': 'DIA', 'mode': 'tri', 'thr': 85, 'window': '5Y', 'order': 1, 'rows': 3}
2025-11-12 11:45:17,031 INFO [cli] {'ticker': 'DIA', 'mode': 'tri', 'thr': 85, 'window': '5Y', 'order': 2, 'rows': 9}
2025-11-12 11:45:17,040 INFO [cli] {'ticker': 'DIA', 'mode': 'tri', 'thr': 85, 'window': '5Y', 'order': 3, 'rows': 27}
2025-11-12 11:45:17,051 INFO [cli] {'ticker': 'DIA', 'mode': 'tri', 'thr': 85, 'window': '5Y', 'order': 4, 'rows': 76}
2025-11-12 11:45:17,062 INFO [cli] {'ticker': 'DIA', 'mode': 'tri', 'thr': 85, 'window': '10Y', 'order': 1, 'rows': 3}
2025-11-12 11:45:17,073 INFO [cli] {'ticker': 'DIA', 'mode': 'tri', 'thr': 85, 'window': '10Y', 'order': 2, 'rows': 9}
2025-11-12 11:45:17,085 INFO [cli] {'ticker': 'DIA', 'mode': 'tri', 'thr': 85, 'window': '10Y', 'order': 3, 'rows': 27}
2025-11-12 11:45:17,096 INFO [cli] {'ticker': 'DIA', 'mode': 'tri', 'thr': 85, 'window': '10Y', 'order': 4, 'rows': 81}
2025-11-12 11:45:17,106 INFO [cli] {'ticker': 'DIA', 'mode': 'tri', 'thr': 85, 'window': '20Y', 'order': 1, 'rows': 3}
2025-11-12 11:45:17,114 INFO [cli] {'ticker': 'DIA', 'mode': 'tri', 'thr': 85, 'window': '20Y', 'order': 2, 'rows': 9}
2025-11-12 11:45:17,126 INFO [cli] {'ticker': 'DIA', 'mode': 'tri', 'thr': 85, 'window': '20Y', 'order': 3, 'rows': 27}
2025-11-12 11:45:17,138 INFO [cli] {'ticker': 'DIA', 'mode': 'tri', 'thr': 85, 'window': '20Y', 'order': 4, 'rows': 81}
2025-11-12 11:45:17,148 INFO [cli] {'ticker': 'DIA', 'mode': 'tri', 'thr': 85, 'window': 'MAX', 'order': 1, 'rows': 3}
2025-11-12 11:45:17,159 INFO [cli] {'ticker': 'DIA', 'mode': 'tri', 'thr': 85, 'window': 'MAX', 'order': 2, 'rows': 9}
2025-11-12 11:45:17,169 INFO [cli] {'ticker': 'DIA', 'mode': 'tri', 'thr': 85, 'window': 'MAX', 'order': 3, 'rows': 27}
2025-11-12 11:45:17,179 INFO [cli] {'ticker': 'DIA', 'mode': 'tri', 'thr': 85, 'window': 'MAX', 'order': 4, 'rows': 81}
2025-11-12 11:45:17,196 INFO [cli] {'ticker': 'DIA', 'mode': 'tri', 'thr': 90, 'window': '1Y', 'order': 1, 'rows': 3}
2025-11-12 11:45:17,205 INFO [cli] {'ticker': 'DIA', 'mode': 'tri', 'thr': 90, 'window': '1Y', 'order': 2, 'rows': 9}
2025-11-12 11:45:17,216 INFO [cli] {'ticker': 'DIA', 'mode': 'tri', 'thr': 90, 'window': '1Y', 'order': 3, 'rows': 26}
2025-11-12 11:45:17,223 INFO [cli] {'ticker': 'DIA', 'mode': 'tri', 'thr': 90, 'window': '1Y', 'order': 4, 'rows': 51}
2025-11-12 11:45:17,231 INFO [cli] {'ticker': 'DIA', 'mode': 'tri', 'thr': 90, 'window': '2Y', 'order': 1, 'rows': 3}
2025-11-12 11:45:17,241 INFO [cli] {'ticker': 'DIA', 'mode': 'tri', 'thr': 90, 'window': '2Y', 'order': 2, 'rows': 9}
2025-11-12 11:45:17,252 INFO [cli] {'ticker': 'DIA', 'mode': 'tri', 'thr': 90, 'window': '2Y', 'order': 3, 'rows': 26}
2025-11-12 11:45:17,272 INFO [cli] {'ticker': 'DIA', 'mode': 'tri', 'thr': 90, 'window': '2Y', 'order': 4, 'rows': 54}
2025-11-12 11:45:17,281 INFO [cli] {'ticker': 'DIA', 'mode': 'tri', 'thr': 90, 'window': '5Y', 'order': 1, 'rows': 3}
2025-11-12 11:45:17,291 INFO [cli] {'ticker': 'DIA', 'mode': 'tri', 'thr': 90, 'window': '5Y', 'order': 2, 'rows': 9}
2025-11-12 11:45:17,300 INFO [cli] {'ticker': 'DIA', 'mode': 'tri', 'thr': 90, 'window': '5Y', 'order': 3, 'rows': 27}
2025-11-12 11:45:17,309 INFO [cli] {'ticker': 'DIA', 'mode': 'tri', 'thr': 90, 'window': '5Y', 'order': 4, 'rows': 72}
2025-11-12 11:45:17,319 INFO [cli] {'ticker': 'DIA', 'mode': 'tri', 'thr': 90, 'window': '10Y', 'order': 1, 'rows': 3}
2025-11-12 11:45:17,328 INFO [cli] {'ticker': 'DIA', 'mode': 'tri', 'thr': 90, 'window': '10Y', 'order': 2, 'rows': 9}
2025-11-12 11:45:17,338 INFO [cli] {'ticker': 'DIA', 'mode': 'tri', 'thr': 90, 'window': '10Y', 'order': 3, 'rows': 27}
2025-11-12 11:45:17,346 INFO [cli] {'ticker': 'DIA', 'mode': 'tri', 'thr': 90, 'window': '10Y', 'order': 4, 'rows': 81}
2025-11-12 11:45:17,355 INFO [cli] {'ticker': 'DIA', 'mode': 'tri', 'thr': 90, 'window': '20Y', 'order': 1, 'rows': 3}
2025-11-12 11:45:17,365 INFO [cli] {'ticker': 'DIA', 'mode': 'tri', 'thr': 90, 'window': '20Y', 'order': 2, 'rows': 9}
2025-11-12 11:45:17,375 INFO [cli] {'ticker': 'DIA', 'mode': 'tri', 'thr': 90, 'window': '20Y', 'order': 3, 'rows': 27}
2025-11-12 11:45:17,384 INFO [cli] {'ticker': 'DIA', 'mode': 'tri', 'thr': 90, 'window': '20Y', 'order': 4, 'rows': 81}
2025-11-12 11:45:17,394 INFO [cli] {'ticker': 'DIA', 'mode': 'tri', 'thr': 90, 'window': 'MAX', 'order': 1, 'rows': 3}
2025-11-12 11:45:17,403 INFO [cli] {'ticker': 'DIA', 'mode': 'tri', 'thr': 90, 'window': 'MAX', 'order': 2, 'rows': 9}
2025-11-12 11:45:17,412 INFO [cli] {'ticker': 'DIA', 'mode': 'tri', 'thr': 90, 'window': 'MAX', 'order': 3, 'rows': 27}
2025-11-12 11:45:17,423 INFO [cli] {'ticker': 'DIA', 'mode': 'tri', 'thr': 90, 'window': 'MAX', 'order': 4, 'rows': 81}
2025-11-12 11:45:17,439 INFO [cli] {'ticker': 'DIA', 'mode': 'tri', 'thr': 95, 'window': '1Y', 'order': 1, 'rows': 3}
2025-11-12 11:45:17,450 INFO [cli] {'ticker': 'DIA', 'mode': 'tri', 'thr': 95, 'window': '1Y', 'order': 2, 'rows': 9}
2025-11-12 11:45:17,460 INFO [cli] {'ticker': 'DIA', 'mode': 'tri', 'thr': 95, 'window': '1Y', 'order': 3, 'rows': 25}
2025-11-12 11:45:17,469 INFO [cli] {'ticker': 'DIA', 'mode': 'tri', 'thr': 95, 'window': '1Y', 'order': 4, 'rows': 45}
2025-11-12 11:45:17,478 INFO [cli] {'ticker': 'DIA', 'mode': 'tri', 'thr': 95, 'window': '2Y', 'order': 1, 'rows': 3}
2025-11-12 11:45:17,488 INFO [cli] {'ticker': 'DIA', 'mode': 'tri', 'thr': 95, 'window': '2Y', 'order': 2, 'rows': 9}
2025-11-12 11:45:17,498 INFO [cli] {'ticker': 'DIA', 'mode': 'tri', 'thr': 95, 'window': '2Y', 'order': 3, 'rows': 26}
2025-11-12 11:45:17,508 INFO [cli] {'ticker': 'DIA', 'mode': 'tri', 'thr': 95, 'window': '2Y', 'order': 4, 'rows': 50}
2025-11-12 11:45:17,517 INFO [cli] {'ticker': 'DIA', 'mode': 'tri', 'thr': 95, 'window': '5Y', 'order': 1, 'rows': 3}
2025-11-12 11:45:17,529 INFO [cli] {'ticker': 'DIA', 'mode': 'tri', 'thr': 95, 'window': '5Y', 'order': 2, 'rows': 9}
2025-11-12 11:45:17,541 INFO [cli] {'ticker': 'DIA', 'mode': 'tri', 'thr': 95, 'window': '5Y', 'order': 3, 'rows': 27}
2025-11-12 11:45:17,550 INFO [cli] {'ticker': 'DIA', 'mode': 'tri', 'thr': 95, 'window': '5Y', 'order': 4, 'rows': 70}
2025-11-12 11:45:17,559 INFO [cli] {'ticker': 'DIA', 'mode': 'tri', 'thr': 95, 'window': '10Y', 'order': 1, 'rows': 3}
2025-11-12 11:45:17,569 INFO [cli] {'ticker': 'DIA', 'mode': 'tri', 'thr': 95, 'window': '10Y', 'order': 2, 'rows': 9}
2025-11-12 11:45:17,580 INFO [cli] {'ticker': 'DIA', 'mode': 'tri', 'thr': 95, 'window': '10Y', 'order': 3, 'rows': 27}
2025-11-12 11:45:17,589 INFO [cli] {'ticker': 'DIA', 'mode': 'tri', 'thr': 95, 'window': '10Y', 'order': 4, 'rows': 81}
2025-11-12 11:45:17,598 INFO [cli] {'ticker': 'DIA', 'mode': 'tri', 'thr': 95, 'window': '20Y', 'order': 1, 'rows': 3}
2025-11-12 11:45:17,608 INFO [cli] {'ticker': 'DIA', 'mode': 'tri', 'thr': 95, 'window': '20Y', 'order': 2, 'rows': 9}
2025-11-12 11:45:17,619 INFO [cli] {'ticker': 'DIA', 'mode': 'tri', 'thr': 95, 'window': '20Y', 'order': 3, 'rows': 27}
2025-11-12 11:45:17,628 INFO [cli] {'ticker': 'DIA', 'mode': 'tri', 'thr': 95, 'window': '20Y', 'order': 4, 'rows': 81}
2025-11-12 11:45:17,636 INFO [cli] {'ticker': 'DIA', 'mode': 'tri', 'thr': 95, 'window': 'MAX', 'order': 1, 'rows': 3}
2025-11-12 11:45:17,645 INFO [cli] {'ticker': 'DIA', 'mode': 'tri', 'thr': 95, 'window': 'MAX', 'order': 2, 'rows': 9}
2025-11-12 11:45:17,652 INFO [cli] {'ticker': 'DIA', 'mode': 'tri', 'thr': 95, 'window': 'MAX', 'order': 3, 'rows': 27}
2025-11-12 11:45:17,661 INFO [cli] {'ticker': 'DIA', 'mode': 'tri', 'thr': 95, 'window': 'MAX', 'order': 4, 'rows': 81}
2025-11-12 11:45:17,677 INFO [cli] {'ticker': 'DIA', 'mode': 'tri', 'thr': 100, 'window': '1Y', 'order': 1, 'rows': 3}
2025-11-12 11:45:17,687 INFO [cli] {'ticker': 'DIA', 'mode': 'tri', 'thr': 100, 'window': '1Y', 'order': 2, 'rows': 9}
2025-11-12 11:45:17,697 INFO [cli] {'ticker': 'DIA', 'mode': 'tri', 'thr': 100, 'window': '1Y', 'order': 3, 'rows': 24}
2025-11-12 11:45:17,705 INFO [cli] {'ticker': 'DIA', 'mode': 'tri', 'thr': 100, 'window': '1Y', 'order': 4, 'rows': 39}
2025-11-12 11:45:17,716 INFO [cli] {'ticker': 'DIA', 'mode': 'tri', 'thr': 100, 'window': '2Y', 'order': 1, 'rows': 3}
2025-11-12 11:45:17,727 INFO [cli] {'ticker': 'DIA', 'mode': 'tri', 'thr': 100, 'window': '2Y', 'order': 2, 'rows': 9}
2025-11-12 11:45:17,737 INFO [cli] {'ticker': 'DIA', 'mode': 'tri', 'thr': 100, 'window': '2Y', 'order': 3, 'rows': 26}
2025-11-12 11:45:17,745 INFO [cli] {'ticker': 'DIA', 'mode': 'tri', 'thr': 100, 'window': '2Y', 'order': 4, 'rows': 47}
2025-11-12 11:45:17,754 INFO [cli] {'ticker': 'DIA', 'mode': 'tri', 'thr': 100, 'window': '5Y', 'order': 1, 'rows': 3}
2025-11-12 11:45:17,763 INFO [cli] {'ticker': 'DIA', 'mode': 'tri', 'thr': 100, 'window': '5Y', 'order': 2, 'rows': 9}
2025-11-12 11:45:17,773 INFO [cli] {'ticker': 'DIA', 'mode': 'tri', 'thr': 100, 'window': '5Y', 'order': 3, 'rows': 27}
2025-11-12 11:45:17,785 INFO [cli] {'ticker': 'DIA', 'mode': 'tri', 'thr': 100, 'window': '5Y', 'order': 4, 'rows': 68}
2025-11-12 11:45:17,796 INFO [cli] {'ticker': 'DIA', 'mode': 'tri', 'thr': 100, 'window': '10Y', 'order': 1, 'rows': 3}
2025-11-12 11:45:17,805 INFO [cli] {'ticker': 'DIA', 'mode': 'tri', 'thr': 100, 'window': '10Y', 'order': 2, 'rows': 9}
2025-11-12 11:45:17,814 INFO [cli] {'ticker': 'DIA', 'mode': 'tri', 'thr': 100, 'window': '10Y', 'order': 3, 'rows': 27}
2025-11-12 11:45:17,823 INFO [cli] {'ticker': 'DIA', 'mode': 'tri', 'thr': 100, 'window': '10Y', 'order': 4, 'rows': 81}
2025-11-12 11:45:17,831 INFO [cli] {'ticker': 'DIA', 'mode': 'tri', 'thr': 100, 'window': '20Y', 'order': 1, 'rows': 3}
2025-11-12 11:45:17,841 INFO [cli] {'ticker': 'DIA', 'mode': 'tri', 'thr': 100, 'window': '20Y', 'order': 2, 'rows': 9}
2025-11-12 11:45:17,854 INFO [cli] {'ticker': 'DIA', 'mode': 'tri', 'thr': 100, 'window': '20Y', 'order': 3, 'rows': 27}
2025-11-12 11:45:17,866 INFO [cli] {'ticker': 'DIA', 'mode': 'tri', 'thr': 100, 'window': '20Y', 'order': 4, 'rows': 81}
2025-11-12 11:45:17,877 INFO [cli] {'ticker': 'DIA', 'mode': 'tri', 'thr': 100, 'window': 'MAX', 'order': 1, 'rows': 3}

{'ticker': 'DIA', 'mode': 'tri', 'thr': 60, 'window': '20Y', 'order': 3, 'rows': 27}
{'ticker': 'DIA', 'mode': 'tri', 'thr': 60, 'window': '20Y', 'order': 4, 'rows': 81}
{'ticker': 'DIA', 'mode': 'tri', 'thr': 60, 'window': 'MAX', 'order': 1, 'rows': 3}
{'ticker': 'DIA', 'mode': 'tri', 'thr': 60, 'window': 'MAX', 'order': 2, 'rows': 9}
{'ticker': 'DIA', 'mode': 'tri', 'thr': 60, 'window': 'MAX', 'order': 3, 'rows': 27}
{'ticker': 'DIA', 'mode': 'tri', 'thr': 60, 'window': 'MAX', 'order': 4, 'rows': 81}
{'ticker': 'DIA', 'mode': 'tri', 'thr': 65, 'window': '1Y', 'order': 1, 'rows': 3}
{'ticker': 'DIA', 'mode': 'tri', 'thr': 65, 'window': '1Y', 'order': 2, 'rows': 9}
{'ticker': 'DIA', 'mode': 'tri', 'thr': 65, 'window': '1Y', 'order': 3, 'rows': 26}
{'ticker': 'DIA', 'mode': 'tri', 'thr': 65, 'window': '1Y', 'order': 4, 'rows': 63}
{'ticker': 'DIA', 'mode': 'tri', 'thr': 65, 'window': '2Y', 'order': 1, 'rows': 3}
{'ticker': 'DIA', 'mode': 'tri', 'thr': 65, 'window': '2Y', 'order': 2, 'rows': 9}
{'ticker': 'DIA', 'mode': 'tri', 'thr': 65, 'window': '2Y', 'order': 3, 'rows': 27}
{'ticker': 'DIA', 'mode': 'tri', 'thr': 65, 'window': '2Y', 'order': 4, 'rows': 69}
{'ticker': 'DIA', 'mode': 'tri', 'thr': 65, 'window': '5Y', 'order': 1, 'rows': 3}
{'ticker': 'DIA', 'mode': 'tri', 'thr': 65, 'window': '5Y', 'order': 2, 'rows': 9}
{'ticker': 'DIA', 'mode': 'tri', 'thr': 65, 'window': '5Y', 'order': 3, 'rows': 27}
{'ticker': 'DIA', 'mode': 'tri', 'thr': 65, 'window': '5Y', 'order': 4, 'rows': 80}
{'ticker': 'DIA', 'mode': 'tri', 'thr': 65, 'window': '10Y', 'order': 1, 'rows': 3}
{'ticker': 'DIA', 'mode': 'tri', 'thr': 65, 'window': '10Y', 'order': 2, 'rows': 9}
{'ticker': 'DIA', 'mode': 'tri', 'thr': 65, 'window': '10Y', 'order': 3, 'rows': 27}
{'ticker': 'DIA', 'mode': 'tri', 'thr': 65, 'window': '10Y', 'order': 4, 'rows': 81}
{'ticker': 'DIA', 'mode': 'tri', 'thr': 65, 'window': '20Y', 'order': 1, 'rows': 3}
{'ticker': 'DIA', 'mode': 'tri', 'thr': 65, 'window': '20Y', 'order': 2, 'rows': 9}
{'ticker': 'DIA', 'mode': 'tri', 'thr': 65, 'window': '20Y', 'order': 3, 'rows': 27}
{'ticker': 'DIA', 'mode': 'tri', 'thr': 65, 'window': '20Y', 'order': 4, 'rows': 81}
{'ticker': 'DIA', 'mode': 'tri', 'thr': 65, 'window': 'MAX', 'order': 1, 'rows': 3}
{'ticker': 'DIA', 'mode': 'tri', 'thr': 65, 'window': 'MAX', 'order': 2, 'rows': 9}
{'ticker': 'DIA', 'mode': 'tri', 'thr': 65, 'window': 'MAX', 'order': 3, 'rows': 27}
{'ticker': 'DIA', 'mode': 'tri', 'thr': 65, 'window': 'MAX', 'order': 4, 'rows': 81}
{'ticker': 'DIA', 'mode': 'tri', 'thr': 70, 'window': '1Y', 'order': 1, 'rows': 3}
{'ticker': 'DIA', 'mode': 'tri', 'thr': 70, 'window': '1Y', 'order': 2, 'rows': 9}
{'ticker': 'DIA', 'mode': 'tri', 'thr': 70, 'window': '1Y', 'order': 3, 'rows': 26}
{'ticker': 'DIA', 'mode': 'tri', 'thr': 70, 'window': '1Y', 'order': 4, 'rows': 58}
{'ticker': 'DIA', 'mode': 'tri', 'thr': 70, 'window': '2Y', 'order': 1, 'rows': 3}
{'ticker': 'DIA', 'mode': 'tri', 'thr': 70, 'window': '2Y', 'order': 2, 'rows': 9}
{'ticker': 'DIA', 'mode': 'tri', 'thr': 70, 'window': '2Y', 'order': 3, 'rows': 26}
{'ticker': 'DIA', 'mode': 'tri', 'thr': 70, 'window': '2Y', 'order': 4, 'rows': 65}
{'ticker': 'DIA', 'mode': 'tri', 'thr': 70, 'window': '5Y', 'order': 1, 'rows': 3}
{'ticker': 'DIA', 'mode': 'tri', 'thr': 70, 'window': '5Y', 'order': 2, 'rows': 9}
{'ticker': 'DIA', 'mode': 'tri', 'thr': 70, 'window': '5Y', 'order': 3, 'rows': 27}
{'ticker': 'DIA', 'mode': 'tri', 'thr': 70, 'window': '5Y', 'order': 4, 'rows': 80}
{'ticker': 'DIA', 'mode': 'tri', 'thr': 70, 'window': '10Y', 'order': 1, 'rows': 3}
{'ticker': 'DIA', 'mode': 'tri', 'thr': 70, 'window': '10Y', 'order': 2, 'rows': 9}
{'ticker': 'DIA', 'mode': 'tri', 'thr': 70, 'window': '10Y', 'order': 3, 'rows': 27}
{'ticker': 'DIA', 'mode': 'tri', 'thr': 70, 'window': '10Y', 'order': 4, 'rows': 81}
{'ticker': 'DIA', 'mode': 'tri', 'thr': 70, 'window': '20Y', 'order': 1, 'rows': 3}
{'ticker': 'DIA', 'mode': 'tri', 'thr': 70, 'window': '20Y', 'order': 2, 'rows': 9}
{'ticker': 'DIA', 'mode': 'tri', 'thr': 70, 'window': '20Y', 'order': 3, 'rows': 27}
{'ticker': 'DIA', 'mode': 'tri', 'thr': 70, 'window': '20Y', 'order': 4, 'rows': 81}
{'ticker': 'DIA', 'mode': 'tri', 'thr': 70, 'window': 'MAX', 'order': 1, 'rows': 3}
{'ticker': 'DIA', 'mode': 'tri', 'thr': 70, 'window': 'MAX', 'order': 2, 'rows': 9}
{'ticker': 'DIA', 'mode': 'tri', 'thr': 70, 'window': 'MAX', 'order': 3, 'rows': 27}
{'ticker': 'DIA', 'mode': 'tri', 'thr': 70, 'window': 'MAX', 'order': 4, 'rows': 81}
{'ticker': 'DIA', 'mode': 'tri', 'thr': 75, 'window': '1Y', 'order': 1, 'rows': 3}
{'ticker': 'DIA', 'mode': 'tri', 'thr': 75, 'window': '1Y', 'order': 2, 'rows': 9}
{'ticker': 'DIA', 'mode': 'tri', 'thr': 75, 'window': '1Y', 'order': 3, 'rows': 26}
{'ticker': 'DIA', 'mode': 'tri', 'thr': 75, 'window': '1Y', 'order': 4, 'rows': 57}
{'ticker': 'DIA', 'mode': 'tri', 'thr': 75, 'window': '2Y', 'order': 1, 'rows': 3}
{'ticker': 'DIA', 'mode': 'tri', 'thr': 75, 'window': '2Y', 'order': 2, 'rows': 9}
{'ticker': 'DIA', 'mode': 'tri', 'thr': 75, 'window': '2Y', 'order': 3, 'rows': 26}
{'ticker': 'DIA', 'mode': 'tri', 'thr': 75, 'window': '2Y', 'order': 4, 'rows': 62}
{'ticker': 'DIA', 'mode': 'tri', 'thr': 75, 'window': '5Y', 'order': 1, 'rows': 3}
{'ticker': 'DIA', 'mode': 'tri', 'thr': 75, 'window': '5Y', 'order': 2, 'rows': 9}
{'ticker': 'DIA', 'mode': 'tri', 'thr': 75, 'window': '5Y', 'order': 3, 'rows': 27}
{'ticker': 'DIA', 'mode': 'tri', 'thr': 75, 'window': '5Y', 'order': 4, 'rows': 78}
{'ticker': 'DIA', 'mode': 'tri', 'thr': 75, 'window': '10Y', 'order': 1, 'rows': 3}
{'ticker': 'DIA', 'mode': 'tri', 'thr': 75, 'window': '10Y', 'order': 2, 'rows': 9}
{'ticker': 'DIA', 'mode': 'tri', 'thr': 75, 'window': '10Y', 'order': 3, 'rows': 27}
{'ticker': 'DIA', 'mode': 'tri', 'thr': 75, 'window': '10Y', 'order': 4, 'rows': 81}
{'ticker': 'DIA', 'mode': 'tri', 'thr': 75, 'window': '20Y', 'order': 1, 'rows': 3}
{'ticker': 'DIA', 'mode': 'tri', 'thr': 75, 'window': '20Y', 'order': 2, 'rows': 9}
{'ticker': 'DIA', 'mode': 'tri', 'thr': 75, 'window': '20Y', 'order': 3, 'rows': 27}
{'ticker': 'DIA', 'mode': 'tri', 'thr': 75, 'window': '20Y', 'order': 4, 'rows': 81}
{'ticker': 'DIA', 'mode': 'tri', 'thr': 75, 'window': 'MAX', 'order': 1, 'rows': 3}
{'ticker': 'DIA', 'mode': 'tri', 'thr': 75, 'window': 'MAX', 'order': 2, 'rows': 9}
{'ticker': 'DIA', 'mode': 'tri', 'thr': 75, 'window': 'MAX', 'order': 3, 'rows': 27}
{'ticker': 'DIA', 'mode': 'tri', 'thr': 75, 'window': 'MAX', 'order': 4, 'rows': 81}
{'ticker': 'DIA', 'mode': 'tri', 'thr': 80, 'window': '1Y', 'order': 1, 'rows': 3}
{'ticker': 'DIA', 'mode': 'tri', 'thr': 80, 'window': '1Y', 'order': 2, 'rows': 9}
{'ticker': 'DIA', 'mode': 'tri', 'thr': 80, 'window': '1Y', 'order': 3, 'rows': 26}
{'ticker': 'DIA', 'mode': 'tri', 'thr': 80, 'window': '1Y', 'order': 4, 'rows': 52}
{'ticker': 'DIA', 'mode': 'tri', 'thr': 80, 'window': '2Y', 'order': 1, 'rows': 3}
{'ticker': 'DIA', 'mode': 'tri', 'thr': 80, 'window': '2Y', 'order': 2, 'rows': 9}
{'ticker': 'DIA', 'mode': 'tri', 'thr': 80, 'window': '2Y', 'order': 3, 'rows': 26}
{'ticker': 'DIA', 'mode': 'tri', 'thr': 80, 'window': '2Y', 'order': 4, 'rows': 60}
{'ticker': 'DIA', 'mode': 'tri', 'thr': 80, 'window': '5Y', 'order': 1, 'rows': 3}
{'ticker': 'DIA', 'mode': 'tri', 'thr': 80, 'window': '5Y', 'order': 2, 'rows': 9}
{'ticker': 'DIA', 'mode': 'tri', 'thr': 80, 'window': '5Y', 'order': 3, 'rows': 27}
{'ticker': 'DIA', 'mode': 'tri', 'thr': 80, 'window': '5Y', 'order': 4, 'rows': 78}
{'ticker': 'DIA', 'mode': 'tri', 'thr': 80, 'window': '10Y', 'order': 1, 'rows': 3}
{'ticker': 'DIA', 'mode': 'tri', 'thr': 80, 'window': '10Y', 'order': 2, 'rows': 9}
{'ticker': 'DIA', 'mode': 'tri', 'thr': 80, 'window': '10Y', 'order': 3, 'rows': 27}
{'ticker': 'DIA', 'mode': 'tri', 'thr': 80, 'window': '10Y', 'order': 4, 'rows': 81}
{'ticker': 'DIA', 'mode': 'tri', 'thr': 80, 'window': '20Y', 'order': 1, 'rows': 3}
{'ticker': 'DIA', 'mode': 'tri', 'thr': 80, 'window': '20Y', 'order': 2, 'rows': 9}
{'ticker': 'DIA', 'mode': 'tri', 'thr': 80, 'window': '20Y', 'order': 3, 'rows': 27}
{'ticker': 'DIA', 'mode': 'tri', 'thr': 80, 'window': '20Y', 'order': 4, 'rows': 81}2025-11-12 11:45:17,889 INFO [cli] {'ticker': 'DIA', 'mode': 'tri', 'thr': 100, 'window': 'MAX', 'order': 2, 'rows': 9}
2025-11-12 11:45:17,899 INFO [cli] {'ticker': 'DIA', 'mode': 'tri', 'thr': 100, 'window': 'MAX', 'order': 3, 'rows': 27}
2025-11-12 11:45:17,909 INFO [cli] {'ticker': 'DIA', 'mode': 'tri', 'thr': 100, 'window': 'MAX', 'order': 4, 'rows': 81}
2025-11-12 11:45:17,925 INFO [cli] {'ticker': 'DIA', 'mode': 'tri', 'thr': 105, 'window': '1Y', 'order': 1, 'rows': 3}
2025-11-12 11:45:17,934 INFO [cli] {'ticker': 'DIA', 'mode': 'tri', 'thr': 105, 'window': '1Y', 'order': 2, 'rows': 9}
2025-11-12 11:45:17,946 INFO [cli] {'ticker': 'DIA', 'mode': 'tri', 'thr': 105, 'window': '1Y', 'order': 3, 'rows': 23}
2025-11-12 11:45:17,957 INFO [cli] {'ticker': 'DIA', 'mode': 'tri', 'thr': 105, 'window': '1Y', 'order': 4, 'rows': 39}
2025-11-12 11:45:17,968 INFO [cli] {'ticker': 'DIA', 'mode': 'tri', 'thr': 105, 'window': '2Y', 'order': 1, 'rows': 3}
2025-11-12 11:45:17,981 INFO [cli] {'ticker': 'DIA', 'mode': 'tri', 'thr': 105, 'window': '2Y', 'order': 2, 'rows': 9}
2025-11-12 11:45:17,992 INFO [cli] {'ticker': 'DIA', 'mode': 'tri', 'thr': 105, 'window': '2Y', 'order': 3, 'rows': 24}
2025-11-12 11:45:18,003 INFO [cli] {'ticker': 'DIA', 'mode': 'tri', 'thr': 105, 'window': '2Y', 'order': 4, 'rows': 45}
2025-11-12 11:45:18,015 INFO [cli] {'ticker': 'DIA', 'mode': 'tri', 'thr': 105, 'window': '5Y', 'order': 1, 'rows': 3}
2025-11-12 11:45:18,025 INFO [cli] {'ticker': 'DIA', 'mode': 'tri', 'thr': 105, 'window': '5Y', 'order': 2, 'rows': 9}
2025-11-12 11:45:18,036 INFO [cli] {'ticker': 'DIA', 'mode': 'tri', 'thr': 105, 'window': '5Y', 'order': 3, 'rows': 26}
2025-11-12 11:45:18,045 INFO [cli] {'ticker': 'DIA', 'mode': 'tri', 'thr': 105, 'window': '5Y', 'order': 4, 'rows': 63}
2025-11-12 11:45:18,057 INFO [cli] {'ticker': 'DIA', 'mode': 'tri', 'thr': 105, 'window': '10Y', 'order': 1, 'rows': 3}
2025-11-12 11:45:18,069 INFO [cli] {'ticker': 'DIA', 'mode': 'tri', 'thr': 105, 'window': '10Y', 'order': 2, 'rows': 9}
2025-11-12 11:45:18,081 INFO [cli] {'ticker': 'DIA', 'mode': 'tri', 'thr': 105, 'window': '10Y', 'order': 3, 'rows': 27}
2025-11-12 11:45:18,091 INFO [cli] {'ticker': 'DIA', 'mode': 'tri', 'thr': 105, 'window': '10Y', 'order': 4, 'rows': 79}
2025-11-12 11:45:18,103 INFO [cli] {'ticker': 'DIA', 'mode': 'tri', 'thr': 105, 'window': '20Y', 'order': 1, 'rows': 3}
2025-11-12 11:45:18,114 INFO [cli] {'ticker': 'DIA', 'mode': 'tri', 'thr': 105, 'window': '20Y', 'order': 2, 'rows': 9}
2025-11-12 11:45:18,125 INFO [cli] {'ticker': 'DIA', 'mode': 'tri', 'thr': 105, 'window': '20Y', 'order': 3, 'rows': 27}
2025-11-12 11:45:18,134 INFO [cli] {'ticker': 'DIA', 'mode': 'tri', 'thr': 105, 'window': '20Y', 'order': 4, 'rows': 81}
2025-11-12 11:45:18,145 INFO [cli] {'ticker': 'DIA', 'mode': 'tri', 'thr': 105, 'window': 'MAX', 'order': 1, 'rows': 3}
2025-11-12 11:45:18,155 INFO [cli] {'ticker': 'DIA', 'mode': 'tri', 'thr': 105, 'window': 'MAX', 'order': 2, 'rows': 9}
2025-11-12 11:45:18,164 INFO [cli] {'ticker': 'DIA', 'mode': 'tri', 'thr': 105, 'window': 'MAX', 'order': 3, 'rows': 27}
2025-11-12 11:45:18,184 INFO [cli] {'ticker': 'DIA', 'mode': 'tri', 'thr': 105, 'window': 'MAX', 'order': 4, 'rows': 81}
2025-11-12 11:45:18,201 INFO [cli] {'ticker': 'DIA', 'mode': 'tri', 'thr': 110, 'window': '1Y', 'order': 1, 'rows': 3}
2025-11-12 11:45:18,211 INFO [cli] {'ticker': 'DIA', 'mode': 'tri', 'thr': 110, 'window': '1Y', 'order': 2, 'rows': 8}
2025-11-12 11:45:18,220 INFO [cli] {'ticker': 'DIA', 'mode': 'tri', 'thr': 110, 'window': '1Y', 'order': 3, 'rows': 19}
2025-11-12 11:45:18,230 INFO [cli] {'ticker': 'DIA', 'mode': 'tri', 'thr': 110, 'window': '1Y', 'order': 4, 'rows': 32}
2025-11-12 11:45:18,241 INFO [cli] {'ticker': 'DIA', 'mode': 'tri', 'thr': 110, 'window': '2Y', 'order': 1, 'rows': 3}
2025-11-12 11:45:18,253 INFO [cli] {'ticker': 'DIA', 'mode': 'tri', 'thr': 110, 'window': '2Y', 'order': 2, 'rows': 8}
2025-11-12 11:45:18,262 INFO [cli] {'ticker': 'DIA', 'mode': 'tri', 'thr': 110, 'window': '2Y', 'order': 3, 'rows': 20}
2025-11-12 11:45:18,272 INFO [cli] {'ticker': 'DIA', 'mode': 'tri', 'thr': 110, 'window': '2Y', 'order': 4, 'rows': 38}
2025-11-12 11:45:18,280 INFO [cli] {'ticker': 'DIA', 'mode': 'tri', 'thr': 110, 'window': '5Y', 'order': 1, 'rows': 3}
2025-11-12 11:45:18,289 INFO [cli] {'ticker': 'DIA', 'mode': 'tri', 'thr': 110, 'window': '5Y', 'order': 2, 'rows': 9}
2025-11-12 11:45:18,299 INFO [cli] {'ticker': 'DIA', 'mode': 'tri', 'thr': 110, 'window': '5Y', 'order': 3, 'rows': 25}
2025-11-12 11:45:18,311 INFO [cli] {'ticker': 'DIA', 'mode': 'tri', 'thr': 110, 'window': '5Y', 'order': 4, 'rows': 61}
2025-11-12 11:45:18,321 INFO [cli] {'ticker': 'DIA', 'mode': 'tri', 'thr': 110, 'window': '10Y', 'order': 1, 'rows': 3}
2025-11-12 11:45:18,329 INFO [cli] {'ticker': 'DIA', 'mode': 'tri', 'thr': 110, 'window': '10Y', 'order': 2, 'rows': 9}
2025-11-12 11:45:18,339 INFO [cli] {'ticker': 'DIA', 'mode': 'tri', 'thr': 110, 'window': '10Y', 'order': 3, 'rows': 27}
2025-11-12 11:45:18,349 INFO [cli] {'ticker': 'DIA', 'mode': 'tri', 'thr': 110, 'window': '10Y', 'order': 4, 'rows': 79}
2025-11-12 11:45:18,358 INFO [cli] {'ticker': 'DIA', 'mode': 'tri', 'thr': 110, 'window': '20Y', 'order': 1, 'rows': 3}
2025-11-12 11:45:18,369 INFO [cli] {'ticker': 'DIA', 'mode': 'tri', 'thr': 110, 'window': '20Y', 'order': 2, 'rows': 9}
2025-11-12 11:45:18,381 INFO [cli] {'ticker': 'DIA', 'mode': 'tri', 'thr': 110, 'window': '20Y', 'order': 3, 'rows': 27}
2025-11-12 11:45:18,392 INFO [cli] {'ticker': 'DIA', 'mode': 'tri', 'thr': 110, 'window': '20Y', 'order': 4, 'rows': 81}
2025-11-12 11:45:18,402 INFO [cli] {'ticker': 'DIA', 'mode': 'tri', 'thr': 110, 'window': 'MAX', 'order': 1, 'rows': 3}
2025-11-12 11:45:18,411 INFO [cli] {'ticker': 'DIA', 'mode': 'tri', 'thr': 110, 'window': 'MAX', 'order': 2, 'rows': 9}
2025-11-12 11:45:18,422 INFO [cli] {'ticker': 'DIA', 'mode': 'tri', 'thr': 110, 'window': 'MAX', 'order': 3, 'rows': 27}
2025-11-12 11:45:18,432 INFO [cli] {'ticker': 'DIA', 'mode': 'tri', 'thr': 110, 'window': 'MAX', 'order': 4, 'rows': 81}
2025-11-12 11:45:18,449 INFO [cli] {'ticker': 'DIA', 'mode': 'tri', 'thr': 115, 'window': '1Y', 'order': 1, 'rows': 3}
2025-11-12 11:45:18,459 INFO [cli] {'ticker': 'DIA', 'mode': 'tri', 'thr': 115, 'window': '1Y', 'order': 2, 'rows': 8}
2025-11-12 11:45:18,468 INFO [cli] {'ticker': 'DIA', 'mode': 'tri', 'thr': 115, 'window': '1Y', 'order': 3, 'rows': 18}
2025-11-12 11:45:18,479 INFO [cli] {'ticker': 'DIA', 'mode': 'tri', 'thr': 115, 'window': '1Y', 'order': 4, 'rows': 31}
2025-11-12 11:45:18,488 INFO [cli] {'ticker': 'DIA', 'mode': 'tri', 'thr': 115, 'window': '2Y', 'order': 1, 'rows': 3}
2025-11-12 11:45:18,498 INFO [cli] {'ticker': 'DIA', 'mode': 'tri', 'thr': 115, 'window': '2Y', 'order': 2, 'rows': 8}
2025-11-12 11:45:18,508 INFO [cli] {'ticker': 'DIA', 'mode': 'tri', 'thr': 115, 'window': '2Y', 'order': 3, 'rows': 19}
2025-11-12 11:45:18,517 INFO [cli] {'ticker': 'DIA', 'mode': 'tri', 'thr': 115, 'window': '2Y', 'order': 4, 'rows': 35}
2025-11-12 11:45:18,527 INFO [cli] {'ticker': 'DIA', 'mode': 'tri', 'thr': 115, 'window': '5Y', 'order': 1, 'rows': 3}
2025-11-12 11:45:18,538 INFO [cli] {'ticker': 'DIA', 'mode': 'tri', 'thr': 115, 'window': '5Y', 'order': 2, 'rows': 9}
2025-11-12 11:45:18,548 INFO [cli] {'ticker': 'DIA', 'mode': 'tri', 'thr': 115, 'window': '5Y', 'order': 3, 'rows': 25}
2025-11-12 11:45:18,560 INFO [cli] {'ticker': 'DIA', 'mode': 'tri', 'thr': 115, 'window': '5Y', 'order': 4, 'rows': 59}
2025-11-12 11:45:18,571 INFO [cli] {'ticker': 'DIA', 'mode': 'tri', 'thr': 115, 'window': '10Y', 'order': 1, 'rows': 3}
2025-11-12 11:45:18,582 INFO [cli] {'ticker': 'DIA', 'mode': 'tri', 'thr': 115, 'window': '10Y', 'order': 2, 'rows': 9}
2025-11-12 11:45:18,593 INFO [cli] {'ticker': 'DIA', 'mode': 'tri', 'thr': 115, 'window': '10Y', 'order': 3, 'rows': 27}
2025-11-12 11:45:18,604 INFO [cli] {'ticker': 'DIA', 'mode': 'tri', 'thr': 115, 'window': '10Y', 'order': 4, 'rows': 78}
2025-11-12 11:45:18,612 INFO [cli] {'ticker': 'DIA', 'mode': 'tri', 'thr': 115, 'window': '20Y', 'order': 1, 'rows': 3}
2025-11-12 11:45:18,624 INFO [cli] {'ticker': 'DIA', 'mode': 'tri', 'thr': 115, 'window': '20Y', 'order': 2, 'rows': 9}
2025-11-12 11:45:18,635 INFO [cli] {'ticker': 'DIA', 'mode': 'tri', 'thr': 115, 'window': '20Y', 'order': 3, 'rows': 27}
2025-11-12 11:45:18,647 INFO [cli] {'ticker': 'DIA', 'mode': 'tri', 'thr': 115, 'window': '20Y', 'order': 4, 'rows': 81}
2025-11-12 11:45:18,655 INFO [cli] {'ticker': 'DIA', 'mode': 'tri', 'thr': 115, 'window': 'MAX', 'order': 1, 'rows': 3}
2025-11-12 11:45:18,667 INFO [cli] {'ticker': 'DIA', 'mode': 'tri', 'thr': 115, 'window': 'MAX', 'order': 2, 'rows': 9}
2025-11-12 11:45:18,681 INFO [cli] {'ticker': 'DIA', 'mode': 'tri', 'thr': 115, 'window': 'MAX', 'order': 3, 'rows': 27}
2025-11-12 11:45:18,697 INFO [cli] {'ticker': 'DIA', 'mode': 'tri', 'thr': 115, 'window': 'MAX', 'order': 4, 'rows': 81}
2025-11-12 11:45:18,715 INFO [cli] {'ticker': 'DIA', 'mode': 'tri', 'thr': 120, 'window': '1Y', 'order': 1, 'rows': 3}
2025-11-12 11:45:18,726 INFO [cli] {'ticker': 'DIA', 'mode': 'tri', 'thr': 120, 'window': '1Y', 'order': 2, 'rows': 8}
2025-11-12 11:45:18,735 INFO [cli] {'ticker': 'DIA', 'mode': 'tri', 'thr': 120, 'window': '1Y', 'order': 3, 'rows': 18}
2025-11-12 11:45:18,746 INFO [cli] {'ticker': 'DIA', 'mode': 'tri', 'thr': 120, 'window': '1Y', 'order': 4, 'rows': 31}
2025-11-12 11:45:18,757 INFO [cli] {'ticker': 'DIA', 'mode': 'tri', 'thr': 120, 'window': '2Y', 'order': 1, 'rows': 3}
2025-11-12 11:45:18,767 INFO [cli] {'ticker': 'DIA', 'mode': 'tri', 'thr': 120, 'window': '2Y', 'order': 2, 'rows': 8}
2025-11-12 11:45:18,778 INFO [cli] {'ticker': 'DIA', 'mode': 'tri', 'thr': 120, 'window': '2Y', 'order': 3, 'rows': 19}
2025-11-12 11:45:18,791 INFO [cli] {'ticker': 'DIA', 'mode': 'tri', 'thr': 120, 'window': '2Y', 'order': 4, 'rows': 34}
2025-11-12 11:45:18,802 INFO [cli] {'ticker': 'DIA', 'mode': 'tri', 'thr': 120, 'window': '5Y', 'order': 1, 'rows': 3}
2025-11-12 11:45:18,813 INFO [cli] {'ticker': 'DIA', 'mode': 'tri', 'thr': 120, 'window': '5Y', 'order': 2, 'rows': 9}
2025-11-12 11:45:18,825 INFO [cli] {'ticker': 'DIA', 'mode': 'tri', 'thr': 120, 'window': '5Y', 'order': 3, 'rows': 24}
2025-11-12 11:45:18,837 INFO [cli] {'ticker': 'DIA', 'mode': 'tri', 'thr': 120, 'window': '5Y', 'order': 4, 'rows': 56}
2025-11-12 11:45:18,854 INFO [cli] {'ticker': 'DIA', 'mode': 'tri', 'thr': 120, 'window': '10Y', 'order': 1, 'rows': 3}
2025-11-12 11:45:18,876 INFO [cli] {'ticker': 'DIA', 'mode': 'tri', 'thr': 120, 'window': '10Y', 'order': 2, 'rows': 9}
2025-11-12 11:45:18,887 INFO [cli] {'ticker': 'DIA', 'mode': 'tri', 'thr': 120, 'window': '10Y', 'order': 3, 'rows': 27}
2025-11-12 11:45:18,898 INFO [cli] {'ticker': 'DIA', 'mode': 'tri', 'thr': 120, 'window': '10Y', 'order': 4, 'rows': 75}
2025-11-12 11:45:18,909 INFO [cli] {'ticker': 'DIA', 'mode': 'tri', 'thr': 120, 'window': '20Y', 'order': 1, 'rows': 3}
2025-11-12 11:45:18,920 INFO [cli] {'ticker': 'DIA', 'mode': 'tri', 'thr': 120, 'window': '20Y', 'order': 2, 'rows': 9}
2025-11-12 11:45:18,932 INFO [cli] {'ticker': 'DIA', 'mode': 'tri', 'thr': 120, 'window': '20Y', 'order': 3, 'rows': 27}
2025-11-12 11:45:18,945 INFO [cli] {'ticker': 'DIA', 'mode': 'tri', 'thr': 120, 'window': '20Y', 'order': 4, 'rows': 81}
2025-11-12 11:45:18,958 INFO [cli] {'ticker': 'DIA', 'mode': 'tri', 'thr': 120, 'window': 'MAX', 'order': 1, 'rows': 3}
2025-11-12 11:45:18,969 INFO [cli] {'ticker': 'DIA', 'mode': 'tri', 'thr': 120, 'window': 'MAX', 'order': 2, 'rows': 9}

{'ticker': 'DIA', 'mode': 'tri', 'thr': 80, 'window': 'MAX', 'order': 1, 'rows': 3}
{'ticker': 'DIA', 'mode': 'tri', 'thr': 80, 'window': 'MAX', 'order': 2, 'rows': 9}
{'ticker': 'DIA', 'mode': 'tri', 'thr': 80, 'window': 'MAX', 'order': 3, 'rows': 27}
{'ticker': 'DIA', 'mode': 'tri', 'thr': 80, 'window': 'MAX', 'order': 4, 'rows': 81}
{'ticker': 'DIA', 'mode': 'tri', 'thr': 85, 'window': '1Y', 'order': 1, 'rows': 3}
{'ticker': 'DIA', 'mode': 'tri', 'thr': 85, 'window': '1Y', 'order': 2, 'rows': 9}
{'ticker': 'DIA', 'mode': 'tri', 'thr': 85, 'window': '1Y', 'order': 3, 'rows': 26}
{'ticker': 'DIA', 'mode': 'tri', 'thr': 85, 'window': '1Y', 'order': 4, 'rows': 54}
{'ticker': 'DIA', 'mode': 'tri', 'thr': 85, 'window': '2Y', 'order': 1, 'rows': 3}
{'ticker': 'DIA', 'mode': 'tri', 'thr': 85, 'window': '2Y', 'order': 2, 'rows': 9}
{'ticker': 'DIA', 'mode': 'tri', 'thr': 85, 'window': '2Y', 'order': 3, 'rows': 26}
{'ticker': 'DIA', 'mode': 'tri', 'thr': 85, 'window': '2Y', 'order': 4, 'rows': 58}
{'ticker': 'DIA', 'mode': 'tri', 'thr': 85, 'window': '5Y', 'order': 1, 'rows': 3}
{'ticker': 'DIA', 'mode': 'tri', 'thr': 85, 'window': '5Y', 'order': 2, 'rows': 9}
{'ticker': 'DIA', 'mode': 'tri', 'thr': 85, 'window': '5Y', 'order': 3, 'rows': 27}
{'ticker': 'DIA', 'mode': 'tri', 'thr': 85, 'window': '5Y', 'order': 4, 'rows': 76}
{'ticker': 'DIA', 'mode': 'tri', 'thr': 85, 'window': '10Y', 'order': 1, 'rows': 3}
{'ticker': 'DIA', 'mode': 'tri', 'thr': 85, 'window': '10Y', 'order': 2, 'rows': 9}
{'ticker': 'DIA', 'mode': 'tri', 'thr': 85, 'window': '10Y', 'order': 3, 'rows': 27}
{'ticker': 'DIA', 'mode': 'tri', 'thr': 85, 'window': '10Y', 'order': 4, 'rows': 81}
{'ticker': 'DIA', 'mode': 'tri', 'thr': 85, 'window': '20Y', 'order': 1, 'rows': 3}
{'ticker': 'DIA', 'mode': 'tri', 'thr': 85, 'window': '20Y', 'order': 2, 'rows': 9}
{'ticker': 'DIA', 'mode': 'tri', 'thr': 85, 'window': '20Y', 'order': 3, 'rows': 27}
{'ticker': 'DIA', 'mode': 'tri', 'thr': 85, 'window': '20Y', 'order': 4, 'rows': 81}
{'ticker': 'DIA', 'mode': 'tri', 'thr': 85, 'window': 'MAX', 'order': 1, 'rows': 3}
{'ticker': 'DIA', 'mode': 'tri', 'thr': 85, 'window': 'MAX', 'order': 2, 'rows': 9}
{'ticker': 'DIA', 'mode': 'tri', 'thr': 85, 'window': 'MAX', 'order': 3, 'rows': 27}
{'ticker': 'DIA', 'mode': 'tri', 'thr': 85, 'window': 'MAX', 'order': 4, 'rows': 81}
{'ticker': 'DIA', 'mode': 'tri', 'thr': 90, 'window': '1Y', 'order': 1, 'rows': 3}
{'ticker': 'DIA', 'mode': 'tri', 'thr': 90, 'window': '1Y', 'order': 2, 'rows': 9}
{'ticker': 'DIA', 'mode': 'tri', 'thr': 90, 'window': '1Y', 'order': 3, 'rows': 26}
{'ticker': 'DIA', 'mode': 'tri', 'thr': 90, 'window': '1Y', 'order': 4, 'rows': 51}
{'ticker': 'DIA', 'mode': 'tri', 'thr': 90, 'window': '2Y', 'order': 1, 'rows': 3}
{'ticker': 'DIA', 'mode': 'tri', 'thr': 90, 'window': '2Y', 'order': 2, 'rows': 9}
{'ticker': 'DIA', 'mode': 'tri', 'thr': 90, 'window': '2Y', 'order': 3, 'rows': 26}
{'ticker': 'DIA', 'mode': 'tri', 'thr': 90, 'window': '2Y', 'order': 4, 'rows': 54}
{'ticker': 'DIA', 'mode': 'tri', 'thr': 90, 'window': '5Y', 'order': 1, 'rows': 3}
{'ticker': 'DIA', 'mode': 'tri', 'thr': 90, 'window': '5Y', 'order': 2, 'rows': 9}
{'ticker': 'DIA', 'mode': 'tri', 'thr': 90, 'window': '5Y', 'order': 3, 'rows': 27}
{'ticker': 'DIA', 'mode': 'tri', 'thr': 90, 'window': '5Y', 'order': 4, 'rows': 72}
{'ticker': 'DIA', 'mode': 'tri', 'thr': 90, 'window': '10Y', 'order': 1, 'rows': 3}
{'ticker': 'DIA', 'mode': 'tri', 'thr': 90, 'window': '10Y', 'order': 2, 'rows': 9}
{'ticker': 'DIA', 'mode': 'tri', 'thr': 90, 'window': '10Y', 'order': 3, 'rows': 27}
{'ticker': 'DIA', 'mode': 'tri', 'thr': 90, 'window': '10Y', 'order': 4, 'rows': 81}
{'ticker': 'DIA', 'mode': 'tri', 'thr': 90, 'window': '20Y', 'order': 1, 'rows': 3}
{'ticker': 'DIA', 'mode': 'tri', 'thr': 90, 'window': '20Y', 'order': 2, 'rows': 9}
{'ticker': 'DIA', 'mode': 'tri', 'thr': 90, 'window': '20Y', 'order': 3, 'rows': 27}
{'ticker': 'DIA', 'mode': 'tri', 'thr': 90, 'window': '20Y', 'order': 4, 'rows': 81}
{'ticker': 'DIA', 'mode': 'tri', 'thr': 90, 'window': 'MAX', 'order': 1, 'rows': 3}
{'ticker': 'DIA', 'mode': 'tri', 'thr': 90, 'window': 'MAX', 'order': 2, 'rows': 9}
{'ticker': 'DIA', 'mode': 'tri', 'thr': 90, 'window': 'MAX', 'order': 3, 'rows': 27}
{'ticker': 'DIA', 'mode': 'tri', 'thr': 90, 'window': 'MAX', 'order': 4, 'rows': 81}
{'ticker': 'DIA', 'mode': 'tri', 'thr': 95, 'window': '1Y', 'order': 1, 'rows': 3}
{'ticker': 'DIA', 'mode': 'tri', 'thr': 95, 'window': '1Y', 'order': 2, 'rows': 9}
{'ticker': 'DIA', 'mode': 'tri', 'thr': 95, 'window': '1Y', 'order': 3, 'rows': 25}
{'ticker': 'DIA', 'mode': 'tri', 'thr': 95, 'window': '1Y', 'order': 4, 'rows': 45}
{'ticker': 'DIA', 'mode': 'tri', 'thr': 95, 'window': '2Y', 'order': 1, 'rows': 3}
{'ticker': 'DIA', 'mode': 'tri', 'thr': 95, 'window': '2Y', 'order': 2, 'rows': 9}
{'ticker': 'DIA', 'mode': 'tri', 'thr': 95, 'window': '2Y', 'order': 3, 'rows': 26}
{'ticker': 'DIA', 'mode': 'tri', 'thr': 95, 'window': '2Y', 'order': 4, 'rows': 50}
{'ticker': 'DIA', 'mode': 'tri', 'thr': 95, 'window': '5Y', 'order': 1, 'rows': 3}
{'ticker': 'DIA', 'mode': 'tri', 'thr': 95, 'window': '5Y', 'order': 2, 'rows': 9}
{'ticker': 'DIA', 'mode': 'tri', 'thr': 95, 'window': '5Y', 'order': 3, 'rows': 27}
{'ticker': 'DIA', 'mode': 'tri', 'thr': 95, 'window': '5Y', 'order': 4, 'rows': 70}
{'ticker': 'DIA', 'mode': 'tri', 'thr': 95, 'window': '10Y', 'order': 1, 'rows': 3}
{'ticker': 'DIA', 'mode': 'tri', 'thr': 95, 'window': '10Y', 'order': 2, 'rows': 9}
{'ticker': 'DIA', 'mode': 'tri', 'thr': 95, 'window': '10Y', 'order': 3, 'rows': 27}
{'ticker': 'DIA', 'mode': 'tri', 'thr': 95, 'window': '10Y', 'order': 4, 'rows': 81}
{'ticker': 'DIA', 'mode': 'tri', 'thr': 95, 'window': '20Y', 'order': 1, 'rows': 3}
{'ticker': 'DIA', 'mode': 'tri', 'thr': 95, 'window': '20Y', 'order': 2, 'rows': 9}
{'ticker': 'DIA', 'mode': 'tri', 'thr': 95, 'window': '20Y', 'order': 3, 'rows': 27}
{'ticker': 'DIA', 'mode': 'tri', 'thr': 95, 'window': '20Y', 'order': 4, 'rows': 81}
{'ticker': 'DIA', 'mode': 'tri', 'thr': 95, 'window': 'MAX', 'order': 1, 'rows': 3}
{'ticker': 'DIA', 'mode': 'tri', 'thr': 95, 'window': 'MAX', 'order': 2, 'rows': 9}
{'ticker': 'DIA', 'mode': 'tri', 'thr': 95, 'window': 'MAX', 'order': 3, 'rows': 27}
{'ticker': 'DIA', 'mode': 'tri', 'thr': 95, 'window': 'MAX', 'order': 4, 'rows': 81}
{'ticker': 'DIA', 'mode': 'tri', 'thr': 100, 'window': '1Y', 'order': 1, 'rows': 3}
{'ticker': 'DIA', 'mode': 'tri', 'thr': 100, 'window': '1Y', 'order': 2, 'rows': 9}
{'ticker': 'DIA', 'mode': 'tri', 'thr': 100, 'window': '1Y', 'order': 3, 'rows': 24}
{'ticker': 'DIA', 'mode': 'tri', 'thr': 100, 'window': '1Y', 'order': 4, 'rows': 39}
{'ticker': 'DIA', 'mode': 'tri', 'thr': 100, 'window': '2Y', 'order': 1, 'rows': 3}
{'ticker': 'DIA', 'mode': 'tri', 'thr': 100, 'window': '2Y', 'order': 2, 'rows': 9}
{'ticker': 'DIA', 'mode': 'tri', 'thr': 100, 'window': '2Y', 'order': 3, 'rows': 26}
{'ticker': 'DIA', 'mode': 'tri', 'thr': 100, 'window': '2Y', 'order': 4, 'rows': 47}
{'ticker': 'DIA', 'mode': 'tri', 'thr': 100, 'window': '5Y', 'order': 1, 'rows': 3}
{'ticker': 'DIA', 'mode': 'tri', 'thr': 100, 'window': '5Y', 'order': 2, 'rows': 9}
{'ticker': 'DIA', 'mode': 'tri', 'thr': 100, 'window': '5Y', 'order': 3, 'rows': 27}
{'ticker': 'DIA', 'mode': 'tri', 'thr': 100, 'window': '5Y', 'order': 4, 'rows': 68}
{'ticker': 'DIA', 'mode': 'tri', 'thr': 100, 'window': '10Y', 'order': 1, 'rows': 3}
{'ticker': 'DIA', 'mode': 'tri', 'thr': 100, 'window': '10Y', 'order': 2, 'rows': 9}
{'ticker': 'DIA', 'mode': 'tri', 'thr': 100, 'window': '10Y', 'order': 3, 'rows': 27}
{'ticker': 'DIA', 'mode': 'tri', 'thr': 100, 'window': '10Y', 'order': 4, 'rows': 81}
{'ticker': 'DIA', 'mode': 'tri', 'thr': 100, 'window': '20Y', 'order': 1, 'rows': 3}
{'ticker': 'DIA', 'mode': 'tri', 'thr': 100, 'window': '20Y', 'order': 2, 'rows': 9}
{'ticker': 'DIA', 'mode': 'tri', 'thr': 100, 'window': '20Y', 'order': 3, 'rows': 27}
{'ticker': 'DIA', 'mode': 'tri', 'thr': 100, 'window': '20Y', 'order': 4, 'rows': 81}
{'ticker': 'DIA', 'mode': 'tri', 'thr': 100, 'window': 'MAX', 'order': 1, 'rows': 3}
{'ticker': 'DIA', 'mode': 'tri', 'thr': 100, 'window': 'MAX', 'order': 2, 'rows': 9}2025-11-12 11:45:18,980 INFO [cli] {'ticker': 'DIA', 'mode': 'tri', 'thr': 120, 'window': 'MAX', 'order': 3, 'rows': 27}
2025-11-12 11:45:18,991 INFO [cli] {'ticker': 'DIA', 'mode': 'tri', 'thr': 120, 'window': 'MAX', 'order': 4, 'rows': 81}
2025-11-12 11:45:19,009 INFO [cli] {'ticker': 'DIA', 'mode': 'tri', 'thr': 125, 'window': '1Y', 'order': 1, 'rows': 3}
2025-11-12 11:45:19,022 INFO [cli] {'ticker': 'DIA', 'mode': 'tri', 'thr': 125, 'window': '1Y', 'order': 2, 'rows': 8}
2025-11-12 11:45:19,034 INFO [cli] {'ticker': 'DIA', 'mode': 'tri', 'thr': 125, 'window': '1Y', 'order': 3, 'rows': 17}
2025-11-12 11:45:19,042 INFO [cli] {'ticker': 'DIA', 'mode': 'tri', 'thr': 125, 'window': '1Y', 'order': 4, 'rows': 27}
2025-11-12 11:45:19,052 INFO [cli] {'ticker': 'DIA', 'mode': 'tri', 'thr': 125, 'window': '2Y', 'order': 1, 'rows': 3}
2025-11-12 11:45:19,062 INFO [cli] {'ticker': 'DIA', 'mode': 'tri', 'thr': 125, 'window': '2Y', 'order': 2, 'rows': 8}
2025-11-12 11:45:19,075 INFO [cli] {'ticker': 'DIA', 'mode': 'tri', 'thr': 125, 'window': '2Y', 'order': 3, 'rows': 18}
2025-11-12 11:45:19,086 INFO [cli] {'ticker': 'DIA', 'mode': 'tri', 'thr': 125, 'window': '2Y', 'order': 4, 'rows': 30}
2025-11-12 11:45:19,097 INFO [cli] {'ticker': 'DIA', 'mode': 'tri', 'thr': 125, 'window': '5Y', 'order': 1, 'rows': 3}
2025-11-12 11:45:19,108 INFO [cli] {'ticker': 'DIA', 'mode': 'tri', 'thr': 125, 'window': '5Y', 'order': 2, 'rows': 9}
2025-11-12 11:45:19,118 INFO [cli] {'ticker': 'DIA', 'mode': 'tri', 'thr': 125, 'window': '5Y', 'order': 3, 'rows': 24}
2025-11-12 11:45:19,133 INFO [cli] {'ticker': 'DIA', 'mode': 'tri', 'thr': 125, 'window': '5Y', 'order': 4, 'rows': 56}
2025-11-12 11:45:19,145 INFO [cli] {'ticker': 'DIA', 'mode': 'tri', 'thr': 125, 'window': '10Y', 'order': 1, 'rows': 3}
2025-11-12 11:45:19,157 INFO [cli] {'ticker': 'DIA', 'mode': 'tri', 'thr': 125, 'window': '10Y', 'order': 2, 'rows': 9}
2025-11-12 11:45:19,168 INFO [cli] {'ticker': 'DIA', 'mode': 'tri', 'thr': 125, 'window': '10Y', 'order': 3, 'rows': 27}
2025-11-12 11:45:19,180 INFO [cli] {'ticker': 'DIA', 'mode': 'tri', 'thr': 125, 'window': '10Y', 'order': 4, 'rows': 75}
2025-11-12 11:45:19,189 INFO [cli] {'ticker': 'DIA', 'mode': 'tri', 'thr': 125, 'window': '20Y', 'order': 1, 'rows': 3}
2025-11-12 11:45:19,202 INFO [cli] {'ticker': 'DIA', 'mode': 'tri', 'thr': 125, 'window': '20Y', 'order': 2, 'rows': 9}
2025-11-12 11:45:19,213 INFO [cli] {'ticker': 'DIA', 'mode': 'tri', 'thr': 125, 'window': '20Y', 'order': 3, 'rows': 27}
2025-11-12 11:45:19,224 INFO [cli] {'ticker': 'DIA', 'mode': 'tri', 'thr': 125, 'window': '20Y', 'order': 4, 'rows': 81}
2025-11-12 11:45:19,233 INFO [cli] {'ticker': 'DIA', 'mode': 'tri', 'thr': 125, 'window': 'MAX', 'order': 1, 'rows': 3}
2025-11-12 11:45:19,244 INFO [cli] {'ticker': 'DIA', 'mode': 'tri', 'thr': 125, 'window': 'MAX', 'order': 2, 'rows': 9}
2025-11-12 11:45:19,253 INFO [cli] {'ticker': 'DIA', 'mode': 'tri', 'thr': 125, 'window': 'MAX', 'order': 3, 'rows': 27}
2025-11-12 11:45:19,268 INFO [cli] {'ticker': 'DIA', 'mode': 'tri', 'thr': 125, 'window': 'MAX', 'order': 4, 'rows': 81}
2025-11-12 11:45:19,284 INFO [cli] {'ticker': 'DIA', 'mode': 'tri', 'thr': 130, 'window': '1Y', 'order': 1, 'rows': 3}
2025-11-12 11:45:19,295 INFO [cli] {'ticker': 'DIA', 'mode': 'tri', 'thr': 130, 'window': '1Y', 'order': 2, 'rows': 8}
2025-11-12 11:45:19,303 INFO [cli] {'ticker': 'DIA', 'mode': 'tri', 'thr': 130, 'window': '1Y', 'order': 3, 'rows': 15}
2025-11-12 11:45:19,312 INFO [cli] {'ticker': 'DIA', 'mode': 'tri', 'thr': 130, 'window': '1Y', 'order': 4, 'rows': 23}
2025-11-12 11:45:19,322 INFO [cli] {'ticker': 'DIA', 'mode': 'tri', 'thr': 130, 'window': '2Y', 'order': 1, 'rows': 3}
2025-11-12 11:45:19,335 INFO [cli] {'ticker': 'DIA', 'mode': 'tri', 'thr': 130, 'window': '2Y', 'order': 2, 'rows': 8}
2025-11-12 11:45:19,346 INFO [cli] {'ticker': 'DIA', 'mode': 'tri', 'thr': 130, 'window': '2Y', 'order': 3, 'rows': 15}
2025-11-12 11:45:19,356 INFO [cli] {'ticker': 'DIA', 'mode': 'tri', 'thr': 130, 'window': '2Y', 'order': 4, 'rows': 23}
2025-11-12 11:45:19,365 INFO [cli] {'ticker': 'DIA', 'mode': 'tri', 'thr': 130, 'window': '5Y', 'order': 1, 'rows': 3}
2025-11-12 11:45:19,376 INFO [cli] {'ticker': 'DIA', 'mode': 'tri', 'thr': 130, 'window': '5Y', 'order': 2, 'rows': 9}
2025-11-12 11:45:19,388 INFO [cli] {'ticker': 'DIA', 'mode': 'tri', 'thr': 130, 'window': '5Y', 'order': 3, 'rows': 24}
2025-11-12 11:45:19,398 INFO [cli] {'ticker': 'DIA', 'mode': 'tri', 'thr': 130, 'window': '5Y', 'order': 4, 'rows': 55}
2025-11-12 11:45:19,408 INFO [cli] {'ticker': 'DIA', 'mode': 'tri', 'thr': 130, 'window': '10Y', 'order': 1, 'rows': 3}
2025-11-12 11:45:19,416 INFO [cli] {'ticker': 'DIA', 'mode': 'tri', 'thr': 130, 'window': '10Y', 'order': 2, 'rows': 9}
2025-11-12 11:45:19,425 INFO [cli] {'ticker': 'DIA', 'mode': 'tri', 'thr': 130, 'window': '10Y', 'order': 3, 'rows': 27}
2025-11-12 11:45:19,438 INFO [cli] {'ticker': 'DIA', 'mode': 'tri', 'thr': 130, 'window': '10Y', 'order': 4, 'rows': 75}
2025-11-12 11:45:19,451 INFO [cli] {'ticker': 'DIA', 'mode': 'tri', 'thr': 130, 'window': '20Y', 'order': 1, 'rows': 3}
2025-11-12 11:45:19,461 INFO [cli] {'ticker': 'DIA', 'mode': 'tri', 'thr': 130, 'window': '20Y', 'order': 2, 'rows': 9}
2025-11-12 11:45:19,469 INFO [cli] {'ticker': 'DIA', 'mode': 'tri', 'thr': 130, 'window': '20Y', 'order': 3, 'rows': 27}
2025-11-12 11:45:19,478 INFO [cli] {'ticker': 'DIA', 'mode': 'tri', 'thr': 130, 'window': '20Y', 'order': 4, 'rows': 81}
2025-11-12 11:45:19,489 INFO [cli] {'ticker': 'DIA', 'mode': 'tri', 'thr': 130, 'window': 'MAX', 'order': 1, 'rows': 3}
2025-11-12 11:45:19,500 INFO [cli] {'ticker': 'DIA', 'mode': 'tri', 'thr': 130, 'window': 'MAX', 'order': 2, 'rows': 9}
2025-11-12 11:45:19,511 INFO [cli] {'ticker': 'DIA', 'mode': 'tri', 'thr': 130, 'window': 'MAX', 'order': 3, 'rows': 27}
2025-11-12 11:45:19,521 INFO [cli] {'ticker': 'DIA', 'mode': 'tri', 'thr': 130, 'window': 'MAX', 'order': 4, 'rows': 81}
2025-11-12 11:45:19,538 INFO [cli] {'ticker': 'DIA', 'mode': 'tri', 'thr': 135, 'window': '1Y', 'order': 1, 'rows': 3}
2025-11-12 11:45:19,548 INFO [cli] {'ticker': 'DIA', 'mode': 'tri', 'thr': 135, 'window': '1Y', 'order': 2, 'rows': 8}
2025-11-12 11:45:19,557 INFO [cli] {'ticker': 'DIA', 'mode': 'tri', 'thr': 135, 'window': '1Y', 'order': 3, 'rows': 15}
2025-11-12 11:45:19,569 INFO [cli] {'ticker': 'DIA', 'mode': 'tri', 'thr': 135, 'window': '1Y', 'order': 4, 'rows': 23}
2025-11-12 11:45:19,578 INFO [cli] {'ticker': 'DIA', 'mode': 'tri', 'thr': 135, 'window': '2Y', 'order': 1, 'rows': 3}
2025-11-12 11:45:19,594 INFO [cli] {'ticker': 'DIA', 'mode': 'tri', 'thr': 135, 'window': '2Y', 'order': 2, 'rows': 8}
2025-11-12 11:45:19,605 INFO [cli] {'ticker': 'DIA', 'mode': 'tri', 'thr': 135, 'window': '2Y', 'order': 3, 'rows': 15}
2025-11-12 11:45:19,615 INFO [cli] {'ticker': 'DIA', 'mode': 'tri', 'thr': 135, 'window': '2Y', 'order': 4, 'rows': 23}
2025-11-12 11:45:19,623 INFO [cli] {'ticker': 'DIA', 'mode': 'tri', 'thr': 135, 'window': '5Y', 'order': 1, 'rows': 3}
2025-11-12 11:45:19,634 INFO [cli] {'ticker': 'DIA', 'mode': 'tri', 'thr': 135, 'window': '5Y', 'order': 2, 'rows': 9}
2025-11-12 11:45:19,645 INFO [cli] {'ticker': 'DIA', 'mode': 'tri', 'thr': 135, 'window': '5Y', 'order': 3, 'rows': 24}
2025-11-12 11:45:19,654 INFO [cli] {'ticker': 'DIA', 'mode': 'tri', 'thr': 135, 'window': '5Y', 'order': 4, 'rows': 49}
2025-11-12 11:45:19,664 INFO [cli] {'ticker': 'DIA', 'mode': 'tri', 'thr': 135, 'window': '10Y', 'order': 1, 'rows': 3}
2025-11-12 11:45:19,673 INFO [cli] {'ticker': 'DIA', 'mode': 'tri', 'thr': 135, 'window': '10Y', 'order': 2, 'rows': 9}
2025-11-12 11:45:19,681 INFO [cli] {'ticker': 'DIA', 'mode': 'tri', 'thr': 135, 'window': '10Y', 'order': 3, 'rows': 27}
2025-11-12 11:45:19,692 INFO [cli] {'ticker': 'DIA', 'mode': 'tri', 'thr': 135, 'window': '10Y', 'order': 4, 'rows': 75}
2025-11-12 11:45:19,702 INFO [cli] {'ticker': 'DIA', 'mode': 'tri', 'thr': 135, 'window': '20Y', 'order': 1, 'rows': 3}
2025-11-12 11:45:19,711 INFO [cli] {'ticker': 'DIA', 'mode': 'tri', 'thr': 135, 'window': '20Y', 'order': 2, 'rows': 9}
2025-11-12 11:45:19,722 INFO [cli] {'ticker': 'DIA', 'mode': 'tri', 'thr': 135, 'window': '20Y', 'order': 3, 'rows': 27}
2025-11-12 11:45:19,733 INFO [cli] {'ticker': 'DIA', 'mode': 'tri', 'thr': 135, 'window': '20Y', 'order': 4, 'rows': 80}
2025-11-12 11:45:19,744 INFO [cli] {'ticker': 'DIA', 'mode': 'tri', 'thr': 135, 'window': 'MAX', 'order': 1, 'rows': 3}
2025-11-12 11:45:19,758 INFO [cli] {'ticker': 'DIA', 'mode': 'tri', 'thr': 135, 'window': 'MAX', 'order': 2, 'rows': 9}
2025-11-12 11:45:19,769 INFO [cli] {'ticker': 'DIA', 'mode': 'tri', 'thr': 135, 'window': 'MAX', 'order': 3, 'rows': 27}
2025-11-12 11:45:19,780 INFO [cli] {'ticker': 'DIA', 'mode': 'tri', 'thr': 135, 'window': 'MAX', 'order': 4, 'rows': 81}
2025-11-12 11:45:19,798 INFO [cli] {'ticker': 'DIA', 'mode': 'tri', 'thr': 140, 'window': '1Y', 'order': 1, 'rows': 3}
2025-11-12 11:45:19,810 INFO [cli] {'ticker': 'DIA', 'mode': 'tri', 'thr': 140, 'window': '1Y', 'order': 2, 'rows': 8}
2025-11-12 11:45:19,821 INFO [cli] {'ticker': 'DIA', 'mode': 'tri', 'thr': 140, 'window': '1Y', 'order': 3, 'rows': 14}
2025-11-12 11:45:19,830 INFO [cli] {'ticker': 'DIA', 'mode': 'tri', 'thr': 140, 'window': '1Y', 'order': 4, 'rows': 21}
2025-11-12 11:45:19,848 INFO [cli] {'ticker': 'DIA', 'mode': 'tri', 'thr': 140, 'window': '2Y', 'order': 1, 'rows': 3}
2025-11-12 11:45:19,858 INFO [cli] {'ticker': 'DIA', 'mode': 'tri', 'thr': 140, 'window': '2Y', 'order': 2, 'rows': 8}
2025-11-12 11:45:19,868 INFO [cli] {'ticker': 'DIA', 'mode': 'tri', 'thr': 140, 'window': '2Y', 'order': 3, 'rows': 14}
2025-11-12 11:45:19,877 INFO [cli] {'ticker': 'DIA', 'mode': 'tri', 'thr': 140, 'window': '2Y', 'order': 4, 'rows': 21}
2025-11-12 11:45:19,891 INFO [cli] {'ticker': 'DIA', 'mode': 'tri', 'thr': 140, 'window': '5Y', 'order': 1, 'rows': 3}
2025-11-12 11:45:19,902 INFO [cli] {'ticker': 'DIA', 'mode': 'tri', 'thr': 140, 'window': '5Y', 'order': 2, 'rows': 9}
2025-11-12 11:45:19,910 INFO [cli] {'ticker': 'DIA', 'mode': 'tri', 'thr': 140, 'window': '5Y', 'order': 3, 'rows': 24}
2025-11-12 11:45:19,920 INFO [cli] {'ticker': 'DIA', 'mode': 'tri', 'thr': 140, 'window': '5Y', 'order': 4, 'rows': 47}
2025-11-12 11:45:19,930 INFO [cli] {'ticker': 'DIA', 'mode': 'tri', 'thr': 140, 'window': '10Y', 'order': 1, 'rows': 3}
2025-11-12 11:45:19,938 INFO [cli] {'ticker': 'DIA', 'mode': 'tri', 'thr': 140, 'window': '10Y', 'order': 2, 'rows': 9}
2025-11-12 11:45:19,949 INFO [cli] {'ticker': 'DIA', 'mode': 'tri', 'thr': 140, 'window': '10Y', 'order': 3, 'rows': 27}
2025-11-12 11:45:19,960 INFO [cli] {'ticker': 'DIA', 'mode': 'tri', 'thr': 140, 'window': '10Y', 'order': 4, 'rows': 73}
2025-11-12 11:45:19,969 INFO [cli] {'ticker': 'DIA', 'mode': 'tri', 'thr': 140, 'window': '20Y', 'order': 1, 'rows': 3}
2025-11-12 11:45:19,976 INFO [cli] {'ticker': 'DIA', 'mode': 'tri', 'thr': 140, 'window': '20Y', 'order': 2, 'rows': 9}
2025-11-12 11:45:19,985 INFO [cli] {'ticker': 'DIA', 'mode': 'tri', 'thr': 140, 'window': '20Y', 'order': 3, 'rows': 27}
2025-11-12 11:45:19,996 INFO [cli] {'ticker': 'DIA', 'mode': 'tri', 'thr': 140, 'window': '20Y', 'order': 4, 'rows': 79}
2025-11-12 11:45:20,008 INFO [cli] {'ticker': 'DIA', 'mode': 'tri', 'thr': 140, 'window': 'MAX', 'order': 1, 'rows': 3}
2025-11-12 11:45:20,018 INFO [cli] {'ticker': 'DIA', 'mode': 'tri', 'thr': 140, 'window': 'MAX', 'order': 2, 'rows': 9}
2025-11-12 11:45:20,027 INFO [cli] {'ticker': 'DIA', 'mode': 'tri', 'thr': 140, 'window': 'MAX', 'order': 3, 'rows': 27}

{'ticker': 'DIA', 'mode': 'tri', 'thr': 100, 'window': 'MAX', 'order': 3, 'rows': 27}
{'ticker': 'DIA', 'mode': 'tri', 'thr': 100, 'window': 'MAX', 'order': 4, 'rows': 81}
{'ticker': 'DIA', 'mode': 'tri', 'thr': 105, 'window': '1Y', 'order': 1, 'rows': 3}
{'ticker': 'DIA', 'mode': 'tri', 'thr': 105, 'window': '1Y', 'order': 2, 'rows': 9}
{'ticker': 'DIA', 'mode': 'tri', 'thr': 105, 'window': '1Y', 'order': 3, 'rows': 23}
{'ticker': 'DIA', 'mode': 'tri', 'thr': 105, 'window': '1Y', 'order': 4, 'rows': 39}
{'ticker': 'DIA', 'mode': 'tri', 'thr': 105, 'window': '2Y', 'order': 1, 'rows': 3}
{'ticker': 'DIA', 'mode': 'tri', 'thr': 105, 'window': '2Y', 'order': 2, 'rows': 9}
{'ticker': 'DIA', 'mode': 'tri', 'thr': 105, 'window': '2Y', 'order': 3, 'rows': 24}
{'ticker': 'DIA', 'mode': 'tri', 'thr': 105, 'window': '2Y', 'order': 4, 'rows': 45}
{'ticker': 'DIA', 'mode': 'tri', 'thr': 105, 'window': '5Y', 'order': 1, 'rows': 3}
{'ticker': 'DIA', 'mode': 'tri', 'thr': 105, 'window': '5Y', 'order': 2, 'rows': 9}
{'ticker': 'DIA', 'mode': 'tri', 'thr': 105, 'window': '5Y', 'order': 3, 'rows': 26}
{'ticker': 'DIA', 'mode': 'tri', 'thr': 105, 'window': '5Y', 'order': 4, 'rows': 63}
{'ticker': 'DIA', 'mode': 'tri', 'thr': 105, 'window': '10Y', 'order': 1, 'rows': 3}
{'ticker': 'DIA', 'mode': 'tri', 'thr': 105, 'window': '10Y', 'order': 2, 'rows': 9}
{'ticker': 'DIA', 'mode': 'tri', 'thr': 105, 'window': '10Y', 'order': 3, 'rows': 27}
{'ticker': 'DIA', 'mode': 'tri', 'thr': 105, 'window': '10Y', 'order': 4, 'rows': 79}
{'ticker': 'DIA', 'mode': 'tri', 'thr': 105, 'window': '20Y', 'order': 1, 'rows': 3}
{'ticker': 'DIA', 'mode': 'tri', 'thr': 105, 'window': '20Y', 'order': 2, 'rows': 9}
{'ticker': 'DIA', 'mode': 'tri', 'thr': 105, 'window': '20Y', 'order': 3, 'rows': 27}
{'ticker': 'DIA', 'mode': 'tri', 'thr': 105, 'window': '20Y', 'order': 4, 'rows': 81}
{'ticker': 'DIA', 'mode': 'tri', 'thr': 105, 'window': 'MAX', 'order': 1, 'rows': 3}
{'ticker': 'DIA', 'mode': 'tri', 'thr': 105, 'window': 'MAX', 'order': 2, 'rows': 9}
{'ticker': 'DIA', 'mode': 'tri', 'thr': 105, 'window': 'MAX', 'order': 3, 'rows': 27}
{'ticker': 'DIA', 'mode': 'tri', 'thr': 105, 'window': 'MAX', 'order': 4, 'rows': 81}
{'ticker': 'DIA', 'mode': 'tri', 'thr': 110, 'window': '1Y', 'order': 1, 'rows': 3}
{'ticker': 'DIA', 'mode': 'tri', 'thr': 110, 'window': '1Y', 'order': 2, 'rows': 8}
{'ticker': 'DIA', 'mode': 'tri', 'thr': 110, 'window': '1Y', 'order': 3, 'rows': 19}
{'ticker': 'DIA', 'mode': 'tri', 'thr': 110, 'window': '1Y', 'order': 4, 'rows': 32}
{'ticker': 'DIA', 'mode': 'tri', 'thr': 110, 'window': '2Y', 'order': 1, 'rows': 3}
{'ticker': 'DIA', 'mode': 'tri', 'thr': 110, 'window': '2Y', 'order': 2, 'rows': 8}
{'ticker': 'DIA', 'mode': 'tri', 'thr': 110, 'window': '2Y', 'order': 3, 'rows': 20}
{'ticker': 'DIA', 'mode': 'tri', 'thr': 110, 'window': '2Y', 'order': 4, 'rows': 38}
{'ticker': 'DIA', 'mode': 'tri', 'thr': 110, 'window': '5Y', 'order': 1, 'rows': 3}
{'ticker': 'DIA', 'mode': 'tri', 'thr': 110, 'window': '5Y', 'order': 2, 'rows': 9}
{'ticker': 'DIA', 'mode': 'tri', 'thr': 110, 'window': '5Y', 'order': 3, 'rows': 25}
{'ticker': 'DIA', 'mode': 'tri', 'thr': 110, 'window': '5Y', 'order': 4, 'rows': 61}
{'ticker': 'DIA', 'mode': 'tri', 'thr': 110, 'window': '10Y', 'order': 1, 'rows': 3}
{'ticker': 'DIA', 'mode': 'tri', 'thr': 110, 'window': '10Y', 'order': 2, 'rows': 9}
{'ticker': 'DIA', 'mode': 'tri', 'thr': 110, 'window': '10Y', 'order': 3, 'rows': 27}
{'ticker': 'DIA', 'mode': 'tri', 'thr': 110, 'window': '10Y', 'order': 4, 'rows': 79}
{'ticker': 'DIA', 'mode': 'tri', 'thr': 110, 'window': '20Y', 'order': 1, 'rows': 3}
{'ticker': 'DIA', 'mode': 'tri', 'thr': 110, 'window': '20Y', 'order': 2, 'rows': 9}
{'ticker': 'DIA', 'mode': 'tri', 'thr': 110, 'window': '20Y', 'order': 3, 'rows': 27}
{'ticker': 'DIA', 'mode': 'tri', 'thr': 110, 'window': '20Y', 'order': 4, 'rows': 81}
{'ticker': 'DIA', 'mode': 'tri', 'thr': 110, 'window': 'MAX', 'order': 1, 'rows': 3}
{'ticker': 'DIA', 'mode': 'tri', 'thr': 110, 'window': 'MAX', 'order': 2, 'rows': 9}
{'ticker': 'DIA', 'mode': 'tri', 'thr': 110, 'window': 'MAX', 'order': 3, 'rows': 27}
{'ticker': 'DIA', 'mode': 'tri', 'thr': 110, 'window': 'MAX', 'order': 4, 'rows': 81}
{'ticker': 'DIA', 'mode': 'tri', 'thr': 115, 'window': '1Y', 'order': 1, 'rows': 3}
{'ticker': 'DIA', 'mode': 'tri', 'thr': 115, 'window': '1Y', 'order': 2, 'rows': 8}
{'ticker': 'DIA', 'mode': 'tri', 'thr': 115, 'window': '1Y', 'order': 3, 'rows': 18}
{'ticker': 'DIA', 'mode': 'tri', 'thr': 115, 'window': '1Y', 'order': 4, 'rows': 31}
{'ticker': 'DIA', 'mode': 'tri', 'thr': 115, 'window': '2Y', 'order': 1, 'rows': 3}
{'ticker': 'DIA', 'mode': 'tri', 'thr': 115, 'window': '2Y', 'order': 2, 'rows': 8}
{'ticker': 'DIA', 'mode': 'tri', 'thr': 115, 'window': '2Y', 'order': 3, 'rows': 19}
{'ticker': 'DIA', 'mode': 'tri', 'thr': 115, 'window': '2Y', 'order': 4, 'rows': 35}
{'ticker': 'DIA', 'mode': 'tri', 'thr': 115, 'window': '5Y', 'order': 1, 'rows': 3}
{'ticker': 'DIA', 'mode': 'tri', 'thr': 115, 'window': '5Y', 'order': 2, 'rows': 9}
{'ticker': 'DIA', 'mode': 'tri', 'thr': 115, 'window': '5Y', 'order': 3, 'rows': 25}
{'ticker': 'DIA', 'mode': 'tri', 'thr': 115, 'window': '5Y', 'order': 4, 'rows': 59}
{'ticker': 'DIA', 'mode': 'tri', 'thr': 115, 'window': '10Y', 'order': 1, 'rows': 3}
{'ticker': 'DIA', 'mode': 'tri', 'thr': 115, 'window': '10Y', 'order': 2, 'rows': 9}
{'ticker': 'DIA', 'mode': 'tri', 'thr': 115, 'window': '10Y', 'order': 3, 'rows': 27}
{'ticker': 'DIA', 'mode': 'tri', 'thr': 115, 'window': '10Y', 'order': 4, 'rows': 78}
{'ticker': 'DIA', 'mode': 'tri', 'thr': 115, 'window': '20Y', 'order': 1, 'rows': 3}
{'ticker': 'DIA', 'mode': 'tri', 'thr': 115, 'window': '20Y', 'order': 2, 'rows': 9}
{'ticker': 'DIA', 'mode': 'tri', 'thr': 115, 'window': '20Y', 'order': 3, 'rows': 27}
{'ticker': 'DIA', 'mode': 'tri', 'thr': 115, 'window': '20Y', 'order': 4, 'rows': 81}
{'ticker': 'DIA', 'mode': 'tri', 'thr': 115, 'window': 'MAX', 'order': 1, 'rows': 3}
{'ticker': 'DIA', 'mode': 'tri', 'thr': 115, 'window': 'MAX', 'order': 2, 'rows': 9}
{'ticker': 'DIA', 'mode': 'tri', 'thr': 115, 'window': 'MAX', 'order': 3, 'rows': 27}
{'ticker': 'DIA', 'mode': 'tri', 'thr': 115, 'window': 'MAX', 'order': 4, 'rows': 81}
{'ticker': 'DIA', 'mode': 'tri', 'thr': 120, 'window': '1Y', 'order': 1, 'rows': 3}
{'ticker': 'DIA', 'mode': 'tri', 'thr': 120, 'window': '1Y', 'order': 2, 'rows': 8}
{'ticker': 'DIA', 'mode': 'tri', 'thr': 120, 'window': '1Y', 'order': 3, 'rows': 18}
{'ticker': 'DIA', 'mode': 'tri', 'thr': 120, 'window': '1Y', 'order': 4, 'rows': 31}
{'ticker': 'DIA', 'mode': 'tri', 'thr': 120, 'window': '2Y', 'order': 1, 'rows': 3}
{'ticker': 'DIA', 'mode': 'tri', 'thr': 120, 'window': '2Y', 'order': 2, 'rows': 8}
{'ticker': 'DIA', 'mode': 'tri', 'thr': 120, 'window': '2Y', 'order': 3, 'rows': 19}
{'ticker': 'DIA', 'mode': 'tri', 'thr': 120, 'window': '2Y', 'order': 4, 'rows': 34}
{'ticker': 'DIA', 'mode': 'tri', 'thr': 120, 'window': '5Y', 'order': 1, 'rows': 3}
{'ticker': 'DIA', 'mode': 'tri', 'thr': 120, 'window': '5Y', 'order': 2, 'rows': 9}
{'ticker': 'DIA', 'mode': 'tri', 'thr': 120, 'window': '5Y', 'order': 3, 'rows': 24}
{'ticker': 'DIA', 'mode': 'tri', 'thr': 120, 'window': '5Y', 'order': 4, 'rows': 56}
{'ticker': 'DIA', 'mode': 'tri', 'thr': 120, 'window': '10Y', 'order': 1, 'rows': 3}
{'ticker': 'DIA', 'mode': 'tri', 'thr': 120, 'window': '10Y', 'order': 2, 'rows': 9}
{'ticker': 'DIA', 'mode': 'tri', 'thr': 120, 'window': '10Y', 'order': 3, 'rows': 27}
{'ticker': 'DIA', 'mode': 'tri', 'thr': 120, 'window': '10Y', 'order': 4, 'rows': 75}
{'ticker': 'DIA', 'mode': 'tri', 'thr': 120, 'window': '20Y', 'order': 1, 'rows': 3}
{'ticker': 'DIA', 'mode': 'tri', 'thr': 120, 'window': '20Y', 'order': 2, 'rows': 9}
{'ticker': 'DIA', 'mode': 'tri', 'thr': 120, 'window': '20Y', 'order': 3, 'rows': 27}
{'ticker': 'DIA', 'mode': 'tri', 'thr': 120, 'window': '20Y', 'order': 4, 'rows': 81}
{'ticker': 'DIA', 'mode': 'tri', 'thr': 120, 'window': 'MAX', 'order': 1, 'rows': 3}
{'ticker': 'DIA', 'mode': 'tri', 'thr': 120, 'window': 'MAX', 'order': 2, 'rows': 9}
{'ticker': 'DIA', 'mode': 'tri', 'thr': 120, 'window': 'MAX', 'order': 3, 'rows': 27}2025-11-12 11:45:20,037 INFO [cli] {'ticker': 'DIA', 'mode': 'tri', 'thr': 140, 'window': 'MAX', 'order': 4, 'rows': 80}
2025-11-12 11:45:20,054 INFO [cli] {'ticker': 'DIA', 'mode': 'tri', 'thr': 145, 'window': '1Y', 'order': 1, 'rows': 3}
2025-11-12 11:45:20,064 INFO [cli] {'ticker': 'DIA', 'mode': 'tri', 'thr': 145, 'window': '1Y', 'order': 2, 'rows': 8}
2025-11-12 11:45:20,075 INFO [cli] {'ticker': 'DIA', 'mode': 'tri', 'thr': 145, 'window': '1Y', 'order': 3, 'rows': 14}
2025-11-12 11:45:20,085 INFO [cli] {'ticker': 'DIA', 'mode': 'tri', 'thr': 145, 'window': '1Y', 'order': 4, 'rows': 21}
2025-11-12 11:45:20,095 INFO [cli] {'ticker': 'DIA', 'mode': 'tri', 'thr': 145, 'window': '2Y', 'order': 1, 'rows': 3}
2025-11-12 11:45:20,105 INFO [cli] {'ticker': 'DIA', 'mode': 'tri', 'thr': 145, 'window': '2Y', 'order': 2, 'rows': 8}
2025-11-12 11:45:20,115 INFO [cli] {'ticker': 'DIA', 'mode': 'tri', 'thr': 145, 'window': '2Y', 'order': 3, 'rows': 14}
2025-11-12 11:45:20,126 INFO [cli] {'ticker': 'DIA', 'mode': 'tri', 'thr': 145, 'window': '2Y', 'order': 4, 'rows': 21}
2025-11-12 11:45:20,134 INFO [cli] {'ticker': 'DIA', 'mode': 'tri', 'thr': 145, 'window': '5Y', 'order': 1, 'rows': 3}
2025-11-12 11:45:20,145 INFO [cli] {'ticker': 'DIA', 'mode': 'tri', 'thr': 145, 'window': '5Y', 'order': 2, 'rows': 9}
2025-11-12 11:45:20,157 INFO [cli] {'ticker': 'DIA', 'mode': 'tri', 'thr': 145, 'window': '5Y', 'order': 3, 'rows': 24}
2025-11-12 11:45:20,167 INFO [cli] {'ticker': 'DIA', 'mode': 'tri', 'thr': 145, 'window': '5Y', 'order': 4, 'rows': 45}
2025-11-12 11:45:20,177 INFO [cli] {'ticker': 'DIA', 'mode': 'tri', 'thr': 145, 'window': '10Y', 'order': 1, 'rows': 3}
2025-11-12 11:45:20,186 INFO [cli] {'ticker': 'DIA', 'mode': 'tri', 'thr': 145, 'window': '10Y', 'order': 2, 'rows': 9}
2025-11-12 11:45:20,196 INFO [cli] {'ticker': 'DIA', 'mode': 'tri', 'thr': 145, 'window': '10Y', 'order': 3, 'rows': 27}
2025-11-12 11:45:20,208 INFO [cli] {'ticker': 'DIA', 'mode': 'tri', 'thr': 145, 'window': '10Y', 'order': 4, 'rows': 68}
2025-11-12 11:45:20,217 INFO [cli] {'ticker': 'DIA', 'mode': 'tri', 'thr': 145, 'window': '20Y', 'order': 1, 'rows': 3}
2025-11-12 11:45:20,227 INFO [cli] {'ticker': 'DIA', 'mode': 'tri', 'thr': 145, 'window': '20Y', 'order': 2, 'rows': 9}
2025-11-12 11:45:20,236 INFO [cli] {'ticker': 'DIA', 'mode': 'tri', 'thr': 145, 'window': '20Y', 'order': 3, 'rows': 27}
2025-11-12 11:45:20,247 INFO [cli] {'ticker': 'DIA', 'mode': 'tri', 'thr': 145, 'window': '20Y', 'order': 4, 'rows': 75}
2025-11-12 11:45:20,259 INFO [cli] {'ticker': 'DIA', 'mode': 'tri', 'thr': 145, 'window': 'MAX', 'order': 1, 'rows': 3}
2025-11-12 11:45:20,270 INFO [cli] {'ticker': 'DIA', 'mode': 'tri', 'thr': 145, 'window': 'MAX', 'order': 2, 'rows': 9}
2025-11-12 11:45:20,280 INFO [cli] {'ticker': 'DIA', 'mode': 'tri', 'thr': 145, 'window': 'MAX', 'order': 3, 'rows': 27}
2025-11-12 11:45:20,290 INFO [cli] {'ticker': 'DIA', 'mode': 'tri', 'thr': 145, 'window': 'MAX', 'order': 4, 'rows': 78}
2025-11-12 11:45:20,307 INFO [cli] {'ticker': 'DIA', 'mode': 'tri', 'thr': 150, 'window': '1Y', 'order': 1, 'rows': 3}
2025-11-12 11:45:20,316 INFO [cli] {'ticker': 'DIA', 'mode': 'tri', 'thr': 150, 'window': '1Y', 'order': 2, 'rows': 8}
2025-11-12 11:45:20,324 INFO [cli] {'ticker': 'DIA', 'mode': 'tri', 'thr': 150, 'window': '1Y', 'order': 3, 'rows': 14}
2025-11-12 11:45:20,334 INFO [cli] {'ticker': 'DIA', 'mode': 'tri', 'thr': 150, 'window': '1Y', 'order': 4, 'rows': 21}
2025-11-12 11:45:20,346 INFO [cli] {'ticker': 'DIA', 'mode': 'tri', 'thr': 150, 'window': '2Y', 'order': 1, 'rows': 3}
2025-11-12 11:45:20,358 INFO [cli] {'ticker': 'DIA', 'mode': 'tri', 'thr': 150, 'window': '2Y', 'order': 2, 'rows': 8}
2025-11-12 11:45:20,368 INFO [cli] {'ticker': 'DIA', 'mode': 'tri', 'thr': 150, 'window': '2Y', 'order': 3, 'rows': 14}
2025-11-12 11:45:20,380 INFO [cli] {'ticker': 'DIA', 'mode': 'tri', 'thr': 150, 'window': '2Y', 'order': 4, 'rows': 21}
2025-11-12 11:45:20,391 INFO [cli] {'ticker': 'DIA', 'mode': 'tri', 'thr': 150, 'window': '5Y', 'order': 1, 'rows': 3}
2025-11-12 11:45:20,400 INFO [cli] {'ticker': 'DIA', 'mode': 'tri', 'thr': 150, 'window': '5Y', 'order': 2, 'rows': 9}
2025-11-12 11:45:20,408 INFO [cli] {'ticker': 'DIA', 'mode': 'tri', 'thr': 150, 'window': '5Y', 'order': 3, 'rows': 24}
2025-11-12 11:45:20,416 INFO [cli] {'ticker': 'DIA', 'mode': 'tri', 'thr': 150, 'window': '5Y', 'order': 4, 'rows': 45}
2025-11-12 11:45:20,426 INFO [cli] {'ticker': 'DIA', 'mode': 'tri', 'thr': 150, 'window': '10Y', 'order': 1, 'rows': 3}
2025-11-12 11:45:20,438 INFO [cli] {'ticker': 'DIA', 'mode': 'tri', 'thr': 150, 'window': '10Y', 'order': 2, 'rows': 9}
2025-11-12 11:45:20,450 INFO [cli] {'ticker': 'DIA', 'mode': 'tri', 'thr': 150, 'window': '10Y', 'order': 3, 'rows': 27}
2025-11-12 11:45:20,460 INFO [cli] {'ticker': 'DIA', 'mode': 'tri', 'thr': 150, 'window': '10Y', 'order': 4, 'rows': 68}
2025-11-12 11:45:20,469 INFO [cli] {'ticker': 'DIA', 'mode': 'tri', 'thr': 150, 'window': '20Y', 'order': 1, 'rows': 3}
2025-11-12 11:45:20,480 INFO [cli] {'ticker': 'DIA', 'mode': 'tri', 'thr': 150, 'window': '20Y', 'order': 2, 'rows': 9}
2025-11-12 11:45:20,491 INFO [cli] {'ticker': 'DIA', 'mode': 'tri', 'thr': 150, 'window': '20Y', 'order': 3, 'rows': 27}
2025-11-12 11:45:20,502 INFO [cli] {'ticker': 'DIA', 'mode': 'tri', 'thr': 150, 'window': '20Y', 'order': 4, 'rows': 75}
2025-11-12 11:45:20,511 INFO [cli] {'ticker': 'DIA', 'mode': 'tri', 'thr': 150, 'window': 'MAX', 'order': 1, 'rows': 3}
2025-11-12 11:45:20,520 INFO [cli] {'ticker': 'DIA', 'mode': 'tri', 'thr': 150, 'window': 'MAX', 'order': 2, 'rows': 9}
2025-11-12 11:45:20,532 INFO [cli] {'ticker': 'DIA', 'mode': 'tri', 'thr': 150, 'window': 'MAX', 'order': 3, 'rows': 27}
2025-11-12 11:45:20,541 INFO [cli] {'ticker': 'DIA', 'mode': 'tri', 'thr': 150, 'window': 'MAX', 'order': 4, 'rows': 78}
2025-11-12 11:45:20,564 INFO [cli] {'ticker': 'IWM', 'mode': 'binary', 'thr': 0, 'window': '1Y', 'order': 1, 'rows': 2}
2025-11-12 11:45:20,575 INFO [cli] {'ticker': 'IWM', 'mode': 'binary', 'thr': 0, 'window': '1Y', 'order': 2, 'rows': 4}
2025-11-12 11:45:20,587 INFO [cli] {'ticker': 'IWM', 'mode': 'binary', 'thr': 0, 'window': '1Y', 'order': 3, 'rows': 8}
2025-11-12 11:45:20,598 INFO [cli] {'ticker': 'IWM', 'mode': 'binary', 'thr': 0, 'window': '1Y', 'order': 4, 'rows': 16}
2025-11-12 11:45:20,612 INFO [cli] {'ticker': 'IWM', 'mode': 'binary', 'thr': 0, 'window': '2Y', 'order': 1, 'rows': 2}
2025-11-12 11:45:20,625 INFO [cli] {'ticker': 'IWM', 'mode': 'binary', 'thr': 0, 'window': '2Y', 'order': 2, 'rows': 4}
2025-11-12 11:45:20,636 INFO [cli] {'ticker': 'IWM', 'mode': 'binary', 'thr': 0, 'window': '2Y', 'order': 3, 'rows': 8}
2025-11-12 11:45:20,646 INFO [cli] {'ticker': 'IWM', 'mode': 'binary', 'thr': 0, 'window': '2Y', 'order': 4, 'rows': 16}
2025-11-12 11:45:20,656 INFO [cli] {'ticker': 'IWM', 'mode': 'binary', 'thr': 0, 'window': '5Y', 'order': 1, 'rows': 2}
2025-11-12 11:45:20,665 INFO [cli] {'ticker': 'IWM', 'mode': 'binary', 'thr': 0, 'window': '5Y', 'order': 2, 'rows': 4}
2025-11-12 11:45:20,675 INFO [cli] {'ticker': 'IWM', 'mode': 'binary', 'thr': 0, 'window': '5Y', 'order': 3, 'rows': 8}
2025-11-12 11:45:20,687 INFO [cli] {'ticker': 'IWM', 'mode': 'binary', 'thr': 0, 'window': '5Y', 'order': 4, 'rows': 16}
2025-11-12 11:45:20,697 INFO [cli] {'ticker': 'IWM', 'mode': 'binary', 'thr': 0, 'window': '10Y', 'order': 1, 'rows': 2}
2025-11-12 11:45:20,709 INFO [cli] {'ticker': 'IWM', 'mode': 'binary', 'thr': 0, 'window': '10Y', 'order': 2, 'rows': 4}
2025-11-12 11:45:20,721 INFO [cli] {'ticker': 'IWM', 'mode': 'binary', 'thr': 0, 'window': '10Y', 'order': 3, 'rows': 8}
2025-11-12 11:45:20,733 INFO [cli] {'ticker': 'IWM', 'mode': 'binary', 'thr': 0, 'window': '10Y', 'order': 4, 'rows': 16}
2025-11-12 11:45:20,744 INFO [cli] {'ticker': 'IWM', 'mode': 'binary', 'thr': 0, 'window': '20Y', 'order': 1, 'rows': 2}
2025-11-12 11:45:20,754 INFO [cli] {'ticker': 'IWM', 'mode': 'binary', 'thr': 0, 'window': '20Y', 'order': 2, 'rows': 4}
2025-11-12 11:45:20,766 INFO [cli] {'ticker': 'IWM', 'mode': 'binary', 'thr': 0, 'window': '20Y', 'order': 3, 'rows': 8}
2025-11-12 11:45:20,775 INFO [cli] {'ticker': 'IWM', 'mode': 'binary', 'thr': 0, 'window': '20Y', 'order': 4, 'rows': 16}
2025-11-12 11:45:20,796 INFO [cli] {'ticker': 'IWM', 'mode': 'binary', 'thr': 0, 'window': 'MAX', 'order': 1, 'rows': 2}
2025-11-12 11:45:20,806 INFO [cli] {'ticker': 'IWM', 'mode': 'binary', 'thr': 0, 'window': 'MAX', 'order': 2, 'rows': 4}
2025-11-12 11:45:20,817 INFO [cli] {'ticker': 'IWM', 'mode': 'binary', 'thr': 0, 'window': 'MAX', 'order': 3, 'rows': 8}
2025-11-12 11:45:20,829 INFO [cli] {'ticker': 'IWM', 'mode': 'binary', 'thr': 0, 'window': 'MAX', 'order': 4, 'rows': 16}
2025-11-12 11:45:20,847 INFO [cli] {'ticker': 'IWM', 'mode': 'binary', 'thr': 5, 'window': '1Y', 'order': 1, 'rows': 2}
2025-11-12 11:45:20,858 INFO [cli] {'ticker': 'IWM', 'mode': 'binary', 'thr': 5, 'window': '1Y', 'order': 2, 'rows': 4}
2025-11-12 11:45:20,869 INFO [cli] {'ticker': 'IWM', 'mode': 'binary', 'thr': 5, 'window': '1Y', 'order': 3, 'rows': 8}
2025-11-12 11:45:20,879 INFO [cli] {'ticker': 'IWM', 'mode': 'binary', 'thr': 5, 'window': '1Y', 'order': 4, 'rows': 16}
2025-11-12 11:45:20,889 INFO [cli] {'ticker': 'IWM', 'mode': 'binary', 'thr': 5, 'window': '2Y', 'order': 1, 'rows': 2}
2025-11-12 11:45:20,900 INFO [cli] {'ticker': 'IWM', 'mode': 'binary', 'thr': 5, 'window': '2Y', 'order': 2, 'rows': 4}
2025-11-12 11:45:20,911 INFO [cli] {'ticker': 'IWM', 'mode': 'binary', 'thr': 5, 'window': '2Y', 'order': 3, 'rows': 8}
2025-11-12 11:45:20,922 INFO [cli] {'ticker': 'IWM', 'mode': 'binary', 'thr': 5, 'window': '2Y', 'order': 4, 'rows': 16}
2025-11-12 11:45:20,933 INFO [cli] {'ticker': 'IWM', 'mode': 'binary', 'thr': 5, 'window': '5Y', 'order': 1, 'rows': 2}
2025-11-12 11:45:20,944 INFO [cli] {'ticker': 'IWM', 'mode': 'binary', 'thr': 5, 'window': '5Y', 'order': 2, 'rows': 4}
2025-11-12 11:45:20,953 INFO [cli] {'ticker': 'IWM', 'mode': 'binary', 'thr': 5, 'window': '5Y', 'order': 3, 'rows': 8}
2025-11-12 11:45:20,962 INFO [cli] {'ticker': 'IWM', 'mode': 'binary', 'thr': 5, 'window': '5Y', 'order': 4, 'rows': 16}
2025-11-12 11:45:20,972 INFO [cli] {'ticker': 'IWM', 'mode': 'binary', 'thr': 5, 'window': '10Y', 'order': 1, 'rows': 2}
2025-11-12 11:45:20,981 INFO [cli] {'ticker': 'IWM', 'mode': 'binary', 'thr': 5, 'window': '10Y', 'order': 2, 'rows': 4}
2025-11-12 11:45:20,991 INFO [cli] {'ticker': 'IWM', 'mode': 'binary', 'thr': 5, 'window': '10Y', 'order': 3, 'rows': 8}
2025-11-12 11:45:21,004 INFO [cli] {'ticker': 'IWM', 'mode': 'binary', 'thr': 5, 'window': '10Y', 'order': 4, 'rows': 16}
2025-11-12 11:45:21,014 INFO [cli] {'ticker': 'IWM', 'mode': 'binary', 'thr': 5, 'window': '20Y', 'order': 1, 'rows': 2}
2025-11-12 11:45:21,025 INFO [cli] {'ticker': 'IWM', 'mode': 'binary', 'thr': 5, 'window': '20Y', 'order': 2, 'rows': 4}
2025-11-12 11:45:21,034 INFO [cli] {'ticker': 'IWM', 'mode': 'binary', 'thr': 5, 'window': '20Y', 'order': 3, 'rows': 8}
2025-11-12 11:45:21,043 INFO [cli] {'ticker': 'IWM', 'mode': 'binary', 'thr': 5, 'window': '20Y', 'order': 4, 'rows': 16}
2025-11-12 11:45:21,056 INFO [cli] {'ticker': 'IWM', 'mode': 'binary', 'thr': 5, 'window': 'MAX', 'order': 1, 'rows': 2}
2025-11-12 11:45:21,065 INFO [cli] {'ticker': 'IWM', 'mode': 'binary', 'thr': 5, 'window': 'MAX', 'order': 2, 'rows': 4}
2025-11-12 11:45:21,078 INFO [cli] {'ticker': 'IWM', 'mode': 'binary', 'thr': 5, 'window': 'MAX', 'order': 3, 'rows': 8}

{'ticker': 'DIA', 'mode': 'tri', 'thr': 120, 'window': 'MAX', 'order': 4, 'rows': 81}
{'ticker': 'DIA', 'mode': 'tri', 'thr': 125, 'window': '1Y', 'order': 1, 'rows': 3}
{'ticker': 'DIA', 'mode': 'tri', 'thr': 125, 'window': '1Y', 'order': 2, 'rows': 8}
{'ticker': 'DIA', 'mode': 'tri', 'thr': 125, 'window': '1Y', 'order': 3, 'rows': 17}
{'ticker': 'DIA', 'mode': 'tri', 'thr': 125, 'window': '1Y', 'order': 4, 'rows': 27}
{'ticker': 'DIA', 'mode': 'tri', 'thr': 125, 'window': '2Y', 'order': 1, 'rows': 3}
{'ticker': 'DIA', 'mode': 'tri', 'thr': 125, 'window': '2Y', 'order': 2, 'rows': 8}
{'ticker': 'DIA', 'mode': 'tri', 'thr': 125, 'window': '2Y', 'order': 3, 'rows': 18}
{'ticker': 'DIA', 'mode': 'tri', 'thr': 125, 'window': '2Y', 'order': 4, 'rows': 30}
{'ticker': 'DIA', 'mode': 'tri', 'thr': 125, 'window': '5Y', 'order': 1, 'rows': 3}
{'ticker': 'DIA', 'mode': 'tri', 'thr': 125, 'window': '5Y', 'order': 2, 'rows': 9}
{'ticker': 'DIA', 'mode': 'tri', 'thr': 125, 'window': '5Y', 'order': 3, 'rows': 24}
{'ticker': 'DIA', 'mode': 'tri', 'thr': 125, 'window': '5Y', 'order': 4, 'rows': 56}
{'ticker': 'DIA', 'mode': 'tri', 'thr': 125, 'window': '10Y', 'order': 1, 'rows': 3}
{'ticker': 'DIA', 'mode': 'tri', 'thr': 125, 'window': '10Y', 'order': 2, 'rows': 9}
{'ticker': 'DIA', 'mode': 'tri', 'thr': 125, 'window': '10Y', 'order': 3, 'rows': 27}
{'ticker': 'DIA', 'mode': 'tri', 'thr': 125, 'window': '10Y', 'order': 4, 'rows': 75}
{'ticker': 'DIA', 'mode': 'tri', 'thr': 125, 'window': '20Y', 'order': 1, 'rows': 3}
{'ticker': 'DIA', 'mode': 'tri', 'thr': 125, 'window': '20Y', 'order': 2, 'rows': 9}
{'ticker': 'DIA', 'mode': 'tri', 'thr': 125, 'window': '20Y', 'order': 3, 'rows': 27}
{'ticker': 'DIA', 'mode': 'tri', 'thr': 125, 'window': '20Y', 'order': 4, 'rows': 81}
{'ticker': 'DIA', 'mode': 'tri', 'thr': 125, 'window': 'MAX', 'order': 1, 'rows': 3}
{'ticker': 'DIA', 'mode': 'tri', 'thr': 125, 'window': 'MAX', 'order': 2, 'rows': 9}
{'ticker': 'DIA', 'mode': 'tri', 'thr': 125, 'window': 'MAX', 'order': 3, 'rows': 27}
{'ticker': 'DIA', 'mode': 'tri', 'thr': 125, 'window': 'MAX', 'order': 4, 'rows': 81}
{'ticker': 'DIA', 'mode': 'tri', 'thr': 130, 'window': '1Y', 'order': 1, 'rows': 3}
{'ticker': 'DIA', 'mode': 'tri', 'thr': 130, 'window': '1Y', 'order': 2, 'rows': 8}
{'ticker': 'DIA', 'mode': 'tri', 'thr': 130, 'window': '1Y', 'order': 3, 'rows': 15}
{'ticker': 'DIA', 'mode': 'tri', 'thr': 130, 'window': '1Y', 'order': 4, 'rows': 23}
{'ticker': 'DIA', 'mode': 'tri', 'thr': 130, 'window': '2Y', 'order': 1, 'rows': 3}
{'ticker': 'DIA', 'mode': 'tri', 'thr': 130, 'window': '2Y', 'order': 2, 'rows': 8}
{'ticker': 'DIA', 'mode': 'tri', 'thr': 130, 'window': '2Y', 'order': 3, 'rows': 15}
{'ticker': 'DIA', 'mode': 'tri', 'thr': 130, 'window': '2Y', 'order': 4, 'rows': 23}
{'ticker': 'DIA', 'mode': 'tri', 'thr': 130, 'window': '5Y', 'order': 1, 'rows': 3}
{'ticker': 'DIA', 'mode': 'tri', 'thr': 130, 'window': '5Y', 'order': 2, 'rows': 9}
{'ticker': 'DIA', 'mode': 'tri', 'thr': 130, 'window': '5Y', 'order': 3, 'rows': 24}
{'ticker': 'DIA', 'mode': 'tri', 'thr': 130, 'window': '5Y', 'order': 4, 'rows': 55}
{'ticker': 'DIA', 'mode': 'tri', 'thr': 130, 'window': '10Y', 'order': 1, 'rows': 3}
{'ticker': 'DIA', 'mode': 'tri', 'thr': 130, 'window': '10Y', 'order': 2, 'rows': 9}
{'ticker': 'DIA', 'mode': 'tri', 'thr': 130, 'window': '10Y', 'order': 3, 'rows': 27}
{'ticker': 'DIA', 'mode': 'tri', 'thr': 130, 'window': '10Y', 'order': 4, 'rows': 75}
{'ticker': 'DIA', 'mode': 'tri', 'thr': 130, 'window': '20Y', 'order': 1, 'rows': 3}
{'ticker': 'DIA', 'mode': 'tri', 'thr': 130, 'window': '20Y', 'order': 2, 'rows': 9}
{'ticker': 'DIA', 'mode': 'tri', 'thr': 130, 'window': '20Y', 'order': 3, 'rows': 27}
{'ticker': 'DIA', 'mode': 'tri', 'thr': 130, 'window': '20Y', 'order': 4, 'rows': 81}
{'ticker': 'DIA', 'mode': 'tri', 'thr': 130, 'window': 'MAX', 'order': 1, 'rows': 3}
{'ticker': 'DIA', 'mode': 'tri', 'thr': 130, 'window': 'MAX', 'order': 2, 'rows': 9}
{'ticker': 'DIA', 'mode': 'tri', 'thr': 130, 'window': 'MAX', 'order': 3, 'rows': 27}
{'ticker': 'DIA', 'mode': 'tri', 'thr': 130, 'window': 'MAX', 'order': 4, 'rows': 81}
{'ticker': 'DIA', 'mode': 'tri', 'thr': 135, 'window': '1Y', 'order': 1, 'rows': 3}
{'ticker': 'DIA', 'mode': 'tri', 'thr': 135, 'window': '1Y', 'order': 2, 'rows': 8}
{'ticker': 'DIA', 'mode': 'tri', 'thr': 135, 'window': '1Y', 'order': 3, 'rows': 15}
{'ticker': 'DIA', 'mode': 'tri', 'thr': 135, 'window': '1Y', 'order': 4, 'rows': 23}
{'ticker': 'DIA', 'mode': 'tri', 'thr': 135, 'window': '2Y', 'order': 1, 'rows': 3}
{'ticker': 'DIA', 'mode': 'tri', 'thr': 135, 'window': '2Y', 'order': 2, 'rows': 8}
{'ticker': 'DIA', 'mode': 'tri', 'thr': 135, 'window': '2Y', 'order': 3, 'rows': 15}
{'ticker': 'DIA', 'mode': 'tri', 'thr': 135, 'window': '2Y', 'order': 4, 'rows': 23}
{'ticker': 'DIA', 'mode': 'tri', 'thr': 135, 'window': '5Y', 'order': 1, 'rows': 3}
{'ticker': 'DIA', 'mode': 'tri', 'thr': 135, 'window': '5Y', 'order': 2, 'rows': 9}
{'ticker': 'DIA', 'mode': 'tri', 'thr': 135, 'window': '5Y', 'order': 3, 'rows': 24}
{'ticker': 'DIA', 'mode': 'tri', 'thr': 135, 'window': '5Y', 'order': 4, 'rows': 49}
{'ticker': 'DIA', 'mode': 'tri', 'thr': 135, 'window': '10Y', 'order': 1, 'rows': 3}
{'ticker': 'DIA', 'mode': 'tri', 'thr': 135, 'window': '10Y', 'order': 2, 'rows': 9}
{'ticker': 'DIA', 'mode': 'tri', 'thr': 135, 'window': '10Y', 'order': 3, 'rows': 27}
{'ticker': 'DIA', 'mode': 'tri', 'thr': 135, 'window': '10Y', 'order': 4, 'rows': 75}
{'ticker': 'DIA', 'mode': 'tri', 'thr': 135, 'window': '20Y', 'order': 1, 'rows': 3}
{'ticker': 'DIA', 'mode': 'tri', 'thr': 135, 'window': '20Y', 'order': 2, 'rows': 9}
{'ticker': 'DIA', 'mode': 'tri', 'thr': 135, 'window': '20Y', 'order': 3, 'rows': 27}
{'ticker': 'DIA', 'mode': 'tri', 'thr': 135, 'window': '20Y', 'order': 4, 'rows': 80}
{'ticker': 'DIA', 'mode': 'tri', 'thr': 135, 'window': 'MAX', 'order': 1, 'rows': 3}
{'ticker': 'DIA', 'mode': 'tri', 'thr': 135, 'window': 'MAX', 'order': 2, 'rows': 9}
{'ticker': 'DIA', 'mode': 'tri', 'thr': 135, 'window': 'MAX', 'order': 3, 'rows': 27}
{'ticker': 'DIA', 'mode': 'tri', 'thr': 135, 'window': 'MAX', 'order': 4, 'rows': 81}
{'ticker': 'DIA', 'mode': 'tri', 'thr': 140, 'window': '1Y', 'order': 1, 'rows': 3}
{'ticker': 'DIA', 'mode': 'tri', 'thr': 140, 'window': '1Y', 'order': 2, 'rows': 8}
{'ticker': 'DIA', 'mode': 'tri', 'thr': 140, 'window': '1Y', 'order': 3, 'rows': 14}
{'ticker': 'DIA', 'mode': 'tri', 'thr': 140, 'window': '1Y', 'order': 4, 'rows': 21}
{'ticker': 'DIA', 'mode': 'tri', 'thr': 140, 'window': '2Y', 'order': 1, 'rows': 3}
{'ticker': 'DIA', 'mode': 'tri', 'thr': 140, 'window': '2Y', 'order': 2, 'rows': 8}
{'ticker': 'DIA', 'mode': 'tri', 'thr': 140, 'window': '2Y', 'order': 3, 'rows': 14}
{'ticker': 'DIA', 'mode': 'tri', 'thr': 140, 'window': '2Y', 'order': 4, 'rows': 21}
{'ticker': 'DIA', 'mode': 'tri', 'thr': 140, 'window': '5Y', 'order': 1, 'rows': 3}
{'ticker': 'DIA', 'mode': 'tri', 'thr': 140, 'window': '5Y', 'order': 2, 'rows': 9}
{'ticker': 'DIA', 'mode': 'tri', 'thr': 140, 'window': '5Y', 'order': 3, 'rows': 24}
{'ticker': 'DIA', 'mode': 'tri', 'thr': 140, 'window': '5Y', 'order': 4, 'rows': 47}
{'ticker': 'DIA', 'mode': 'tri', 'thr': 140, 'window': '10Y', 'order': 1, 'rows': 3}
{'ticker': 'DIA', 'mode': 'tri', 'thr': 140, 'window': '10Y', 'order': 2, 'rows': 9}
{'ticker': 'DIA', 'mode': 'tri', 'thr': 140, 'window': '10Y', 'order': 3, 'rows': 27}
{'ticker': 'DIA', 'mode': 'tri', 'thr': 140, 'window': '10Y', 'order': 4, 'rows': 73}
{'ticker': 'DIA', 'mode': 'tri', 'thr': 140, 'window': '20Y', 'order': 1, 'rows': 3}
{'ticker': 'DIA', 'mode': 'tri', 'thr': 140, 'window': '20Y', 'order': 2, 'rows': 9}
{'ticker': 'DIA', 'mode': 'tri', 'thr': 140, 'window': '20Y', 'order': 3, 'rows': 27}
{'ticker': 'DIA', 'mode': 'tri', 'thr': 140, 'window': '20Y', 'order': 4, 'rows': 79}
{'ticker': 'DIA', 'mode': 'tri', 'thr': 140, 'window': 'MAX', 'order': 1, 'rows': 3}
{'ticker': 'DIA', 'mode': 'tri', 'thr': 140, 'window': 'MAX', 'order': 2, 'rows': 9}
{'ticker': 'DIA', 'mode': 'tri', 'thr': 140, 'window': 'MAX', 'order': 3, 'rows': 27}
{'ticker': 'DIA', 'mode': 'tri', 'thr': 140, 'window': 'MAX', 'order': 4, 'rows': 80}2025-11-12 11:45:21,089 INFO [cli] {'ticker': 'IWM', 'mode': 'binary', 'thr': 5, 'window': 'MAX', 'order': 4, 'rows': 16}
2025-11-12 11:45:21,106 INFO [cli] {'ticker': 'IWM', 'mode': 'binary', 'thr': 10, 'window': '1Y', 'order': 1, 'rows': 2}
2025-11-12 11:45:21,117 INFO [cli] {'ticker': 'IWM', 'mode': 'binary', 'thr': 10, 'window': '1Y', 'order': 2, 'rows': 4}
2025-11-12 11:45:21,128 INFO [cli] {'ticker': 'IWM', 'mode': 'binary', 'thr': 10, 'window': '1Y', 'order': 3, 'rows': 8}
2025-11-12 11:45:21,139 INFO [cli] {'ticker': 'IWM', 'mode': 'binary', 'thr': 10, 'window': '1Y', 'order': 4, 'rows': 16}
2025-11-12 11:45:21,148 INFO [cli] {'ticker': 'IWM', 'mode': 'binary', 'thr': 10, 'window': '2Y', 'order': 1, 'rows': 2}
2025-11-12 11:45:21,158 INFO [cli] {'ticker': 'IWM', 'mode': 'binary', 'thr': 10, 'window': '2Y', 'order': 2, 'rows': 4}
2025-11-12 11:45:21,169 INFO [cli] {'ticker': 'IWM', 'mode': 'binary', 'thr': 10, 'window': '2Y', 'order': 3, 'rows': 8}
2025-11-12 11:45:21,180 INFO [cli] {'ticker': 'IWM', 'mode': 'binary', 'thr': 10, 'window': '2Y', 'order': 4, 'rows': 16}
2025-11-12 11:45:21,190 INFO [cli] {'ticker': 'IWM', 'mode': 'binary', 'thr': 10, 'window': '5Y', 'order': 1, 'rows': 2}
2025-11-12 11:45:21,202 INFO [cli] {'ticker': 'IWM', 'mode': 'binary', 'thr': 10, 'window': '5Y', 'order': 2, 'rows': 4}
2025-11-12 11:45:21,212 INFO [cli] {'ticker': 'IWM', 'mode': 'binary', 'thr': 10, 'window': '5Y', 'order': 3, 'rows': 8}
2025-11-12 11:45:21,222 INFO [cli] {'ticker': 'IWM', 'mode': 'binary', 'thr': 10, 'window': '5Y', 'order': 4, 'rows': 16}
2025-11-12 11:45:21,231 INFO [cli] {'ticker': 'IWM', 'mode': 'binary', 'thr': 10, 'window': '10Y', 'order': 1, 'rows': 2}
2025-11-12 11:45:21,241 INFO [cli] {'ticker': 'IWM', 'mode': 'binary', 'thr': 10, 'window': '10Y', 'order': 2, 'rows': 4}
2025-11-12 11:45:21,252 INFO [cli] {'ticker': 'IWM', 'mode': 'binary', 'thr': 10, 'window': '10Y', 'order': 3, 'rows': 8}
2025-11-12 11:45:21,264 INFO [cli] {'ticker': 'IWM', 'mode': 'binary', 'thr': 10, 'window': '10Y', 'order': 4, 'rows': 16}
2025-11-12 11:45:21,274 INFO [cli] {'ticker': 'IWM', 'mode': 'binary', 'thr': 10, 'window': '20Y', 'order': 1, 'rows': 2}
2025-11-12 11:45:21,283 INFO [cli] {'ticker': 'IWM', 'mode': 'binary', 'thr': 10, 'window': '20Y', 'order': 2, 'rows': 4}
2025-11-12 11:45:21,295 INFO [cli] {'ticker': 'IWM', 'mode': 'binary', 'thr': 10, 'window': '20Y', 'order': 3, 'rows': 8}
2025-11-12 11:45:21,305 INFO [cli] {'ticker': 'IWM', 'mode': 'binary', 'thr': 10, 'window': '20Y', 'order': 4, 'rows': 16}
2025-11-12 11:45:21,315 INFO [cli] {'ticker': 'IWM', 'mode': 'binary', 'thr': 10, 'window': 'MAX', 'order': 1, 'rows': 2}
2025-11-12 11:45:21,326 INFO [cli] {'ticker': 'IWM', 'mode': 'binary', 'thr': 10, 'window': 'MAX', 'order': 2, 'rows': 4}
2025-11-12 11:45:21,336 INFO [cli] {'ticker': 'IWM', 'mode': 'binary', 'thr': 10, 'window': 'MAX', 'order': 3, 'rows': 8}
2025-11-12 11:45:21,348 INFO [cli] {'ticker': 'IWM', 'mode': 'binary', 'thr': 10, 'window': 'MAX', 'order': 4, 'rows': 16}
2025-11-12 11:45:21,365 INFO [cli] {'ticker': 'IWM', 'mode': 'binary', 'thr': 15, 'window': '1Y', 'order': 1, 'rows': 2}
2025-11-12 11:45:21,377 INFO [cli] {'ticker': 'IWM', 'mode': 'binary', 'thr': 15, 'window': '1Y', 'order': 2, 'rows': 4}
2025-11-12 11:45:21,388 INFO [cli] {'ticker': 'IWM', 'mode': 'binary', 'thr': 15, 'window': '1Y', 'order': 3, 'rows': 8}
2025-11-12 11:45:21,398 INFO [cli] {'ticker': 'IWM', 'mode': 'binary', 'thr': 15, 'window': '1Y', 'order': 4, 'rows': 16}
2025-11-12 11:45:21,409 INFO [cli] {'ticker': 'IWM', 'mode': 'binary', 'thr': 15, 'window': '2Y', 'order': 1, 'rows': 2}
2025-11-12 11:45:21,420 INFO [cli] {'ticker': 'IWM', 'mode': 'binary', 'thr': 15, 'window': '2Y', 'order': 2, 'rows': 4}
2025-11-12 11:45:21,431 INFO [cli] {'ticker': 'IWM', 'mode': 'binary', 'thr': 15, 'window': '2Y', 'order': 3, 'rows': 8}
2025-11-12 11:45:21,441 INFO [cli] {'ticker': 'IWM', 'mode': 'binary', 'thr': 15, 'window': '2Y', 'order': 4, 'rows': 16}
2025-11-12 11:45:21,452 INFO [cli] {'ticker': 'IWM', 'mode': 'binary', 'thr': 15, 'window': '5Y', 'order': 1, 'rows': 2}
2025-11-12 11:45:21,463 INFO [cli] {'ticker': 'IWM', 'mode': 'binary', 'thr': 15, 'window': '5Y', 'order': 2, 'rows': 4}
2025-11-12 11:45:21,476 INFO [cli] {'ticker': 'IWM', 'mode': 'binary', 'thr': 15, 'window': '5Y', 'order': 3, 'rows': 8}
2025-11-12 11:45:21,487 INFO [cli] {'ticker': 'IWM', 'mode': 'binary', 'thr': 15, 'window': '5Y', 'order': 4, 'rows': 16}
2025-11-12 11:45:21,498 INFO [cli] {'ticker': 'IWM', 'mode': 'binary', 'thr': 15, 'window': '10Y', 'order': 1, 'rows': 2}
2025-11-12 11:45:21,508 INFO [cli] {'ticker': 'IWM', 'mode': 'binary', 'thr': 15, 'window': '10Y', 'order': 2, 'rows': 4}
2025-11-12 11:45:21,520 INFO [cli] {'ticker': 'IWM', 'mode': 'binary', 'thr': 15, 'window': '10Y', 'order': 3, 'rows': 8}
2025-11-12 11:45:21,531 INFO [cli] {'ticker': 'IWM', 'mode': 'binary', 'thr': 15, 'window': '10Y', 'order': 4, 'rows': 16}
2025-11-12 11:45:21,544 INFO [cli] {'ticker': 'IWM', 'mode': 'binary', 'thr': 15, 'window': '20Y', 'order': 1, 'rows': 2}
2025-11-12 11:45:21,555 INFO [cli] {'ticker': 'IWM', 'mode': 'binary', 'thr': 15, 'window': '20Y', 'order': 2, 'rows': 4}
2025-11-12 11:45:21,567 INFO [cli] {'ticker': 'IWM', 'mode': 'binary', 'thr': 15, 'window': '20Y', 'order': 3, 'rows': 8}
2025-11-12 11:45:21,577 INFO [cli] {'ticker': 'IWM', 'mode': 'binary', 'thr': 15, 'window': '20Y', 'order': 4, 'rows': 16}
2025-11-12 11:45:21,590 INFO [cli] {'ticker': 'IWM', 'mode': 'binary', 'thr': 15, 'window': 'MAX', 'order': 1, 'rows': 2}
2025-11-12 11:45:21,601 INFO [cli] {'ticker': 'IWM', 'mode': 'binary', 'thr': 15, 'window': 'MAX', 'order': 2, 'rows': 4}
2025-11-12 11:45:21,613 INFO [cli] {'ticker': 'IWM', 'mode': 'binary', 'thr': 15, 'window': 'MAX', 'order': 3, 'rows': 8}
2025-11-12 11:45:21,624 INFO [cli] {'ticker': 'IWM', 'mode': 'binary', 'thr': 15, 'window': 'MAX', 'order': 4, 'rows': 16}
2025-11-12 11:45:21,641 INFO [cli] {'ticker': 'IWM', 'mode': 'binary', 'thr': 20, 'window': '1Y', 'order': 1, 'rows': 2}
2025-11-12 11:45:21,653 INFO [cli] {'ticker': 'IWM', 'mode': 'binary', 'thr': 20, 'window': '1Y', 'order': 2, 'rows': 4}
2025-11-12 11:45:21,666 INFO [cli] {'ticker': 'IWM', 'mode': 'binary', 'thr': 20, 'window': '1Y', 'order': 3, 'rows': 8}
2025-11-12 11:45:21,678 INFO [cli] {'ticker': 'IWM', 'mode': 'binary', 'thr': 20, 'window': '1Y', 'order': 4, 'rows': 16}
2025-11-12 11:45:21,690 INFO [cli] {'ticker': 'IWM', 'mode': 'binary', 'thr': 20, 'window': '2Y', 'order': 1, 'rows': 2}
2025-11-12 11:45:21,701 INFO [cli] {'ticker': 'IWM', 'mode': 'binary', 'thr': 20, 'window': '2Y', 'order': 2, 'rows': 4}
2025-11-12 11:45:21,713 INFO [cli] {'ticker': 'IWM', 'mode': 'binary', 'thr': 20, 'window': '2Y', 'order': 3, 'rows': 8}
2025-11-12 11:45:21,724 INFO [cli] {'ticker': 'IWM', 'mode': 'binary', 'thr': 20, 'window': '2Y', 'order': 4, 'rows': 16}
2025-11-12 11:45:21,736 INFO [cli] {'ticker': 'IWM', 'mode': 'binary', 'thr': 20, 'window': '5Y', 'order': 1, 'rows': 2}
2025-11-12 11:45:21,748 INFO [cli] {'ticker': 'IWM', 'mode': 'binary', 'thr': 20, 'window': '5Y', 'order': 2, 'rows': 4}
2025-11-12 11:45:21,759 INFO [cli] {'ticker': 'IWM', 'mode': 'binary', 'thr': 20, 'window': '5Y', 'order': 3, 'rows': 8}
2025-11-12 11:45:21,770 INFO [cli] {'ticker': 'IWM', 'mode': 'binary', 'thr': 20, 'window': '5Y', 'order': 4, 'rows': 16}
2025-11-12 11:45:21,790 INFO [cli] {'ticker': 'IWM', 'mode': 'binary', 'thr': 20, 'window': '10Y', 'order': 1, 'rows': 2}
2025-11-12 11:45:21,801 INFO [cli] {'ticker': 'IWM', 'mode': 'binary', 'thr': 20, 'window': '10Y', 'order': 2, 'rows': 4}
2025-11-12 11:45:21,812 INFO [cli] {'ticker': 'IWM', 'mode': 'binary', 'thr': 20, 'window': '10Y', 'order': 3, 'rows': 8}
2025-11-12 11:45:21,825 INFO [cli] {'ticker': 'IWM', 'mode': 'binary', 'thr': 20, 'window': '10Y', 'order': 4, 'rows': 16}
2025-11-12 11:45:21,836 INFO [cli] {'ticker': 'IWM', 'mode': 'binary', 'thr': 20, 'window': '20Y', 'order': 1, 'rows': 2}
2025-11-12 11:45:21,848 INFO [cli] {'ticker': 'IWM', 'mode': 'binary', 'thr': 20, 'window': '20Y', 'order': 2, 'rows': 4}
2025-11-12 11:45:21,859 INFO [cli] {'ticker': 'IWM', 'mode': 'binary', 'thr': 20, 'window': '20Y', 'order': 3, 'rows': 8}
2025-11-12 11:45:21,871 INFO [cli] {'ticker': 'IWM', 'mode': 'binary', 'thr': 20, 'window': '20Y', 'order': 4, 'rows': 16}
2025-11-12 11:45:21,883 INFO [cli] {'ticker': 'IWM', 'mode': 'binary', 'thr': 20, 'window': 'MAX', 'order': 1, 'rows': 2}
2025-11-12 11:45:21,895 INFO [cli] {'ticker': 'IWM', 'mode': 'binary', 'thr': 20, 'window': 'MAX', 'order': 2, 'rows': 4}
2025-11-12 11:45:21,908 INFO [cli] {'ticker': 'IWM', 'mode': 'binary', 'thr': 20, 'window': 'MAX', 'order': 3, 'rows': 8}
2025-11-12 11:45:21,919 INFO [cli] {'ticker': 'IWM', 'mode': 'binary', 'thr': 20, 'window': 'MAX', 'order': 4, 'rows': 16}
2025-11-12 11:45:21,937 INFO [cli] {'ticker': 'IWM', 'mode': 'binary', 'thr': 25, 'window': '1Y', 'order': 1, 'rows': 2}
2025-11-12 11:45:21,948 INFO [cli] {'ticker': 'IWM', 'mode': 'binary', 'thr': 25, 'window': '1Y', 'order': 2, 'rows': 4}
2025-11-12 11:45:21,960 INFO [cli] {'ticker': 'IWM', 'mode': 'binary', 'thr': 25, 'window': '1Y', 'order': 3, 'rows': 8}
2025-11-12 11:45:21,973 INFO [cli] {'ticker': 'IWM', 'mode': 'binary', 'thr': 25, 'window': '1Y', 'order': 4, 'rows': 15}
2025-11-12 11:45:21,982 INFO [cli] {'ticker': 'IWM', 'mode': 'binary', 'thr': 25, 'window': '2Y', 'order': 1, 'rows': 2}
2025-11-12 11:45:21,991 INFO [cli] {'ticker': 'IWM', 'mode': 'binary', 'thr': 25, 'window': '2Y', 'order': 2, 'rows': 4}
2025-11-12 11:45:22,001 INFO [cli] {'ticker': 'IWM', 'mode': 'binary', 'thr': 25, 'window': '2Y', 'order': 3, 'rows': 8}
2025-11-12 11:45:22,010 INFO [cli] {'ticker': 'IWM', 'mode': 'binary', 'thr': 25, 'window': '2Y', 'order': 4, 'rows': 16}
2025-11-12 11:45:22,019 INFO [cli] {'ticker': 'IWM', 'mode': 'binary', 'thr': 25, 'window': '5Y', 'order': 1, 'rows': 2}
2025-11-12 11:45:22,032 INFO [cli] {'ticker': 'IWM', 'mode': 'binary', 'thr': 25, 'window': '5Y', 'order': 2, 'rows': 4}
2025-11-12 11:45:22,041 INFO [cli] {'ticker': 'IWM', 'mode': 'binary', 'thr': 25, 'window': '5Y', 'order': 3, 'rows': 8}
2025-11-12 11:45:22,051 INFO [cli] {'ticker': 'IWM', 'mode': 'binary', 'thr': 25, 'window': '5Y', 'order': 4, 'rows': 16}
2025-11-12 11:45:22,062 INFO [cli] {'ticker': 'IWM', 'mode': 'binary', 'thr': 25, 'window': '10Y', 'order': 1, 'rows': 2}
2025-11-12 11:45:22,074 INFO [cli] {'ticker': 'IWM', 'mode': 'binary', 'thr': 25, 'window': '10Y', 'order': 2, 'rows': 4}
2025-11-12 11:45:22,084 INFO [cli] {'ticker': 'IWM', 'mode': 'binary', 'thr': 25, 'window': '10Y', 'order': 3, 'rows': 8}
2025-11-12 11:45:22,095 INFO [cli] {'ticker': 'IWM', 'mode': 'binary', 'thr': 25, 'window': '10Y', 'order': 4, 'rows': 16}
2025-11-12 11:45:22,104 INFO [cli] {'ticker': 'IWM', 'mode': 'binary', 'thr': 25, 'window': '20Y', 'order': 1, 'rows': 2}
2025-11-12 11:45:22,116 INFO [cli] {'ticker': 'IWM', 'mode': 'binary', 'thr': 25, 'window': '20Y', 'order': 2, 'rows': 4}
2025-11-12 11:45:22,127 INFO [cli] {'ticker': 'IWM', 'mode': 'binary', 'thr': 25, 'window': '20Y', 'order': 3, 'rows': 8}
2025-11-12 11:45:22,138 INFO [cli] {'ticker': 'IWM', 'mode': 'binary', 'thr': 25, 'window': '20Y', 'order': 4, 'rows': 16}
2025-11-12 11:45:22,149 INFO [cli] {'ticker': 'IWM', 'mode': 'binary', 'thr': 25, 'window': 'MAX', 'order': 1, 'rows': 2}
2025-11-12 11:45:22,160 INFO [cli] {'ticker': 'IWM', 'mode': 'binary', 'thr': 25, 'window': 'MAX', 'order': 2, 'rows': 4}

{'ticker': 'DIA', 'mode': 'tri', 'thr': 145, 'window': '1Y', 'order': 1, 'rows': 3}
{'ticker': 'DIA', 'mode': 'tri', 'thr': 145, 'window': '1Y', 'order': 2, 'rows': 8}
{'ticker': 'DIA', 'mode': 'tri', 'thr': 145, 'window': '1Y', 'order': 3, 'rows': 14}
{'ticker': 'DIA', 'mode': 'tri', 'thr': 145, 'window': '1Y', 'order': 4, 'rows': 21}
{'ticker': 'DIA', 'mode': 'tri', 'thr': 145, 'window': '2Y', 'order': 1, 'rows': 3}
{'ticker': 'DIA', 'mode': 'tri', 'thr': 145, 'window': '2Y', 'order': 2, 'rows': 8}
{'ticker': 'DIA', 'mode': 'tri', 'thr': 145, 'window': '2Y', 'order': 3, 'rows': 14}
{'ticker': 'DIA', 'mode': 'tri', 'thr': 145, 'window': '2Y', 'order': 4, 'rows': 21}
{'ticker': 'DIA', 'mode': 'tri', 'thr': 145, 'window': '5Y', 'order': 1, 'rows': 3}
{'ticker': 'DIA', 'mode': 'tri', 'thr': 145, 'window': '5Y', 'order': 2, 'rows': 9}
{'ticker': 'DIA', 'mode': 'tri', 'thr': 145, 'window': '5Y', 'order': 3, 'rows': 24}
{'ticker': 'DIA', 'mode': 'tri', 'thr': 145, 'window': '5Y', 'order': 4, 'rows': 45}
{'ticker': 'DIA', 'mode': 'tri', 'thr': 145, 'window': '10Y', 'order': 1, 'rows': 3}
{'ticker': 'DIA', 'mode': 'tri', 'thr': 145, 'window': '10Y', 'order': 2, 'rows': 9}
{'ticker': 'DIA', 'mode': 'tri', 'thr': 145, 'window': '10Y', 'order': 3, 'rows': 27}
{'ticker': 'DIA', 'mode': 'tri', 'thr': 145, 'window': '10Y', 'order': 4, 'rows': 68}
{'ticker': 'DIA', 'mode': 'tri', 'thr': 145, 'window': '20Y', 'order': 1, 'rows': 3}
{'ticker': 'DIA', 'mode': 'tri', 'thr': 145, 'window': '20Y', 'order': 2, 'rows': 9}
{'ticker': 'DIA', 'mode': 'tri', 'thr': 145, 'window': '20Y', 'order': 3, 'rows': 27}
{'ticker': 'DIA', 'mode': 'tri', 'thr': 145, 'window': '20Y', 'order': 4, 'rows': 75}
{'ticker': 'DIA', 'mode': 'tri', 'thr': 145, 'window': 'MAX', 'order': 1, 'rows': 3}
{'ticker': 'DIA', 'mode': 'tri', 'thr': 145, 'window': 'MAX', 'order': 2, 'rows': 9}
{'ticker': 'DIA', 'mode': 'tri', 'thr': 145, 'window': 'MAX', 'order': 3, 'rows': 27}
{'ticker': 'DIA', 'mode': 'tri', 'thr': 145, 'window': 'MAX', 'order': 4, 'rows': 78}
{'ticker': 'DIA', 'mode': 'tri', 'thr': 150, 'window': '1Y', 'order': 1, 'rows': 3}
{'ticker': 'DIA', 'mode': 'tri', 'thr': 150, 'window': '1Y', 'order': 2, 'rows': 8}
{'ticker': 'DIA', 'mode': 'tri', 'thr': 150, 'window': '1Y', 'order': 3, 'rows': 14}
{'ticker': 'DIA', 'mode': 'tri', 'thr': 150, 'window': '1Y', 'order': 4, 'rows': 21}
{'ticker': 'DIA', 'mode': 'tri', 'thr': 150, 'window': '2Y', 'order': 1, 'rows': 3}
{'ticker': 'DIA', 'mode': 'tri', 'thr': 150, 'window': '2Y', 'order': 2, 'rows': 8}
{'ticker': 'DIA', 'mode': 'tri', 'thr': 150, 'window': '2Y', 'order': 3, 'rows': 14}
{'ticker': 'DIA', 'mode': 'tri', 'thr': 150, 'window': '2Y', 'order': 4, 'rows': 21}
{'ticker': 'DIA', 'mode': 'tri', 'thr': 150, 'window': '5Y', 'order': 1, 'rows': 3}
{'ticker': 'DIA', 'mode': 'tri', 'thr': 150, 'window': '5Y', 'order': 2, 'rows': 9}
{'ticker': 'DIA', 'mode': 'tri', 'thr': 150, 'window': '5Y', 'order': 3, 'rows': 24}
{'ticker': 'DIA', 'mode': 'tri', 'thr': 150, 'window': '5Y', 'order': 4, 'rows': 45}
{'ticker': 'DIA', 'mode': 'tri', 'thr': 150, 'window': '10Y', 'order': 1, 'rows': 3}
{'ticker': 'DIA', 'mode': 'tri', 'thr': 150, 'window': '10Y', 'order': 2, 'rows': 9}
{'ticker': 'DIA', 'mode': 'tri', 'thr': 150, 'window': '10Y', 'order': 3, 'rows': 27}
{'ticker': 'DIA', 'mode': 'tri', 'thr': 150, 'window': '10Y', 'order': 4, 'rows': 68}
{'ticker': 'DIA', 'mode': 'tri', 'thr': 150, 'window': '20Y', 'order': 1, 'rows': 3}
{'ticker': 'DIA', 'mode': 'tri', 'thr': 150, 'window': '20Y', 'order': 2, 'rows': 9}
{'ticker': 'DIA', 'mode': 'tri', 'thr': 150, 'window': '20Y', 'order': 3, 'rows': 27}
{'ticker': 'DIA', 'mode': 'tri', 'thr': 150, 'window': '20Y', 'order': 4, 'rows': 75}
{'ticker': 'DIA', 'mode': 'tri', 'thr': 150, 'window': 'MAX', 'order': 1, 'rows': 3}
{'ticker': 'DIA', 'mode': 'tri', 'thr': 150, 'window': 'MAX', 'order': 2, 'rows': 9}
{'ticker': 'DIA', 'mode': 'tri', 'thr': 150, 'window': 'MAX', 'order': 3, 'rows': 27}
{'ticker': 'DIA', 'mode': 'tri', 'thr': 150, 'window': 'MAX', 'order': 4, 'rows': 78}
{'ticker': 'IWM', 'mode': 'binary', 'thr': 0, 'window': '1Y', 'order': 1, 'rows': 2}
{'ticker': 'IWM', 'mode': 'binary', 'thr': 0, 'window': '1Y', 'order': 2, 'rows': 4}
{'ticker': 'IWM', 'mode': 'binary', 'thr': 0, 'window': '1Y', 'order': 3, 'rows': 8}
{'ticker': 'IWM', 'mode': 'binary', 'thr': 0, 'window': '1Y', 'order': 4, 'rows': 16}
{'ticker': 'IWM', 'mode': 'binary', 'thr': 0, 'window': '2Y', 'order': 1, 'rows': 2}
{'ticker': 'IWM', 'mode': 'binary', 'thr': 0, 'window': '2Y', 'order': 2, 'rows': 4}
{'ticker': 'IWM', 'mode': 'binary', 'thr': 0, 'window': '2Y', 'order': 3, 'rows': 8}
{'ticker': 'IWM', 'mode': 'binary', 'thr': 0, 'window': '2Y', 'order': 4, 'rows': 16}
{'ticker': 'IWM', 'mode': 'binary', 'thr': 0, 'window': '5Y', 'order': 1, 'rows': 2}
{'ticker': 'IWM', 'mode': 'binary', 'thr': 0, 'window': '5Y', 'order': 2, 'rows': 4}
{'ticker': 'IWM', 'mode': 'binary', 'thr': 0, 'window': '5Y', 'order': 3, 'rows': 8}
{'ticker': 'IWM', 'mode': 'binary', 'thr': 0, 'window': '5Y', 'order': 4, 'rows': 16}
{'ticker': 'IWM', 'mode': 'binary', 'thr': 0, 'window': '10Y', 'order': 1, 'rows': 2}
{'ticker': 'IWM', 'mode': 'binary', 'thr': 0, 'window': '10Y', 'order': 2, 'rows': 4}
{'ticker': 'IWM', 'mode': 'binary', 'thr': 0, 'window': '10Y', 'order': 3, 'rows': 8}
{'ticker': 'IWM', 'mode': 'binary', 'thr': 0, 'window': '10Y', 'order': 4, 'rows': 16}
{'ticker': 'IWM', 'mode': 'binary', 'thr': 0, 'window': '20Y', 'order': 1, 'rows': 2}
{'ticker': 'IWM', 'mode': 'binary', 'thr': 0, 'window': '20Y', 'order': 2, 'rows': 4}
{'ticker': 'IWM', 'mode': 'binary', 'thr': 0, 'window': '20Y', 'order': 3, 'rows': 8}
{'ticker': 'IWM', 'mode': 'binary', 'thr': 0, 'window': '20Y', 'order': 4, 'rows': 16}
{'ticker': 'IWM', 'mode': 'binary', 'thr': 0, 'window': 'MAX', 'order': 1, 'rows': 2}
{'ticker': 'IWM', 'mode': 'binary', 'thr': 0, 'window': 'MAX', 'order': 2, 'rows': 4}
{'ticker': 'IWM', 'mode': 'binary', 'thr': 0, 'window': 'MAX', 'order': 3, 'rows': 8}
{'ticker': 'IWM', 'mode': 'binary', 'thr': 0, 'window': 'MAX', 'order': 4, 'rows': 16}
{'ticker': 'IWM', 'mode': 'binary', 'thr': 5, 'window': '1Y', 'order': 1, 'rows': 2}
{'ticker': 'IWM', 'mode': 'binary', 'thr': 5, 'window': '1Y', 'order': 2, 'rows': 4}
{'ticker': 'IWM', 'mode': 'binary', 'thr': 5, 'window': '1Y', 'order': 3, 'rows': 8}
{'ticker': 'IWM', 'mode': 'binary', 'thr': 5, 'window': '1Y', 'order': 4, 'rows': 16}
{'ticker': 'IWM', 'mode': 'binary', 'thr': 5, 'window': '2Y', 'order': 1, 'rows': 2}
{'ticker': 'IWM', 'mode': 'binary', 'thr': 5, 'window': '2Y', 'order': 2, 'rows': 4}
{'ticker': 'IWM', 'mode': 'binary', 'thr': 5, 'window': '2Y', 'order': 3, 'rows': 8}
{'ticker': 'IWM', 'mode': 'binary', 'thr': 5, 'window': '2Y', 'order': 4, 'rows': 16}
{'ticker': 'IWM', 'mode': 'binary', 'thr': 5, 'window': '5Y', 'order': 1, 'rows': 2}
{'ticker': 'IWM', 'mode': 'binary', 'thr': 5, 'window': '5Y', 'order': 2, 'rows': 4}
{'ticker': 'IWM', 'mode': 'binary', 'thr': 5, 'window': '5Y', 'order': 3, 'rows': 8}
{'ticker': 'IWM', 'mode': 'binary', 'thr': 5, 'window': '5Y', 'order': 4, 'rows': 16}
{'ticker': 'IWM', 'mode': 'binary', 'thr': 5, 'window': '10Y', 'order': 1, 'rows': 2}
{'ticker': 'IWM', 'mode': 'binary', 'thr': 5, 'window': '10Y', 'order': 2, 'rows': 4}
{'ticker': 'IWM', 'mode': 'binary', 'thr': 5, 'window': '10Y', 'order': 3, 'rows': 8}
{'ticker': 'IWM', 'mode': 'binary', 'thr': 5, 'window': '10Y', 'order': 4, 'rows': 16}
{'ticker': 'IWM', 'mode': 'binary', 'thr': 5, 'window': '20Y', 'order': 1, 'rows': 2}
{'ticker': 'IWM', 'mode': 'binary', 'thr': 5, 'window': '20Y', 'order': 2, 'rows': 4}
{'ticker': 'IWM', 'mode': 'binary', 'thr': 5, 'window': '20Y', 'order': 3, 'rows': 8}
{'ticker': 'IWM', 'mode': 'binary', 'thr': 5, 'window': '20Y', 'order': 4, 'rows': 16}
{'ticker': 'IWM', 'mode': 'binary', 'thr': 5, 'window': 'MAX', 'order': 1, 'rows': 2}
{'ticker': 'IWM', 'mode': 'binary', 'thr': 5, 'window': 'MAX', 'order': 2, 'rows': 4}
{'ticker': 'IWM', 'mode': 'binary', 'thr': 5, 'window': 'MAX', 'order': 3, 'rows': 8}
{'ticker': 'IWM', 'mode': 'binary', 'thr': 5, 'window': 'MAX', 'order': 4, 'rows': 16}2025-11-12 11:45:22,173 INFO [cli] {'ticker': 'IWM', 'mode': 'binary', 'thr': 25, 'window': 'MAX', 'order': 3, 'rows': 8}
2025-11-12 11:45:22,185 INFO [cli] {'ticker': 'IWM', 'mode': 'binary', 'thr': 25, 'window': 'MAX', 'order': 4, 'rows': 16}
2025-11-12 11:45:22,205 INFO [cli] {'ticker': 'IWM', 'mode': 'binary', 'thr': 30, 'window': '1Y', 'order': 1, 'rows': 2}
2025-11-12 11:45:22,216 INFO [cli] {'ticker': 'IWM', 'mode': 'binary', 'thr': 30, 'window': '1Y', 'order': 2, 'rows': 4}
2025-11-12 11:45:22,227 INFO [cli] {'ticker': 'IWM', 'mode': 'binary', 'thr': 30, 'window': '1Y', 'order': 3, 'rows': 8}
2025-11-12 11:45:22,239 INFO [cli] {'ticker': 'IWM', 'mode': 'binary', 'thr': 30, 'window': '1Y', 'order': 4, 'rows': 15}
2025-11-12 11:45:22,252 INFO [cli] {'ticker': 'IWM', 'mode': 'binary', 'thr': 30, 'window': '2Y', 'order': 1, 'rows': 2}
2025-11-12 11:45:22,262 INFO [cli] {'ticker': 'IWM', 'mode': 'binary', 'thr': 30, 'window': '2Y', 'order': 2, 'rows': 4}
2025-11-12 11:45:22,271 INFO [cli] {'ticker': 'IWM', 'mode': 'binary', 'thr': 30, 'window': '2Y', 'order': 3, 'rows': 8}
2025-11-12 11:45:22,280 INFO [cli] {'ticker': 'IWM', 'mode': 'binary', 'thr': 30, 'window': '2Y', 'order': 4, 'rows': 16}
2025-11-12 11:45:22,289 INFO [cli] {'ticker': 'IWM', 'mode': 'binary', 'thr': 30, 'window': '5Y', 'order': 1, 'rows': 2}
2025-11-12 11:45:22,298 INFO [cli] {'ticker': 'IWM', 'mode': 'binary', 'thr': 30, 'window': '5Y', 'order': 2, 'rows': 4}
2025-11-12 11:45:22,309 INFO [cli] {'ticker': 'IWM', 'mode': 'binary', 'thr': 30, 'window': '5Y', 'order': 3, 'rows': 8}
2025-11-12 11:45:22,320 INFO [cli] {'ticker': 'IWM', 'mode': 'binary', 'thr': 30, 'window': '5Y', 'order': 4, 'rows': 16}
2025-11-12 11:45:22,331 INFO [cli] {'ticker': 'IWM', 'mode': 'binary', 'thr': 30, 'window': '10Y', 'order': 1, 'rows': 2}
2025-11-12 11:45:22,342 INFO [cli] {'ticker': 'IWM', 'mode': 'binary', 'thr': 30, 'window': '10Y', 'order': 2, 'rows': 4}
2025-11-12 11:45:22,350 INFO [cli] {'ticker': 'IWM', 'mode': 'binary', 'thr': 30, 'window': '10Y', 'order': 3, 'rows': 8}
2025-11-12 11:45:22,361 INFO [cli] {'ticker': 'IWM', 'mode': 'binary', 'thr': 30, 'window': '10Y', 'order': 4, 'rows': 16}
2025-11-12 11:45:22,373 INFO [cli] {'ticker': 'IWM', 'mode': 'binary', 'thr': 30, 'window': '20Y', 'order': 1, 'rows': 2}
2025-11-12 11:45:22,385 INFO [cli] {'ticker': 'IWM', 'mode': 'binary', 'thr': 30, 'window': '20Y', 'order': 2, 'rows': 4}
2025-11-12 11:45:22,395 INFO [cli] {'ticker': 'IWM', 'mode': 'binary', 'thr': 30, 'window': '20Y', 'order': 3, 'rows': 8}
2025-11-12 11:45:22,406 INFO [cli] {'ticker': 'IWM', 'mode': 'binary', 'thr': 30, 'window': '20Y', 'order': 4, 'rows': 16}
2025-11-12 11:45:22,416 INFO [cli] {'ticker': 'IWM', 'mode': 'binary', 'thr': 30, 'window': 'MAX', 'order': 1, 'rows': 2}
2025-11-12 11:45:22,427 INFO [cli] {'ticker': 'IWM', 'mode': 'binary', 'thr': 30, 'window': 'MAX', 'order': 2, 'rows': 4}
2025-11-12 11:45:22,439 INFO [cli] {'ticker': 'IWM', 'mode': 'binary', 'thr': 30, 'window': 'MAX', 'order': 3, 'rows': 8}
2025-11-12 11:45:22,451 INFO [cli] {'ticker': 'IWM', 'mode': 'binary', 'thr': 30, 'window': 'MAX', 'order': 4, 'rows': 16}
2025-11-12 11:45:22,468 INFO [cli] {'ticker': 'IWM', 'mode': 'binary', 'thr': 35, 'window': '1Y', 'order': 1, 'rows': 2}
2025-11-12 11:45:22,479 INFO [cli] {'ticker': 'IWM', 'mode': 'binary', 'thr': 35, 'window': '1Y', 'order': 2, 'rows': 4}
2025-11-12 11:45:22,490 INFO [cli] {'ticker': 'IWM', 'mode': 'binary', 'thr': 35, 'window': '1Y', 'order': 3, 'rows': 8}
2025-11-12 11:45:22,501 INFO [cli] {'ticker': 'IWM', 'mode': 'binary', 'thr': 35, 'window': '1Y', 'order': 4, 'rows': 15}
2025-11-12 11:45:22,512 INFO [cli] {'ticker': 'IWM', 'mode': 'binary', 'thr': 35, 'window': '2Y', 'order': 1, 'rows': 2}
2025-11-12 11:45:22,525 INFO [cli] {'ticker': 'IWM', 'mode': 'binary', 'thr': 35, 'window': '2Y', 'order': 2, 'rows': 4}
2025-11-12 11:45:22,537 INFO [cli] {'ticker': 'IWM', 'mode': 'binary', 'thr': 35, 'window': '2Y', 'order': 3, 'rows': 8}
2025-11-12 11:45:22,547 INFO [cli] {'ticker': 'IWM', 'mode': 'binary', 'thr': 35, 'window': '2Y', 'order': 4, 'rows': 16}
2025-11-12 11:45:22,558 INFO [cli] {'ticker': 'IWM', 'mode': 'binary', 'thr': 35, 'window': '5Y', 'order': 1, 'rows': 2}
2025-11-12 11:45:22,569 INFO [cli] {'ticker': 'IWM', 'mode': 'binary', 'thr': 35, 'window': '5Y', 'order': 2, 'rows': 4}
2025-11-12 11:45:22,582 INFO [cli] {'ticker': 'IWM', 'mode': 'binary', 'thr': 35, 'window': '5Y', 'order': 3, 'rows': 8}
2025-11-12 11:45:22,593 INFO [cli] {'ticker': 'IWM', 'mode': 'binary', 'thr': 35, 'window': '5Y', 'order': 4, 'rows': 16}
2025-11-12 11:45:22,604 INFO [cli] {'ticker': 'IWM', 'mode': 'binary', 'thr': 35, 'window': '10Y', 'order': 1, 'rows': 2}
2025-11-12 11:45:22,615 INFO [cli] {'ticker': 'IWM', 'mode': 'binary', 'thr': 35, 'window': '10Y', 'order': 2, 'rows': 4}
2025-11-12 11:45:22,626 INFO [cli] {'ticker': 'IWM', 'mode': 'binary', 'thr': 35, 'window': '10Y', 'order': 3, 'rows': 8}
2025-11-12 11:45:22,635 INFO [cli] {'ticker': 'IWM', 'mode': 'binary', 'thr': 35, 'window': '10Y', 'order': 4, 'rows': 16}
2025-11-12 11:45:22,648 INFO [cli] {'ticker': 'IWM', 'mode': 'binary', 'thr': 35, 'window': '20Y', 'order': 1, 'rows': 2}
2025-11-12 11:45:22,659 INFO [cli] {'ticker': 'IWM', 'mode': 'binary', 'thr': 35, 'window': '20Y', 'order': 2, 'rows': 4}
2025-11-12 11:45:22,670 INFO [cli] {'ticker': 'IWM', 'mode': 'binary', 'thr': 35, 'window': '20Y', 'order': 3, 'rows': 8}
2025-11-12 11:45:22,682 INFO [cli] {'ticker': 'IWM', 'mode': 'binary', 'thr': 35, 'window': '20Y', 'order': 4, 'rows': 16}
2025-11-12 11:45:22,692 INFO [cli] {'ticker': 'IWM', 'mode': 'binary', 'thr': 35, 'window': 'MAX', 'order': 1, 'rows': 2}
2025-11-12 11:45:22,703 INFO [cli] {'ticker': 'IWM', 'mode': 'binary', 'thr': 35, 'window': 'MAX', 'order': 2, 'rows': 4}
2025-11-12 11:45:22,716 INFO [cli] {'ticker': 'IWM', 'mode': 'binary', 'thr': 35, 'window': 'MAX', 'order': 3, 'rows': 8}
2025-11-12 11:45:22,727 INFO [cli] {'ticker': 'IWM', 'mode': 'binary', 'thr': 35, 'window': 'MAX', 'order': 4, 'rows': 16}
2025-11-12 11:45:22,744 INFO [cli] {'ticker': 'IWM', 'mode': 'binary', 'thr': 40, 'window': '1Y', 'order': 1, 'rows': 2}
2025-11-12 11:45:22,755 INFO [cli] {'ticker': 'IWM', 'mode': 'binary', 'thr': 40, 'window': '1Y', 'order': 2, 'rows': 4}
2025-11-12 11:45:22,767 INFO [cli] {'ticker': 'IWM', 'mode': 'binary', 'thr': 40, 'window': '1Y', 'order': 3, 'rows': 8}
2025-11-12 11:45:22,778 INFO [cli] {'ticker': 'IWM', 'mode': 'binary', 'thr': 40, 'window': '1Y', 'order': 4, 'rows': 15}
2025-11-12 11:45:22,799 INFO [cli] {'ticker': 'IWM', 'mode': 'binary', 'thr': 40, 'window': '2Y', 'order': 1, 'rows': 2}
2025-11-12 11:45:22,810 INFO [cli] {'ticker': 'IWM', 'mode': 'binary', 'thr': 40, 'window': '2Y', 'order': 2, 'rows': 4}
2025-11-12 11:45:22,821 INFO [cli] {'ticker': 'IWM', 'mode': 'binary', 'thr': 40, 'window': '2Y', 'order': 3, 'rows': 8}
2025-11-12 11:45:22,832 INFO [cli] {'ticker': 'IWM', 'mode': 'binary', 'thr': 40, 'window': '2Y', 'order': 4, 'rows': 16}
2025-11-12 11:45:22,842 INFO [cli] {'ticker': 'IWM', 'mode': 'binary', 'thr': 40, 'window': '5Y', 'order': 1, 'rows': 2}
2025-11-12 11:45:22,854 INFO [cli] {'ticker': 'IWM', 'mode': 'binary', 'thr': 40, 'window': '5Y', 'order': 2, 'rows': 4}
2025-11-12 11:45:22,865 INFO [cli] {'ticker': 'IWM', 'mode': 'binary', 'thr': 40, 'window': '5Y', 'order': 3, 'rows': 8}
2025-11-12 11:45:22,874 INFO [cli] {'ticker': 'IWM', 'mode': 'binary', 'thr': 40, 'window': '5Y', 'order': 4, 'rows': 16}
2025-11-12 11:45:22,885 INFO [cli] {'ticker': 'IWM', 'mode': 'binary', 'thr': 40, 'window': '10Y', 'order': 1, 'rows': 2}
2025-11-12 11:45:22,895 INFO [cli] {'ticker': 'IWM', 'mode': 'binary', 'thr': 40, 'window': '10Y', 'order': 2, 'rows': 4}
2025-11-12 11:45:22,905 INFO [cli] {'ticker': 'IWM', 'mode': 'binary', 'thr': 40, 'window': '10Y', 'order': 3, 'rows': 8}
2025-11-12 11:45:22,916 INFO [cli] {'ticker': 'IWM', 'mode': 'binary', 'thr': 40, 'window': '10Y', 'order': 4, 'rows': 16}
2025-11-12 11:45:22,929 INFO [cli] {'ticker': 'IWM', 'mode': 'binary', 'thr': 40, 'window': '20Y', 'order': 1, 'rows': 2}
2025-11-12 11:45:22,941 INFO [cli] {'ticker': 'IWM', 'mode': 'binary', 'thr': 40, 'window': '20Y', 'order': 2, 'rows': 4}
2025-11-12 11:45:22,951 INFO [cli] {'ticker': 'IWM', 'mode': 'binary', 'thr': 40, 'window': '20Y', 'order': 3, 'rows': 8}
2025-11-12 11:45:22,962 INFO [cli] {'ticker': 'IWM', 'mode': 'binary', 'thr': 40, 'window': '20Y', 'order': 4, 'rows': 16}
2025-11-12 11:45:22,971 INFO [cli] {'ticker': 'IWM', 'mode': 'binary', 'thr': 40, 'window': 'MAX', 'order': 1, 'rows': 2}
2025-11-12 11:45:22,982 INFO [cli] {'ticker': 'IWM', 'mode': 'binary', 'thr': 40, 'window': 'MAX', 'order': 2, 'rows': 4}
2025-11-12 11:45:22,995 INFO [cli] {'ticker': 'IWM', 'mode': 'binary', 'thr': 40, 'window': 'MAX', 'order': 3, 'rows': 8}
2025-11-12 11:45:23,006 INFO [cli] {'ticker': 'IWM', 'mode': 'binary', 'thr': 40, 'window': 'MAX', 'order': 4, 'rows': 16}
2025-11-12 11:45:23,023 INFO [cli] {'ticker': 'IWM', 'mode': 'binary', 'thr': 45, 'window': '1Y', 'order': 1, 'rows': 2}
2025-11-12 11:45:23,033 INFO [cli] {'ticker': 'IWM', 'mode': 'binary', 'thr': 45, 'window': '1Y', 'order': 2, 'rows': 4}
2025-11-12 11:45:23,043 INFO [cli] {'ticker': 'IWM', 'mode': 'binary', 'thr': 45, 'window': '1Y', 'order': 3, 'rows': 8}
2025-11-12 11:45:23,054 INFO [cli] {'ticker': 'IWM', 'mode': 'binary', 'thr': 45, 'window': '1Y', 'order': 4, 'rows': 15}
2025-11-12 11:45:23,065 INFO [cli] {'ticker': 'IWM', 'mode': 'binary', 'thr': 45, 'window': '2Y', 'order': 1, 'rows': 2}
2025-11-12 11:45:23,077 INFO [cli] {'ticker': 'IWM', 'mode': 'binary', 'thr': 45, 'window': '2Y', 'order': 2, 'rows': 4}
2025-11-12 11:45:23,088 INFO [cli] {'ticker': 'IWM', 'mode': 'binary', 'thr': 45, 'window': '2Y', 'order': 3, 'rows': 8}
2025-11-12 11:45:23,098 INFO [cli] {'ticker': 'IWM', 'mode': 'binary', 'thr': 45, 'window': '2Y', 'order': 4, 'rows': 16}
2025-11-12 11:45:23,106 INFO [cli] {'ticker': 'IWM', 'mode': 'binary', 'thr': 45, 'window': '5Y', 'order': 1, 'rows': 2}
2025-11-12 11:45:23,117 INFO [cli] {'ticker': 'IWM', 'mode': 'binary', 'thr': 45, 'window': '5Y', 'order': 2, 'rows': 4}
2025-11-12 11:45:23,130 INFO [cli] {'ticker': 'IWM', 'mode': 'binary', 'thr': 45, 'window': '5Y', 'order': 3, 'rows': 8}
2025-11-12 11:45:23,141 INFO [cli] {'ticker': 'IWM', 'mode': 'binary', 'thr': 45, 'window': '5Y', 'order': 4, 'rows': 16}
2025-11-12 11:45:23,149 INFO [cli] {'ticker': 'IWM', 'mode': 'binary', 'thr': 45, 'window': '10Y', 'order': 1, 'rows': 2}
2025-11-12 11:45:23,160 INFO [cli] {'ticker': 'IWM', 'mode': 'binary', 'thr': 45, 'window': '10Y', 'order': 2, 'rows': 4}
2025-11-12 11:45:23,171 INFO [cli] {'ticker': 'IWM', 'mode': 'binary', 'thr': 45, 'window': '10Y', 'order': 3, 'rows': 8}
2025-11-12 11:45:23,183 INFO [cli] {'ticker': 'IWM', 'mode': 'binary', 'thr': 45, 'window': '10Y', 'order': 4, 'rows': 16}
2025-11-12 11:45:23,194 INFO [cli] {'ticker': 'IWM', 'mode': 'binary', 'thr': 45, 'window': '20Y', 'order': 1, 'rows': 2}
2025-11-12 11:45:23,205 INFO [cli] {'ticker': 'IWM', 'mode': 'binary', 'thr': 45, 'window': '20Y', 'order': 2, 'rows': 4}
2025-11-12 11:45:23,217 INFO [cli] {'ticker': 'IWM', 'mode': 'binary', 'thr': 45, 'window': '20Y', 'order': 3, 'rows': 8}
2025-11-12 11:45:23,228 INFO [cli] {'ticker': 'IWM', 'mode': 'binary', 'thr': 45, 'window': '20Y', 'order': 4, 'rows': 16}
2025-11-12 11:45:23,239 INFO [cli] {'ticker': 'IWM', 'mode': 'binary', 'thr': 45, 'window': 'MAX', 'order': 1, 'rows': 2}

{'ticker': 'IWM', 'mode': 'binary', 'thr': 10, 'window': '1Y', 'order': 1, 'rows': 2}
{'ticker': 'IWM', 'mode': 'binary', 'thr': 10, 'window': '1Y', 'order': 2, 'rows': 4}
{'ticker': 'IWM', 'mode': 'binary', 'thr': 10, 'window': '1Y', 'order': 3, 'rows': 8}
{'ticker': 'IWM', 'mode': 'binary', 'thr': 10, 'window': '1Y', 'order': 4, 'rows': 16}
{'ticker': 'IWM', 'mode': 'binary', 'thr': 10, 'window': '2Y', 'order': 1, 'rows': 2}
{'ticker': 'IWM', 'mode': 'binary', 'thr': 10, 'window': '2Y', 'order': 2, 'rows': 4}
{'ticker': 'IWM', 'mode': 'binary', 'thr': 10, 'window': '2Y', 'order': 3, 'rows': 8}
{'ticker': 'IWM', 'mode': 'binary', 'thr': 10, 'window': '2Y', 'order': 4, 'rows': 16}
{'ticker': 'IWM', 'mode': 'binary', 'thr': 10, 'window': '5Y', 'order': 1, 'rows': 2}
{'ticker': 'IWM', 'mode': 'binary', 'thr': 10, 'window': '5Y', 'order': 2, 'rows': 4}
{'ticker': 'IWM', 'mode': 'binary', 'thr': 10, 'window': '5Y', 'order': 3, 'rows': 8}
{'ticker': 'IWM', 'mode': 'binary', 'thr': 10, 'window': '5Y', 'order': 4, 'rows': 16}
{'ticker': 'IWM', 'mode': 'binary', 'thr': 10, 'window': '10Y', 'order': 1, 'rows': 2}
{'ticker': 'IWM', 'mode': 'binary', 'thr': 10, 'window': '10Y', 'order': 2, 'rows': 4}
{'ticker': 'IWM', 'mode': 'binary', 'thr': 10, 'window': '10Y', 'order': 3, 'rows': 8}
{'ticker': 'IWM', 'mode': 'binary', 'thr': 10, 'window': '10Y', 'order': 4, 'rows': 16}
{'ticker': 'IWM', 'mode': 'binary', 'thr': 10, 'window': '20Y', 'order': 1, 'rows': 2}
{'ticker': 'IWM', 'mode': 'binary', 'thr': 10, 'window': '20Y', 'order': 2, 'rows': 4}
{'ticker': 'IWM', 'mode': 'binary', 'thr': 10, 'window': '20Y', 'order': 3, 'rows': 8}
{'ticker': 'IWM', 'mode': 'binary', 'thr': 10, 'window': '20Y', 'order': 4, 'rows': 16}
{'ticker': 'IWM', 'mode': 'binary', 'thr': 10, 'window': 'MAX', 'order': 1, 'rows': 2}
{'ticker': 'IWM', 'mode': 'binary', 'thr': 10, 'window': 'MAX', 'order': 2, 'rows': 4}
{'ticker': 'IWM', 'mode': 'binary', 'thr': 10, 'window': 'MAX', 'order': 3, 'rows': 8}
{'ticker': 'IWM', 'mode': 'binary', 'thr': 10, 'window': 'MAX', 'order': 4, 'rows': 16}
{'ticker': 'IWM', 'mode': 'binary', 'thr': 15, 'window': '1Y', 'order': 1, 'rows': 2}
{'ticker': 'IWM', 'mode': 'binary', 'thr': 15, 'window': '1Y', 'order': 2, 'rows': 4}
{'ticker': 'IWM', 'mode': 'binary', 'thr': 15, 'window': '1Y', 'order': 3, 'rows': 8}
{'ticker': 'IWM', 'mode': 'binary', 'thr': 15, 'window': '1Y', 'order': 4, 'rows': 16}
{'ticker': 'IWM', 'mode': 'binary', 'thr': 15, 'window': '2Y', 'order': 1, 'rows': 2}
{'ticker': 'IWM', 'mode': 'binary', 'thr': 15, 'window': '2Y', 'order': 2, 'rows': 4}
{'ticker': 'IWM', 'mode': 'binary', 'thr': 15, 'window': '2Y', 'order': 3, 'rows': 8}
{'ticker': 'IWM', 'mode': 'binary', 'thr': 15, 'window': '2Y', 'order': 4, 'rows': 16}
{'ticker': 'IWM', 'mode': 'binary', 'thr': 15, 'window': '5Y', 'order': 1, 'rows': 2}
{'ticker': 'IWM', 'mode': 'binary', 'thr': 15, 'window': '5Y', 'order': 2, 'rows': 4}
{'ticker': 'IWM', 'mode': 'binary', 'thr': 15, 'window': '5Y', 'order': 3, 'rows': 8}
{'ticker': 'IWM', 'mode': 'binary', 'thr': 15, 'window': '5Y', 'order': 4, 'rows': 16}
{'ticker': 'IWM', 'mode': 'binary', 'thr': 15, 'window': '10Y', 'order': 1, 'rows': 2}
{'ticker': 'IWM', 'mode': 'binary', 'thr': 15, 'window': '10Y', 'order': 2, 'rows': 4}
{'ticker': 'IWM', 'mode': 'binary', 'thr': 15, 'window': '10Y', 'order': 3, 'rows': 8}
{'ticker': 'IWM', 'mode': 'binary', 'thr': 15, 'window': '10Y', 'order': 4, 'rows': 16}
{'ticker': 'IWM', 'mode': 'binary', 'thr': 15, 'window': '20Y', 'order': 1, 'rows': 2}
{'ticker': 'IWM', 'mode': 'binary', 'thr': 15, 'window': '20Y', 'order': 2, 'rows': 4}
{'ticker': 'IWM', 'mode': 'binary', 'thr': 15, 'window': '20Y', 'order': 3, 'rows': 8}
{'ticker': 'IWM', 'mode': 'binary', 'thr': 15, 'window': '20Y', 'order': 4, 'rows': 16}
{'ticker': 'IWM', 'mode': 'binary', 'thr': 15, 'window': 'MAX', 'order': 1, 'rows': 2}
{'ticker': 'IWM', 'mode': 'binary', 'thr': 15, 'window': 'MAX', 'order': 2, 'rows': 4}
{'ticker': 'IWM', 'mode': 'binary', 'thr': 15, 'window': 'MAX', 'order': 3, 'rows': 8}
{'ticker': 'IWM', 'mode': 'binary', 'thr': 15, 'window': 'MAX', 'order': 4, 'rows': 16}
{'ticker': 'IWM', 'mode': 'binary', 'thr': 20, 'window': '1Y', 'order': 1, 'rows': 2}
{'ticker': 'IWM', 'mode': 'binary', 'thr': 20, 'window': '1Y', 'order': 2, 'rows': 4}
{'ticker': 'IWM', 'mode': 'binary', 'thr': 20, 'window': '1Y', 'order': 3, 'rows': 8}
{'ticker': 'IWM', 'mode': 'binary', 'thr': 20, 'window': '1Y', 'order': 4, 'rows': 16}
{'ticker': 'IWM', 'mode': 'binary', 'thr': 20, 'window': '2Y', 'order': 1, 'rows': 2}
{'ticker': 'IWM', 'mode': 'binary', 'thr': 20, 'window': '2Y', 'order': 2, 'rows': 4}
{'ticker': 'IWM', 'mode': 'binary', 'thr': 20, 'window': '2Y', 'order': 3, 'rows': 8}
{'ticker': 'IWM', 'mode': 'binary', 'thr': 20, 'window': '2Y', 'order': 4, 'rows': 16}
{'ticker': 'IWM', 'mode': 'binary', 'thr': 20, 'window': '5Y', 'order': 1, 'rows': 2}
{'ticker': 'IWM', 'mode': 'binary', 'thr': 20, 'window': '5Y', 'order': 2, 'rows': 4}
{'ticker': 'IWM', 'mode': 'binary', 'thr': 20, 'window': '5Y', 'order': 3, 'rows': 8}
{'ticker': 'IWM', 'mode': 'binary', 'thr': 20, 'window': '5Y', 'order': 4, 'rows': 16}
{'ticker': 'IWM', 'mode': 'binary', 'thr': 20, 'window': '10Y', 'order': 1, 'rows': 2}
{'ticker': 'IWM', 'mode': 'binary', 'thr': 20, 'window': '10Y', 'order': 2, 'rows': 4}
{'ticker': 'IWM', 'mode': 'binary', 'thr': 20, 'window': '10Y', 'order': 3, 'rows': 8}
{'ticker': 'IWM', 'mode': 'binary', 'thr': 20, 'window': '10Y', 'order': 4, 'rows': 16}
{'ticker': 'IWM', 'mode': 'binary', 'thr': 20, 'window': '20Y', 'order': 1, 'rows': 2}
{'ticker': 'IWM', 'mode': 'binary', 'thr': 20, 'window': '20Y', 'order': 2, 'rows': 4}
{'ticker': 'IWM', 'mode': 'binary', 'thr': 20, 'window': '20Y', 'order': 3, 'rows': 8}
{'ticker': 'IWM', 'mode': 'binary', 'thr': 20, 'window': '20Y', 'order': 4, 'rows': 16}
{'ticker': 'IWM', 'mode': 'binary', 'thr': 20, 'window': 'MAX', 'order': 1, 'rows': 2}
{'ticker': 'IWM', 'mode': 'binary', 'thr': 20, 'window': 'MAX', 'order': 2, 'rows': 4}
{'ticker': 'IWM', 'mode': 'binary', 'thr': 20, 'window': 'MAX', 'order': 3, 'rows': 8}
{'ticker': 'IWM', 'mode': 'binary', 'thr': 20, 'window': 'MAX', 'order': 4, 'rows': 16}
{'ticker': 'IWM', 'mode': 'binary', 'thr': 25, 'window': '1Y', 'order': 1, 'rows': 2}
{'ticker': 'IWM', 'mode': 'binary', 'thr': 25, 'window': '1Y', 'order': 2, 'rows': 4}
{'ticker': 'IWM', 'mode': 'binary', 'thr': 25, 'window': '1Y', 'order': 3, 'rows': 8}
{'ticker': 'IWM', 'mode': 'binary', 'thr': 25, 'window': '1Y', 'order': 4, 'rows': 15}
{'ticker': 'IWM', 'mode': 'binary', 'thr': 25, 'window': '2Y', 'order': 1, 'rows': 2}
{'ticker': 'IWM', 'mode': 'binary', 'thr': 25, 'window': '2Y', 'order': 2, 'rows': 4}
{'ticker': 'IWM', 'mode': 'binary', 'thr': 25, 'window': '2Y', 'order': 3, 'rows': 8}
{'ticker': 'IWM', 'mode': 'binary', 'thr': 25, 'window': '2Y', 'order': 4, 'rows': 16}
{'ticker': 'IWM', 'mode': 'binary', 'thr': 25, 'window': '5Y', 'order': 1, 'rows': 2}
{'ticker': 'IWM', 'mode': 'binary', 'thr': 25, 'window': '5Y', 'order': 2, 'rows': 4}
{'ticker': 'IWM', 'mode': 'binary', 'thr': 25, 'window': '5Y', 'order': 3, 'rows': 8}
{'ticker': 'IWM', 'mode': 'binary', 'thr': 25, 'window': '5Y', 'order': 4, 'rows': 16}
{'ticker': 'IWM', 'mode': 'binary', 'thr': 25, 'window': '10Y', 'order': 1, 'rows': 2}
{'ticker': 'IWM', 'mode': 'binary', 'thr': 25, 'window': '10Y', 'order': 2, 'rows': 4}
{'ticker': 'IWM', 'mode': 'binary', 'thr': 25, 'window': '10Y', 'order': 3, 'rows': 8}
{'ticker': 'IWM', 'mode': 'binary', 'thr': 25, 'window': '10Y', 'order': 4, 'rows': 16}
{'ticker': 'IWM', 'mode': 'binary', 'thr': 25, 'window': '20Y', 'order': 1, 'rows': 2}
{'ticker': 'IWM', 'mode': 'binary', 'thr': 25, 'window': '20Y', 'order': 2, 'rows': 4}
{'ticker': 'IWM', 'mode': 'binary', 'thr': 25, 'window': '20Y', 'order': 3, 'rows': 8}
{'ticker': 'IWM', 'mode': 'binary', 'thr': 25, 'window': '20Y', 'order': 4, 'rows': 16}
{'ticker': 'IWM', 'mode': 'binary', 'thr': 25, 'window': 'MAX', 'order': 1, 'rows': 2}
{'ticker': 'IWM', 'mode': 'binary', 'thr': 25, 'window': 'MAX', 'order': 2, 'rows': 4}
{'ticker': 'IWM', 'mode': 'binary', 'thr': 25, 'window': 'MAX', 'order': 3, 'rows': 8}2025-11-12 11:45:23,249 INFO [cli] {'ticker': 'IWM', 'mode': 'binary', 'thr': 45, 'window': 'MAX', 'order': 2, 'rows': 4}
2025-11-12 11:45:23,258 INFO [cli] {'ticker': 'IWM', 'mode': 'binary', 'thr': 45, 'window': 'MAX', 'order': 3, 'rows': 8}
2025-11-12 11:45:23,268 INFO [cli] {'ticker': 'IWM', 'mode': 'binary', 'thr': 45, 'window': 'MAX', 'order': 4, 'rows': 16}
2025-11-12 11:45:23,285 INFO [cli] {'ticker': 'IWM', 'mode': 'binary', 'thr': 50, 'window': '1Y', 'order': 1, 'rows': 2}
2025-11-12 11:45:23,299 INFO [cli] {'ticker': 'IWM', 'mode': 'binary', 'thr': 50, 'window': '1Y', 'order': 2, 'rows': 4}
2025-11-12 11:45:23,309 INFO [cli] {'ticker': 'IWM', 'mode': 'binary', 'thr': 50, 'window': '1Y', 'order': 3, 'rows': 8}
2025-11-12 11:45:23,320 INFO [cli] {'ticker': 'IWM', 'mode': 'binary', 'thr': 50, 'window': '1Y', 'order': 4, 'rows': 15}
2025-11-12 11:45:23,331 INFO [cli] {'ticker': 'IWM', 'mode': 'binary', 'thr': 50, 'window': '2Y', 'order': 1, 'rows': 2}
2025-11-12 11:45:23,345 INFO [cli] {'ticker': 'IWM', 'mode': 'binary', 'thr': 50, 'window': '2Y', 'order': 2, 'rows': 4}
2025-11-12 11:45:23,356 INFO [cli] {'ticker': 'IWM', 'mode': 'binary', 'thr': 50, 'window': '2Y', 'order': 3, 'rows': 8}
2025-11-12 11:45:23,367 INFO [cli] {'ticker': 'IWM', 'mode': 'binary', 'thr': 50, 'window': '2Y', 'order': 4, 'rows': 16}
2025-11-12 11:45:23,378 INFO [cli] {'ticker': 'IWM', 'mode': 'binary', 'thr': 50, 'window': '5Y', 'order': 1, 'rows': 2}
2025-11-12 11:45:23,390 INFO [cli] {'ticker': 'IWM', 'mode': 'binary', 'thr': 50, 'window': '5Y', 'order': 2, 'rows': 4}
2025-11-12 11:45:23,402 INFO [cli] {'ticker': 'IWM', 'mode': 'binary', 'thr': 50, 'window': '5Y', 'order': 3, 'rows': 8}
2025-11-12 11:45:23,412 INFO [cli] {'ticker': 'IWM', 'mode': 'binary', 'thr': 50, 'window': '5Y', 'order': 4, 'rows': 16}
2025-11-12 11:45:23,423 INFO [cli] {'ticker': 'IWM', 'mode': 'binary', 'thr': 50, 'window': '10Y', 'order': 1, 'rows': 2}
2025-11-12 11:45:23,434 INFO [cli] {'ticker': 'IWM', 'mode': 'binary', 'thr': 50, 'window': '10Y', 'order': 2, 'rows': 4}
2025-11-12 11:45:23,444 INFO [cli] {'ticker': 'IWM', 'mode': 'binary', 'thr': 50, 'window': '10Y', 'order': 3, 'rows': 8}
2025-11-12 11:45:23,455 INFO [cli] {'ticker': 'IWM', 'mode': 'binary', 'thr': 50, 'window': '10Y', 'order': 4, 'rows': 16}
2025-11-12 11:45:23,466 INFO [cli] {'ticker': 'IWM', 'mode': 'binary', 'thr': 50, 'window': '20Y', 'order': 1, 'rows': 2}
2025-11-12 11:45:23,479 INFO [cli] {'ticker': 'IWM', 'mode': 'binary', 'thr': 50, 'window': '20Y', 'order': 2, 'rows': 4}
2025-11-12 11:45:23,491 INFO [cli] {'ticker': 'IWM', 'mode': 'binary', 'thr': 50, 'window': '20Y', 'order': 3, 'rows': 8}
2025-11-12 11:45:23,503 INFO [cli] {'ticker': 'IWM', 'mode': 'binary', 'thr': 50, 'window': '20Y', 'order': 4, 'rows': 16}
2025-11-12 11:45:23,513 INFO [cli] {'ticker': 'IWM', 'mode': 'binary', 'thr': 50, 'window': 'MAX', 'order': 1, 'rows': 2}
2025-11-12 11:45:23,524 INFO [cli] {'ticker': 'IWM', 'mode': 'binary', 'thr': 50, 'window': 'MAX', 'order': 2, 'rows': 4}
2025-11-12 11:45:23,535 INFO [cli] {'ticker': 'IWM', 'mode': 'binary', 'thr': 50, 'window': 'MAX', 'order': 3, 'rows': 8}
2025-11-12 11:45:23,546 INFO [cli] {'ticker': 'IWM', 'mode': 'binary', 'thr': 50, 'window': 'MAX', 'order': 4, 'rows': 16}
2025-11-12 11:45:23,562 INFO [cli] {'ticker': 'IWM', 'mode': 'binary', 'thr': 55, 'window': '1Y', 'order': 1, 'rows': 2}
2025-11-12 11:45:23,574 INFO [cli] {'ticker': 'IWM', 'mode': 'binary', 'thr': 55, 'window': '1Y', 'order': 2, 'rows': 4}
2025-11-12 11:45:23,585 INFO [cli] {'ticker': 'IWM', 'mode': 'binary', 'thr': 55, 'window': '1Y', 'order': 3, 'rows': 8}
2025-11-12 11:45:23,596 INFO [cli] {'ticker': 'IWM', 'mode': 'binary', 'thr': 55, 'window': '1Y', 'order': 4, 'rows': 15}
2025-11-12 11:45:23,609 INFO [cli] {'ticker': 'IWM', 'mode': 'binary', 'thr': 55, 'window': '2Y', 'order': 1, 'rows': 2}
2025-11-12 11:45:23,622 INFO [cli] {'ticker': 'IWM', 'mode': 'binary', 'thr': 55, 'window': '2Y', 'order': 2, 'rows': 4}
2025-11-12 11:45:23,633 INFO [cli] {'ticker': 'IWM', 'mode': 'binary', 'thr': 55, 'window': '2Y', 'order': 3, 'rows': 8}
2025-11-12 11:45:23,643 INFO [cli] {'ticker': 'IWM', 'mode': 'binary', 'thr': 55, 'window': '2Y', 'order': 4, 'rows': 16}
2025-11-12 11:45:23,655 INFO [cli] {'ticker': 'IWM', 'mode': 'binary', 'thr': 55, 'window': '5Y', 'order': 1, 'rows': 2}
2025-11-12 11:45:23,664 INFO [cli] {'ticker': 'IWM', 'mode': 'binary', 'thr': 55, 'window': '5Y', 'order': 2, 'rows': 4}
2025-11-12 11:45:23,673 INFO [cli] {'ticker': 'IWM', 'mode': 'binary', 'thr': 55, 'window': '5Y', 'order': 3, 'rows': 8}
2025-11-12 11:45:23,687 INFO [cli] {'ticker': 'IWM', 'mode': 'binary', 'thr': 55, 'window': '5Y', 'order': 4, 'rows': 16}
2025-11-12 11:45:23,698 INFO [cli] {'ticker': 'IWM', 'mode': 'binary', 'thr': 55, 'window': '10Y', 'order': 1, 'rows': 2}
2025-11-12 11:45:23,723 INFO [cli] {'ticker': 'IWM', 'mode': 'binary', 'thr': 55, 'window': '10Y', 'order': 2, 'rows': 4}
2025-11-12 11:45:23,733 INFO [cli] {'ticker': 'IWM', 'mode': 'binary', 'thr': 55, 'window': '10Y', 'order': 3, 'rows': 8}
2025-11-12 11:45:23,745 INFO [cli] {'ticker': 'IWM', 'mode': 'binary', 'thr': 55, 'window': '10Y', 'order': 4, 'rows': 16}
2025-11-12 11:45:23,755 INFO [cli] {'ticker': 'IWM', 'mode': 'binary', 'thr': 55, 'window': '20Y', 'order': 1, 'rows': 2}
2025-11-12 11:45:23,766 INFO [cli] {'ticker': 'IWM', 'mode': 'binary', 'thr': 55, 'window': '20Y', 'order': 2, 'rows': 4}
2025-11-12 11:45:23,778 INFO [cli] {'ticker': 'IWM', 'mode': 'binary', 'thr': 55, 'window': '20Y', 'order': 3, 'rows': 8}
2025-11-12 11:45:23,789 INFO [cli] {'ticker': 'IWM', 'mode': 'binary', 'thr': 55, 'window': '20Y', 'order': 4, 'rows': 16}
2025-11-12 11:45:23,798 INFO [cli] {'ticker': 'IWM', 'mode': 'binary', 'thr': 55, 'window': 'MAX', 'order': 1, 'rows': 2}
2025-11-12 11:45:23,809 INFO [cli] {'ticker': 'IWM', 'mode': 'binary', 'thr': 55, 'window': 'MAX', 'order': 2, 'rows': 4}
2025-11-12 11:45:23,818 INFO [cli] {'ticker': 'IWM', 'mode': 'binary', 'thr': 55, 'window': 'MAX', 'order': 3, 'rows': 8}
2025-11-12 11:45:23,829 INFO [cli] {'ticker': 'IWM', 'mode': 'binary', 'thr': 55, 'window': 'MAX', 'order': 4, 'rows': 16}
2025-11-12 11:45:23,847 INFO [cli] {'ticker': 'IWM', 'mode': 'binary', 'thr': 60, 'window': '1Y', 'order': 1, 'rows': 2}
2025-11-12 11:45:23,857 INFO [cli] {'ticker': 'IWM', 'mode': 'binary', 'thr': 60, 'window': '1Y', 'order': 2, 'rows': 4}
2025-11-12 11:45:23,868 INFO [cli] {'ticker': 'IWM', 'mode': 'binary', 'thr': 60, 'window': '1Y', 'order': 3, 'rows': 8}
2025-11-12 11:45:23,877 INFO [cli] {'ticker': 'IWM', 'mode': 'binary', 'thr': 60, 'window': '1Y', 'order': 4, 'rows': 15}
2025-11-12 11:45:23,889 INFO [cli] {'ticker': 'IWM', 'mode': 'binary', 'thr': 60, 'window': '2Y', 'order': 1, 'rows': 2}
2025-11-12 11:45:23,900 INFO [cli] {'ticker': 'IWM', 'mode': 'binary', 'thr': 60, 'window': '2Y', 'order': 2, 'rows': 4}
2025-11-12 11:45:23,913 INFO [cli] {'ticker': 'IWM', 'mode': 'binary', 'thr': 60, 'window': '2Y', 'order': 3, 'rows': 8}
2025-11-12 11:45:23,924 INFO [cli] {'ticker': 'IWM', 'mode': 'binary', 'thr': 60, 'window': '2Y', 'order': 4, 'rows': 16}
2025-11-12 11:45:23,934 INFO [cli] {'ticker': 'IWM', 'mode': 'binary', 'thr': 60, 'window': '5Y', 'order': 1, 'rows': 2}
2025-11-12 11:45:23,944 INFO [cli] {'ticker': 'IWM', 'mode': 'binary', 'thr': 60, 'window': '5Y', 'order': 2, 'rows': 4}
2025-11-12 11:45:23,954 INFO [cli] {'ticker': 'IWM', 'mode': 'binary', 'thr': 60, 'window': '5Y', 'order': 3, 'rows': 8}
2025-11-12 11:45:23,963 INFO [cli] {'ticker': 'IWM', 'mode': 'binary', 'thr': 60, 'window': '5Y', 'order': 4, 'rows': 16}
2025-11-12 11:45:23,975 INFO [cli] {'ticker': 'IWM', 'mode': 'binary', 'thr': 60, 'window': '10Y', 'order': 1, 'rows': 2}
2025-11-12 11:45:23,984 INFO [cli] {'ticker': 'IWM', 'mode': 'binary', 'thr': 60, 'window': '10Y', 'order': 2, 'rows': 4}
2025-11-12 11:45:23,995 INFO [cli] {'ticker': 'IWM', 'mode': 'binary', 'thr': 60, 'window': '10Y', 'order': 3, 'rows': 8}
2025-11-12 11:45:24,006 INFO [cli] {'ticker': 'IWM', 'mode': 'binary', 'thr': 60, 'window': '10Y', 'order': 4, 'rows': 16}
2025-11-12 11:45:24,015 INFO [cli] {'ticker': 'IWM', 'mode': 'binary', 'thr': 60, 'window': '20Y', 'order': 1, 'rows': 2}
2025-11-12 11:45:24,025 INFO [cli] {'ticker': 'IWM', 'mode': 'binary', 'thr': 60, 'window': '20Y', 'order': 2, 'rows': 4}
2025-11-12 11:45:24,034 INFO [cli] {'ticker': 'IWM', 'mode': 'binary', 'thr': 60, 'window': '20Y', 'order': 3, 'rows': 8}
2025-11-12 11:45:24,044 INFO [cli] {'ticker': 'IWM', 'mode': 'binary', 'thr': 60, 'window': '20Y', 'order': 4, 'rows': 16}
2025-11-12 11:45:24,055 INFO [cli] {'ticker': 'IWM', 'mode': 'binary', 'thr': 60, 'window': 'MAX', 'order': 1, 'rows': 2}
2025-11-12 11:45:24,063 INFO [cli] {'ticker': 'IWM', 'mode': 'binary', 'thr': 60, 'window': 'MAX', 'order': 2, 'rows': 4}
2025-11-12 11:45:24,074 INFO [cli] {'ticker': 'IWM', 'mode': 'binary', 'thr': 60, 'window': 'MAX', 'order': 3, 'rows': 8}
2025-11-12 11:45:24,092 INFO [cli] {'ticker': 'IWM', 'mode': 'binary', 'thr': 60, 'window': 'MAX', 'order': 4, 'rows': 16}
2025-11-12 11:45:24,109 INFO [cli] {'ticker': 'IWM', 'mode': 'binary', 'thr': 65, 'window': '1Y', 'order': 1, 'rows': 2}
2025-11-12 11:45:24,120 INFO [cli] {'ticker': 'IWM', 'mode': 'binary', 'thr': 65, 'window': '1Y', 'order': 2, 'rows': 4}
2025-11-12 11:45:24,132 INFO [cli] {'ticker': 'IWM', 'mode': 'binary', 'thr': 65, 'window': '1Y', 'order': 3, 'rows': 8}
2025-11-12 11:45:24,144 INFO [cli] {'ticker': 'IWM', 'mode': 'binary', 'thr': 65, 'window': '1Y', 'order': 4, 'rows': 15}
2025-11-12 11:45:24,156 INFO [cli] {'ticker': 'IWM', 'mode': 'binary', 'thr': 65, 'window': '2Y', 'order': 1, 'rows': 2}
2025-11-12 11:45:24,168 INFO [cli] {'ticker': 'IWM', 'mode': 'binary', 'thr': 65, 'window': '2Y', 'order': 2, 'rows': 4}
2025-11-12 11:45:24,180 INFO [cli] {'ticker': 'IWM', 'mode': 'binary', 'thr': 65, 'window': '2Y', 'order': 3, 'rows': 8}
2025-11-12 11:45:24,194 INFO [cli] {'ticker': 'IWM', 'mode': 'binary', 'thr': 65, 'window': '2Y', 'order': 4, 'rows': 16}
2025-11-12 11:45:24,205 INFO [cli] {'ticker': 'IWM', 'mode': 'binary', 'thr': 65, 'window': '5Y', 'order': 1, 'rows': 2}
2025-11-12 11:45:24,216 INFO [cli] {'ticker': 'IWM', 'mode': 'binary', 'thr': 65, 'window': '5Y', 'order': 2, 'rows': 4}
2025-11-12 11:45:24,225 INFO [cli] {'ticker': 'IWM', 'mode': 'binary', 'thr': 65, 'window': '5Y', 'order': 3, 'rows': 8}
2025-11-12 11:45:24,237 INFO [cli] {'ticker': 'IWM', 'mode': 'binary', 'thr': 65, 'window': '5Y', 'order': 4, 'rows': 16}
2025-11-12 11:45:24,250 INFO [cli] {'ticker': 'IWM', 'mode': 'binary', 'thr': 65, 'window': '10Y', 'order': 1, 'rows': 2}
2025-11-12 11:45:24,262 INFO [cli] {'ticker': 'IWM', 'mode': 'binary', 'thr': 65, 'window': '10Y', 'order': 2, 'rows': 4}
2025-11-12 11:45:24,277 INFO [cli] {'ticker': 'IWM', 'mode': 'binary', 'thr': 65, 'window': '10Y', 'order': 3, 'rows': 8}
2025-11-12 11:45:24,288 INFO [cli] {'ticker': 'IWM', 'mode': 'binary', 'thr': 65, 'window': '10Y', 'order': 4, 'rows': 16}
2025-11-12 11:45:24,299 INFO [cli] {'ticker': 'IWM', 'mode': 'binary', 'thr': 65, 'window': '20Y', 'order': 1, 'rows': 2}
2025-11-12 11:45:24,309 INFO [cli] {'ticker': 'IWM', 'mode': 'binary', 'thr': 65, 'window': '20Y', 'order': 2, 'rows': 4}
2025-11-12 11:45:24,320 INFO [cli] {'ticker': 'IWM', 'mode': 'binary', 'thr': 65, 'window': '20Y', 'order': 3, 'rows': 8}
2025-11-12 11:45:24,331 INFO [cli] {'ticker': 'IWM', 'mode': 'binary', 'thr': 65, 'window': '20Y', 'order': 4, 'rows': 16}

{'ticker': 'IWM', 'mode': 'binary', 'thr': 25, 'window': 'MAX', 'order': 4, 'rows': 16}
{'ticker': 'IWM', 'mode': 'binary', 'thr': 30, 'window': '1Y', 'order': 1, 'rows': 2}
{'ticker': 'IWM', 'mode': 'binary', 'thr': 30, 'window': '1Y', 'order': 2, 'rows': 4}
{'ticker': 'IWM', 'mode': 'binary', 'thr': 30, 'window': '1Y', 'order': 3, 'rows': 8}
{'ticker': 'IWM', 'mode': 'binary', 'thr': 30, 'window': '1Y', 'order': 4, 'rows': 15}
{'ticker': 'IWM', 'mode': 'binary', 'thr': 30, 'window': '2Y', 'order': 1, 'rows': 2}
{'ticker': 'IWM', 'mode': 'binary', 'thr': 30, 'window': '2Y', 'order': 2, 'rows': 4}
{'ticker': 'IWM', 'mode': 'binary', 'thr': 30, 'window': '2Y', 'order': 3, 'rows': 8}
{'ticker': 'IWM', 'mode': 'binary', 'thr': 30, 'window': '2Y', 'order': 4, 'rows': 16}
{'ticker': 'IWM', 'mode': 'binary', 'thr': 30, 'window': '5Y', 'order': 1, 'rows': 2}
{'ticker': 'IWM', 'mode': 'binary', 'thr': 30, 'window': '5Y', 'order': 2, 'rows': 4}
{'ticker': 'IWM', 'mode': 'binary', 'thr': 30, 'window': '5Y', 'order': 3, 'rows': 8}
{'ticker': 'IWM', 'mode': 'binary', 'thr': 30, 'window': '5Y', 'order': 4, 'rows': 16}
{'ticker': 'IWM', 'mode': 'binary', 'thr': 30, 'window': '10Y', 'order': 1, 'rows': 2}
{'ticker': 'IWM', 'mode': 'binary', 'thr': 30, 'window': '10Y', 'order': 2, 'rows': 4}
{'ticker': 'IWM', 'mode': 'binary', 'thr': 30, 'window': '10Y', 'order': 3, 'rows': 8}
{'ticker': 'IWM', 'mode': 'binary', 'thr': 30, 'window': '10Y', 'order': 4, 'rows': 16}
{'ticker': 'IWM', 'mode': 'binary', 'thr': 30, 'window': '20Y', 'order': 1, 'rows': 2}
{'ticker': 'IWM', 'mode': 'binary', 'thr': 30, 'window': '20Y', 'order': 2, 'rows': 4}
{'ticker': 'IWM', 'mode': 'binary', 'thr': 30, 'window': '20Y', 'order': 3, 'rows': 8}
{'ticker': 'IWM', 'mode': 'binary', 'thr': 30, 'window': '20Y', 'order': 4, 'rows': 16}
{'ticker': 'IWM', 'mode': 'binary', 'thr': 30, 'window': 'MAX', 'order': 1, 'rows': 2}
{'ticker': 'IWM', 'mode': 'binary', 'thr': 30, 'window': 'MAX', 'order': 2, 'rows': 4}
{'ticker': 'IWM', 'mode': 'binary', 'thr': 30, 'window': 'MAX', 'order': 3, 'rows': 8}
{'ticker': 'IWM', 'mode': 'binary', 'thr': 30, 'window': 'MAX', 'order': 4, 'rows': 16}
{'ticker': 'IWM', 'mode': 'binary', 'thr': 35, 'window': '1Y', 'order': 1, 'rows': 2}
{'ticker': 'IWM', 'mode': 'binary', 'thr': 35, 'window': '1Y', 'order': 2, 'rows': 4}
{'ticker': 'IWM', 'mode': 'binary', 'thr': 35, 'window': '1Y', 'order': 3, 'rows': 8}
{'ticker': 'IWM', 'mode': 'binary', 'thr': 35, 'window': '1Y', 'order': 4, 'rows': 15}
{'ticker': 'IWM', 'mode': 'binary', 'thr': 35, 'window': '2Y', 'order': 1, 'rows': 2}
{'ticker': 'IWM', 'mode': 'binary', 'thr': 35, 'window': '2Y', 'order': 2, 'rows': 4}
{'ticker': 'IWM', 'mode': 'binary', 'thr': 35, 'window': '2Y', 'order': 3, 'rows': 8}
{'ticker': 'IWM', 'mode': 'binary', 'thr': 35, 'window': '2Y', 'order': 4, 'rows': 16}
{'ticker': 'IWM', 'mode': 'binary', 'thr': 35, 'window': '5Y', 'order': 1, 'rows': 2}
{'ticker': 'IWM', 'mode': 'binary', 'thr': 35, 'window': '5Y', 'order': 2, 'rows': 4}
{'ticker': 'IWM', 'mode': 'binary', 'thr': 35, 'window': '5Y', 'order': 3, 'rows': 8}
{'ticker': 'IWM', 'mode': 'binary', 'thr': 35, 'window': '5Y', 'order': 4, 'rows': 16}
{'ticker': 'IWM', 'mode': 'binary', 'thr': 35, 'window': '10Y', 'order': 1, 'rows': 2}
{'ticker': 'IWM', 'mode': 'binary', 'thr': 35, 'window': '10Y', 'order': 2, 'rows': 4}
{'ticker': 'IWM', 'mode': 'binary', 'thr': 35, 'window': '10Y', 'order': 3, 'rows': 8}
{'ticker': 'IWM', 'mode': 'binary', 'thr': 35, 'window': '10Y', 'order': 4, 'rows': 16}
{'ticker': 'IWM', 'mode': 'binary', 'thr': 35, 'window': '20Y', 'order': 1, 'rows': 2}
{'ticker': 'IWM', 'mode': 'binary', 'thr': 35, 'window': '20Y', 'order': 2, 'rows': 4}
{'ticker': 'IWM', 'mode': 'binary', 'thr': 35, 'window': '20Y', 'order': 3, 'rows': 8}
{'ticker': 'IWM', 'mode': 'binary', 'thr': 35, 'window': '20Y', 'order': 4, 'rows': 16}
{'ticker': 'IWM', 'mode': 'binary', 'thr': 35, 'window': 'MAX', 'order': 1, 'rows': 2}
{'ticker': 'IWM', 'mode': 'binary', 'thr': 35, 'window': 'MAX', 'order': 2, 'rows': 4}
{'ticker': 'IWM', 'mode': 'binary', 'thr': 35, 'window': 'MAX', 'order': 3, 'rows': 8}
{'ticker': 'IWM', 'mode': 'binary', 'thr': 35, 'window': 'MAX', 'order': 4, 'rows': 16}
{'ticker': 'IWM', 'mode': 'binary', 'thr': 40, 'window': '1Y', 'order': 1, 'rows': 2}
{'ticker': 'IWM', 'mode': 'binary', 'thr': 40, 'window': '1Y', 'order': 2, 'rows': 4}
{'ticker': 'IWM', 'mode': 'binary', 'thr': 40, 'window': '1Y', 'order': 3, 'rows': 8}
{'ticker': 'IWM', 'mode': 'binary', 'thr': 40, 'window': '1Y', 'order': 4, 'rows': 15}
{'ticker': 'IWM', 'mode': 'binary', 'thr': 40, 'window': '2Y', 'order': 1, 'rows': 2}
{'ticker': 'IWM', 'mode': 'binary', 'thr': 40, 'window': '2Y', 'order': 2, 'rows': 4}
{'ticker': 'IWM', 'mode': 'binary', 'thr': 40, 'window': '2Y', 'order': 3, 'rows': 8}
{'ticker': 'IWM', 'mode': 'binary', 'thr': 40, 'window': '2Y', 'order': 4, 'rows': 16}
{'ticker': 'IWM', 'mode': 'binary', 'thr': 40, 'window': '5Y', 'order': 1, 'rows': 2}
{'ticker': 'IWM', 'mode': 'binary', 'thr': 40, 'window': '5Y', 'order': 2, 'rows': 4}
{'ticker': 'IWM', 'mode': 'binary', 'thr': 40, 'window': '5Y', 'order': 3, 'rows': 8}
{'ticker': 'IWM', 'mode': 'binary', 'thr': 40, 'window': '5Y', 'order': 4, 'rows': 16}
{'ticker': 'IWM', 'mode': 'binary', 'thr': 40, 'window': '10Y', 'order': 1, 'rows': 2}
{'ticker': 'IWM', 'mode': 'binary', 'thr': 40, 'window': '10Y', 'order': 2, 'rows': 4}
{'ticker': 'IWM', 'mode': 'binary', 'thr': 40, 'window': '10Y', 'order': 3, 'rows': 8}
{'ticker': 'IWM', 'mode': 'binary', 'thr': 40, 'window': '10Y', 'order': 4, 'rows': 16}
{'ticker': 'IWM', 'mode': 'binary', 'thr': 40, 'window': '20Y', 'order': 1, 'rows': 2}
{'ticker': 'IWM', 'mode': 'binary', 'thr': 40, 'window': '20Y', 'order': 2, 'rows': 4}
{'ticker': 'IWM', 'mode': 'binary', 'thr': 40, 'window': '20Y', 'order': 3, 'rows': 8}
{'ticker': 'IWM', 'mode': 'binary', 'thr': 40, 'window': '20Y', 'order': 4, 'rows': 16}
{'ticker': 'IWM', 'mode': 'binary', 'thr': 40, 'window': 'MAX', 'order': 1, 'rows': 2}
{'ticker': 'IWM', 'mode': 'binary', 'thr': 40, 'window': 'MAX', 'order': 2, 'rows': 4}
{'ticker': 'IWM', 'mode': 'binary', 'thr': 40, 'window': 'MAX', 'order': 3, 'rows': 8}
{'ticker': 'IWM', 'mode': 'binary', 'thr': 40, 'window': 'MAX', 'order': 4, 'rows': 16}
{'ticker': 'IWM', 'mode': 'binary', 'thr': 45, 'window': '1Y', 'order': 1, 'rows': 2}
{'ticker': 'IWM', 'mode': 'binary', 'thr': 45, 'window': '1Y', 'order': 2, 'rows': 4}
{'ticker': 'IWM', 'mode': 'binary', 'thr': 45, 'window': '1Y', 'order': 3, 'rows': 8}
{'ticker': 'IWM', 'mode': 'binary', 'thr': 45, 'window': '1Y', 'order': 4, 'rows': 15}
{'ticker': 'IWM', 'mode': 'binary', 'thr': 45, 'window': '2Y', 'order': 1, 'rows': 2}
{'ticker': 'IWM', 'mode': 'binary', 'thr': 45, 'window': '2Y', 'order': 2, 'rows': 4}
{'ticker': 'IWM', 'mode': 'binary', 'thr': 45, 'window': '2Y', 'order': 3, 'rows': 8}
{'ticker': 'IWM', 'mode': 'binary', 'thr': 45, 'window': '2Y', 'order': 4, 'rows': 16}
{'ticker': 'IWM', 'mode': 'binary', 'thr': 45, 'window': '5Y', 'order': 1, 'rows': 2}
{'ticker': 'IWM', 'mode': 'binary', 'thr': 45, 'window': '5Y', 'order': 2, 'rows': 4}
{'ticker': 'IWM', 'mode': 'binary', 'thr': 45, 'window': '5Y', 'order': 3, 'rows': 8}
{'ticker': 'IWM', 'mode': 'binary', 'thr': 45, 'window': '5Y', 'order': 4, 'rows': 16}
{'ticker': 'IWM', 'mode': 'binary', 'thr': 45, 'window': '10Y', 'order': 1, 'rows': 2}
{'ticker': 'IWM', 'mode': 'binary', 'thr': 45, 'window': '10Y', 'order': 2, 'rows': 4}
{'ticker': 'IWM', 'mode': 'binary', 'thr': 45, 'window': '10Y', 'order': 3, 'rows': 8}
{'ticker': 'IWM', 'mode': 'binary', 'thr': 45, 'window': '10Y', 'order': 4, 'rows': 16}
{'ticker': 'IWM', 'mode': 'binary', 'thr': 45, 'window': '20Y', 'order': 1, 'rows': 2}
{'ticker': 'IWM', 'mode': 'binary', 'thr': 45, 'window': '20Y', 'order': 2, 'rows': 4}
{'ticker': 'IWM', 'mode': 'binary', 'thr': 45, 'window': '20Y', 'order': 3, 'rows': 8}
{'ticker': 'IWM', 'mode': 'binary', 'thr': 45, 'window': '20Y', 'order': 4, 'rows': 16}
{'ticker': 'IWM', 'mode': 'binary', 'thr': 45, 'window': 'MAX', 'order': 1, 'rows': 2}
{'ticker': 'IWM', 'mode': 'binary', 'thr': 45, 'window': 'MAX', 'order': 2, 'rows': 4}2025-11-12 11:45:24,341 INFO [cli] {'ticker': 'IWM', 'mode': 'binary', 'thr': 65, 'window': 'MAX', 'order': 1, 'rows': 2}
2025-11-12 11:45:24,352 INFO [cli] {'ticker': 'IWM', 'mode': 'binary', 'thr': 65, 'window': 'MAX', 'order': 2, 'rows': 4}
2025-11-12 11:45:24,363 INFO [cli] {'ticker': 'IWM', 'mode': 'binary', 'thr': 65, 'window': 'MAX', 'order': 3, 'rows': 8}
2025-11-12 11:45:24,375 INFO [cli] {'ticker': 'IWM', 'mode': 'binary', 'thr': 65, 'window': 'MAX', 'order': 4, 'rows': 16}
2025-11-12 11:45:24,390 INFO [cli] {'ticker': 'IWM', 'mode': 'binary', 'thr': 70, 'window': '1Y', 'order': 1, 'rows': 2}
2025-11-12 11:45:24,400 INFO [cli] {'ticker': 'IWM', 'mode': 'binary', 'thr': 70, 'window': '1Y', 'order': 2, 'rows': 4}
2025-11-12 11:45:24,410 INFO [cli] {'ticker': 'IWM', 'mode': 'binary', 'thr': 70, 'window': '1Y', 'order': 3, 'rows': 8}
2025-11-12 11:45:24,420 INFO [cli] {'ticker': 'IWM', 'mode': 'binary', 'thr': 70, 'window': '1Y', 'order': 4, 'rows': 15}
2025-11-12 11:45:24,431 INFO [cli] {'ticker': 'IWM', 'mode': 'binary', 'thr': 70, 'window': '2Y', 'order': 1, 'rows': 2}
2025-11-12 11:45:24,443 INFO [cli] {'ticker': 'IWM', 'mode': 'binary', 'thr': 70, 'window': '2Y', 'order': 2, 'rows': 4}
2025-11-12 11:45:24,455 INFO [cli] {'ticker': 'IWM', 'mode': 'binary', 'thr': 70, 'window': '2Y', 'order': 3, 'rows': 8}
2025-11-12 11:45:24,466 INFO [cli] {'ticker': 'IWM', 'mode': 'binary', 'thr': 70, 'window': '2Y', 'order': 4, 'rows': 16}
2025-11-12 11:45:24,478 INFO [cli] {'ticker': 'IWM', 'mode': 'binary', 'thr': 70, 'window': '5Y', 'order': 1, 'rows': 2}
2025-11-12 11:45:24,489 INFO [cli] {'ticker': 'IWM', 'mode': 'binary', 'thr': 70, 'window': '5Y', 'order': 2, 'rows': 4}
2025-11-12 11:45:24,497 INFO [cli] {'ticker': 'IWM', 'mode': 'binary', 'thr': 70, 'window': '5Y', 'order': 3, 'rows': 8}
2025-11-12 11:45:24,508 INFO [cli] {'ticker': 'IWM', 'mode': 'binary', 'thr': 70, 'window': '5Y', 'order': 4, 'rows': 16}
2025-11-12 11:45:24,520 INFO [cli] {'ticker': 'IWM', 'mode': 'binary', 'thr': 70, 'window': '10Y', 'order': 1, 'rows': 2}
2025-11-12 11:45:24,532 INFO [cli] {'ticker': 'IWM', 'mode': 'binary', 'thr': 70, 'window': '10Y', 'order': 2, 'rows': 4}
2025-11-12 11:45:24,542 INFO [cli] {'ticker': 'IWM', 'mode': 'binary', 'thr': 70, 'window': '10Y', 'order': 3, 'rows': 8}
2025-11-12 11:45:24,551 INFO [cli] {'ticker': 'IWM', 'mode': 'binary', 'thr': 70, 'window': '10Y', 'order': 4, 'rows': 16}
2025-11-12 11:45:24,562 INFO [cli] {'ticker': 'IWM', 'mode': 'binary', 'thr': 70, 'window': '20Y', 'order': 1, 'rows': 2}
2025-11-12 11:45:24,574 INFO [cli] {'ticker': 'IWM', 'mode': 'binary', 'thr': 70, 'window': '20Y', 'order': 2, 'rows': 4}
2025-11-12 11:45:24,587 INFO [cli] {'ticker': 'IWM', 'mode': 'binary', 'thr': 70, 'window': '20Y', 'order': 3, 'rows': 8}
2025-11-12 11:45:24,597 INFO [cli] {'ticker': 'IWM', 'mode': 'binary', 'thr': 70, 'window': '20Y', 'order': 4, 'rows': 16}
2025-11-12 11:45:24,605 INFO [cli] {'ticker': 'IWM', 'mode': 'binary', 'thr': 70, 'window': 'MAX', 'order': 1, 'rows': 2}
2025-11-12 11:45:24,615 INFO [cli] {'ticker': 'IWM', 'mode': 'binary', 'thr': 70, 'window': 'MAX', 'order': 2, 'rows': 4}
2025-11-12 11:45:24,625 INFO [cli] {'ticker': 'IWM', 'mode': 'binary', 'thr': 70, 'window': 'MAX', 'order': 3, 'rows': 8}
2025-11-12 11:45:24,636 INFO [cli] {'ticker': 'IWM', 'mode': 'binary', 'thr': 70, 'window': 'MAX', 'order': 4, 'rows': 16}
2025-11-12 11:45:24,653 INFO [cli] {'ticker': 'IWM', 'mode': 'binary', 'thr': 75, 'window': '1Y', 'order': 1, 'rows': 2}
2025-11-12 11:45:24,665 INFO [cli] {'ticker': 'IWM', 'mode': 'binary', 'thr': 75, 'window': '1Y', 'order': 2, 'rows': 4}
2025-11-12 11:45:24,676 INFO [cli] {'ticker': 'IWM', 'mode': 'binary', 'thr': 75, 'window': '1Y', 'order': 3, 'rows': 8}
2025-11-12 11:45:24,686 INFO [cli] {'ticker': 'IWM', 'mode': 'binary', 'thr': 75, 'window': '1Y', 'order': 4, 'rows': 15}
2025-11-12 11:45:24,698 INFO [cli] {'ticker': 'IWM', 'mode': 'binary', 'thr': 75, 'window': '2Y', 'order': 1, 'rows': 2}
2025-11-12 11:45:24,714 INFO [cli] {'ticker': 'IWM', 'mode': 'binary', 'thr': 75, 'window': '2Y', 'order': 2, 'rows': 4}
2025-11-12 11:45:24,725 INFO [cli] {'ticker': 'IWM', 'mode': 'binary', 'thr': 75, 'window': '2Y', 'order': 3, 'rows': 8}
2025-11-12 11:45:24,733 INFO [cli] {'ticker': 'IWM', 'mode': 'binary', 'thr': 75, 'window': '2Y', 'order': 4, 'rows': 16}
2025-11-12 11:45:24,743 INFO [cli] {'ticker': 'IWM', 'mode': 'binary', 'thr': 75, 'window': '5Y', 'order': 1, 'rows': 2}
2025-11-12 11:45:24,752 INFO [cli] {'ticker': 'IWM', 'mode': 'binary', 'thr': 75, 'window': '5Y', 'order': 2, 'rows': 4}
2025-11-12 11:45:24,761 INFO [cli] {'ticker': 'IWM', 'mode': 'binary', 'thr': 75, 'window': '5Y', 'order': 3, 'rows': 8}
2025-11-12 11:45:24,773 INFO [cli] {'ticker': 'IWM', 'mode': 'binary', 'thr': 75, 'window': '5Y', 'order': 4, 'rows': 16}
2025-11-12 11:45:24,784 INFO [cli] {'ticker': 'IWM', 'mode': 'binary', 'thr': 75, 'window': '10Y', 'order': 1, 'rows': 2}
2025-11-12 11:45:24,793 INFO [cli] {'ticker': 'IWM', 'mode': 'binary', 'thr': 75, 'window': '10Y', 'order': 2, 'rows': 4}
2025-11-12 11:45:24,802 INFO [cli] {'ticker': 'IWM', 'mode': 'binary', 'thr': 75, 'window': '10Y', 'order': 3, 'rows': 8}
2025-11-12 11:45:24,812 INFO [cli] {'ticker': 'IWM', 'mode': 'binary', 'thr': 75, 'window': '10Y', 'order': 4, 'rows': 16}
2025-11-12 11:45:24,820 INFO [cli] {'ticker': 'IWM', 'mode': 'binary', 'thr': 75, 'window': '20Y', 'order': 1, 'rows': 2}
2025-11-12 11:45:24,830 INFO [cli] {'ticker': 'IWM', 'mode': 'binary', 'thr': 75, 'window': '20Y', 'order': 2, 'rows': 4}
2025-11-12 11:45:24,840 INFO [cli] {'ticker': 'IWM', 'mode': 'binary', 'thr': 75, 'window': '20Y', 'order': 3, 'rows': 8}
2025-11-12 11:45:24,850 INFO [cli] {'ticker': 'IWM', 'mode': 'binary', 'thr': 75, 'window': '20Y', 'order': 4, 'rows': 16}
2025-11-12 11:45:24,859 INFO [cli] {'ticker': 'IWM', 'mode': 'binary', 'thr': 75, 'window': 'MAX', 'order': 1, 'rows': 2}
2025-11-12 11:45:24,870 INFO [cli] {'ticker': 'IWM', 'mode': 'binary', 'thr': 75, 'window': 'MAX', 'order': 2, 'rows': 4}
2025-11-12 11:45:24,881 INFO [cli] {'ticker': 'IWM', 'mode': 'binary', 'thr': 75, 'window': 'MAX', 'order': 3, 'rows': 8}
2025-11-12 11:45:24,892 INFO [cli] {'ticker': 'IWM', 'mode': 'binary', 'thr': 75, 'window': 'MAX', 'order': 4, 'rows': 16}
2025-11-12 11:45:24,907 INFO [cli] {'ticker': 'IWM', 'mode': 'binary', 'thr': 80, 'window': '1Y', 'order': 1, 'rows': 2}
2025-11-12 11:45:24,918 INFO [cli] {'ticker': 'IWM', 'mode': 'binary', 'thr': 80, 'window': '1Y', 'order': 2, 'rows': 4}
2025-11-12 11:45:24,928 INFO [cli] {'ticker': 'IWM', 'mode': 'binary', 'thr': 80, 'window': '1Y', 'order': 3, 'rows': 8}
2025-11-12 11:45:24,939 INFO [cli] {'ticker': 'IWM', 'mode': 'binary', 'thr': 80, 'window': '1Y', 'order': 4, 'rows': 15}
2025-11-12 11:45:24,950 INFO [cli] {'ticker': 'IWM', 'mode': 'binary', 'thr': 80, 'window': '2Y', 'order': 1, 'rows': 2}
2025-11-12 11:45:24,960 INFO [cli] {'ticker': 'IWM', 'mode': 'binary', 'thr': 80, 'window': '2Y', 'order': 2, 'rows': 4}
2025-11-12 11:45:24,972 INFO [cli] {'ticker': 'IWM', 'mode': 'binary', 'thr': 80, 'window': '2Y', 'order': 3, 'rows': 8}
2025-11-12 11:45:24,981 INFO [cli] {'ticker': 'IWM', 'mode': 'binary', 'thr': 80, 'window': '2Y', 'order': 4, 'rows': 16}
2025-11-12 11:45:24,991 INFO [cli] {'ticker': 'IWM', 'mode': 'binary', 'thr': 80, 'window': '5Y', 'order': 1, 'rows': 2}
2025-11-12 11:45:25,003 INFO [cli] {'ticker': 'IWM', 'mode': 'binary', 'thr': 80, 'window': '5Y', 'order': 2, 'rows': 4}
2025-11-12 11:45:25,015 INFO [cli] {'ticker': 'IWM', 'mode': 'binary', 'thr': 80, 'window': '5Y', 'order': 3, 'rows': 8}
2025-11-12 11:45:25,025 INFO [cli] {'ticker': 'IWM', 'mode': 'binary', 'thr': 80, 'window': '5Y', 'order': 4, 'rows': 16}
2025-11-12 11:45:25,035 INFO [cli] {'ticker': 'IWM', 'mode': 'binary', 'thr': 80, 'window': '10Y', 'order': 1, 'rows': 2}
2025-11-12 11:45:25,044 INFO [cli] {'ticker': 'IWM', 'mode': 'binary', 'thr': 80, 'window': '10Y', 'order': 2, 'rows': 4}
2025-11-12 11:45:25,054 INFO [cli] {'ticker': 'IWM', 'mode': 'binary', 'thr': 80, 'window': '10Y', 'order': 3, 'rows': 8}
2025-11-12 11:45:25,066 INFO [cli] {'ticker': 'IWM', 'mode': 'binary', 'thr': 80, 'window': '10Y', 'order': 4, 'rows': 16}
2025-11-12 11:45:25,077 INFO [cli] {'ticker': 'IWM', 'mode': 'binary', 'thr': 80, 'window': '20Y', 'order': 1, 'rows': 2}
2025-11-12 11:45:25,087 INFO [cli] {'ticker': 'IWM', 'mode': 'binary', 'thr': 80, 'window': '20Y', 'order': 2, 'rows': 4}
2025-11-12 11:45:25,099 INFO [cli] {'ticker': 'IWM', 'mode': 'binary', 'thr': 80, 'window': '20Y', 'order': 3, 'rows': 8}
2025-11-12 11:45:25,109 INFO [cli] {'ticker': 'IWM', 'mode': 'binary', 'thr': 80, 'window': '20Y', 'order': 4, 'rows': 16}
2025-11-12 11:45:25,119 INFO [cli] {'ticker': 'IWM', 'mode': 'binary', 'thr': 80, 'window': 'MAX', 'order': 1, 'rows': 2}
2025-11-12 11:45:25,129 INFO [cli] {'ticker': 'IWM', 'mode': 'binary', 'thr': 80, 'window': 'MAX', 'order': 2, 'rows': 4}
2025-11-12 11:45:25,140 INFO [cli] {'ticker': 'IWM', 'mode': 'binary', 'thr': 80, 'window': 'MAX', 'order': 3, 'rows': 8}
2025-11-12 11:45:25,150 INFO [cli] {'ticker': 'IWM', 'mode': 'binary', 'thr': 80, 'window': 'MAX', 'order': 4, 'rows': 16}
2025-11-12 11:45:25,166 INFO [cli] {'ticker': 'IWM', 'mode': 'binary', 'thr': 85, 'window': '1Y', 'order': 1, 'rows': 2}
2025-11-12 11:45:25,176 INFO [cli] {'ticker': 'IWM', 'mode': 'binary', 'thr': 85, 'window': '1Y', 'order': 2, 'rows': 4}
2025-11-12 11:45:25,187 INFO [cli] {'ticker': 'IWM', 'mode': 'binary', 'thr': 85, 'window': '1Y', 'order': 3, 'rows': 8}
2025-11-12 11:45:25,198 INFO [cli] {'ticker': 'IWM', 'mode': 'binary', 'thr': 85, 'window': '1Y', 'order': 4, 'rows': 15}
2025-11-12 11:45:25,210 INFO [cli] {'ticker': 'IWM', 'mode': 'binary', 'thr': 85, 'window': '2Y', 'order': 1, 'rows': 2}
2025-11-12 11:45:25,221 INFO [cli] {'ticker': 'IWM', 'mode': 'binary', 'thr': 85, 'window': '2Y', 'order': 2, 'rows': 4}
2025-11-12 11:45:25,231 INFO [cli] {'ticker': 'IWM', 'mode': 'binary', 'thr': 85, 'window': '2Y', 'order': 3, 'rows': 8}
2025-11-12 11:45:25,242 INFO [cli] {'ticker': 'IWM', 'mode': 'binary', 'thr': 85, 'window': '2Y', 'order': 4, 'rows': 16}
2025-11-12 11:45:25,251 INFO [cli] {'ticker': 'IWM', 'mode': 'binary', 'thr': 85, 'window': '5Y', 'order': 1, 'rows': 2}
2025-11-12 11:45:25,261 INFO [cli] {'ticker': 'IWM', 'mode': 'binary', 'thr': 85, 'window': '5Y', 'order': 2, 'rows': 4}
2025-11-12 11:45:25,271 INFO [cli] {'ticker': 'IWM', 'mode': 'binary', 'thr': 85, 'window': '5Y', 'order': 3, 'rows': 8}
2025-11-12 11:45:25,279 INFO [cli] {'ticker': 'IWM', 'mode': 'binary', 'thr': 85, 'window': '5Y', 'order': 4, 'rows': 16}
2025-11-12 11:45:25,289 INFO [cli] {'ticker': 'IWM', 'mode': 'binary', 'thr': 85, 'window': '10Y', 'order': 1, 'rows': 2}
2025-11-12 11:45:25,297 INFO [cli] {'ticker': 'IWM', 'mode': 'binary', 'thr': 85, 'window': '10Y', 'order': 2, 'rows': 4}
2025-11-12 11:45:25,305 INFO [cli] {'ticker': 'IWM', 'mode': 'binary', 'thr': 85, 'window': '10Y', 'order': 3, 'rows': 8}
2025-11-12 11:45:25,315 INFO [cli] {'ticker': 'IWM', 'mode': 'binary', 'thr': 85, 'window': '10Y', 'order': 4, 'rows': 16}
2025-11-12 11:45:25,328 INFO [cli] {'ticker': 'IWM', 'mode': 'binary', 'thr': 85, 'window': '20Y', 'order': 1, 'rows': 2}
2025-11-12 11:45:25,339 INFO [cli] {'ticker': 'IWM', 'mode': 'binary', 'thr': 85, 'window': '20Y', 'order': 2, 'rows': 4}
2025-11-12 11:45:25,349 INFO [cli] {'ticker': 'IWM', 'mode': 'binary', 'thr': 85, 'window': '20Y', 'order': 3, 'rows': 8}

{'ticker': 'IWM', 'mode': 'binary', 'thr': 45, 'window': 'MAX', 'order': 3, 'rows': 8}
{'ticker': 'IWM', 'mode': 'binary', 'thr': 45, 'window': 'MAX', 'order': 4, 'rows': 16}
{'ticker': 'IWM', 'mode': 'binary', 'thr': 50, 'window': '1Y', 'order': 1, 'rows': 2}
{'ticker': 'IWM', 'mode': 'binary', 'thr': 50, 'window': '1Y', 'order': 2, 'rows': 4}
{'ticker': 'IWM', 'mode': 'binary', 'thr': 50, 'window': '1Y', 'order': 3, 'rows': 8}
{'ticker': 'IWM', 'mode': 'binary', 'thr': 50, 'window': '1Y', 'order': 4, 'rows': 15}
{'ticker': 'IWM', 'mode': 'binary', 'thr': 50, 'window': '2Y', 'order': 1, 'rows': 2}
{'ticker': 'IWM', 'mode': 'binary', 'thr': 50, 'window': '2Y', 'order': 2, 'rows': 4}
{'ticker': 'IWM', 'mode': 'binary', 'thr': 50, 'window': '2Y', 'order': 3, 'rows': 8}
{'ticker': 'IWM', 'mode': 'binary', 'thr': 50, 'window': '2Y', 'order': 4, 'rows': 16}
{'ticker': 'IWM', 'mode': 'binary', 'thr': 50, 'window': '5Y', 'order': 1, 'rows': 2}
{'ticker': 'IWM', 'mode': 'binary', 'thr': 50, 'window': '5Y', 'order': 2, 'rows': 4}
{'ticker': 'IWM', 'mode': 'binary', 'thr': 50, 'window': '5Y', 'order': 3, 'rows': 8}
{'ticker': 'IWM', 'mode': 'binary', 'thr': 50, 'window': '5Y', 'order': 4, 'rows': 16}
{'ticker': 'IWM', 'mode': 'binary', 'thr': 50, 'window': '10Y', 'order': 1, 'rows': 2}
{'ticker': 'IWM', 'mode': 'binary', 'thr': 50, 'window': '10Y', 'order': 2, 'rows': 4}
{'ticker': 'IWM', 'mode': 'binary', 'thr': 50, 'window': '10Y', 'order': 3, 'rows': 8}
{'ticker': 'IWM', 'mode': 'binary', 'thr': 50, 'window': '10Y', 'order': 4, 'rows': 16}
{'ticker': 'IWM', 'mode': 'binary', 'thr': 50, 'window': '20Y', 'order': 1, 'rows': 2}
{'ticker': 'IWM', 'mode': 'binary', 'thr': 50, 'window': '20Y', 'order': 2, 'rows': 4}
{'ticker': 'IWM', 'mode': 'binary', 'thr': 50, 'window': '20Y', 'order': 3, 'rows': 8}
{'ticker': 'IWM', 'mode': 'binary', 'thr': 50, 'window': '20Y', 'order': 4, 'rows': 16}
{'ticker': 'IWM', 'mode': 'binary', 'thr': 50, 'window': 'MAX', 'order': 1, 'rows': 2}
{'ticker': 'IWM', 'mode': 'binary', 'thr': 50, 'window': 'MAX', 'order': 2, 'rows': 4}
{'ticker': 'IWM', 'mode': 'binary', 'thr': 50, 'window': 'MAX', 'order': 3, 'rows': 8}
{'ticker': 'IWM', 'mode': 'binary', 'thr': 50, 'window': 'MAX', 'order': 4, 'rows': 16}
{'ticker': 'IWM', 'mode': 'binary', 'thr': 55, 'window': '1Y', 'order': 1, 'rows': 2}
{'ticker': 'IWM', 'mode': 'binary', 'thr': 55, 'window': '1Y', 'order': 2, 'rows': 4}
{'ticker': 'IWM', 'mode': 'binary', 'thr': 55, 'window': '1Y', 'order': 3, 'rows': 8}
{'ticker': 'IWM', 'mode': 'binary', 'thr': 55, 'window': '1Y', 'order': 4, 'rows': 15}
{'ticker': 'IWM', 'mode': 'binary', 'thr': 55, 'window': '2Y', 'order': 1, 'rows': 2}
{'ticker': 'IWM', 'mode': 'binary', 'thr': 55, 'window': '2Y', 'order': 2, 'rows': 4}
{'ticker': 'IWM', 'mode': 'binary', 'thr': 55, 'window': '2Y', 'order': 3, 'rows': 8}
{'ticker': 'IWM', 'mode': 'binary', 'thr': 55, 'window': '2Y', 'order': 4, 'rows': 16}
{'ticker': 'IWM', 'mode': 'binary', 'thr': 55, 'window': '5Y', 'order': 1, 'rows': 2}
{'ticker': 'IWM', 'mode': 'binary', 'thr': 55, 'window': '5Y', 'order': 2, 'rows': 4}
{'ticker': 'IWM', 'mode': 'binary', 'thr': 55, 'window': '5Y', 'order': 3, 'rows': 8}
{'ticker': 'IWM', 'mode': 'binary', 'thr': 55, 'window': '5Y', 'order': 4, 'rows': 16}
{'ticker': 'IWM', 'mode': 'binary', 'thr': 55, 'window': '10Y', 'order': 1, 'rows': 2}
{'ticker': 'IWM', 'mode': 'binary', 'thr': 55, 'window': '10Y', 'order': 2, 'rows': 4}
{'ticker': 'IWM', 'mode': 'binary', 'thr': 55, 'window': '10Y', 'order': 3, 'rows': 8}
{'ticker': 'IWM', 'mode': 'binary', 'thr': 55, 'window': '10Y', 'order': 4, 'rows': 16}
{'ticker': 'IWM', 'mode': 'binary', 'thr': 55, 'window': '20Y', 'order': 1, 'rows': 2}
{'ticker': 'IWM', 'mode': 'binary', 'thr': 55, 'window': '20Y', 'order': 2, 'rows': 4}
{'ticker': 'IWM', 'mode': 'binary', 'thr': 55, 'window': '20Y', 'order': 3, 'rows': 8}
{'ticker': 'IWM', 'mode': 'binary', 'thr': 55, 'window': '20Y', 'order': 4, 'rows': 16}
{'ticker': 'IWM', 'mode': 'binary', 'thr': 55, 'window': 'MAX', 'order': 1, 'rows': 2}
{'ticker': 'IWM', 'mode': 'binary', 'thr': 55, 'window': 'MAX', 'order': 2, 'rows': 4}
{'ticker': 'IWM', 'mode': 'binary', 'thr': 55, 'window': 'MAX', 'order': 3, 'rows': 8}
{'ticker': 'IWM', 'mode': 'binary', 'thr': 55, 'window': 'MAX', 'order': 4, 'rows': 16}
{'ticker': 'IWM', 'mode': 'binary', 'thr': 60, 'window': '1Y', 'order': 1, 'rows': 2}
{'ticker': 'IWM', 'mode': 'binary', 'thr': 60, 'window': '1Y', 'order': 2, 'rows': 4}
{'ticker': 'IWM', 'mode': 'binary', 'thr': 60, 'window': '1Y', 'order': 3, 'rows': 8}
{'ticker': 'IWM', 'mode': 'binary', 'thr': 60, 'window': '1Y', 'order': 4, 'rows': 15}
{'ticker': 'IWM', 'mode': 'binary', 'thr': 60, 'window': '2Y', 'order': 1, 'rows': 2}
{'ticker': 'IWM', 'mode': 'binary', 'thr': 60, 'window': '2Y', 'order': 2, 'rows': 4}
{'ticker': 'IWM', 'mode': 'binary', 'thr': 60, 'window': '2Y', 'order': 3, 'rows': 8}
{'ticker': 'IWM', 'mode': 'binary', 'thr': 60, 'window': '2Y', 'order': 4, 'rows': 16}
{'ticker': 'IWM', 'mode': 'binary', 'thr': 60, 'window': '5Y', 'order': 1, 'rows': 2}
{'ticker': 'IWM', 'mode': 'binary', 'thr': 60, 'window': '5Y', 'order': 2, 'rows': 4}
{'ticker': 'IWM', 'mode': 'binary', 'thr': 60, 'window': '5Y', 'order': 3, 'rows': 8}
{'ticker': 'IWM', 'mode': 'binary', 'thr': 60, 'window': '5Y', 'order': 4, 'rows': 16}
{'ticker': 'IWM', 'mode': 'binary', 'thr': 60, 'window': '10Y', 'order': 1, 'rows': 2}
{'ticker': 'IWM', 'mode': 'binary', 'thr': 60, 'window': '10Y', 'order': 2, 'rows': 4}
{'ticker': 'IWM', 'mode': 'binary', 'thr': 60, 'window': '10Y', 'order': 3, 'rows': 8}
{'ticker': 'IWM', 'mode': 'binary', 'thr': 60, 'window': '10Y', 'order': 4, 'rows': 16}
{'ticker': 'IWM', 'mode': 'binary', 'thr': 60, 'window': '20Y', 'order': 1, 'rows': 2}
{'ticker': 'IWM', 'mode': 'binary', 'thr': 60, 'window': '20Y', 'order': 2, 'rows': 4}
{'ticker': 'IWM', 'mode': 'binary', 'thr': 60, 'window': '20Y', 'order': 3, 'rows': 8}
{'ticker': 'IWM', 'mode': 'binary', 'thr': 60, 'window': '20Y', 'order': 4, 'rows': 16}
{'ticker': 'IWM', 'mode': 'binary', 'thr': 60, 'window': 'MAX', 'order': 1, 'rows': 2}
{'ticker': 'IWM', 'mode': 'binary', 'thr': 60, 'window': 'MAX', 'order': 2, 'rows': 4}
{'ticker': 'IWM', 'mode': 'binary', 'thr': 60, 'window': 'MAX', 'order': 3, 'rows': 8}
{'ticker': 'IWM', 'mode': 'binary', 'thr': 60, 'window': 'MAX', 'order': 4, 'rows': 16}
{'ticker': 'IWM', 'mode': 'binary', 'thr': 65, 'window': '1Y', 'order': 1, 'rows': 2}
{'ticker': 'IWM', 'mode': 'binary', 'thr': 65, 'window': '1Y', 'order': 2, 'rows': 4}
{'ticker': 'IWM', 'mode': 'binary', 'thr': 65, 'window': '1Y', 'order': 3, 'rows': 8}
{'ticker': 'IWM', 'mode': 'binary', 'thr': 65, 'window': '1Y', 'order': 4, 'rows': 15}
{'ticker': 'IWM', 'mode': 'binary', 'thr': 65, 'window': '2Y', 'order': 1, 'rows': 2}
{'ticker': 'IWM', 'mode': 'binary', 'thr': 65, 'window': '2Y', 'order': 2, 'rows': 4}
{'ticker': 'IWM', 'mode': 'binary', 'thr': 65, 'window': '2Y', 'order': 3, 'rows': 8}
{'ticker': 'IWM', 'mode': 'binary', 'thr': 65, 'window': '2Y', 'order': 4, 'rows': 16}
{'ticker': 'IWM', 'mode': 'binary', 'thr': 65, 'window': '5Y', 'order': 1, 'rows': 2}
{'ticker': 'IWM', 'mode': 'binary', 'thr': 65, 'window': '5Y', 'order': 2, 'rows': 4}
{'ticker': 'IWM', 'mode': 'binary', 'thr': 65, 'window': '5Y', 'order': 3, 'rows': 8}
{'ticker': 'IWM', 'mode': 'binary', 'thr': 65, 'window': '5Y', 'order': 4, 'rows': 16}
{'ticker': 'IWM', 'mode': 'binary', 'thr': 65, 'window': '10Y', 'order': 1, 'rows': 2}
{'ticker': 'IWM', 'mode': 'binary', 'thr': 65, 'window': '10Y', 'order': 2, 'rows': 4}
{'ticker': 'IWM', 'mode': 'binary', 'thr': 65, 'window': '10Y', 'order': 3, 'rows': 8}
{'ticker': 'IWM', 'mode': 'binary', 'thr': 65, 'window': '10Y', 'order': 4, 'rows': 16}
{'ticker': 'IWM', 'mode': 'binary', 'thr': 65, 'window': '20Y', 'order': 1, 'rows': 2}
{'ticker': 'IWM', 'mode': 'binary', 'thr': 65, 'window': '20Y', 'order': 2, 'rows': 4}
{'ticker': 'IWM', 'mode': 'binary', 'thr': 65, 'window': '20Y', 'order': 3, 'rows': 8}
{'ticker': 'IWM', 'mode': 'binary', 'thr': 65, 'window': '20Y', 'order': 4, 'rows': 16}
{'ticker': 'IWM', 'mode': 'binary', 'thr': 65, 'window': 'MAX', 'order': 1, 'rows': 2}2025-11-12 11:45:25,359 INFO [cli] {'ticker': 'IWM', 'mode': 'binary', 'thr': 85, 'window': '20Y', 'order': 4, 'rows': 16}
2025-11-12 11:45:25,369 INFO [cli] {'ticker': 'IWM', 'mode': 'binary', 'thr': 85, 'window': 'MAX', 'order': 1, 'rows': 2}
2025-11-12 11:45:25,379 INFO [cli] {'ticker': 'IWM', 'mode': 'binary', 'thr': 85, 'window': 'MAX', 'order': 2, 'rows': 4}
2025-11-12 11:45:25,388 INFO [cli] {'ticker': 'IWM', 'mode': 'binary', 'thr': 85, 'window': 'MAX', 'order': 3, 'rows': 8}
2025-11-12 11:45:25,400 INFO [cli] {'ticker': 'IWM', 'mode': 'binary', 'thr': 85, 'window': 'MAX', 'order': 4, 'rows': 16}
2025-11-12 11:45:25,416 INFO [cli] {'ticker': 'IWM', 'mode': 'binary', 'thr': 90, 'window': '1Y', 'order': 1, 'rows': 2}
2025-11-12 11:45:25,429 INFO [cli] {'ticker': 'IWM', 'mode': 'binary', 'thr': 90, 'window': '1Y', 'order': 2, 'rows': 4}
2025-11-12 11:45:25,444 INFO [cli] {'ticker': 'IWM', 'mode': 'binary', 'thr': 90, 'window': '1Y', 'order': 3, 'rows': 8}
2025-11-12 11:45:25,456 INFO [cli] {'ticker': 'IWM', 'mode': 'binary', 'thr': 90, 'window': '1Y', 'order': 4, 'rows': 15}
2025-11-12 11:45:25,468 INFO [cli] {'ticker': 'IWM', 'mode': 'binary', 'thr': 90, 'window': '2Y', 'order': 1, 'rows': 2}
2025-11-12 11:45:25,479 INFO [cli] {'ticker': 'IWM', 'mode': 'binary', 'thr': 90, 'window': '2Y', 'order': 2, 'rows': 4}
2025-11-12 11:45:25,490 INFO [cli] {'ticker': 'IWM', 'mode': 'binary', 'thr': 90, 'window': '2Y', 'order': 3, 'rows': 8}
2025-11-12 11:45:25,499 INFO [cli] {'ticker': 'IWM', 'mode': 'binary', 'thr': 90, 'window': '2Y', 'order': 4, 'rows': 16}
2025-11-12 11:45:25,509 INFO [cli] {'ticker': 'IWM', 'mode': 'binary', 'thr': 90, 'window': '5Y', 'order': 1, 'rows': 2}
2025-11-12 11:45:25,520 INFO [cli] {'ticker': 'IWM', 'mode': 'binary', 'thr': 90, 'window': '5Y', 'order': 2, 'rows': 4}
2025-11-12 11:45:25,534 INFO [cli] {'ticker': 'IWM', 'mode': 'binary', 'thr': 90, 'window': '5Y', 'order': 3, 'rows': 8}
2025-11-12 11:45:25,545 INFO [cli] {'ticker': 'IWM', 'mode': 'binary', 'thr': 90, 'window': '5Y', 'order': 4, 'rows': 16}
2025-11-12 11:45:25,556 INFO [cli] {'ticker': 'IWM', 'mode': 'binary', 'thr': 90, 'window': '10Y', 'order': 1, 'rows': 2}
2025-11-12 11:45:25,565 INFO [cli] {'ticker': 'IWM', 'mode': 'binary', 'thr': 90, 'window': '10Y', 'order': 2, 'rows': 4}
2025-11-12 11:45:25,574 INFO [cli] {'ticker': 'IWM', 'mode': 'binary', 'thr': 90, 'window': '10Y', 'order': 3, 'rows': 8}
2025-11-12 11:45:25,584 INFO [cli] {'ticker': 'IWM', 'mode': 'binary', 'thr': 90, 'window': '10Y', 'order': 4, 'rows': 16}
2025-11-12 11:45:25,595 INFO [cli] {'ticker': 'IWM', 'mode': 'binary', 'thr': 90, 'window': '20Y', 'order': 1, 'rows': 2}
2025-11-12 11:45:25,606 INFO [cli] {'ticker': 'IWM', 'mode': 'binary', 'thr': 90, 'window': '20Y', 'order': 2, 'rows': 4}
2025-11-12 11:45:25,616 INFO [cli] {'ticker': 'IWM', 'mode': 'binary', 'thr': 90, 'window': '20Y', 'order': 3, 'rows': 8}
2025-11-12 11:45:25,626 INFO [cli] {'ticker': 'IWM', 'mode': 'binary', 'thr': 90, 'window': '20Y', 'order': 4, 'rows': 16}
2025-11-12 11:45:25,638 INFO [cli] {'ticker': 'IWM', 'mode': 'binary', 'thr': 90, 'window': 'MAX', 'order': 1, 'rows': 2}
2025-11-12 11:45:25,658 INFO [cli] {'ticker': 'IWM', 'mode': 'binary', 'thr': 90, 'window': 'MAX', 'order': 2, 'rows': 4}
2025-11-12 11:45:25,669 INFO [cli] {'ticker': 'IWM', 'mode': 'binary', 'thr': 90, 'window': 'MAX', 'order': 3, 'rows': 8}
2025-11-12 11:45:25,680 INFO [cli] {'ticker': 'IWM', 'mode': 'binary', 'thr': 90, 'window': 'MAX', 'order': 4, 'rows': 16}
2025-11-12 11:45:25,696 INFO [cli] {'ticker': 'IWM', 'mode': 'binary', 'thr': 95, 'window': '1Y', 'order': 1, 'rows': 2}
2025-11-12 11:45:25,706 INFO [cli] {'ticker': 'IWM', 'mode': 'binary', 'thr': 95, 'window': '1Y', 'order': 2, 'rows': 4}
2025-11-12 11:45:25,717 INFO [cli] {'ticker': 'IWM', 'mode': 'binary', 'thr': 95, 'window': '1Y', 'order': 3, 'rows': 8}
2025-11-12 11:45:25,726 INFO [cli] {'ticker': 'IWM', 'mode': 'binary', 'thr': 95, 'window': '1Y', 'order': 4, 'rows': 15}
2025-11-12 11:45:25,738 INFO [cli] {'ticker': 'IWM', 'mode': 'binary', 'thr': 95, 'window': '2Y', 'order': 1, 'rows': 2}
2025-11-12 11:45:25,747 INFO [cli] {'ticker': 'IWM', 'mode': 'binary', 'thr': 95, 'window': '2Y', 'order': 2, 'rows': 4}
2025-11-12 11:45:25,757 INFO [cli] {'ticker': 'IWM', 'mode': 'binary', 'thr': 95, 'window': '2Y', 'order': 3, 'rows': 8}
2025-11-12 11:45:25,765 INFO [cli] {'ticker': 'IWM', 'mode': 'binary', 'thr': 95, 'window': '2Y', 'order': 4, 'rows': 16}
2025-11-12 11:45:25,777 INFO [cli] {'ticker': 'IWM', 'mode': 'binary', 'thr': 95, 'window': '5Y', 'order': 1, 'rows': 2}
2025-11-12 11:45:25,787 INFO [cli] {'ticker': 'IWM', 'mode': 'binary', 'thr': 95, 'window': '5Y', 'order': 2, 'rows': 4}
2025-11-12 11:45:25,796 INFO [cli] {'ticker': 'IWM', 'mode': 'binary', 'thr': 95, 'window': '5Y', 'order': 3, 'rows': 8}
2025-11-12 11:45:25,804 INFO [cli] {'ticker': 'IWM', 'mode': 'binary', 'thr': 95, 'window': '5Y', 'order': 4, 'rows': 16}
2025-11-12 11:45:25,816 INFO [cli] {'ticker': 'IWM', 'mode': 'binary', 'thr': 95, 'window': '10Y', 'order': 1, 'rows': 2}
2025-11-12 11:45:25,825 INFO [cli] {'ticker': 'IWM', 'mode': 'binary', 'thr': 95, 'window': '10Y', 'order': 2, 'rows': 4}
2025-11-12 11:45:25,834 INFO [cli] {'ticker': 'IWM', 'mode': 'binary', 'thr': 95, 'window': '10Y', 'order': 3, 'rows': 8}
2025-11-12 11:45:25,842 INFO [cli] {'ticker': 'IWM', 'mode': 'binary', 'thr': 95, 'window': '10Y', 'order': 4, 'rows': 16}
2025-11-12 11:45:25,851 INFO [cli] {'ticker': 'IWM', 'mode': 'binary', 'thr': 95, 'window': '20Y', 'order': 1, 'rows': 2}
2025-11-12 11:45:25,862 INFO [cli] {'ticker': 'IWM', 'mode': 'binary', 'thr': 95, 'window': '20Y', 'order': 2, 'rows': 4}
2025-11-12 11:45:25,869 INFO [cli] {'ticker': 'IWM', 'mode': 'binary', 'thr': 95, 'window': '20Y', 'order': 3, 'rows': 8}
2025-11-12 11:45:25,877 INFO [cli] {'ticker': 'IWM', 'mode': 'binary', 'thr': 95, 'window': '20Y', 'order': 4, 'rows': 16}
2025-11-12 11:45:25,888 INFO [cli] {'ticker': 'IWM', 'mode': 'binary', 'thr': 95, 'window': 'MAX', 'order': 1, 'rows': 2}
2025-11-12 11:45:25,897 INFO [cli] {'ticker': 'IWM', 'mode': 'binary', 'thr': 95, 'window': 'MAX', 'order': 2, 'rows': 4}
2025-11-12 11:45:25,906 INFO [cli] {'ticker': 'IWM', 'mode': 'binary', 'thr': 95, 'window': 'MAX', 'order': 3, 'rows': 8}
2025-11-12 11:45:25,916 INFO [cli] {'ticker': 'IWM', 'mode': 'binary', 'thr': 95, 'window': 'MAX', 'order': 4, 'rows': 16}
2025-11-12 11:45:25,932 INFO [cli] {'ticker': 'IWM', 'mode': 'binary', 'thr': 100, 'window': '1Y', 'order': 1, 'rows': 2}
2025-11-12 11:45:25,942 INFO [cli] {'ticker': 'IWM', 'mode': 'binary', 'thr': 100, 'window': '1Y', 'order': 2, 'rows': 4}
2025-11-12 11:45:25,950 INFO [cli] {'ticker': 'IWM', 'mode': 'binary', 'thr': 100, 'window': '1Y', 'order': 3, 'rows': 8}
2025-11-12 11:45:25,958 INFO [cli] {'ticker': 'IWM', 'mode': 'binary', 'thr': 100, 'window': '1Y', 'order': 4, 'rows': 15}
2025-11-12 11:45:25,968 INFO [cli] {'ticker': 'IWM', 'mode': 'binary', 'thr': 100, 'window': '2Y', 'order': 1, 'rows': 2}
2025-11-12 11:45:25,975 INFO [cli] {'ticker': 'IWM', 'mode': 'binary', 'thr': 100, 'window': '2Y', 'order': 2, 'rows': 4}
2025-11-12 11:45:25,985 INFO [cli] {'ticker': 'IWM', 'mode': 'binary', 'thr': 100, 'window': '2Y', 'order': 3, 'rows': 8}
2025-11-12 11:45:25,994 INFO [cli] {'ticker': 'IWM', 'mode': 'binary', 'thr': 100, 'window': '2Y', 'order': 4, 'rows': 16}
2025-11-12 11:45:26,004 INFO [cli] {'ticker': 'IWM', 'mode': 'binary', 'thr': 100, 'window': '5Y', 'order': 1, 'rows': 2}
2025-11-12 11:45:26,014 INFO [cli] {'ticker': 'IWM', 'mode': 'binary', 'thr': 100, 'window': '5Y', 'order': 2, 'rows': 4}
2025-11-12 11:45:26,024 INFO [cli] {'ticker': 'IWM', 'mode': 'binary', 'thr': 100, 'window': '5Y', 'order': 3, 'rows': 8}
2025-11-12 11:45:26,035 INFO [cli] {'ticker': 'IWM', 'mode': 'binary', 'thr': 100, 'window': '5Y', 'order': 4, 'rows': 16}
2025-11-12 11:45:26,044 INFO [cli] {'ticker': 'IWM', 'mode': 'binary', 'thr': 100, 'window': '10Y', 'order': 1, 'rows': 2}
2025-11-12 11:45:26,055 INFO [cli] {'ticker': 'IWM', 'mode': 'binary', 'thr': 100, 'window': '10Y', 'order': 2, 'rows': 4}
2025-11-12 11:45:26,065 INFO [cli] {'ticker': 'IWM', 'mode': 'binary', 'thr': 100, 'window': '10Y', 'order': 3, 'rows': 8}
2025-11-12 11:45:26,072 INFO [cli] {'ticker': 'IWM', 'mode': 'binary', 'thr': 100, 'window': '10Y', 'order': 4, 'rows': 16}
2025-11-12 11:45:26,083 INFO [cli] {'ticker': 'IWM', 'mode': 'binary', 'thr': 100, 'window': '20Y', 'order': 1, 'rows': 2}
2025-11-12 11:45:26,095 INFO [cli] {'ticker': 'IWM', 'mode': 'binary', 'thr': 100, 'window': '20Y', 'order': 2, 'rows': 4}
2025-11-12 11:45:26,107 INFO [cli] {'ticker': 'IWM', 'mode': 'binary', 'thr': 100, 'window': '20Y', 'order': 3, 'rows': 8}
2025-11-12 11:45:26,117 INFO [cli] {'ticker': 'IWM', 'mode': 'binary', 'thr': 100, 'window': '20Y', 'order': 4, 'rows': 16}
2025-11-12 11:45:26,126 INFO [cli] {'ticker': 'IWM', 'mode': 'binary', 'thr': 100, 'window': 'MAX', 'order': 1, 'rows': 2}
2025-11-12 11:45:26,136 INFO [cli] {'ticker': 'IWM', 'mode': 'binary', 'thr': 100, 'window': 'MAX', 'order': 2, 'rows': 4}
2025-11-12 11:45:26,147 INFO [cli] {'ticker': 'IWM', 'mode': 'binary', 'thr': 100, 'window': 'MAX', 'order': 3, 'rows': 8}
2025-11-12 11:45:26,158 INFO [cli] {'ticker': 'IWM', 'mode': 'binary', 'thr': 100, 'window': 'MAX', 'order': 4, 'rows': 16}
2025-11-12 11:45:26,176 INFO [cli] {'ticker': 'IWM', 'mode': 'binary', 'thr': 105, 'window': '1Y', 'order': 1, 'rows': 2}
2025-11-12 11:45:26,185 INFO [cli] {'ticker': 'IWM', 'mode': 'binary', 'thr': 105, 'window': '1Y', 'order': 2, 'rows': 4}
2025-11-12 11:45:26,194 INFO [cli] {'ticker': 'IWM', 'mode': 'binary', 'thr': 105, 'window': '1Y', 'order': 3, 'rows': 8}
2025-11-12 11:45:26,203 INFO [cli] {'ticker': 'IWM', 'mode': 'binary', 'thr': 105, 'window': '1Y', 'order': 4, 'rows': 15}
2025-11-12 11:45:26,213 INFO [cli] {'ticker': 'IWM', 'mode': 'binary', 'thr': 105, 'window': '2Y', 'order': 1, 'rows': 2}
2025-11-12 11:45:26,223 INFO [cli] {'ticker': 'IWM', 'mode': 'binary', 'thr': 105, 'window': '2Y', 'order': 2, 'rows': 4}
2025-11-12 11:45:26,231 INFO [cli] {'ticker': 'IWM', 'mode': 'binary', 'thr': 105, 'window': '2Y', 'order': 3, 'rows': 8}
2025-11-12 11:45:26,242 INFO [cli] {'ticker': 'IWM', 'mode': 'binary', 'thr': 105, 'window': '2Y', 'order': 4, 'rows': 16}
2025-11-12 11:45:26,253 INFO [cli] {'ticker': 'IWM', 'mode': 'binary', 'thr': 105, 'window': '5Y', 'order': 1, 'rows': 2}
2025-11-12 11:45:26,263 INFO [cli] {'ticker': 'IWM', 'mode': 'binary', 'thr': 105, 'window': '5Y', 'order': 2, 'rows': 4}
2025-11-12 11:45:26,271 INFO [cli] {'ticker': 'IWM', 'mode': 'binary', 'thr': 105, 'window': '5Y', 'order': 3, 'rows': 8}
2025-11-12 11:45:26,285 INFO [cli] {'ticker': 'IWM', 'mode': 'binary', 'thr': 105, 'window': '5Y', 'order': 4, 'rows': 16}
2025-11-12 11:45:26,295 INFO [cli] {'ticker': 'IWM', 'mode': 'binary', 'thr': 105, 'window': '10Y', 'order': 1, 'rows': 2}
2025-11-12 11:45:26,307 INFO [cli] {'ticker': 'IWM', 'mode': 'binary', 'thr': 105, 'window': '10Y', 'order': 2, 'rows': 4}
2025-11-12 11:45:26,317 INFO [cli] {'ticker': 'IWM', 'mode': 'binary', 'thr': 105, 'window': '10Y', 'order': 3, 'rows': 8}
2025-11-12 11:45:26,327 INFO [cli] {'ticker': 'IWM', 'mode': 'binary', 'thr': 105, 'window': '10Y', 'order': 4, 'rows': 16}
2025-11-12 11:45:26,339 INFO [cli] {'ticker': 'IWM', 'mode': 'binary', 'thr': 105, 'window': '20Y', 'order': 1, 'rows': 2}

{'ticker': 'IWM', 'mode': 'binary', 'thr': 65, 'window': 'MAX', 'order': 2, 'rows': 4}
{'ticker': 'IWM', 'mode': 'binary', 'thr': 65, 'window': 'MAX', 'order': 3, 'rows': 8}
{'ticker': 'IWM', 'mode': 'binary', 'thr': 65, 'window': 'MAX', 'order': 4, 'rows': 16}
{'ticker': 'IWM', 'mode': 'binary', 'thr': 70, 'window': '1Y', 'order': 1, 'rows': 2}
{'ticker': 'IWM', 'mode': 'binary', 'thr': 70, 'window': '1Y', 'order': 2, 'rows': 4}
{'ticker': 'IWM', 'mode': 'binary', 'thr': 70, 'window': '1Y', 'order': 3, 'rows': 8}
{'ticker': 'IWM', 'mode': 'binary', 'thr': 70, 'window': '1Y', 'order': 4, 'rows': 15}
{'ticker': 'IWM', 'mode': 'binary', 'thr': 70, 'window': '2Y', 'order': 1, 'rows': 2}
{'ticker': 'IWM', 'mode': 'binary', 'thr': 70, 'window': '2Y', 'order': 2, 'rows': 4}
{'ticker': 'IWM', 'mode': 'binary', 'thr': 70, 'window': '2Y', 'order': 3, 'rows': 8}
{'ticker': 'IWM', 'mode': 'binary', 'thr': 70, 'window': '2Y', 'order': 4, 'rows': 16}
{'ticker': 'IWM', 'mode': 'binary', 'thr': 70, 'window': '5Y', 'order': 1, 'rows': 2}
{'ticker': 'IWM', 'mode': 'binary', 'thr': 70, 'window': '5Y', 'order': 2, 'rows': 4}
{'ticker': 'IWM', 'mode': 'binary', 'thr': 70, 'window': '5Y', 'order': 3, 'rows': 8}
{'ticker': 'IWM', 'mode': 'binary', 'thr': 70, 'window': '5Y', 'order': 4, 'rows': 16}
{'ticker': 'IWM', 'mode': 'binary', 'thr': 70, 'window': '10Y', 'order': 1, 'rows': 2}
{'ticker': 'IWM', 'mode': 'binary', 'thr': 70, 'window': '10Y', 'order': 2, 'rows': 4}
{'ticker': 'IWM', 'mode': 'binary', 'thr': 70, 'window': '10Y', 'order': 3, 'rows': 8}
{'ticker': 'IWM', 'mode': 'binary', 'thr': 70, 'window': '10Y', 'order': 4, 'rows': 16}
{'ticker': 'IWM', 'mode': 'binary', 'thr': 70, 'window': '20Y', 'order': 1, 'rows': 2}
{'ticker': 'IWM', 'mode': 'binary', 'thr': 70, 'window': '20Y', 'order': 2, 'rows': 4}
{'ticker': 'IWM', 'mode': 'binary', 'thr': 70, 'window': '20Y', 'order': 3, 'rows': 8}
{'ticker': 'IWM', 'mode': 'binary', 'thr': 70, 'window': '20Y', 'order': 4, 'rows': 16}
{'ticker': 'IWM', 'mode': 'binary', 'thr': 70, 'window': 'MAX', 'order': 1, 'rows': 2}
{'ticker': 'IWM', 'mode': 'binary', 'thr': 70, 'window': 'MAX', 'order': 2, 'rows': 4}
{'ticker': 'IWM', 'mode': 'binary', 'thr': 70, 'window': 'MAX', 'order': 3, 'rows': 8}
{'ticker': 'IWM', 'mode': 'binary', 'thr': 70, 'window': 'MAX', 'order': 4, 'rows': 16}
{'ticker': 'IWM', 'mode': 'binary', 'thr': 75, 'window': '1Y', 'order': 1, 'rows': 2}
{'ticker': 'IWM', 'mode': 'binary', 'thr': 75, 'window': '1Y', 'order': 2, 'rows': 4}
{'ticker': 'IWM', 'mode': 'binary', 'thr': 75, 'window': '1Y', 'order': 3, 'rows': 8}
{'ticker': 'IWM', 'mode': 'binary', 'thr': 75, 'window': '1Y', 'order': 4, 'rows': 15}
{'ticker': 'IWM', 'mode': 'binary', 'thr': 75, 'window': '2Y', 'order': 1, 'rows': 2}
{'ticker': 'IWM', 'mode': 'binary', 'thr': 75, 'window': '2Y', 'order': 2, 'rows': 4}
{'ticker': 'IWM', 'mode': 'binary', 'thr': 75, 'window': '2Y', 'order': 3, 'rows': 8}
{'ticker': 'IWM', 'mode': 'binary', 'thr': 75, 'window': '2Y', 'order': 4, 'rows': 16}
{'ticker': 'IWM', 'mode': 'binary', 'thr': 75, 'window': '5Y', 'order': 1, 'rows': 2}
{'ticker': 'IWM', 'mode': 'binary', 'thr': 75, 'window': '5Y', 'order': 2, 'rows': 4}
{'ticker': 'IWM', 'mode': 'binary', 'thr': 75, 'window': '5Y', 'order': 3, 'rows': 8}
{'ticker': 'IWM', 'mode': 'binary', 'thr': 75, 'window': '5Y', 'order': 4, 'rows': 16}
{'ticker': 'IWM', 'mode': 'binary', 'thr': 75, 'window': '10Y', 'order': 1, 'rows': 2}
{'ticker': 'IWM', 'mode': 'binary', 'thr': 75, 'window': '10Y', 'order': 2, 'rows': 4}
{'ticker': 'IWM', 'mode': 'binary', 'thr': 75, 'window': '10Y', 'order': 3, 'rows': 8}
{'ticker': 'IWM', 'mode': 'binary', 'thr': 75, 'window': '10Y', 'order': 4, 'rows': 16}
{'ticker': 'IWM', 'mode': 'binary', 'thr': 75, 'window': '20Y', 'order': 1, 'rows': 2}
{'ticker': 'IWM', 'mode': 'binary', 'thr': 75, 'window': '20Y', 'order': 2, 'rows': 4}
{'ticker': 'IWM', 'mode': 'binary', 'thr': 75, 'window': '20Y', 'order': 3, 'rows': 8}
{'ticker': 'IWM', 'mode': 'binary', 'thr': 75, 'window': '20Y', 'order': 4, 'rows': 16}
{'ticker': 'IWM', 'mode': 'binary', 'thr': 75, 'window': 'MAX', 'order': 1, 'rows': 2}
{'ticker': 'IWM', 'mode': 'binary', 'thr': 75, 'window': 'MAX', 'order': 2, 'rows': 4}
{'ticker': 'IWM', 'mode': 'binary', 'thr': 75, 'window': 'MAX', 'order': 3, 'rows': 8}
{'ticker': 'IWM', 'mode': 'binary', 'thr': 75, 'window': 'MAX', 'order': 4, 'rows': 16}
{'ticker': 'IWM', 'mode': 'binary', 'thr': 80, 'window': '1Y', 'order': 1, 'rows': 2}
{'ticker': 'IWM', 'mode': 'binary', 'thr': 80, 'window': '1Y', 'order': 2, 'rows': 4}
{'ticker': 'IWM', 'mode': 'binary', 'thr': 80, 'window': '1Y', 'order': 3, 'rows': 8}
{'ticker': 'IWM', 'mode': 'binary', 'thr': 80, 'window': '1Y', 'order': 4, 'rows': 15}
{'ticker': 'IWM', 'mode': 'binary', 'thr': 80, 'window': '2Y', 'order': 1, 'rows': 2}
{'ticker': 'IWM', 'mode': 'binary', 'thr': 80, 'window': '2Y', 'order': 2, 'rows': 4}
{'ticker': 'IWM', 'mode': 'binary', 'thr': 80, 'window': '2Y', 'order': 3, 'rows': 8}
{'ticker': 'IWM', 'mode': 'binary', 'thr': 80, 'window': '2Y', 'order': 4, 'rows': 16}
{'ticker': 'IWM', 'mode': 'binary', 'thr': 80, 'window': '5Y', 'order': 1, 'rows': 2}
{'ticker': 'IWM', 'mode': 'binary', 'thr': 80, 'window': '5Y', 'order': 2, 'rows': 4}
{'ticker': 'IWM', 'mode': 'binary', 'thr': 80, 'window': '5Y', 'order': 3, 'rows': 8}
{'ticker': 'IWM', 'mode': 'binary', 'thr': 80, 'window': '5Y', 'order': 4, 'rows': 16}
{'ticker': 'IWM', 'mode': 'binary', 'thr': 80, 'window': '10Y', 'order': 1, 'rows': 2}
{'ticker': 'IWM', 'mode': 'binary', 'thr': 80, 'window': '10Y', 'order': 2, 'rows': 4}
{'ticker': 'IWM', 'mode': 'binary', 'thr': 80, 'window': '10Y', 'order': 3, 'rows': 8}
{'ticker': 'IWM', 'mode': 'binary', 'thr': 80, 'window': '10Y', 'order': 4, 'rows': 16}
{'ticker': 'IWM', 'mode': 'binary', 'thr': 80, 'window': '20Y', 'order': 1, 'rows': 2}
{'ticker': 'IWM', 'mode': 'binary', 'thr': 80, 'window': '20Y', 'order': 2, 'rows': 4}
{'ticker': 'IWM', 'mode': 'binary', 'thr': 80, 'window': '20Y', 'order': 3, 'rows': 8}
{'ticker': 'IWM', 'mode': 'binary', 'thr': 80, 'window': '20Y', 'order': 4, 'rows': 16}
{'ticker': 'IWM', 'mode': 'binary', 'thr': 80, 'window': 'MAX', 'order': 1, 'rows': 2}
{'ticker': 'IWM', 'mode': 'binary', 'thr': 80, 'window': 'MAX', 'order': 2, 'rows': 4}
{'ticker': 'IWM', 'mode': 'binary', 'thr': 80, 'window': 'MAX', 'order': 3, 'rows': 8}
{'ticker': 'IWM', 'mode': 'binary', 'thr': 80, 'window': 'MAX', 'order': 4, 'rows': 16}
{'ticker': 'IWM', 'mode': 'binary', 'thr': 85, 'window': '1Y', 'order': 1, 'rows': 2}
{'ticker': 'IWM', 'mode': 'binary', 'thr': 85, 'window': '1Y', 'order': 2, 'rows': 4}
{'ticker': 'IWM', 'mode': 'binary', 'thr': 85, 'window': '1Y', 'order': 3, 'rows': 8}
{'ticker': 'IWM', 'mode': 'binary', 'thr': 85, 'window': '1Y', 'order': 4, 'rows': 15}
{'ticker': 'IWM', 'mode': 'binary', 'thr': 85, 'window': '2Y', 'order': 1, 'rows': 2}
{'ticker': 'IWM', 'mode': 'binary', 'thr': 85, 'window': '2Y', 'order': 2, 'rows': 4}
{'ticker': 'IWM', 'mode': 'binary', 'thr': 85, 'window': '2Y', 'order': 3, 'rows': 8}
{'ticker': 'IWM', 'mode': 'binary', 'thr': 85, 'window': '2Y', 'order': 4, 'rows': 16}
{'ticker': 'IWM', 'mode': 'binary', 'thr': 85, 'window': '5Y', 'order': 1, 'rows': 2}
{'ticker': 'IWM', 'mode': 'binary', 'thr': 85, 'window': '5Y', 'order': 2, 'rows': 4}
{'ticker': 'IWM', 'mode': 'binary', 'thr': 85, 'window': '5Y', 'order': 3, 'rows': 8}
{'ticker': 'IWM', 'mode': 'binary', 'thr': 85, 'window': '5Y', 'order': 4, 'rows': 16}
{'ticker': 'IWM', 'mode': 'binary', 'thr': 85, 'window': '10Y', 'order': 1, 'rows': 2}
{'ticker': 'IWM', 'mode': 'binary', 'thr': 85, 'window': '10Y', 'order': 2, 'rows': 4}
{'ticker': 'IWM', 'mode': 'binary', 'thr': 85, 'window': '10Y', 'order': 3, 'rows': 8}
{'ticker': 'IWM', 'mode': 'binary', 'thr': 85, 'window': '10Y', 'order': 4, 'rows': 16}
{'ticker': 'IWM', 'mode': 'binary', 'thr': 85, 'window': '20Y', 'order': 1, 'rows': 2}
{'ticker': 'IWM', 'mode': 'binary', 'thr': 85, 'window': '20Y', 'order': 2, 'rows': 4}
{'ticker': 'IWM', 'mode': 'binary', 'thr': 85, 'window': '20Y', 'order': 3, 'rows': 8}
{'ticker': 'IWM', 'mode': 'binary', 'thr': 85, 'window': '20Y', 'order': 4, 'rows': 16}2025-11-12 11:45:26,353 INFO [cli] {'ticker': 'IWM', 'mode': 'binary', 'thr': 105, 'window': '20Y', 'order': 2, 'rows': 4}
2025-11-12 11:45:26,363 INFO [cli] {'ticker': 'IWM', 'mode': 'binary', 'thr': 105, 'window': '20Y', 'order': 3, 'rows': 8}
2025-11-12 11:45:26,371 INFO [cli] {'ticker': 'IWM', 'mode': 'binary', 'thr': 105, 'window': '20Y', 'order': 4, 'rows': 16}
2025-11-12 11:45:26,381 INFO [cli] {'ticker': 'IWM', 'mode': 'binary', 'thr': 105, 'window': 'MAX', 'order': 1, 'rows': 2}
2025-11-12 11:45:26,390 INFO [cli] {'ticker': 'IWM', 'mode': 'binary', 'thr': 105, 'window': 'MAX', 'order': 2, 'rows': 4}
2025-11-12 11:45:26,400 INFO [cli] {'ticker': 'IWM', 'mode': 'binary', 'thr': 105, 'window': 'MAX', 'order': 3, 'rows': 8}
2025-11-12 11:45:26,411 INFO [cli] {'ticker': 'IWM', 'mode': 'binary', 'thr': 105, 'window': 'MAX', 'order': 4, 'rows': 16}
2025-11-12 11:45:26,427 INFO [cli] {'ticker': 'IWM', 'mode': 'binary', 'thr': 110, 'window': '1Y', 'order': 1, 'rows': 2}
2025-11-12 11:45:26,437 INFO [cli] {'ticker': 'IWM', 'mode': 'binary', 'thr': 110, 'window': '1Y', 'order': 2, 'rows': 4}
2025-11-12 11:45:26,448 INFO [cli] {'ticker': 'IWM', 'mode': 'binary', 'thr': 110, 'window': '1Y', 'order': 3, 'rows': 8}
2025-11-12 11:45:26,458 INFO [cli] {'ticker': 'IWM', 'mode': 'binary', 'thr': 110, 'window': '1Y', 'order': 4, 'rows': 15}
2025-11-12 11:45:26,467 INFO [cli] {'ticker': 'IWM', 'mode': 'binary', 'thr': 110, 'window': '2Y', 'order': 1, 'rows': 2}
2025-11-12 11:45:26,477 INFO [cli] {'ticker': 'IWM', 'mode': 'binary', 'thr': 110, 'window': '2Y', 'order': 2, 'rows': 4}
2025-11-12 11:45:26,489 INFO [cli] {'ticker': 'IWM', 'mode': 'binary', 'thr': 110, 'window': '2Y', 'order': 3, 'rows': 8}
2025-11-12 11:45:26,499 INFO [cli] {'ticker': 'IWM', 'mode': 'binary', 'thr': 110, 'window': '2Y', 'order': 4, 'rows': 16}
2025-11-12 11:45:26,507 INFO [cli] {'ticker': 'IWM', 'mode': 'binary', 'thr': 110, 'window': '5Y', 'order': 1, 'rows': 2}
2025-11-12 11:45:26,517 INFO [cli] {'ticker': 'IWM', 'mode': 'binary', 'thr': 110, 'window': '5Y', 'order': 2, 'rows': 4}
2025-11-12 11:45:26,527 INFO [cli] {'ticker': 'IWM', 'mode': 'binary', 'thr': 110, 'window': '5Y', 'order': 3, 'rows': 8}
2025-11-12 11:45:26,537 INFO [cli] {'ticker': 'IWM', 'mode': 'binary', 'thr': 110, 'window': '5Y', 'order': 4, 'rows': 16}
2025-11-12 11:45:26,551 INFO [cli] {'ticker': 'IWM', 'mode': 'binary', 'thr': 110, 'window': '10Y', 'order': 1, 'rows': 2}
2025-11-12 11:45:26,570 INFO [cli] {'ticker': 'IWM', 'mode': 'binary', 'thr': 110, 'window': '10Y', 'order': 2, 'rows': 4}
2025-11-12 11:45:26,578 INFO [cli] {'ticker': 'IWM', 'mode': 'binary', 'thr': 110, 'window': '10Y', 'order': 3, 'rows': 8}
2025-11-12 11:45:26,591 INFO [cli] {'ticker': 'IWM', 'mode': 'binary', 'thr': 110, 'window': '10Y', 'order': 4, 'rows': 16}
2025-11-12 11:45:26,600 INFO [cli] {'ticker': 'IWM', 'mode': 'binary', 'thr': 110, 'window': '20Y', 'order': 1, 'rows': 2}
2025-11-12 11:45:26,611 INFO [cli] {'ticker': 'IWM', 'mode': 'binary', 'thr': 110, 'window': '20Y', 'order': 2, 'rows': 4}
2025-11-12 11:45:26,619 INFO [cli] {'ticker': 'IWM', 'mode': 'binary', 'thr': 110, 'window': '20Y', 'order': 3, 'rows': 8}
2025-11-12 11:45:26,630 INFO [cli] {'ticker': 'IWM', 'mode': 'binary', 'thr': 110, 'window': '20Y', 'order': 4, 'rows': 16}
2025-11-12 11:45:26,640 INFO [cli] {'ticker': 'IWM', 'mode': 'binary', 'thr': 110, 'window': 'MAX', 'order': 1, 'rows': 2}
2025-11-12 11:45:26,650 INFO [cli] {'ticker': 'IWM', 'mode': 'binary', 'thr': 110, 'window': 'MAX', 'order': 2, 'rows': 4}
2025-11-12 11:45:26,662 INFO [cli] {'ticker': 'IWM', 'mode': 'binary', 'thr': 110, 'window': 'MAX', 'order': 3, 'rows': 8}
2025-11-12 11:45:26,671 INFO [cli] {'ticker': 'IWM', 'mode': 'binary', 'thr': 110, 'window': 'MAX', 'order': 4, 'rows': 16}
2025-11-12 11:45:26,687 INFO [cli] {'ticker': 'IWM', 'mode': 'binary', 'thr': 115, 'window': '1Y', 'order': 1, 'rows': 2}
2025-11-12 11:45:26,698 INFO [cli] {'ticker': 'IWM', 'mode': 'binary', 'thr': 115, 'window': '1Y', 'order': 2, 'rows': 4}
2025-11-12 11:45:26,709 INFO [cli] {'ticker': 'IWM', 'mode': 'binary', 'thr': 115, 'window': '1Y', 'order': 3, 'rows': 8}
2025-11-12 11:45:26,718 INFO [cli] {'ticker': 'IWM', 'mode': 'binary', 'thr': 115, 'window': '1Y', 'order': 4, 'rows': 15}
2025-11-12 11:45:26,728 INFO [cli] {'ticker': 'IWM', 'mode': 'binary', 'thr': 115, 'window': '2Y', 'order': 1, 'rows': 2}
2025-11-12 11:45:26,742 INFO [cli] {'ticker': 'IWM', 'mode': 'binary', 'thr': 115, 'window': '2Y', 'order': 2, 'rows': 4}
2025-11-12 11:45:26,755 INFO [cli] {'ticker': 'IWM', 'mode': 'binary', 'thr': 115, 'window': '2Y', 'order': 3, 'rows': 8}
2025-11-12 11:45:26,764 INFO [cli] {'ticker': 'IWM', 'mode': 'binary', 'thr': 115, 'window': '2Y', 'order': 4, 'rows': 16}
2025-11-12 11:45:26,774 INFO [cli] {'ticker': 'IWM', 'mode': 'binary', 'thr': 115, 'window': '5Y', 'order': 1, 'rows': 2}
2025-11-12 11:45:26,785 INFO [cli] {'ticker': 'IWM', 'mode': 'binary', 'thr': 115, 'window': '5Y', 'order': 2, 'rows': 4}
2025-11-12 11:45:26,795 INFO [cli] {'ticker': 'IWM', 'mode': 'binary', 'thr': 115, 'window': '5Y', 'order': 3, 'rows': 8}
2025-11-12 11:45:26,805 INFO [cli] {'ticker': 'IWM', 'mode': 'binary', 'thr': 115, 'window': '5Y', 'order': 4, 'rows': 16}
2025-11-12 11:45:26,817 INFO [cli] {'ticker': 'IWM', 'mode': 'binary', 'thr': 115, 'window': '10Y', 'order': 1, 'rows': 2}
2025-11-12 11:45:26,828 INFO [cli] {'ticker': 'IWM', 'mode': 'binary', 'thr': 115, 'window': '10Y', 'order': 2, 'rows': 4}
2025-11-12 11:45:26,839 INFO [cli] {'ticker': 'IWM', 'mode': 'binary', 'thr': 115, 'window': '10Y', 'order': 3, 'rows': 8}
2025-11-12 11:45:26,848 INFO [cli] {'ticker': 'IWM', 'mode': 'binary', 'thr': 115, 'window': '10Y', 'order': 4, 'rows': 16}
2025-11-12 11:45:26,857 INFO [cli] {'ticker': 'IWM', 'mode': 'binary', 'thr': 115, 'window': '20Y', 'order': 1, 'rows': 2}
2025-11-12 11:45:26,867 INFO [cli] {'ticker': 'IWM', 'mode': 'binary', 'thr': 115, 'window': '20Y', 'order': 2, 'rows': 4}
2025-11-12 11:45:26,879 INFO [cli] {'ticker': 'IWM', 'mode': 'binary', 'thr': 115, 'window': '20Y', 'order': 3, 'rows': 8}
2025-11-12 11:45:26,891 INFO [cli] {'ticker': 'IWM', 'mode': 'binary', 'thr': 115, 'window': '20Y', 'order': 4, 'rows': 16}
2025-11-12 11:45:26,899 INFO [cli] {'ticker': 'IWM', 'mode': 'binary', 'thr': 115, 'window': 'MAX', 'order': 1, 'rows': 2}
2025-11-12 11:45:26,911 INFO [cli] {'ticker': 'IWM', 'mode': 'binary', 'thr': 115, 'window': 'MAX', 'order': 2, 'rows': 4}
2025-11-12 11:45:26,921 INFO [cli] {'ticker': 'IWM', 'mode': 'binary', 'thr': 115, 'window': 'MAX', 'order': 3, 'rows': 8}
2025-11-12 11:45:26,931 INFO [cli] {'ticker': 'IWM', 'mode': 'binary', 'thr': 115, 'window': 'MAX', 'order': 4, 'rows': 16}
2025-11-12 11:45:26,947 INFO [cli] {'ticker': 'IWM', 'mode': 'binary', 'thr': 120, 'window': '1Y', 'order': 1, 'rows': 2}
2025-11-12 11:45:26,958 INFO [cli] {'ticker': 'IWM', 'mode': 'binary', 'thr': 120, 'window': '1Y', 'order': 2, 'rows': 4}
2025-11-12 11:45:26,968 INFO [cli] {'ticker': 'IWM', 'mode': 'binary', 'thr': 120, 'window': '1Y', 'order': 3, 'rows': 8}
2025-11-12 11:45:26,978 INFO [cli] {'ticker': 'IWM', 'mode': 'binary', 'thr': 120, 'window': '1Y', 'order': 4, 'rows': 14}
2025-11-12 11:45:26,988 INFO [cli] {'ticker': 'IWM', 'mode': 'binary', 'thr': 120, 'window': '2Y', 'order': 1, 'rows': 2}
2025-11-12 11:45:27,000 INFO [cli] {'ticker': 'IWM', 'mode': 'binary', 'thr': 120, 'window': '2Y', 'order': 2, 'rows': 4}
2025-11-12 11:45:27,011 INFO [cli] {'ticker': 'IWM', 'mode': 'binary', 'thr': 120, 'window': '2Y', 'order': 3, 'rows': 8}
2025-11-12 11:45:27,021 INFO [cli] {'ticker': 'IWM', 'mode': 'binary', 'thr': 120, 'window': '2Y', 'order': 4, 'rows': 15}
2025-11-12 11:45:27,030 INFO [cli] {'ticker': 'IWM', 'mode': 'binary', 'thr': 120, 'window': '5Y', 'order': 1, 'rows': 2}
2025-11-12 11:45:27,041 INFO [cli] {'ticker': 'IWM', 'mode': 'binary', 'thr': 120, 'window': '5Y', 'order': 2, 'rows': 4}
2025-11-12 11:45:27,051 INFO [cli] {'ticker': 'IWM', 'mode': 'binary', 'thr': 120, 'window': '5Y', 'order': 3, 'rows': 8}
2025-11-12 11:45:27,059 INFO [cli] {'ticker': 'IWM', 'mode': 'binary', 'thr': 120, 'window': '5Y', 'order': 4, 'rows': 15}
2025-11-12 11:45:27,072 INFO [cli] {'ticker': 'IWM', 'mode': 'binary', 'thr': 120, 'window': '10Y', 'order': 1, 'rows': 2}
2025-11-12 11:45:27,082 INFO [cli] {'ticker': 'IWM', 'mode': 'binary', 'thr': 120, 'window': '10Y', 'order': 2, 'rows': 4}
2025-11-12 11:45:27,093 INFO [cli] {'ticker': 'IWM', 'mode': 'binary', 'thr': 120, 'window': '10Y', 'order': 3, 'rows': 8}
2025-11-12 11:45:27,104 INFO [cli] {'ticker': 'IWM', 'mode': 'binary', 'thr': 120, 'window': '10Y', 'order': 4, 'rows': 16}
2025-11-12 11:45:27,115 INFO [cli] {'ticker': 'IWM', 'mode': 'binary', 'thr': 120, 'window': '20Y', 'order': 1, 'rows': 2}
2025-11-12 11:45:27,124 INFO [cli] {'ticker': 'IWM', 'mode': 'binary', 'thr': 120, 'window': '20Y', 'order': 2, 'rows': 4}
2025-11-12 11:45:27,132 INFO [cli] {'ticker': 'IWM', 'mode': 'binary', 'thr': 120, 'window': '20Y', 'order': 3, 'rows': 8}
2025-11-12 11:45:27,141 INFO [cli] {'ticker': 'IWM', 'mode': 'binary', 'thr': 120, 'window': '20Y', 'order': 4, 'rows': 16}
2025-11-12 11:45:27,154 INFO [cli] {'ticker': 'IWM', 'mode': 'binary', 'thr': 120, 'window': 'MAX', 'order': 1, 'rows': 2}
2025-11-12 11:45:27,164 INFO [cli] {'ticker': 'IWM', 'mode': 'binary', 'thr': 120, 'window': 'MAX', 'order': 2, 'rows': 4}
2025-11-12 11:45:27,175 INFO [cli] {'ticker': 'IWM', 'mode': 'binary', 'thr': 120, 'window': 'MAX', 'order': 3, 'rows': 8}
2025-11-12 11:45:27,187 INFO [cli] {'ticker': 'IWM', 'mode': 'binary', 'thr': 120, 'window': 'MAX', 'order': 4, 'rows': 16}
2025-11-12 11:45:27,204 INFO [cli] {'ticker': 'IWM', 'mode': 'binary', 'thr': 125, 'window': '1Y', 'order': 1, 'rows': 2}
2025-11-12 11:45:27,216 INFO [cli] {'ticker': 'IWM', 'mode': 'binary', 'thr': 125, 'window': '1Y', 'order': 2, 'rows': 4}
2025-11-12 11:45:27,227 INFO [cli] {'ticker': 'IWM', 'mode': 'binary', 'thr': 125, 'window': '1Y', 'order': 3, 'rows': 8}
2025-11-12 11:45:27,241 INFO [cli] {'ticker': 'IWM', 'mode': 'binary', 'thr': 125, 'window': '1Y', 'order': 4, 'rows': 14}
2025-11-12 11:45:27,252 INFO [cli] {'ticker': 'IWM', 'mode': 'binary', 'thr': 125, 'window': '2Y', 'order': 1, 'rows': 2}
2025-11-12 11:45:27,263 INFO [cli] {'ticker': 'IWM', 'mode': 'binary', 'thr': 125, 'window': '2Y', 'order': 2, 'rows': 4}
2025-11-12 11:45:27,274 INFO [cli] {'ticker': 'IWM', 'mode': 'binary', 'thr': 125, 'window': '2Y', 'order': 3, 'rows': 8}
2025-11-12 11:45:27,283 INFO [cli] {'ticker': 'IWM', 'mode': 'binary', 'thr': 125, 'window': '2Y', 'order': 4, 'rows': 15}
2025-11-12 11:45:27,292 INFO [cli] {'ticker': 'IWM', 'mode': 'binary', 'thr': 125, 'window': '5Y', 'order': 1, 'rows': 2}
2025-11-12 11:45:27,304 INFO [cli] {'ticker': 'IWM', 'mode': 'binary', 'thr': 125, 'window': '5Y', 'order': 2, 'rows': 4}
2025-11-12 11:45:27,316 INFO [cli] {'ticker': 'IWM', 'mode': 'binary', 'thr': 125, 'window': '5Y', 'order': 3, 'rows': 8}
2025-11-12 11:45:27,326 INFO [cli] {'ticker': 'IWM', 'mode': 'binary', 'thr': 125, 'window': '5Y', 'order': 4, 'rows': 15}
2025-11-12 11:45:27,336 INFO [cli] {'ticker': 'IWM', 'mode': 'binary', 'thr': 125, 'window': '10Y', 'order': 1, 'rows': 2}
2025-11-12 11:45:27,345 INFO [cli] {'ticker': 'IWM', 'mode': 'binary', 'thr': 125, 'window': '10Y', 'order': 2, 'rows': 4}
2025-11-12 11:45:27,357 INFO [cli] {'ticker': 'IWM', 'mode': 'binary', 'thr': 125, 'window': '10Y', 'order': 3, 'rows': 8}

{'ticker': 'IWM', 'mode': 'binary', 'thr': 85, 'window': 'MAX', 'order': 1, 'rows': 2}
{'ticker': 'IWM', 'mode': 'binary', 'thr': 85, 'window': 'MAX', 'order': 2, 'rows': 4}
{'ticker': 'IWM', 'mode': 'binary', 'thr': 85, 'window': 'MAX', 'order': 3, 'rows': 8}
{'ticker': 'IWM', 'mode': 'binary', 'thr': 85, 'window': 'MAX', 'order': 4, 'rows': 16}
{'ticker': 'IWM', 'mode': 'binary', 'thr': 90, 'window': '1Y', 'order': 1, 'rows': 2}
{'ticker': 'IWM', 'mode': 'binary', 'thr': 90, 'window': '1Y', 'order': 2, 'rows': 4}
{'ticker': 'IWM', 'mode': 'binary', 'thr': 90, 'window': '1Y', 'order': 3, 'rows': 8}
{'ticker': 'IWM', 'mode': 'binary', 'thr': 90, 'window': '1Y', 'order': 4, 'rows': 15}
{'ticker': 'IWM', 'mode': 'binary', 'thr': 90, 'window': '2Y', 'order': 1, 'rows': 2}
{'ticker': 'IWM', 'mode': 'binary', 'thr': 90, 'window': '2Y', 'order': 2, 'rows': 4}
{'ticker': 'IWM', 'mode': 'binary', 'thr': 90, 'window': '2Y', 'order': 3, 'rows': 8}
{'ticker': 'IWM', 'mode': 'binary', 'thr': 90, 'window': '2Y', 'order': 4, 'rows': 16}
{'ticker': 'IWM', 'mode': 'binary', 'thr': 90, 'window': '5Y', 'order': 1, 'rows': 2}
{'ticker': 'IWM', 'mode': 'binary', 'thr': 90, 'window': '5Y', 'order': 2, 'rows': 4}
{'ticker': 'IWM', 'mode': 'binary', 'thr': 90, 'window': '5Y', 'order': 3, 'rows': 8}
{'ticker': 'IWM', 'mode': 'binary', 'thr': 90, 'window': '5Y', 'order': 4, 'rows': 16}
{'ticker': 'IWM', 'mode': 'binary', 'thr': 90, 'window': '10Y', 'order': 1, 'rows': 2}
{'ticker': 'IWM', 'mode': 'binary', 'thr': 90, 'window': '10Y', 'order': 2, 'rows': 4}
{'ticker': 'IWM', 'mode': 'binary', 'thr': 90, 'window': '10Y', 'order': 3, 'rows': 8}
{'ticker': 'IWM', 'mode': 'binary', 'thr': 90, 'window': '10Y', 'order': 4, 'rows': 16}
{'ticker': 'IWM', 'mode': 'binary', 'thr': 90, 'window': '20Y', 'order': 1, 'rows': 2}
{'ticker': 'IWM', 'mode': 'binary', 'thr': 90, 'window': '20Y', 'order': 2, 'rows': 4}
{'ticker': 'IWM', 'mode': 'binary', 'thr': 90, 'window': '20Y', 'order': 3, 'rows': 8}
{'ticker': 'IWM', 'mode': 'binary', 'thr': 90, 'window': '20Y', 'order': 4, 'rows': 16}
{'ticker': 'IWM', 'mode': 'binary', 'thr': 90, 'window': 'MAX', 'order': 1, 'rows': 2}
{'ticker': 'IWM', 'mode': 'binary', 'thr': 90, 'window': 'MAX', 'order': 2, 'rows': 4}
{'ticker': 'IWM', 'mode': 'binary', 'thr': 90, 'window': 'MAX', 'order': 3, 'rows': 8}
{'ticker': 'IWM', 'mode': 'binary', 'thr': 90, 'window': 'MAX', 'order': 4, 'rows': 16}
{'ticker': 'IWM', 'mode': 'binary', 'thr': 95, 'window': '1Y', 'order': 1, 'rows': 2}
{'ticker': 'IWM', 'mode': 'binary', 'thr': 95, 'window': '1Y', 'order': 2, 'rows': 4}
{'ticker': 'IWM', 'mode': 'binary', 'thr': 95, 'window': '1Y', 'order': 3, 'rows': 8}
{'ticker': 'IWM', 'mode': 'binary', 'thr': 95, 'window': '1Y', 'order': 4, 'rows': 15}
{'ticker': 'IWM', 'mode': 'binary', 'thr': 95, 'window': '2Y', 'order': 1, 'rows': 2}
{'ticker': 'IWM', 'mode': 'binary', 'thr': 95, 'window': '2Y', 'order': 2, 'rows': 4}
{'ticker': 'IWM', 'mode': 'binary', 'thr': 95, 'window': '2Y', 'order': 3, 'rows': 8}
{'ticker': 'IWM', 'mode': 'binary', 'thr': 95, 'window': '2Y', 'order': 4, 'rows': 16}
{'ticker': 'IWM', 'mode': 'binary', 'thr': 95, 'window': '5Y', 'order': 1, 'rows': 2}
{'ticker': 'IWM', 'mode': 'binary', 'thr': 95, 'window': '5Y', 'order': 2, 'rows': 4}
{'ticker': 'IWM', 'mode': 'binary', 'thr': 95, 'window': '5Y', 'order': 3, 'rows': 8}
{'ticker': 'IWM', 'mode': 'binary', 'thr': 95, 'window': '5Y', 'order': 4, 'rows': 16}
{'ticker': 'IWM', 'mode': 'binary', 'thr': 95, 'window': '10Y', 'order': 1, 'rows': 2}
{'ticker': 'IWM', 'mode': 'binary', 'thr': 95, 'window': '10Y', 'order': 2, 'rows': 4}
{'ticker': 'IWM', 'mode': 'binary', 'thr': 95, 'window': '10Y', 'order': 3, 'rows': 8}
{'ticker': 'IWM', 'mode': 'binary', 'thr': 95, 'window': '10Y', 'order': 4, 'rows': 16}
{'ticker': 'IWM', 'mode': 'binary', 'thr': 95, 'window': '20Y', 'order': 1, 'rows': 2}
{'ticker': 'IWM', 'mode': 'binary', 'thr': 95, 'window': '20Y', 'order': 2, 'rows': 4}
{'ticker': 'IWM', 'mode': 'binary', 'thr': 95, 'window': '20Y', 'order': 3, 'rows': 8}
{'ticker': 'IWM', 'mode': 'binary', 'thr': 95, 'window': '20Y', 'order': 4, 'rows': 16}
{'ticker': 'IWM', 'mode': 'binary', 'thr': 95, 'window': 'MAX', 'order': 1, 'rows': 2}
{'ticker': 'IWM', 'mode': 'binary', 'thr': 95, 'window': 'MAX', 'order': 2, 'rows': 4}
{'ticker': 'IWM', 'mode': 'binary', 'thr': 95, 'window': 'MAX', 'order': 3, 'rows': 8}
{'ticker': 'IWM', 'mode': 'binary', 'thr': 95, 'window': 'MAX', 'order': 4, 'rows': 16}
{'ticker': 'IWM', 'mode': 'binary', 'thr': 100, 'window': '1Y', 'order': 1, 'rows': 2}
{'ticker': 'IWM', 'mode': 'binary', 'thr': 100, 'window': '1Y', 'order': 2, 'rows': 4}
{'ticker': 'IWM', 'mode': 'binary', 'thr': 100, 'window': '1Y', 'order': 3, 'rows': 8}
{'ticker': 'IWM', 'mode': 'binary', 'thr': 100, 'window': '1Y', 'order': 4, 'rows': 15}
{'ticker': 'IWM', 'mode': 'binary', 'thr': 100, 'window': '2Y', 'order': 1, 'rows': 2}
{'ticker': 'IWM', 'mode': 'binary', 'thr': 100, 'window': '2Y', 'order': 2, 'rows': 4}
{'ticker': 'IWM', 'mode': 'binary', 'thr': 100, 'window': '2Y', 'order': 3, 'rows': 8}
{'ticker': 'IWM', 'mode': 'binary', 'thr': 100, 'window': '2Y', 'order': 4, 'rows': 16}
{'ticker': 'IWM', 'mode': 'binary', 'thr': 100, 'window': '5Y', 'order': 1, 'rows': 2}
{'ticker': 'IWM', 'mode': 'binary', 'thr': 100, 'window': '5Y', 'order': 2, 'rows': 4}
{'ticker': 'IWM', 'mode': 'binary', 'thr': 100, 'window': '5Y', 'order': 3, 'rows': 8}
{'ticker': 'IWM', 'mode': 'binary', 'thr': 100, 'window': '5Y', 'order': 4, 'rows': 16}
{'ticker': 'IWM', 'mode': 'binary', 'thr': 100, 'window': '10Y', 'order': 1, 'rows': 2}
{'ticker': 'IWM', 'mode': 'binary', 'thr': 100, 'window': '10Y', 'order': 2, 'rows': 4}
{'ticker': 'IWM', 'mode': 'binary', 'thr': 100, 'window': '10Y', 'order': 3, 'rows': 8}
{'ticker': 'IWM', 'mode': 'binary', 'thr': 100, 'window': '10Y', 'order': 4, 'rows': 16}
{'ticker': 'IWM', 'mode': 'binary', 'thr': 100, 'window': '20Y', 'order': 1, 'rows': 2}
{'ticker': 'IWM', 'mode': 'binary', 'thr': 100, 'window': '20Y', 'order': 2, 'rows': 4}
{'ticker': 'IWM', 'mode': 'binary', 'thr': 100, 'window': '20Y', 'order': 3, 'rows': 8}
{'ticker': 'IWM', 'mode': 'binary', 'thr': 100, 'window': '20Y', 'order': 4, 'rows': 16}
{'ticker': 'IWM', 'mode': 'binary', 'thr': 100, 'window': 'MAX', 'order': 1, 'rows': 2}
{'ticker': 'IWM', 'mode': 'binary', 'thr': 100, 'window': 'MAX', 'order': 2, 'rows': 4}
{'ticker': 'IWM', 'mode': 'binary', 'thr': 100, 'window': 'MAX', 'order': 3, 'rows': 8}
{'ticker': 'IWM', 'mode': 'binary', 'thr': 100, 'window': 'MAX', 'order': 4, 'rows': 16}
{'ticker': 'IWM', 'mode': 'binary', 'thr': 105, 'window': '1Y', 'order': 1, 'rows': 2}
{'ticker': 'IWM', 'mode': 'binary', 'thr': 105, 'window': '1Y', 'order': 2, 'rows': 4}
{'ticker': 'IWM', 'mode': 'binary', 'thr': 105, 'window': '1Y', 'order': 3, 'rows': 8}
{'ticker': 'IWM', 'mode': 'binary', 'thr': 105, 'window': '1Y', 'order': 4, 'rows': 15}
{'ticker': 'IWM', 'mode': 'binary', 'thr': 105, 'window': '2Y', 'order': 1, 'rows': 2}
{'ticker': 'IWM', 'mode': 'binary', 'thr': 105, 'window': '2Y', 'order': 2, 'rows': 4}
{'ticker': 'IWM', 'mode': 'binary', 'thr': 105, 'window': '2Y', 'order': 3, 'rows': 8}
{'ticker': 'IWM', 'mode': 'binary', 'thr': 105, 'window': '2Y', 'order': 4, 'rows': 16}
{'ticker': 'IWM', 'mode': 'binary', 'thr': 105, 'window': '5Y', 'order': 1, 'rows': 2}
{'ticker': 'IWM', 'mode': 'binary', 'thr': 105, 'window': '5Y', 'order': 2, 'rows': 4}
{'ticker': 'IWM', 'mode': 'binary', 'thr': 105, 'window': '5Y', 'order': 3, 'rows': 8}
{'ticker': 'IWM', 'mode': 'binary', 'thr': 105, 'window': '5Y', 'order': 4, 'rows': 16}
{'ticker': 'IWM', 'mode': 'binary', 'thr': 105, 'window': '10Y', 'order': 1, 'rows': 2}
{'ticker': 'IWM', 'mode': 'binary', 'thr': 105, 'window': '10Y', 'order': 2, 'rows': 4}
{'ticker': 'IWM', 'mode': 'binary', 'thr': 105, 'window': '10Y', 'order': 3, 'rows': 8}
{'ticker': 'IWM', 'mode': 'binary', 'thr': 105, 'window': '10Y', 'order': 4, 'rows': 16}
{'ticker': 'IWM', 'mode': 'binary', 'thr': 105, 'window': '20Y', 'order': 1, 'rows': 2}
{'ticker': 'IWM', 'mode': 'binary', 'thr': 105, 'window': '20Y', 'order': 2, 'rows': 4}2025-11-12 11:45:27,367 INFO [cli] {'ticker': 'IWM', 'mode': 'binary', 'thr': 125, 'window': '10Y', 'order': 4, 'rows': 16}
2025-11-12 11:45:27,378 INFO [cli] {'ticker': 'IWM', 'mode': 'binary', 'thr': 125, 'window': '20Y', 'order': 1, 'rows': 2}
2025-11-12 11:45:27,389 INFO [cli] {'ticker': 'IWM', 'mode': 'binary', 'thr': 125, 'window': '20Y', 'order': 2, 'rows': 4}
2025-11-12 11:45:27,402 INFO [cli] {'ticker': 'IWM', 'mode': 'binary', 'thr': 125, 'window': '20Y', 'order': 3, 'rows': 8}
2025-11-12 11:45:27,413 INFO [cli] {'ticker': 'IWM', 'mode': 'binary', 'thr': 125, 'window': '20Y', 'order': 4, 'rows': 16}
2025-11-12 11:45:27,425 INFO [cli] {'ticker': 'IWM', 'mode': 'binary', 'thr': 125, 'window': 'MAX', 'order': 1, 'rows': 2}
2025-11-12 11:45:27,441 INFO [cli] {'ticker': 'IWM', 'mode': 'binary', 'thr': 125, 'window': 'MAX', 'order': 2, 'rows': 4}
2025-11-12 11:45:27,453 INFO [cli] {'ticker': 'IWM', 'mode': 'binary', 'thr': 125, 'window': 'MAX', 'order': 3, 'rows': 8}
2025-11-12 11:45:27,462 INFO [cli] {'ticker': 'IWM', 'mode': 'binary', 'thr': 125, 'window': 'MAX', 'order': 4, 'rows': 16}
2025-11-12 11:45:27,478 INFO [cli] {'ticker': 'IWM', 'mode': 'binary', 'thr': 130, 'window': '1Y', 'order': 1, 'rows': 2}
2025-11-12 11:45:27,490 INFO [cli] {'ticker': 'IWM', 'mode': 'binary', 'thr': 130, 'window': '1Y', 'order': 2, 'rows': 4}
2025-11-12 11:45:27,499 INFO [cli] {'ticker': 'IWM', 'mode': 'binary', 'thr': 130, 'window': '1Y', 'order': 3, 'rows': 8}
2025-11-12 11:45:27,510 INFO [cli] {'ticker': 'IWM', 'mode': 'binary', 'thr': 130, 'window': '1Y', 'order': 4, 'rows': 13}
2025-11-12 11:45:27,532 INFO [cli] {'ticker': 'IWM', 'mode': 'binary', 'thr': 130, 'window': '2Y', 'order': 1, 'rows': 2}
2025-11-12 11:45:27,543 INFO [cli] {'ticker': 'IWM', 'mode': 'binary', 'thr': 130, 'window': '2Y', 'order': 2, 'rows': 4}
2025-11-12 11:45:27,551 INFO [cli] {'ticker': 'IWM', 'mode': 'binary', 'thr': 130, 'window': '2Y', 'order': 3, 'rows': 8}
2025-11-12 11:45:27,562 INFO [cli] {'ticker': 'IWM', 'mode': 'binary', 'thr': 130, 'window': '2Y', 'order': 4, 'rows': 15}
2025-11-12 11:45:27,573 INFO [cli] {'ticker': 'IWM', 'mode': 'binary', 'thr': 130, 'window': '5Y', 'order': 1, 'rows': 2}
2025-11-12 11:45:27,583 INFO [cli] {'ticker': 'IWM', 'mode': 'binary', 'thr': 130, 'window': '5Y', 'order': 2, 'rows': 4}
2025-11-12 11:45:27,595 INFO [cli] {'ticker': 'IWM', 'mode': 'binary', 'thr': 130, 'window': '5Y', 'order': 3, 'rows': 8}
2025-11-12 11:45:27,605 INFO [cli] {'ticker': 'IWM', 'mode': 'binary', 'thr': 130, 'window': '5Y', 'order': 4, 'rows': 15}
2025-11-12 11:45:27,615 INFO [cli] {'ticker': 'IWM', 'mode': 'binary', 'thr': 130, 'window': '10Y', 'order': 1, 'rows': 2}
2025-11-12 11:45:27,624 INFO [cli] {'ticker': 'IWM', 'mode': 'binary', 'thr': 130, 'window': '10Y', 'order': 2, 'rows': 4}
2025-11-12 11:45:27,633 INFO [cli] {'ticker': 'IWM', 'mode': 'binary', 'thr': 130, 'window': '10Y', 'order': 3, 'rows': 8}
2025-11-12 11:45:27,645 INFO [cli] {'ticker': 'IWM', 'mode': 'binary', 'thr': 130, 'window': '10Y', 'order': 4, 'rows': 16}
2025-11-12 11:45:27,654 INFO [cli] {'ticker': 'IWM', 'mode': 'binary', 'thr': 130, 'window': '20Y', 'order': 1, 'rows': 2}
2025-11-12 11:45:27,664 INFO [cli] {'ticker': 'IWM', 'mode': 'binary', 'thr': 130, 'window': '20Y', 'order': 2, 'rows': 4}
2025-11-12 11:45:27,675 INFO [cli] {'ticker': 'IWM', 'mode': 'binary', 'thr': 130, 'window': '20Y', 'order': 3, 'rows': 8}
2025-11-12 11:45:27,685 INFO [cli] {'ticker': 'IWM', 'mode': 'binary', 'thr': 130, 'window': '20Y', 'order': 4, 'rows': 16}
2025-11-12 11:45:27,697 INFO [cli] {'ticker': 'IWM', 'mode': 'binary', 'thr': 130, 'window': 'MAX', 'order': 1, 'rows': 2}
2025-11-12 11:45:27,707 INFO [cli] {'ticker': 'IWM', 'mode': 'binary', 'thr': 130, 'window': 'MAX', 'order': 2, 'rows': 4}
2025-11-12 11:45:27,717 INFO [cli] {'ticker': 'IWM', 'mode': 'binary', 'thr': 130, 'window': 'MAX', 'order': 3, 'rows': 8}
2025-11-12 11:45:27,725 INFO [cli] {'ticker': 'IWM', 'mode': 'binary', 'thr': 130, 'window': 'MAX', 'order': 4, 'rows': 16}
2025-11-12 11:45:27,740 INFO [cli] {'ticker': 'IWM', 'mode': 'binary', 'thr': 135, 'window': '1Y', 'order': 1, 'rows': 2}
2025-11-12 11:45:27,751 INFO [cli] {'ticker': 'IWM', 'mode': 'binary', 'thr': 135, 'window': '1Y', 'order': 2, 'rows': 4}
2025-11-12 11:45:27,763 INFO [cli] {'ticker': 'IWM', 'mode': 'binary', 'thr': 135, 'window': '1Y', 'order': 3, 'rows': 8}
2025-11-12 11:45:27,775 INFO [cli] {'ticker': 'IWM', 'mode': 'binary', 'thr': 135, 'window': '1Y', 'order': 4, 'rows': 13}
2025-11-12 11:45:27,785 INFO [cli] {'ticker': 'IWM', 'mode': 'binary', 'thr': 135, 'window': '2Y', 'order': 1, 'rows': 2}
2025-11-12 11:45:27,792 INFO [cli] {'ticker': 'IWM', 'mode': 'binary', 'thr': 135, 'window': '2Y', 'order': 2, 'rows': 4}
2025-11-12 11:45:27,804 INFO [cli] {'ticker': 'IWM', 'mode': 'binary', 'thr': 135, 'window': '2Y', 'order': 3, 'rows': 8}
2025-11-12 11:45:27,812 INFO [cli] {'ticker': 'IWM', 'mode': 'binary', 'thr': 135, 'window': '2Y', 'order': 4, 'rows': 15}
2025-11-12 11:45:27,823 INFO [cli] {'ticker': 'IWM', 'mode': 'binary', 'thr': 135, 'window': '5Y', 'order': 1, 'rows': 2}
2025-11-12 11:45:27,836 INFO [cli] {'ticker': 'IWM', 'mode': 'binary', 'thr': 135, 'window': '5Y', 'order': 2, 'rows': 4}
2025-11-12 11:45:27,846 INFO [cli] {'ticker': 'IWM', 'mode': 'binary', 'thr': 135, 'window': '5Y', 'order': 3, 'rows': 8}
2025-11-12 11:45:27,857 INFO [cli] {'ticker': 'IWM', 'mode': 'binary', 'thr': 135, 'window': '5Y', 'order': 4, 'rows': 15}
2025-11-12 11:45:27,867 INFO [cli] {'ticker': 'IWM', 'mode': 'binary', 'thr': 135, 'window': '10Y', 'order': 1, 'rows': 2}
2025-11-12 11:45:27,878 INFO [cli] {'ticker': 'IWM', 'mode': 'binary', 'thr': 135, 'window': '10Y', 'order': 2, 'rows': 4}
2025-11-12 11:45:27,890 INFO [cli] {'ticker': 'IWM', 'mode': 'binary', 'thr': 135, 'window': '10Y', 'order': 3, 'rows': 8}
2025-11-12 11:45:27,902 INFO [cli] {'ticker': 'IWM', 'mode': 'binary', 'thr': 135, 'window': '10Y', 'order': 4, 'rows': 16}
2025-11-12 11:45:27,912 INFO [cli] {'ticker': 'IWM', 'mode': 'binary', 'thr': 135, 'window': '20Y', 'order': 1, 'rows': 2}
2025-11-12 11:45:27,922 INFO [cli] {'ticker': 'IWM', 'mode': 'binary', 'thr': 135, 'window': '20Y', 'order': 2, 'rows': 4}
2025-11-12 11:45:27,932 INFO [cli] {'ticker': 'IWM', 'mode': 'binary', 'thr': 135, 'window': '20Y', 'order': 3, 'rows': 8}
2025-11-12 11:45:27,939 INFO [cli] {'ticker': 'IWM', 'mode': 'binary', 'thr': 135, 'window': '20Y', 'order': 4, 'rows': 16}
2025-11-12 11:45:27,949 INFO [cli] {'ticker': 'IWM', 'mode': 'binary', 'thr': 135, 'window': 'MAX', 'order': 1, 'rows': 2}
2025-11-12 11:45:27,959 INFO [cli] {'ticker': 'IWM', 'mode': 'binary', 'thr': 135, 'window': 'MAX', 'order': 2, 'rows': 4}
2025-11-12 11:45:27,970 INFO [cli] {'ticker': 'IWM', 'mode': 'binary', 'thr': 135, 'window': 'MAX', 'order': 3, 'rows': 8}
2025-11-12 11:45:27,980 INFO [cli] {'ticker': 'IWM', 'mode': 'binary', 'thr': 135, 'window': 'MAX', 'order': 4, 'rows': 16}
2025-11-12 11:45:27,996 INFO [cli] {'ticker': 'IWM', 'mode': 'binary', 'thr': 140, 'window': '1Y', 'order': 1, 'rows': 2}
2025-11-12 11:45:28,006 INFO [cli] {'ticker': 'IWM', 'mode': 'binary', 'thr': 140, 'window': '1Y', 'order': 2, 'rows': 4}
2025-11-12 11:45:28,018 INFO [cli] {'ticker': 'IWM', 'mode': 'binary', 'thr': 140, 'window': '1Y', 'order': 3, 'rows': 8}
2025-11-12 11:45:28,030 INFO [cli] {'ticker': 'IWM', 'mode': 'binary', 'thr': 140, 'window': '1Y', 'order': 4, 'rows': 13}
2025-11-12 11:45:28,039 INFO [cli] {'ticker': 'IWM', 'mode': 'binary', 'thr': 140, 'window': '2Y', 'order': 1, 'rows': 2}
2025-11-12 11:45:28,050 INFO [cli] {'ticker': 'IWM', 'mode': 'binary', 'thr': 140, 'window': '2Y', 'order': 2, 'rows': 4}
2025-11-12 11:45:28,063 INFO [cli] {'ticker': 'IWM', 'mode': 'binary', 'thr': 140, 'window': '2Y', 'order': 3, 'rows': 8}
2025-11-12 11:45:28,073 INFO [cli] {'ticker': 'IWM', 'mode': 'binary', 'thr': 140, 'window': '2Y', 'order': 4, 'rows': 15}
2025-11-12 11:45:28,084 INFO [cli] {'ticker': 'IWM', 'mode': 'binary', 'thr': 140, 'window': '5Y', 'order': 1, 'rows': 2}
2025-11-12 11:45:28,097 INFO [cli] {'ticker': 'IWM', 'mode': 'binary', 'thr': 140, 'window': '5Y', 'order': 2, 'rows': 4}
2025-11-12 11:45:28,109 INFO [cli] {'ticker': 'IWM', 'mode': 'binary', 'thr': 140, 'window': '5Y', 'order': 3, 'rows': 8}
2025-11-12 11:45:28,120 INFO [cli] {'ticker': 'IWM', 'mode': 'binary', 'thr': 140, 'window': '5Y', 'order': 4, 'rows': 15}
2025-11-12 11:45:28,131 INFO [cli] {'ticker': 'IWM', 'mode': 'binary', 'thr': 140, 'window': '10Y', 'order': 1, 'rows': 2}
2025-11-12 11:45:28,142 INFO [cli] {'ticker': 'IWM', 'mode': 'binary', 'thr': 140, 'window': '10Y', 'order': 2, 'rows': 4}
2025-11-12 11:45:28,152 INFO [cli] {'ticker': 'IWM', 'mode': 'binary', 'thr': 140, 'window': '10Y', 'order': 3, 'rows': 8}
2025-11-12 11:45:28,162 INFO [cli] {'ticker': 'IWM', 'mode': 'binary', 'thr': 140, 'window': '10Y', 'order': 4, 'rows': 16}
2025-11-12 11:45:28,170 INFO [cli] {'ticker': 'IWM', 'mode': 'binary', 'thr': 140, 'window': '20Y', 'order': 1, 'rows': 2}
2025-11-12 11:45:28,181 INFO [cli] {'ticker': 'IWM', 'mode': 'binary', 'thr': 140, 'window': '20Y', 'order': 2, 'rows': 4}
2025-11-12 11:45:28,192 INFO [cli] {'ticker': 'IWM', 'mode': 'binary', 'thr': 140, 'window': '20Y', 'order': 3, 'rows': 8}
2025-11-12 11:45:28,203 INFO [cli] {'ticker': 'IWM', 'mode': 'binary', 'thr': 140, 'window': '20Y', 'order': 4, 'rows': 16}
2025-11-12 11:45:28,212 INFO [cli] {'ticker': 'IWM', 'mode': 'binary', 'thr': 140, 'window': 'MAX', 'order': 1, 'rows': 2}
2025-11-12 11:45:28,229 INFO [cli] {'ticker': 'IWM', 'mode': 'binary', 'thr': 140, 'window': 'MAX', 'order': 2, 'rows': 4}
2025-11-12 11:45:28,240 INFO [cli] {'ticker': 'IWM', 'mode': 'binary', 'thr': 140, 'window': 'MAX', 'order': 3, 'rows': 8}
2025-11-12 11:45:28,253 INFO [cli] {'ticker': 'IWM', 'mode': 'binary', 'thr': 140, 'window': 'MAX', 'order': 4, 'rows': 16}
2025-11-12 11:45:28,268 INFO [cli] {'ticker': 'IWM', 'mode': 'binary', 'thr': 145, 'window': '1Y', 'order': 1, 'rows': 2}
2025-11-12 11:45:28,279 INFO [cli] {'ticker': 'IWM', 'mode': 'binary', 'thr': 145, 'window': '1Y', 'order': 2, 'rows': 4}
2025-11-12 11:45:28,290 INFO [cli] {'ticker': 'IWM', 'mode': 'binary', 'thr': 145, 'window': '1Y', 'order': 3, 'rows': 8}
2025-11-12 11:45:28,301 INFO [cli] {'ticker': 'IWM', 'mode': 'binary', 'thr': 145, 'window': '1Y', 'order': 4, 'rows': 13}
2025-11-12 11:45:28,312 INFO [cli] {'ticker': 'IWM', 'mode': 'binary', 'thr': 145, 'window': '2Y', 'order': 1, 'rows': 2}
2025-11-12 11:45:28,321 INFO [cli] {'ticker': 'IWM', 'mode': 'binary', 'thr': 145, 'window': '2Y', 'order': 2, 'rows': 4}
2025-11-12 11:45:28,331 INFO [cli] {'ticker': 'IWM', 'mode': 'binary', 'thr': 145, 'window': '2Y', 'order': 3, 'rows': 8}
2025-11-12 11:45:28,340 INFO [cli] {'ticker': 'IWM', 'mode': 'binary', 'thr': 145, 'window': '2Y', 'order': 4, 'rows': 15}
2025-11-12 11:45:28,350 INFO [cli] {'ticker': 'IWM', 'mode': 'binary', 'thr': 145, 'window': '5Y', 'order': 1, 'rows': 2}
2025-11-12 11:45:28,358 INFO [cli] {'ticker': 'IWM', 'mode': 'binary', 'thr': 145, 'window': '5Y', 'order': 2, 'rows': 4}
2025-11-12 11:45:28,368 INFO [cli] {'ticker': 'IWM', 'mode': 'binary', 'thr': 145, 'window': '5Y', 'order': 3, 'rows': 8}
2025-11-12 11:45:28,379 INFO [cli] {'ticker': 'IWM', 'mode': 'binary', 'thr': 145, 'window': '5Y', 'order': 4, 'rows': 15}
2025-11-12 11:45:28,391 INFO [cli] {'ticker': 'IWM', 'mode': 'binary', 'thr': 145, 'window': '10Y', 'order': 1, 'rows': 2}

{'ticker': 'IWM', 'mode': 'binary', 'thr': 105, 'window': '20Y', 'order': 3, 'rows': 8}
{'ticker': 'IWM', 'mode': 'binary', 'thr': 105, 'window': '20Y', 'order': 4, 'rows': 16}
{'ticker': 'IWM', 'mode': 'binary', 'thr': 105, 'window': 'MAX', 'order': 1, 'rows': 2}
{'ticker': 'IWM', 'mode': 'binary', 'thr': 105, 'window': 'MAX', 'order': 2, 'rows': 4}
{'ticker': 'IWM', 'mode': 'binary', 'thr': 105, 'window': 'MAX', 'order': 3, 'rows': 8}
{'ticker': 'IWM', 'mode': 'binary', 'thr': 105, 'window': 'MAX', 'order': 4, 'rows': 16}
{'ticker': 'IWM', 'mode': 'binary', 'thr': 110, 'window': '1Y', 'order': 1, 'rows': 2}
{'ticker': 'IWM', 'mode': 'binary', 'thr': 110, 'window': '1Y', 'order': 2, 'rows': 4}
{'ticker': 'IWM', 'mode': 'binary', 'thr': 110, 'window': '1Y', 'order': 3, 'rows': 8}
{'ticker': 'IWM', 'mode': 'binary', 'thr': 110, 'window': '1Y', 'order': 4, 'rows': 15}
{'ticker': 'IWM', 'mode': 'binary', 'thr': 110, 'window': '2Y', 'order': 1, 'rows': 2}
{'ticker': 'IWM', 'mode': 'binary', 'thr': 110, 'window': '2Y', 'order': 2, 'rows': 4}
{'ticker': 'IWM', 'mode': 'binary', 'thr': 110, 'window': '2Y', 'order': 3, 'rows': 8}
{'ticker': 'IWM', 'mode': 'binary', 'thr': 110, 'window': '2Y', 'order': 4, 'rows': 16}
{'ticker': 'IWM', 'mode': 'binary', 'thr': 110, 'window': '5Y', 'order': 1, 'rows': 2}
{'ticker': 'IWM', 'mode': 'binary', 'thr': 110, 'window': '5Y', 'order': 2, 'rows': 4}
{'ticker': 'IWM', 'mode': 'binary', 'thr': 110, 'window': '5Y', 'order': 3, 'rows': 8}
{'ticker': 'IWM', 'mode': 'binary', 'thr': 110, 'window': '5Y', 'order': 4, 'rows': 16}
{'ticker': 'IWM', 'mode': 'binary', 'thr': 110, 'window': '10Y', 'order': 1, 'rows': 2}
{'ticker': 'IWM', 'mode': 'binary', 'thr': 110, 'window': '10Y', 'order': 2, 'rows': 4}
{'ticker': 'IWM', 'mode': 'binary', 'thr': 110, 'window': '10Y', 'order': 3, 'rows': 8}
{'ticker': 'IWM', 'mode': 'binary', 'thr': 110, 'window': '10Y', 'order': 4, 'rows': 16}
{'ticker': 'IWM', 'mode': 'binary', 'thr': 110, 'window': '20Y', 'order': 1, 'rows': 2}
{'ticker': 'IWM', 'mode': 'binary', 'thr': 110, 'window': '20Y', 'order': 2, 'rows': 4}
{'ticker': 'IWM', 'mode': 'binary', 'thr': 110, 'window': '20Y', 'order': 3, 'rows': 8}
{'ticker': 'IWM', 'mode': 'binary', 'thr': 110, 'window': '20Y', 'order': 4, 'rows': 16}
{'ticker': 'IWM', 'mode': 'binary', 'thr': 110, 'window': 'MAX', 'order': 1, 'rows': 2}
{'ticker': 'IWM', 'mode': 'binary', 'thr': 110, 'window': 'MAX', 'order': 2, 'rows': 4}
{'ticker': 'IWM', 'mode': 'binary', 'thr': 110, 'window': 'MAX', 'order': 3, 'rows': 8}
{'ticker': 'IWM', 'mode': 'binary', 'thr': 110, 'window': 'MAX', 'order': 4, 'rows': 16}
{'ticker': 'IWM', 'mode': 'binary', 'thr': 115, 'window': '1Y', 'order': 1, 'rows': 2}
{'ticker': 'IWM', 'mode': 'binary', 'thr': 115, 'window': '1Y', 'order': 2, 'rows': 4}
{'ticker': 'IWM', 'mode': 'binary', 'thr': 115, 'window': '1Y', 'order': 3, 'rows': 8}
{'ticker': 'IWM', 'mode': 'binary', 'thr': 115, 'window': '1Y', 'order': 4, 'rows': 15}
{'ticker': 'IWM', 'mode': 'binary', 'thr': 115, 'window': '2Y', 'order': 1, 'rows': 2}
{'ticker': 'IWM', 'mode': 'binary', 'thr': 115, 'window': '2Y', 'order': 2, 'rows': 4}
{'ticker': 'IWM', 'mode': 'binary', 'thr': 115, 'window': '2Y', 'order': 3, 'rows': 8}
{'ticker': 'IWM', 'mode': 'binary', 'thr': 115, 'window': '2Y', 'order': 4, 'rows': 16}
{'ticker': 'IWM', 'mode': 'binary', 'thr': 115, 'window': '5Y', 'order': 1, 'rows': 2}
{'ticker': 'IWM', 'mode': 'binary', 'thr': 115, 'window': '5Y', 'order': 2, 'rows': 4}
{'ticker': 'IWM', 'mode': 'binary', 'thr': 115, 'window': '5Y', 'order': 3, 'rows': 8}
{'ticker': 'IWM', 'mode': 'binary', 'thr': 115, 'window': '5Y', 'order': 4, 'rows': 16}
{'ticker': 'IWM', 'mode': 'binary', 'thr': 115, 'window': '10Y', 'order': 1, 'rows': 2}
{'ticker': 'IWM', 'mode': 'binary', 'thr': 115, 'window': '10Y', 'order': 2, 'rows': 4}
{'ticker': 'IWM', 'mode': 'binary', 'thr': 115, 'window': '10Y', 'order': 3, 'rows': 8}
{'ticker': 'IWM', 'mode': 'binary', 'thr': 115, 'window': '10Y', 'order': 4, 'rows': 16}
{'ticker': 'IWM', 'mode': 'binary', 'thr': 115, 'window': '20Y', 'order': 1, 'rows': 2}
{'ticker': 'IWM', 'mode': 'binary', 'thr': 115, 'window': '20Y', 'order': 2, 'rows': 4}
{'ticker': 'IWM', 'mode': 'binary', 'thr': 115, 'window': '20Y', 'order': 3, 'rows': 8}
{'ticker': 'IWM', 'mode': 'binary', 'thr': 115, 'window': '20Y', 'order': 4, 'rows': 16}
{'ticker': 'IWM', 'mode': 'binary', 'thr': 115, 'window': 'MAX', 'order': 1, 'rows': 2}
{'ticker': 'IWM', 'mode': 'binary', 'thr': 115, 'window': 'MAX', 'order': 2, 'rows': 4}
{'ticker': 'IWM', 'mode': 'binary', 'thr': 115, 'window': 'MAX', 'order': 3, 'rows': 8}
{'ticker': 'IWM', 'mode': 'binary', 'thr': 115, 'window': 'MAX', 'order': 4, 'rows': 16}
{'ticker': 'IWM', 'mode': 'binary', 'thr': 120, 'window': '1Y', 'order': 1, 'rows': 2}
{'ticker': 'IWM', 'mode': 'binary', 'thr': 120, 'window': '1Y', 'order': 2, 'rows': 4}
{'ticker': 'IWM', 'mode': 'binary', 'thr': 120, 'window': '1Y', 'order': 3, 'rows': 8}
{'ticker': 'IWM', 'mode': 'binary', 'thr': 120, 'window': '1Y', 'order': 4, 'rows': 14}
{'ticker': 'IWM', 'mode': 'binary', 'thr': 120, 'window': '2Y', 'order': 1, 'rows': 2}
{'ticker': 'IWM', 'mode': 'binary', 'thr': 120, 'window': '2Y', 'order': 2, 'rows': 4}
{'ticker': 'IWM', 'mode': 'binary', 'thr': 120, 'window': '2Y', 'order': 3, 'rows': 8}
{'ticker': 'IWM', 'mode': 'binary', 'thr': 120, 'window': '2Y', 'order': 4, 'rows': 15}
{'ticker': 'IWM', 'mode': 'binary', 'thr': 120, 'window': '5Y', 'order': 1, 'rows': 2}
{'ticker': 'IWM', 'mode': 'binary', 'thr': 120, 'window': '5Y', 'order': 2, 'rows': 4}
{'ticker': 'IWM', 'mode': 'binary', 'thr': 120, 'window': '5Y', 'order': 3, 'rows': 8}
{'ticker': 'IWM', 'mode': 'binary', 'thr': 120, 'window': '5Y', 'order': 4, 'rows': 15}
{'ticker': 'IWM', 'mode': 'binary', 'thr': 120, 'window': '10Y', 'order': 1, 'rows': 2}
{'ticker': 'IWM', 'mode': 'binary', 'thr': 120, 'window': '10Y', 'order': 2, 'rows': 4}
{'ticker': 'IWM', 'mode': 'binary', 'thr': 120, 'window': '10Y', 'order': 3, 'rows': 8}
{'ticker': 'IWM', 'mode': 'binary', 'thr': 120, 'window': '10Y', 'order': 4, 'rows': 16}
{'ticker': 'IWM', 'mode': 'binary', 'thr': 120, 'window': '20Y', 'order': 1, 'rows': 2}
{'ticker': 'IWM', 'mode': 'binary', 'thr': 120, 'window': '20Y', 'order': 2, 'rows': 4}
{'ticker': 'IWM', 'mode': 'binary', 'thr': 120, 'window': '20Y', 'order': 3, 'rows': 8}
{'ticker': 'IWM', 'mode': 'binary', 'thr': 120, 'window': '20Y', 'order': 4, 'rows': 16}
{'ticker': 'IWM', 'mode': 'binary', 'thr': 120, 'window': 'MAX', 'order': 1, 'rows': 2}
{'ticker': 'IWM', 'mode': 'binary', 'thr': 120, 'window': 'MAX', 'order': 2, 'rows': 4}
{'ticker': 'IWM', 'mode': 'binary', 'thr': 120, 'window': 'MAX', 'order': 3, 'rows': 8}
{'ticker': 'IWM', 'mode': 'binary', 'thr': 120, 'window': 'MAX', 'order': 4, 'rows': 16}
{'ticker': 'IWM', 'mode': 'binary', 'thr': 125, 'window': '1Y', 'order': 1, 'rows': 2}
{'ticker': 'IWM', 'mode': 'binary', 'thr': 125, 'window': '1Y', 'order': 2, 'rows': 4}
{'ticker': 'IWM', 'mode': 'binary', 'thr': 125, 'window': '1Y', 'order': 3, 'rows': 8}
{'ticker': 'IWM', 'mode': 'binary', 'thr': 125, 'window': '1Y', 'order': 4, 'rows': 14}
{'ticker': 'IWM', 'mode': 'binary', 'thr': 125, 'window': '2Y', 'order': 1, 'rows': 2}
{'ticker': 'IWM', 'mode': 'binary', 'thr': 125, 'window': '2Y', 'order': 2, 'rows': 4}
{'ticker': 'IWM', 'mode': 'binary', 'thr': 125, 'window': '2Y', 'order': 3, 'rows': 8}
{'ticker': 'IWM', 'mode': 'binary', 'thr': 125, 'window': '2Y', 'order': 4, 'rows': 15}
{'ticker': 'IWM', 'mode': 'binary', 'thr': 125, 'window': '5Y', 'order': 1, 'rows': 2}
{'ticker': 'IWM', 'mode': 'binary', 'thr': 125, 'window': '5Y', 'order': 2, 'rows': 4}
{'ticker': 'IWM', 'mode': 'binary', 'thr': 125, 'window': '5Y', 'order': 3, 'rows': 8}
{'ticker': 'IWM', 'mode': 'binary', 'thr': 125, 'window': '5Y', 'order': 4, 'rows': 15}
{'ticker': 'IWM', 'mode': 'binary', 'thr': 125, 'window': '10Y', 'order': 1, 'rows': 2}
{'ticker': 'IWM', 'mode': 'binary', 'thr': 125, 'window': '10Y', 'order': 2, 'rows': 4}
{'ticker': 'IWM', 'mode': 'binary', 'thr': 125, 'window': '10Y', 'order': 3, 'rows': 8}
{'ticker': 'IWM', 'mode': 'binary', 'thr': 125, 'window': '10Y', 'order': 4, 'rows': 16}2025-11-12 11:45:28,402 INFO [cli] {'ticker': 'IWM', 'mode': 'binary', 'thr': 145, 'window': '10Y', 'order': 2, 'rows': 4}
2025-11-12 11:45:28,410 INFO [cli] {'ticker': 'IWM', 'mode': 'binary', 'thr': 145, 'window': '10Y', 'order': 3, 'rows': 8}
2025-11-12 11:45:28,421 INFO [cli] {'ticker': 'IWM', 'mode': 'binary', 'thr': 145, 'window': '10Y', 'order': 4, 'rows': 16}
2025-11-12 11:45:28,432 INFO [cli] {'ticker': 'IWM', 'mode': 'binary', 'thr': 145, 'window': '20Y', 'order': 1, 'rows': 2}
2025-11-12 11:45:28,443 INFO [cli] {'ticker': 'IWM', 'mode': 'binary', 'thr': 145, 'window': '20Y', 'order': 2, 'rows': 4}
2025-11-12 11:45:28,455 INFO [cli] {'ticker': 'IWM', 'mode': 'binary', 'thr': 145, 'window': '20Y', 'order': 3, 'rows': 8}
2025-11-12 11:45:28,475 INFO [cli] {'ticker': 'IWM', 'mode': 'binary', 'thr': 145, 'window': '20Y', 'order': 4, 'rows': 16}
2025-11-12 11:45:28,483 INFO [cli] {'ticker': 'IWM', 'mode': 'binary', 'thr': 145, 'window': 'MAX', 'order': 1, 'rows': 2}
2025-11-12 11:45:28,499 INFO [cli] {'ticker': 'IWM', 'mode': 'binary', 'thr': 145, 'window': 'MAX', 'order': 2, 'rows': 4}
2025-11-12 11:45:28,511 INFO [cli] {'ticker': 'IWM', 'mode': 'binary', 'thr': 145, 'window': 'MAX', 'order': 3, 'rows': 8}
2025-11-12 11:45:28,523 INFO [cli] {'ticker': 'IWM', 'mode': 'binary', 'thr': 145, 'window': 'MAX', 'order': 4, 'rows': 16}
2025-11-12 11:45:28,539 INFO [cli] {'ticker': 'IWM', 'mode': 'binary', 'thr': 150, 'window': '1Y', 'order': 1, 'rows': 2}
2025-11-12 11:45:28,551 INFO [cli] {'ticker': 'IWM', 'mode': 'binary', 'thr': 150, 'window': '1Y', 'order': 2, 'rows': 4}
2025-11-12 11:45:28,562 INFO [cli] {'ticker': 'IWM', 'mode': 'binary', 'thr': 150, 'window': '1Y', 'order': 3, 'rows': 8}
2025-11-12 11:45:28,573 INFO [cli] {'ticker': 'IWM', 'mode': 'binary', 'thr': 150, 'window': '1Y', 'order': 4, 'rows': 13}
2025-11-12 11:45:28,582 INFO [cli] {'ticker': 'IWM', 'mode': 'binary', 'thr': 150, 'window': '2Y', 'order': 1, 'rows': 2}
2025-11-12 11:45:28,593 INFO [cli] {'ticker': 'IWM', 'mode': 'binary', 'thr': 150, 'window': '2Y', 'order': 2, 'rows': 4}
2025-11-12 11:45:28,605 INFO [cli] {'ticker': 'IWM', 'mode': 'binary', 'thr': 150, 'window': '2Y', 'order': 3, 'rows': 8}
2025-11-12 11:45:28,615 INFO [cli] {'ticker': 'IWM', 'mode': 'binary', 'thr': 150, 'window': '2Y', 'order': 4, 'rows': 15}
2025-11-12 11:45:28,624 INFO [cli] {'ticker': 'IWM', 'mode': 'binary', 'thr': 150, 'window': '5Y', 'order': 1, 'rows': 2}
2025-11-12 11:45:28,632 INFO [cli] {'ticker': 'IWM', 'mode': 'binary', 'thr': 150, 'window': '5Y', 'order': 2, 'rows': 4}
2025-11-12 11:45:28,642 INFO [cli] {'ticker': 'IWM', 'mode': 'binary', 'thr': 150, 'window': '5Y', 'order': 3, 'rows': 8}
2025-11-12 11:45:28,653 INFO [cli] {'ticker': 'IWM', 'mode': 'binary', 'thr': 150, 'window': '5Y', 'order': 4, 'rows': 15}
2025-11-12 11:45:28,665 INFO [cli] {'ticker': 'IWM', 'mode': 'binary', 'thr': 150, 'window': '10Y', 'order': 1, 'rows': 2}
2025-11-12 11:45:28,675 INFO [cli] {'ticker': 'IWM', 'mode': 'binary', 'thr': 150, 'window': '10Y', 'order': 2, 'rows': 4}
2025-11-12 11:45:28,685 INFO [cli] {'ticker': 'IWM', 'mode': 'binary', 'thr': 150, 'window': '10Y', 'order': 3, 'rows': 8}
2025-11-12 11:45:28,694 INFO [cli] {'ticker': 'IWM', 'mode': 'binary', 'thr': 150, 'window': '10Y', 'order': 4, 'rows': 15}
2025-11-12 11:45:28,705 INFO [cli] {'ticker': 'IWM', 'mode': 'binary', 'thr': 150, 'window': '20Y', 'order': 1, 'rows': 2}
2025-11-12 11:45:28,715 INFO [cli] {'ticker': 'IWM', 'mode': 'binary', 'thr': 150, 'window': '20Y', 'order': 2, 'rows': 4}
2025-11-12 11:45:28,728 INFO [cli] {'ticker': 'IWM', 'mode': 'binary', 'thr': 150, 'window': '20Y', 'order': 3, 'rows': 8}
2025-11-12 11:45:28,740 INFO [cli] {'ticker': 'IWM', 'mode': 'binary', 'thr': 150, 'window': '20Y', 'order': 4, 'rows': 16}
2025-11-12 11:45:28,751 INFO [cli] {'ticker': 'IWM', 'mode': 'binary', 'thr': 150, 'window': 'MAX', 'order': 1, 'rows': 2}
2025-11-12 11:45:28,761 INFO [cli] {'ticker': 'IWM', 'mode': 'binary', 'thr': 150, 'window': 'MAX', 'order': 2, 'rows': 4}
2025-11-12 11:45:28,772 INFO [cli] {'ticker': 'IWM', 'mode': 'binary', 'thr': 150, 'window': 'MAX', 'order': 3, 'rows': 8}
2025-11-12 11:45:28,783 INFO [cli] {'ticker': 'IWM', 'mode': 'binary', 'thr': 150, 'window': 'MAX', 'order': 4, 'rows': 16}
2025-11-12 11:45:28,800 INFO [cli] {'ticker': 'IWM', 'mode': 'tri', 'thr': 0, 'window': '1Y', 'order': 1, 'rows': 2}
2025-11-12 11:45:28,812 INFO [cli] {'ticker': 'IWM', 'mode': 'tri', 'thr': 0, 'window': '1Y', 'order': 2, 'rows': 4}
2025-11-12 11:45:28,823 INFO [cli] {'ticker': 'IWM', 'mode': 'tri', 'thr': 0, 'window': '1Y', 'order': 3, 'rows': 8}
2025-11-12 11:45:28,830 INFO [cli] {'ticker': 'IWM', 'mode': 'tri', 'thr': 0, 'window': '1Y', 'order': 4, 'rows': 16}
2025-11-12 11:45:28,841 INFO [cli] {'ticker': 'IWM', 'mode': 'tri', 'thr': 0, 'window': '2Y', 'order': 1, 'rows': 2}
2025-11-12 11:45:28,853 INFO [cli] {'ticker': 'IWM', 'mode': 'tri', 'thr': 0, 'window': '2Y', 'order': 2, 'rows': 4}
2025-11-12 11:45:28,864 INFO [cli] {'ticker': 'IWM', 'mode': 'tri', 'thr': 0, 'window': '2Y', 'order': 3, 'rows': 8}
2025-11-12 11:45:28,874 INFO [cli] {'ticker': 'IWM', 'mode': 'tri', 'thr': 0, 'window': '2Y', 'order': 4, 'rows': 16}
2025-11-12 11:45:28,883 INFO [cli] {'ticker': 'IWM', 'mode': 'tri', 'thr': 0, 'window': '5Y', 'order': 1, 'rows': 2}
2025-11-12 11:45:28,895 INFO [cli] {'ticker': 'IWM', 'mode': 'tri', 'thr': 0, 'window': '5Y', 'order': 2, 'rows': 4}
2025-11-12 11:45:28,907 INFO [cli] {'ticker': 'IWM', 'mode': 'tri', 'thr': 0, 'window': '5Y', 'order': 3, 'rows': 8}
2025-11-12 11:45:28,918 INFO [cli] {'ticker': 'IWM', 'mode': 'tri', 'thr': 0, 'window': '5Y', 'order': 4, 'rows': 16}
2025-11-12 11:45:28,927 INFO [cli] {'ticker': 'IWM', 'mode': 'tri', 'thr': 0, 'window': '10Y', 'order': 1, 'rows': 3}
2025-11-12 11:45:28,936 INFO [cli] {'ticker': 'IWM', 'mode': 'tri', 'thr': 0, 'window': '10Y', 'order': 2, 'rows': 8}
2025-11-12 11:45:28,949 INFO [cli] {'ticker': 'IWM', 'mode': 'tri', 'thr': 0, 'window': '10Y', 'order': 3, 'rows': 19}
2025-11-12 11:45:28,962 INFO [cli] {'ticker': 'IWM', 'mode': 'tri', 'thr': 0, 'window': '10Y', 'order': 4, 'rows': 34}
2025-11-12 11:45:28,971 INFO [cli] {'ticker': 'IWM', 'mode': 'tri', 'thr': 0, 'window': '20Y', 'order': 1, 'rows': 3}
2025-11-12 11:45:28,984 INFO [cli] {'ticker': 'IWM', 'mode': 'tri', 'thr': 0, 'window': '20Y', 'order': 2, 'rows': 8}
2025-11-12 11:45:28,993 INFO [cli] {'ticker': 'IWM', 'mode': 'tri', 'thr': 0, 'window': '20Y', 'order': 3, 'rows': 19}
2025-11-12 11:45:29,005 INFO [cli] {'ticker': 'IWM', 'mode': 'tri', 'thr': 0, 'window': '20Y', 'order': 4, 'rows': 40}
2025-11-12 11:45:29,015 INFO [cli] {'ticker': 'IWM', 'mode': 'tri', 'thr': 0, 'window': 'MAX', 'order': 1, 'rows': 3}
2025-11-12 11:45:29,026 INFO [cli] {'ticker': 'IWM', 'mode': 'tri', 'thr': 0, 'window': 'MAX', 'order': 2, 'rows': 8}
2025-11-12 11:45:29,036 INFO [cli] {'ticker': 'IWM', 'mode': 'tri', 'thr': 0, 'window': 'MAX', 'order': 3, 'rows': 20}
2025-11-12 11:45:29,044 INFO [cli] {'ticker': 'IWM', 'mode': 'tri', 'thr': 0, 'window': 'MAX', 'order': 4, 'rows': 47}
2025-11-12 11:45:29,060 INFO [cli] {'ticker': 'IWM', 'mode': 'tri', 'thr': 5, 'window': '1Y', 'order': 1, 'rows': 3}
2025-11-12 11:45:29,071 INFO [cli] {'ticker': 'IWM', 'mode': 'tri', 'thr': 5, 'window': '1Y', 'order': 2, 'rows': 8}
2025-11-12 11:45:29,082 INFO [cli] {'ticker': 'IWM', 'mode': 'tri', 'thr': 5, 'window': '1Y', 'order': 3, 'rows': 20}
2025-11-12 11:45:29,096 INFO [cli] {'ticker': 'IWM', 'mode': 'tri', 'thr': 5, 'window': '1Y', 'order': 4, 'rows': 41}
2025-11-12 11:45:29,109 INFO [cli] {'ticker': 'IWM', 'mode': 'tri', 'thr': 5, 'window': '2Y', 'order': 1, 'rows': 3}
2025-11-12 11:45:29,121 INFO [cli] {'ticker': 'IWM', 'mode': 'tri', 'thr': 5, 'window': '2Y', 'order': 2, 'rows': 8}
2025-11-12 11:45:29,133 INFO [cli] {'ticker': 'IWM', 'mode': 'tri', 'thr': 5, 'window': '2Y', 'order': 3, 'rows': 20}
2025-11-12 11:45:29,145 INFO [cli] {'ticker': 'IWM', 'mode': 'tri', 'thr': 5, 'window': '2Y', 'order': 4, 'rows': 44}
2025-11-12 11:45:29,157 INFO [cli] {'ticker': 'IWM', 'mode': 'tri', 'thr': 5, 'window': '5Y', 'order': 1, 'rows': 3}
2025-11-12 11:45:29,168 INFO [cli] {'ticker': 'IWM', 'mode': 'tri', 'thr': 5, 'window': '5Y', 'order': 2, 'rows': 8}
2025-11-12 11:45:29,178 INFO [cli] {'ticker': 'IWM', 'mode': 'tri', 'thr': 5, 'window': '5Y', 'order': 3, 'rows': 20}
2025-11-12 11:45:29,189 INFO [cli] {'ticker': 'IWM', 'mode': 'tri', 'thr': 5, 'window': '5Y', 'order': 4, 'rows': 48}
2025-11-12 11:45:29,199 INFO [cli] {'ticker': 'IWM', 'mode': 'tri', 'thr': 5, 'window': '10Y', 'order': 1, 'rows': 3}
2025-11-12 11:45:29,212 INFO [cli] {'ticker': 'IWM', 'mode': 'tri', 'thr': 5, 'window': '10Y', 'order': 2, 'rows': 8}
2025-11-12 11:45:29,225 INFO [cli] {'ticker': 'IWM', 'mode': 'tri', 'thr': 5, 'window': '10Y', 'order': 3, 'rows': 22}
2025-11-12 11:45:29,236 INFO [cli] {'ticker': 'IWM', 'mode': 'tri', 'thr': 5, 'window': '10Y', 'order': 4, 'rows': 53}
2025-11-12 11:45:29,245 INFO [cli] {'ticker': 'IWM', 'mode': 'tri', 'thr': 5, 'window': '20Y', 'order': 1, 'rows': 3}
2025-11-12 11:45:29,256 INFO [cli] {'ticker': 'IWM', 'mode': 'tri', 'thr': 5, 'window': '20Y', 'order': 2, 'rows': 9}
2025-11-12 11:45:29,267 INFO [cli] {'ticker': 'IWM', 'mode': 'tri', 'thr': 5, 'window': '20Y', 'order': 3, 'rows': 24}
2025-11-12 11:45:29,278 INFO [cli] {'ticker': 'IWM', 'mode': 'tri', 'thr': 5, 'window': '20Y', 'order': 4, 'rows': 58}
2025-11-12 11:45:29,291 INFO [cli] {'ticker': 'IWM', 'mode': 'tri', 'thr': 5, 'window': 'MAX', 'order': 1, 'rows': 3}
2025-11-12 11:45:29,300 INFO [cli] {'ticker': 'IWM', 'mode': 'tri', 'thr': 5, 'window': 'MAX', 'order': 2, 'rows': 9}
2025-11-12 11:45:29,312 INFO [cli] {'ticker': 'IWM', 'mode': 'tri', 'thr': 5, 'window': 'MAX', 'order': 3, 'rows': 24}
2025-11-12 11:45:29,323 INFO [cli] {'ticker': 'IWM', 'mode': 'tri', 'thr': 5, 'window': 'MAX', 'order': 4, 'rows': 58}
2025-11-12 11:45:29,340 INFO [cli] {'ticker': 'IWM', 'mode': 'tri', 'thr': 10, 'window': '1Y', 'order': 1, 'rows': 3}
2025-11-12 11:45:29,349 INFO [cli] {'ticker': 'IWM', 'mode': 'tri', 'thr': 10, 'window': '1Y', 'order': 2, 'rows': 8}
2025-11-12 11:45:29,360 INFO [cli] {'ticker': 'IWM', 'mode': 'tri', 'thr': 10, 'window': '1Y', 'order': 3, 'rows': 22}
2025-11-12 11:45:29,370 INFO [cli] {'ticker': 'IWM', 'mode': 'tri', 'thr': 10, 'window': '1Y', 'order': 4, 'rows': 47}
2025-11-12 11:45:29,380 INFO [cli] {'ticker': 'IWM', 'mode': 'tri', 'thr': 10, 'window': '2Y', 'order': 1, 'rows': 3}
2025-11-12 11:45:29,391 INFO [cli] {'ticker': 'IWM', 'mode': 'tri', 'thr': 10, 'window': '2Y', 'order': 2, 'rows': 8}
2025-11-12 11:45:29,399 INFO [cli] {'ticker': 'IWM', 'mode': 'tri', 'thr': 10, 'window': '2Y', 'order': 3, 'rows': 22}
2025-11-12 11:45:29,408 INFO [cli] {'ticker': 'IWM', 'mode': 'tri', 'thr': 10, 'window': '2Y', 'order': 4, 'rows': 52}
2025-11-12 11:45:29,417 INFO [cli] {'ticker': 'IWM', 'mode': 'tri', 'thr': 10, 'window': '5Y', 'order': 1, 'rows': 3}
2025-11-12 11:45:29,428 INFO [cli] {'ticker': 'IWM', 'mode': 'tri', 'thr': 10, 'window': '5Y', 'order': 2, 'rows': 9}
2025-11-12 11:45:29,447 INFO [cli] {'ticker': 'IWM', 'mode': 'tri', 'thr': 10, 'window': '5Y', 'order': 3, 'rows': 25}
2025-11-12 11:45:29,459 INFO [cli] {'ticker': 'IWM', 'mode': 'tri', 'thr': 10, 'window': '5Y', 'order': 4, 'rows': 62}
2025-11-12 11:45:29,468 INFO [cli] {'ticker': 'IWM', 'mode': 'tri', 'thr': 10, 'window': '10Y', 'order': 1, 'rows': 3}
2025-11-12 11:45:29,478 INFO [cli] {'ticker': 'IWM', 'mode': 'tri', 'thr': 10, 'window': '10Y', 'order': 2, 'rows': 9}

{'ticker': 'IWM', 'mode': 'binary', 'thr': 125, 'window': '20Y', 'order': 1, 'rows': 2}
{'ticker': 'IWM', 'mode': 'binary', 'thr': 125, 'window': '20Y', 'order': 2, 'rows': 4}
{'ticker': 'IWM', 'mode': 'binary', 'thr': 125, 'window': '20Y', 'order': 3, 'rows': 8}
{'ticker': 'IWM', 'mode': 'binary', 'thr': 125, 'window': '20Y', 'order': 4, 'rows': 16}
{'ticker': 'IWM', 'mode': 'binary', 'thr': 125, 'window': 'MAX', 'order': 1, 'rows': 2}
{'ticker': 'IWM', 'mode': 'binary', 'thr': 125, 'window': 'MAX', 'order': 2, 'rows': 4}
{'ticker': 'IWM', 'mode': 'binary', 'thr': 125, 'window': 'MAX', 'order': 3, 'rows': 8}
{'ticker': 'IWM', 'mode': 'binary', 'thr': 125, 'window': 'MAX', 'order': 4, 'rows': 16}
{'ticker': 'IWM', 'mode': 'binary', 'thr': 130, 'window': '1Y', 'order': 1, 'rows': 2}
{'ticker': 'IWM', 'mode': 'binary', 'thr': 130, 'window': '1Y', 'order': 2, 'rows': 4}
{'ticker': 'IWM', 'mode': 'binary', 'thr': 130, 'window': '1Y', 'order': 3, 'rows': 8}
{'ticker': 'IWM', 'mode': 'binary', 'thr': 130, 'window': '1Y', 'order': 4, 'rows': 13}
{'ticker': 'IWM', 'mode': 'binary', 'thr': 130, 'window': '2Y', 'order': 1, 'rows': 2}
{'ticker': 'IWM', 'mode': 'binary', 'thr': 130, 'window': '2Y', 'order': 2, 'rows': 4}
{'ticker': 'IWM', 'mode': 'binary', 'thr': 130, 'window': '2Y', 'order': 3, 'rows': 8}
{'ticker': 'IWM', 'mode': 'binary', 'thr': 130, 'window': '2Y', 'order': 4, 'rows': 15}
{'ticker': 'IWM', 'mode': 'binary', 'thr': 130, 'window': '5Y', 'order': 1, 'rows': 2}
{'ticker': 'IWM', 'mode': 'binary', 'thr': 130, 'window': '5Y', 'order': 2, 'rows': 4}
{'ticker': 'IWM', 'mode': 'binary', 'thr': 130, 'window': '5Y', 'order': 3, 'rows': 8}
{'ticker': 'IWM', 'mode': 'binary', 'thr': 130, 'window': '5Y', 'order': 4, 'rows': 15}
{'ticker': 'IWM', 'mode': 'binary', 'thr': 130, 'window': '10Y', 'order': 1, 'rows': 2}
{'ticker': 'IWM', 'mode': 'binary', 'thr': 130, 'window': '10Y', 'order': 2, 'rows': 4}
{'ticker': 'IWM', 'mode': 'binary', 'thr': 130, 'window': '10Y', 'order': 3, 'rows': 8}
{'ticker': 'IWM', 'mode': 'binary', 'thr': 130, 'window': '10Y', 'order': 4, 'rows': 16}
{'ticker': 'IWM', 'mode': 'binary', 'thr': 130, 'window': '20Y', 'order': 1, 'rows': 2}
{'ticker': 'IWM', 'mode': 'binary', 'thr': 130, 'window': '20Y', 'order': 2, 'rows': 4}
{'ticker': 'IWM', 'mode': 'binary', 'thr': 130, 'window': '20Y', 'order': 3, 'rows': 8}
{'ticker': 'IWM', 'mode': 'binary', 'thr': 130, 'window': '20Y', 'order': 4, 'rows': 16}
{'ticker': 'IWM', 'mode': 'binary', 'thr': 130, 'window': 'MAX', 'order': 1, 'rows': 2}
{'ticker': 'IWM', 'mode': 'binary', 'thr': 130, 'window': 'MAX', 'order': 2, 'rows': 4}
{'ticker': 'IWM', 'mode': 'binary', 'thr': 130, 'window': 'MAX', 'order': 3, 'rows': 8}
{'ticker': 'IWM', 'mode': 'binary', 'thr': 130, 'window': 'MAX', 'order': 4, 'rows': 16}
{'ticker': 'IWM', 'mode': 'binary', 'thr': 135, 'window': '1Y', 'order': 1, 'rows': 2}
{'ticker': 'IWM', 'mode': 'binary', 'thr': 135, 'window': '1Y', 'order': 2, 'rows': 4}
{'ticker': 'IWM', 'mode': 'binary', 'thr': 135, 'window': '1Y', 'order': 3, 'rows': 8}
{'ticker': 'IWM', 'mode': 'binary', 'thr': 135, 'window': '1Y', 'order': 4, 'rows': 13}
{'ticker': 'IWM', 'mode': 'binary', 'thr': 135, 'window': '2Y', 'order': 1, 'rows': 2}
{'ticker': 'IWM', 'mode': 'binary', 'thr': 135, 'window': '2Y', 'order': 2, 'rows': 4}
{'ticker': 'IWM', 'mode': 'binary', 'thr': 135, 'window': '2Y', 'order': 3, 'rows': 8}
{'ticker': 'IWM', 'mode': 'binary', 'thr': 135, 'window': '2Y', 'order': 4, 'rows': 15}
{'ticker': 'IWM', 'mode': 'binary', 'thr': 135, 'window': '5Y', 'order': 1, 'rows': 2}
{'ticker': 'IWM', 'mode': 'binary', 'thr': 135, 'window': '5Y', 'order': 2, 'rows': 4}
{'ticker': 'IWM', 'mode': 'binary', 'thr': 135, 'window': '5Y', 'order': 3, 'rows': 8}
{'ticker': 'IWM', 'mode': 'binary', 'thr': 135, 'window': '5Y', 'order': 4, 'rows': 15}
{'ticker': 'IWM', 'mode': 'binary', 'thr': 135, 'window': '10Y', 'order': 1, 'rows': 2}
{'ticker': 'IWM', 'mode': 'binary', 'thr': 135, 'window': '10Y', 'order': 2, 'rows': 4}
{'ticker': 'IWM', 'mode': 'binary', 'thr': 135, 'window': '10Y', 'order': 3, 'rows': 8}
{'ticker': 'IWM', 'mode': 'binary', 'thr': 135, 'window': '10Y', 'order': 4, 'rows': 16}
{'ticker': 'IWM', 'mode': 'binary', 'thr': 135, 'window': '20Y', 'order': 1, 'rows': 2}
{'ticker': 'IWM', 'mode': 'binary', 'thr': 135, 'window': '20Y', 'order': 2, 'rows': 4}
{'ticker': 'IWM', 'mode': 'binary', 'thr': 135, 'window': '20Y', 'order': 3, 'rows': 8}
{'ticker': 'IWM', 'mode': 'binary', 'thr': 135, 'window': '20Y', 'order': 4, 'rows': 16}
{'ticker': 'IWM', 'mode': 'binary', 'thr': 135, 'window': 'MAX', 'order': 1, 'rows': 2}
{'ticker': 'IWM', 'mode': 'binary', 'thr': 135, 'window': 'MAX', 'order': 2, 'rows': 4}
{'ticker': 'IWM', 'mode': 'binary', 'thr': 135, 'window': 'MAX', 'order': 3, 'rows': 8}
{'ticker': 'IWM', 'mode': 'binary', 'thr': 135, 'window': 'MAX', 'order': 4, 'rows': 16}
{'ticker': 'IWM', 'mode': 'binary', 'thr': 140, 'window': '1Y', 'order': 1, 'rows': 2}
{'ticker': 'IWM', 'mode': 'binary', 'thr': 140, 'window': '1Y', 'order': 2, 'rows': 4}
{'ticker': 'IWM', 'mode': 'binary', 'thr': 140, 'window': '1Y', 'order': 3, 'rows': 8}
{'ticker': 'IWM', 'mode': 'binary', 'thr': 140, 'window': '1Y', 'order': 4, 'rows': 13}
{'ticker': 'IWM', 'mode': 'binary', 'thr': 140, 'window': '2Y', 'order': 1, 'rows': 2}
{'ticker': 'IWM', 'mode': 'binary', 'thr': 140, 'window': '2Y', 'order': 2, 'rows': 4}
{'ticker': 'IWM', 'mode': 'binary', 'thr': 140, 'window': '2Y', 'order': 3, 'rows': 8}
{'ticker': 'IWM', 'mode': 'binary', 'thr': 140, 'window': '2Y', 'order': 4, 'rows': 15}
{'ticker': 'IWM', 'mode': 'binary', 'thr': 140, 'window': '5Y', 'order': 1, 'rows': 2}
{'ticker': 'IWM', 'mode': 'binary', 'thr': 140, 'window': '5Y', 'order': 2, 'rows': 4}
{'ticker': 'IWM', 'mode': 'binary', 'thr': 140, 'window': '5Y', 'order': 3, 'rows': 8}
{'ticker': 'IWM', 'mode': 'binary', 'thr': 140, 'window': '5Y', 'order': 4, 'rows': 15}
{'ticker': 'IWM', 'mode': 'binary', 'thr': 140, 'window': '10Y', 'order': 1, 'rows': 2}
{'ticker': 'IWM', 'mode': 'binary', 'thr': 140, 'window': '10Y', 'order': 2, 'rows': 4}
{'ticker': 'IWM', 'mode': 'binary', 'thr': 140, 'window': '10Y', 'order': 3, 'rows': 8}
{'ticker': 'IWM', 'mode': 'binary', 'thr': 140, 'window': '10Y', 'order': 4, 'rows': 16}
{'ticker': 'IWM', 'mode': 'binary', 'thr': 140, 'window': '20Y', 'order': 1, 'rows': 2}
{'ticker': 'IWM', 'mode': 'binary', 'thr': 140, 'window': '20Y', 'order': 2, 'rows': 4}
{'ticker': 'IWM', 'mode': 'binary', 'thr': 140, 'window': '20Y', 'order': 3, 'rows': 8}
{'ticker': 'IWM', 'mode': 'binary', 'thr': 140, 'window': '20Y', 'order': 4, 'rows': 16}
{'ticker': 'IWM', 'mode': 'binary', 'thr': 140, 'window': 'MAX', 'order': 1, 'rows': 2}
{'ticker': 'IWM', 'mode': 'binary', 'thr': 140, 'window': 'MAX', 'order': 2, 'rows': 4}
{'ticker': 'IWM', 'mode': 'binary', 'thr': 140, 'window': 'MAX', 'order': 3, 'rows': 8}
{'ticker': 'IWM', 'mode': 'binary', 'thr': 140, 'window': 'MAX', 'order': 4, 'rows': 16}
{'ticker': 'IWM', 'mode': 'binary', 'thr': 145, 'window': '1Y', 'order': 1, 'rows': 2}
{'ticker': 'IWM', 'mode': 'binary', 'thr': 145, 'window': '1Y', 'order': 2, 'rows': 4}
{'ticker': 'IWM', 'mode': 'binary', 'thr': 145, 'window': '1Y', 'order': 3, 'rows': 8}
{'ticker': 'IWM', 'mode': 'binary', 'thr': 145, 'window': '1Y', 'order': 4, 'rows': 13}
{'ticker': 'IWM', 'mode': 'binary', 'thr': 145, 'window': '2Y', 'order': 1, 'rows': 2}
{'ticker': 'IWM', 'mode': 'binary', 'thr': 145, 'window': '2Y', 'order': 2, 'rows': 4}
{'ticker': 'IWM', 'mode': 'binary', 'thr': 145, 'window': '2Y', 'order': 3, 'rows': 8}
{'ticker': 'IWM', 'mode': 'binary', 'thr': 145, 'window': '2Y', 'order': 4, 'rows': 15}
{'ticker': 'IWM', 'mode': 'binary', 'thr': 145, 'window': '5Y', 'order': 1, 'rows': 2}
{'ticker': 'IWM', 'mode': 'binary', 'thr': 145, 'window': '5Y', 'order': 2, 'rows': 4}
{'ticker': 'IWM', 'mode': 'binary', 'thr': 145, 'window': '5Y', 'order': 3, 'rows': 8}
{'ticker': 'IWM', 'mode': 'binary', 'thr': 145, 'window': '5Y', 'order': 4, 'rows': 15}
{'ticker': 'IWM', 'mode': 'binary', 'thr': 145, 'window': '10Y', 'order': 1, 'rows': 2}
{'ticker': 'IWM', 'mode': 'binary', 'thr': 145, 'window': '10Y', 'order': 2, 'rows': 4}2025-11-12 11:45:29,488 INFO [cli] {'ticker': 'IWM', 'mode': 'tri', 'thr': 10, 'window': '10Y', 'order': 3, 'rows': 27}
2025-11-12 11:45:29,500 INFO [cli] {'ticker': 'IWM', 'mode': 'tri', 'thr': 10, 'window': '10Y', 'order': 4, 'rows': 75}
2025-11-12 11:45:29,508 INFO [cli] {'ticker': 'IWM', 'mode': 'tri', 'thr': 10, 'window': '20Y', 'order': 1, 'rows': 3}
2025-11-12 11:45:29,518 INFO [cli] {'ticker': 'IWM', 'mode': 'tri', 'thr': 10, 'window': '20Y', 'order': 2, 'rows': 9}
2025-11-12 11:45:29,529 INFO [cli] {'ticker': 'IWM', 'mode': 'tri', 'thr': 10, 'window': '20Y', 'order': 3, 'rows': 27}
2025-11-12 11:45:29,538 INFO [cli] {'ticker': 'IWM', 'mode': 'tri', 'thr': 10, 'window': '20Y', 'order': 4, 'rows': 78}
2025-11-12 11:45:29,550 INFO [cli] {'ticker': 'IWM', 'mode': 'tri', 'thr': 10, 'window': 'MAX', 'order': 1, 'rows': 3}
2025-11-12 11:45:29,561 INFO [cli] {'ticker': 'IWM', 'mode': 'tri', 'thr': 10, 'window': 'MAX', 'order': 2, 'rows': 9}
2025-11-12 11:45:29,571 INFO [cli] {'ticker': 'IWM', 'mode': 'tri', 'thr': 10, 'window': 'MAX', 'order': 3, 'rows': 27}
2025-11-12 11:45:29,581 INFO [cli] {'ticker': 'IWM', 'mode': 'tri', 'thr': 10, 'window': 'MAX', 'order': 4, 'rows': 78}
2025-11-12 11:45:29,598 INFO [cli] {'ticker': 'IWM', 'mode': 'tri', 'thr': 15, 'window': '1Y', 'order': 1, 'rows': 3}
2025-11-12 11:45:29,608 INFO [cli] {'ticker': 'IWM', 'mode': 'tri', 'thr': 15, 'window': '1Y', 'order': 2, 'rows': 9}
2025-11-12 11:45:29,620 INFO [cli] {'ticker': 'IWM', 'mode': 'tri', 'thr': 15, 'window': '1Y', 'order': 3, 'rows': 25}
2025-11-12 11:45:29,631 INFO [cli] {'ticker': 'IWM', 'mode': 'tri', 'thr': 15, 'window': '1Y', 'order': 4, 'rows': 57}
2025-11-12 11:45:29,641 INFO [cli] {'ticker': 'IWM', 'mode': 'tri', 'thr': 15, 'window': '2Y', 'order': 1, 'rows': 3}
2025-11-12 11:45:29,652 INFO [cli] {'ticker': 'IWM', 'mode': 'tri', 'thr': 15, 'window': '2Y', 'order': 2, 'rows': 9}
2025-11-12 11:45:29,664 INFO [cli] {'ticker': 'IWM', 'mode': 'tri', 'thr': 15, 'window': '2Y', 'order': 3, 'rows': 25}
2025-11-12 11:45:29,672 INFO [cli] {'ticker': 'IWM', 'mode': 'tri', 'thr': 15, 'window': '2Y', 'order': 4, 'rows': 62}
2025-11-12 11:45:29,684 INFO [cli] {'ticker': 'IWM', 'mode': 'tri', 'thr': 15, 'window': '5Y', 'order': 1, 'rows': 3}
2025-11-12 11:45:29,694 INFO [cli] {'ticker': 'IWM', 'mode': 'tri', 'thr': 15, 'window': '5Y', 'order': 2, 'rows': 9}
2025-11-12 11:45:29,706 INFO [cli] {'ticker': 'IWM', 'mode': 'tri', 'thr': 15, 'window': '5Y', 'order': 3, 'rows': 26}
2025-11-12 11:45:29,716 INFO [cli] {'ticker': 'IWM', 'mode': 'tri', 'thr': 15, 'window': '5Y', 'order': 4, 'rows': 74}
2025-11-12 11:45:29,725 INFO [cli] {'ticker': 'IWM', 'mode': 'tri', 'thr': 15, 'window': '10Y', 'order': 1, 'rows': 3}
2025-11-12 11:45:29,737 INFO [cli] {'ticker': 'IWM', 'mode': 'tri', 'thr': 15, 'window': '10Y', 'order': 2, 'rows': 9}
2025-11-12 11:45:29,747 INFO [cli] {'ticker': 'IWM', 'mode': 'tri', 'thr': 15, 'window': '10Y', 'order': 3, 'rows': 27}
2025-11-12 11:45:29,756 INFO [cli] {'ticker': 'IWM', 'mode': 'tri', 'thr': 15, 'window': '10Y', 'order': 4, 'rows': 79}
2025-11-12 11:45:29,766 INFO [cli] {'ticker': 'IWM', 'mode': 'tri', 'thr': 15, 'window': '20Y', 'order': 1, 'rows': 3}
2025-11-12 11:45:29,776 INFO [cli] {'ticker': 'IWM', 'mode': 'tri', 'thr': 15, 'window': '20Y', 'order': 2, 'rows': 9}
2025-11-12 11:45:29,788 INFO [cli] {'ticker': 'IWM', 'mode': 'tri', 'thr': 15, 'window': '20Y', 'order': 3, 'rows': 27}
2025-11-12 11:45:29,797 INFO [cli] {'ticker': 'IWM', 'mode': 'tri', 'thr': 15, 'window': '20Y', 'order': 4, 'rows': 80}
2025-11-12 11:45:29,808 INFO [cli] {'ticker': 'IWM', 'mode': 'tri', 'thr': 15, 'window': 'MAX', 'order': 1, 'rows': 3}
2025-11-12 11:45:29,817 INFO [cli] {'ticker': 'IWM', 'mode': 'tri', 'thr': 15, 'window': 'MAX', 'order': 2, 'rows': 9}
2025-11-12 11:45:29,828 INFO [cli] {'ticker': 'IWM', 'mode': 'tri', 'thr': 15, 'window': 'MAX', 'order': 3, 'rows': 27}
2025-11-12 11:45:29,839 INFO [cli] {'ticker': 'IWM', 'mode': 'tri', 'thr': 15, 'window': 'MAX', 'order': 4, 'rows': 80}
2025-11-12 11:45:29,855 INFO [cli] {'ticker': 'IWM', 'mode': 'tri', 'thr': 20, 'window': '1Y', 'order': 1, 'rows': 3}
2025-11-12 11:45:29,866 INFO [cli] {'ticker': 'IWM', 'mode': 'tri', 'thr': 20, 'window': '1Y', 'order': 2, 'rows': 9}
2025-11-12 11:45:29,875 INFO [cli] {'ticker': 'IWM', 'mode': 'tri', 'thr': 20, 'window': '1Y', 'order': 3, 'rows': 26}
2025-11-12 11:45:29,886 INFO [cli] {'ticker': 'IWM', 'mode': 'tri', 'thr': 20, 'window': '1Y', 'order': 4, 'rows': 62}
2025-11-12 11:45:29,898 INFO [cli] {'ticker': 'IWM', 'mode': 'tri', 'thr': 20, 'window': '2Y', 'order': 1, 'rows': 3}
2025-11-12 11:45:29,909 INFO [cli] {'ticker': 'IWM', 'mode': 'tri', 'thr': 20, 'window': '2Y', 'order': 2, 'rows': 9}
2025-11-12 11:45:29,918 INFO [cli] {'ticker': 'IWM', 'mode': 'tri', 'thr': 20, 'window': '2Y', 'order': 3, 'rows': 26}
2025-11-12 11:45:29,928 INFO [cli] {'ticker': 'IWM', 'mode': 'tri', 'thr': 20, 'window': '2Y', 'order': 4, 'rows': 68}
2025-11-12 11:45:29,938 INFO [cli] {'ticker': 'IWM', 'mode': 'tri', 'thr': 20, 'window': '5Y', 'order': 1, 'rows': 3}
2025-11-12 11:45:29,946 INFO [cli] {'ticker': 'IWM', 'mode': 'tri', 'thr': 20, 'window': '5Y', 'order': 2, 'rows': 9}
2025-11-12 11:45:29,957 INFO [cli] {'ticker': 'IWM', 'mode': 'tri', 'thr': 20, 'window': '5Y', 'order': 3, 'rows': 26}
2025-11-12 11:45:29,966 INFO [cli] {'ticker': 'IWM', 'mode': 'tri', 'thr': 20, 'window': '5Y', 'order': 4, 'rows': 76}
2025-11-12 11:45:29,980 INFO [cli] {'ticker': 'IWM', 'mode': 'tri', 'thr': 20, 'window': '10Y', 'order': 1, 'rows': 3}
2025-11-12 11:45:29,990 INFO [cli] {'ticker': 'IWM', 'mode': 'tri', 'thr': 20, 'window': '10Y', 'order': 2, 'rows': 9}
2025-11-12 11:45:30,002 INFO [cli] {'ticker': 'IWM', 'mode': 'tri', 'thr': 20, 'window': '10Y', 'order': 3, 'rows': 27}
2025-11-12 11:45:30,011 INFO [cli] {'ticker': 'IWM', 'mode': 'tri', 'thr': 20, 'window': '10Y', 'order': 4, 'rows': 81}
2025-11-12 11:45:30,020 INFO [cli] {'ticker': 'IWM', 'mode': 'tri', 'thr': 20, 'window': '20Y', 'order': 1, 'rows': 3}
2025-11-12 11:45:30,032 INFO [cli] {'ticker': 'IWM', 'mode': 'tri', 'thr': 20, 'window': '20Y', 'order': 2, 'rows': 9}
2025-11-12 11:45:30,043 INFO [cli] {'ticker': 'IWM', 'mode': 'tri', 'thr': 20, 'window': '20Y', 'order': 3, 'rows': 27}
2025-11-12 11:45:30,053 INFO [cli] {'ticker': 'IWM', 'mode': 'tri', 'thr': 20, 'window': '20Y', 'order': 4, 'rows': 81}
2025-11-12 11:45:30,064 INFO [cli] {'ticker': 'IWM', 'mode': 'tri', 'thr': 20, 'window': 'MAX', 'order': 1, 'rows': 3}
2025-11-12 11:45:30,073 INFO [cli] {'ticker': 'IWM', 'mode': 'tri', 'thr': 20, 'window': 'MAX', 'order': 2, 'rows': 9}
2025-11-12 11:45:30,085 INFO [cli] {'ticker': 'IWM', 'mode': 'tri', 'thr': 20, 'window': 'MAX', 'order': 3, 'rows': 27}
2025-11-12 11:45:30,094 INFO [cli] {'ticker': 'IWM', 'mode': 'tri', 'thr': 20, 'window': 'MAX', 'order': 4, 'rows': 81}
2025-11-12 11:45:30,112 INFO [cli] {'ticker': 'IWM', 'mode': 'tri', 'thr': 25, 'window': '1Y', 'order': 1, 'rows': 3}
2025-11-12 11:45:30,121 INFO [cli] {'ticker': 'IWM', 'mode': 'tri', 'thr': 25, 'window': '1Y', 'order': 2, 'rows': 9}
2025-11-12 11:45:30,130 INFO [cli] {'ticker': 'IWM', 'mode': 'tri', 'thr': 25, 'window': '1Y', 'order': 3, 'rows': 27}
2025-11-12 11:45:30,141 INFO [cli] {'ticker': 'IWM', 'mode': 'tri', 'thr': 25, 'window': '1Y', 'order': 4, 'rows': 68}
2025-11-12 11:45:30,152 INFO [cli] {'ticker': 'IWM', 'mode': 'tri', 'thr': 25, 'window': '2Y', 'order': 1, 'rows': 3}
2025-11-12 11:45:30,162 INFO [cli] {'ticker': 'IWM', 'mode': 'tri', 'thr': 25, 'window': '2Y', 'order': 2, 'rows': 9}
2025-11-12 11:45:30,173 INFO [cli] {'ticker': 'IWM', 'mode': 'tri', 'thr': 25, 'window': '2Y', 'order': 3, 'rows': 27}
2025-11-12 11:45:30,185 INFO [cli] {'ticker': 'IWM', 'mode': 'tri', 'thr': 25, 'window': '2Y', 'order': 4, 'rows': 76}
2025-11-12 11:45:30,196 INFO [cli] {'ticker': 'IWM', 'mode': 'tri', 'thr': 25, 'window': '5Y', 'order': 1, 'rows': 3}
2025-11-12 11:45:30,211 INFO [cli] {'ticker': 'IWM', 'mode': 'tri', 'thr': 25, 'window': '5Y', 'order': 2, 'rows': 9}
2025-11-12 11:45:30,220 INFO [cli] {'ticker': 'IWM', 'mode': 'tri', 'thr': 25, 'window': '5Y', 'order': 3, 'rows': 27}
2025-11-12 11:45:30,229 INFO [cli] {'ticker': 'IWM', 'mode': 'tri', 'thr': 25, 'window': '5Y', 'order': 4, 'rows': 79}
2025-11-12 11:45:30,238 INFO [cli] {'ticker': 'IWM', 'mode': 'tri', 'thr': 25, 'window': '10Y', 'order': 1, 'rows': 3}
2025-11-12 11:45:30,249 INFO [cli] {'ticker': 'IWM', 'mode': 'tri', 'thr': 25, 'window': '10Y', 'order': 2, 'rows': 9}
2025-11-12 11:45:30,259 INFO [cli] {'ticker': 'IWM', 'mode': 'tri', 'thr': 25, 'window': '10Y', 'order': 3, 'rows': 27}
2025-11-12 11:45:30,272 INFO [cli] {'ticker': 'IWM', 'mode': 'tri', 'thr': 25, 'window': '10Y', 'order': 4, 'rows': 81}
2025-11-12 11:45:30,281 INFO [cli] {'ticker': 'IWM', 'mode': 'tri', 'thr': 25, 'window': '20Y', 'order': 1, 'rows': 3}
2025-11-12 11:45:30,292 INFO [cli] {'ticker': 'IWM', 'mode': 'tri', 'thr': 25, 'window': '20Y', 'order': 2, 'rows': 9}
2025-11-12 11:45:30,304 INFO [cli] {'ticker': 'IWM', 'mode': 'tri', 'thr': 25, 'window': '20Y', 'order': 3, 'rows': 27}
2025-11-12 11:45:30,315 INFO [cli] {'ticker': 'IWM', 'mode': 'tri', 'thr': 25, 'window': '20Y', 'order': 4, 'rows': 81}
2025-11-12 11:45:30,325 INFO [cli] {'ticker': 'IWM', 'mode': 'tri', 'thr': 25, 'window': 'MAX', 'order': 1, 'rows': 3}
2025-11-12 11:45:30,338 INFO [cli] {'ticker': 'IWM', 'mode': 'tri', 'thr': 25, 'window': 'MAX', 'order': 2, 'rows': 9}
2025-11-12 11:45:30,350 INFO [cli] {'ticker': 'IWM', 'mode': 'tri', 'thr': 25, 'window': 'MAX', 'order': 3, 'rows': 27}
2025-11-12 11:45:30,361 INFO [cli] {'ticker': 'IWM', 'mode': 'tri', 'thr': 25, 'window': 'MAX', 'order': 4, 'rows': 81}
2025-11-12 11:45:30,378 INFO [cli] {'ticker': 'IWM', 'mode': 'tri', 'thr': 30, 'window': '1Y', 'order': 1, 'rows': 3}
2025-11-12 11:45:30,398 INFO [cli] {'ticker': 'IWM', 'mode': 'tri', 'thr': 30, 'window': '1Y', 'order': 2, 'rows': 9}
2025-11-12 11:45:30,410 INFO [cli] {'ticker': 'IWM', 'mode': 'tri', 'thr': 30, 'window': '1Y', 'order': 3, 'rows': 27}
2025-11-12 11:45:30,421 INFO [cli] {'ticker': 'IWM', 'mode': 'tri', 'thr': 30, 'window': '1Y', 'order': 4, 'rows': 69}
2025-11-12 11:45:30,433 INFO [cli] {'ticker': 'IWM', 'mode': 'tri', 'thr': 30, 'window': '2Y', 'order': 1, 'rows': 3}
2025-11-12 11:45:30,444 INFO [cli] {'ticker': 'IWM', 'mode': 'tri', 'thr': 30, 'window': '2Y', 'order': 2, 'rows': 9}
2025-11-12 11:45:30,457 INFO [cli] {'ticker': 'IWM', 'mode': 'tri', 'thr': 30, 'window': '2Y', 'order': 3, 'rows': 27}
2025-11-12 11:45:30,468 INFO [cli] {'ticker': 'IWM', 'mode': 'tri', 'thr': 30, 'window': '2Y', 'order': 4, 'rows': 79}
2025-11-12 11:45:30,480 INFO [cli] {'ticker': 'IWM', 'mode': 'tri', 'thr': 30, 'window': '5Y', 'order': 1, 'rows': 3}
2025-11-12 11:45:30,490 INFO [cli] {'ticker': 'IWM', 'mode': 'tri', 'thr': 30, 'window': '5Y', 'order': 2, 'rows': 9}
2025-11-12 11:45:30,502 INFO [cli] {'ticker': 'IWM', 'mode': 'tri', 'thr': 30, 'window': '5Y', 'order': 3, 'rows': 27}
2025-11-12 11:45:30,513 INFO [cli] {'ticker': 'IWM', 'mode': 'tri', 'thr': 30, 'window': '5Y', 'order': 4, 'rows': 80}
2025-11-12 11:45:30,525 INFO [cli] {'ticker': 'IWM', 'mode': 'tri', 'thr': 30, 'window': '10Y', 'order': 1, 'rows': 3}
2025-11-12 11:45:30,535 INFO [cli] {'ticker': 'IWM', 'mode': 'tri', 'thr': 30, 'window': '10Y', 'order': 2, 'rows': 9}
2025-11-12 11:45:30,545 INFO [cli] {'ticker': 'IWM', 'mode': 'tri', 'thr': 30, 'window': '10Y', 'order': 3, 'rows': 27}
2025-11-12 11:45:30,554 INFO [cli] {'ticker': 'IWM', 'mode': 'tri', 'thr': 30, 'window': '10Y', 'order': 4, 'rows': 81}

{'ticker': 'IWM', 'mode': 'binary', 'thr': 145, 'window': '10Y', 'order': 3, 'rows': 8}
{'ticker': 'IWM', 'mode': 'binary', 'thr': 145, 'window': '10Y', 'order': 4, 'rows': 16}
{'ticker': 'IWM', 'mode': 'binary', 'thr': 145, 'window': '20Y', 'order': 1, 'rows': 2}
{'ticker': 'IWM', 'mode': 'binary', 'thr': 145, 'window': '20Y', 'order': 2, 'rows': 4}
{'ticker': 'IWM', 'mode': 'binary', 'thr': 145, 'window': '20Y', 'order': 3, 'rows': 8}
{'ticker': 'IWM', 'mode': 'binary', 'thr': 145, 'window': '20Y', 'order': 4, 'rows': 16}
{'ticker': 'IWM', 'mode': 'binary', 'thr': 145, 'window': 'MAX', 'order': 1, 'rows': 2}
{'ticker': 'IWM', 'mode': 'binary', 'thr': 145, 'window': 'MAX', 'order': 2, 'rows': 4}
{'ticker': 'IWM', 'mode': 'binary', 'thr': 145, 'window': 'MAX', 'order': 3, 'rows': 8}
{'ticker': 'IWM', 'mode': 'binary', 'thr': 145, 'window': 'MAX', 'order': 4, 'rows': 16}
{'ticker': 'IWM', 'mode': 'binary', 'thr': 150, 'window': '1Y', 'order': 1, 'rows': 2}
{'ticker': 'IWM', 'mode': 'binary', 'thr': 150, 'window': '1Y', 'order': 2, 'rows': 4}
{'ticker': 'IWM', 'mode': 'binary', 'thr': 150, 'window': '1Y', 'order': 3, 'rows': 8}
{'ticker': 'IWM', 'mode': 'binary', 'thr': 150, 'window': '1Y', 'order': 4, 'rows': 13}
{'ticker': 'IWM', 'mode': 'binary', 'thr': 150, 'window': '2Y', 'order': 1, 'rows': 2}
{'ticker': 'IWM', 'mode': 'binary', 'thr': 150, 'window': '2Y', 'order': 2, 'rows': 4}
{'ticker': 'IWM', 'mode': 'binary', 'thr': 150, 'window': '2Y', 'order': 3, 'rows': 8}
{'ticker': 'IWM', 'mode': 'binary', 'thr': 150, 'window': '2Y', 'order': 4, 'rows': 15}
{'ticker': 'IWM', 'mode': 'binary', 'thr': 150, 'window': '5Y', 'order': 1, 'rows': 2}
{'ticker': 'IWM', 'mode': 'binary', 'thr': 150, 'window': '5Y', 'order': 2, 'rows': 4}
{'ticker': 'IWM', 'mode': 'binary', 'thr': 150, 'window': '5Y', 'order': 3, 'rows': 8}
{'ticker': 'IWM', 'mode': 'binary', 'thr': 150, 'window': '5Y', 'order': 4, 'rows': 15}
{'ticker': 'IWM', 'mode': 'binary', 'thr': 150, 'window': '10Y', 'order': 1, 'rows': 2}
{'ticker': 'IWM', 'mode': 'binary', 'thr': 150, 'window': '10Y', 'order': 2, 'rows': 4}
{'ticker': 'IWM', 'mode': 'binary', 'thr': 150, 'window': '10Y', 'order': 3, 'rows': 8}
{'ticker': 'IWM', 'mode': 'binary', 'thr': 150, 'window': '10Y', 'order': 4, 'rows': 15}
{'ticker': 'IWM', 'mode': 'binary', 'thr': 150, 'window': '20Y', 'order': 1, 'rows': 2}
{'ticker': 'IWM', 'mode': 'binary', 'thr': 150, 'window': '20Y', 'order': 2, 'rows': 4}
{'ticker': 'IWM', 'mode': 'binary', 'thr': 150, 'window': '20Y', 'order': 3, 'rows': 8}
{'ticker': 'IWM', 'mode': 'binary', 'thr': 150, 'window': '20Y', 'order': 4, 'rows': 16}
{'ticker': 'IWM', 'mode': 'binary', 'thr': 150, 'window': 'MAX', 'order': 1, 'rows': 2}
{'ticker': 'IWM', 'mode': 'binary', 'thr': 150, 'window': 'MAX', 'order': 2, 'rows': 4}
{'ticker': 'IWM', 'mode': 'binary', 'thr': 150, 'window': 'MAX', 'order': 3, 'rows': 8}
{'ticker': 'IWM', 'mode': 'binary', 'thr': 150, 'window': 'MAX', 'order': 4, 'rows': 16}
{'ticker': 'IWM', 'mode': 'tri', 'thr': 0, 'window': '1Y', 'order': 1, 'rows': 2}
{'ticker': 'IWM', 'mode': 'tri', 'thr': 0, 'window': '1Y', 'order': 2, 'rows': 4}
{'ticker': 'IWM', 'mode': 'tri', 'thr': 0, 'window': '1Y', 'order': 3, 'rows': 8}
{'ticker': 'IWM', 'mode': 'tri', 'thr': 0, 'window': '1Y', 'order': 4, 'rows': 16}
{'ticker': 'IWM', 'mode': 'tri', 'thr': 0, 'window': '2Y', 'order': 1, 'rows': 2}
{'ticker': 'IWM', 'mode': 'tri', 'thr': 0, 'window': '2Y', 'order': 2, 'rows': 4}
{'ticker': 'IWM', 'mode': 'tri', 'thr': 0, 'window': '2Y', 'order': 3, 'rows': 8}
{'ticker': 'IWM', 'mode': 'tri', 'thr': 0, 'window': '2Y', 'order': 4, 'rows': 16}
{'ticker': 'IWM', 'mode': 'tri', 'thr': 0, 'window': '5Y', 'order': 1, 'rows': 2}
{'ticker': 'IWM', 'mode': 'tri', 'thr': 0, 'window': '5Y', 'order': 2, 'rows': 4}
{'ticker': 'IWM', 'mode': 'tri', 'thr': 0, 'window': '5Y', 'order': 3, 'rows': 8}
{'ticker': 'IWM', 'mode': 'tri', 'thr': 0, 'window': '5Y', 'order': 4, 'rows': 16}
{'ticker': 'IWM', 'mode': 'tri', 'thr': 0, 'window': '10Y', 'order': 1, 'rows': 3}
{'ticker': 'IWM', 'mode': 'tri', 'thr': 0, 'window': '10Y', 'order': 2, 'rows': 8}
{'ticker': 'IWM', 'mode': 'tri', 'thr': 0, 'window': '10Y', 'order': 3, 'rows': 19}
{'ticker': 'IWM', 'mode': 'tri', 'thr': 0, 'window': '10Y', 'order': 4, 'rows': 34}
{'ticker': 'IWM', 'mode': 'tri', 'thr': 0, 'window': '20Y', 'order': 1, 'rows': 3}
{'ticker': 'IWM', 'mode': 'tri', 'thr': 0, 'window': '20Y', 'order': 2, 'rows': 8}
{'ticker': 'IWM', 'mode': 'tri', 'thr': 0, 'window': '20Y', 'order': 3, 'rows': 19}
{'ticker': 'IWM', 'mode': 'tri', 'thr': 0, 'window': '20Y', 'order': 4, 'rows': 40}
{'ticker': 'IWM', 'mode': 'tri', 'thr': 0, 'window': 'MAX', 'order': 1, 'rows': 3}
{'ticker': 'IWM', 'mode': 'tri', 'thr': 0, 'window': 'MAX', 'order': 2, 'rows': 8}
{'ticker': 'IWM', 'mode': 'tri', 'thr': 0, 'window': 'MAX', 'order': 3, 'rows': 20}
{'ticker': 'IWM', 'mode': 'tri', 'thr': 0, 'window': 'MAX', 'order': 4, 'rows': 47}
{'ticker': 'IWM', 'mode': 'tri', 'thr': 5, 'window': '1Y', 'order': 1, 'rows': 3}
{'ticker': 'IWM', 'mode': 'tri', 'thr': 5, 'window': '1Y', 'order': 2, 'rows': 8}
{'ticker': 'IWM', 'mode': 'tri', 'thr': 5, 'window': '1Y', 'order': 3, 'rows': 20}
{'ticker': 'IWM', 'mode': 'tri', 'thr': 5, 'window': '1Y', 'order': 4, 'rows': 41}
{'ticker': 'IWM', 'mode': 'tri', 'thr': 5, 'window': '2Y', 'order': 1, 'rows': 3}
{'ticker': 'IWM', 'mode': 'tri', 'thr': 5, 'window': '2Y', 'order': 2, 'rows': 8}
{'ticker': 'IWM', 'mode': 'tri', 'thr': 5, 'window': '2Y', 'order': 3, 'rows': 20}
{'ticker': 'IWM', 'mode': 'tri', 'thr': 5, 'window': '2Y', 'order': 4, 'rows': 44}
{'ticker': 'IWM', 'mode': 'tri', 'thr': 5, 'window': '5Y', 'order': 1, 'rows': 3}
{'ticker': 'IWM', 'mode': 'tri', 'thr': 5, 'window': '5Y', 'order': 2, 'rows': 8}
{'ticker': 'IWM', 'mode': 'tri', 'thr': 5, 'window': '5Y', 'order': 3, 'rows': 20}
{'ticker': 'IWM', 'mode': 'tri', 'thr': 5, 'window': '5Y', 'order': 4, 'rows': 48}
{'ticker': 'IWM', 'mode': 'tri', 'thr': 5, 'window': '10Y', 'order': 1, 'rows': 3}
{'ticker': 'IWM', 'mode': 'tri', 'thr': 5, 'window': '10Y', 'order': 2, 'rows': 8}
{'ticker': 'IWM', 'mode': 'tri', 'thr': 5, 'window': '10Y', 'order': 3, 'rows': 22}
{'ticker': 'IWM', 'mode': 'tri', 'thr': 5, 'window': '10Y', 'order': 4, 'rows': 53}
{'ticker': 'IWM', 'mode': 'tri', 'thr': 5, 'window': '20Y', 'order': 1, 'rows': 3}
{'ticker': 'IWM', 'mode': 'tri', 'thr': 5, 'window': '20Y', 'order': 2, 'rows': 9}
{'ticker': 'IWM', 'mode': 'tri', 'thr': 5, 'window': '20Y', 'order': 3, 'rows': 24}
{'ticker': 'IWM', 'mode': 'tri', 'thr': 5, 'window': '20Y', 'order': 4, 'rows': 58}
{'ticker': 'IWM', 'mode': 'tri', 'thr': 5, 'window': 'MAX', 'order': 1, 'rows': 3}
{'ticker': 'IWM', 'mode': 'tri', 'thr': 5, 'window': 'MAX', 'order': 2, 'rows': 9}
{'ticker': 'IWM', 'mode': 'tri', 'thr': 5, 'window': 'MAX', 'order': 3, 'rows': 24}
{'ticker': 'IWM', 'mode': 'tri', 'thr': 5, 'window': 'MAX', 'order': 4, 'rows': 58}
{'ticker': 'IWM', 'mode': 'tri', 'thr': 10, 'window': '1Y', 'order': 1, 'rows': 3}
{'ticker': 'IWM', 'mode': 'tri', 'thr': 10, 'window': '1Y', 'order': 2, 'rows': 8}
{'ticker': 'IWM', 'mode': 'tri', 'thr': 10, 'window': '1Y', 'order': 3, 'rows': 22}
{'ticker': 'IWM', 'mode': 'tri', 'thr': 10, 'window': '1Y', 'order': 4, 'rows': 47}
{'ticker': 'IWM', 'mode': 'tri', 'thr': 10, 'window': '2Y', 'order': 1, 'rows': 3}
{'ticker': 'IWM', 'mode': 'tri', 'thr': 10, 'window': '2Y', 'order': 2, 'rows': 8}
{'ticker': 'IWM', 'mode': 'tri', 'thr': 10, 'window': '2Y', 'order': 3, 'rows': 22}
{'ticker': 'IWM', 'mode': 'tri', 'thr': 10, 'window': '2Y', 'order': 4, 'rows': 52}
{'ticker': 'IWM', 'mode': 'tri', 'thr': 10, 'window': '5Y', 'order': 1, 'rows': 3}
{'ticker': 'IWM', 'mode': 'tri', 'thr': 10, 'window': '5Y', 'order': 2, 'rows': 9}
{'ticker': 'IWM', 'mode': 'tri', 'thr': 10, 'window': '5Y', 'order': 3, 'rows': 25}
{'ticker': 'IWM', 'mode': 'tri', 'thr': 10, 'window': '5Y', 'order': 4, 'rows': 62}
{'ticker': 'IWM', 'mode': 'tri', 'thr': 10, 'window': '10Y', 'order': 1, 'rows': 3}
{'ticker': 'IWM', 'mode': 'tri', 'thr': 10, 'window': '10Y', 'order': 2, 'rows': 9}
{'ticker': 'IWM', 'mode': 'tri', 'thr': 10, 'window': '10Y', 'order': 3, 'rows': 27}2025-11-12 11:45:30,566 INFO [cli] {'ticker': 'IWM', 'mode': 'tri', 'thr': 30, 'window': '20Y', 'order': 1, 'rows': 3}
2025-11-12 11:45:30,577 INFO [cli] {'ticker': 'IWM', 'mode': 'tri', 'thr': 30, 'window': '20Y', 'order': 2, 'rows': 9}
2025-11-12 11:45:30,590 INFO [cli] {'ticker': 'IWM', 'mode': 'tri', 'thr': 30, 'window': '20Y', 'order': 3, 'rows': 27}
2025-11-12 11:45:30,599 INFO [cli] {'ticker': 'IWM', 'mode': 'tri', 'thr': 30, 'window': '20Y', 'order': 4, 'rows': 81}
2025-11-12 11:45:30,609 INFO [cli] {'ticker': 'IWM', 'mode': 'tri', 'thr': 30, 'window': 'MAX', 'order': 1, 'rows': 3}
2025-11-12 11:45:30,619 INFO [cli] {'ticker': 'IWM', 'mode': 'tri', 'thr': 30, 'window': 'MAX', 'order': 2, 'rows': 9}
2025-11-12 11:45:30,629 INFO [cli] {'ticker': 'IWM', 'mode': 'tri', 'thr': 30, 'window': 'MAX', 'order': 3, 'rows': 27}
2025-11-12 11:45:30,640 INFO [cli] {'ticker': 'IWM', 'mode': 'tri', 'thr': 30, 'window': 'MAX', 'order': 4, 'rows': 81}
2025-11-12 11:45:30,656 INFO [cli] {'ticker': 'IWM', 'mode': 'tri', 'thr': 35, 'window': '1Y', 'order': 1, 'rows': 3}
2025-11-12 11:45:30,667 INFO [cli] {'ticker': 'IWM', 'mode': 'tri', 'thr': 35, 'window': '1Y', 'order': 2, 'rows': 9}
2025-11-12 11:45:30,678 INFO [cli] {'ticker': 'IWM', 'mode': 'tri', 'thr': 35, 'window': '1Y', 'order': 3, 'rows': 27}
2025-11-12 11:45:30,688 INFO [cli] {'ticker': 'IWM', 'mode': 'tri', 'thr': 35, 'window': '1Y', 'order': 4, 'rows': 70}
2025-11-12 11:45:30,699 INFO [cli] {'ticker': 'IWM', 'mode': 'tri', 'thr': 35, 'window': '2Y', 'order': 1, 'rows': 3}
2025-11-12 11:45:30,710 INFO [cli] {'ticker': 'IWM', 'mode': 'tri', 'thr': 35, 'window': '2Y', 'order': 2, 'rows': 9}
2025-11-12 11:45:30,721 INFO [cli] {'ticker': 'IWM', 'mode': 'tri', 'thr': 35, 'window': '2Y', 'order': 3, 'rows': 27}
2025-11-12 11:45:30,731 INFO [cli] {'ticker': 'IWM', 'mode': 'tri', 'thr': 35, 'window': '2Y', 'order': 4, 'rows': 80}
2025-11-12 11:45:30,740 INFO [cli] {'ticker': 'IWM', 'mode': 'tri', 'thr': 35, 'window': '5Y', 'order': 1, 'rows': 3}
2025-11-12 11:45:30,751 INFO [cli] {'ticker': 'IWM', 'mode': 'tri', 'thr': 35, 'window': '5Y', 'order': 2, 'rows': 9}
2025-11-12 11:45:30,761 INFO [cli] {'ticker': 'IWM', 'mode': 'tri', 'thr': 35, 'window': '5Y', 'order': 3, 'rows': 27}
2025-11-12 11:45:30,772 INFO [cli] {'ticker': 'IWM', 'mode': 'tri', 'thr': 35, 'window': '5Y', 'order': 4, 'rows': 81}
2025-11-12 11:45:30,782 INFO [cli] {'ticker': 'IWM', 'mode': 'tri', 'thr': 35, 'window': '10Y', 'order': 1, 'rows': 3}
2025-11-12 11:45:30,792 INFO [cli] {'ticker': 'IWM', 'mode': 'tri', 'thr': 35, 'window': '10Y', 'order': 2, 'rows': 9}
2025-11-12 11:45:30,802 INFO [cli] {'ticker': 'IWM', 'mode': 'tri', 'thr': 35, 'window': '10Y', 'order': 3, 'rows': 27}
2025-11-12 11:45:30,813 INFO [cli] {'ticker': 'IWM', 'mode': 'tri', 'thr': 35, 'window': '10Y', 'order': 4, 'rows': 81}
2025-11-12 11:45:30,823 INFO [cli] {'ticker': 'IWM', 'mode': 'tri', 'thr': 35, 'window': '20Y', 'order': 1, 'rows': 3}
2025-11-12 11:45:30,831 INFO [cli] {'ticker': 'IWM', 'mode': 'tri', 'thr': 35, 'window': '20Y', 'order': 2, 'rows': 9}
2025-11-12 11:45:30,841 INFO [cli] {'ticker': 'IWM', 'mode': 'tri', 'thr': 35, 'window': '20Y', 'order': 3, 'rows': 27}
2025-11-12 11:45:30,851 INFO [cli] {'ticker': 'IWM', 'mode': 'tri', 'thr': 35, 'window': '20Y', 'order': 4, 'rows': 81}
2025-11-12 11:45:30,859 INFO [cli] {'ticker': 'IWM', 'mode': 'tri', 'thr': 35, 'window': 'MAX', 'order': 1, 'rows': 3}
2025-11-12 11:45:30,868 INFO [cli] {'ticker': 'IWM', 'mode': 'tri', 'thr': 35, 'window': 'MAX', 'order': 2, 'rows': 9}
2025-11-12 11:45:30,876 INFO [cli] {'ticker': 'IWM', 'mode': 'tri', 'thr': 35, 'window': 'MAX', 'order': 3, 'rows': 27}
2025-11-12 11:45:30,886 INFO [cli] {'ticker': 'IWM', 'mode': 'tri', 'thr': 35, 'window': 'MAX', 'order': 4, 'rows': 81}
2025-11-12 11:45:30,902 INFO [cli] {'ticker': 'IWM', 'mode': 'tri', 'thr': 40, 'window': '1Y', 'order': 1, 'rows': 3}
2025-11-12 11:45:30,912 INFO [cli] {'ticker': 'IWM', 'mode': 'tri', 'thr': 40, 'window': '1Y', 'order': 2, 'rows': 9}
2025-11-12 11:45:30,924 INFO [cli] {'ticker': 'IWM', 'mode': 'tri', 'thr': 40, 'window': '1Y', 'order': 3, 'rows': 27}
2025-11-12 11:45:30,932 INFO [cli] {'ticker': 'IWM', 'mode': 'tri', 'thr': 40, 'window': '1Y', 'order': 4, 'rows': 76}
2025-11-12 11:45:30,941 INFO [cli] {'ticker': 'IWM', 'mode': 'tri', 'thr': 40, 'window': '2Y', 'order': 1, 'rows': 3}
2025-11-12 11:45:30,952 INFO [cli] {'ticker': 'IWM', 'mode': 'tri', 'thr': 40, 'window': '2Y', 'order': 2, 'rows': 9}
2025-11-12 11:45:30,961 INFO [cli] {'ticker': 'IWM', 'mode': 'tri', 'thr': 40, 'window': '2Y', 'order': 3, 'rows': 27}
2025-11-12 11:45:30,972 INFO [cli] {'ticker': 'IWM', 'mode': 'tri', 'thr': 40, 'window': '2Y', 'order': 4, 'rows': 81}
2025-11-12 11:45:30,981 INFO [cli] {'ticker': 'IWM', 'mode': 'tri', 'thr': 40, 'window': '5Y', 'order': 1, 'rows': 3}
2025-11-12 11:45:30,990 INFO [cli] {'ticker': 'IWM', 'mode': 'tri', 'thr': 40, 'window': '5Y', 'order': 2, 'rows': 9}
2025-11-12 11:45:31,001 INFO [cli] {'ticker': 'IWM', 'mode': 'tri', 'thr': 40, 'window': '5Y', 'order': 3, 'rows': 27}
2025-11-12 11:45:31,012 INFO [cli] {'ticker': 'IWM', 'mode': 'tri', 'thr': 40, 'window': '5Y', 'order': 4, 'rows': 81}
2025-11-12 11:45:31,023 INFO [cli] {'ticker': 'IWM', 'mode': 'tri', 'thr': 40, 'window': '10Y', 'order': 1, 'rows': 3}
2025-11-12 11:45:31,032 INFO [cli] {'ticker': 'IWM', 'mode': 'tri', 'thr': 40, 'window': '10Y', 'order': 2, 'rows': 9}
2025-11-12 11:45:31,040 INFO [cli] {'ticker': 'IWM', 'mode': 'tri', 'thr': 40, 'window': '10Y', 'order': 3, 'rows': 27}
2025-11-12 11:45:31,052 INFO [cli] {'ticker': 'IWM', 'mode': 'tri', 'thr': 40, 'window': '10Y', 'order': 4, 'rows': 81}
2025-11-12 11:45:31,062 INFO [cli] {'ticker': 'IWM', 'mode': 'tri', 'thr': 40, 'window': '20Y', 'order': 1, 'rows': 3}
2025-11-12 11:45:31,073 INFO [cli] {'ticker': 'IWM', 'mode': 'tri', 'thr': 40, 'window': '20Y', 'order': 2, 'rows': 9}
2025-11-12 11:45:31,082 INFO [cli] {'ticker': 'IWM', 'mode': 'tri', 'thr': 40, 'window': '20Y', 'order': 3, 'rows': 27}
2025-11-12 11:45:31,090 INFO [cli] {'ticker': 'IWM', 'mode': 'tri', 'thr': 40, 'window': '20Y', 'order': 4, 'rows': 81}
2025-11-12 11:45:31,098 INFO [cli] {'ticker': 'IWM', 'mode': 'tri', 'thr': 40, 'window': 'MAX', 'order': 1, 'rows': 3}
2025-11-12 11:45:31,110 INFO [cli] {'ticker': 'IWM', 'mode': 'tri', 'thr': 40, 'window': 'MAX', 'order': 2, 'rows': 9}
2025-11-12 11:45:31,121 INFO [cli] {'ticker': 'IWM', 'mode': 'tri', 'thr': 40, 'window': 'MAX', 'order': 3, 'rows': 27}
2025-11-12 11:45:31,132 INFO [cli] {'ticker': 'IWM', 'mode': 'tri', 'thr': 40, 'window': 'MAX', 'order': 4, 'rows': 81}
2025-11-12 11:45:31,148 INFO [cli] {'ticker': 'IWM', 'mode': 'tri', 'thr': 45, 'window': '1Y', 'order': 1, 'rows': 3}
2025-11-12 11:45:31,157 INFO [cli] {'ticker': 'IWM', 'mode': 'tri', 'thr': 45, 'window': '1Y', 'order': 2, 'rows': 9}
2025-11-12 11:45:31,165 INFO [cli] {'ticker': 'IWM', 'mode': 'tri', 'thr': 45, 'window': '1Y', 'order': 3, 'rows': 27}
2025-11-12 11:45:31,176 INFO [cli] {'ticker': 'IWM', 'mode': 'tri', 'thr': 45, 'window': '1Y', 'order': 4, 'rows': 74}
2025-11-12 11:45:31,189 INFO [cli] {'ticker': 'IWM', 'mode': 'tri', 'thr': 45, 'window': '2Y', 'order': 1, 'rows': 3}
2025-11-12 11:45:31,201 INFO [cli] {'ticker': 'IWM', 'mode': 'tri', 'thr': 45, 'window': '2Y', 'order': 2, 'rows': 9}
2025-11-12 11:45:31,212 INFO [cli] {'ticker': 'IWM', 'mode': 'tri', 'thr': 45, 'window': '2Y', 'order': 3, 'rows': 27}
2025-11-12 11:45:31,221 INFO [cli] {'ticker': 'IWM', 'mode': 'tri', 'thr': 45, 'window': '2Y', 'order': 4, 'rows': 81}
2025-11-12 11:45:31,233 INFO [cli] {'ticker': 'IWM', 'mode': 'tri', 'thr': 45, 'window': '5Y', 'order': 1, 'rows': 3}
2025-11-12 11:45:31,242 INFO [cli] {'ticker': 'IWM', 'mode': 'tri', 'thr': 45, 'window': '5Y', 'order': 2, 'rows': 9}
2025-11-12 11:45:31,251 INFO [cli] {'ticker': 'IWM', 'mode': 'tri', 'thr': 45, 'window': '5Y', 'order': 3, 'rows': 27}
2025-11-12 11:45:31,263 INFO [cli] {'ticker': 'IWM', 'mode': 'tri', 'thr': 45, 'window': '5Y', 'order': 4, 'rows': 81}
2025-11-12 11:45:31,271 INFO [cli] {'ticker': 'IWM', 'mode': 'tri', 'thr': 45, 'window': '10Y', 'order': 1, 'rows': 3}
2025-11-12 11:45:31,279 INFO [cli] {'ticker': 'IWM', 'mode': 'tri', 'thr': 45, 'window': '10Y', 'order': 2, 'rows': 9}
2025-11-12 11:45:31,291 INFO [cli] {'ticker': 'IWM', 'mode': 'tri', 'thr': 45, 'window': '10Y', 'order': 3, 'rows': 27}
2025-11-12 11:45:31,299 INFO [cli] {'ticker': 'IWM', 'mode': 'tri', 'thr': 45, 'window': '10Y', 'order': 4, 'rows': 81}
2025-11-12 11:45:31,317 INFO [cli] {'ticker': 'IWM', 'mode': 'tri', 'thr': 45, 'window': '20Y', 'order': 1, 'rows': 3}
2025-11-12 11:45:31,328 INFO [cli] {'ticker': 'IWM', 'mode': 'tri', 'thr': 45, 'window': '20Y', 'order': 2, 'rows': 9}
2025-11-12 11:45:31,338 INFO [cli] {'ticker': 'IWM', 'mode': 'tri', 'thr': 45, 'window': '20Y', 'order': 3, 'rows': 27}
2025-11-12 11:45:31,348 INFO [cli] {'ticker': 'IWM', 'mode': 'tri', 'thr': 45, 'window': '20Y', 'order': 4, 'rows': 81}
2025-11-12 11:45:31,357 INFO [cli] {'ticker': 'IWM', 'mode': 'tri', 'thr': 45, 'window': 'MAX', 'order': 1, 'rows': 3}
2025-11-12 11:45:31,367 INFO [cli] {'ticker': 'IWM', 'mode': 'tri', 'thr': 45, 'window': 'MAX', 'order': 2, 'rows': 9}
2025-11-12 11:45:31,376 INFO [cli] {'ticker': 'IWM', 'mode': 'tri', 'thr': 45, 'window': 'MAX', 'order': 3, 'rows': 27}
2025-11-12 11:45:31,387 INFO [cli] {'ticker': 'IWM', 'mode': 'tri', 'thr': 45, 'window': 'MAX', 'order': 4, 'rows': 81}
2025-11-12 11:45:31,404 INFO [cli] {'ticker': 'IWM', 'mode': 'tri', 'thr': 50, 'window': '1Y', 'order': 1, 'rows': 3}
2025-11-12 11:45:31,412 INFO [cli] {'ticker': 'IWM', 'mode': 'tri', 'thr': 50, 'window': '1Y', 'order': 2, 'rows': 9}
2025-11-12 11:45:31,422 INFO [cli] {'ticker': 'IWM', 'mode': 'tri', 'thr': 50, 'window': '1Y', 'order': 3, 'rows': 27}
2025-11-12 11:45:31,430 INFO [cli] {'ticker': 'IWM', 'mode': 'tri', 'thr': 50, 'window': '1Y', 'order': 4, 'rows': 75}
2025-11-12 11:45:31,439 INFO [cli] {'ticker': 'IWM', 'mode': 'tri', 'thr': 50, 'window': '2Y', 'order': 1, 'rows': 3}
2025-11-12 11:45:31,448 INFO [cli] {'ticker': 'IWM', 'mode': 'tri', 'thr': 50, 'window': '2Y', 'order': 2, 'rows': 9}
2025-11-12 11:45:31,457 INFO [cli] {'ticker': 'IWM', 'mode': 'tri', 'thr': 50, 'window': '2Y', 'order': 3, 'rows': 27}
2025-11-12 11:45:31,466 INFO [cli] {'ticker': 'IWM', 'mode': 'tri', 'thr': 50, 'window': '2Y', 'order': 4, 'rows': 80}
2025-11-12 11:45:31,474 INFO [cli] {'ticker': 'IWM', 'mode': 'tri', 'thr': 50, 'window': '5Y', 'order': 1, 'rows': 3}
2025-11-12 11:45:31,485 INFO [cli] {'ticker': 'IWM', 'mode': 'tri', 'thr': 50, 'window': '5Y', 'order': 2, 'rows': 9}
2025-11-12 11:45:31,495 INFO [cli] {'ticker': 'IWM', 'mode': 'tri', 'thr': 50, 'window': '5Y', 'order': 3, 'rows': 27}
2025-11-12 11:45:31,506 INFO [cli] {'ticker': 'IWM', 'mode': 'tri', 'thr': 50, 'window': '5Y', 'order': 4, 'rows': 81}
2025-11-12 11:45:31,515 INFO [cli] {'ticker': 'IWM', 'mode': 'tri', 'thr': 50, 'window': '10Y', 'order': 1, 'rows': 3}
2025-11-12 11:45:31,527 INFO [cli] {'ticker': 'IWM', 'mode': 'tri', 'thr': 50, 'window': '10Y', 'order': 2, 'rows': 9}
2025-11-12 11:45:31,535 INFO [cli] {'ticker': 'IWM', 'mode': 'tri', 'thr': 50, 'window': '10Y', 'order': 3, 'rows': 27}
2025-11-12 11:45:31,545 INFO [cli] {'ticker': 'IWM', 'mode': 'tri', 'thr': 50, 'window': '10Y', 'order': 4, 'rows': 81}
2025-11-12 11:45:31,553 INFO [cli] {'ticker': 'IWM', 'mode': 'tri', 'thr': 50, 'window': '20Y', 'order': 1, 'rows': 3}
2025-11-12 11:45:31,563 INFO [cli] {'ticker': 'IWM', 'mode': 'tri', 'thr': 50, 'window': '20Y', 'order': 2, 'rows': 9}

{'ticker': 'IWM', 'mode': 'tri', 'thr': 10, 'window': '10Y', 'order': 4, 'rows': 75}
{'ticker': 'IWM', 'mode': 'tri', 'thr': 10, 'window': '20Y', 'order': 1, 'rows': 3}
{'ticker': 'IWM', 'mode': 'tri', 'thr': 10, 'window': '20Y', 'order': 2, 'rows': 9}
{'ticker': 'IWM', 'mode': 'tri', 'thr': 10, 'window': '20Y', 'order': 3, 'rows': 27}
{'ticker': 'IWM', 'mode': 'tri', 'thr': 10, 'window': '20Y', 'order': 4, 'rows': 78}
{'ticker': 'IWM', 'mode': 'tri', 'thr': 10, 'window': 'MAX', 'order': 1, 'rows': 3}
{'ticker': 'IWM', 'mode': 'tri', 'thr': 10, 'window': 'MAX', 'order': 2, 'rows': 9}
{'ticker': 'IWM', 'mode': 'tri', 'thr': 10, 'window': 'MAX', 'order': 3, 'rows': 27}
{'ticker': 'IWM', 'mode': 'tri', 'thr': 10, 'window': 'MAX', 'order': 4, 'rows': 78}
{'ticker': 'IWM', 'mode': 'tri', 'thr': 15, 'window': '1Y', 'order': 1, 'rows': 3}
{'ticker': 'IWM', 'mode': 'tri', 'thr': 15, 'window': '1Y', 'order': 2, 'rows': 9}
{'ticker': 'IWM', 'mode': 'tri', 'thr': 15, 'window': '1Y', 'order': 3, 'rows': 25}
{'ticker': 'IWM', 'mode': 'tri', 'thr': 15, 'window': '1Y', 'order': 4, 'rows': 57}
{'ticker': 'IWM', 'mode': 'tri', 'thr': 15, 'window': '2Y', 'order': 1, 'rows': 3}
{'ticker': 'IWM', 'mode': 'tri', 'thr': 15, 'window': '2Y', 'order': 2, 'rows': 9}
{'ticker': 'IWM', 'mode': 'tri', 'thr': 15, 'window': '2Y', 'order': 3, 'rows': 25}
{'ticker': 'IWM', 'mode': 'tri', 'thr': 15, 'window': '2Y', 'order': 4, 'rows': 62}
{'ticker': 'IWM', 'mode': 'tri', 'thr': 15, 'window': '5Y', 'order': 1, 'rows': 3}
{'ticker': 'IWM', 'mode': 'tri', 'thr': 15, 'window': '5Y', 'order': 2, 'rows': 9}
{'ticker': 'IWM', 'mode': 'tri', 'thr': 15, 'window': '5Y', 'order': 3, 'rows': 26}
{'ticker': 'IWM', 'mode': 'tri', 'thr': 15, 'window': '5Y', 'order': 4, 'rows': 74}
{'ticker': 'IWM', 'mode': 'tri', 'thr': 15, 'window': '10Y', 'order': 1, 'rows': 3}
{'ticker': 'IWM', 'mode': 'tri', 'thr': 15, 'window': '10Y', 'order': 2, 'rows': 9}
{'ticker': 'IWM', 'mode': 'tri', 'thr': 15, 'window': '10Y', 'order': 3, 'rows': 27}
{'ticker': 'IWM', 'mode': 'tri', 'thr': 15, 'window': '10Y', 'order': 4, 'rows': 79}
{'ticker': 'IWM', 'mode': 'tri', 'thr': 15, 'window': '20Y', 'order': 1, 'rows': 3}
{'ticker': 'IWM', 'mode': 'tri', 'thr': 15, 'window': '20Y', 'order': 2, 'rows': 9}
{'ticker': 'IWM', 'mode': 'tri', 'thr': 15, 'window': '20Y', 'order': 3, 'rows': 27}
{'ticker': 'IWM', 'mode': 'tri', 'thr': 15, 'window': '20Y', 'order': 4, 'rows': 80}
{'ticker': 'IWM', 'mode': 'tri', 'thr': 15, 'window': 'MAX', 'order': 1, 'rows': 3}
{'ticker': 'IWM', 'mode': 'tri', 'thr': 15, 'window': 'MAX', 'order': 2, 'rows': 9}
{'ticker': 'IWM', 'mode': 'tri', 'thr': 15, 'window': 'MAX', 'order': 3, 'rows': 27}
{'ticker': 'IWM', 'mode': 'tri', 'thr': 15, 'window': 'MAX', 'order': 4, 'rows': 80}
{'ticker': 'IWM', 'mode': 'tri', 'thr': 20, 'window': '1Y', 'order': 1, 'rows': 3}
{'ticker': 'IWM', 'mode': 'tri', 'thr': 20, 'window': '1Y', 'order': 2, 'rows': 9}
{'ticker': 'IWM', 'mode': 'tri', 'thr': 20, 'window': '1Y', 'order': 3, 'rows': 26}
{'ticker': 'IWM', 'mode': 'tri', 'thr': 20, 'window': '1Y', 'order': 4, 'rows': 62}
{'ticker': 'IWM', 'mode': 'tri', 'thr': 20, 'window': '2Y', 'order': 1, 'rows': 3}
{'ticker': 'IWM', 'mode': 'tri', 'thr': 20, 'window': '2Y', 'order': 2, 'rows': 9}
{'ticker': 'IWM', 'mode': 'tri', 'thr': 20, 'window': '2Y', 'order': 3, 'rows': 26}
{'ticker': 'IWM', 'mode': 'tri', 'thr': 20, 'window': '2Y', 'order': 4, 'rows': 68}
{'ticker': 'IWM', 'mode': 'tri', 'thr': 20, 'window': '5Y', 'order': 1, 'rows': 3}
{'ticker': 'IWM', 'mode': 'tri', 'thr': 20, 'window': '5Y', 'order': 2, 'rows': 9}
{'ticker': 'IWM', 'mode': 'tri', 'thr': 20, 'window': '5Y', 'order': 3, 'rows': 26}
{'ticker': 'IWM', 'mode': 'tri', 'thr': 20, 'window': '5Y', 'order': 4, 'rows': 76}
{'ticker': 'IWM', 'mode': 'tri', 'thr': 20, 'window': '10Y', 'order': 1, 'rows': 3}
{'ticker': 'IWM', 'mode': 'tri', 'thr': 20, 'window': '10Y', 'order': 2, 'rows': 9}
{'ticker': 'IWM', 'mode': 'tri', 'thr': 20, 'window': '10Y', 'order': 3, 'rows': 27}
{'ticker': 'IWM', 'mode': 'tri', 'thr': 20, 'window': '10Y', 'order': 4, 'rows': 81}
{'ticker': 'IWM', 'mode': 'tri', 'thr': 20, 'window': '20Y', 'order': 1, 'rows': 3}
{'ticker': 'IWM', 'mode': 'tri', 'thr': 20, 'window': '20Y', 'order': 2, 'rows': 9}
{'ticker': 'IWM', 'mode': 'tri', 'thr': 20, 'window': '20Y', 'order': 3, 'rows': 27}
{'ticker': 'IWM', 'mode': 'tri', 'thr': 20, 'window': '20Y', 'order': 4, 'rows': 81}
{'ticker': 'IWM', 'mode': 'tri', 'thr': 20, 'window': 'MAX', 'order': 1, 'rows': 3}
{'ticker': 'IWM', 'mode': 'tri', 'thr': 20, 'window': 'MAX', 'order': 2, 'rows': 9}
{'ticker': 'IWM', 'mode': 'tri', 'thr': 20, 'window': 'MAX', 'order': 3, 'rows': 27}
{'ticker': 'IWM', 'mode': 'tri', 'thr': 20, 'window': 'MAX', 'order': 4, 'rows': 81}
{'ticker': 'IWM', 'mode': 'tri', 'thr': 25, 'window': '1Y', 'order': 1, 'rows': 3}
{'ticker': 'IWM', 'mode': 'tri', 'thr': 25, 'window': '1Y', 'order': 2, 'rows': 9}
{'ticker': 'IWM', 'mode': 'tri', 'thr': 25, 'window': '1Y', 'order': 3, 'rows': 27}
{'ticker': 'IWM', 'mode': 'tri', 'thr': 25, 'window': '1Y', 'order': 4, 'rows': 68}
{'ticker': 'IWM', 'mode': 'tri', 'thr': 25, 'window': '2Y', 'order': 1, 'rows': 3}
{'ticker': 'IWM', 'mode': 'tri', 'thr': 25, 'window': '2Y', 'order': 2, 'rows': 9}
{'ticker': 'IWM', 'mode': 'tri', 'thr': 25, 'window': '2Y', 'order': 3, 'rows': 27}
{'ticker': 'IWM', 'mode': 'tri', 'thr': 25, 'window': '2Y', 'order': 4, 'rows': 76}
{'ticker': 'IWM', 'mode': 'tri', 'thr': 25, 'window': '5Y', 'order': 1, 'rows': 3}
{'ticker': 'IWM', 'mode': 'tri', 'thr': 25, 'window': '5Y', 'order': 2, 'rows': 9}
{'ticker': 'IWM', 'mode': 'tri', 'thr': 25, 'window': '5Y', 'order': 3, 'rows': 27}
{'ticker': 'IWM', 'mode': 'tri', 'thr': 25, 'window': '5Y', 'order': 4, 'rows': 79}
{'ticker': 'IWM', 'mode': 'tri', 'thr': 25, 'window': '10Y', 'order': 1, 'rows': 3}
{'ticker': 'IWM', 'mode': 'tri', 'thr': 25, 'window': '10Y', 'order': 2, 'rows': 9}
{'ticker': 'IWM', 'mode': 'tri', 'thr': 25, 'window': '10Y', 'order': 3, 'rows': 27}
{'ticker': 'IWM', 'mode': 'tri', 'thr': 25, 'window': '10Y', 'order': 4, 'rows': 81}
{'ticker': 'IWM', 'mode': 'tri', 'thr': 25, 'window': '20Y', 'order': 1, 'rows': 3}
{'ticker': 'IWM', 'mode': 'tri', 'thr': 25, 'window': '20Y', 'order': 2, 'rows': 9}
{'ticker': 'IWM', 'mode': 'tri', 'thr': 25, 'window': '20Y', 'order': 3, 'rows': 27}
{'ticker': 'IWM', 'mode': 'tri', 'thr': 25, 'window': '20Y', 'order': 4, 'rows': 81}
{'ticker': 'IWM', 'mode': 'tri', 'thr': 25, 'window': 'MAX', 'order': 1, 'rows': 3}
{'ticker': 'IWM', 'mode': 'tri', 'thr': 25, 'window': 'MAX', 'order': 2, 'rows': 9}
{'ticker': 'IWM', 'mode': 'tri', 'thr': 25, 'window': 'MAX', 'order': 3, 'rows': 27}
{'ticker': 'IWM', 'mode': 'tri', 'thr': 25, 'window': 'MAX', 'order': 4, 'rows': 81}
{'ticker': 'IWM', 'mode': 'tri', 'thr': 30, 'window': '1Y', 'order': 1, 'rows': 3}
{'ticker': 'IWM', 'mode': 'tri', 'thr': 30, 'window': '1Y', 'order': 2, 'rows': 9}
{'ticker': 'IWM', 'mode': 'tri', 'thr': 30, 'window': '1Y', 'order': 3, 'rows': 27}
{'ticker': 'IWM', 'mode': 'tri', 'thr': 30, 'window': '1Y', 'order': 4, 'rows': 69}
{'ticker': 'IWM', 'mode': 'tri', 'thr': 30, 'window': '2Y', 'order': 1, 'rows': 3}
{'ticker': 'IWM', 'mode': 'tri', 'thr': 30, 'window': '2Y', 'order': 2, 'rows': 9}
{'ticker': 'IWM', 'mode': 'tri', 'thr': 30, 'window': '2Y', 'order': 3, 'rows': 27}
{'ticker': 'IWM', 'mode': 'tri', 'thr': 30, 'window': '2Y', 'order': 4, 'rows': 79}
{'ticker': 'IWM', 'mode': 'tri', 'thr': 30, 'window': '5Y', 'order': 1, 'rows': 3}
{'ticker': 'IWM', 'mode': 'tri', 'thr': 30, 'window': '5Y', 'order': 2, 'rows': 9}
{'ticker': 'IWM', 'mode': 'tri', 'thr': 30, 'window': '5Y', 'order': 3, 'rows': 27}
{'ticker': 'IWM', 'mode': 'tri', 'thr': 30, 'window': '5Y', 'order': 4, 'rows': 80}
{'ticker': 'IWM', 'mode': 'tri', 'thr': 30, 'window': '10Y', 'order': 1, 'rows': 3}
{'ticker': 'IWM', 'mode': 'tri', 'thr': 30, 'window': '10Y', 'order': 2, 'rows': 9}
{'ticker': 'IWM', 'mode': 'tri', 'thr': 30, 'window': '10Y', 'order': 3, 'rows': 27}
{'ticker': 'IWM', 'mode': 'tri', 'thr': 30, 'window': '10Y', 'order': 4, 'rows': 81}
{'ticker': 'IWM', 'mode': 'tri', 'thr': 30, 'window': '20Y', 'order': 1, 'rows': 3}2025-11-12 11:45:31,574 INFO [cli] {'ticker': 'IWM', 'mode': 'tri', 'thr': 50, 'window': '20Y', 'order': 3, 'rows': 27}
2025-11-12 11:45:31,582 INFO [cli] {'ticker': 'IWM', 'mode': 'tri', 'thr': 50, 'window': '20Y', 'order': 4, 'rows': 81}
2025-11-12 11:45:31,592 INFO [cli] {'ticker': 'IWM', 'mode': 'tri', 'thr': 50, 'window': 'MAX', 'order': 1, 'rows': 3}
2025-11-12 11:45:31,601 INFO [cli] {'ticker': 'IWM', 'mode': 'tri', 'thr': 50, 'window': 'MAX', 'order': 2, 'rows': 9}
2025-11-12 11:45:31,611 INFO [cli] {'ticker': 'IWM', 'mode': 'tri', 'thr': 50, 'window': 'MAX', 'order': 3, 'rows': 27}
2025-11-12 11:45:31,620 INFO [cli] {'ticker': 'IWM', 'mode': 'tri', 'thr': 50, 'window': 'MAX', 'order': 4, 'rows': 81}
2025-11-12 11:45:31,636 INFO [cli] {'ticker': 'IWM', 'mode': 'tri', 'thr': 55, 'window': '1Y', 'order': 1, 'rows': 3}
2025-11-12 11:45:31,645 INFO [cli] {'ticker': 'IWM', 'mode': 'tri', 'thr': 55, 'window': '1Y', 'order': 2, 'rows': 9}
2025-11-12 11:45:31,656 INFO [cli] {'ticker': 'IWM', 'mode': 'tri', 'thr': 55, 'window': '1Y', 'order': 3, 'rows': 27}
2025-11-12 11:45:31,665 INFO [cli] {'ticker': 'IWM', 'mode': 'tri', 'thr': 55, 'window': '1Y', 'order': 4, 'rows': 74}
2025-11-12 11:45:31,672 INFO [cli] {'ticker': 'IWM', 'mode': 'tri', 'thr': 55, 'window': '2Y', 'order': 1, 'rows': 3}
2025-11-12 11:45:31,681 INFO [cli] {'ticker': 'IWM', 'mode': 'tri', 'thr': 55, 'window': '2Y', 'order': 2, 'rows': 9}
2025-11-12 11:45:31,689 INFO [cli] {'ticker': 'IWM', 'mode': 'tri', 'thr': 55, 'window': '2Y', 'order': 3, 'rows': 27}
2025-11-12 11:45:31,699 INFO [cli] {'ticker': 'IWM', 'mode': 'tri', 'thr': 55, 'window': '2Y', 'order': 4, 'rows': 80}
2025-11-12 11:45:31,713 INFO [cli] {'ticker': 'IWM', 'mode': 'tri', 'thr': 55, 'window': '5Y', 'order': 1, 'rows': 3}
2025-11-12 11:45:31,737 INFO [cli] {'ticker': 'IWM', 'mode': 'tri', 'thr': 55, 'window': '5Y', 'order': 2, 'rows': 9}
2025-11-12 11:45:31,746 INFO [cli] {'ticker': 'IWM', 'mode': 'tri', 'thr': 55, 'window': '5Y', 'order': 3, 'rows': 27}
2025-11-12 11:45:31,755 INFO [cli] {'ticker': 'IWM', 'mode': 'tri', 'thr': 55, 'window': '5Y', 'order': 4, 'rows': 81}
2025-11-12 11:45:31,766 INFO [cli] {'ticker': 'IWM', 'mode': 'tri', 'thr': 55, 'window': '10Y', 'order': 1, 'rows': 3}
2025-11-12 11:45:31,777 INFO [cli] {'ticker': 'IWM', 'mode': 'tri', 'thr': 55, 'window': '10Y', 'order': 2, 'rows': 9}
2025-11-12 11:45:31,787 INFO [cli] {'ticker': 'IWM', 'mode': 'tri', 'thr': 55, 'window': '10Y', 'order': 3, 'rows': 27}
2025-11-12 11:45:31,798 INFO [cli] {'ticker': 'IWM', 'mode': 'tri', 'thr': 55, 'window': '10Y', 'order': 4, 'rows': 81}
2025-11-12 11:45:31,806 INFO [cli] {'ticker': 'IWM', 'mode': 'tri', 'thr': 55, 'window': '20Y', 'order': 1, 'rows': 3}
2025-11-12 11:45:31,814 INFO [cli] {'ticker': 'IWM', 'mode': 'tri', 'thr': 55, 'window': '20Y', 'order': 2, 'rows': 9}
2025-11-12 11:45:31,822 INFO [cli] {'ticker': 'IWM', 'mode': 'tri', 'thr': 55, 'window': '20Y', 'order': 3, 'rows': 27}
2025-11-12 11:45:31,834 INFO [cli] {'ticker': 'IWM', 'mode': 'tri', 'thr': 55, 'window': '20Y', 'order': 4, 'rows': 81}
2025-11-12 11:45:31,846 INFO [cli] {'ticker': 'IWM', 'mode': 'tri', 'thr': 55, 'window': 'MAX', 'order': 1, 'rows': 3}
2025-11-12 11:45:31,857 INFO [cli] {'ticker': 'IWM', 'mode': 'tri', 'thr': 55, 'window': 'MAX', 'order': 2, 'rows': 9}
2025-11-12 11:45:31,866 INFO [cli] {'ticker': 'IWM', 'mode': 'tri', 'thr': 55, 'window': 'MAX', 'order': 3, 'rows': 27}
2025-11-12 11:45:31,874 INFO [cli] {'ticker': 'IWM', 'mode': 'tri', 'thr': 55, 'window': 'MAX', 'order': 4, 'rows': 81}
2025-11-12 11:45:31,888 INFO [cli] {'ticker': 'IWM', 'mode': 'tri', 'thr': 60, 'window': '1Y', 'order': 1, 'rows': 3}
2025-11-12 11:45:31,900 INFO [cli] {'ticker': 'IWM', 'mode': 'tri', 'thr': 60, 'window': '1Y', 'order': 2, 'rows': 9}
2025-11-12 11:45:31,913 INFO [cli] {'ticker': 'IWM', 'mode': 'tri', 'thr': 60, 'window': '1Y', 'order': 3, 'rows': 27}
2025-11-12 11:45:31,922 INFO [cli] {'ticker': 'IWM', 'mode': 'tri', 'thr': 60, 'window': '1Y', 'order': 4, 'rows': 74}
2025-11-12 11:45:31,933 INFO [cli] {'ticker': 'IWM', 'mode': 'tri', 'thr': 60, 'window': '2Y', 'order': 1, 'rows': 3}
2025-11-12 11:45:31,940 INFO [cli] {'ticker': 'IWM', 'mode': 'tri', 'thr': 60, 'window': '2Y', 'order': 2, 'rows': 9}
2025-11-12 11:45:31,952 INFO [cli] {'ticker': 'IWM', 'mode': 'tri', 'thr': 60, 'window': '2Y', 'order': 3, 'rows': 27}
2025-11-12 11:45:31,962 INFO [cli] {'ticker': 'IWM', 'mode': 'tri', 'thr': 60, 'window': '2Y', 'order': 4, 'rows': 81}
2025-11-12 11:45:31,971 INFO [cli] {'ticker': 'IWM', 'mode': 'tri', 'thr': 60, 'window': '5Y', 'order': 1, 'rows': 3}
2025-11-12 11:45:31,979 INFO [cli] {'ticker': 'IWM', 'mode': 'tri', 'thr': 60, 'window': '5Y', 'order': 2, 'rows': 9}
2025-11-12 11:45:31,988 INFO [cli] {'ticker': 'IWM', 'mode': 'tri', 'thr': 60, 'window': '5Y', 'order': 3, 'rows': 27}
2025-11-12 11:45:31,997 INFO [cli] {'ticker': 'IWM', 'mode': 'tri', 'thr': 60, 'window': '5Y', 'order': 4, 'rows': 81}
2025-11-12 11:45:32,008 INFO [cli] {'ticker': 'IWM', 'mode': 'tri', 'thr': 60, 'window': '10Y', 'order': 1, 'rows': 3}
2025-11-12 11:45:32,018 INFO [cli] {'ticker': 'IWM', 'mode': 'tri', 'thr': 60, 'window': '10Y', 'order': 2, 'rows': 9}
2025-11-12 11:45:32,029 INFO [cli] {'ticker': 'IWM', 'mode': 'tri', 'thr': 60, 'window': '10Y', 'order': 3, 'rows': 27}
2025-11-12 11:45:32,039 INFO [cli] {'ticker': 'IWM', 'mode': 'tri', 'thr': 60, 'window': '10Y', 'order': 4, 'rows': 81}
2025-11-12 11:45:32,049 INFO [cli] {'ticker': 'IWM', 'mode': 'tri', 'thr': 60, 'window': '20Y', 'order': 1, 'rows': 3}
2025-11-12 11:45:32,060 INFO [cli] {'ticker': 'IWM', 'mode': 'tri', 'thr': 60, 'window': '20Y', 'order': 2, 'rows': 9}
2025-11-12 11:45:32,069 INFO [cli] {'ticker': 'IWM', 'mode': 'tri', 'thr': 60, 'window': '20Y', 'order': 3, 'rows': 27}
2025-11-12 11:45:32,078 INFO [cli] {'ticker': 'IWM', 'mode': 'tri', 'thr': 60, 'window': '20Y', 'order': 4, 'rows': 81}
2025-11-12 11:45:32,089 INFO [cli] {'ticker': 'IWM', 'mode': 'tri', 'thr': 60, 'window': 'MAX', 'order': 1, 'rows': 3}
2025-11-12 11:45:32,100 INFO [cli] {'ticker': 'IWM', 'mode': 'tri', 'thr': 60, 'window': 'MAX', 'order': 2, 'rows': 9}
2025-11-12 11:45:32,110 INFO [cli] {'ticker': 'IWM', 'mode': 'tri', 'thr': 60, 'window': 'MAX', 'order': 3, 'rows': 27}
2025-11-12 11:45:32,118 INFO [cli] {'ticker': 'IWM', 'mode': 'tri', 'thr': 60, 'window': 'MAX', 'order': 4, 'rows': 81}
2025-11-12 11:45:32,136 INFO [cli] {'ticker': 'IWM', 'mode': 'tri', 'thr': 65, 'window': '1Y', 'order': 1, 'rows': 3}
2025-11-12 11:45:32,147 INFO [cli] {'ticker': 'IWM', 'mode': 'tri', 'thr': 65, 'window': '1Y', 'order': 2, 'rows': 9}
2025-11-12 11:45:32,160 INFO [cli] {'ticker': 'IWM', 'mode': 'tri', 'thr': 65, 'window': '1Y', 'order': 3, 'rows': 27}
2025-11-12 11:45:32,171 INFO [cli] {'ticker': 'IWM', 'mode': 'tri', 'thr': 65, 'window': '1Y', 'order': 4, 'rows': 73}
2025-11-12 11:45:32,180 INFO [cli] {'ticker': 'IWM', 'mode': 'tri', 'thr': 65, 'window': '2Y', 'order': 1, 'rows': 3}
2025-11-12 11:45:32,188 INFO [cli] {'ticker': 'IWM', 'mode': 'tri', 'thr': 65, 'window': '2Y', 'order': 2, 'rows': 9}
2025-11-12 11:45:32,196 INFO [cli] {'ticker': 'IWM', 'mode': 'tri', 'thr': 65, 'window': '2Y', 'order': 3, 'rows': 27}
2025-11-12 11:45:32,204 INFO [cli] {'ticker': 'IWM', 'mode': 'tri', 'thr': 65, 'window': '2Y', 'order': 4, 'rows': 81}
2025-11-12 11:45:32,216 INFO [cli] {'ticker': 'IWM', 'mode': 'tri', 'thr': 65, 'window': '5Y', 'order': 1, 'rows': 3}
2025-11-12 11:45:32,226 INFO [cli] {'ticker': 'IWM', 'mode': 'tri', 'thr': 65, 'window': '5Y', 'order': 2, 'rows': 9}
2025-11-12 11:45:32,237 INFO [cli] {'ticker': 'IWM', 'mode': 'tri', 'thr': 65, 'window': '5Y', 'order': 3, 'rows': 27}
2025-11-12 11:45:32,245 INFO [cli] {'ticker': 'IWM', 'mode': 'tri', 'thr': 65, 'window': '5Y', 'order': 4, 'rows': 81}
2025-11-12 11:45:32,254 INFO [cli] {'ticker': 'IWM', 'mode': 'tri', 'thr': 65, 'window': '10Y', 'order': 1, 'rows': 3}
2025-11-12 11:45:32,266 INFO [cli] {'ticker': 'IWM', 'mode': 'tri', 'thr': 65, 'window': '10Y', 'order': 2, 'rows': 9}
2025-11-12 11:45:32,277 INFO [cli] {'ticker': 'IWM', 'mode': 'tri', 'thr': 65, 'window': '10Y', 'order': 3, 'rows': 27}
2025-11-12 11:45:32,287 INFO [cli] {'ticker': 'IWM', 'mode': 'tri', 'thr': 65, 'window': '10Y', 'order': 4, 'rows': 81}
2025-11-12 11:45:32,298 INFO [cli] {'ticker': 'IWM', 'mode': 'tri', 'thr': 65, 'window': '20Y', 'order': 1, 'rows': 3}
2025-11-12 11:45:32,308 INFO [cli] {'ticker': 'IWM', 'mode': 'tri', 'thr': 65, 'window': '20Y', 'order': 2, 'rows': 9}
2025-11-12 11:45:32,318 INFO [cli] {'ticker': 'IWM', 'mode': 'tri', 'thr': 65, 'window': '20Y', 'order': 3, 'rows': 27}
2025-11-12 11:45:32,329 INFO [cli] {'ticker': 'IWM', 'mode': 'tri', 'thr': 65, 'window': '20Y', 'order': 4, 'rows': 81}
2025-11-12 11:45:32,341 INFO [cli] {'ticker': 'IWM', 'mode': 'tri', 'thr': 65, 'window': 'MAX', 'order': 1, 'rows': 3}
2025-11-12 11:45:32,352 INFO [cli] {'ticker': 'IWM', 'mode': 'tri', 'thr': 65, 'window': 'MAX', 'order': 2, 'rows': 9}
2025-11-12 11:45:32,362 INFO [cli] {'ticker': 'IWM', 'mode': 'tri', 'thr': 65, 'window': 'MAX', 'order': 3, 'rows': 27}
2025-11-12 11:45:32,373 INFO [cli] {'ticker': 'IWM', 'mode': 'tri', 'thr': 65, 'window': 'MAX', 'order': 4, 'rows': 81}
2025-11-12 11:45:32,390 INFO [cli] {'ticker': 'IWM', 'mode': 'tri', 'thr': 70, 'window': '1Y', 'order': 1, 'rows': 3}
2025-11-12 11:45:32,400 INFO [cli] {'ticker': 'IWM', 'mode': 'tri', 'thr': 70, 'window': '1Y', 'order': 2, 'rows': 9}
2025-11-12 11:45:32,410 INFO [cli] {'ticker': 'IWM', 'mode': 'tri', 'thr': 70, 'window': '1Y', 'order': 3, 'rows': 27}
2025-11-12 11:45:32,420 INFO [cli] {'ticker': 'IWM', 'mode': 'tri', 'thr': 70, 'window': '1Y', 'order': 4, 'rows': 72}
2025-11-12 11:45:32,427 INFO [cli] {'ticker': 'IWM', 'mode': 'tri', 'thr': 70, 'window': '2Y', 'order': 1, 'rows': 3}
2025-11-12 11:45:32,434 INFO [cli] {'ticker': 'IWM', 'mode': 'tri', 'thr': 70, 'window': '2Y', 'order': 2, 'rows': 9}
2025-11-12 11:45:32,444 INFO [cli] {'ticker': 'IWM', 'mode': 'tri', 'thr': 70, 'window': '2Y', 'order': 3, 'rows': 27}
2025-11-12 11:45:32,455 INFO [cli] {'ticker': 'IWM', 'mode': 'tri', 'thr': 70, 'window': '2Y', 'order': 4, 'rows': 81}
2025-11-12 11:45:32,465 INFO [cli] {'ticker': 'IWM', 'mode': 'tri', 'thr': 70, 'window': '5Y', 'order': 1, 'rows': 3}
2025-11-12 11:45:32,475 INFO [cli] {'ticker': 'IWM', 'mode': 'tri', 'thr': 70, 'window': '5Y', 'order': 2, 'rows': 9}
2025-11-12 11:45:32,487 INFO [cli] {'ticker': 'IWM', 'mode': 'tri', 'thr': 70, 'window': '5Y', 'order': 3, 'rows': 27}
2025-11-12 11:45:32,496 INFO [cli] {'ticker': 'IWM', 'mode': 'tri', 'thr': 70, 'window': '5Y', 'order': 4, 'rows': 81}
2025-11-12 11:45:32,504 INFO [cli] {'ticker': 'IWM', 'mode': 'tri', 'thr': 70, 'window': '10Y', 'order': 1, 'rows': 3}
2025-11-12 11:45:32,514 INFO [cli] {'ticker': 'IWM', 'mode': 'tri', 'thr': 70, 'window': '10Y', 'order': 2, 'rows': 9}
2025-11-12 11:45:32,522 INFO [cli] {'ticker': 'IWM', 'mode': 'tri', 'thr': 70, 'window': '10Y', 'order': 3, 'rows': 27}
2025-11-12 11:45:32,534 INFO [cli] {'ticker': 'IWM', 'mode': 'tri', 'thr': 70, 'window': '10Y', 'order': 4, 'rows': 81}
2025-11-12 11:45:32,544 INFO [cli] {'ticker': 'IWM', 'mode': 'tri', 'thr': 70, 'window': '20Y', 'order': 1, 'rows': 3}
2025-11-12 11:45:32,553 INFO [cli] {'ticker': 'IWM', 'mode': 'tri', 'thr': 70, 'window': '20Y', 'order': 2, 'rows': 9}
2025-11-12 11:45:32,564 INFO [cli] {'ticker': 'IWM', 'mode': 'tri', 'thr': 70, 'window': '20Y', 'order': 3, 'rows': 27}
2025-11-12 11:45:32,574 INFO [cli] {'ticker': 'IWM', 'mode': 'tri', 'thr': 70, 'window': '20Y', 'order': 4, 'rows': 81}

{'ticker': 'IWM', 'mode': 'tri', 'thr': 30, 'window': '20Y', 'order': 2, 'rows': 9}
{'ticker': 'IWM', 'mode': 'tri', 'thr': 30, 'window': '20Y', 'order': 3, 'rows': 27}
{'ticker': 'IWM', 'mode': 'tri', 'thr': 30, 'window': '20Y', 'order': 4, 'rows': 81}
{'ticker': 'IWM', 'mode': 'tri', 'thr': 30, 'window': 'MAX', 'order': 1, 'rows': 3}
{'ticker': 'IWM', 'mode': 'tri', 'thr': 30, 'window': 'MAX', 'order': 2, 'rows': 9}
{'ticker': 'IWM', 'mode': 'tri', 'thr': 30, 'window': 'MAX', 'order': 3, 'rows': 27}
{'ticker': 'IWM', 'mode': 'tri', 'thr': 30, 'window': 'MAX', 'order': 4, 'rows': 81}
{'ticker': 'IWM', 'mode': 'tri', 'thr': 35, 'window': '1Y', 'order': 1, 'rows': 3}
{'ticker': 'IWM', 'mode': 'tri', 'thr': 35, 'window': '1Y', 'order': 2, 'rows': 9}
{'ticker': 'IWM', 'mode': 'tri', 'thr': 35, 'window': '1Y', 'order': 3, 'rows': 27}
{'ticker': 'IWM', 'mode': 'tri', 'thr': 35, 'window': '1Y', 'order': 4, 'rows': 70}
{'ticker': 'IWM', 'mode': 'tri', 'thr': 35, 'window': '2Y', 'order': 1, 'rows': 3}
{'ticker': 'IWM', 'mode': 'tri', 'thr': 35, 'window': '2Y', 'order': 2, 'rows': 9}
{'ticker': 'IWM', 'mode': 'tri', 'thr': 35, 'window': '2Y', 'order': 3, 'rows': 27}
{'ticker': 'IWM', 'mode': 'tri', 'thr': 35, 'window': '2Y', 'order': 4, 'rows': 80}
{'ticker': 'IWM', 'mode': 'tri', 'thr': 35, 'window': '5Y', 'order': 1, 'rows': 3}
{'ticker': 'IWM', 'mode': 'tri', 'thr': 35, 'window': '5Y', 'order': 2, 'rows': 9}
{'ticker': 'IWM', 'mode': 'tri', 'thr': 35, 'window': '5Y', 'order': 3, 'rows': 27}
{'ticker': 'IWM', 'mode': 'tri', 'thr': 35, 'window': '5Y', 'order': 4, 'rows': 81}
{'ticker': 'IWM', 'mode': 'tri', 'thr': 35, 'window': '10Y', 'order': 1, 'rows': 3}
{'ticker': 'IWM', 'mode': 'tri', 'thr': 35, 'window': '10Y', 'order': 2, 'rows': 9}
{'ticker': 'IWM', 'mode': 'tri', 'thr': 35, 'window': '10Y', 'order': 3, 'rows': 27}
{'ticker': 'IWM', 'mode': 'tri', 'thr': 35, 'window': '10Y', 'order': 4, 'rows': 81}
{'ticker': 'IWM', 'mode': 'tri', 'thr': 35, 'window': '20Y', 'order': 1, 'rows': 3}
{'ticker': 'IWM', 'mode': 'tri', 'thr': 35, 'window': '20Y', 'order': 2, 'rows': 9}
{'ticker': 'IWM', 'mode': 'tri', 'thr': 35, 'window': '20Y', 'order': 3, 'rows': 27}
{'ticker': 'IWM', 'mode': 'tri', 'thr': 35, 'window': '20Y', 'order': 4, 'rows': 81}
{'ticker': 'IWM', 'mode': 'tri', 'thr': 35, 'window': 'MAX', 'order': 1, 'rows': 3}
{'ticker': 'IWM', 'mode': 'tri', 'thr': 35, 'window': 'MAX', 'order': 2, 'rows': 9}
{'ticker': 'IWM', 'mode': 'tri', 'thr': 35, 'window': 'MAX', 'order': 3, 'rows': 27}
{'ticker': 'IWM', 'mode': 'tri', 'thr': 35, 'window': 'MAX', 'order': 4, 'rows': 81}
{'ticker': 'IWM', 'mode': 'tri', 'thr': 40, 'window': '1Y', 'order': 1, 'rows': 3}
{'ticker': 'IWM', 'mode': 'tri', 'thr': 40, 'window': '1Y', 'order': 2, 'rows': 9}
{'ticker': 'IWM', 'mode': 'tri', 'thr': 40, 'window': '1Y', 'order': 3, 'rows': 27}
{'ticker': 'IWM', 'mode': 'tri', 'thr': 40, 'window': '1Y', 'order': 4, 'rows': 76}
{'ticker': 'IWM', 'mode': 'tri', 'thr': 40, 'window': '2Y', 'order': 1, 'rows': 3}
{'ticker': 'IWM', 'mode': 'tri', 'thr': 40, 'window': '2Y', 'order': 2, 'rows': 9}
{'ticker': 'IWM', 'mode': 'tri', 'thr': 40, 'window': '2Y', 'order': 3, 'rows': 27}
{'ticker': 'IWM', 'mode': 'tri', 'thr': 40, 'window': '2Y', 'order': 4, 'rows': 81}
{'ticker': 'IWM', 'mode': 'tri', 'thr': 40, 'window': '5Y', 'order': 1, 'rows': 3}
{'ticker': 'IWM', 'mode': 'tri', 'thr': 40, 'window': '5Y', 'order': 2, 'rows': 9}
{'ticker': 'IWM', 'mode': 'tri', 'thr': 40, 'window': '5Y', 'order': 3, 'rows': 27}
{'ticker': 'IWM', 'mode': 'tri', 'thr': 40, 'window': '5Y', 'order': 4, 'rows': 81}
{'ticker': 'IWM', 'mode': 'tri', 'thr': 40, 'window': '10Y', 'order': 1, 'rows': 3}
{'ticker': 'IWM', 'mode': 'tri', 'thr': 40, 'window': '10Y', 'order': 2, 'rows': 9}
{'ticker': 'IWM', 'mode': 'tri', 'thr': 40, 'window': '10Y', 'order': 3, 'rows': 27}
{'ticker': 'IWM', 'mode': 'tri', 'thr': 40, 'window': '10Y', 'order': 4, 'rows': 81}
{'ticker': 'IWM', 'mode': 'tri', 'thr': 40, 'window': '20Y', 'order': 1, 'rows': 3}
{'ticker': 'IWM', 'mode': 'tri', 'thr': 40, 'window': '20Y', 'order': 2, 'rows': 9}
{'ticker': 'IWM', 'mode': 'tri', 'thr': 40, 'window': '20Y', 'order': 3, 'rows': 27}
{'ticker': 'IWM', 'mode': 'tri', 'thr': 40, 'window': '20Y', 'order': 4, 'rows': 81}
{'ticker': 'IWM', 'mode': 'tri', 'thr': 40, 'window': 'MAX', 'order': 1, 'rows': 3}
{'ticker': 'IWM', 'mode': 'tri', 'thr': 40, 'window': 'MAX', 'order': 2, 'rows': 9}
{'ticker': 'IWM', 'mode': 'tri', 'thr': 40, 'window': 'MAX', 'order': 3, 'rows': 27}
{'ticker': 'IWM', 'mode': 'tri', 'thr': 40, 'window': 'MAX', 'order': 4, 'rows': 81}
{'ticker': 'IWM', 'mode': 'tri', 'thr': 45, 'window': '1Y', 'order': 1, 'rows': 3}
{'ticker': 'IWM', 'mode': 'tri', 'thr': 45, 'window': '1Y', 'order': 2, 'rows': 9}
{'ticker': 'IWM', 'mode': 'tri', 'thr': 45, 'window': '1Y', 'order': 3, 'rows': 27}
{'ticker': 'IWM', 'mode': 'tri', 'thr': 45, 'window': '1Y', 'order': 4, 'rows': 74}
{'ticker': 'IWM', 'mode': 'tri', 'thr': 45, 'window': '2Y', 'order': 1, 'rows': 3}
{'ticker': 'IWM', 'mode': 'tri', 'thr': 45, 'window': '2Y', 'order': 2, 'rows': 9}
{'ticker': 'IWM', 'mode': 'tri', 'thr': 45, 'window': '2Y', 'order': 3, 'rows': 27}
{'ticker': 'IWM', 'mode': 'tri', 'thr': 45, 'window': '2Y', 'order': 4, 'rows': 81}
{'ticker': 'IWM', 'mode': 'tri', 'thr': 45, 'window': '5Y', 'order': 1, 'rows': 3}
{'ticker': 'IWM', 'mode': 'tri', 'thr': 45, 'window': '5Y', 'order': 2, 'rows': 9}
{'ticker': 'IWM', 'mode': 'tri', 'thr': 45, 'window': '5Y', 'order': 3, 'rows': 27}
{'ticker': 'IWM', 'mode': 'tri', 'thr': 45, 'window': '5Y', 'order': 4, 'rows': 81}
{'ticker': 'IWM', 'mode': 'tri', 'thr': 45, 'window': '10Y', 'order': 1, 'rows': 3}
{'ticker': 'IWM', 'mode': 'tri', 'thr': 45, 'window': '10Y', 'order': 2, 'rows': 9}
{'ticker': 'IWM', 'mode': 'tri', 'thr': 45, 'window': '10Y', 'order': 3, 'rows': 27}
{'ticker': 'IWM', 'mode': 'tri', 'thr': 45, 'window': '10Y', 'order': 4, 'rows': 81}
{'ticker': 'IWM', 'mode': 'tri', 'thr': 45, 'window': '20Y', 'order': 1, 'rows': 3}
{'ticker': 'IWM', 'mode': 'tri', 'thr': 45, 'window': '20Y', 'order': 2, 'rows': 9}
{'ticker': 'IWM', 'mode': 'tri', 'thr': 45, 'window': '20Y', 'order': 3, 'rows': 27}
{'ticker': 'IWM', 'mode': 'tri', 'thr': 45, 'window': '20Y', 'order': 4, 'rows': 81}
{'ticker': 'IWM', 'mode': 'tri', 'thr': 45, 'window': 'MAX', 'order': 1, 'rows': 3}
{'ticker': 'IWM', 'mode': 'tri', 'thr': 45, 'window': 'MAX', 'order': 2, 'rows': 9}
{'ticker': 'IWM', 'mode': 'tri', 'thr': 45, 'window': 'MAX', 'order': 3, 'rows': 27}
{'ticker': 'IWM', 'mode': 'tri', 'thr': 45, 'window': 'MAX', 'order': 4, 'rows': 81}
{'ticker': 'IWM', 'mode': 'tri', 'thr': 50, 'window': '1Y', 'order': 1, 'rows': 3}
{'ticker': 'IWM', 'mode': 'tri', 'thr': 50, 'window': '1Y', 'order': 2, 'rows': 9}
{'ticker': 'IWM', 'mode': 'tri', 'thr': 50, 'window': '1Y', 'order': 3, 'rows': 27}
{'ticker': 'IWM', 'mode': 'tri', 'thr': 50, 'window': '1Y', 'order': 4, 'rows': 75}
{'ticker': 'IWM', 'mode': 'tri', 'thr': 50, 'window': '2Y', 'order': 1, 'rows': 3}
{'ticker': 'IWM', 'mode': 'tri', 'thr': 50, 'window': '2Y', 'order': 2, 'rows': 9}
{'ticker': 'IWM', 'mode': 'tri', 'thr': 50, 'window': '2Y', 'order': 3, 'rows': 27}
{'ticker': 'IWM', 'mode': 'tri', 'thr': 50, 'window': '2Y', 'order': 4, 'rows': 80}
{'ticker': 'IWM', 'mode': 'tri', 'thr': 50, 'window': '5Y', 'order': 1, 'rows': 3}
{'ticker': 'IWM', 'mode': 'tri', 'thr': 50, 'window': '5Y', 'order': 2, 'rows': 9}
{'ticker': 'IWM', 'mode': 'tri', 'thr': 50, 'window': '5Y', 'order': 3, 'rows': 27}
{'ticker': 'IWM', 'mode': 'tri', 'thr': 50, 'window': '5Y', 'order': 4, 'rows': 81}
{'ticker': 'IWM', 'mode': 'tri', 'thr': 50, 'window': '10Y', 'order': 1, 'rows': 3}
{'ticker': 'IWM', 'mode': 'tri', 'thr': 50, 'window': '10Y', 'order': 2, 'rows': 9}
{'ticker': 'IWM', 'mode': 'tri', 'thr': 50, 'window': '10Y', 'order': 3, 'rows': 27}
{'ticker': 'IWM', 'mode': 'tri', 'thr': 50, 'window': '10Y', 'order': 4, 'rows': 81}
{'ticker': 'IWM', 'mode': 'tri', 'thr': 50, 'window': '20Y', 'order': 1, 'rows': 3}
{'ticker': 'IWM', 'mode': 'tri', 'thr': 50, 'window': '20Y', 'order': 2, 'rows': 9}
{'ticker': 'IWM', 'mode': 'tri', 'thr': 50, 'window': '20Y', 'order': 3, 'rows': 27}2025-11-12 11:45:32,585 INFO [cli] {'ticker': 'IWM', 'mode': 'tri', 'thr': 70, 'window': 'MAX', 'order': 1, 'rows': 3}
2025-11-12 11:45:32,593 INFO [cli] {'ticker': 'IWM', 'mode': 'tri', 'thr': 70, 'window': 'MAX', 'order': 2, 'rows': 9}
2025-11-12 11:45:32,604 INFO [cli] {'ticker': 'IWM', 'mode': 'tri', 'thr': 70, 'window': 'MAX', 'order': 3, 'rows': 27}
2025-11-12 11:45:32,622 INFO [cli] {'ticker': 'IWM', 'mode': 'tri', 'thr': 70, 'window': 'MAX', 'order': 4, 'rows': 81}
2025-11-12 11:45:32,639 INFO [cli] {'ticker': 'IWM', 'mode': 'tri', 'thr': 75, 'window': '1Y', 'order': 1, 'rows': 3}
2025-11-12 11:45:32,651 INFO [cli] {'ticker': 'IWM', 'mode': 'tri', 'thr': 75, 'window': '1Y', 'order': 2, 'rows': 9}
2025-11-12 11:45:32,661 INFO [cli] {'ticker': 'IWM', 'mode': 'tri', 'thr': 75, 'window': '1Y', 'order': 3, 'rows': 27}
2025-11-12 11:45:32,671 INFO [cli] {'ticker': 'IWM', 'mode': 'tri', 'thr': 75, 'window': '1Y', 'order': 4, 'rows': 71}
2025-11-12 11:45:32,683 INFO [cli] {'ticker': 'IWM', 'mode': 'tri', 'thr': 75, 'window': '2Y', 'order': 1, 'rows': 3}
2025-11-12 11:45:32,694 INFO [cli] {'ticker': 'IWM', 'mode': 'tri', 'thr': 75, 'window': '2Y', 'order': 2, 'rows': 9}
2025-11-12 11:45:32,703 INFO [cli] {'ticker': 'IWM', 'mode': 'tri', 'thr': 75, 'window': '2Y', 'order': 3, 'rows': 27}
2025-11-12 11:45:32,712 INFO [cli] {'ticker': 'IWM', 'mode': 'tri', 'thr': 75, 'window': '2Y', 'order': 4, 'rows': 81}
2025-11-12 11:45:32,724 INFO [cli] {'ticker': 'IWM', 'mode': 'tri', 'thr': 75, 'window': '5Y', 'order': 1, 'rows': 3}
2025-11-12 11:45:32,736 INFO [cli] {'ticker': 'IWM', 'mode': 'tri', 'thr': 75, 'window': '5Y', 'order': 2, 'rows': 9}
2025-11-12 11:45:32,746 INFO [cli] {'ticker': 'IWM', 'mode': 'tri', 'thr': 75, 'window': '5Y', 'order': 3, 'rows': 27}
2025-11-12 11:45:32,755 INFO [cli] {'ticker': 'IWM', 'mode': 'tri', 'thr': 75, 'window': '5Y', 'order': 4, 'rows': 81}
2025-11-12 11:45:32,765 INFO [cli] {'ticker': 'IWM', 'mode': 'tri', 'thr': 75, 'window': '10Y', 'order': 1, 'rows': 3}
2025-11-12 11:45:32,778 INFO [cli] {'ticker': 'IWM', 'mode': 'tri', 'thr': 75, 'window': '10Y', 'order': 2, 'rows': 9}
2025-11-12 11:45:32,789 INFO [cli] {'ticker': 'IWM', 'mode': 'tri', 'thr': 75, 'window': '10Y', 'order': 3, 'rows': 27}
2025-11-12 11:45:32,800 INFO [cli] {'ticker': 'IWM', 'mode': 'tri', 'thr': 75, 'window': '10Y', 'order': 4, 'rows': 81}
2025-11-12 11:45:32,810 INFO [cli] {'ticker': 'IWM', 'mode': 'tri', 'thr': 75, 'window': '20Y', 'order': 1, 'rows': 3}
2025-11-12 11:45:32,820 INFO [cli] {'ticker': 'IWM', 'mode': 'tri', 'thr': 75, 'window': '20Y', 'order': 2, 'rows': 9}
2025-11-12 11:45:32,828 INFO [cli] {'ticker': 'IWM', 'mode': 'tri', 'thr': 75, 'window': '20Y', 'order': 3, 'rows': 27}
2025-11-12 11:45:32,841 INFO [cli] {'ticker': 'IWM', 'mode': 'tri', 'thr': 75, 'window': '20Y', 'order': 4, 'rows': 81}
2025-11-12 11:45:32,851 INFO [cli] {'ticker': 'IWM', 'mode': 'tri', 'thr': 75, 'window': 'MAX', 'order': 1, 'rows': 3}
2025-11-12 11:45:32,863 INFO [cli] {'ticker': 'IWM', 'mode': 'tri', 'thr': 75, 'window': 'MAX', 'order': 2, 'rows': 9}
2025-11-12 11:45:32,872 INFO [cli] {'ticker': 'IWM', 'mode': 'tri', 'thr': 75, 'window': 'MAX', 'order': 3, 'rows': 27}
2025-11-12 11:45:32,881 INFO [cli] {'ticker': 'IWM', 'mode': 'tri', 'thr': 75, 'window': 'MAX', 'order': 4, 'rows': 81}
2025-11-12 11:45:32,897 INFO [cli] {'ticker': 'IWM', 'mode': 'tri', 'thr': 80, 'window': '1Y', 'order': 1, 'rows': 3}
2025-11-12 11:45:32,908 INFO [cli] {'ticker': 'IWM', 'mode': 'tri', 'thr': 80, 'window': '1Y', 'order': 2, 'rows': 9}
2025-11-12 11:45:32,917 INFO [cli] {'ticker': 'IWM', 'mode': 'tri', 'thr': 80, 'window': '1Y', 'order': 3, 'rows': 27}
2025-11-12 11:45:32,927 INFO [cli] {'ticker': 'IWM', 'mode': 'tri', 'thr': 80, 'window': '1Y', 'order': 4, 'rows': 69}
2025-11-12 11:45:32,938 INFO [cli] {'ticker': 'IWM', 'mode': 'tri', 'thr': 80, 'window': '2Y', 'order': 1, 'rows': 3}
2025-11-12 11:45:32,950 INFO [cli] {'ticker': 'IWM', 'mode': 'tri', 'thr': 80, 'window': '2Y', 'order': 2, 'rows': 9}
2025-11-12 11:45:32,961 INFO [cli] {'ticker': 'IWM', 'mode': 'tri', 'thr': 80, 'window': '2Y', 'order': 3, 'rows': 27}
2025-11-12 11:45:32,971 INFO [cli] {'ticker': 'IWM', 'mode': 'tri', 'thr': 80, 'window': '2Y', 'order': 4, 'rows': 81}
2025-11-12 11:45:32,981 INFO [cli] {'ticker': 'IWM', 'mode': 'tri', 'thr': 80, 'window': '5Y', 'order': 1, 'rows': 3}
2025-11-12 11:45:32,992 INFO [cli] {'ticker': 'IWM', 'mode': 'tri', 'thr': 80, 'window': '5Y', 'order': 2, 'rows': 9}
2025-11-12 11:45:33,002 INFO [cli] {'ticker': 'IWM', 'mode': 'tri', 'thr': 80, 'window': '5Y', 'order': 3, 'rows': 27}
2025-11-12 11:45:33,014 INFO [cli] {'ticker': 'IWM', 'mode': 'tri', 'thr': 80, 'window': '5Y', 'order': 4, 'rows': 81}
2025-11-12 11:45:33,024 INFO [cli] {'ticker': 'IWM', 'mode': 'tri', 'thr': 80, 'window': '10Y', 'order': 1, 'rows': 3}
2025-11-12 11:45:33,033 INFO [cli] {'ticker': 'IWM', 'mode': 'tri', 'thr': 80, 'window': '10Y', 'order': 2, 'rows': 9}
2025-11-12 11:45:33,043 INFO [cli] {'ticker': 'IWM', 'mode': 'tri', 'thr': 80, 'window': '10Y', 'order': 3, 'rows': 27}
2025-11-12 11:45:33,054 INFO [cli] {'ticker': 'IWM', 'mode': 'tri', 'thr': 80, 'window': '10Y', 'order': 4, 'rows': 81}
2025-11-12 11:45:33,064 INFO [cli] {'ticker': 'IWM', 'mode': 'tri', 'thr': 80, 'window': '20Y', 'order': 1, 'rows': 3}
2025-11-12 11:45:33,074 INFO [cli] {'ticker': 'IWM', 'mode': 'tri', 'thr': 80, 'window': '20Y', 'order': 2, 'rows': 9}
2025-11-12 11:45:33,083 INFO [cli] {'ticker': 'IWM', 'mode': 'tri', 'thr': 80, 'window': '20Y', 'order': 3, 'rows': 27}
2025-11-12 11:45:33,093 INFO [cli] {'ticker': 'IWM', 'mode': 'tri', 'thr': 80, 'window': '20Y', 'order': 4, 'rows': 81}
2025-11-12 11:45:33,105 INFO [cli] {'ticker': 'IWM', 'mode': 'tri', 'thr': 80, 'window': 'MAX', 'order': 1, 'rows': 3}
2025-11-12 11:45:33,116 INFO [cli] {'ticker': 'IWM', 'mode': 'tri', 'thr': 80, 'window': 'MAX', 'order': 2, 'rows': 9}
2025-11-12 11:45:33,126 INFO [cli] {'ticker': 'IWM', 'mode': 'tri', 'thr': 80, 'window': 'MAX', 'order': 3, 'rows': 27}
2025-11-12 11:45:33,137 INFO [cli] {'ticker': 'IWM', 'mode': 'tri', 'thr': 80, 'window': 'MAX', 'order': 4, 'rows': 81}
2025-11-12 11:45:33,153 INFO [cli] {'ticker': 'IWM', 'mode': 'tri', 'thr': 85, 'window': '1Y', 'order': 1, 'rows': 3}
2025-11-12 11:45:33,162 INFO [cli] {'ticker': 'IWM', 'mode': 'tri', 'thr': 85, 'window': '1Y', 'order': 2, 'rows': 9}
2025-11-12 11:45:33,172 INFO [cli] {'ticker': 'IWM', 'mode': 'tri', 'thr': 85, 'window': '1Y', 'order': 3, 'rows': 27}
2025-11-12 11:45:33,182 INFO [cli] {'ticker': 'IWM', 'mode': 'tri', 'thr': 85, 'window': '1Y', 'order': 4, 'rows': 68}
2025-11-12 11:45:33,193 INFO [cli] {'ticker': 'IWM', 'mode': 'tri', 'thr': 85, 'window': '2Y', 'order': 1, 'rows': 3}
2025-11-12 11:45:33,205 INFO [cli] {'ticker': 'IWM', 'mode': 'tri', 'thr': 85, 'window': '2Y', 'order': 2, 'rows': 9}
2025-11-12 11:45:33,216 INFO [cli] {'ticker': 'IWM', 'mode': 'tri', 'thr': 85, 'window': '2Y', 'order': 3, 'rows': 27}
2025-11-12 11:45:33,227 INFO [cli] {'ticker': 'IWM', 'mode': 'tri', 'thr': 85, 'window': '2Y', 'order': 4, 'rows': 79}
2025-11-12 11:45:33,238 INFO [cli] {'ticker': 'IWM', 'mode': 'tri', 'thr': 85, 'window': '5Y', 'order': 1, 'rows': 3}
2025-11-12 11:45:33,249 INFO [cli] {'ticker': 'IWM', 'mode': 'tri', 'thr': 85, 'window': '5Y', 'order': 2, 'rows': 9}
2025-11-12 11:45:33,261 INFO [cli] {'ticker': 'IWM', 'mode': 'tri', 'thr': 85, 'window': '5Y', 'order': 3, 'rows': 27}
2025-11-12 11:45:33,271 INFO [cli] {'ticker': 'IWM', 'mode': 'tri', 'thr': 85, 'window': '5Y', 'order': 4, 'rows': 81}
2025-11-12 11:45:33,283 INFO [cli] {'ticker': 'IWM', 'mode': 'tri', 'thr': 85, 'window': '10Y', 'order': 1, 'rows': 3}
2025-11-12 11:45:33,293 INFO [cli] {'ticker': 'IWM', 'mode': 'tri', 'thr': 85, 'window': '10Y', 'order': 2, 'rows': 9}
2025-11-12 11:45:33,303 INFO [cli] {'ticker': 'IWM', 'mode': 'tri', 'thr': 85, 'window': '10Y', 'order': 3, 'rows': 27}
2025-11-12 11:45:33,313 INFO [cli] {'ticker': 'IWM', 'mode': 'tri', 'thr': 85, 'window': '10Y', 'order': 4, 'rows': 81}
2025-11-12 11:45:33,324 INFO [cli] {'ticker': 'IWM', 'mode': 'tri', 'thr': 85, 'window': '20Y', 'order': 1, 'rows': 3}
2025-11-12 11:45:33,336 INFO [cli] {'ticker': 'IWM', 'mode': 'tri', 'thr': 85, 'window': '20Y', 'order': 2, 'rows': 9}
2025-11-12 11:45:33,348 INFO [cli] {'ticker': 'IWM', 'mode': 'tri', 'thr': 85, 'window': '20Y', 'order': 3, 'rows': 27}
2025-11-12 11:45:33,361 INFO [cli] {'ticker': 'IWM', 'mode': 'tri', 'thr': 85, 'window': '20Y', 'order': 4, 'rows': 81}
2025-11-12 11:45:33,371 INFO [cli] {'ticker': 'IWM', 'mode': 'tri', 'thr': 85, 'window': 'MAX', 'order': 1, 'rows': 3}
2025-11-12 11:45:33,382 INFO [cli] {'ticker': 'IWM', 'mode': 'tri', 'thr': 85, 'window': 'MAX', 'order': 2, 'rows': 9}
2025-11-12 11:45:33,393 INFO [cli] {'ticker': 'IWM', 'mode': 'tri', 'thr': 85, 'window': 'MAX', 'order': 3, 'rows': 27}
2025-11-12 11:45:33,405 INFO [cli] {'ticker': 'IWM', 'mode': 'tri', 'thr': 85, 'window': 'MAX', 'order': 4, 'rows': 81}
2025-11-12 11:45:33,420 INFO [cli] {'ticker': 'IWM', 'mode': 'tri', 'thr': 90, 'window': '1Y', 'order': 1, 'rows': 3}
2025-11-12 11:45:33,432 INFO [cli] {'ticker': 'IWM', 'mode': 'tri', 'thr': 90, 'window': '1Y', 'order': 2, 'rows': 9}
2025-11-12 11:45:33,441 INFO [cli] {'ticker': 'IWM', 'mode': 'tri', 'thr': 90, 'window': '1Y', 'order': 3, 'rows': 27}
2025-11-12 11:45:33,451 INFO [cli] {'ticker': 'IWM', 'mode': 'tri', 'thr': 90, 'window': '1Y', 'order': 4, 'rows': 65}
2025-11-12 11:45:33,460 INFO [cli] {'ticker': 'IWM', 'mode': 'tri', 'thr': 90, 'window': '2Y', 'order': 1, 'rows': 3}
2025-11-12 11:45:33,470 INFO [cli] {'ticker': 'IWM', 'mode': 'tri', 'thr': 90, 'window': '2Y', 'order': 2, 'rows': 9}
2025-11-12 11:45:33,482 INFO [cli] {'ticker': 'IWM', 'mode': 'tri', 'thr': 90, 'window': '2Y', 'order': 3, 'rows': 27}
2025-11-12 11:45:33,495 INFO [cli] {'ticker': 'IWM', 'mode': 'tri', 'thr': 90, 'window': '2Y', 'order': 4, 'rows': 78}
2025-11-12 11:45:33,504 INFO [cli] {'ticker': 'IWM', 'mode': 'tri', 'thr': 90, 'window': '5Y', 'order': 1, 'rows': 3}
2025-11-12 11:45:33,513 INFO [cli] {'ticker': 'IWM', 'mode': 'tri', 'thr': 90, 'window': '5Y', 'order': 2, 'rows': 9}
2025-11-12 11:45:33,522 INFO [cli] {'ticker': 'IWM', 'mode': 'tri', 'thr': 90, 'window': '5Y', 'order': 3, 'rows': 27}
2025-11-12 11:45:33,533 INFO [cli] {'ticker': 'IWM', 'mode': 'tri', 'thr': 90, 'window': '5Y', 'order': 4, 'rows': 81}
2025-11-12 11:45:33,543 INFO [cli] {'ticker': 'IWM', 'mode': 'tri', 'thr': 90, 'window': '10Y', 'order': 1, 'rows': 3}
2025-11-12 11:45:33,554 INFO [cli] {'ticker': 'IWM', 'mode': 'tri', 'thr': 90, 'window': '10Y', 'order': 2, 'rows': 9}
2025-11-12 11:45:33,573 INFO [cli] {'ticker': 'IWM', 'mode': 'tri', 'thr': 90, 'window': '10Y', 'order': 3, 'rows': 27}
2025-11-12 11:45:33,585 INFO [cli] {'ticker': 'IWM', 'mode': 'tri', 'thr': 90, 'window': '10Y', 'order': 4, 'rows': 81}
2025-11-12 11:45:33,595 INFO [cli] {'ticker': 'IWM', 'mode': 'tri', 'thr': 90, 'window': '20Y', 'order': 1, 'rows': 3}
2025-11-12 11:45:33,606 INFO [cli] {'ticker': 'IWM', 'mode': 'tri', 'thr': 90, 'window': '20Y', 'order': 2, 'rows': 9}
2025-11-12 11:45:33,617 INFO [cli] {'ticker': 'IWM', 'mode': 'tri', 'thr': 90, 'window': '20Y', 'order': 3, 'rows': 27}
2025-11-12 11:45:33,629 INFO [cli] {'ticker': 'IWM', 'mode': 'tri', 'thr': 90, 'window': '20Y', 'order': 4, 'rows': 81}
2025-11-12 11:45:33,640 INFO [cli] {'ticker': 'IWM', 'mode': 'tri', 'thr': 90, 'window': 'MAX', 'order': 1, 'rows': 3}
2025-11-12 11:45:33,651 INFO [cli] {'ticker': 'IWM', 'mode': 'tri', 'thr': 90, 'window': 'MAX', 'order': 2, 'rows': 9}

{'ticker': 'IWM', 'mode': 'tri', 'thr': 50, 'window': '20Y', 'order': 4, 'rows': 81}
{'ticker': 'IWM', 'mode': 'tri', 'thr': 50, 'window': 'MAX', 'order': 1, 'rows': 3}
{'ticker': 'IWM', 'mode': 'tri', 'thr': 50, 'window': 'MAX', 'order': 2, 'rows': 9}
{'ticker': 'IWM', 'mode': 'tri', 'thr': 50, 'window': 'MAX', 'order': 3, 'rows': 27}
{'ticker': 'IWM', 'mode': 'tri', 'thr': 50, 'window': 'MAX', 'order': 4, 'rows': 81}
{'ticker': 'IWM', 'mode': 'tri', 'thr': 55, 'window': '1Y', 'order': 1, 'rows': 3}
{'ticker': 'IWM', 'mode': 'tri', 'thr': 55, 'window': '1Y', 'order': 2, 'rows': 9}
{'ticker': 'IWM', 'mode': 'tri', 'thr': 55, 'window': '1Y', 'order': 3, 'rows': 27}
{'ticker': 'IWM', 'mode': 'tri', 'thr': 55, 'window': '1Y', 'order': 4, 'rows': 74}
{'ticker': 'IWM', 'mode': 'tri', 'thr': 55, 'window': '2Y', 'order': 1, 'rows': 3}
{'ticker': 'IWM', 'mode': 'tri', 'thr': 55, 'window': '2Y', 'order': 2, 'rows': 9}
{'ticker': 'IWM', 'mode': 'tri', 'thr': 55, 'window': '2Y', 'order': 3, 'rows': 27}
{'ticker': 'IWM', 'mode': 'tri', 'thr': 55, 'window': '2Y', 'order': 4, 'rows': 80}
{'ticker': 'IWM', 'mode': 'tri', 'thr': 55, 'window': '5Y', 'order': 1, 'rows': 3}
{'ticker': 'IWM', 'mode': 'tri', 'thr': 55, 'window': '5Y', 'order': 2, 'rows': 9}
{'ticker': 'IWM', 'mode': 'tri', 'thr': 55, 'window': '5Y', 'order': 3, 'rows': 27}
{'ticker': 'IWM', 'mode': 'tri', 'thr': 55, 'window': '5Y', 'order': 4, 'rows': 81}
{'ticker': 'IWM', 'mode': 'tri', 'thr': 55, 'window': '10Y', 'order': 1, 'rows': 3}
{'ticker': 'IWM', 'mode': 'tri', 'thr': 55, 'window': '10Y', 'order': 2, 'rows': 9}
{'ticker': 'IWM', 'mode': 'tri', 'thr': 55, 'window': '10Y', 'order': 3, 'rows': 27}
{'ticker': 'IWM', 'mode': 'tri', 'thr': 55, 'window': '10Y', 'order': 4, 'rows': 81}
{'ticker': 'IWM', 'mode': 'tri', 'thr': 55, 'window': '20Y', 'order': 1, 'rows': 3}
{'ticker': 'IWM', 'mode': 'tri', 'thr': 55, 'window': '20Y', 'order': 2, 'rows': 9}
{'ticker': 'IWM', 'mode': 'tri', 'thr': 55, 'window': '20Y', 'order': 3, 'rows': 27}
{'ticker': 'IWM', 'mode': 'tri', 'thr': 55, 'window': '20Y', 'order': 4, 'rows': 81}
{'ticker': 'IWM', 'mode': 'tri', 'thr': 55, 'window': 'MAX', 'order': 1, 'rows': 3}
{'ticker': 'IWM', 'mode': 'tri', 'thr': 55, 'window': 'MAX', 'order': 2, 'rows': 9}
{'ticker': 'IWM', 'mode': 'tri', 'thr': 55, 'window': 'MAX', 'order': 3, 'rows': 27}
{'ticker': 'IWM', 'mode': 'tri', 'thr': 55, 'window': 'MAX', 'order': 4, 'rows': 81}
{'ticker': 'IWM', 'mode': 'tri', 'thr': 60, 'window': '1Y', 'order': 1, 'rows': 3}
{'ticker': 'IWM', 'mode': 'tri', 'thr': 60, 'window': '1Y', 'order': 2, 'rows': 9}
{'ticker': 'IWM', 'mode': 'tri', 'thr': 60, 'window': '1Y', 'order': 3, 'rows': 27}
{'ticker': 'IWM', 'mode': 'tri', 'thr': 60, 'window': '1Y', 'order': 4, 'rows': 74}
{'ticker': 'IWM', 'mode': 'tri', 'thr': 60, 'window': '2Y', 'order': 1, 'rows': 3}
{'ticker': 'IWM', 'mode': 'tri', 'thr': 60, 'window': '2Y', 'order': 2, 'rows': 9}
{'ticker': 'IWM', 'mode': 'tri', 'thr': 60, 'window': '2Y', 'order': 3, 'rows': 27}
{'ticker': 'IWM', 'mode': 'tri', 'thr': 60, 'window': '2Y', 'order': 4, 'rows': 81}
{'ticker': 'IWM', 'mode': 'tri', 'thr': 60, 'window': '5Y', 'order': 1, 'rows': 3}
{'ticker': 'IWM', 'mode': 'tri', 'thr': 60, 'window': '5Y', 'order': 2, 'rows': 9}
{'ticker': 'IWM', 'mode': 'tri', 'thr': 60, 'window': '5Y', 'order': 3, 'rows': 27}
{'ticker': 'IWM', 'mode': 'tri', 'thr': 60, 'window': '5Y', 'order': 4, 'rows': 81}
{'ticker': 'IWM', 'mode': 'tri', 'thr': 60, 'window': '10Y', 'order': 1, 'rows': 3}
{'ticker': 'IWM', 'mode': 'tri', 'thr': 60, 'window': '10Y', 'order': 2, 'rows': 9}
{'ticker': 'IWM', 'mode': 'tri', 'thr': 60, 'window': '10Y', 'order': 3, 'rows': 27}
{'ticker': 'IWM', 'mode': 'tri', 'thr': 60, 'window': '10Y', 'order': 4, 'rows': 81}
{'ticker': 'IWM', 'mode': 'tri', 'thr': 60, 'window': '20Y', 'order': 1, 'rows': 3}
{'ticker': 'IWM', 'mode': 'tri', 'thr': 60, 'window': '20Y', 'order': 2, 'rows': 9}
{'ticker': 'IWM', 'mode': 'tri', 'thr': 60, 'window': '20Y', 'order': 3, 'rows': 27}
{'ticker': 'IWM', 'mode': 'tri', 'thr': 60, 'window': '20Y', 'order': 4, 'rows': 81}
{'ticker': 'IWM', 'mode': 'tri', 'thr': 60, 'window': 'MAX', 'order': 1, 'rows': 3}
{'ticker': 'IWM', 'mode': 'tri', 'thr': 60, 'window': 'MAX', 'order': 2, 'rows': 9}
{'ticker': 'IWM', 'mode': 'tri', 'thr': 60, 'window': 'MAX', 'order': 3, 'rows': 27}
{'ticker': 'IWM', 'mode': 'tri', 'thr': 60, 'window': 'MAX', 'order': 4, 'rows': 81}
{'ticker': 'IWM', 'mode': 'tri', 'thr': 65, 'window': '1Y', 'order': 1, 'rows': 3}
{'ticker': 'IWM', 'mode': 'tri', 'thr': 65, 'window': '1Y', 'order': 2, 'rows': 9}
{'ticker': 'IWM', 'mode': 'tri', 'thr': 65, 'window': '1Y', 'order': 3, 'rows': 27}
{'ticker': 'IWM', 'mode': 'tri', 'thr': 65, 'window': '1Y', 'order': 4, 'rows': 73}
{'ticker': 'IWM', 'mode': 'tri', 'thr': 65, 'window': '2Y', 'order': 1, 'rows': 3}
{'ticker': 'IWM', 'mode': 'tri', 'thr': 65, 'window': '2Y', 'order': 2, 'rows': 9}
{'ticker': 'IWM', 'mode': 'tri', 'thr': 65, 'window': '2Y', 'order': 3, 'rows': 27}
{'ticker': 'IWM', 'mode': 'tri', 'thr': 65, 'window': '2Y', 'order': 4, 'rows': 81}
{'ticker': 'IWM', 'mode': 'tri', 'thr': 65, 'window': '5Y', 'order': 1, 'rows': 3}
{'ticker': 'IWM', 'mode': 'tri', 'thr': 65, 'window': '5Y', 'order': 2, 'rows': 9}
{'ticker': 'IWM', 'mode': 'tri', 'thr': 65, 'window': '5Y', 'order': 3, 'rows': 27}
{'ticker': 'IWM', 'mode': 'tri', 'thr': 65, 'window': '5Y', 'order': 4, 'rows': 81}
{'ticker': 'IWM', 'mode': 'tri', 'thr': 65, 'window': '10Y', 'order': 1, 'rows': 3}
{'ticker': 'IWM', 'mode': 'tri', 'thr': 65, 'window': '10Y', 'order': 2, 'rows': 9}
{'ticker': 'IWM', 'mode': 'tri', 'thr': 65, 'window': '10Y', 'order': 3, 'rows': 27}
{'ticker': 'IWM', 'mode': 'tri', 'thr': 65, 'window': '10Y', 'order': 4, 'rows': 81}
{'ticker': 'IWM', 'mode': 'tri', 'thr': 65, 'window': '20Y', 'order': 1, 'rows': 3}
{'ticker': 'IWM', 'mode': 'tri', 'thr': 65, 'window': '20Y', 'order': 2, 'rows': 9}
{'ticker': 'IWM', 'mode': 'tri', 'thr': 65, 'window': '20Y', 'order': 3, 'rows': 27}
{'ticker': 'IWM', 'mode': 'tri', 'thr': 65, 'window': '20Y', 'order': 4, 'rows': 81}
{'ticker': 'IWM', 'mode': 'tri', 'thr': 65, 'window': 'MAX', 'order': 1, 'rows': 3}
{'ticker': 'IWM', 'mode': 'tri', 'thr': 65, 'window': 'MAX', 'order': 2, 'rows': 9}
{'ticker': 'IWM', 'mode': 'tri', 'thr': 65, 'window': 'MAX', 'order': 3, 'rows': 27}
{'ticker': 'IWM', 'mode': 'tri', 'thr': 65, 'window': 'MAX', 'order': 4, 'rows': 81}
{'ticker': 'IWM', 'mode': 'tri', 'thr': 70, 'window': '1Y', 'order': 1, 'rows': 3}
{'ticker': 'IWM', 'mode': 'tri', 'thr': 70, 'window': '1Y', 'order': 2, 'rows': 9}
{'ticker': 'IWM', 'mode': 'tri', 'thr': 70, 'window': '1Y', 'order': 3, 'rows': 27}
{'ticker': 'IWM', 'mode': 'tri', 'thr': 70, 'window': '1Y', 'order': 4, 'rows': 72}
{'ticker': 'IWM', 'mode': 'tri', 'thr': 70, 'window': '2Y', 'order': 1, 'rows': 3}
{'ticker': 'IWM', 'mode': 'tri', 'thr': 70, 'window': '2Y', 'order': 2, 'rows': 9}
{'ticker': 'IWM', 'mode': 'tri', 'thr': 70, 'window': '2Y', 'order': 3, 'rows': 27}
{'ticker': 'IWM', 'mode': 'tri', 'thr': 70, 'window': '2Y', 'order': 4, 'rows': 81}
{'ticker': 'IWM', 'mode': 'tri', 'thr': 70, 'window': '5Y', 'order': 1, 'rows': 3}
{'ticker': 'IWM', 'mode': 'tri', 'thr': 70, 'window': '5Y', 'order': 2, 'rows': 9}
{'ticker': 'IWM', 'mode': 'tri', 'thr': 70, 'window': '5Y', 'order': 3, 'rows': 27}
{'ticker': 'IWM', 'mode': 'tri', 'thr': 70, 'window': '5Y', 'order': 4, 'rows': 81}
{'ticker': 'IWM', 'mode': 'tri', 'thr': 70, 'window': '10Y', 'order': 1, 'rows': 3}
{'ticker': 'IWM', 'mode': 'tri', 'thr': 70, 'window': '10Y', 'order': 2, 'rows': 9}
{'ticker': 'IWM', 'mode': 'tri', 'thr': 70, 'window': '10Y', 'order': 3, 'rows': 27}
{'ticker': 'IWM', 'mode': 'tri', 'thr': 70, 'window': '10Y', 'order': 4, 'rows': 81}
{'ticker': 'IWM', 'mode': 'tri', 'thr': 70, 'window': '20Y', 'order': 1, 'rows': 3}
{'ticker': 'IWM', 'mode': 'tri', 'thr': 70, 'window': '20Y', 'order': 2, 'rows': 9}
{'ticker': 'IWM', 'mode': 'tri', 'thr': 70, 'window': '20Y', 'order': 3, 'rows': 27}
{'ticker': 'IWM', 'mode': 'tri', 'thr': 70, 'window': '20Y', 'order': 4, 'rows': 81}
{'ticker': 'IWM', 'mode': 'tri', 'thr': 70, 'window': 'MAX', 'order': 1, 'rows': 3}2025-11-12 11:45:33,662 INFO [cli] {'ticker': 'IWM', 'mode': 'tri', 'thr': 90, 'window': 'MAX', 'order': 3, 'rows': 27}
2025-11-12 11:45:33,674 INFO [cli] {'ticker': 'IWM', 'mode': 'tri', 'thr': 90, 'window': 'MAX', 'order': 4, 'rows': 81}
2025-11-12 11:45:33,692 INFO [cli] {'ticker': 'IWM', 'mode': 'tri', 'thr': 95, 'window': '1Y', 'order': 1, 'rows': 3}
2025-11-12 11:45:33,700 INFO [cli] {'ticker': 'IWM', 'mode': 'tri', 'thr': 95, 'window': '1Y', 'order': 2, 'rows': 9}
2025-11-12 11:45:33,710 INFO [cli] {'ticker': 'IWM', 'mode': 'tri', 'thr': 95, 'window': '1Y', 'order': 3, 'rows': 27}
2025-11-12 11:45:33,719 INFO [cli] {'ticker': 'IWM', 'mode': 'tri', 'thr': 95, 'window': '1Y', 'order': 4, 'rows': 65}
2025-11-12 11:45:33,727 INFO [cli] {'ticker': 'IWM', 'mode': 'tri', 'thr': 95, 'window': '2Y', 'order': 1, 'rows': 3}
2025-11-12 11:45:33,738 INFO [cli] {'ticker': 'IWM', 'mode': 'tri', 'thr': 95, 'window': '2Y', 'order': 2, 'rows': 9}
2025-11-12 11:45:33,748 INFO [cli] {'ticker': 'IWM', 'mode': 'tri', 'thr': 95, 'window': '2Y', 'order': 3, 'rows': 27}
2025-11-12 11:45:33,757 INFO [cli] {'ticker': 'IWM', 'mode': 'tri', 'thr': 95, 'window': '2Y', 'order': 4, 'rows': 76}
2025-11-12 11:45:33,773 INFO [cli] {'ticker': 'IWM', 'mode': 'tri', 'thr': 95, 'window': '5Y', 'order': 1, 'rows': 3}
2025-11-12 11:45:33,790 INFO [cli] {'ticker': 'IWM', 'mode': 'tri', 'thr': 95, 'window': '5Y', 'order': 2, 'rows': 9}
2025-11-12 11:45:33,802 INFO [cli] {'ticker': 'IWM', 'mode': 'tri', 'thr': 95, 'window': '5Y', 'order': 3, 'rows': 27}
2025-11-12 11:45:33,814 INFO [cli] {'ticker': 'IWM', 'mode': 'tri', 'thr': 95, 'window': '5Y', 'order': 4, 'rows': 81}
2025-11-12 11:45:33,825 INFO [cli] {'ticker': 'IWM', 'mode': 'tri', 'thr': 95, 'window': '10Y', 'order': 1, 'rows': 3}
2025-11-12 11:45:33,837 INFO [cli] {'ticker': 'IWM', 'mode': 'tri', 'thr': 95, 'window': '10Y', 'order': 2, 'rows': 9}
2025-11-12 11:45:33,847 INFO [cli] {'ticker': 'IWM', 'mode': 'tri', 'thr': 95, 'window': '10Y', 'order': 3, 'rows': 27}
2025-11-12 11:45:33,859 INFO [cli] {'ticker': 'IWM', 'mode': 'tri', 'thr': 95, 'window': '10Y', 'order': 4, 'rows': 81}
2025-11-12 11:45:33,872 INFO [cli] {'ticker': 'IWM', 'mode': 'tri', 'thr': 95, 'window': '20Y', 'order': 1, 'rows': 3}
2025-11-12 11:45:33,885 INFO [cli] {'ticker': 'IWM', 'mode': 'tri', 'thr': 95, 'window': '20Y', 'order': 2, 'rows': 9}
2025-11-12 11:45:33,896 INFO [cli] {'ticker': 'IWM', 'mode': 'tri', 'thr': 95, 'window': '20Y', 'order': 3, 'rows': 27}
2025-11-12 11:45:33,908 INFO [cli] {'ticker': 'IWM', 'mode': 'tri', 'thr': 95, 'window': '20Y', 'order': 4, 'rows': 81}
2025-11-12 11:45:33,919 INFO [cli] {'ticker': 'IWM', 'mode': 'tri', 'thr': 95, 'window': 'MAX', 'order': 1, 'rows': 3}
2025-11-12 11:45:33,933 INFO [cli] {'ticker': 'IWM', 'mode': 'tri', 'thr': 95, 'window': 'MAX', 'order': 2, 'rows': 9}
2025-11-12 11:45:33,944 INFO [cli] {'ticker': 'IWM', 'mode': 'tri', 'thr': 95, 'window': 'MAX', 'order': 3, 'rows': 27}
2025-11-12 11:45:33,955 INFO [cli] {'ticker': 'IWM', 'mode': 'tri', 'thr': 95, 'window': 'MAX', 'order': 4, 'rows': 81}
2025-11-12 11:45:33,971 INFO [cli] {'ticker': 'IWM', 'mode': 'tri', 'thr': 100, 'window': '1Y', 'order': 1, 'rows': 3}
2025-11-12 11:45:33,982 INFO [cli] {'ticker': 'IWM', 'mode': 'tri', 'thr': 100, 'window': '1Y', 'order': 2, 'rows': 9}
2025-11-12 11:45:33,992 INFO [cli] {'ticker': 'IWM', 'mode': 'tri', 'thr': 100, 'window': '1Y', 'order': 3, 'rows': 25}
2025-11-12 11:45:34,003 INFO [cli] {'ticker': 'IWM', 'mode': 'tri', 'thr': 100, 'window': '1Y', 'order': 4, 'rows': 57}
2025-11-12 11:45:34,012 INFO [cli] {'ticker': 'IWM', 'mode': 'tri', 'thr': 100, 'window': '2Y', 'order': 1, 'rows': 3}
2025-11-12 11:45:34,021 INFO [cli] {'ticker': 'IWM', 'mode': 'tri', 'thr': 100, 'window': '2Y', 'order': 2, 'rows': 9}
2025-11-12 11:45:34,033 INFO [cli] {'ticker': 'IWM', 'mode': 'tri', 'thr': 100, 'window': '2Y', 'order': 3, 'rows': 27}
2025-11-12 11:45:34,043 INFO [cli] {'ticker': 'IWM', 'mode': 'tri', 'thr': 100, 'window': '2Y', 'order': 4, 'rows': 70}
2025-11-12 11:45:34,055 INFO [cli] {'ticker': 'IWM', 'mode': 'tri', 'thr': 100, 'window': '5Y', 'order': 1, 'rows': 3}
2025-11-12 11:45:34,066 INFO [cli] {'ticker': 'IWM', 'mode': 'tri', 'thr': 100, 'window': '5Y', 'order': 2, 'rows': 9}
2025-11-12 11:45:34,077 INFO [cli] {'ticker': 'IWM', 'mode': 'tri', 'thr': 100, 'window': '5Y', 'order': 3, 'rows': 27}
2025-11-12 11:45:34,088 INFO [cli] {'ticker': 'IWM', 'mode': 'tri', 'thr': 100, 'window': '5Y', 'order': 4, 'rows': 81}
2025-11-12 11:45:34,100 INFO [cli] {'ticker': 'IWM', 'mode': 'tri', 'thr': 100, 'window': '10Y', 'order': 1, 'rows': 3}
2025-11-12 11:45:34,112 INFO [cli] {'ticker': 'IWM', 'mode': 'tri', 'thr': 100, 'window': '10Y', 'order': 2, 'rows': 9}
2025-11-12 11:45:34,125 INFO [cli] {'ticker': 'IWM', 'mode': 'tri', 'thr': 100, 'window': '10Y', 'order': 3, 'rows': 27}
2025-11-12 11:45:34,137 INFO [cli] {'ticker': 'IWM', 'mode': 'tri', 'thr': 100, 'window': '10Y', 'order': 4, 'rows': 81}
2025-11-12 11:45:34,149 INFO [cli] {'ticker': 'IWM', 'mode': 'tri', 'thr': 100, 'window': '20Y', 'order': 1, 'rows': 3}
2025-11-12 11:45:34,160 INFO [cli] {'ticker': 'IWM', 'mode': 'tri', 'thr': 100, 'window': '20Y', 'order': 2, 'rows': 9}
2025-11-12 11:45:34,172 INFO [cli] {'ticker': 'IWM', 'mode': 'tri', 'thr': 100, 'window': '20Y', 'order': 3, 'rows': 27}
2025-11-12 11:45:34,182 INFO [cli] {'ticker': 'IWM', 'mode': 'tri', 'thr': 100, 'window': '20Y', 'order': 4, 'rows': 81}
2025-11-12 11:45:34,195 INFO [cli] {'ticker': 'IWM', 'mode': 'tri', 'thr': 100, 'window': 'MAX', 'order': 1, 'rows': 3}
2025-11-12 11:45:34,206 INFO [cli] {'ticker': 'IWM', 'mode': 'tri', 'thr': 100, 'window': 'MAX', 'order': 2, 'rows': 9}
2025-11-12 11:45:34,216 INFO [cli] {'ticker': 'IWM', 'mode': 'tri', 'thr': 100, 'window': 'MAX', 'order': 3, 'rows': 27}
2025-11-12 11:45:34,225 INFO [cli] {'ticker': 'IWM', 'mode': 'tri', 'thr': 100, 'window': 'MAX', 'order': 4, 'rows': 81}
2025-11-12 11:45:34,241 INFO [cli] {'ticker': 'IWM', 'mode': 'tri', 'thr': 105, 'window': '1Y', 'order': 1, 'rows': 3}
2025-11-12 11:45:34,252 INFO [cli] {'ticker': 'IWM', 'mode': 'tri', 'thr': 105, 'window': '1Y', 'order': 2, 'rows': 9}
2025-11-12 11:45:34,263 INFO [cli] {'ticker': 'IWM', 'mode': 'tri', 'thr': 105, 'window': '1Y', 'order': 3, 'rows': 25}
2025-11-12 11:45:34,273 INFO [cli] {'ticker': 'IWM', 'mode': 'tri', 'thr': 105, 'window': '1Y', 'order': 4, 'rows': 56}
2025-11-12 11:45:34,281 INFO [cli] {'ticker': 'IWM', 'mode': 'tri', 'thr': 105, 'window': '2Y', 'order': 1, 'rows': 3}
2025-11-12 11:45:34,290 INFO [cli] {'ticker': 'IWM', 'mode': 'tri', 'thr': 105, 'window': '2Y', 'order': 2, 'rows': 9}
2025-11-12 11:45:34,301 INFO [cli] {'ticker': 'IWM', 'mode': 'tri', 'thr': 105, 'window': '2Y', 'order': 3, 'rows': 27}
2025-11-12 11:45:34,312 INFO [cli] {'ticker': 'IWM', 'mode': 'tri', 'thr': 105, 'window': '2Y', 'order': 4, 'rows': 69}
2025-11-12 11:45:34,322 INFO [cli] {'ticker': 'IWM', 'mode': 'tri', 'thr': 105, 'window': '5Y', 'order': 1, 'rows': 3}
2025-11-12 11:45:34,333 INFO [cli] {'ticker': 'IWM', 'mode': 'tri', 'thr': 105, 'window': '5Y', 'order': 2, 'rows': 9}
2025-11-12 11:45:34,345 INFO [cli] {'ticker': 'IWM', 'mode': 'tri', 'thr': 105, 'window': '5Y', 'order': 3, 'rows': 27}
2025-11-12 11:45:34,357 INFO [cli] {'ticker': 'IWM', 'mode': 'tri', 'thr': 105, 'window': '5Y', 'order': 4, 'rows': 81}
2025-11-12 11:45:34,366 INFO [cli] {'ticker': 'IWM', 'mode': 'tri', 'thr': 105, 'window': '10Y', 'order': 1, 'rows': 3}
2025-11-12 11:45:34,376 INFO [cli] {'ticker': 'IWM', 'mode': 'tri', 'thr': 105, 'window': '10Y', 'order': 2, 'rows': 9}
2025-11-12 11:45:34,384 INFO [cli] {'ticker': 'IWM', 'mode': 'tri', 'thr': 105, 'window': '10Y', 'order': 3, 'rows': 27}
2025-11-12 11:45:34,391 INFO [cli] {'ticker': 'IWM', 'mode': 'tri', 'thr': 105, 'window': '10Y', 'order': 4, 'rows': 81}
2025-11-12 11:45:34,396 INFO [cli] {'ticker': 'IWM', 'mode': 'tri', 'thr': 105, 'window': '20Y', 'order': 1, 'rows': 3}
2025-11-12 11:45:34,402 INFO [cli] {'ticker': 'IWM', 'mode': 'tri', 'thr': 105, 'window': '20Y', 'order': 2, 'rows': 9}
2025-11-12 11:45:34,410 INFO [cli] {'ticker': 'IWM', 'mode': 'tri', 'thr': 105, 'window': '20Y', 'order': 3, 'rows': 27}
2025-11-12 11:45:34,419 INFO [cli] {'ticker': 'IWM', 'mode': 'tri', 'thr': 105, 'window': '20Y', 'order': 4, 'rows': 81}
2025-11-12 11:45:34,426 INFO [cli] {'ticker': 'IWM', 'mode': 'tri', 'thr': 105, 'window': 'MAX', 'order': 1, 'rows': 3}
2025-11-12 11:45:34,434 INFO [cli] {'ticker': 'IWM', 'mode': 'tri', 'thr': 105, 'window': 'MAX', 'order': 2, 'rows': 9}
2025-11-12 11:45:34,440 INFO [cli] {'ticker': 'IWM', 'mode': 'tri', 'thr': 105, 'window': 'MAX', 'order': 3, 'rows': 27}
2025-11-12 11:45:34,447 INFO [cli] {'ticker': 'IWM', 'mode': 'tri', 'thr': 105, 'window': 'MAX', 'order': 4, 'rows': 81}
2025-11-12 11:45:34,461 INFO [cli] {'ticker': 'IWM', 'mode': 'tri', 'thr': 110, 'window': '1Y', 'order': 1, 'rows': 3}
2025-11-12 11:45:34,470 INFO [cli] {'ticker': 'IWM', 'mode': 'tri', 'thr': 110, 'window': '1Y', 'order': 2, 'rows': 9}
2025-11-12 11:45:34,477 INFO [cli] {'ticker': 'IWM', 'mode': 'tri', 'thr': 110, 'window': '1Y', 'order': 3, 'rows': 25}
2025-11-12 11:45:34,484 INFO [cli] {'ticker': 'IWM', 'mode': 'tri', 'thr': 110, 'window': '1Y', 'order': 4, 'rows': 55}
2025-11-12 11:45:34,491 INFO [cli] {'ticker': 'IWM', 'mode': 'tri', 'thr': 110, 'window': '2Y', 'order': 1, 'rows': 3}
2025-11-12 11:45:34,511 INFO [cli] {'ticker': 'IWM', 'mode': 'tri', 'thr': 110, 'window': '2Y', 'order': 2, 'rows': 9}
2025-11-12 11:45:34,518 INFO [cli] {'ticker': 'IWM', 'mode': 'tri', 'thr': 110, 'window': '2Y', 'order': 3, 'rows': 26}
2025-11-12 11:45:34,523 INFO [cli] {'ticker': 'IWM', 'mode': 'tri', 'thr': 110, 'window': '2Y', 'order': 4, 'rows': 65}
2025-11-12 11:45:34,529 INFO [cli] {'ticker': 'IWM', 'mode': 'tri', 'thr': 110, 'window': '5Y', 'order': 1, 'rows': 3}
2025-11-12 11:45:34,538 INFO [cli] {'ticker': 'IWM', 'mode': 'tri', 'thr': 110, 'window': '5Y', 'order': 2, 'rows': 9}
2025-11-12 11:45:34,546 INFO [cli] {'ticker': 'IWM', 'mode': 'tri', 'thr': 110, 'window': '5Y', 'order': 3, 'rows': 27}
2025-11-12 11:45:34,551 INFO [cli] {'ticker': 'IWM', 'mode': 'tri', 'thr': 110, 'window': '5Y', 'order': 4, 'rows': 81}
2025-11-12 11:45:34,557 INFO [cli] {'ticker': 'IWM', 'mode': 'tri', 'thr': 110, 'window': '10Y', 'order': 1, 'rows': 3}
2025-11-12 11:45:34,563 INFO [cli] {'ticker': 'IWM', 'mode': 'tri', 'thr': 110, 'window': '10Y', 'order': 2, 'rows': 9}
2025-11-12 11:45:34,570 INFO [cli] {'ticker': 'IWM', 'mode': 'tri', 'thr': 110, 'window': '10Y', 'order': 3, 'rows': 27}
2025-11-12 11:45:34,578 INFO [cli] {'ticker': 'IWM', 'mode': 'tri', 'thr': 110, 'window': '10Y', 'order': 4, 'rows': 81}
2025-11-12 11:45:34,585 INFO [cli] {'ticker': 'IWM', 'mode': 'tri', 'thr': 110, 'window': '20Y', 'order': 1, 'rows': 3}
2025-11-12 11:45:34,599 INFO [cli] {'ticker': 'IWM', 'mode': 'tri', 'thr': 110, 'window': '20Y', 'order': 2, 'rows': 9}
2025-11-12 11:45:34,606 INFO [cli] {'ticker': 'IWM', 'mode': 'tri', 'thr': 110, 'window': '20Y', 'order': 3, 'rows': 27}
2025-11-12 11:45:34,614 INFO [cli] {'ticker': 'IWM', 'mode': 'tri', 'thr': 110, 'window': '20Y', 'order': 4, 'rows': 81}
2025-11-12 11:45:34,621 INFO [cli] {'ticker': 'IWM', 'mode': 'tri', 'thr': 110, 'window': 'MAX', 'order': 1, 'rows': 3}
2025-11-12 11:45:34,627 INFO [cli] {'ticker': 'IWM', 'mode': 'tri', 'thr': 110, 'window': 'MAX', 'order': 2, 'rows': 9}
2025-11-12 11:45:34,635 INFO [cli] {'ticker': 'IWM', 'mode': 'tri', 'thr': 110, 'window': 'MAX', 'order': 3, 'rows': 27}

{'ticker': 'IWM', 'mode': 'tri', 'thr': 70, 'window': 'MAX', 'order': 2, 'rows': 9}
{'ticker': 'IWM', 'mode': 'tri', 'thr': 70, 'window': 'MAX', 'order': 3, 'rows': 27}
{'ticker': 'IWM', 'mode': 'tri', 'thr': 70, 'window': 'MAX', 'order': 4, 'rows': 81}
{'ticker': 'IWM', 'mode': 'tri', 'thr': 75, 'window': '1Y', 'order': 1, 'rows': 3}
{'ticker': 'IWM', 'mode': 'tri', 'thr': 75, 'window': '1Y', 'order': 2, 'rows': 9}
{'ticker': 'IWM', 'mode': 'tri', 'thr': 75, 'window': '1Y', 'order': 3, 'rows': 27}
{'ticker': 'IWM', 'mode': 'tri', 'thr': 75, 'window': '1Y', 'order': 4, 'rows': 71}
{'ticker': 'IWM', 'mode': 'tri', 'thr': 75, 'window': '2Y', 'order': 1, 'rows': 3}
{'ticker': 'IWM', 'mode': 'tri', 'thr': 75, 'window': '2Y', 'order': 2, 'rows': 9}
{'ticker': 'IWM', 'mode': 'tri', 'thr': 75, 'window': '2Y', 'order': 3, 'rows': 27}
{'ticker': 'IWM', 'mode': 'tri', 'thr': 75, 'window': '2Y', 'order': 4, 'rows': 81}
{'ticker': 'IWM', 'mode': 'tri', 'thr': 75, 'window': '5Y', 'order': 1, 'rows': 3}
{'ticker': 'IWM', 'mode': 'tri', 'thr': 75, 'window': '5Y', 'order': 2, 'rows': 9}
{'ticker': 'IWM', 'mode': 'tri', 'thr': 75, 'window': '5Y', 'order': 3, 'rows': 27}
{'ticker': 'IWM', 'mode': 'tri', 'thr': 75, 'window': '5Y', 'order': 4, 'rows': 81}
{'ticker': 'IWM', 'mode': 'tri', 'thr': 75, 'window': '10Y', 'order': 1, 'rows': 3}
{'ticker': 'IWM', 'mode': 'tri', 'thr': 75, 'window': '10Y', 'order': 2, 'rows': 9}
{'ticker': 'IWM', 'mode': 'tri', 'thr': 75, 'window': '10Y', 'order': 3, 'rows': 27}
{'ticker': 'IWM', 'mode': 'tri', 'thr': 75, 'window': '10Y', 'order': 4, 'rows': 81}
{'ticker': 'IWM', 'mode': 'tri', 'thr': 75, 'window': '20Y', 'order': 1, 'rows': 3}
{'ticker': 'IWM', 'mode': 'tri', 'thr': 75, 'window': '20Y', 'order': 2, 'rows': 9}
{'ticker': 'IWM', 'mode': 'tri', 'thr': 75, 'window': '20Y', 'order': 3, 'rows': 27}
{'ticker': 'IWM', 'mode': 'tri', 'thr': 75, 'window': '20Y', 'order': 4, 'rows': 81}
{'ticker': 'IWM', 'mode': 'tri', 'thr': 75, 'window': 'MAX', 'order': 1, 'rows': 3}
{'ticker': 'IWM', 'mode': 'tri', 'thr': 75, 'window': 'MAX', 'order': 2, 'rows': 9}
{'ticker': 'IWM', 'mode': 'tri', 'thr': 75, 'window': 'MAX', 'order': 3, 'rows': 27}
{'ticker': 'IWM', 'mode': 'tri', 'thr': 75, 'window': 'MAX', 'order': 4, 'rows': 81}
{'ticker': 'IWM', 'mode': 'tri', 'thr': 80, 'window': '1Y', 'order': 1, 'rows': 3}
{'ticker': 'IWM', 'mode': 'tri', 'thr': 80, 'window': '1Y', 'order': 2, 'rows': 9}
{'ticker': 'IWM', 'mode': 'tri', 'thr': 80, 'window': '1Y', 'order': 3, 'rows': 27}
{'ticker': 'IWM', 'mode': 'tri', 'thr': 80, 'window': '1Y', 'order': 4, 'rows': 69}
{'ticker': 'IWM', 'mode': 'tri', 'thr': 80, 'window': '2Y', 'order': 1, 'rows': 3}
{'ticker': 'IWM', 'mode': 'tri', 'thr': 80, 'window': '2Y', 'order': 2, 'rows': 9}
{'ticker': 'IWM', 'mode': 'tri', 'thr': 80, 'window': '2Y', 'order': 3, 'rows': 27}
{'ticker': 'IWM', 'mode': 'tri', 'thr': 80, 'window': '2Y', 'order': 4, 'rows': 81}
{'ticker': 'IWM', 'mode': 'tri', 'thr': 80, 'window': '5Y', 'order': 1, 'rows': 3}
{'ticker': 'IWM', 'mode': 'tri', 'thr': 80, 'window': '5Y', 'order': 2, 'rows': 9}
{'ticker': 'IWM', 'mode': 'tri', 'thr': 80, 'window': '5Y', 'order': 3, 'rows': 27}
{'ticker': 'IWM', 'mode': 'tri', 'thr': 80, 'window': '5Y', 'order': 4, 'rows': 81}
{'ticker': 'IWM', 'mode': 'tri', 'thr': 80, 'window': '10Y', 'order': 1, 'rows': 3}
{'ticker': 'IWM', 'mode': 'tri', 'thr': 80, 'window': '10Y', 'order': 2, 'rows': 9}
{'ticker': 'IWM', 'mode': 'tri', 'thr': 80, 'window': '10Y', 'order': 3, 'rows': 27}
{'ticker': 'IWM', 'mode': 'tri', 'thr': 80, 'window': '10Y', 'order': 4, 'rows': 81}
{'ticker': 'IWM', 'mode': 'tri', 'thr': 80, 'window': '20Y', 'order': 1, 'rows': 3}
{'ticker': 'IWM', 'mode': 'tri', 'thr': 80, 'window': '20Y', 'order': 2, 'rows': 9}
{'ticker': 'IWM', 'mode': 'tri', 'thr': 80, 'window': '20Y', 'order': 3, 'rows': 27}
{'ticker': 'IWM', 'mode': 'tri', 'thr': 80, 'window': '20Y', 'order': 4, 'rows': 81}
{'ticker': 'IWM', 'mode': 'tri', 'thr': 80, 'window': 'MAX', 'order': 1, 'rows': 3}
{'ticker': 'IWM', 'mode': 'tri', 'thr': 80, 'window': 'MAX', 'order': 2, 'rows': 9}
{'ticker': 'IWM', 'mode': 'tri', 'thr': 80, 'window': 'MAX', 'order': 3, 'rows': 27}
{'ticker': 'IWM', 'mode': 'tri', 'thr': 80, 'window': 'MAX', 'order': 4, 'rows': 81}
{'ticker': 'IWM', 'mode': 'tri', 'thr': 85, 'window': '1Y', 'order': 1, 'rows': 3}
{'ticker': 'IWM', 'mode': 'tri', 'thr': 85, 'window': '1Y', 'order': 2, 'rows': 9}
{'ticker': 'IWM', 'mode': 'tri', 'thr': 85, 'window': '1Y', 'order': 3, 'rows': 27}
{'ticker': 'IWM', 'mode': 'tri', 'thr': 85, 'window': '1Y', 'order': 4, 'rows': 68}
{'ticker': 'IWM', 'mode': 'tri', 'thr': 85, 'window': '2Y', 'order': 1, 'rows': 3}
{'ticker': 'IWM', 'mode': 'tri', 'thr': 85, 'window': '2Y', 'order': 2, 'rows': 9}
{'ticker': 'IWM', 'mode': 'tri', 'thr': 85, 'window': '2Y', 'order': 3, 'rows': 27}
{'ticker': 'IWM', 'mode': 'tri', 'thr': 85, 'window': '2Y', 'order': 4, 'rows': 79}
{'ticker': 'IWM', 'mode': 'tri', 'thr': 85, 'window': '5Y', 'order': 1, 'rows': 3}
{'ticker': 'IWM', 'mode': 'tri', 'thr': 85, 'window': '5Y', 'order': 2, 'rows': 9}
{'ticker': 'IWM', 'mode': 'tri', 'thr': 85, 'window': '5Y', 'order': 3, 'rows': 27}
{'ticker': 'IWM', 'mode': 'tri', 'thr': 85, 'window': '5Y', 'order': 4, 'rows': 81}
{'ticker': 'IWM', 'mode': 'tri', 'thr': 85, 'window': '10Y', 'order': 1, 'rows': 3}
{'ticker': 'IWM', 'mode': 'tri', 'thr': 85, 'window': '10Y', 'order': 2, 'rows': 9}
{'ticker': 'IWM', 'mode': 'tri', 'thr': 85, 'window': '10Y', 'order': 3, 'rows': 27}
{'ticker': 'IWM', 'mode': 'tri', 'thr': 85, 'window': '10Y', 'order': 4, 'rows': 81}
{'ticker': 'IWM', 'mode': 'tri', 'thr': 85, 'window': '20Y', 'order': 1, 'rows': 3}
{'ticker': 'IWM', 'mode': 'tri', 'thr': 85, 'window': '20Y', 'order': 2, 'rows': 9}
{'ticker': 'IWM', 'mode': 'tri', 'thr': 85, 'window': '20Y', 'order': 3, 'rows': 27}
{'ticker': 'IWM', 'mode': 'tri', 'thr': 85, 'window': '20Y', 'order': 4, 'rows': 81}
{'ticker': 'IWM', 'mode': 'tri', 'thr': 85, 'window': 'MAX', 'order': 1, 'rows': 3}
{'ticker': 'IWM', 'mode': 'tri', 'thr': 85, 'window': 'MAX', 'order': 2, 'rows': 9}
{'ticker': 'IWM', 'mode': 'tri', 'thr': 85, 'window': 'MAX', 'order': 3, 'rows': 27}
{'ticker': 'IWM', 'mode': 'tri', 'thr': 85, 'window': 'MAX', 'order': 4, 'rows': 81}
{'ticker': 'IWM', 'mode': 'tri', 'thr': 90, 'window': '1Y', 'order': 1, 'rows': 3}
{'ticker': 'IWM', 'mode': 'tri', 'thr': 90, 'window': '1Y', 'order': 2, 'rows': 9}
{'ticker': 'IWM', 'mode': 'tri', 'thr': 90, 'window': '1Y', 'order': 3, 'rows': 27}
{'ticker': 'IWM', 'mode': 'tri', 'thr': 90, 'window': '1Y', 'order': 4, 'rows': 65}
{'ticker': 'IWM', 'mode': 'tri', 'thr': 90, 'window': '2Y', 'order': 1, 'rows': 3}
{'ticker': 'IWM', 'mode': 'tri', 'thr': 90, 'window': '2Y', 'order': 2, 'rows': 9}
{'ticker': 'IWM', 'mode': 'tri', 'thr': 90, 'window': '2Y', 'order': 3, 'rows': 27}
{'ticker': 'IWM', 'mode': 'tri', 'thr': 90, 'window': '2Y', 'order': 4, 'rows': 78}
{'ticker': 'IWM', 'mode': 'tri', 'thr': 90, 'window': '5Y', 'order': 1, 'rows': 3}
{'ticker': 'IWM', 'mode': 'tri', 'thr': 90, 'window': '5Y', 'order': 2, 'rows': 9}
{'ticker': 'IWM', 'mode': 'tri', 'thr': 90, 'window': '5Y', 'order': 3, 'rows': 27}
{'ticker': 'IWM', 'mode': 'tri', 'thr': 90, 'window': '5Y', 'order': 4, 'rows': 81}
{'ticker': 'IWM', 'mode': 'tri', 'thr': 90, 'window': '10Y', 'order': 1, 'rows': 3}
{'ticker': 'IWM', 'mode': 'tri', 'thr': 90, 'window': '10Y', 'order': 2, 'rows': 9}
{'ticker': 'IWM', 'mode': 'tri', 'thr': 90, 'window': '10Y', 'order': 3, 'rows': 27}
{'ticker': 'IWM', 'mode': 'tri', 'thr': 90, 'window': '10Y', 'order': 4, 'rows': 81}
{'ticker': 'IWM', 'mode': 'tri', 'thr': 90, 'window': '20Y', 'order': 1, 'rows': 3}
{'ticker': 'IWM', 'mode': 'tri', 'thr': 90, 'window': '20Y', 'order': 2, 'rows': 9}
{'ticker': 'IWM', 'mode': 'tri', 'thr': 90, 'window': '20Y', 'order': 3, 'rows': 27}
{'ticker': 'IWM', 'mode': 'tri', 'thr': 90, 'window': '20Y', 'order': 4, 'rows': 81}
{'ticker': 'IWM', 'mode': 'tri', 'thr': 90, 'window': 'MAX', 'order': 1, 'rows': 3}
{'ticker': 'IWM', 'mode': 'tri', 'thr': 90, 'window': 'MAX', 'order': 2, 'rows': 9}
{'ticker': 'IWM', 'mode': 'tri', 'thr': 90, 'window': 'MAX', 'order': 3, 'rows': 27}2025-11-12 11:45:34,642 INFO [cli] {'ticker': 'IWM', 'mode': 'tri', 'thr': 110, 'window': 'MAX', 'order': 4, 'rows': 81}
2025-11-12 11:45:34,656 INFO [cli] {'ticker': 'IWM', 'mode': 'tri', 'thr': 115, 'window': '1Y', 'order': 1, 'rows': 3}
2025-11-12 11:45:34,664 INFO [cli] {'ticker': 'IWM', 'mode': 'tri', 'thr': 115, 'window': '1Y', 'order': 2, 'rows': 9}
2025-11-12 11:45:34,671 INFO [cli] {'ticker': 'IWM', 'mode': 'tri', 'thr': 115, 'window': '1Y', 'order': 3, 'rows': 25}
2025-11-12 11:45:34,678 INFO [cli] {'ticker': 'IWM', 'mode': 'tri', 'thr': 115, 'window': '1Y', 'order': 4, 'rows': 52}
2025-11-12 11:45:34,685 INFO [cli] {'ticker': 'IWM', 'mode': 'tri', 'thr': 115, 'window': '2Y', 'order': 1, 'rows': 3}
2025-11-12 11:45:34,692 INFO [cli] {'ticker': 'IWM', 'mode': 'tri', 'thr': 115, 'window': '2Y', 'order': 2, 'rows': 9}
2025-11-12 11:45:34,698 INFO [cli] {'ticker': 'IWM', 'mode': 'tri', 'thr': 115, 'window': '2Y', 'order': 3, 'rows': 26}
2025-11-12 11:45:34,705 INFO [cli] {'ticker': 'IWM', 'mode': 'tri', 'thr': 115, 'window': '2Y', 'order': 4, 'rows': 64}
2025-11-12 11:45:34,712 INFO [cli] {'ticker': 'IWM', 'mode': 'tri', 'thr': 115, 'window': '5Y', 'order': 1, 'rows': 3}
2025-11-12 11:45:34,721 INFO [cli] {'ticker': 'IWM', 'mode': 'tri', 'thr': 115, 'window': '5Y', 'order': 2, 'rows': 9}
2025-11-12 11:45:34,727 INFO [cli] {'ticker': 'IWM', 'mode': 'tri', 'thr': 115, 'window': '5Y', 'order': 3, 'rows': 27}
2025-11-12 11:45:34,734 INFO [cli] {'ticker': 'IWM', 'mode': 'tri', 'thr': 115, 'window': '5Y', 'order': 4, 'rows': 80}
2025-11-12 11:45:34,742 INFO [cli] {'ticker': 'IWM', 'mode': 'tri', 'thr': 115, 'window': '10Y', 'order': 1, 'rows': 3}
2025-11-12 11:45:34,751 INFO [cli] {'ticker': 'IWM', 'mode': 'tri', 'thr': 115, 'window': '10Y', 'order': 2, 'rows': 9}
2025-11-12 11:45:34,758 INFO [cli] {'ticker': 'IWM', 'mode': 'tri', 'thr': 115, 'window': '10Y', 'order': 3, 'rows': 27}
2025-11-12 11:45:34,767 INFO [cli] {'ticker': 'IWM', 'mode': 'tri', 'thr': 115, 'window': '10Y', 'order': 4, 'rows': 81}
2025-11-12 11:45:34,774 INFO [cli] {'ticker': 'IWM', 'mode': 'tri', 'thr': 115, 'window': '20Y', 'order': 1, 'rows': 3}
2025-11-12 11:45:34,781 INFO [cli] {'ticker': 'IWM', 'mode': 'tri', 'thr': 115, 'window': '20Y', 'order': 2, 'rows': 9}
2025-11-12 11:45:34,789 INFO [cli] {'ticker': 'IWM', 'mode': 'tri', 'thr': 115, 'window': '20Y', 'order': 3, 'rows': 27}
2025-11-12 11:45:34,796 INFO [cli] {'ticker': 'IWM', 'mode': 'tri', 'thr': 115, 'window': '20Y', 'order': 4, 'rows': 81}
2025-11-12 11:45:34,803 INFO [cli] {'ticker': 'IWM', 'mode': 'tri', 'thr': 115, 'window': 'MAX', 'order': 1, 'rows': 3}
2025-11-12 11:45:34,811 INFO [cli] {'ticker': 'IWM', 'mode': 'tri', 'thr': 115, 'window': 'MAX', 'order': 2, 'rows': 9}
2025-11-12 11:45:34,820 INFO [cli] {'ticker': 'IWM', 'mode': 'tri', 'thr': 115, 'window': 'MAX', 'order': 3, 'rows': 27}
2025-11-12 11:45:34,828 INFO [cli] {'ticker': 'IWM', 'mode': 'tri', 'thr': 115, 'window': 'MAX', 'order': 4, 'rows': 81}
2025-11-12 11:45:34,843 INFO [cli] {'ticker': 'IWM', 'mode': 'tri', 'thr': 120, 'window': '1Y', 'order': 1, 'rows': 3}
2025-11-12 11:45:34,851 INFO [cli] {'ticker': 'IWM', 'mode': 'tri', 'thr': 120, 'window': '1Y', 'order': 2, 'rows': 9}
2025-11-12 11:45:34,858 INFO [cli] {'ticker': 'IWM', 'mode': 'tri', 'thr': 120, 'window': '1Y', 'order': 3, 'rows': 25}
2025-11-12 11:45:34,866 INFO [cli] {'ticker': 'IWM', 'mode': 'tri', 'thr': 120, 'window': '1Y', 'order': 4, 'rows': 50}
2025-11-12 11:45:34,873 INFO [cli] {'ticker': 'IWM', 'mode': 'tri', 'thr': 120, 'window': '2Y', 'order': 1, 'rows': 3}
2025-11-12 11:45:34,878 INFO [cli] {'ticker': 'IWM', 'mode': 'tri', 'thr': 120, 'window': '2Y', 'order': 2, 'rows': 9}
2025-11-12 11:45:34,885 INFO [cli] {'ticker': 'IWM', 'mode': 'tri', 'thr': 120, 'window': '2Y', 'order': 3, 'rows': 26}
2025-11-12 11:45:34,892 INFO [cli] {'ticker': 'IWM', 'mode': 'tri', 'thr': 120, 'window': '2Y', 'order': 4, 'rows': 63}
2025-11-12 11:45:34,900 INFO [cli] {'ticker': 'IWM', 'mode': 'tri', 'thr': 120, 'window': '5Y', 'order': 1, 'rows': 3}
2025-11-12 11:45:34,907 INFO [cli] {'ticker': 'IWM', 'mode': 'tri', 'thr': 120, 'window': '5Y', 'order': 2, 'rows': 9}
2025-11-12 11:45:34,915 INFO [cli] {'ticker': 'IWM', 'mode': 'tri', 'thr': 120, 'window': '5Y', 'order': 3, 'rows': 27}
2025-11-12 11:45:34,924 INFO [cli] {'ticker': 'IWM', 'mode': 'tri', 'thr': 120, 'window': '5Y', 'order': 4, 'rows': 78}
2025-11-12 11:45:34,932 INFO [cli] {'ticker': 'IWM', 'mode': 'tri', 'thr': 120, 'window': '10Y', 'order': 1, 'rows': 3}
2025-11-12 11:45:34,939 INFO [cli] {'ticker': 'IWM', 'mode': 'tri', 'thr': 120, 'window': '10Y', 'order': 2, 'rows': 9}
2025-11-12 11:45:34,947 INFO [cli] {'ticker': 'IWM', 'mode': 'tri', 'thr': 120, 'window': '10Y', 'order': 3, 'rows': 27}
2025-11-12 11:45:34,954 INFO [cli] {'ticker': 'IWM', 'mode': 'tri', 'thr': 120, 'window': '10Y', 'order': 4, 'rows': 81}
2025-11-12 11:45:34,961 INFO [cli] {'ticker': 'IWM', 'mode': 'tri', 'thr': 120, 'window': '20Y', 'order': 1, 'rows': 3}
2025-11-12 11:45:34,972 INFO [cli] {'ticker': 'IWM', 'mode': 'tri', 'thr': 120, 'window': '20Y', 'order': 2, 'rows': 9}
2025-11-12 11:45:34,980 INFO [cli] {'ticker': 'IWM', 'mode': 'tri', 'thr': 120, 'window': '20Y', 'order': 3, 'rows': 27}
2025-11-12 11:45:34,987 INFO [cli] {'ticker': 'IWM', 'mode': 'tri', 'thr': 120, 'window': '20Y', 'order': 4, 'rows': 81}
2025-11-12 11:45:34,996 INFO [cli] {'ticker': 'IWM', 'mode': 'tri', 'thr': 120, 'window': 'MAX', 'order': 1, 'rows': 3}
2025-11-12 11:45:35,005 INFO [cli] {'ticker': 'IWM', 'mode': 'tri', 'thr': 120, 'window': 'MAX', 'order': 2, 'rows': 9}
2025-11-12 11:45:35,011 INFO [cli] {'ticker': 'IWM', 'mode': 'tri', 'thr': 120, 'window': 'MAX', 'order': 3, 'rows': 27}
2025-11-12 11:45:35,019 INFO [cli] {'ticker': 'IWM', 'mode': 'tri', 'thr': 120, 'window': 'MAX', 'order': 4, 'rows': 81}
2025-11-12 11:45:35,033 INFO [cli] {'ticker': 'IWM', 'mode': 'tri', 'thr': 125, 'window': '1Y', 'order': 1, 'rows': 3}
2025-11-12 11:45:35,040 INFO [cli] {'ticker': 'IWM', 'mode': 'tri', 'thr': 125, 'window': '1Y', 'order': 2, 'rows': 9}
2025-11-12 11:45:35,048 INFO [cli] {'ticker': 'IWM', 'mode': 'tri', 'thr': 125, 'window': '1Y', 'order': 3, 'rows': 25}
2025-11-12 11:45:35,056 INFO [cli] {'ticker': 'IWM', 'mode': 'tri', 'thr': 125, 'window': '1Y', 'order': 4, 'rows': 49}
2025-11-12 11:45:35,065 INFO [cli] {'ticker': 'IWM', 'mode': 'tri', 'thr': 125, 'window': '2Y', 'order': 1, 'rows': 3}
2025-11-12 11:45:35,074 INFO [cli] {'ticker': 'IWM', 'mode': 'tri', 'thr': 125, 'window': '2Y', 'order': 2, 'rows': 9}
2025-11-12 11:45:35,081 INFO [cli] {'ticker': 'IWM', 'mode': 'tri', 'thr': 125, 'window': '2Y', 'order': 3, 'rows': 26}
2025-11-12 11:45:35,089 INFO [cli] {'ticker': 'IWM', 'mode': 'tri', 'thr': 125, 'window': '2Y', 'order': 4, 'rows': 63}
2025-11-12 11:45:35,099 INFO [cli] {'ticker': 'IWM', 'mode': 'tri', 'thr': 125, 'window': '5Y', 'order': 1, 'rows': 3}
2025-11-12 11:45:35,107 INFO [cli] {'ticker': 'IWM', 'mode': 'tri', 'thr': 125, 'window': '5Y', 'order': 2, 'rows': 9}
2025-11-12 11:45:35,116 INFO [cli] {'ticker': 'IWM', 'mode': 'tri', 'thr': 125, 'window': '5Y', 'order': 3, 'rows': 27}
2025-11-12 11:45:35,123 INFO [cli] {'ticker': 'IWM', 'mode': 'tri', 'thr': 125, 'window': '5Y', 'order': 4, 'rows': 78}
2025-11-12 11:45:35,131 INFO [cli] {'ticker': 'IWM', 'mode': 'tri', 'thr': 125, 'window': '10Y', 'order': 1, 'rows': 3}
2025-11-12 11:45:35,140 INFO [cli] {'ticker': 'IWM', 'mode': 'tri', 'thr': 125, 'window': '10Y', 'order': 2, 'rows': 9}
2025-11-12 11:45:35,149 INFO [cli] {'ticker': 'IWM', 'mode': 'tri', 'thr': 125, 'window': '10Y', 'order': 3, 'rows': 27}
2025-11-12 11:45:35,158 INFO [cli] {'ticker': 'IWM', 'mode': 'tri', 'thr': 125, 'window': '10Y', 'order': 4, 'rows': 81}
2025-11-12 11:45:35,165 INFO [cli] {'ticker': 'IWM', 'mode': 'tri', 'thr': 125, 'window': '20Y', 'order': 1, 'rows': 3}
2025-11-12 11:45:35,172 INFO [cli] {'ticker': 'IWM', 'mode': 'tri', 'thr': 125, 'window': '20Y', 'order': 2, 'rows': 9}
2025-11-12 11:45:35,179 INFO [cli] {'ticker': 'IWM', 'mode': 'tri', 'thr': 125, 'window': '20Y', 'order': 3, 'rows': 27}
2025-11-12 11:45:35,185 INFO [cli] {'ticker': 'IWM', 'mode': 'tri', 'thr': 125, 'window': '20Y', 'order': 4, 'rows': 81}
2025-11-12 11:45:35,203 INFO [cli] {'ticker': 'IWM', 'mode': 'tri', 'thr': 125, 'window': 'MAX', 'order': 1, 'rows': 3}
2025-11-12 11:45:35,210 INFO [cli] {'ticker': 'IWM', 'mode': 'tri', 'thr': 125, 'window': 'MAX', 'order': 2, 'rows': 9}
2025-11-12 11:45:35,216 INFO [cli] {'ticker': 'IWM', 'mode': 'tri', 'thr': 125, 'window': 'MAX', 'order': 3, 'rows': 27}
2025-11-12 11:45:35,223 INFO [cli] {'ticker': 'IWM', 'mode': 'tri', 'thr': 125, 'window': 'MAX', 'order': 4, 'rows': 81}
2025-11-12 11:45:35,237 INFO [cli] {'ticker': 'IWM', 'mode': 'tri', 'thr': 130, 'window': '1Y', 'order': 1, 'rows': 3}
2025-11-12 11:45:35,245 INFO [cli] {'ticker': 'IWM', 'mode': 'tri', 'thr': 130, 'window': '1Y', 'order': 2, 'rows': 9}
2025-11-12 11:45:35,254 INFO [cli] {'ticker': 'IWM', 'mode': 'tri', 'thr': 130, 'window': '1Y', 'order': 3, 'rows': 24}
2025-11-12 11:45:35,262 INFO [cli] {'ticker': 'IWM', 'mode': 'tri', 'thr': 130, 'window': '1Y', 'order': 4, 'rows': 46}
2025-11-12 11:45:35,270 INFO [cli] {'ticker': 'IWM', 'mode': 'tri', 'thr': 130, 'window': '2Y', 'order': 1, 'rows': 3}
2025-11-12 11:45:35,277 INFO [cli] {'ticker': 'IWM', 'mode': 'tri', 'thr': 130, 'window': '2Y', 'order': 2, 'rows': 9}
2025-11-12 11:45:35,285 INFO [cli] {'ticker': 'IWM', 'mode': 'tri', 'thr': 130, 'window': '2Y', 'order': 3, 'rows': 26}
2025-11-12 11:45:35,296 INFO [cli] {'ticker': 'IWM', 'mode': 'tri', 'thr': 130, 'window': '2Y', 'order': 4, 'rows': 59}
2025-11-12 11:45:35,302 INFO [cli] {'ticker': 'IWM', 'mode': 'tri', 'thr': 130, 'window': '5Y', 'order': 1, 'rows': 3}
2025-11-12 11:45:35,310 INFO [cli] {'ticker': 'IWM', 'mode': 'tri', 'thr': 130, 'window': '5Y', 'order': 2, 'rows': 9}
2025-11-12 11:45:35,317 INFO [cli] {'ticker': 'IWM', 'mode': 'tri', 'thr': 130, 'window': '5Y', 'order': 3, 'rows': 27}
2025-11-12 11:45:35,324 INFO [cli] {'ticker': 'IWM', 'mode': 'tri', 'thr': 130, 'window': '5Y', 'order': 4, 'rows': 78}
2025-11-12 11:45:35,332 INFO [cli] {'ticker': 'IWM', 'mode': 'tri', 'thr': 130, 'window': '10Y', 'order': 1, 'rows': 3}
2025-11-12 11:45:35,340 INFO [cli] {'ticker': 'IWM', 'mode': 'tri', 'thr': 130, 'window': '10Y', 'order': 2, 'rows': 9}
2025-11-12 11:45:35,347 INFO [cli] {'ticker': 'IWM', 'mode': 'tri', 'thr': 130, 'window': '10Y', 'order': 3, 'rows': 27}
2025-11-12 11:45:35,354 INFO [cli] {'ticker': 'IWM', 'mode': 'tri', 'thr': 130, 'window': '10Y', 'order': 4, 'rows': 81}
2025-11-12 11:45:35,362 INFO [cli] {'ticker': 'IWM', 'mode': 'tri', 'thr': 130, 'window': '20Y', 'order': 1, 'rows': 3}
2025-11-12 11:45:35,371 INFO [cli] {'ticker': 'IWM', 'mode': 'tri', 'thr': 130, 'window': '20Y', 'order': 2, 'rows': 9}
2025-11-12 11:45:35,379 INFO [cli] {'ticker': 'IWM', 'mode': 'tri', 'thr': 130, 'window': '20Y', 'order': 3, 'rows': 27}
2025-11-12 11:45:35,387 INFO [cli] {'ticker': 'IWM', 'mode': 'tri', 'thr': 130, 'window': '20Y', 'order': 4, 'rows': 81}
2025-11-12 11:45:35,393 INFO [cli] {'ticker': 'IWM', 'mode': 'tri', 'thr': 130, 'window': 'MAX', 'order': 1, 'rows': 3}
2025-11-12 11:45:35,398 INFO [cli] {'ticker': 'IWM', 'mode': 'tri', 'thr': 130, 'window': 'MAX', 'order': 2, 'rows': 9}
2025-11-12 11:45:35,406 INFO [cli] {'ticker': 'IWM', 'mode': 'tri', 'thr': 130, 'window': 'MAX', 'order': 3, 'rows': 27}
2025-11-12 11:45:35,413 INFO [cli] {'ticker': 'IWM', 'mode': 'tri', 'thr': 130, 'window': 'MAX', 'order': 4, 'rows': 81}

{'ticker': 'IWM', 'mode': 'tri', 'thr': 90, 'window': 'MAX', 'order': 4, 'rows': 81}
{'ticker': 'IWM', 'mode': 'tri', 'thr': 95, 'window': '1Y', 'order': 1, 'rows': 3}
{'ticker': 'IWM', 'mode': 'tri', 'thr': 95, 'window': '1Y', 'order': 2, 'rows': 9}
{'ticker': 'IWM', 'mode': 'tri', 'thr': 95, 'window': '1Y', 'order': 3, 'rows': 27}
{'ticker': 'IWM', 'mode': 'tri', 'thr': 95, 'window': '1Y', 'order': 4, 'rows': 65}
{'ticker': 'IWM', 'mode': 'tri', 'thr': 95, 'window': '2Y', 'order': 1, 'rows': 3}
{'ticker': 'IWM', 'mode': 'tri', 'thr': 95, 'window': '2Y', 'order': 2, 'rows': 9}
{'ticker': 'IWM', 'mode': 'tri', 'thr': 95, 'window': '2Y', 'order': 3, 'rows': 27}
{'ticker': 'IWM', 'mode': 'tri', 'thr': 95, 'window': '2Y', 'order': 4, 'rows': 76}
{'ticker': 'IWM', 'mode': 'tri', 'thr': 95, 'window': '5Y', 'order': 1, 'rows': 3}
{'ticker': 'IWM', 'mode': 'tri', 'thr': 95, 'window': '5Y', 'order': 2, 'rows': 9}
{'ticker': 'IWM', 'mode': 'tri', 'thr': 95, 'window': '5Y', 'order': 3, 'rows': 27}
{'ticker': 'IWM', 'mode': 'tri', 'thr': 95, 'window': '5Y', 'order': 4, 'rows': 81}
{'ticker': 'IWM', 'mode': 'tri', 'thr': 95, 'window': '10Y', 'order': 1, 'rows': 3}
{'ticker': 'IWM', 'mode': 'tri', 'thr': 95, 'window': '10Y', 'order': 2, 'rows': 9}
{'ticker': 'IWM', 'mode': 'tri', 'thr': 95, 'window': '10Y', 'order': 3, 'rows': 27}
{'ticker': 'IWM', 'mode': 'tri', 'thr': 95, 'window': '10Y', 'order': 4, 'rows': 81}
{'ticker': 'IWM', 'mode': 'tri', 'thr': 95, 'window': '20Y', 'order': 1, 'rows': 3}
{'ticker': 'IWM', 'mode': 'tri', 'thr': 95, 'window': '20Y', 'order': 2, 'rows': 9}
{'ticker': 'IWM', 'mode': 'tri', 'thr': 95, 'window': '20Y', 'order': 3, 'rows': 27}
{'ticker': 'IWM', 'mode': 'tri', 'thr': 95, 'window': '20Y', 'order': 4, 'rows': 81}
{'ticker': 'IWM', 'mode': 'tri', 'thr': 95, 'window': 'MAX', 'order': 1, 'rows': 3}
{'ticker': 'IWM', 'mode': 'tri', 'thr': 95, 'window': 'MAX', 'order': 2, 'rows': 9}
{'ticker': 'IWM', 'mode': 'tri', 'thr': 95, 'window': 'MAX', 'order': 3, 'rows': 27}
{'ticker': 'IWM', 'mode': 'tri', 'thr': 95, 'window': 'MAX', 'order': 4, 'rows': 81}
{'ticker': 'IWM', 'mode': 'tri', 'thr': 100, 'window': '1Y', 'order': 1, 'rows': 3}
{'ticker': 'IWM', 'mode': 'tri', 'thr': 100, 'window': '1Y', 'order': 2, 'rows': 9}
{'ticker': 'IWM', 'mode': 'tri', 'thr': 100, 'window': '1Y', 'order': 3, 'rows': 25}
{'ticker': 'IWM', 'mode': 'tri', 'thr': 100, 'window': '1Y', 'order': 4, 'rows': 57}
{'ticker': 'IWM', 'mode': 'tri', 'thr': 100, 'window': '2Y', 'order': 1, 'rows': 3}
{'ticker': 'IWM', 'mode': 'tri', 'thr': 100, 'window': '2Y', 'order': 2, 'rows': 9}
{'ticker': 'IWM', 'mode': 'tri', 'thr': 100, 'window': '2Y', 'order': 3, 'rows': 27}
{'ticker': 'IWM', 'mode': 'tri', 'thr': 100, 'window': '2Y', 'order': 4, 'rows': 70}
{'ticker': 'IWM', 'mode': 'tri', 'thr': 100, 'window': '5Y', 'order': 1, 'rows': 3}
{'ticker': 'IWM', 'mode': 'tri', 'thr': 100, 'window': '5Y', 'order': 2, 'rows': 9}
{'ticker': 'IWM', 'mode': 'tri', 'thr': 100, 'window': '5Y', 'order': 3, 'rows': 27}
{'ticker': 'IWM', 'mode': 'tri', 'thr': 100, 'window': '5Y', 'order': 4, 'rows': 81}
{'ticker': 'IWM', 'mode': 'tri', 'thr': 100, 'window': '10Y', 'order': 1, 'rows': 3}
{'ticker': 'IWM', 'mode': 'tri', 'thr': 100, 'window': '10Y', 'order': 2, 'rows': 9}
{'ticker': 'IWM', 'mode': 'tri', 'thr': 100, 'window': '10Y', 'order': 3, 'rows': 27}
{'ticker': 'IWM', 'mode': 'tri', 'thr': 100, 'window': '10Y', 'order': 4, 'rows': 81}
{'ticker': 'IWM', 'mode': 'tri', 'thr': 100, 'window': '20Y', 'order': 1, 'rows': 3}
{'ticker': 'IWM', 'mode': 'tri', 'thr': 100, 'window': '20Y', 'order': 2, 'rows': 9}
{'ticker': 'IWM', 'mode': 'tri', 'thr': 100, 'window': '20Y', 'order': 3, 'rows': 27}
{'ticker': 'IWM', 'mode': 'tri', 'thr': 100, 'window': '20Y', 'order': 4, 'rows': 81}
{'ticker': 'IWM', 'mode': 'tri', 'thr': 100, 'window': 'MAX', 'order': 1, 'rows': 3}
{'ticker': 'IWM', 'mode': 'tri', 'thr': 100, 'window': 'MAX', 'order': 2, 'rows': 9}
{'ticker': 'IWM', 'mode': 'tri', 'thr': 100, 'window': 'MAX', 'order': 3, 'rows': 27}
{'ticker': 'IWM', 'mode': 'tri', 'thr': 100, 'window': 'MAX', 'order': 4, 'rows': 81}
{'ticker': 'IWM', 'mode': 'tri', 'thr': 105, 'window': '1Y', 'order': 1, 'rows': 3}
{'ticker': 'IWM', 'mode': 'tri', 'thr': 105, 'window': '1Y', 'order': 2, 'rows': 9}
{'ticker': 'IWM', 'mode': 'tri', 'thr': 105, 'window': '1Y', 'order': 3, 'rows': 25}
{'ticker': 'IWM', 'mode': 'tri', 'thr': 105, 'window': '1Y', 'order': 4, 'rows': 56}
{'ticker': 'IWM', 'mode': 'tri', 'thr': 105, 'window': '2Y', 'order': 1, 'rows': 3}
{'ticker': 'IWM', 'mode': 'tri', 'thr': 105, 'window': '2Y', 'order': 2, 'rows': 9}
{'ticker': 'IWM', 'mode': 'tri', 'thr': 105, 'window': '2Y', 'order': 3, 'rows': 27}
{'ticker': 'IWM', 'mode': 'tri', 'thr': 105, 'window': '2Y', 'order': 4, 'rows': 69}
{'ticker': 'IWM', 'mode': 'tri', 'thr': 105, 'window': '5Y', 'order': 1, 'rows': 3}
{'ticker': 'IWM', 'mode': 'tri', 'thr': 105, 'window': '5Y', 'order': 2, 'rows': 9}
{'ticker': 'IWM', 'mode': 'tri', 'thr': 105, 'window': '5Y', 'order': 3, 'rows': 27}
{'ticker': 'IWM', 'mode': 'tri', 'thr': 105, 'window': '5Y', 'order': 4, 'rows': 81}
{'ticker': 'IWM', 'mode': 'tri', 'thr': 105, 'window': '10Y', 'order': 1, 'rows': 3}
{'ticker': 'IWM', 'mode': 'tri', 'thr': 105, 'window': '10Y', 'order': 2, 'rows': 9}
{'ticker': 'IWM', 'mode': 'tri', 'thr': 105, 'window': '10Y', 'order': 3, 'rows': 27}
{'ticker': 'IWM', 'mode': 'tri', 'thr': 105, 'window': '10Y', 'order': 4, 'rows': 81}
{'ticker': 'IWM', 'mode': 'tri', 'thr': 105, 'window': '20Y', 'order': 1, 'rows': 3}
{'ticker': 'IWM', 'mode': 'tri', 'thr': 105, 'window': '20Y', 'order': 2, 'rows': 9}
{'ticker': 'IWM', 'mode': 'tri', 'thr': 105, 'window': '20Y', 'order': 3, 'rows': 27}
{'ticker': 'IWM', 'mode': 'tri', 'thr': 105, 'window': '20Y', 'order': 4, 'rows': 81}
{'ticker': 'IWM', 'mode': 'tri', 'thr': 105, 'window': 'MAX', 'order': 1, 'rows': 3}
{'ticker': 'IWM', 'mode': 'tri', 'thr': 105, 'window': 'MAX', 'order': 2, 'rows': 9}
{'ticker': 'IWM', 'mode': 'tri', 'thr': 105, 'window': 'MAX', 'order': 3, 'rows': 27}
{'ticker': 'IWM', 'mode': 'tri', 'thr': 105, 'window': 'MAX', 'order': 4, 'rows': 81}
{'ticker': 'IWM', 'mode': 'tri', 'thr': 110, 'window': '1Y', 'order': 1, 'rows': 3}
{'ticker': 'IWM', 'mode': 'tri', 'thr': 110, 'window': '1Y', 'order': 2, 'rows': 9}
{'ticker': 'IWM', 'mode': 'tri', 'thr': 110, 'window': '1Y', 'order': 3, 'rows': 25}
{'ticker': 'IWM', 'mode': 'tri', 'thr': 110, 'window': '1Y', 'order': 4, 'rows': 55}
{'ticker': 'IWM', 'mode': 'tri', 'thr': 110, 'window': '2Y', 'order': 1, 'rows': 3}
{'ticker': 'IWM', 'mode': 'tri', 'thr': 110, 'window': '2Y', 'order': 2, 'rows': 9}
{'ticker': 'IWM', 'mode': 'tri', 'thr': 110, 'window': '2Y', 'order': 3, 'rows': 26}
{'ticker': 'IWM', 'mode': 'tri', 'thr': 110, 'window': '2Y', 'order': 4, 'rows': 65}
{'ticker': 'IWM', 'mode': 'tri', 'thr': 110, 'window': '5Y', 'order': 1, 'rows': 3}
{'ticker': 'IWM', 'mode': 'tri', 'thr': 110, 'window': '5Y', 'order': 2, 'rows': 9}
{'ticker': 'IWM', 'mode': 'tri', 'thr': 110, 'window': '5Y', 'order': 3, 'rows': 27}
{'ticker': 'IWM', 'mode': 'tri', 'thr': 110, 'window': '5Y', 'order': 4, 'rows': 81}
{'ticker': 'IWM', 'mode': 'tri', 'thr': 110, 'window': '10Y', 'order': 1, 'rows': 3}
{'ticker': 'IWM', 'mode': 'tri', 'thr': 110, 'window': '10Y', 'order': 2, 'rows': 9}
{'ticker': 'IWM', 'mode': 'tri', 'thr': 110, 'window': '10Y', 'order': 3, 'rows': 27}
{'ticker': 'IWM', 'mode': 'tri', 'thr': 110, 'window': '10Y', 'order': 4, 'rows': 81}
{'ticker': 'IWM', 'mode': 'tri', 'thr': 110, 'window': '20Y', 'order': 1, 'rows': 3}
{'ticker': 'IWM', 'mode': 'tri', 'thr': 110, 'window': '20Y', 'order': 2, 'rows': 9}
{'ticker': 'IWM', 'mode': 'tri', 'thr': 110, 'window': '20Y', 'order': 3, 'rows': 27}
{'ticker': 'IWM', 'mode': 'tri', 'thr': 110, 'window': '20Y', 'order': 4, 'rows': 81}
{'ticker': 'IWM', 'mode': 'tri', 'thr': 110, 'window': 'MAX', 'order': 1, 'rows': 3}
{'ticker': 'IWM', 'mode': 'tri', 'thr': 110, 'window': 'MAX', 'order': 2, 'rows': 9}
{'ticker': 'IWM', 'mode': 'tri', 'thr': 110, 'window': 'MAX', 'order': 3, 'rows': 27}
{'ticker': 'IWM', 'mode': 'tri', 'thr': 110, 'window': 'MAX', 'order': 4, 'rows': 81}2025-11-12 11:45:35,426 INFO [cli] {'ticker': 'IWM', 'mode': 'tri', 'thr': 135, 'window': '1Y', 'order': 1, 'rows': 3}
2025-11-12 11:45:35,432 INFO [cli] {'ticker': 'IWM', 'mode': 'tri', 'thr': 135, 'window': '1Y', 'order': 2, 'rows': 9}
2025-11-12 11:45:35,437 INFO [cli] {'ticker': 'IWM', 'mode': 'tri', 'thr': 135, 'window': '1Y', 'order': 3, 'rows': 23}
2025-11-12 11:45:35,444 INFO [cli] {'ticker': 'IWM', 'mode': 'tri', 'thr': 135, 'window': '1Y', 'order': 4, 'rows': 42}
2025-11-12 11:45:35,453 INFO [cli] {'ticker': 'IWM', 'mode': 'tri', 'thr': 135, 'window': '2Y', 'order': 1, 'rows': 3}
2025-11-12 11:45:35,462 INFO [cli] {'ticker': 'IWM', 'mode': 'tri', 'thr': 135, 'window': '2Y', 'order': 2, 'rows': 9}
2025-11-12 11:45:35,473 INFO [cli] {'ticker': 'IWM', 'mode': 'tri', 'thr': 135, 'window': '2Y', 'order': 3, 'rows': 26}
2025-11-12 11:45:35,485 INFO [cli] {'ticker': 'IWM', 'mode': 'tri', 'thr': 135, 'window': '2Y', 'order': 4, 'rows': 57}
2025-11-12 11:45:35,494 INFO [cli] {'ticker': 'IWM', 'mode': 'tri', 'thr': 135, 'window': '5Y', 'order': 1, 'rows': 3}
2025-11-12 11:45:35,502 INFO [cli] {'ticker': 'IWM', 'mode': 'tri', 'thr': 135, 'window': '5Y', 'order': 2, 'rows': 9}
2025-11-12 11:45:35,511 INFO [cli] {'ticker': 'IWM', 'mode': 'tri', 'thr': 135, 'window': '5Y', 'order': 3, 'rows': 27}
2025-11-12 11:45:35,518 INFO [cli] {'ticker': 'IWM', 'mode': 'tri', 'thr': 135, 'window': '5Y', 'order': 4, 'rows': 78}
2025-11-12 11:45:35,526 INFO [cli] {'ticker': 'IWM', 'mode': 'tri', 'thr': 135, 'window': '10Y', 'order': 1, 'rows': 3}
2025-11-12 11:45:35,535 INFO [cli] {'ticker': 'IWM', 'mode': 'tri', 'thr': 135, 'window': '10Y', 'order': 2, 'rows': 9}
2025-11-12 11:45:35,541 INFO [cli] {'ticker': 'IWM', 'mode': 'tri', 'thr': 135, 'window': '10Y', 'order': 3, 'rows': 27}
2025-11-12 11:45:35,549 INFO [cli] {'ticker': 'IWM', 'mode': 'tri', 'thr': 135, 'window': '10Y', 'order': 4, 'rows': 81}
2025-11-12 11:45:35,556 INFO [cli] {'ticker': 'IWM', 'mode': 'tri', 'thr': 135, 'window': '20Y', 'order': 1, 'rows': 3}
2025-11-12 11:45:35,564 INFO [cli] {'ticker': 'IWM', 'mode': 'tri', 'thr': 135, 'window': '20Y', 'order': 2, 'rows': 9}
2025-11-12 11:45:35,572 INFO [cli] {'ticker': 'IWM', 'mode': 'tri', 'thr': 135, 'window': '20Y', 'order': 3, 'rows': 27}
2025-11-12 11:45:35,582 INFO [cli] {'ticker': 'IWM', 'mode': 'tri', 'thr': 135, 'window': '20Y', 'order': 4, 'rows': 81}
2025-11-12 11:45:35,588 INFO [cli] {'ticker': 'IWM', 'mode': 'tri', 'thr': 135, 'window': 'MAX', 'order': 1, 'rows': 3}
2025-11-12 11:45:35,597 INFO [cli] {'ticker': 'IWM', 'mode': 'tri', 'thr': 135, 'window': 'MAX', 'order': 2, 'rows': 9}
2025-11-12 11:45:35,605 INFO [cli] {'ticker': 'IWM', 'mode': 'tri', 'thr': 135, 'window': 'MAX', 'order': 3, 'rows': 27}
2025-11-12 11:45:35,613 INFO [cli] {'ticker': 'IWM', 'mode': 'tri', 'thr': 135, 'window': 'MAX', 'order': 4, 'rows': 81}
2025-11-12 11:45:35,628 INFO [cli] {'ticker': 'IWM', 'mode': 'tri', 'thr': 140, 'window': '1Y', 'order': 1, 'rows': 3}
2025-11-12 11:45:35,637 INFO [cli] {'ticker': 'IWM', 'mode': 'tri', 'thr': 140, 'window': '1Y', 'order': 2, 'rows': 9}
2025-11-12 11:45:35,644 INFO [cli] {'ticker': 'IWM', 'mode': 'tri', 'thr': 140, 'window': '1Y', 'order': 3, 'rows': 23}
2025-11-12 11:45:35,651 INFO [cli] {'ticker': 'IWM', 'mode': 'tri', 'thr': 140, 'window': '1Y', 'order': 4, 'rows': 42}
2025-11-12 11:45:35,659 INFO [cli] {'ticker': 'IWM', 'mode': 'tri', 'thr': 140, 'window': '2Y', 'order': 1, 'rows': 3}
2025-11-12 11:45:35,666 INFO [cli] {'ticker': 'IWM', 'mode': 'tri', 'thr': 140, 'window': '2Y', 'order': 2, 'rows': 9}
2025-11-12 11:45:35,674 INFO [cli] {'ticker': 'IWM', 'mode': 'tri', 'thr': 140, 'window': '2Y', 'order': 3, 'rows': 26}
2025-11-12 11:45:35,684 INFO [cli] {'ticker': 'IWM', 'mode': 'tri', 'thr': 140, 'window': '2Y', 'order': 4, 'rows': 54}
2025-11-12 11:45:35,697 INFO [cli] {'ticker': 'IWM', 'mode': 'tri', 'thr': 140, 'window': '5Y', 'order': 1, 'rows': 3}
2025-11-12 11:45:35,703 INFO [cli] {'ticker': 'IWM', 'mode': 'tri', 'thr': 140, 'window': '5Y', 'order': 2, 'rows': 9}
2025-11-12 11:45:35,712 INFO [cli] {'ticker': 'IWM', 'mode': 'tri', 'thr': 140, 'window': '5Y', 'order': 3, 'rows': 27}
2025-11-12 11:45:35,718 INFO [cli] {'ticker': 'IWM', 'mode': 'tri', 'thr': 140, 'window': '5Y', 'order': 4, 'rows': 76}
2025-11-12 11:45:35,729 INFO [cli] {'ticker': 'IWM', 'mode': 'tri', 'thr': 140, 'window': '10Y', 'order': 1, 'rows': 3}
2025-11-12 11:45:35,737 INFO [cli] {'ticker': 'IWM', 'mode': 'tri', 'thr': 140, 'window': '10Y', 'order': 2, 'rows': 9}
2025-11-12 11:45:35,746 INFO [cli] {'ticker': 'IWM', 'mode': 'tri', 'thr': 140, 'window': '10Y', 'order': 3, 'rows': 27}
2025-11-12 11:45:35,752 INFO [cli] {'ticker': 'IWM', 'mode': 'tri', 'thr': 140, 'window': '10Y', 'order': 4, 'rows': 81}
2025-11-12 11:45:35,760 INFO [cli] {'ticker': 'IWM', 'mode': 'tri', 'thr': 140, 'window': '20Y', 'order': 1, 'rows': 3}
2025-11-12 11:45:35,767 INFO [cli] {'ticker': 'IWM', 'mode': 'tri', 'thr': 140, 'window': '20Y', 'order': 2, 'rows': 9}
2025-11-12 11:45:35,774 INFO [cli] {'ticker': 'IWM', 'mode': 'tri', 'thr': 140, 'window': '20Y', 'order': 3, 'rows': 27}
2025-11-12 11:45:35,782 INFO [cli] {'ticker': 'IWM', 'mode': 'tri', 'thr': 140, 'window': '20Y', 'order': 4, 'rows': 81}
2025-11-12 11:45:35,790 INFO [cli] {'ticker': 'IWM', 'mode': 'tri', 'thr': 140, 'window': 'MAX', 'order': 1, 'rows': 3}
2025-11-12 11:45:35,796 INFO [cli] {'ticker': 'IWM', 'mode': 'tri', 'thr': 140, 'window': 'MAX', 'order': 2, 'rows': 9}
2025-11-12 11:45:35,804 INFO [cli] {'ticker': 'IWM', 'mode': 'tri', 'thr': 140, 'window': 'MAX', 'order': 3, 'rows': 27}
2025-11-12 11:45:35,811 INFO [cli] {'ticker': 'IWM', 'mode': 'tri', 'thr': 140, 'window': 'MAX', 'order': 4, 'rows': 81}
2025-11-12 11:45:35,825 INFO [cli] {'ticker': 'IWM', 'mode': 'tri', 'thr': 145, 'window': '1Y', 'order': 1, 'rows': 3}
2025-11-12 11:45:35,833 INFO [cli] {'ticker': 'IWM', 'mode': 'tri', 'thr': 145, 'window': '1Y', 'order': 2, 'rows': 9}
2025-11-12 11:45:35,842 INFO [cli] {'ticker': 'IWM', 'mode': 'tri', 'thr': 145, 'window': '1Y', 'order': 3, 'rows': 23}
2025-11-12 11:45:35,848 INFO [cli] {'ticker': 'IWM', 'mode': 'tri', 'thr': 145, 'window': '1Y', 'order': 4, 'rows': 41}
2025-11-12 11:45:35,855 INFO [cli] {'ticker': 'IWM', 'mode': 'tri', 'thr': 145, 'window': '2Y', 'order': 1, 'rows': 3}
2025-11-12 11:45:35,864 INFO [cli] {'ticker': 'IWM', 'mode': 'tri', 'thr': 145, 'window': '2Y', 'order': 2, 'rows': 9}
2025-11-12 11:45:35,874 INFO [cli] {'ticker': 'IWM', 'mode': 'tri', 'thr': 145, 'window': '2Y', 'order': 3, 'rows': 26}
2025-11-12 11:45:35,883 INFO [cli] {'ticker': 'IWM', 'mode': 'tri', 'thr': 145, 'window': '2Y', 'order': 4, 'rows': 54}
2025-11-12 11:45:35,889 INFO [cli] {'ticker': 'IWM', 'mode': 'tri', 'thr': 145, 'window': '5Y', 'order': 1, 'rows': 3}
2025-11-12 11:45:35,897 INFO [cli] {'ticker': 'IWM', 'mode': 'tri', 'thr': 145, 'window': '5Y', 'order': 2, 'rows': 9}
2025-11-12 11:45:35,906 INFO [cli] {'ticker': 'IWM', 'mode': 'tri', 'thr': 145, 'window': '5Y', 'order': 3, 'rows': 27}
2025-11-12 11:45:35,923 INFO [cli] {'ticker': 'IWM', 'mode': 'tri', 'thr': 145, 'window': '5Y', 'order': 4, 'rows': 76}
2025-11-12 11:45:35,932 INFO [cli] {'ticker': 'IWM', 'mode': 'tri', 'thr': 145, 'window': '10Y', 'order': 1, 'rows': 3}
2025-11-12 11:45:35,941 INFO [cli] {'ticker': 'IWM', 'mode': 'tri', 'thr': 145, 'window': '10Y', 'order': 2, 'rows': 9}
2025-11-12 11:45:35,948 INFO [cli] {'ticker': 'IWM', 'mode': 'tri', 'thr': 145, 'window': '10Y', 'order': 3, 'rows': 27}
2025-11-12 11:45:35,955 INFO [cli] {'ticker': 'IWM', 'mode': 'tri', 'thr': 145, 'window': '10Y', 'order': 4, 'rows': 81}
2025-11-12 11:45:35,962 INFO [cli] {'ticker': 'IWM', 'mode': 'tri', 'thr': 145, 'window': '20Y', 'order': 1, 'rows': 3}
2025-11-12 11:45:35,968 INFO [cli] {'ticker': 'IWM', 'mode': 'tri', 'thr': 145, 'window': '20Y', 'order': 2, 'rows': 9}
2025-11-12 11:45:35,975 INFO [cli] {'ticker': 'IWM', 'mode': 'tri', 'thr': 145, 'window': '20Y', 'order': 3, 'rows': 27}
2025-11-12 11:45:35,982 INFO [cli] {'ticker': 'IWM', 'mode': 'tri', 'thr': 145, 'window': '20Y', 'order': 4, 'rows': 81}
2025-11-12 11:45:35,988 INFO [cli] {'ticker': 'IWM', 'mode': 'tri', 'thr': 145, 'window': 'MAX', 'order': 1, 'rows': 3}
2025-11-12 11:45:35,995 INFO [cli] {'ticker': 'IWM', 'mode': 'tri', 'thr': 145, 'window': 'MAX', 'order': 2, 'rows': 9}
2025-11-12 11:45:36,002 INFO [cli] {'ticker': 'IWM', 'mode': 'tri', 'thr': 145, 'window': 'MAX', 'order': 3, 'rows': 27}
2025-11-12 11:45:36,019 INFO [cli] {'ticker': 'IWM', 'mode': 'tri', 'thr': 145, 'window': 'MAX', 'order': 4, 'rows': 81}
2025-11-12 11:45:36,035 INFO [cli] {'ticker': 'IWM', 'mode': 'tri', 'thr': 150, 'window': '1Y', 'order': 1, 'rows': 3}
2025-11-12 11:45:36,043 INFO [cli] {'ticker': 'IWM', 'mode': 'tri', 'thr': 150, 'window': '1Y', 'order': 2, 'rows': 9}
2025-11-12 11:45:36,050 INFO [cli] {'ticker': 'IWM', 'mode': 'tri', 'thr': 150, 'window': '1Y', 'order': 3, 'rows': 20}
2025-11-12 11:45:36,057 INFO [cli] {'ticker': 'IWM', 'mode': 'tri', 'thr': 150, 'window': '1Y', 'order': 4, 'rows': 37}
2025-11-12 11:45:36,070 INFO [cli] {'ticker': 'IWM', 'mode': 'tri', 'thr': 150, 'window': '2Y', 'order': 1, 'rows': 3}
2025-11-12 11:45:36,076 INFO [cli] {'ticker': 'IWM', 'mode': 'tri', 'thr': 150, 'window': '2Y', 'order': 2, 'rows': 9}
2025-11-12 11:45:36,082 INFO [cli] {'ticker': 'IWM', 'mode': 'tri', 'thr': 150, 'window': '2Y', 'order': 3, 'rows': 26}
2025-11-12 11:45:36,091 INFO [cli] {'ticker': 'IWM', 'mode': 'tri', 'thr': 150, 'window': '2Y', 'order': 4, 'rows': 51}
2025-11-12 11:45:36,098 INFO [cli] {'ticker': 'IWM', 'mode': 'tri', 'thr': 150, 'window': '5Y', 'order': 1, 'rows': 3}
2025-11-12 11:45:36,107 INFO [cli] {'ticker': 'IWM', 'mode': 'tri', 'thr': 150, 'window': '5Y', 'order': 2, 'rows': 9}
2025-11-12 11:45:36,113 INFO [cli] {'ticker': 'IWM', 'mode': 'tri', 'thr': 150, 'window': '5Y', 'order': 3, 'rows': 27}
2025-11-12 11:45:36,120 INFO [cli] {'ticker': 'IWM', 'mode': 'tri', 'thr': 150, 'window': '5Y', 'order': 4, 'rows': 76}
2025-11-12 11:45:36,127 INFO [cli] {'ticker': 'IWM', 'mode': 'tri', 'thr': 150, 'window': '10Y', 'order': 1, 'rows': 3}
2025-11-12 11:45:36,134 INFO [cli] {'ticker': 'IWM', 'mode': 'tri', 'thr': 150, 'window': '10Y', 'order': 2, 'rows': 9}
2025-11-12 11:45:36,141 INFO [cli] {'ticker': 'IWM', 'mode': 'tri', 'thr': 150, 'window': '10Y', 'order': 3, 'rows': 27}
2025-11-12 11:45:36,149 INFO [cli] {'ticker': 'IWM', 'mode': 'tri', 'thr': 150, 'window': '10Y', 'order': 4, 'rows': 80}
2025-11-12 11:45:36,156 INFO [cli] {'ticker': 'IWM', 'mode': 'tri', 'thr': 150, 'window': '20Y', 'order': 1, 'rows': 3}
2025-11-12 11:45:36,163 INFO [cli] {'ticker': 'IWM', 'mode': 'tri', 'thr': 150, 'window': '20Y', 'order': 2, 'rows': 9}
2025-11-12 11:45:36,169 INFO [cli] {'ticker': 'IWM', 'mode': 'tri', 'thr': 150, 'window': '20Y', 'order': 3, 'rows': 27}
2025-11-12 11:45:36,176 INFO [cli] {'ticker': 'IWM', 'mode': 'tri', 'thr': 150, 'window': '20Y', 'order': 4, 'rows': 81}
2025-11-12 11:45:36,183 INFO [cli] {'ticker': 'IWM', 'mode': 'tri', 'thr': 150, 'window': 'MAX', 'order': 1, 'rows': 3}
2025-11-12 11:45:36,190 INFO [cli] {'ticker': 'IWM', 'mode': 'tri', 'thr': 150, 'window': 'MAX', 'order': 2, 'rows': 9}
2025-11-12 11:45:36,197 INFO [cli] {'ticker': 'IWM', 'mode': 'tri', 'thr': 150, 'window': 'MAX', 'order': 3, 'rows': 27}
2025-11-12 11:45:36,204 INFO [cli] {'ticker': 'IWM', 'mode': 'tri', 'thr': 150, 'window': 'MAX', 'order': 4, 'rows': 81}
2025-11-12 11:45:36,210 INFO [cli] build-markov-grid:finish

{'ticker': 'IWM', 'mode': 'tri', 'thr': 115, 'window': '1Y', 'order': 1, 'rows': 3}
{'ticker': 'IWM', 'mode': 'tri', 'thr': 115, 'window': '1Y', 'order': 2, 'rows': 9}
{'ticker': 'IWM', 'mode': 'tri', 'thr': 115, 'window': '1Y', 'order': 3, 'rows': 25}
{'ticker': 'IWM', 'mode': 'tri', 'thr': 115, 'window': '1Y', 'order': 4, 'rows': 52}
{'ticker': 'IWM', 'mode': 'tri', 'thr': 115, 'window': '2Y', 'order': 1, 'rows': 3}
{'ticker': 'IWM', 'mode': 'tri', 'thr': 115, 'window': '2Y', 'order': 2, 'rows': 9}
{'ticker': 'IWM', 'mode': 'tri', 'thr': 115, 'window': '2Y', 'order': 3, 'rows': 26}
{'ticker': 'IWM', 'mode': 'tri', 'thr': 115, 'window': '2Y', 'order': 4, 'rows': 64}
{'ticker': 'IWM', 'mode': 'tri', 'thr': 115, 'window': '5Y', 'order': 1, 'rows': 3}
{'ticker': 'IWM', 'mode': 'tri', 'thr': 115, 'window': '5Y', 'order': 2, 'rows': 9}
{'ticker': 'IWM', 'mode': 'tri', 'thr': 115, 'window': '5Y', 'order': 3, 'rows': 27}
{'ticker': 'IWM', 'mode': 'tri', 'thr': 115, 'window': '5Y', 'order': 4, 'rows': 80}
{'ticker': 'IWM', 'mode': 'tri', 'thr': 115, 'window': '10Y', 'order': 1, 'rows': 3}
{'ticker': 'IWM', 'mode': 'tri', 'thr': 115, 'window': '10Y', 'order': 2, 'rows': 9}
{'ticker': 'IWM', 'mode': 'tri', 'thr': 115, 'window': '10Y', 'order': 3, 'rows': 27}
{'ticker': 'IWM', 'mode': 'tri', 'thr': 115, 'window': '10Y', 'order': 4, 'rows': 81}
{'ticker': 'IWM', 'mode': 'tri', 'thr': 115, 'window': '20Y', 'order': 1, 'rows': 3}
{'ticker': 'IWM', 'mode': 'tri', 'thr': 115, 'window': '20Y', 'order': 2, 'rows': 9}
{'ticker': 'IWM', 'mode': 'tri', 'thr': 115, 'window': '20Y', 'order': 3, 'rows': 27}
{'ticker': 'IWM', 'mode': 'tri', 'thr': 115, 'window': '20Y', 'order': 4, 'rows': 81}
{'ticker': 'IWM', 'mode': 'tri', 'thr': 115, 'window': 'MAX', 'order': 1, 'rows': 3}
{'ticker': 'IWM', 'mode': 'tri', 'thr': 115, 'window': 'MAX', 'order': 2, 'rows': 9}
{'ticker': 'IWM', 'mode': 'tri', 'thr': 115, 'window': 'MAX', 'order': 3, 'rows': 27}
{'ticker': 'IWM', 'mode': 'tri', 'thr': 115, 'window': 'MAX', 'order': 4, 'rows': 81}
{'ticker': 'IWM', 'mode': 'tri', 'thr': 120, 'window': '1Y', 'order': 1, 'rows': 3}
{'ticker': 'IWM', 'mode': 'tri', 'thr': 120, 'window': '1Y', 'order': 2, 'rows': 9}
{'ticker': 'IWM', 'mode': 'tri', 'thr': 120, 'window': '1Y', 'order': 3, 'rows': 25}
{'ticker': 'IWM', 'mode': 'tri', 'thr': 120, 'window': '1Y', 'order': 4, 'rows': 50}
{'ticker': 'IWM', 'mode': 'tri', 'thr': 120, 'window': '2Y', 'order': 1, 'rows': 3}
{'ticker': 'IWM', 'mode': 'tri', 'thr': 120, 'window': '2Y', 'order': 2, 'rows': 9}
{'ticker': 'IWM', 'mode': 'tri', 'thr': 120, 'window': '2Y', 'order': 3, 'rows': 26}
{'ticker': 'IWM', 'mode': 'tri', 'thr': 120, 'window': '2Y', 'order': 4, 'rows': 63}
{'ticker': 'IWM', 'mode': 'tri', 'thr': 120, 'window': '5Y', 'order': 1, 'rows': 3}
{'ticker': 'IWM', 'mode': 'tri', 'thr': 120, 'window': '5Y', 'order': 2, 'rows': 9}
{'ticker': 'IWM', 'mode': 'tri', 'thr': 120, 'window': '5Y', 'order': 3, 'rows': 27}
{'ticker': 'IWM', 'mode': 'tri', 'thr': 120, 'window': '5Y', 'order': 4, 'rows': 78}
{'ticker': 'IWM', 'mode': 'tri', 'thr': 120, 'window': '10Y', 'order': 1, 'rows': 3}
{'ticker': 'IWM', 'mode': 'tri', 'thr': 120, 'window': '10Y', 'order': 2, 'rows': 9}
{'ticker': 'IWM', 'mode': 'tri', 'thr': 120, 'window': '10Y', 'order': 3, 'rows': 27}
{'ticker': 'IWM', 'mode': 'tri', 'thr': 120, 'window': '10Y', 'order': 4, 'rows': 81}
{'ticker': 'IWM', 'mode': 'tri', 'thr': 120, 'window': '20Y', 'order': 1, 'rows': 3}
{'ticker': 'IWM', 'mode': 'tri', 'thr': 120, 'window': '20Y', 'order': 2, 'rows': 9}
{'ticker': 'IWM', 'mode': 'tri', 'thr': 120, 'window': '20Y', 'order': 3, 'rows': 27}
{'ticker': 'IWM', 'mode': 'tri', 'thr': 120, 'window': '20Y', 'order': 4, 'rows': 81}
{'ticker': 'IWM', 'mode': 'tri', 'thr': 120, 'window': 'MAX', 'order': 1, 'rows': 3}
{'ticker': 'IWM', 'mode': 'tri', 'thr': 120, 'window': 'MAX', 'order': 2, 'rows': 9}
{'ticker': 'IWM', 'mode': 'tri', 'thr': 120, 'window': 'MAX', 'order': 3, 'rows': 27}
{'ticker': 'IWM', 'mode': 'tri', 'thr': 120, 'window': 'MAX', 'order': 4, 'rows': 81}
{'ticker': 'IWM', 'mode': 'tri', 'thr': 125, 'window': '1Y', 'order': 1, 'rows': 3}
{'ticker': 'IWM', 'mode': 'tri', 'thr': 125, 'window': '1Y', 'order': 2, 'rows': 9}
{'ticker': 'IWM', 'mode': 'tri', 'thr': 125, 'window': '1Y', 'order': 3, 'rows': 25}
{'ticker': 'IWM', 'mode': 'tri', 'thr': 125, 'window': '1Y', 'order': 4, 'rows': 49}
{'ticker': 'IWM', 'mode': 'tri', 'thr': 125, 'window': '2Y', 'order': 1, 'rows': 3}
{'ticker': 'IWM', 'mode': 'tri', 'thr': 125, 'window': '2Y', 'order': 2, 'rows': 9}
{'ticker': 'IWM', 'mode': 'tri', 'thr': 125, 'window': '2Y', 'order': 3, 'rows': 26}
{'ticker': 'IWM', 'mode': 'tri', 'thr': 125, 'window': '2Y', 'order': 4, 'rows': 63}
{'ticker': 'IWM', 'mode': 'tri', 'thr': 125, 'window': '5Y', 'order': 1, 'rows': 3}
{'ticker': 'IWM', 'mode': 'tri', 'thr': 125, 'window': '5Y', 'order': 2, 'rows': 9}
{'ticker': 'IWM', 'mode': 'tri', 'thr': 125, 'window': '5Y', 'order': 3, 'rows': 27}
{'ticker': 'IWM', 'mode': 'tri', 'thr': 125, 'window': '5Y', 'order': 4, 'rows': 78}
{'ticker': 'IWM', 'mode': 'tri', 'thr': 125, 'window': '10Y', 'order': 1, 'rows': 3}
{'ticker': 'IWM', 'mode': 'tri', 'thr': 125, 'window': '10Y', 'order': 2, 'rows': 9}
{'ticker': 'IWM', 'mode': 'tri', 'thr': 125, 'window': '10Y', 'order': 3, 'rows': 27}
{'ticker': 'IWM', 'mode': 'tri', 'thr': 125, 'window': '10Y', 'order': 4, 'rows': 81}
{'ticker': 'IWM', 'mode': 'tri', 'thr': 125, 'window': '20Y', 'order': 1, 'rows': 3}
{'ticker': 'IWM', 'mode': 'tri', 'thr': 125, 'window': '20Y', 'order': 2, 'rows': 9}
{'ticker': 'IWM', 'mode': 'tri', 'thr': 125, 'window': '20Y', 'order': 3, 'rows': 27}
{'ticker': 'IWM', 'mode': 'tri', 'thr': 125, 'window': '20Y', 'order': 4, 'rows': 81}
{'ticker': 'IWM', 'mode': 'tri', 'thr': 125, 'window': 'MAX', 'order': 1, 'rows': 3}
{'ticker': 'IWM', 'mode': 'tri', 'thr': 125, 'window': 'MAX', 'order': 2, 'rows': 9}
{'ticker': 'IWM', 'mode': 'tri', 'thr': 125, 'window': 'MAX', 'order': 3, 'rows': 27}
{'ticker': 'IWM', 'mode': 'tri', 'thr': 125, 'window': 'MAX', 'order': 4, 'rows': 81}
{'ticker': 'IWM', 'mode': 'tri', 'thr': 130, 'window': '1Y', 'order': 1, 'rows': 3}
{'ticker': 'IWM', 'mode': 'tri', 'thr': 130, 'window': '1Y', 'order': 2, 'rows': 9}
{'ticker': 'IWM', 'mode': 'tri', 'thr': 130, 'window': '1Y', 'order': 3, 'rows': 24}
{'ticker': 'IWM', 'mode': 'tri', 'thr': 130, 'window': '1Y', 'order': 4, 'rows': 46}
{'ticker': 'IWM', 'mode': 'tri', 'thr': 130, 'window': '2Y', 'order': 1, 'rows': 3}
{'ticker': 'IWM', 'mode': 'tri', 'thr': 130, 'window': '2Y', 'order': 2, 'rows': 9}
{'ticker': 'IWM', 'mode': 'tri', 'thr': 130, 'window': '2Y', 'order': 3, 'rows': 26}
{'ticker': 'IWM', 'mode': 'tri', 'thr': 130, 'window': '2Y', 'order': 4, 'rows': 59}
{'ticker': 'IWM', 'mode': 'tri', 'thr': 130, 'window': '5Y', 'order': 1, 'rows': 3}
{'ticker': 'IWM', 'mode': 'tri', 'thr': 130, 'window': '5Y', 'order': 2, 'rows': 9}
{'ticker': 'IWM', 'mode': 'tri', 'thr': 130, 'window': '5Y', 'order': 3, 'rows': 27}
{'ticker': 'IWM', 'mode': 'tri', 'thr': 130, 'window': '5Y', 'order': 4, 'rows': 78}
{'ticker': 'IWM', 'mode': 'tri', 'thr': 130, 'window': '10Y', 'order': 1, 'rows': 3}
{'ticker': 'IWM', 'mode': 'tri', 'thr': 130, 'window': '10Y', 'order': 2, 'rows': 9}
{'ticker': 'IWM', 'mode': 'tri', 'thr': 130, 'window': '10Y', 'order': 3, 'rows': 27}
{'ticker': 'IWM', 'mode': 'tri', 'thr': 130, 'window': '10Y', 'order': 4, 'rows': 81}
{'ticker': 'IWM', 'mode': 'tri', 'thr': 130, 'window': '20Y', 'order': 1, 'rows': 3}
{'ticker': 'IWM', 'mode': 'tri', 'thr': 130, 'window': '20Y', 'order': 2, 'rows': 9}
{'ticker': 'IWM', 'mode': 'tri', 'thr': 130, 'window': '20Y', 'order': 3, 'rows': 27}
{'ticker': 'IWM', 'mode': 'tri', 'thr': 130, 'window': '20Y', 'order': 4, 'rows': 81}
{'ticker': 'IWM', 'mode': 'tri', 'thr': 130, 'window': 'MAX', 'order': 1, 'rows': 3}
{'ticker': 'IWM', 'mode': 'tri', 'thr': 130, 'window': 'MAX', 'order': 2, 'rows': 9}
{'ticker': 'IWM', 'mode': 'tri', 'thr': 130, 'window': 'MAX', 'order': 3, 'rows': 27}
{'ticker': 'IWM', 'mode': 'tri', 'thr': 130, 'window': 'MAX', 'order': 4, 'rows': 81}
{'ticker': 'IWM', 'mode': 'tri', 'thr': 135, 'window': '1Y', 'order': 1, 'rows': 3}
{'ticker': 'IWM', 'mode': 'tri', 'thr': 135, 'window': '1Y', 'order': 2, 'rows': 9}
{'ticker': 'IWM', 'mode': 'tri', 'thr': 135, 'window': '1Y', 'order': 3, 'rows': 23}
{'ticker': 'IWM', 'mode': 'tri', 'thr': 135, 'window': '1Y', 'order': 4, 'rows': 42}
{'ticker': 'IWM', 'mode': 'tri', 'thr': 135, 'window': '2Y', 'order': 1, 'rows': 3}
{'ticker': 'IWM', 'mode': 'tri', 'thr': 135, 'window': '2Y', 'order': 2, 'rows': 9}
{'ticker': 'IWM', 'mode': 'tri', 'thr': 135, 'window': '2Y', 'order': 3, 'rows': 26}
{'ticker': 'IWM', 'mode': 'tri', 'thr': 135, 'window': '2Y', 'order': 4, 'rows': 57}
{'ticker': 'IWM', 'mode': 'tri', 'thr': 135, 'window': '5Y', 'order': 1, 'rows': 3}
{'ticker': 'IWM', 'mode': 'tri', 'thr': 135, 'window': '5Y', 'order': 2, 'rows': 9}
{'ticker': 'IWM', 'mode': 'tri', 'thr': 135, 'window': '5Y', 'order': 3, 'rows': 27}
{'ticker': 'IWM', 'mode': 'tri', 'thr': 135, 'window': '5Y', 'order': 4, 'rows': 78}
{'ticker': 'IWM', 'mode': 'tri', 'thr': 135, 'window': '10Y', 'order': 1, 'rows': 3}
{'ticker': 'IWM', 'mode': 'tri', 'thr': 135, 'window': '10Y', 'order': 2, 'rows': 9}
{'ticker': 'IWM', 'mode': 'tri', 'thr': 135, 'window': '10Y', 'order': 3, 'rows': 27}
{'ticker': 'IWM', 'mode': 'tri', 'thr': 135, 'window': '10Y', 'order': 4, 'rows': 81}
{'ticker': 'IWM', 'mode': 'tri', 'thr': 135, 'window': '20Y', 'order': 1, 'rows': 3}
{'ticker': 'IWM', 'mode': 'tri', 'thr': 135, 'window': '20Y', 'order': 2, 'rows': 9}
{'ticker': 'IWM', 'mode': 'tri', 'thr': 135, 'window': '20Y', 'order': 3, 'rows': 27}
{'ticker': 'IWM', 'mode': 'tri', 'thr': 135, 'window': '20Y', 'order': 4, 'rows': 81}
{'ticker': 'IWM', 'mode': 'tri', 'thr': 135, 'window': 'MAX', 'order': 1, 'rows': 3}
{'ticker': 'IWM', 'mode': 'tri', 'thr': 135, 'window': 'MAX', 'order': 2, 'rows': 9}
{'ticker': 'IWM', 'mode': 'tri', 'thr': 135, 'window': 'MAX', 'order': 3, 'rows': 27}
{'ticker': 'IWM', 'mode': 'tri', 'thr': 135, 'window': 'MAX', 'order': 4, 'rows': 81}
{'ticker': 'IWM', 'mode': 'tri', 'thr': 140, 'window': '1Y', 'order': 1, 'rows': 3}
{'ticker': 'IWM', 'mode': 'tri', 'thr': 140, 'window': '1Y', 'order': 2, 'rows': 9}
{'ticker': 'IWM', 'mode': 'tri', 'thr': 140, 'window': '1Y', 'order': 3, 'rows': 23}
{'ticker': 'IWM', 'mode': 'tri', 'thr': 140, 'window': '1Y', 'order': 4, 'rows': 42}
{'ticker': 'IWM', 'mode': 'tri', 'thr': 140, 'window': '2Y', 'order': 1, 'rows': 3}
{'ticker': 'IWM', 'mode': 'tri', 'thr': 140, 'window': '2Y', 'order': 2, 'rows': 9}
{'ticker': 'IWM', 'mode': 'tri', 'thr': 140, 'window': '2Y', 'order': 3, 'rows': 26}
{'ticker': 'IWM', 'mode': 'tri', 'thr': 140, 'window': '2Y', 'order': 4, 'rows': 54}
{'ticker': 'IWM', 'mode': 'tri', 'thr': 140, 'window': '5Y', 'order': 1, 'rows': 3}
{'ticker': 'IWM', 'mode': 'tri', 'thr': 140, 'window': '5Y', 'order': 2, 'rows': 9}
{'ticker': 'IWM', 'mode': 'tri', 'thr': 140, 'window': '5Y', 'order': 3, 'rows': 27}
{'ticker': 'IWM', 'mode': 'tri', 'thr': 140, 'window': '5Y', 'order': 4, 'rows': 76}
{'ticker': 'IWM', 'mode': 'tri', 'thr': 140, 'window': '10Y', 'order': 1, 'rows': 3}
{'ticker': 'IWM', 'mode': 'tri', 'thr': 140, 'window': '10Y', 'order': 2, 'rows': 9}
{'ticker': 'IWM', 'mode': 'tri', 'thr': 140, 'window': '10Y', 'order': 3, 'rows': 27}
{'ticker': 'IWM', 'mode': 'tri', 'thr': 140, 'window': '10Y', 'order': 4, 'rows': 81}
{'ticker': 'IWM', 'mode': 'tri', 'thr': 140, 'window': '20Y', 'order': 1, 'rows': 3}
{'ticker': 'IWM', 'mode': 'tri', 'thr': 140, 'window': '20Y', 'order': 2, 'rows': 9}
{'ticker': 'IWM', 'mode': 'tri', 'thr': 140, 'window': '20Y', 'order': 3, 'rows': 27}
{'ticker': 'IWM', 'mode': 'tri', 'thr': 140, 'window': '20Y', 'order': 4, 'rows': 81}
{'ticker': 'IWM', 'mode': 'tri', 'thr': 140, 'window': 'MAX', 'order': 1, 'rows': 3}
{'ticker': 'IWM', 'mode': 'tri', 'thr': 140, 'window': 'MAX', 'order': 2, 'rows': 9}
{'ticker': 'IWM', 'mode': 'tri', 'thr': 140, 'window': 'MAX', 'order': 3, 'rows': 27}
{'ticker': 'IWM', 'mode': 'tri', 'thr': 140, 'window': 'MAX', 'order': 4, 'rows': 81}
{'ticker': 'IWM', 'mode': 'tri', 'thr': 145, 'window': '1Y', 'order': 1, 'rows': 3}
{'ticker': 'IWM', 'mode': 'tri', 'thr': 145, 'window': '1Y', 'order': 2, 'rows': 9}
{'ticker': 'IWM', 'mode': 'tri', 'thr': 145, 'window': '1Y', 'order': 3, 'rows': 23}
{'ticker': 'IWM', 'mode': 'tri', 'thr': 145, 'window': '1Y', 'order': 4, 'rows': 41}
{'ticker': 'IWM', 'mode': 'tri', 'thr': 145, 'window': '2Y', 'order': 1, 'rows': 3}
{'ticker': 'IWM', 'mode': 'tri', 'thr': 145, 'window': '2Y', 'order': 2, 'rows': 9}
{'ticker': 'IWM', 'mode': 'tri', 'thr': 145, 'window': '2Y', 'order': 3, 'rows': 26}
{'ticker': 'IWM', 'mode': 'tri', 'thr': 145, 'window': '2Y', 'order': 4, 'rows': 54}
{'ticker': 'IWM', 'mode': 'tri', 'thr': 145, 'window': '5Y', 'order': 1, 'rows': 3}
{'ticker': 'IWM', 'mode': 'tri', 'thr': 145, 'window': '5Y', 'order': 2, 'rows': 9}
{'ticker': 'IWM', 'mode': 'tri', 'thr': 145, 'window': '5Y', 'order': 3, 'rows': 27}
{'ticker': 'IWM', 'mode': 'tri', 'thr': 145, 'window': '5Y', 'order': 4, 'rows': 76}
{'ticker': 'IWM', 'mode': 'tri', 'thr': 145, 'window': '10Y', 'order': 1, 'rows': 3}
{'ticker': 'IWM', 'mode': 'tri', 'thr': 145, 'window': '10Y', 'order': 2, 'rows': 9}
{'ticker': 'IWM', 'mode': 'tri', 'thr': 145, 'window': '10Y', 'order': 3, 'rows': 27}
{'ticker': 'IWM', 'mode': 'tri', 'thr': 145, 'window': '10Y', 'order': 4, 'rows': 81}
{'ticker': 'IWM', 'mode': 'tri', 'thr': 145, 'window': '20Y', 'order': 1, 'rows': 3}
{'ticker': 'IWM', 'mode': 'tri', 'thr': 145, 'window': '20Y', 'order': 2, 'rows': 9}
{'ticker': 'IWM', 'mode': 'tri', 'thr': 145, 'window': '20Y', 'order': 3, 'rows': 27}
{'ticker': 'IWM', 'mode': 'tri', 'thr': 145, 'window': '20Y', 'order': 4, 'rows': 81}
{'ticker': 'IWM', 'mode': 'tri', 'thr': 145, 'window': 'MAX', 'order': 1, 'rows': 3}
{'ticker': 'IWM', 'mode': 'tri', 'thr': 145, 'window': 'MAX', 'order': 2, 'rows': 9}
{'ticker': 'IWM', 'mode': 'tri', 'thr': 145, 'window': 'MAX', 'order': 3, 'rows': 27}
{'ticker': 'IWM', 'mode': 'tri', 'thr': 145, 'window': 'MAX', 'order': 4, 'rows': 81}
{'ticker': 'IWM', 'mode': 'tri', 'thr': 150, 'window': '1Y', 'order': 1, 'rows': 3}
{'ticker': 'IWM', 'mode': 'tri', 'thr': 150, 'window': '1Y', 'order': 2, 'rows': 9}
{'ticker': 'IWM', 'mode': 'tri', 'thr': 150, 'window': '1Y', 'order': 3, 'rows': 20}
{'ticker': 'IWM', 'mode': 'tri', 'thr': 150, 'window': '1Y', 'order': 4, 'rows': 37}
{'ticker': 'IWM', 'mode': 'tri', 'thr': 150, 'window': '2Y', 'order': 1, 'rows': 3}
{'ticker': 'IWM', 'mode': 'tri', 'thr': 150, 'window': '2Y', 'order': 2, 'rows': 9}
{'ticker': 'IWM', 'mode': 'tri', 'thr': 150, 'window': '2Y', 'order': 3, 'rows': 26}
{'ticker': 'IWM', 'mode': 'tri', 'thr': 150, 'window': '2Y', 'order': 4, 'rows': 51}
{'ticker': 'IWM', 'mode': 'tri', 'thr': 150, 'window': '5Y', 'order': 1, 'rows': 3}
{'ticker': 'IWM', 'mode': 'tri', 'thr': 150, 'window': '5Y', 'order': 2, 'rows': 9}
{'ticker': 'IWM', 'mode': 'tri', 'thr': 150, 'window': '5Y', 'order': 3, 'rows': 27}
{'ticker': 'IWM', 'mode': 'tri', 'thr': 150, 'window': '5Y', 'order': 4, 'rows': 76}
{'ticker': 'IWM', 'mode': 'tri', 'thr': 150, 'window': '10Y', 'order': 1, 'rows': 3}
{'ticker': 'IWM', 'mode': 'tri', 'thr': 150, 'window': '10Y', 'order': 2, 'rows': 9}
{'ticker': 'IWM', 'mode': 'tri', 'thr': 150, 'window': '10Y', 'order': 3, 'rows': 27}
{'ticker': 'IWM', 'mode': 'tri', 'thr': 150, 'window': '10Y', 'order': 4, 'rows': 80}
{'ticker': 'IWM', 'mode': 'tri', 'thr': 150, 'window': '20Y', 'order': 1, 'rows': 3}
{'ticker': 'IWM', 'mode': 'tri', 'thr': 150, 'window': '20Y', 'order': 2, 'rows': 9}
{'ticker': 'IWM', 'mode': 'tri', 'thr': 150, 'window': '20Y', 'order': 3, 'rows': 27}
{'ticker': 'IWM', 'mode': 'tri', 'thr': 150, 'window': '20Y', 'order': 4, 'rows': 81}
{'ticker': 'IWM', 'mode': 'tri', 'thr': 150, 'window': 'MAX', 'order': 1, 'rows': 3}
{'ticker': 'IWM', 'mode': 'tri', 'thr': 150, 'window': 'MAX', 'order': 2, 'rows': 9}
{'ticker': 'IWM', 'mode': 'tri', 'thr': 150, 'window': 'MAX', 'order': 3, 'rows': 27}
{'ticker': 'IWM', 'mode': 'tri', 'thr': 150, 'window': 'MAX', 'order': 4, 'rows': 81}
build-markov-grid:finish
Traceback (most recent call last):
  File "/Users/pawelleks/Documents/Python/Projects/Market_Intelligence_Engine/cli/mie.py", line 861, in <module>
    main()
    ~~~~^^
  File "/Users/pawelleks/Documents/Python/Projects/Market_Intelligence_Engine/cli/mie.py", line 544, in main
    out = build_hmm_standardized_for_ticker(t, n_states=ns, train_window_years=win_years)
  File "/Users/pawelleks/Documents/Python/Projects/Market_Intelligence_Engine/src/analytics/hmm/hmm_engine.py", line 245, in build_hmm_standardized_for_ticker
    df = _load_features_for_hmm(ticker)
  File "/Users/pawelleks/Documents/Python/Projects/Market_Intelligence_Engine/src/analytics/hmm/hmm_engine.py", line 52, in _load_features_for_hmm
    raise ValueError(f"Missing required feature: {c}")
ValueError: Missing required feature: ret_1d
$ /Users/pawelleks/Documents/Python/Projects/Market_Intelligence_Engine/.venv/bin/python /Users/pawelleks/Documents/Python/Projects/Market_Intelligence_Engine/cli/mie.py update-raw
$ /Users/pawelleks/Documents/Python/Projects/Market_Intelligence_Engine/.venv/bin/python /Users/pawelleks/Documents/Python/Projects/Market_Intelligence_Engine/cli/mie.py build-features --mode update --lookback 90 --csv
$ /Users/pawelleks/Documents/Python/Projects/Market_Intelligence_Engine/.venv/bin/python /Users/pawelleks/Documents/Python/Projects/Market_Intelligence_Engine/cli/mie.py update-seasonality
$ /Users/pawelleks/Documents/Python/Projects/Market_Intelligence_Engine/.venv/bin/python /Users/pawelleks/Documents/Python/Projects/Market_Intelligence_Engine/cli/mie.py build-markov-grid --state-modes binary,tri --thresholds 0,5,10,15,20,25,30,35,40,45,50,55,60,65,70,75,80,85,90,95,100,105,110,115,120,125,130,135,140,145,150 --windows 1Y,2Y,5Y,10Y,20Y,MAX --orders 1,2,3,4
$ /Users/pawelleks/Documents/Python/Projects/Market_Intelligence_Engine/.venv/bin/python /Users/pawelleks/Documents/Python/Projects/Market_Intelligence_Engine/cli/mie.py build-hmm-grid --tickers @config --windows 5 --states 2,3
step failed with exit code 1: /Users/pawelleks/Documents/Python/Projects/Market_Intelligence_Engine/.venv/bin/python /Users/pawelleks/Documents/Python/Projects/Market_Intelligence_Engine/cli/mie.py build-hmm-grid --tickers @config --windows 5 --states 2,3
