2025-11-12 11:24:59,647 INFO [ingest] Incremental update for ^GSPC
2025-11-12 11:25:00,513 INFO [ingest] Appended 0 rows for ^GSPC (now 24583 rows).
2025-11-12 11:25:00,513 INFO [cli] update-raw result: {'ticker': '^GSPC', 'rows_added': 0, 'parquet': 'data/raw/^GSPC.parquet', 'csv': 'data/raw/^GSPC.csv', 'status': 'ok'}
2025-11-12 11:25:00,513 INFO [ingest] Incremental update for ^NDX
2025-11-12 11:25:00,632 INFO [ingest] Appended 0 rows for ^NDX (now 10108 rows).
2025-11-12 11:25:00,632 INFO [cli] update-raw result: {'ticker': '^NDX', 'rows_added': 0, 'parquet': 'data/raw/^NDX.parquet', 'csv': 'data/raw/^NDX.csv', 'status': 'ok'}
2025-11-12 11:25:00,633 INFO [ingest] Incremental update for ^DJI
2025-11-12 11:25:00,756 INFO [ingest] Appended 0 rows for ^DJI (now 8527 rows).
2025-11-12 11:25:00,756 INFO [cli] update-raw result: {'ticker': '^DJI', 'rows_added': 0, 'parquet': 'data/raw/^DJI.parquet', 'csv': 'data/raw/^DJI.csv', 'status': 'ok'}
2025-11-12 11:25:00,756 INFO [ingest] Incremental update for ^RUT
2025-11-12 11:25:00,869 INFO [ingest] Appended 0 rows for ^RUT (now 9617 rows).
2025-11-12 11:25:00,869 INFO [cli] update-raw result: {'ticker': '^RUT', 'rows_added': 0, 'parquet': 'data/raw/^RUT.parquet', 'csv': 'data/raw/^RUT.csv', 'status': 'ok'}
2025-11-12 11:25:00,870 INFO [ingest] Incremental update for SPY
2025-11-12 11:25:01,098 INFO [ingest] Appended 0 rows for SPY (now 8254 rows).
2025-11-12 11:25:01,098 INFO [cli] update-raw result: {'ticker': 'SPY', 'rows_added': 0, 'parquet': 'data/raw/SPY.parquet', 'csv': 'data/raw/SPY.csv', 'status': 'ok'}
2025-11-12 11:25:01,098 INFO [ingest] Incremental update for QQQ
2025-11-12 11:25:01,241 INFO [ingest] Appended 0 rows for QQQ (now 6712 rows).
2025-11-12 11:25:01,241 INFO [cli] update-raw result: {'ticker': 'QQQ', 'rows_added': 0, 'parquet': 'data/raw/QQQ.parquet', 'csv': 'data/raw/QQQ.csv', 'status': 'ok'}
2025-11-12 11:25:01,241 INFO [ingest] Incremental update for DIA
2025-11-12 11:25:01,405 INFO [ingest] Appended 0 rows for DIA (now 6998 rows).
2025-11-12 11:25:01,405 INFO [cli] update-raw result: {'ticker': 'DIA', 'rows_added': 0, 'parquet': 'data/raw/DIA.parquet', 'csv': 'data/raw/DIA.csv', 'status': 'ok'}
2025-11-12 11:25:01,405 INFO [ingest] Incremental update for IWM
2025-11-12 11:25:01,546 INFO [ingest] Appended 0 rows for IWM (now 6404 rows).
2025-11-12 11:25:01,546 INFO [cli] update-raw result: {'ticker': 'IWM', 'rows_added': 0, 'parquet': 'data/raw/IWM.parquet', 'csv': 'data/raw/IWM.csv', 'status': 'ok'}
2025-11-12 11:25:01,546 INFO [ingest] Incremental update for XLY
2025-11-12 11:25:01,704 INFO [ingest] Appended 0 rows for XLY (now 6764 rows).
2025-11-12 11:25:01,704 INFO [cli] update-raw result: {'ticker': 'XLY', 'rows_added': 0, 'parquet': 'data/raw/XLY.parquet', 'csv': 'data/raw/XLY.csv', 'status': 'ok'}
2025-11-12 11:25:01,704 INFO [ingest] Incremental update for XLP
2025-11-12 11:25:01,844 INFO [ingest] Appended 0 rows for XLP (now 6764 rows).
2025-11-12 11:25:01,844 INFO [cli] update-raw result: {'ticker': 'XLP', 'rows_added': 0, 'parquet': 'data/raw/XLP.parquet', 'csv': 'data/raw/XLP.csv', 'status': 'ok'}
2025-11-12 11:25:01,844 INFO [ingest] Incremental update for XLE
2025-11-12 11:25:01,987 INFO [ingest] Appended 0 rows for XLE (now 6764 rows).
2025-11-12 11:25:01,987 INFO [cli] update-raw result: {'ticker': 'XLE', 'rows_added': 0, 'parquet': 'data/raw/XLE.parquet', 'csv': 'data/raw/XLE.csv', 'status': 'ok'}
2025-11-12 11:25:01,987 INFO [ingest] Incremental update for XLF
2025-11-12 11:25:02,141 INFO [ingest] Appended 0 rows for XLF (now 6764 rows).
2025-11-12 11:25:02,141 INFO [cli] update-raw result: {'ticker': 'XLF', 'rows_added': 0, 'parquet': 'data/raw/XLF.parquet', 'csv': 'data/raw/XLF.csv', 'status': 'ok'}
2025-11-12 11:25:02,141 INFO [ingest] Incremental update for XLV
2025-11-12 11:25:02,277 INFO [ingest] Appended 0 rows for XLV (now 6764 rows).
2025-11-12 11:25:02,277 INFO [cli] update-raw result: {'ticker': 'XLV', 'rows_added': 0, 'parquet': 'data/raw/XLV.parquet', 'csv': 'data/raw/XLV.csv', 'status': 'ok'}
2025-11-12 11:25:02,277 INFO [ingest] Incremental update for XLI
2025-11-12 11:25:02,418 INFO [ingest] Appended 0 rows for XLI (now 6764 rows).
2025-11-12 11:25:02,418 INFO [cli] update-raw result: {'ticker': 'XLI', 'rows_added': 0, 'parquet': 'data/raw/XLI.parquet', 'csv': 'data/raw/XLI.csv', 'status': 'ok'}
2025-11-12 11:25:02,418 INFO [ingest] Incremental update for XLB
2025-11-12 11:25:02,551 INFO [ingest] Appended 0 rows for XLB (now 6764 rows).
2025-11-12 11:25:02,552 INFO [cli] update-raw result: {'ticker': 'XLB', 'rows_added': 0, 'parquet': 'data/raw/XLB.parquet', 'csv': 'data/raw/XLB.csv', 'status': 'ok'}
2025-11-12 11:25:02,552 INFO [ingest] Incremental update for XLK
2025-11-12 11:25:02,683 INFO [ingest] Appended 0 rows for XLK (now 6764 rows).
2025-11-12 11:25:02,684 INFO [cli] update-raw result: {'ticker': 'XLK', 'rows_added': 0, 'parquet': 'data/raw/XLK.parquet', 'csv': 'data/raw/XLK.csv', 'status': 'ok'}
2025-11-12 11:25:02,684 INFO [ingest] Incremental update for XLU
2025-11-12 11:25:02,849 INFO [ingest] Appended 0 rows for XLU (now 6764 rows).
2025-11-12 11:25:02,849 INFO [cli] update-raw result: {'ticker': 'XLU', 'rows_added': 0, 'parquet': 'data/raw/XLU.parquet', 'csv': 'data/raw/XLU.csv', 'status': 'ok'}
2025-11-12 11:25:02,849 INFO [ingest] Incremental update for XLC
2025-11-12 11:25:02,944 INFO [ingest] Appended 0 rows for XLC (now 1861 rows).
2025-11-12 11:25:02,944 INFO [cli] update-raw result: {'ticker': 'XLC', 'rows_added': 0, 'parquet': 'data/raw/XLC.parquet', 'csv': 'data/raw/XLC.csv', 'status': 'ok'}
{'ticker': '^GSPC', 'rows_added': 0, 'parquet': 'data/raw/^GSPC.parquet', 'csv': 'data/raw/^GSPC.csv', 'status': 'ok'}
{'ticker': '^NDX', 'rows_added': 0, 'parquet': 'data/raw/^NDX.parquet', 'csv': 'data/raw/^NDX.csv', 'status': 'ok'}
{'ticker': '^DJI', 'rows_added': 0, 'parquet': 'data/raw/^DJI.parquet', 'csv': 'data/raw/^DJI.csv', 'status': 'ok'}
{'ticker': '^RUT', 'rows_added': 0, 'parquet': 'data/raw/^RUT.parquet', 'csv': 'data/raw/^RUT.csv', 'status': 'ok'}
{'ticker': 'SPY', 'rows_added': 0, 'parquet': 'data/raw/SPY.parquet', 'csv': 'data/raw/SPY.csv', 'status': 'ok'}
{'ticker': 'QQQ', 'rows_added': 0, 'parquet': 'data/raw/QQQ.parquet', 'csv': 'data/raw/QQQ.csv', 'status': 'ok'}
{'ticker': 'DIA', 'rows_added': 0, 'parquet': 'data/raw/DIA.parquet', 'csv': 'data/raw/DIA.csv', 'status': 'ok'}
{'ticker': 'IWM', 'rows_added': 0, 'parquet': 'data/raw/IWM.parquet', 'csv': 'data/raw/IWM.csv', 'status': 'ok'}
{'ticker': 'XLY', 'rows_added': 0, 'parquet': 'data/raw/XLY.parquet', 'csv': 'data/raw/XLY.csv', 'status': 'ok'}
{'ticker': 'XLP', 'rows_added': 0, 'parquet': 'data/raw/XLP.parquet', 'csv': 'data/raw/XLP.csv', 'status': 'ok'}
{'ticker': 'XLE', 'rows_added': 0, 'parquet': 'data/raw/XLE.parquet', 'csv': 'data/raw/XLE.csv', 'status': 'ok'}
{'ticker': 'XLF', 'rows_added': 0, 'parquet': 'data/raw/XLF.parquet', 'csv': 'data/raw/XLF.csv', 'status': 'ok'}
{'ticker': 'XLV', 'rows_added': 0, 'parquet': 'data/raw/XLV.parquet', 'csv': 'data/raw/XLV.csv', 'status': 'ok'}
{'ticker': 'XLI', 'rows_added': 0, 'parquet': 'data/raw/XLI.parquet', 'csv': 'data/raw/XLI.csv', 'status': 'ok'}
{'ticker': 'XLB', 'rows_added': 0, 'parquet': 'data/raw/XLB.parquet', 'csv': 'data/raw/XLB.csv', 'status': 'ok'}
{'ticker': 'XLK', 'rows_added': 0, 'parquet': 'data/raw/XLK.parquet', 'csv': 'data/raw/XLK.csv', 'status': 'ok'}
{'ticker': 'XLU', 'rows_added': 0, 'parquet': 'data/raw/XLU.parquet', 'csv': 'data/raw/XLU.csv', 'status': 'ok'}
{'ticker': 'XLC', 'rows_added': 0, 'parquet': 'data/raw/XLC.parquet', 'csv': 'data/raw/XLC.csv', 'status': 'ok'}
2025-11-12 11:25:03,460 INFO [features] Building features for ^GSPC mode=update lookback=90
2025-11-12 11:25:03,543 INFO [features] Recompute overlap: lookback=90, max_window=200, extra_overlap=2, extended_start_date=2025-01-24, recompute_start_date=2025-08-14
2025-11-12 11:25:03,543 INFO [features] Recompute prefix_rows=24520, recomputed_rows=203, recomputed_tail_rows=63, duplicates_dropped=0
2025-11-12 11:25:03,545 INFO [features] Recomputed ret_1d continuity: nan_before=1, nan_after=1
2025-11-12 11:25:03,550 INFO [features] Performed per-column fallback casting for 17 columns: ['ret_1d', 'log_ret_1d', 'rv_20d', 'rv_60d', 'sma_20', 'sma_50', 'sma_200', 'ema_20', 'ema_50', 'ema_200', 'ma_ratio_20_50', 'ma_ratio_50_200', 'ma_ratio_20_200', 'dist_from_50dma', 'dist_from_200dma', 'dow', 'month']
2025-11-12 11:25:03,550 INFO [features] Casted 17 numeric feature columns to float32
2025-11-12 11:25:03,551 INFO [features] Numeric dtypes after cast: {'ret_1d': 'float32', 'log_ret_1d': 'float32', 'rv_20d': 'float32', 'rv_60d': 'float32', 'sma_20': 'float32', 'sma_50': 'float32', 'sma_200': 'float32', 'ema_20': 'float32', 'ema_50': 'float32', 'ema_200': 'float32', 'ma_ratio_20_50': 'float32', 'ma_ratio_50_200': 'float32', 'ma_ratio_20_200': 'float32', 'dist_from_50dma': 'float32', 'dist_from_200dma': 'float32', 'dow': 'float32', 'month': 'float32'}
2025-11-12 11:25:03,708 INFO [features] Wrote features for ^GSPC rows=24583 to data/features/^GSPC.parquet; columns=['date', 'ticker', 'ret_1d', 'log_ret_1d', 'rv_20d', 'rv_60d', 'sma_20', 'sma_50', 'sma_200', 'ema_20', 'ema_50', 'ema_200', 'ma_ratio_20_50', 'ma_ratio_50_200', 'ma_ratio_20_200', 'dist_from_50dma', 'dist_from_200dma', 'dow', 'month', 'as_of', 'data_version']
2025-11-12 11:25:03,709 INFO [features] Building features for ^NDX mode=update lookback=90
2025-11-12 11:25:03,725 INFO [features] Recompute overlap: lookback=90, max_window=200, extra_overlap=2, extended_start_date=2025-01-24, recompute_start_date=2025-08-14
2025-11-12 11:25:03,726 INFO [features] Recompute prefix_rows=10045, recomputed_rows=203, recomputed_tail_rows=63, duplicates_dropped=0
2025-11-12 11:25:03,727 INFO [features] Recomputed ret_1d continuity: nan_before=1, nan_after=1
2025-11-12 11:25:03,730 INFO [features] Performed per-column fallback casting for 17 columns: ['ret_1d', 'log_ret_1d', 'rv_20d', 'rv_60d', 'sma_20', 'sma_50', 'sma_200', 'ema_20', 'ema_50', 'ema_200', 'ma_ratio_20_50', 'ma_ratio_50_200', 'ma_ratio_20_200', 'dist_from_50dma', 'dist_from_200dma', 'dow', 'month']
2025-11-12 11:25:03,730 INFO [features] Casted 17 numeric feature columns to float32
2025-11-12 11:25:03,730 INFO [features] Numeric dtypes after cast: {'ret_1d': 'float32', 'log_ret_1d': 'float32', 'rv_20d': 'float32', 'rv_60d': 'float32', 'sma_20': 'float32', 'sma_50': 'float32', 'sma_200': 'float32', 'ema_20': 'float32', 'ema_50': 'float32', 'ema_200': 'float32', 'ma_ratio_20_50': 'float32', 'ma_ratio_50_200': 'float32', 'ma_ratio_20_200': 'float32', 'dist_from_50dma': 'float32', 'dist_from_200dma': 'float32', 'dow': 'float32', 'month': 'float32'}
2025-11-12 11:25:03,801 INFO [features] Wrote features for ^NDX rows=10108 to data/features/^NDX.parquet; columns=['date', 'ticker', 'ret_1d', 'log_ret_1d', 'rv_20d', 'rv_60d', 'sma_20', 'sma_50', 'sma_200', 'ema_20', 'ema_50', 'ema_200', 'ma_ratio_20_50', 'ma_ratio_50_200', 'ma_ratio_20_200', 'dist_from_50dma', 'dist_from_200dma', 'dow', 'month', 'as_of', 'data_version']
2025-11-12 11:25:03,802 INFO [features] Building features for ^DJI mode=update lookback=90
2025-11-12 11:25:03,816 INFO [features] Recompute overlap: lookback=90, max_window=200, extra_overlap=2, extended_start_date=2025-01-24, recompute_start_date=2025-08-14
2025-11-12 11:25:03,816 INFO [features] Recompute prefix_rows=8464, recomputed_rows=203, recomputed_tail_rows=63, duplicates_dropped=0
2025-11-12 11:25:03,817 INFO [features] Recomputed ret_1d continuity: nan_before=1, nan_after=1
2025-11-12 11:25:03,820 INFO [features] Performed per-column fallback casting for 17 columns: ['ret_1d', 'log_ret_1d', 'rv_20d', 'rv_60d', 'sma_20', 'sma_50', 'sma_200', 'ema_20', 'ema_50', 'ema_200', 'ma_ratio_20_50', 'ma_ratio_50_200', 'ma_ratio_20_200', 'dist_from_50dma', 'dist_from_200dma', 'dow', 'month']
2025-11-12 11:25:03,820 INFO [features] Casted 17 numeric feature columns to float32
2025-11-12 11:25:03,821 INFO [features] Numeric dtypes after cast: {'ret_1d': 'float32', 'log_ret_1d': 'float32', 'rv_20d': 'float32', 'rv_60d': 'float32', 'sma_20': 'float32', 'sma_50': 'float32', 'sma_200': 'float32', 'ema_20': 'float32', 'ema_50': 'float32', 'ema_200': 'float32', 'ma_ratio_20_50': 'float32', 'ma_ratio_50_200': 'float32', 'ma_ratio_20_200': 'float32', 'dist_from_50dma': 'float32', 'dist_from_200dma': 'float32', 'dow': 'float32', 'month': 'float32'}
2025-11-12 11:25:03,883 INFO [features] Wrote features for ^DJI rows=8527 to data/features/^DJI.parquet; columns=['date', 'ticker', 'ret_1d', 'log_ret_1d', 'rv_20d', 'rv_60d', 'sma_20', 'sma_50', 'sma_200', 'ema_20', 'ema_50', 'ema_200', 'ma_ratio_20_50', 'ma_ratio_50_200', 'ma_ratio_20_200', 'dist_from_50dma', 'dist_from_200dma', 'dow', 'month', 'as_of', 'data_version']
2025-11-12 11:25:03,884 INFO [features] Building features for ^RUT mode=update lookback=90
2025-11-12 11:25:03,899 INFO [features] Recompute overlap: lookback=90, max_window=200, extra_overlap=2, extended_start_date=2025-01-24, recompute_start_date=2025-08-14
2025-11-12 11:25:03,900 INFO [features] Recompute prefix_rows=9554, recomputed_rows=203, recomputed_tail_rows=63, duplicates_dropped=0
2025-11-12 11:25:03,901 INFO [features] Recomputed ret_1d continuity: nan_before=1, nan_after=1
2025-11-12 11:25:03,904 INFO [features] Performed per-column fallback casting for 17 columns: ['ret_1d', 'log_ret_1d', 'rv_20d', 'rv_60d', 'sma_20', 'sma_50', 'sma_200', 'ema_20', 'ema_50', 'ema_200', 'ma_ratio_20_50', 'ma_ratio_50_200', 'ma_ratio_20_200', 'dist_from_50dma', 'dist_from_200dma', 'dow', 'month']
2025-11-12 11:25:03,904 INFO [features] Casted 17 numeric feature columns to float32
2025-11-12 11:25:03,904 INFO [features] Numeric dtypes after cast: {'ret_1d': 'float32', 'log_ret_1d': 'float32', 'rv_20d': 'float32', 'rv_60d': 'float32', 'sma_20': 'float32', 'sma_50': 'float32', 'sma_200': 'float32', 'ema_20': 'float32', 'ema_50': 'float32', 'ema_200': 'float32', 'ma_ratio_20_50': 'float32', 'ma_ratio_50_200': 'float32', 'ma_ratio_20_200': 'float32', 'dist_from_50dma': 'float32', 'dist_from_200dma': 'float32', 'dow': 'float32', 'month': 'float32'}
2025-11-12 11:25:03,975 INFO [features] Wrote features for ^RUT rows=9617 to data/features/^RUT.parquet; columns=['date', 'ticker', 'ret_1d', 'log_ret_1d', 'rv_20d', 'rv_60d', 'sma_20', 'sma_50', 'sma_200', 'ema_20', 'ema_50', 'ema_200', 'ma_ratio_20_50', 'ma_ratio_50_200', 'ma_ratio_20_200', 'dist_from_50dma', 'dist_from_200dma', 'dow', 'month', 'as_of', 'data_version']
2025-11-12 11:25:03,976 INFO [features] Building features for SPY mode=update lookback=90
2025-11-12 11:25:03,980 INFO [features] Migration: existing features for SPY missing ['ret_1d', 'rv_20d'] — will (re)compute from adj_close
2025-11-12 11:25:03,985 INFO [features] Recompute overlap: lookback=90, max_window=200, extra_overlap=2, extended_start_date=2025-01-24, recompute_start_date=2025-08-14
2025-11-12 11:25:03,985 INFO [features] Recompute prefix_rows=0, recomputed_rows=203, recomputed_tail_rows=63, duplicates_dropped=0
2025-11-12 11:25:03,986 ERROR [features] Failed to recompute ret_1d for continuity; proceeding with combined as-is
Traceback (most recent call last):
  File "/Users/pawelleks/Documents/Python/Projects/Market_Intelligence_Engine/.venv/lib/python3.13/site-packages/pandas/core/indexes/base.py", line 3812, in get_loc
    return self._engine.get_loc(casted_key)
           ~~~~~~~~~~~~~~~~~~~~^^^^^^^^^^^^
  File "pandas/_libs/index.pyx", line 167, in pandas._libs.index.IndexEngine.get_loc
  File "pandas/_libs/index.pyx", line 196, in pandas._libs.index.IndexEngine.get_loc
  File "pandas/_libs/hashtable_class_helper.pxi", line 7088, in pandas._libs.hashtable.PyObjectHashTable.get_item
  File "pandas/_libs/hashtable_class_helper.pxi", line 7096, in pandas._libs.hashtable.PyObjectHashTable.get_item
KeyError: 'adj_close'

The above exception was the direct cause of the following exception:

Traceback (most recent call last):
  File "/Users/pawelleks/Documents/Python/Projects/Market_Intelligence_Engine/src/features/build_features.py", line 404, in build_features_for_ticker
    merged["adj_close"] = pd.to_numeric(merged["adj_close"], errors="coerce")
                                        ~~~~~~^^^^^^^^^^^^^
  File "/Users/pawelleks/Documents/Python/Projects/Market_Intelligence_Engine/.venv/lib/python3.13/site-packages/pandas/core/frame.py", line 4113, in __getitem__
    indexer = self.columns.get_loc(key)
  File "/Users/pawelleks/Documents/Python/Projects/Market_Intelligence_Engine/.venv/lib/python3.13/site-packages/pandas/core/indexes/base.py", line 3819, in get_loc
    raise KeyError(key) from err
KeyError: 'adj_close'
2025-11-12 11:25:03,990 INFO [features] Performed per-column fallback casting for 17 columns: ['ret_1d', 'log_ret_1d', 'rv_20d', 'rv_60d', 'sma_20', 'sma_50', 'sma_200', 'ema_20', 'ema_50', 'ema_200', 'ma_ratio_20_50', 'ma_ratio_50_200', 'ma_ratio_20_200', 'dist_from_50dma', 'dist_from_200dma', 'dow', 'month']
2025-11-12 11:25:03,990 INFO [features] Casted 17 numeric feature columns to float32
2025-11-12 11:25:03,991 INFO [features] Numeric dtypes after cast: {'ret_1d': 'float32', 'log_ret_1d': 'float32', 'rv_20d': 'float32', 'rv_60d': 'float32', 'sma_20': 'float32', 'sma_50': 'float32', 'sma_200': 'float32', 'ema_20': 'float32', 'ema_50': 'float32', 'ema_200': 'float32', 'ma_ratio_20_50': 'float32', 'ma_ratio_50_200': 'float32', 'ma_ratio_20_200': 'float32', 'dist_from_50dma': 'float32', 'dist_from_200dma': 'float32', 'dow': 'float32', 'month': 'float32'}
2025-11-12 11:25:03,991 ERROR [features] Aborting write for SPY: too few rows (63) — protects against accidental truncation
2025-11-12 11:25:03,992 INFO [features] Building features for QQQ mode=update lookback=90
2025-11-12 11:25:04,005 INFO [features] Recompute overlap: lookback=90, max_window=200, extra_overlap=2, extended_start_date=2025-01-24, recompute_start_date=2025-08-14
2025-11-12 11:25:04,005 INFO [features] Recompute prefix_rows=6649, recomputed_rows=203, recomputed_tail_rows=63, duplicates_dropped=0
2025-11-12 11:25:04,006 INFO [features] Recomputed ret_1d continuity: nan_before=1, nan_after=1
2025-11-12 11:25:04,009 INFO [features] Performed per-column fallback casting for 17 columns: ['ret_1d', 'log_ret_1d', 'rv_20d', 'rv_60d', 'sma_20', 'sma_50', 'sma_200', 'ema_20', 'ema_50', 'ema_200', 'ma_ratio_20_50', 'ma_ratio_50_200', 'ma_ratio_20_200', 'dist_from_50dma', 'dist_from_200dma', 'dow', 'month']
2025-11-12 11:25:04,009 INFO [features] Casted 17 numeric feature columns to float32
2025-11-12 11:25:04,009 INFO [features] Numeric dtypes after cast: {'ret_1d': 'float32', 'log_ret_1d': 'float32', 'rv_20d': 'float32', 'rv_60d': 'float32', 'sma_20': 'float32', 'sma_50': 'float32', 'sma_200': 'float32', 'ema_20': 'float32', 'ema_50': 'float32', 'ema_200': 'float32', 'ma_ratio_20_50': 'float32', 'ma_ratio_50_200': 'float32', 'ma_ratio_20_200': 'float32', 'dist_from_50dma': 'float32', 'dist_from_200dma': 'float32', 'dow': 'float32', 'month': 'float32'}
2025-11-12 11:25:04,061 INFO [features] Wrote features for QQQ rows=6712 to data/features/QQQ.parquet; columns=['date', 'ticker', 'ret_1d', 'log_ret_1d', 'rv_20d', 'rv_60d', 'sma_20', 'sma_50', 'sma_200', 'ema_20', 'ema_50', 'ema_200', 'ma_ratio_20_50', 'ma_ratio_50_200', 'ma_ratio_20_200', 'dist_from_50dma', 'dist_from_200dma', 'dow', 'month', 'as_of', 'data_version']
2025-11-12 11:25:04,062 INFO [features] Building features for DIA mode=update lookback=90
2025-11-12 11:25:04,075 INFO [features] Recompute overlap: lookback=90, max_window=200, extra_overlap=2, extended_start_date=2025-01-24, recompute_start_date=2025-08-14
2025-11-12 11:25:04,076 INFO [features] Recompute prefix_rows=6935, recomputed_rows=203, recomputed_tail_rows=63, duplicates_dropped=0
2025-11-12 11:25:04,077 INFO [features] Recomputed ret_1d continuity: nan_before=1, nan_after=1
2025-11-12 11:25:04,079 INFO [features] Performed per-column fallback casting for 17 columns: ['ret_1d', 'log_ret_1d', 'rv_20d', 'rv_60d', 'sma_20', 'sma_50', 'sma_200', 'ema_20', 'ema_50', 'ema_200', 'ma_ratio_20_50', 'ma_ratio_50_200', 'ma_ratio_20_200', 'dist_from_50dma', 'dist_from_200dma', 'dow', 'month']
2025-11-12 11:25:04,079 INFO [features] Casted 17 numeric feature columns to float32
2025-11-12 11:25:04,080 INFO [features] Numeric dtypes after cast: {'ret_1d': 'float32', 'log_ret_1d': 'float32', 'rv_20d': 'float32', 'rv_60d': 'float32', 'sma_20': 'float32', 'sma_50': 'float32', 'sma_200': 'float32', 'ema_20': 'float32', 'ema_50': 'float32', 'ema_200': 'float32', 'ma_ratio_20_50': 'float32', 'ma_ratio_50_200': 'float32', 'ma_ratio_20_200': 'float32', 'dist_from_50dma': 'float32', 'dist_from_200dma': 'float32', 'dow': 'float32', 'month': 'float32'}
2025-11-12 11:25:04,134 INFO [features] Wrote features for DIA rows=6998 to data/features/DIA.parquet; columns=['date', 'ticker', 'ret_1d', 'log_ret_1d', 'rv_20d', 'rv_60d', 'sma_20', 'sma_50', 'sma_200', 'ema_20', 'ema_50', 'ema_200', 'ma_ratio_20_50', 'ma_ratio_50_200', 'ma_ratio_20_200', 'dist_from_50dma', 'dist_from_200dma', 'dow', 'month', 'as_of', 'data_version']
2025-11-12 11:25:04,134 INFO [features] Building features for IWM mode=update lookback=90
2025-11-12 11:25:04,147 INFO [features] Recompute overlap: lookback=90, max_window=200, extra_overlap=2, extended_start_date=2025-01-24, recompute_start_date=2025-08-14
2025-11-12 11:25:04,147 INFO [features] Recompute prefix_rows=6341, recomputed_rows=203, recomputed_tail_rows=63, duplicates_dropped=0
2025-11-12 11:25:04,148 INFO [features] Recomputed ret_1d continuity: nan_before=1, nan_after=1
2025-11-12 11:25:04,151 INFO [features] Performed per-column fallback casting for 17 columns: ['ret_1d', 'log_ret_1d', 'rv_20d', 'rv_60d', 'sma_20', 'sma_50', 'sma_200', 'ema_20', 'ema_50', 'ema_200', 'ma_ratio_20_50', 'ma_ratio_50_200', 'ma_ratio_20_200', 'dist_from_50dma', 'dist_from_200dma', 'dow', 'month']
2025-11-12 11:25:04,151 INFO [features] Casted 17 numeric feature columns to float32
2025-11-12 11:25:04,151 INFO [features] Numeric dtypes after cast: {'ret_1d': 'float32', 'log_ret_1d': 'float32', 'rv_20d': 'float32', 'rv_60d': 'float32', 'sma_20': 'float32', 'sma_50': 'float32', 'sma_200': 'float32', 'ema_20': 'float32', 'ema_50': 'float32', 'ema_200': 'float32', 'ma_ratio_20_50': 'float32', 'ma_ratio_50_200': 'float32', 'ma_ratio_20_200': 'float32', 'dist_from_50dma': 'float32', 'dist_from_200dma': 'float32', 'dow': 'float32', 'month': 'float32'}
2025-11-12 11:25:04,201 INFO [features] Wrote features for IWM rows=6404 to data/features/IWM.parquet; columns=['date', 'ticker', 'ret_1d', 'log_ret_1d', 'rv_20d', 'rv_60d', 'sma_20', 'sma_50', 'sma_200', 'ema_20', 'ema_50', 'ema_200', 'ma_ratio_20_50', 'ma_ratio_50_200', 'ma_ratio_20_200', 'dist_from_50dma', 'dist_from_200dma', 'dow', 'month', 'as_of', 'data_version']
2025-11-12 11:25:04,201 INFO [features] Building features for XLY mode=update lookback=90
2025-11-12 11:25:04,214 INFO [features] Recompute overlap: lookback=90, max_window=200, extra_overlap=2, extended_start_date=2025-01-24, recompute_start_date=2025-08-14
2025-11-12 11:25:04,214 INFO [features] Recompute prefix_rows=6701, recomputed_rows=203, recomputed_tail_rows=63, duplicates_dropped=0
2025-11-12 11:25:04,215 INFO [features] Recomputed ret_1d continuity: nan_before=1, nan_after=1
2025-11-12 11:25:04,218 INFO [features] Performed per-column fallback casting for 17 columns: ['ret_1d', 'log_ret_1d', 'rv_20d', 'rv_60d', 'sma_20', 'sma_50', 'sma_200', 'ema_20', 'ema_50', 'ema_200', 'ma_ratio_20_50', 'ma_ratio_50_200', 'ma_ratio_20_200', 'dist_from_50dma', 'dist_from_200dma', 'dow', 'month']
2025-11-12 11:25:04,218 INFO [features] Casted 17 numeric feature columns to float32
2025-11-12 11:25:04,218 INFO [features] Numeric dtypes after cast: {'ret_1d': 'float32', 'log_ret_1d': 'float32', 'rv_20d': 'float32', 'rv_60d': 'float32', 'sma_20': 'float32', 'sma_50': 'float32', 'sma_200': 'float32', 'ema_20': 'float32', 'ema_50': 'float32', 'ema_200': 'float32', 'ma_ratio_20_50': 'float32', 'ma_ratio_50_200': 'float32', 'ma_ratio_20_200': 'float32', 'dist_from_50dma': 'float32', 'dist_from_200dma': 'float32', 'dow': 'float32', 'month': 'float32'}
2025-11-12 11:25:04,268 INFO [features] Wrote features for XLY rows=6764 to data/features/XLY.parquet; columns=['date', 'ticker', 'ret_1d', 'log_ret_1d', 'rv_20d', 'rv_60d', 'sma_20', 'sma_50', 'sma_200', 'ema_20', 'ema_50', 'ema_200', 'ma_ratio_20_50', 'ma_ratio_50_200', 'ma_ratio_20_200', 'dist_from_50dma', 'dist_from_200dma', 'dow', 'month', 'as_of', 'data_version']
2025-11-12 11:25:04,269 INFO [features] Building features for XLP mode=update lookback=90
2025-11-12 11:25:04,281 INFO [features] Recompute overlap: lookback=90, max_window=200, extra_overlap=2, extended_start_date=2025-01-24, recompute_start_date=2025-08-14
2025-11-12 11:25:04,281 INFO [features] Recompute prefix_rows=6701, recomputed_rows=203, recomputed_tail_rows=63, duplicates_dropped=0
2025-11-12 11:25:04,282 INFO [features] Recomputed ret_1d continuity: nan_before=1, nan_after=1
2025-11-12 11:25:04,285 INFO [features] Performed per-column fallback casting for 17 columns: ['ret_1d', 'log_ret_1d', 'rv_20d', 'rv_60d', 'sma_20', 'sma_50', 'sma_200', 'ema_20', 'ema_50', 'ema_200', 'ma_ratio_20_50', 'ma_ratio_50_200', 'ma_ratio_20_200', 'dist_from_50dma', 'dist_from_200dma', 'dow', 'month']
2025-11-12 11:25:04,285 INFO [features] Casted 17 numeric feature columns to float32
2025-11-12 11:25:04,285 INFO [features] Numeric dtypes after cast: {'ret_1d': 'float32', 'log_ret_1d': 'float32', 'rv_20d': 'float32', 'rv_60d': 'float32', 'sma_20': 'float32', 'sma_50': 'float32', 'sma_200': 'float32', 'ema_20': 'float32', 'ema_50': 'float32', 'ema_200': 'float32', 'ma_ratio_20_50': 'float32', 'ma_ratio_50_200': 'float32', 'ma_ratio_20_200': 'float32', 'dist_from_50dma': 'float32', 'dist_from_200dma': 'float32', 'dow': 'float32', 'month': 'float32'}
2025-11-12 11:25:04,338 INFO [features] Wrote features for XLP rows=6764 to data/features/XLP.parquet; columns=['date', 'ticker', 'ret_1d', 'log_ret_1d', 'rv_20d', 'rv_60d', 'sma_20', 'sma_50', 'sma_200', 'ema_20', 'ema_50', 'ema_200', 'ma_ratio_20_50', 'ma_ratio_50_200', 'ma_ratio_20_200', 'dist_from_50dma', 'dist_from_200dma', 'dow', 'month', 'as_of', 'data_version']
2025-11-12 11:25:04,338 INFO [features] Building features for XLE mode=update lookback=90
2025-11-12 11:25:04,352 INFO [features] Recompute overlap: lookback=90, max_window=200, extra_overlap=2, extended_start_date=2025-01-24, recompute_start_date=2025-08-14
2025-11-12 11:25:04,352 INFO [features] Recompute prefix_rows=6701, recomputed_rows=203, recomputed_tail_rows=63, duplicates_dropped=0
2025-11-12 11:25:04,353 INFO [features] Recomputed ret_1d continuity: nan_before=1, nan_after=1
2025-11-12 11:25:04,356 INFO [features] Performed per-column fallback casting for 17 columns: ['ret_1d', 'log_ret_1d', 'rv_20d', 'rv_60d', 'sma_20', 'sma_50', 'sma_200', 'ema_20', 'ema_50', 'ema_200', 'ma_ratio_20_50', 'ma_ratio_50_200', 'ma_ratio_20_200', 'dist_from_50dma', 'dist_from_200dma', 'dow', 'month']
2025-11-12 11:25:04,356 INFO [features] Casted 17 numeric feature columns to float32
2025-11-12 11:25:04,356 INFO [features] Numeric dtypes after cast: {'ret_1d': 'float32', 'log_ret_1d': 'float32', 'rv_20d': 'float32', 'rv_60d': 'float32', 'sma_20': 'float32', 'sma_50': 'float32', 'sma_200': 'float32', 'ema_20': 'float32', 'ema_50': 'float32', 'ema_200': 'float32', 'ma_ratio_20_50': 'float32', 'ma_ratio_50_200': 'float32', 'ma_ratio_20_200': 'float32', 'dist_from_50dma': 'float32', 'dist_from_200dma': 'float32', 'dow': 'float32', 'month': 'float32'}
2025-11-12 11:25:04,410 INFO [features] Wrote features for XLE rows=6764 to data/features/XLE.parquet; columns=['date', 'ticker', 'ret_1d', 'log_ret_1d', 'rv_20d', 'rv_60d', 'sma_20', 'sma_50', 'sma_200', 'ema_20', 'ema_50', 'ema_200', 'ma_ratio_20_50', 'ma_ratio_50_200', 'ma_ratio_20_200', 'dist_from_50dma', 'dist_from_200dma', 'dow', 'month', 'as_of', 'data_version']
2025-11-12 11:25:04,410 INFO [features] Building features for XLF mode=update lookback=90
2025-11-12 11:25:04,423 INFO [features] Recompute overlap: lookback=90, max_window=200, extra_overlap=2, extended_start_date=2025-01-24, recompute_start_date=2025-08-14
2025-11-12 11:25:04,423 INFO [features] Recompute prefix_rows=6701, recomputed_rows=203, recomputed_tail_rows=63, duplicates_dropped=0
2025-11-12 11:25:04,424 INFO [features] Recomputed ret_1d continuity: nan_before=1, nan_after=1
2025-11-12 11:25:04,427 INFO [features] Performed per-column fallback casting for 17 columns: ['ret_1d', 'log_ret_1d', 'rv_20d', 'rv_60d', 'sma_20', 'sma_50', 'sma_200', 'ema_20', 'ema_50', 'ema_200', 'ma_ratio_20_50', 'ma_ratio_50_200', 'ma_ratio_20_200', 'dist_from_50dma', 'dist_from_200dma', 'dow', 'month']
2025-11-12 11:25:04,427 INFO [features] Casted 17 numeric feature columns to float32
2025-11-12 11:25:04,427 INFO [features] Numeric dtypes after cast: {'ret_1d': 'float32', 'log_ret_1d': 'float32', 'rv_20d': 'float32', 'rv_60d': 'float32', 'sma_20': 'float32', 'sma_50': 'float32', 'sma_200': 'float32', 'ema_20': 'float32', 'ema_50': 'float32', 'ema_200': 'float32', 'ma_ratio_20_50': 'float32', 'ma_ratio_50_200': 'float32', 'ma_ratio_20_200': 'float32', 'dist_from_50dma': 'float32', 'dist_from_200dma': 'float32', 'dow': 'float32', 'month': 'float32'}
2025-11-12 11:25:04,482 INFO [features] Wrote features for XLF rows=6764 to data/features/XLF.parquet; columns=['date', 'ticker', 'ret_1d', 'log_ret_1d', 'rv_20d', 'rv_60d', 'sma_20', 'sma_50', 'sma_200', 'ema_20', 'ema_50', 'ema_200', 'ma_ratio_20_50', 'ma_ratio_50_200', 'ma_ratio_20_200', 'dist_from_50dma', 'dist_from_200dma', 'dow', 'month', 'as_of', 'data_version']
2025-11-12 11:25:04,482 INFO [features] Building features for XLV mode=update lookback=90
2025-11-12 11:25:04,496 INFO [features] Recompute overlap: lookback=90, max_window=200, extra_overlap=2, extended_start_date=2025-01-24, recompute_start_date=2025-08-14
2025-11-12 11:25:04,496 INFO [features] Recompute prefix_rows=6701, recomputed_rows=203, recomputed_tail_rows=63, duplicates_dropped=0
2025-11-12 11:25:04,497 INFO [features] Recomputed ret_1d continuity: nan_before=1, nan_after=1
2025-11-12 11:25:04,500 INFO [features] Performed per-column fallback casting for 17 columns: ['ret_1d', 'log_ret_1d', 'rv_20d', 'rv_60d', 'sma_20', 'sma_50', 'sma_200', 'ema_20', 'ema_50', 'ema_200', 'ma_ratio_20_50', 'ma_ratio_50_200', 'ma_ratio_20_200', 'dist_from_50dma', 'dist_from_200dma', 'dow', 'month']
2025-11-12 11:25:04,500 INFO [features] Casted 17 numeric feature columns to float32
2025-11-12 11:25:04,500 INFO [features] Numeric dtypes after cast: {'ret_1d': 'float32', 'log_ret_1d': 'float32', 'rv_20d': 'float32', 'rv_60d': 'float32', 'sma_20': 'float32', 'sma_50': 'float32', 'sma_200': 'float32', 'ema_20': 'float32', 'ema_50': 'float32', 'ema_200': 'float32', 'ma_ratio_20_50': 'float32', 'ma_ratio_50_200': 'float32', 'ma_ratio_20_200': 'float32', 'dist_from_50dma': 'float32', 'dist_from_200dma': 'float32', 'dow': 'float32', 'month': 'float32'}
2025-11-12 11:25:04,551 INFO [features] Wrote features for XLV rows=6764 to data/features/XLV.parquet; columns=['date', 'ticker', 'ret_1d', 'log_ret_1d', 'rv_20d', 'rv_60d', 'sma_20', 'sma_50', 'sma_200', 'ema_20', 'ema_50', 'ema_200', 'ma_ratio_20_50', 'ma_ratio_50_200', 'ma_ratio_20_200', 'dist_from_50dma', 'dist_from_200dma', 'dow', 'month', 'as_of', 'data_version']
2025-11-12 11:25:04,551 INFO [features] Building features for XLI mode=update lookback=90
2025-11-12 11:25:04,565 INFO [features] Recompute overlap: lookback=90, max_window=200, extra_overlap=2, extended_start_date=2025-01-24, recompute_start_date=2025-08-14
2025-11-12 11:25:04,565 INFO [features] Recompute prefix_rows=6701, recomputed_rows=203, recomputed_tail_rows=63, duplicates_dropped=0
2025-11-12 11:25:04,566 INFO [features] Recomputed ret_1d continuity: nan_before=1, nan_after=1
2025-11-12 11:25:04,569 INFO [features] Performed per-column fallback casting for 17 columns: ['ret_1d', 'log_ret_1d', 'rv_20d', 'rv_60d', 'sma_20', 'sma_50', 'sma_200', 'ema_20', 'ema_50', 'ema_200', 'ma_ratio_20_50', 'ma_ratio_50_200', 'ma_ratio_20_200', 'dist_from_50dma', 'dist_from_200dma', 'dow', 'month']
2025-11-12 11:25:04,569 INFO [features] Casted 17 numeric feature columns to float32
2025-11-12 11:25:04,570 INFO [features] Numeric dtypes after cast: {'ret_1d': 'float32', 'log_ret_1d': 'float32', 'rv_20d': 'float32', 'rv_60d': 'float32', 'sma_20': 'float32', 'sma_50': 'float32', 'sma_200': 'float32', 'ema_20': 'float32', 'ema_50': 'float32', 'ema_200': 'float32', 'ma_ratio_20_50': 'float32', 'ma_ratio_50_200': 'float32', 'ma_ratio_20_200': 'float32', 'dist_from_50dma': 'float32', 'dist_from_200dma': 'float32', 'dow': 'float32', 'month': 'float32'}
2025-11-12 11:25:04,621 INFO [features] Wrote features for XLI rows=6764 to data/features/XLI.parquet; columns=['date', 'ticker', 'ret_1d', 'log_ret_1d', 'rv_20d', 'rv_60d', 'sma_20', 'sma_50', 'sma_200', 'ema_20', 'ema_50', 'ema_200', 'ma_ratio_20_50', 'ma_ratio_50_200', 'ma_ratio_20_200', 'dist_from_50dma', 'dist_from_200dma', 'dow', 'month', 'as_of', 'data_version']
2025-11-12 11:25:04,622 INFO [features] Building features for XLB mode=update lookback=90
2025-11-12 11:25:04,635 INFO [features] Recompute overlap: lookback=90, max_window=200, extra_overlap=2, extended_start_date=2025-01-24, recompute_start_date=2025-08-14
2025-11-12 11:25:04,636 INFO [features] Recompute prefix_rows=6701, recomputed_rows=203, recomputed_tail_rows=63, duplicates_dropped=0
2025-11-12 11:25:04,636 INFO [features] Recomputed ret_1d continuity: nan_before=1, nan_after=1
2025-11-12 11:25:04,639 INFO [features] Performed per-column fallback casting for 17 columns: ['ret_1d', 'log_ret_1d', 'rv_20d', 'rv_60d', 'sma_20', 'sma_50', 'sma_200', 'ema_20', 'ema_50', 'ema_200', 'ma_ratio_20_50', 'ma_ratio_50_200', 'ma_ratio_20_200', 'dist_from_50dma', 'dist_from_200dma', 'dow', 'month']
2025-11-12 11:25:04,639 INFO [features] Casted 17 numeric feature columns to float32
2025-11-12 11:25:04,640 INFO [features] Numeric dtypes after cast: {'ret_1d': 'float32', 'log_ret_1d': 'float32', 'rv_20d': 'float32', 'rv_60d': 'float32', 'sma_20': 'float32', 'sma_50': 'float32', 'sma_200': 'float32', 'ema_20': 'float32', 'ema_50': 'float32', 'ema_200': 'float32', 'ma_ratio_20_50': 'float32', 'ma_ratio_50_200': 'float32', 'ma_ratio_20_200': 'float32', 'dist_from_50dma': 'float32', 'dist_from_200dma': 'float32', 'dow': 'float32', 'month': 'float32'}
2025-11-12 11:25:04,691 INFO [features] Wrote features for XLB rows=6764 to data/features/XLB.parquet; columns=['date', 'ticker', 'ret_1d', 'log_ret_1d', 'rv_20d', 'rv_60d', 'sma_20', 'sma_50', 'sma_200', 'ema_20', 'ema_50', 'ema_200', 'ma_ratio_20_50', 'ma_ratio_50_200', 'ma_ratio_20_200', 'dist_from_50dma', 'dist_from_200dma', 'dow', 'month', 'as_of', 'data_version']
2025-11-12 11:25:04,692 INFO [features] Building features for XLK mode=update lookback=90
2025-11-12 11:25:04,704 INFO [features] Recompute overlap: lookback=90, max_window=200, extra_overlap=2, extended_start_date=2025-01-24, recompute_start_date=2025-08-14
2025-11-12 11:25:04,704 INFO [features] Recompute prefix_rows=6701, recomputed_rows=203, recomputed_tail_rows=63, duplicates_dropped=0
2025-11-12 11:25:04,705 INFO [features] Recomputed ret_1d continuity: nan_before=1, nan_after=1
2025-11-12 11:25:04,708 INFO [features] Performed per-column fallback casting for 17 columns: ['ret_1d', 'log_ret_1d', 'rv_20d', 'rv_60d', 'sma_20', 'sma_50', 'sma_200', 'ema_20', 'ema_50', 'ema_200', 'ma_ratio_20_50', 'ma_ratio_50_200', 'ma_ratio_20_200', 'dist_from_50dma', 'dist_from_200dma', 'dow', 'month']
2025-11-12 11:25:04,708 INFO [features] Casted 17 numeric feature columns to float32
2025-11-12 11:25:04,709 INFO [features] Numeric dtypes after cast: {'ret_1d': 'float32', 'log_ret_1d': 'float32', 'rv_20d': 'float32', 'rv_60d': 'float32', 'sma_20': 'float32', 'sma_50': 'float32', 'sma_200': 'float32', 'ema_20': 'float32', 'ema_50': 'float32', 'ema_200': 'float32', 'ma_ratio_20_50': 'float32', 'ma_ratio_50_200': 'float32', 'ma_ratio_20_200': 'float32', 'dist_from_50dma': 'float32', 'dist_from_200dma': 'float32', 'dow': 'float32', 'month': 'float32'}
2025-11-12 11:25:04,759 INFO [features] Wrote features for XLK rows=6764 to data/features/XLK.parquet; columns=['date', 'ticker', 'ret_1d', 'log_ret_1d', 'rv_20d', 'rv_60d', 'sma_20', 'sma_50', 'sma_200', 'ema_20', 'ema_50', 'ema_200', 'ma_ratio_20_50', 'ma_ratio_50_200', 'ma_ratio_20_200', 'dist_from_50dma', 'dist_from_200dma', 'dow', 'month', 'as_of', 'data_version']
2025-11-12 11:25:04,760 INFO [features] Building features for XLU mode=update lookback=90
2025-11-12 11:25:04,772 INFO [features] Recompute overlap: lookback=90, max_window=200, extra_overlap=2, extended_start_date=2025-01-24, recompute_start_date=2025-08-14
2025-11-12 11:25:04,772 INFO [features] Recompute prefix_rows=6701, recomputed_rows=203, recomputed_tail_rows=63, duplicates_dropped=0
2025-11-12 11:25:04,773 INFO [features] Recomputed ret_1d continuity: nan_before=1, nan_after=1
2025-11-12 11:25:04,776 INFO [features] Performed per-column fallback casting for 17 columns: ['ret_1d', 'log_ret_1d', 'rv_20d', 'rv_60d', 'sma_20', 'sma_50', 'sma_200', 'ema_20', 'ema_50', 'ema_200', 'ma_ratio_20_50', 'ma_ratio_50_200', 'ma_ratio_20_200', 'dist_from_50dma', 'dist_from_200dma', 'dow', 'month']
2025-11-12 11:25:04,776 INFO [features] Casted 17 numeric feature columns to float32
2025-11-12 11:25:04,777 INFO [features] Numeric dtypes after cast: {'ret_1d': 'float32', 'log_ret_1d': 'float32', 'rv_20d': 'float32', 'rv_60d': 'float32', 'sma_20': 'float32', 'sma_50': 'float32', 'sma_200': 'float32', 'ema_20': 'float32', 'ema_50': 'float32', 'ema_200': 'float32', 'ma_ratio_20_50': 'float32', 'ma_ratio_50_200': 'float32', 'ma_ratio_20_200': 'float32', 'dist_from_50dma': 'float32', 'dist_from_200dma': 'float32', 'dow': 'float32', 'month': 'float32'}
2025-11-12 11:25:04,828 INFO [features] Wrote features for XLU rows=6764 to data/features/XLU.parquet; columns=['date', 'ticker', 'ret_1d', 'log_ret_1d', 'rv_20d', 'rv_60d', 'sma_20', 'sma_50', 'sma_200', 'ema_20', 'ema_50', 'ema_200', 'ma_ratio_20_50', 'ma_ratio_50_200', 'ma_ratio_20_200', 'dist_from_50dma', 'dist_from_200dma', 'dow', 'month', 'as_of', 'data_version']
2025-11-12 11:25:04,828 INFO [features] Building features for XLC mode=update lookback=90
2025-11-12 11:25:04,837 INFO [features] Recompute overlap: lookback=90, max_window=200, extra_overlap=2, extended_start_date=2025-01-24, recompute_start_date=2025-08-14
2025-11-12 11:25:04,837 INFO [features] Recompute prefix_rows=1798, recomputed_rows=203, recomputed_tail_rows=63, duplicates_dropped=0
2025-11-12 11:25:04,838 INFO [features] Recomputed ret_1d continuity: nan_before=1, nan_after=1
2025-11-12 11:25:04,840 INFO [features] Performed per-column fallback casting for 17 columns: ['ret_1d', 'log_ret_1d', 'rv_20d', 'rv_60d', 'sma_20', 'sma_50', 'sma_200', 'ema_20', 'ema_50', 'ema_200', 'ma_ratio_20_50', 'ma_ratio_50_200', 'ma_ratio_20_200', 'dist_from_50dma', 'dist_from_200dma', 'dow', 'month']
2025-11-12 11:25:04,840 INFO [features] Casted 17 numeric feature columns to float32
2025-11-12 11:25:04,841 INFO [features] Numeric dtypes after cast: {'ret_1d': 'float32', 'log_ret_1d': 'float32', 'rv_20d': 'float32', 'rv_60d': 'float32', 'sma_20': 'float32', 'sma_50': 'float32', 'sma_200': 'float32', 'ema_20': 'float32', 'ema_50': 'float32', 'ema_200': 'float32', 'ma_ratio_20_50': 'float32', 'ma_ratio_50_200': 'float32', 'ma_ratio_20_200': 'float32', 'dist_from_50dma': 'float32', 'dist_from_200dma': 'float32', 'dow': 'float32', 'month': 'float32'}
2025-11-12 11:25:04,860 INFO [features] Wrote features for XLC rows=1861 to data/features/XLC.parquet; columns=['date', 'ticker', 'ret_1d', 'log_ret_1d', 'rv_20d', 'rv_60d', 'sma_20', 'sma_50', 'sma_200', 'ema_20', 'ema_50', 'ema_200', 'ma_ratio_20_50', 'ma_ratio_50_200', 'ma_ratio_20_200', 'dist_from_50dma', 'dist_from_200dma', 'dow', 'month', 'as_of', 'data_version']
2025-11-12 11:25:04,861 INFO [cli] build-features: {'ticker': '^GSPC', 'rows': 24583, 'parquet': 'data/features/^GSPC.parquet'}
2025-11-12 11:25:04,861 INFO [cli] build-features: {'ticker': '^NDX', 'rows': 10108, 'parquet': 'data/features/^NDX.parquet'}
2025-11-12 11:25:04,861 INFO [cli] build-features: {'ticker': '^DJI', 'rows': 8527, 'parquet': 'data/features/^DJI.parquet'}
2025-11-12 11:25:04,861 INFO [cli] build-features: {'ticker': '^RUT', 'rows': 9617, 'parquet': 'data/features/^RUT.parquet'}
2025-11-12 11:25:04,861 INFO [cli] build-features: {'ticker': 'SPY', 'rows': 63, 'parquet': None, 'aborted': True}
2025-11-12 11:25:04,861 INFO [cli] build-features: {'ticker': 'QQQ', 'rows': 6712, 'parquet': 'data/features/QQQ.parquet'}
2025-11-12 11:25:04,861 INFO [cli] build-features: {'ticker': 'DIA', 'rows': 6998, 'parquet': 'data/features/DIA.parquet'}
2025-11-12 11:25:04,861 INFO [cli] build-features: {'ticker': 'IWM', 'rows': 6404, 'parquet': 'data/features/IWM.parquet'}
2025-11-12 11:25:04,861 INFO [cli] build-features: {'ticker': 'XLY', 'rows': 6764, 'parquet': 'data/features/XLY.parquet'}
2025-11-12 11:25:04,861 INFO [cli] build-features: {'ticker': 'XLP', 'rows': 6764, 'parquet': 'data/features/XLP.parquet'}
2025-11-12 11:25:04,861 INFO [cli] build-features: {'ticker': 'XLE', 'rows': 6764, 'parquet': 'data/features/XLE.parquet'}
2025-11-12 11:25:04,861 INFO [cli] build-features: {'ticker': 'XLF', 'rows': 6764, 'parquet': 'data/features/XLF.parquet'}
2025-11-12 11:25:04,861 INFO [cli] build-features: {'ticker': 'XLV', 'rows': 6764, 'parquet': 'data/features/XLV.parquet'}
2025-11-12 11:25:04,861 INFO [cli] build-features: {'ticker': 'XLI', 'rows': 6764, 'parquet': 'data/features/XLI.parquet'}
2025-11-12 11:25:04,861 INFO [cli] build-features: {'ticker': 'XLB', 'rows': 6764, 'parquet': 'data/features/XLB.parquet'}
2025-11-12 11:25:04,861 INFO [cli] build-features: {'ticker': 'XLK', 'rows': 6764, 'parquet': 'data/features/XLK.parquet'}
2025-11-12 11:25:04,861 INFO [cli] build-features: {'ticker': 'XLU', 'rows': 6764, 'parquet': 'data/features/XLU.parquet'}
2025-11-12 11:25:04,861 INFO [cli] build-features: {'ticker': 'XLC', 'rows': 1861, 'parquet': 'data/features/XLC.parquet'}
{'ticker': '^GSPC', 'rows': 24583, 'parquet': 'data/features/^GSPC.parquet'}
{'ticker': '^NDX', 'rows': 10108, 'parquet': 'data/features/^NDX.parquet'}
{'ticker': '^DJI', 'rows': 8527, 'parquet': 'data/features/^DJI.parquet'}
{'ticker': '^RUT', 'rows': 9617, 'parquet': 'data/features/^RUT.parquet'}
{'ticker': 'SPY', 'rows': 63, 'parquet': None, 'aborted': True}
{'ticker': 'QQQ', 'rows': 6712, 'parquet': 'data/features/QQQ.parquet'}
{'ticker': 'DIA', 'rows': 6998, 'parquet': 'data/features/DIA.parquet'}
{'ticker': 'IWM', 'rows': 6404, 'parquet': 'data/features/IWM.parquet'}
{'ticker': 'XLY', 'rows': 6764, 'parquet': 'data/features/XLY.parquet'}
{'ticker': 'XLP', 'rows': 6764, 'parquet': 'data/features/XLP.parquet'}
{'ticker': 'XLE', 'rows': 6764, 'parquet': 'data/features/XLE.parquet'}
{'ticker': 'XLF', 'rows': 6764, 'parquet': 'data/features/XLF.parquet'}
{'ticker': 'XLV', 'rows': 6764, 'parquet': 'data/features/XLV.parquet'}
{'ticker': 'XLI', 'rows': 6764, 'parquet': 'data/features/XLI.parquet'}
{'ticker': 'XLB', 'rows': 6764, 'parquet': 'data/features/XLB.parquet'}
{'ticker': 'XLK', 'rows': 6764, 'parquet': 'data/features/XLK.parquet'}
{'ticker': 'XLU', 'rows': 6764, 'parquet': 'data/features/XLU.parquet'}
{'ticker': 'XLC', 'rows': 1861, 'parquet': 'data/features/XLC.parquet'}
["data/analytics/seasonality/^GSPC/facts.parquet", "data/analytics/seasonality/^NDX/facts.parquet", "data/analytics/seasonality/^DJI/facts.parquet", "data/analytics/seasonality/^RUT/facts.parquet", "data/analytics/seasonality/SPY/facts.parquet", "data/analytics/seasonality/QQQ/facts.parquet", "data/analytics/seasonality/DIA/facts.parquet", "data/analytics/seasonality/IWM/facts.parquet", "data/analytics/seasonality/XLY/facts.parquet", "data/analytics/seasonality/XLP/facts.parquet", "data/analytics/seasonality/XLE/facts.parquet", "data/analytics/seasonality/XLF/facts.parquet", "data/analytics/seasonality/XLV/facts.parquet", "data/analytics/seasonality/XLI/facts.parquet", "data/analytics/seasonality/XLB/facts.parquet", "data/analytics/seasonality/XLK/facts.parquet", "data/analytics/seasonality/XLU/facts.parquet", "data/analytics/seasonality/XLC/facts.parquet"]
2025-11-12 11:25:06,784 INFO [cli] {'event': 'build-markov-grid:start', 'tickers': ['SPY', 'QQQ', 'DIA', 'IWM'], 'modes': ['binary', 'tri'], 'thresholds': [0, 5, 10, 15, 20, '...'], 'windows': ['1Y', '2Y', '5Y', '10Y', '20Y', 'MAX'], 'orders': [1, 2, 3, 4]}
2025-11-12 11:25:06,852 INFO [cli] states WARN SPY binary thr=0: ret_1d column required for state building
2025-11-12 11:25:06,859 INFO [cli] states WARN SPY binary thr=5: ret_1d column required for state building
2025-11-12 11:25:06,866 INFO [cli] states WARN SPY binary thr=10: ret_1d column required for state building
2025-11-12 11:25:06,875 INFO [cli] states WARN SPY binary thr=15: ret_1d column required for state building
2025-11-12 11:25:06,884 INFO [cli] states WARN SPY binary thr=20: ret_1d column required for state building
2025-11-12 11:25:06,893 INFO [cli] states WARN SPY binary thr=25: ret_1d column required for state building
2025-11-12 11:25:06,900 INFO [cli] states WARN SPY binary thr=30: ret_1d column required for state building
2025-11-12 11:25:06,906 INFO [cli] states WARN SPY binary thr=35: ret_1d column required for state building
2025-11-12 11:25:06,912 INFO [cli] states WARN SPY binary thr=40: ret_1d column required for state building
2025-11-12 11:25:06,919 INFO [cli] states WARN SPY binary thr=45: ret_1d column required for state building
2025-11-12 11:25:06,926 INFO [cli] states WARN SPY binary thr=50: ret_1d column required for state building
2025-11-12 11:25:06,933 INFO [cli] states WARN SPY binary thr=55: ret_1d column required for state building
2025-11-12 11:25:06,940 INFO [cli] states WARN SPY binary thr=60: ret_1d column required for state building
2025-11-12 11:25:06,946 INFO [cli] states WARN SPY binary thr=65: ret_1d column required for state building
2025-11-12 11:25:06,953 INFO [cli] states WARN SPY binary thr=70: ret_1d column required for state building
2025-11-12 11:25:06,960 INFO [cli] states WARN SPY binary thr=75: ret_1d column required for state building
2025-11-12 11:25:06,967 INFO [cli] states WARN SPY binary thr=80: ret_1d column required for state building
2025-11-12 11:25:06,973 INFO [cli] states WARN SPY binary thr=85: ret_1d column required for state building
2025-11-12 11:25:06,979 INFO [cli] states WARN SPY binary thr=90: ret_1d column required for state building
2025-11-12 11:25:06,986 INFO [cli] states WARN SPY binary thr=95: ret_1d column required for state building
2025-11-12 11:25:06,993 INFO [cli] states WARN SPY binary thr=100: ret_1d column required for state building
2025-11-12 11:25:06,999 INFO [cli] states WARN SPY binary thr=105: ret_1d column required for state building
2025-11-12 11:25:07,007 INFO [cli] states WARN SPY binary thr=110: ret_1d column required for state building
2025-11-12 11:25:07,013 INFO [cli] states WARN SPY binary thr=115: ret_1d column required for state building
2025-11-12 11:25:07,021 INFO [cli] states WARN SPY binary thr=120: ret_1d column required for state building
2025-11-12 11:25:07,027 INFO [cli] states WARN SPY binary thr=125: ret_1d column required for state building
2025-11-12 11:25:07,034 INFO [cli] states WARN SPY binary thr=130: ret_1d column required for state building
2025-11-12 11:25:07,040 INFO [cli] states WARN SPY binary thr=135: ret_1d column required for state building
2025-11-12 11:25:07,048 INFO [cli] states WARN SPY binary thr=140: ret_1d column required for state building
2025-11-12 11:25:07,054 INFO [cli] states WARN SPY binary thr=145: ret_1d column required for state building
2025-11-12 11:25:07,061 INFO [cli] states WARN SPY binary thr=150: ret_1d column required for state building
2025-11-12 11:25:07,069 INFO [cli] states WARN SPY tri thr=0: ret_1d column required for state building
2025-11-12 11:25:07,077 INFO [cli] states WARN SPY tri thr=5: ret_1d column required for state building
2025-11-12 11:25:07,085 INFO [cli] states WARN SPY tri thr=10: ret_1d column required for state building
2025-11-12 11:25:07,090 INFO [cli] states WARN SPY tri thr=15: ret_1d column required for state building
2025-11-12 11:25:07,099 INFO [cli] states WARN SPY tri thr=20: ret_1d column required for state building
2025-11-12 11:25:07,107 INFO [cli] states WARN SPY tri thr=25: ret_1d column required for state building
2025-11-12 11:25:07,112 INFO [cli] states WARN SPY tri thr=30: ret_1d column required for state building
2025-11-12 11:25:07,120 INFO [cli] states WARN SPY tri thr=35: ret_1d column required for state building
2025-11-12 11:25:07,129 INFO [cli] states WARN SPY tri thr=40: ret_1d column required for state building
2025-11-12 11:25:07,133 INFO [cli] states WARN SPY tri thr=45: ret_1d column required for state building
2025-11-12 11:25:07,139 INFO [cli] states WARN SPY tri thr=50: ret_1d column required for state building
2025-11-12 11:25:07,146 INFO [cli] states WARN SPY tri thr=55: ret_1d column required for state building
2025-11-12 11:25:07,153 INFO [cli] states WARN SPY tri thr=60: ret_1d column required for state building
2025-11-12 11:25:07,159 INFO [cli] states WARN SPY tri thr=65: ret_1d column required for state building
2025-11-12 11:25:07,168 INFO [cli] states WARN SPY tri thr=70: ret_1d column required for state building
2025-11-12 11:25:07,174 INFO [cli] states WARN SPY tri thr=75: ret_1d column required for state building
2025-11-12 11:25:07,181 INFO [cli] states WARN SPY tri thr=80: ret_1d column required for state building
2025-11-12 11:25:07,188 INFO [cli] states WARN SPY tri thr=85: ret_1d column required for state building
2025-11-12 11:25:07,196 INFO [cli] states WARN SPY tri thr=90: ret_1d column required for state building
2025-11-12 11:25:07,202 INFO [cli] states WARN SPY tri thr=95: ret_1d column required for state building
2025-11-12 11:25:07,209 INFO [cli] states WARN SPY tri thr=100: ret_1d column required for state building
2025-11-12 11:25:07,215 INFO [cli] states WARN SPY tri thr=105: ret_1d column required for state building
2025-11-12 11:25:07,226 INFO [cli] states WARN SPY tri thr=110: ret_1d column required for state building
2025-11-12 11:25:07,236 INFO [cli] states WARN SPY tri thr=115: ret_1d column required for state building
2025-11-12 11:25:07,269 INFO [cli] states WARN SPY tri thr=120: ret_1d column required for state building
2025-11-12 11:25:07,285 INFO [cli] states WARN SPY tri thr=125: ret_1d column required for state building
2025-11-12 11:25:07,302 INFO [cli] states WARN SPY tri thr=130: ret_1d column required for state building
2025-11-12 11:25:07,315 INFO [cli] states WARN SPY tri thr=135: ret_1d column required for state building
2025-11-12 11:25:07,321 INFO [cli] states WARN SPY tri thr=140: ret_1d column required for state building
2025-11-12 11:25:07,328 INFO [cli] states WARN SPY tri thr=145: ret_1d column required for state building
2025-11-12 11:25:07,334 INFO [cli] states WARN SPY tri thr=150: ret_1d column required for state building
2025-11-12 11:25:07,349 INFO [cli] {'ticker': 'QQQ', 'mode': 'binary', 'thr': 0, 'window': '1Y', 'order': 1, 'rows': 2}
2025-11-12 11:25:07,356 INFO [cli] {'ticker': 'QQQ', 'mode': 'binary', 'thr': 0, 'window': '1Y', 'order': 2, 'rows': 4}
2025-11-12 11:25:07,361 INFO [cli] {'ticker': 'QQQ', 'mode': 'binary', 'thr': 0, 'window': '1Y', 'order': 3, 'rows': 8}
2025-11-12 11:25:07,368 INFO [cli] {'ticker': 'QQQ', 'mode': 'binary', 'thr': 0, 'window': '1Y', 'order': 4, 'rows': 16}
2025-11-12 11:25:07,374 INFO [cli] {'ticker': 'QQQ', 'mode': 'binary', 'thr': 0, 'window': '2Y', 'order': 1, 'rows': 2}
2025-11-12 11:25:07,380 INFO [cli] {'ticker': 'QQQ', 'mode': 'binary', 'thr': 0, 'window': '2Y', 'order': 2, 'rows': 4}
2025-11-12 11:25:07,388 INFO [cli] {'ticker': 'QQQ', 'mode': 'binary', 'thr': 0, 'window': '2Y', 'order': 3, 'rows': 8}
2025-11-12 11:25:07,395 INFO [cli] {'ticker': 'QQQ', 'mode': 'binary', 'thr': 0, 'window': '2Y', 'order': 4, 'rows': 16}
2025-11-12 11:25:07,401 INFO [cli] {'ticker': 'QQQ', 'mode': 'binary', 'thr': 0, 'window': '5Y', 'order': 1, 'rows': 2}
2025-11-12 11:25:07,407 INFO [cli] {'ticker': 'QQQ', 'mode': 'binary', 'thr': 0, 'window': '5Y', 'order': 2, 'rows': 4}
2025-11-12 11:25:07,413 INFO [cli] {'ticker': 'QQQ', 'mode': 'binary', 'thr': 0, 'window': '5Y', 'order': 3, 'rows': 8}
2025-11-12 11:25:07,420 INFO [cli] {'ticker': 'QQQ', 'mode': 'binary', 'thr': 0, 'window': '5Y', 'order': 4, 'rows': 16}
2025-11-12 11:25:07,426 INFO [cli] {'ticker': 'QQQ', 'mode': 'binary', 'thr': 0, 'window': '10Y', 'order': 1, 'rows': 2}
2025-11-12 11:25:07,432 INFO [cli] {'ticker': 'QQQ', 'mode': 'binary', 'thr': 0, 'window': '10Y', 'order': 2, 'rows': 4}
2025-11-12 11:25:07,438 INFO [cli] {'ticker': 'QQQ', 'mode': 'binary', 'thr': 0, 'window': '10Y', 'order': 3, 'rows': 8}
2025-11-12 11:25:07,444 INFO [cli] {'ticker': 'QQQ', 'mode': 'binary', 'thr': 0, 'window': '10Y', 'order': 4, 'rows': 16}
2025-11-12 11:25:07,449 INFO [cli] {'ticker': 'QQQ', 'mode': 'binary', 'thr': 0, 'window': '20Y', 'order': 1, 'rows': 2}
2025-11-12 11:25:07,455 INFO [cli] {'ticker': 'QQQ', 'mode': 'binary', 'thr': 0, 'window': '20Y', 'order': 2, 'rows': 4}
2025-11-12 11:25:07,461 INFO [cli] {'ticker': 'QQQ', 'mode': 'binary', 'thr': 0, 'window': '20Y', 'order': 3, 'rows': 8}
2025-11-12 11:25:07,468 INFO [cli] {'ticker': 'QQQ', 'mode': 'binary', 'thr': 0, 'window': '20Y', 'order': 4, 'rows': 16}
2025-11-12 11:25:07,474 INFO [cli] {'ticker': 'QQQ', 'mode': 'binary', 'thr': 0, 'window': 'MAX', 'order': 1, 'rows': 2}
2025-11-12 11:25:07,479 INFO [cli] {'ticker': 'QQQ', 'mode': 'binary', 'thr': 0, 'window': 'MAX', 'order': 2, 'rows': 4}
2025-11-12 11:25:07,486 INFO [cli] {'ticker': 'QQQ', 'mode': 'binary', 'thr': 0, 'window': 'MAX', 'order': 3, 'rows': 8}
2025-11-12 11:25:07,492 INFO [cli] {'ticker': 'QQQ', 'mode': 'binary', 'thr': 0, 'window': 'MAX', 'order': 4, 'rows': 16}
2025-11-12 11:25:07,507 INFO [cli] {'ticker': 'QQQ', 'mode': 'binary', 'thr': 5, 'window': '1Y', 'order': 1, 'rows': 2}
2025-11-12 11:25:07,514 INFO [cli] {'ticker': 'QQQ', 'mode': 'binary', 'thr': 5, 'window': '1Y', 'order': 2, 'rows': 4}
2025-11-12 11:25:07,525 INFO [cli] {'ticker': 'QQQ', 'mode': 'binary', 'thr': 5, 'window': '1Y', 'order': 3, 'rows': 8}
2025-11-12 11:25:07,534 INFO [cli] {'ticker': 'QQQ', 'mode': 'binary', 'thr': 5, 'window': '1Y', 'order': 4, 'rows': 16}
2025-11-12 11:25:07,544 INFO [cli] {'ticker': 'QQQ', 'mode': 'binary', 'thr': 5, 'window': '2Y', 'order': 1, 'rows': 2}
2025-11-12 11:25:07,549 INFO [cli] {'ticker': 'QQQ', 'mode': 'binary', 'thr': 5, 'window': '2Y', 'order': 2, 'rows': 4}
2025-11-12 11:25:07,555 INFO [cli] {'ticker': 'QQQ', 'mode': 'binary', 'thr': 5, 'window': '2Y', 'order': 3, 'rows': 8}
2025-11-12 11:25:07,560 INFO [cli] {'ticker': 'QQQ', 'mode': 'binary', 'thr': 5, 'window': '2Y', 'order': 4, 'rows': 16}
2025-11-12 11:25:07,565 INFO [cli] {'ticker': 'QQQ', 'mode': 'binary', 'thr': 5, 'window': '5Y', 'order': 1, 'rows': 2}
2025-11-12 11:25:07,570 INFO [cli] {'ticker': 'QQQ', 'mode': 'binary', 'thr': 5, 'window': '5Y', 'order': 2, 'rows': 4}
2025-11-12 11:25:07,576 INFO [cli] {'ticker': 'QQQ', 'mode': 'binary', 'thr': 5, 'window': '5Y', 'order': 3, 'rows': 8}
2025-11-12 11:25:07,582 INFO [cli] {'ticker': 'QQQ', 'mode': 'binary', 'thr': 5, 'window': '5Y', 'order': 4, 'rows': 16}
2025-11-12 11:25:07,586 INFO [cli] {'ticker': 'QQQ', 'mode': 'binary', 'thr': 5, 'window': '10Y', 'order': 1, 'rows': 2}
2025-11-12 11:25:07,591 INFO [cli] {'ticker': 'QQQ', 'mode': 'binary', 'thr': 5, 'window': '10Y', 'order': 2, 'rows': 4}
2025-11-12 11:25:07,596 INFO [cli] {'ticker': 'QQQ', 'mode': 'binary', 'thr': 5, 'window': '10Y', 'order': 3, 'rows': 8}
2025-11-12 11:25:07,601 INFO [cli] {'ticker': 'QQQ', 'mode': 'binary', 'thr': 5, 'window': '10Y', 'order': 4, 'rows': 16}
2025-11-12 11:25:07,609 INFO [cli] {'ticker': 'QQQ', 'mode': 'binary', 'thr': 5, 'window': '20Y', 'order': 1, 'rows': 2}
2025-11-12 11:25:07,613 INFO [cli] {'ticker': 'QQQ', 'mode': 'binary', 'thr': 5, 'window': '20Y', 'order': 2, 'rows': 4}
2025-11-12 11:25:07,618 INFO [cli] {'ticker': 'QQQ', 'mode': 'binary', 'thr': 5, 'window': '20Y', 'order': 3, 'rows': 8}
2025-11-12 11:25:07,623 INFO [cli] {'ticker': 'QQQ', 'mode': 'binary', 'thr': 5, 'window': '20Y', 'order': 4, 'rows': 16}
2025-11-12 11:25:07,629 INFO [cli] {'ticker': 'QQQ', 'mode': 'binary', 'thr': 5, 'window': 'MAX', 'order': 1, 'rows': 2}
2025-11-12 11:25:07,635 INFO [cli] {'ticker': 'QQQ', 'mode': 'binary', 'thr': 5, 'window': 'MAX', 'order': 2, 'rows': 4}
2025-11-12 11:25:07,639 INFO [cli] {'ticker': 'QQQ', 'mode': 'binary', 'thr': 5, 'window': 'MAX', 'order': 3, 'rows': 8}
2025-11-12 11:25:07,645 INFO [cli] {'ticker': 'QQQ', 'mode': 'binary', 'thr': 5, 'window': 'MAX', 'order': 4, 'rows': 16}
2025-11-12 11:25:07,659 INFO [cli] {'ticker': 'QQQ', 'mode': 'binary', 'thr': 10, 'window': '1Y', 'order': 1, 'rows': 2}
2025-11-12 11:25:07,664 INFO [cli] {'ticker': 'QQQ', 'mode': 'binary', 'thr': 10, 'window': '1Y', 'order': 2, 'rows': 4}
2025-11-12 11:25:07,668 INFO [cli] {'ticker': 'QQQ', 'mode': 'binary', 'thr': 10, 'window': '1Y', 'order': 3, 'rows': 8}
2025-11-12 11:25:07,673 INFO [cli] {'ticker': 'QQQ', 'mode': 'binary', 'thr': 10, 'window': '1Y', 'order': 4, 'rows': 16}
2025-11-12 11:25:07,679 INFO [cli] {'ticker': 'QQQ', 'mode': 'binary', 'thr': 10, 'window': '2Y', 'order': 1, 'rows': 2}
2025-11-12 11:25:07,686 INFO [cli] {'ticker': 'QQQ', 'mode': 'binary', 'thr': 10, 'window': '2Y', 'order': 2, 'rows': 4}
2025-11-12 11:25:07,692 INFO [cli] {'ticker': 'QQQ', 'mode': 'binary', 'thr': 10, 'window': '2Y', 'order': 3, 'rows': 8}
2025-11-12 11:25:07,697 INFO [cli] {'ticker': 'QQQ', 'mode': 'binary', 'thr': 10, 'window': '2Y', 'order': 4, 'rows': 16}
2025-11-12 11:25:07,705 INFO [cli] {'ticker': 'QQQ', 'mode': 'binary', 'thr': 10, 'window': '5Y', 'order': 1, 'rows': 2}
2025-11-12 11:25:07,711 INFO [cli] {'ticker': 'QQQ', 'mode': 'binary', 'thr': 10, 'window': '5Y', 'order': 2, 'rows': 4}
2025-11-12 11:25:07,719 INFO [cli] {'ticker': 'QQQ', 'mode': 'binary', 'thr': 10, 'window': '5Y', 'order': 3, 'rows': 8}
2025-11-12 11:25:07,727 INFO [cli] {'ticker': 'QQQ', 'mode': 'binary', 'thr': 10, 'window': '5Y', 'order': 4, 'rows': 16}
2025-11-12 11:25:07,736 INFO [cli] {'ticker': 'QQQ', 'mode': 'binary', 'thr': 10, 'window': '10Y', 'order': 1, 'rows': 2}
2025-11-12 11:25:07,744 INFO [cli] {'ticker': 'QQQ', 'mode': 'binary', 'thr': 10, 'window': '10Y', 'order': 2, 'rows': 4}
2025-11-12 11:25:07,749 INFO [cli] {'ticker': 'QQQ', 'mode': 'binary', 'thr': 10, 'window': '10Y', 'order': 3, 'rows': 8}
2025-11-12 11:25:07,755 INFO [cli] {'ticker': 'QQQ', 'mode': 'binary', 'thr': 10, 'window': '10Y', 'order': 4, 'rows': 16}
2025-11-12 11:25:07,760 INFO [cli] {'ticker': 'QQQ', 'mode': 'binary', 'thr': 10, 'window': '20Y', 'order': 1, 'rows': 2}
2025-11-12 11:25:07,765 INFO [cli] {'ticker': 'QQQ', 'mode': 'binary', 'thr': 10, 'window': '20Y', 'order': 2, 'rows': 4}
2025-11-12 11:25:07,772 INFO [cli] {'ticker': 'QQQ', 'mode': 'binary', 'thr': 10, 'window': '20Y', 'order': 3, 'rows': 8}
2025-11-12 11:25:07,779 INFO [cli] {'ticker': 'QQQ', 'mode': 'binary', 'thr': 10, 'window': '20Y', 'order': 4, 'rows': 16}
2025-11-12 11:25:07,785 INFO [cli] {'ticker': 'QQQ', 'mode': 'binary', 'thr': 10, 'window': 'MAX', 'order': 1, 'rows': 2}
2025-11-12 11:25:07,792 INFO [cli] {'ticker': 'QQQ', 'mode': 'binary', 'thr': 10, 'window': 'MAX', 'order': 2, 'rows': 4}
2025-11-12 11:25:07,798 INFO [cli] {'ticker': 'QQQ', 'mode': 'binary', 'thr': 10, 'window': 'MAX', 'order': 3, 'rows': 8}
2025-11-12 11:25:07,805 INFO [cli] {'ticker': 'QQQ', 'mode': 'binary', 'thr': 10, 'window': 'MAX', 'order': 4, 'rows': 16}
2025-11-12 11:25:07,816 INFO [cli] {'ticker': 'QQQ', 'mode': 'binary', 'thr': 15, 'window': '1Y', 'order': 1, 'rows': 2}
2025-11-12 11:25:07,824 INFO [cli] {'ticker': 'QQQ', 'mode': 'binary', 'thr': 15, 'window': '1Y', 'order': 2, 'rows': 4}
2025-11-12 11:25:07,829 INFO [cli] {'ticker': 'QQQ', 'mode': 'binary', 'thr': 15, 'window': '1Y', 'order': 3, 'rows': 8}
2025-11-12 11:25:07,835 INFO [cli] {'ticker': 'QQQ', 'mode': 'binary', 'thr': 15, 'window': '1Y', 'order': 4, 'rows': 16}
2025-11-12 11:25:07,841 INFO [cli] {'ticker': 'QQQ', 'mode': 'binary', 'thr': 15, 'window': '2Y', 'order': 1, 'rows': 2}
2025-11-12 11:25:07,846 INFO [cli] {'ticker': 'QQQ', 'mode': 'binary', 'thr': 15, 'window': '2Y', 'order': 2, 'rows': 4}
2025-11-12 11:25:07,852 INFO [cli] {'ticker': 'QQQ', 'mode': 'binary', 'thr': 15, 'window': '2Y', 'order': 3, 'rows': 8}
2025-11-12 11:25:07,860 INFO [cli] {'ticker': 'QQQ', 'mode': 'binary', 'thr': 15, 'window': '2Y', 'order': 4, 'rows': 16}
2025-11-12 11:25:07,867 INFO [cli] {'ticker': 'QQQ', 'mode': 'binary', 'thr': 15, 'window': '5Y', 'order': 1, 'rows': 2}
2025-11-12 11:25:07,875 INFO [cli] {'ticker': 'QQQ', 'mode': 'binary', 'thr': 15, 'window': '5Y', 'order': 2, 'rows': 4}
2025-11-12 11:25:07,881 INFO [cli] {'ticker': 'QQQ', 'mode': 'binary', 'thr': 15, 'window': '5Y', 'order': 3, 'rows': 8}
2025-11-12 11:25:07,888 INFO [cli] {'ticker': 'QQQ', 'mode': 'binary', 'thr': 15, 'window': '5Y', 'order': 4, 'rows': 16}
2025-11-12 11:25:07,894 INFO [cli] {'ticker': 'QQQ', 'mode': 'binary', 'thr': 15, 'window': '10Y', 'order': 1, 'rows': 2}
2025-11-12 11:25:07,902 INFO [cli] {'ticker': 'QQQ', 'mode': 'binary', 'thr': 15, 'window': '10Y', 'order': 2, 'rows': 4}
2025-11-12 11:25:07,908 INFO [cli] {'ticker': 'QQQ', 'mode': 'binary', 'thr': 15, 'window': '10Y', 'order': 3, 'rows': 8}
2025-11-12 11:25:07,914 INFO [cli] {'ticker': 'QQQ', 'mode': 'binary', 'thr': 15, 'window': '10Y', 'order': 4, 'rows': 16}
2025-11-12 11:25:07,920 INFO [cli] {'ticker': 'QQQ', 'mode': 'binary', 'thr': 15, 'window': '20Y', 'order': 1, 'rows': 2}
2025-11-12 11:25:07,926 INFO [cli] {'ticker': 'QQQ', 'mode': 'binary', 'thr': 15, 'window': '20Y', 'order': 2, 'rows': 4}
2025-11-12 11:25:07,947 INFO [cli] {'ticker': 'QQQ', 'mode': 'binary', 'thr': 15, 'window': '20Y', 'order': 3, 'rows': 8}
2025-11-12 11:25:07,953 INFO [cli] {'ticker': 'QQQ', 'mode': 'binary', 'thr': 15, 'window': '20Y', 'order': 4, 'rows': 16}
2025-11-12 11:25:07,958 INFO [cli] {'ticker': 'QQQ', 'mode': 'binary', 'thr': 15, 'window': 'MAX', 'order': 1, 'rows': 2}
2025-11-12 11:25:07,963 INFO [cli] {'ticker': 'QQQ', 'mode': 'binary', 'thr': 15, 'window': 'MAX', 'order': 2, 'rows': 4}
2025-11-12 11:25:07,968 INFO [cli] {'ticker': 'QQQ', 'mode': 'binary', 'thr': 15, 'window': 'MAX', 'order': 3, 'rows': 8}
2025-11-12 11:25:07,976 INFO [cli] {'ticker': 'QQQ', 'mode': 'binary', 'thr': 15, 'window': 'MAX', 'order': 4, 'rows': 16}
2025-11-12 11:25:07,989 INFO [cli] {'ticker': 'QQQ', 'mode': 'binary', 'thr': 20, 'window': '1Y', 'order': 1, 'rows': 2}
2025-11-12 11:25:07,998 INFO [cli] {'ticker': 'QQQ', 'mode': 'binary', 'thr': 20, 'window': '1Y', 'order': 2, 'rows': 4}
2025-11-12 11:25:08,005 INFO [cli] {'ticker': 'QQQ', 'mode': 'binary', 'thr': 20, 'window': '1Y', 'order': 3, 'rows': 8}
2025-11-12 11:25:08,013 INFO [cli] {'ticker': 'QQQ', 'mode': 'binary', 'thr': 20, 'window': '1Y', 'order': 4, 'rows': 16}
2025-11-12 11:25:08,019 INFO [cli] {'ticker': 'QQQ', 'mode': 'binary', 'thr': 20, 'window': '2Y', 'order': 1, 'rows': 2}
2025-11-12 11:25:08,027 INFO [cli] {'ticker': 'QQQ', 'mode': 'binary', 'thr': 20, 'window': '2Y', 'order': 2, 'rows': 4}
2025-11-12 11:25:08,034 INFO [cli] {'ticker': 'QQQ', 'mode': 'binary', 'thr': 20, 'window': '2Y', 'order': 3, 'rows': 8}
2025-11-12 11:25:08,041 INFO [cli] {'ticker': 'QQQ', 'mode': 'binary', 'thr': 20, 'window': '2Y', 'order': 4, 'rows': 16}
2025-11-12 11:25:08,048 INFO [cli] {'ticker': 'QQQ', 'mode': 'binary', 'thr': 20, 'window': '5Y', 'order': 1, 'rows': 2}
2025-11-12 11:25:08,055 INFO [cli] {'ticker': 'QQQ', 'mode': 'binary', 'thr': 20, 'window': '5Y', 'order': 2, 'rows': 4}
2025-11-12 11:25:08,060 INFO [cli] {'ticker': 'QQQ', 'mode': 'binary', 'thr': 20, 'window': '5Y', 'order': 3, 'rows': 8}
2025-11-12 11:25:08,068 INFO [cli] {'ticker': 'QQQ', 'mode': 'binary', 'thr': 20, 'window': '5Y', 'order': 4, 'rows': 16}
2025-11-12 11:25:08,073 INFO [cli] {'ticker': 'QQQ', 'mode': 'binary', 'thr': 20, 'window': '10Y', 'order': 1, 'rows': 2}
2025-11-12 11:25:08,080 INFO [cli] {'ticker': 'QQQ', 'mode': 'binary', 'thr': 20, 'window': '10Y', 'order': 2, 'rows': 4}
2025-11-12 11:25:08,087 INFO [cli] {'ticker': 'QQQ', 'mode': 'binary', 'thr': 20, 'window': '10Y', 'order': 3, 'rows': 8}
2025-11-12 11:25:08,092 INFO [cli] {'ticker': 'QQQ', 'mode': 'binary', 'thr': 20, 'window': '10Y', 'order': 4, 'rows': 16}
2025-11-12 11:25:08,099 INFO [cli] {'ticker': 'QQQ', 'mode': 'binary', 'thr': 20, 'window': '20Y', 'order': 1, 'rows': 2}
2025-11-12 11:25:08,106 INFO [cli] {'ticker': 'QQQ', 'mode': 'binary', 'thr': 20, 'window': '20Y', 'order': 2, 'rows': 4}
2025-11-12 11:25:08,113 INFO [cli] {'ticker': 'QQQ', 'mode': 'binary', 'thr': 20, 'window': '20Y', 'order': 3, 'rows': 8}
2025-11-12 11:25:08,120 INFO [cli] {'ticker': 'QQQ', 'mode': 'binary', 'thr': 20, 'window': '20Y', 'order': 4, 'rows': 16}
2025-11-12 11:25:08,127 INFO [cli] {'ticker': 'QQQ', 'mode': 'binary', 'thr': 20, 'window': 'MAX', 'order': 1, 'rows': 2}
2025-11-12 11:25:08,133 INFO [cli] {'ticker': 'QQQ', 'mode': 'binary', 'thr': 20, 'window': 'MAX', 'order': 2, 'rows': 4}
2025-11-12 11:25:08,139 INFO [cli] {'ticker': 'QQQ', 'mode': 'binary', 'thr': 20, 'window': 'MAX', 'order': 3, 'rows': 8}
2025-11-12 11:25:08,147 INFO [cli] {'ticker': 'QQQ', 'mode': 'binary', 'thr': 20, 'window': 'MAX', 'order': 4, 'rows': 16}
2025-11-12 11:25:08,160 INFO [cli] {'ticker': 'QQQ', 'mode': 'binary', 'thr': 25, 'window': '1Y', 'order': 1, 'rows': 2}
2025-11-12 11:25:08,166 INFO [cli] {'ticker': 'QQQ', 'mode': 'binary', 'thr': 25, 'window': '1Y', 'order': 2, 'rows': 4}
2025-11-12 11:25:08,173 INFO [cli] {'ticker': 'QQQ', 'mode': 'binary', 'thr': 25, 'window': '1Y', 'order': 3, 'rows': 8}
2025-11-12 11:25:08,179 INFO [cli] {'ticker': 'QQQ', 'mode': 'binary', 'thr': 25, 'window': '1Y', 'order': 4, 'rows': 16}
2025-11-12 11:25:08,185 INFO [cli] {'ticker': 'QQQ', 'mode': 'binary', 'thr': 25, 'window': '2Y', 'order': 1, 'rows': 2}
2025-11-12 11:25:08,192 INFO [cli] {'ticker': 'QQQ', 'mode': 'binary', 'thr': 25, 'window': '2Y', 'order': 2, 'rows': 4}
2025-11-12 11:25:08,200 INFO [cli] {'ticker': 'QQQ', 'mode': 'binary', 'thr': 25, 'window': '2Y', 'order': 3, 'rows': 8}
2025-11-12 11:25:08,206 INFO [cli] {'ticker': 'QQQ', 'mode': 'binary', 'thr': 25, 'window': '2Y', 'order': 4, 'rows': 16}
2025-11-12 11:25:08,213 INFO [cli] {'ticker': 'QQQ', 'mode': 'binary', 'thr': 25, 'window': '5Y', 'order': 1, 'rows': 2}
2025-11-12 11:25:08,220 INFO [cli] {'ticker': 'QQQ', 'mode': 'binary', 'thr': 25, 'window': '5Y', 'order': 2, 'rows': 4}
2025-11-12 11:25:08,226 INFO [cli] {'ticker': 'QQQ', 'mode': 'binary', 'thr': 25, 'window': '5Y', 'order': 3, 'rows': 8}
2025-11-12 11:25:08,232 INFO [cli] {'ticker': 'QQQ', 'mode': 'binary', 'thr': 25, 'window': '5Y', 'order': 4, 'rows': 16}
2025-11-12 11:25:08,238 INFO [cli] {'ticker': 'QQQ', 'mode': 'binary', 'thr': 25, 'window': '10Y', 'order': 1, 'rows': 2}
2025-11-12 11:25:08,245 INFO [cli] {'ticker': 'QQQ', 'mode': 'binary', 'thr': 25, 'window': '10Y', 'order': 2, 'rows': 4}
2025-11-12 11:25:08,252 INFO [cli] {'ticker': 'QQQ', 'mode': 'binary', 'thr': 25, 'window': '10Y', 'order': 3, 'rows': 8}
2025-11-12 11:25:08,259 INFO [cli] {'ticker': 'QQQ', 'mode': 'binary', 'thr': 25, 'window': '10Y', 'order': 4, 'rows': 16}
{'event': 'build-markov-grid:start', 'tickers': ['SPY', 'QQQ', 'DIA', 'IWM'], 'modes': ['binary', 'tri'], 'thresholds': [0, 5, 10, 15, 20, '...'], 'windows': ['1Y', '2Y', '5Y', '10Y', '20Y', 'MAX'], 'orders': [1, 2, 3, 4]}
states WARN SPY binary thr=0: ret_1d column required for state building
states WARN SPY binary thr=5: ret_1d column required for state building
states WARN SPY binary thr=10: ret_1d column required for state building
states WARN SPY binary thr=15: ret_1d column required for state building
states WARN SPY binary thr=20: ret_1d column required for state building
states WARN SPY binary thr=25: ret_1d column required for state building
states WARN SPY binary thr=30: ret_1d column required for state building
states WARN SPY binary thr=35: ret_1d column required for state building
states WARN SPY binary thr=40: ret_1d column required for state building
states WARN SPY binary thr=45: ret_1d column required for state building
states WARN SPY binary thr=50: ret_1d column required for state building
states WARN SPY binary thr=55: ret_1d column required for state building
states WARN SPY binary thr=60: ret_1d column required for state building
states WARN SPY binary thr=65: ret_1d column required for state building
states WARN SPY binary thr=70: ret_1d column required for state building
states WARN SPY binary thr=75: ret_1d column required for state building
states WARN SPY binary thr=80: ret_1d column required for state building
states WARN SPY binary thr=85: ret_1d column required for state building
states WARN SPY binary thr=90: ret_1d column required for state building
states WARN SPY binary thr=95: ret_1d column required for state building
states WARN SPY binary thr=100: ret_1d column required for state building
states WARN SPY binary thr=105: ret_1d column required for state building
states WARN SPY binary thr=110: ret_1d column required for state building
states WARN SPY binary thr=115: ret_1d column required for state building
states WARN SPY binary thr=120: ret_1d column required for state building
states WARN SPY binary thr=125: ret_1d column required for state building
states WARN SPY binary thr=130: ret_1d column required for state building
states WARN SPY binary thr=135: ret_1d column required for state building
states WARN SPY binary thr=140: ret_1d column required for state building
states WARN SPY binary thr=145: ret_1d column required for state building
states WARN SPY binary thr=150: ret_1d column required for state building
states WARN SPY tri thr=0: ret_1d column required for state building
states WARN SPY tri thr=5: ret_1d column required for state building
states WARN SPY tri thr=10: ret_1d column required for state building
states WARN SPY tri thr=15: ret_1d column required for state building
states WARN SPY tri thr=20: ret_1d column required for state building
states WARN SPY tri thr=25: ret_1d column required for state building
states WARN SPY tri thr=30: ret_1d column required for state building
states WARN SPY tri thr=35: ret_1d column required for state building
states WARN SPY tri thr=40: ret_1d column required for state building
states WARN SPY tri thr=45: ret_1d column required for state building
states WARN SPY tri thr=50: ret_1d column required for state building
states WARN SPY tri thr=55: ret_1d column required for state building
states WARN SPY tri thr=60: ret_1d column required for state building
states WARN SPY tri thr=65: ret_1d column required for state building
states WARN SPY tri thr=70: ret_1d column required for state building
states WARN SPY tri thr=75: ret_1d column required for state building
states WARN SPY tri thr=80: ret_1d column required for state building
states WARN SPY tri thr=85: ret_1d column required for state building
states WARN SPY tri thr=90: ret_1d column required for state building
states WARN SPY tri thr=95: ret_1d column required for state building
states WARN SPY tri thr=100: ret_1d column required for state building
states WARN SPY tri thr=105: ret_1d column required for state building
states WARN SPY tri thr=110: ret_1d column required for state building
states WARN SPY tri thr=115: ret_1d column required for state building
states WARN SPY tri thr=120: ret_1d column required for state building
states WARN SPY tri thr=125: ret_1d column required for state building
states WARN SPY tri thr=130: ret_1d column required for state building
states WARN SPY tri thr=135: ret_1d column required for state building
states WARN SPY tri thr=140: ret_1d column required for state building
states WARN SPY tri thr=145: ret_1d column required for state building
states WARN SPY tri thr=150: ret_1d column required for state building
{'ticker': 'QQQ', 'mode': 'binary', 'thr': 0, 'window': '1Y', 'order': 1, 'rows': 2}
{'ticker': 'QQQ', 'mode': 'binary', 'thr': 0, 'window': '1Y', 'order': 2, 'rows': 4}
{'ticker': 'QQQ', 'mode': 'binary', 'thr': 0, 'window': '1Y', 'order': 3, 'rows': 8}
{'ticker': 'QQQ', 'mode': 'binary', 'thr': 0, 'window': '1Y', 'order': 4, 'rows': 16}
{'ticker': 'QQQ', 'mode': 'binary', 'thr': 0, 'window': '2Y', 'order': 1, 'rows': 2}
{'ticker': 'QQQ', 'mode': 'binary', 'thr': 0, 'window': '2Y', 'order': 2, 'rows': 4}
{'ticker': 'QQQ', 'mode': 'binary', 'thr': 0, 'window': '2Y', 'order': 3, 'rows': 8}
{'ticker': 'QQQ', 'mode': 'binary', 'thr': 0, 'window': '2Y', 'order': 4, 'rows': 16}
{'ticker': 'QQQ', 'mode': 'binary', 'thr': 0, 'window': '5Y', 'order': 1, 'rows': 2}
{'ticker': 'QQQ', 'mode': 'binary', 'thr': 0, 'window': '5Y', 'order': 2, 'rows': 4}
{'ticker': 'QQQ', 'mode': 'binary', 'thr': 0, 'window': '5Y', 'order': 3, 'rows': 8}
{'ticker': 'QQQ', 'mode': 'binary', 'thr': 0, 'window': '5Y', 'order': 4, 'rows': 16}
{'ticker': 'QQQ', 'mode': 'binary', 'thr': 0, 'window': '10Y', 'order': 1, 'rows': 2}
{'ticker': 'QQQ', 'mode': 'binary', 'thr': 0, 'window': '10Y', 'order': 2, 'rows': 4}
{'ticker': 'QQQ', 'mode': 'binary', 'thr': 0, 'window': '10Y', 'order': 3, 'rows': 8}
{'ticker': 'QQQ', 'mode': 'binary', 'thr': 0, 'window': '10Y', 'order': 4, 'rows': 16}
{'ticker': 'QQQ', 'mode': 'binary', 'thr': 0, 'window': '20Y', 'order': 1, 'rows': 2}
{'ticker': 'QQQ', 'mode': 'binary', 'thr': 0, 'window': '20Y', 'order': 2, 'rows': 4}
{'ticker': 'QQQ', 'mode': 'binary', 'thr': 0, 'window': '20Y', 'order': 3, 'rows': 8}
{'ticker': 'QQQ', 'mode': 'binary', 'thr': 0, 'window': '20Y', 'order': 4, 'rows': 16}
{'ticker': 'QQQ', 'mode': 'binary', 'thr': 0, 'window': 'MAX', 'order': 1, 'rows': 2}
{'ticker': 'QQQ', 'mode': 'binary', 'thr': 0, 'window': 'MAX', 'order': 2, 'rows': 4}
{'ticker': 'QQQ', 'mode': 'binary', 'thr': 0, 'window': 'MAX', 'order': 3, 'rows': 8}
{'ticker': 'QQQ', 'mode': 'binary', 'thr': 0, 'window': 'MAX', 'order': 4, 'rows': 16}
{'ticker': 'QQQ', 'mode': 'binary', 'thr': 5, 'window': '1Y', 'order': 1, 'rows': 2}
{'ticker': 'QQQ', 'mode': 'binary', 'thr': 5, 'window': '1Y', 'order': 2, 'rows': 4}
{'ticker': 'QQQ', 'mode': 'binary', 'thr': 5, 'window': '1Y', 'order': 3, 'rows': 8}
{'ticker': 'QQQ', 'mode': 'binary', 'thr': 5, 'window': '1Y', 'order': 4, 'rows': 16}
{'ticker': 'QQQ', 'mode': 'binary', 'thr': 5, 'window': '2Y', 'order': 1, 'rows': 2}
{'ticker': 'QQQ', 'mode': 'binary', 'thr': 5, 'window': '2Y', 'order': 2, 'rows': 4}
{'ticker': 'QQQ', 'mode': 'binary', 'thr': 5, 'window': '2Y', 'order': 3, 'rows': 8}
{'ticker': 'QQQ', 'mode': 'binary', 'thr': 5, 'window': '2Y', 'order': 4, 'rows': 16}
{'ticker': 'QQQ', 'mode': 'binary', 'thr': 5, 'window': '5Y', 'order': 1, 'rows': 2}
{'ticker': 'QQQ', 'mode': 'binary', 'thr': 5, 'window': '5Y', 'order': 2, 'rows': 4}
{'ticker': 'QQQ', 'mode': 'binary', 'thr': 5, 'window': '5Y', 'order': 3, 'rows': 8}
{'ticker': 'QQQ', 'mode': 'binary', 'thr': 5, 'window': '5Y', 'order': 4, 'rows': 16}
{'ticker': 'QQQ', 'mode': 'binary', 'thr': 5, 'window': '10Y', 'order': 1, 'rows': 2}
{'ticker': 'QQQ', 'mode': 'binary', 'thr': 5, 'window': '10Y', 'order': 2, 'rows': 4}
{'ticker': 'QQQ', 'mode': 'binary', 'thr': 5, 'window': '10Y', 'order': 3, 'rows': 8}
{'ticker': 'QQQ', 'mode': 'binary', 'thr': 5, 'window': '10Y', 'order': 4, 'rows': 16}
{'ticker': 'QQQ', 'mode': 'binary', 'thr': 5, 'window': '20Y', 'order': 1, 'rows': 2}
{'ticker': 'QQQ', 'mode': 'binary', 'thr': 5, 'window': '20Y', 'order': 2, 'rows': 4}2025-11-12 11:25:08,265 INFO [cli] {'ticker': 'QQQ', 'mode': 'binary', 'thr': 25, 'window': '20Y', 'order': 1, 'rows': 2}
2025-11-12 11:25:08,271 INFO [cli] {'ticker': 'QQQ', 'mode': 'binary', 'thr': 25, 'window': '20Y', 'order': 2, 'rows': 4}
2025-11-12 11:25:08,277 INFO [cli] {'ticker': 'QQQ', 'mode': 'binary', 'thr': 25, 'window': '20Y', 'order': 3, 'rows': 8}
2025-11-12 11:25:08,285 INFO [cli] {'ticker': 'QQQ', 'mode': 'binary', 'thr': 25, 'window': '20Y', 'order': 4, 'rows': 16}
2025-11-12 11:25:08,291 INFO [cli] {'ticker': 'QQQ', 'mode': 'binary', 'thr': 25, 'window': 'MAX', 'order': 1, 'rows': 2}
2025-11-12 11:25:08,299 INFO [cli] {'ticker': 'QQQ', 'mode': 'binary', 'thr': 25, 'window': 'MAX', 'order': 2, 'rows': 4}
2025-11-12 11:25:08,304 INFO [cli] {'ticker': 'QQQ', 'mode': 'binary', 'thr': 25, 'window': 'MAX', 'order': 3, 'rows': 8}
2025-11-12 11:25:08,310 INFO [cli] {'ticker': 'QQQ', 'mode': 'binary', 'thr': 25, 'window': 'MAX', 'order': 4, 'rows': 16}
2025-11-12 11:25:08,323 INFO [cli] {'ticker': 'QQQ', 'mode': 'binary', 'thr': 30, 'window': '1Y', 'order': 1, 'rows': 2}
2025-11-12 11:25:08,332 INFO [cli] {'ticker': 'QQQ', 'mode': 'binary', 'thr': 30, 'window': '1Y', 'order': 2, 'rows': 4}
2025-11-12 11:25:08,338 INFO [cli] {'ticker': 'QQQ', 'mode': 'binary', 'thr': 30, 'window': '1Y', 'order': 3, 'rows': 8}
2025-11-12 11:25:08,345 INFO [cli] {'ticker': 'QQQ', 'mode': 'binary', 'thr': 30, 'window': '1Y', 'order': 4, 'rows': 16}
2025-11-12 11:25:08,351 INFO [cli] {'ticker': 'QQQ', 'mode': 'binary', 'thr': 30, 'window': '2Y', 'order': 1, 'rows': 2}
2025-11-12 11:25:08,359 INFO [cli] {'ticker': 'QQQ', 'mode': 'binary', 'thr': 30, 'window': '2Y', 'order': 2, 'rows': 4}
2025-11-12 11:25:08,365 INFO [cli] {'ticker': 'QQQ', 'mode': 'binary', 'thr': 30, 'window': '2Y', 'order': 3, 'rows': 8}
2025-11-12 11:25:08,373 INFO [cli] {'ticker': 'QQQ', 'mode': 'binary', 'thr': 30, 'window': '2Y', 'order': 4, 'rows': 16}
2025-11-12 11:25:08,378 INFO [cli] {'ticker': 'QQQ', 'mode': 'binary', 'thr': 30, 'window': '5Y', 'order': 1, 'rows': 2}
2025-11-12 11:25:08,386 INFO [cli] {'ticker': 'QQQ', 'mode': 'binary', 'thr': 30, 'window': '5Y', 'order': 2, 'rows': 4}
2025-11-12 11:25:08,393 INFO [cli] {'ticker': 'QQQ', 'mode': 'binary', 'thr': 30, 'window': '5Y', 'order': 3, 'rows': 8}
2025-11-12 11:25:08,400 INFO [cli] {'ticker': 'QQQ', 'mode': 'binary', 'thr': 30, 'window': '5Y', 'order': 4, 'rows': 16}
2025-11-12 11:25:08,406 INFO [cli] {'ticker': 'QQQ', 'mode': 'binary', 'thr': 30, 'window': '10Y', 'order': 1, 'rows': 2}
2025-11-12 11:25:08,414 INFO [cli] {'ticker': 'QQQ', 'mode': 'binary', 'thr': 30, 'window': '10Y', 'order': 2, 'rows': 4}
2025-11-12 11:25:08,419 INFO [cli] {'ticker': 'QQQ', 'mode': 'binary', 'thr': 30, 'window': '10Y', 'order': 3, 'rows': 8}
2025-11-12 11:25:08,425 INFO [cli] {'ticker': 'QQQ', 'mode': 'binary', 'thr': 30, 'window': '10Y', 'order': 4, 'rows': 16}
2025-11-12 11:25:08,432 INFO [cli] {'ticker': 'QQQ', 'mode': 'binary', 'thr': 30, 'window': '20Y', 'order': 1, 'rows': 2}
2025-11-12 11:25:08,441 INFO [cli] {'ticker': 'QQQ', 'mode': 'binary', 'thr': 30, 'window': '20Y', 'order': 2, 'rows': 4}
2025-11-12 11:25:08,450 INFO [cli] {'ticker': 'QQQ', 'mode': 'binary', 'thr': 30, 'window': '20Y', 'order': 3, 'rows': 8}
2025-11-12 11:25:08,459 INFO [cli] {'ticker': 'QQQ', 'mode': 'binary', 'thr': 30, 'window': '20Y', 'order': 4, 'rows': 16}
2025-11-12 11:25:08,469 INFO [cli] {'ticker': 'QQQ', 'mode': 'binary', 'thr': 30, 'window': 'MAX', 'order': 1, 'rows': 2}
2025-11-12 11:25:08,479 INFO [cli] {'ticker': 'QQQ', 'mode': 'binary', 'thr': 30, 'window': 'MAX', 'order': 2, 'rows': 4}
2025-11-12 11:25:08,488 INFO [cli] {'ticker': 'QQQ', 'mode': 'binary', 'thr': 30, 'window': 'MAX', 'order': 3, 'rows': 8}
2025-11-12 11:25:08,500 INFO [cli] {'ticker': 'QQQ', 'mode': 'binary', 'thr': 30, 'window': 'MAX', 'order': 4, 'rows': 16}
2025-11-12 11:25:08,515 INFO [cli] {'ticker': 'QQQ', 'mode': 'binary', 'thr': 35, 'window': '1Y', 'order': 1, 'rows': 2}
2025-11-12 11:25:08,523 INFO [cli] {'ticker': 'QQQ', 'mode': 'binary', 'thr': 35, 'window': '1Y', 'order': 2, 'rows': 4}
2025-11-12 11:25:08,532 INFO [cli] {'ticker': 'QQQ', 'mode': 'binary', 'thr': 35, 'window': '1Y', 'order': 3, 'rows': 8}
2025-11-12 11:25:08,541 INFO [cli] {'ticker': 'QQQ', 'mode': 'binary', 'thr': 35, 'window': '1Y', 'order': 4, 'rows': 16}
2025-11-12 11:25:08,549 INFO [cli] {'ticker': 'QQQ', 'mode': 'binary', 'thr': 35, 'window': '2Y', 'order': 1, 'rows': 2}
2025-11-12 11:25:08,560 INFO [cli] {'ticker': 'QQQ', 'mode': 'binary', 'thr': 35, 'window': '2Y', 'order': 2, 'rows': 4}
2025-11-12 11:25:08,569 INFO [cli] {'ticker': 'QQQ', 'mode': 'binary', 'thr': 35, 'window': '2Y', 'order': 3, 'rows': 8}
2025-11-12 11:25:08,578 INFO [cli] {'ticker': 'QQQ', 'mode': 'binary', 'thr': 35, 'window': '2Y', 'order': 4, 'rows': 16}
2025-11-12 11:25:08,588 INFO [cli] {'ticker': 'QQQ', 'mode': 'binary', 'thr': 35, 'window': '5Y', 'order': 1, 'rows': 2}
2025-11-12 11:25:08,596 INFO [cli] {'ticker': 'QQQ', 'mode': 'binary', 'thr': 35, 'window': '5Y', 'order': 2, 'rows': 4}
2025-11-12 11:25:08,603 INFO [cli] {'ticker': 'QQQ', 'mode': 'binary', 'thr': 35, 'window': '5Y', 'order': 3, 'rows': 8}
2025-11-12 11:25:08,615 INFO [cli] {'ticker': 'QQQ', 'mode': 'binary', 'thr': 35, 'window': '5Y', 'order': 4, 'rows': 16}
2025-11-12 11:25:08,625 INFO [cli] {'ticker': 'QQQ', 'mode': 'binary', 'thr': 35, 'window': '10Y', 'order': 1, 'rows': 2}
2025-11-12 11:25:08,635 INFO [cli] {'ticker': 'QQQ', 'mode': 'binary', 'thr': 35, 'window': '10Y', 'order': 2, 'rows': 4}
2025-11-12 11:25:08,642 INFO [cli] {'ticker': 'QQQ', 'mode': 'binary', 'thr': 35, 'window': '10Y', 'order': 3, 'rows': 8}
2025-11-12 11:25:08,651 INFO [cli] {'ticker': 'QQQ', 'mode': 'binary', 'thr': 35, 'window': '10Y', 'order': 4, 'rows': 16}
2025-11-12 11:25:08,658 INFO [cli] {'ticker': 'QQQ', 'mode': 'binary', 'thr': 35, 'window': '20Y', 'order': 1, 'rows': 2}
2025-11-12 11:25:08,666 INFO [cli] {'ticker': 'QQQ', 'mode': 'binary', 'thr': 35, 'window': '20Y', 'order': 2, 'rows': 4}
2025-11-12 11:25:08,675 INFO [cli] {'ticker': 'QQQ', 'mode': 'binary', 'thr': 35, 'window': '20Y', 'order': 3, 'rows': 8}
2025-11-12 11:25:08,684 INFO [cli] {'ticker': 'QQQ', 'mode': 'binary', 'thr': 35, 'window': '20Y', 'order': 4, 'rows': 16}
2025-11-12 11:25:08,696 INFO [cli] {'ticker': 'QQQ', 'mode': 'binary', 'thr': 35, 'window': 'MAX', 'order': 1, 'rows': 2}
2025-11-12 11:25:08,714 INFO [cli] {'ticker': 'QQQ', 'mode': 'binary', 'thr': 35, 'window': 'MAX', 'order': 2, 'rows': 4}
2025-11-12 11:25:08,722 INFO [cli] {'ticker': 'QQQ', 'mode': 'binary', 'thr': 35, 'window': 'MAX', 'order': 3, 'rows': 8}
2025-11-12 11:25:08,730 INFO [cli] {'ticker': 'QQQ', 'mode': 'binary', 'thr': 35, 'window': 'MAX', 'order': 4, 'rows': 16}
2025-11-12 11:25:08,746 INFO [cli] {'ticker': 'QQQ', 'mode': 'binary', 'thr': 40, 'window': '1Y', 'order': 1, 'rows': 2}
2025-11-12 11:25:08,756 INFO [cli] {'ticker': 'QQQ', 'mode': 'binary', 'thr': 40, 'window': '1Y', 'order': 2, 'rows': 4}
2025-11-12 11:25:08,764 INFO [cli] {'ticker': 'QQQ', 'mode': 'binary', 'thr': 40, 'window': '1Y', 'order': 3, 'rows': 8}
2025-11-12 11:25:08,776 INFO [cli] {'ticker': 'QQQ', 'mode': 'binary', 'thr': 40, 'window': '1Y', 'order': 4, 'rows': 16}
2025-11-12 11:25:08,788 INFO [cli] {'ticker': 'QQQ', 'mode': 'binary', 'thr': 40, 'window': '2Y', 'order': 1, 'rows': 2}
2025-11-12 11:25:08,796 INFO [cli] {'ticker': 'QQQ', 'mode': 'binary', 'thr': 40, 'window': '2Y', 'order': 2, 'rows': 4}
2025-11-12 11:25:08,805 INFO [cli] {'ticker': 'QQQ', 'mode': 'binary', 'thr': 40, 'window': '2Y', 'order': 3, 'rows': 8}
2025-11-12 11:25:08,816 INFO [cli] {'ticker': 'QQQ', 'mode': 'binary', 'thr': 40, 'window': '2Y', 'order': 4, 'rows': 16}
2025-11-12 11:25:08,824 INFO [cli] {'ticker': 'QQQ', 'mode': 'binary', 'thr': 40, 'window': '5Y', 'order': 1, 'rows': 2}
2025-11-12 11:25:08,831 INFO [cli] {'ticker': 'QQQ', 'mode': 'binary', 'thr': 40, 'window': '5Y', 'order': 2, 'rows': 4}
2025-11-12 11:25:08,841 INFO [cli] {'ticker': 'QQQ', 'mode': 'binary', 'thr': 40, 'window': '5Y', 'order': 3, 'rows': 8}
2025-11-12 11:25:08,849 INFO [cli] {'ticker': 'QQQ', 'mode': 'binary', 'thr': 40, 'window': '5Y', 'order': 4, 'rows': 16}
2025-11-12 11:25:08,857 INFO [cli] {'ticker': 'QQQ', 'mode': 'binary', 'thr': 40, 'window': '10Y', 'order': 1, 'rows': 2}
2025-11-12 11:25:08,867 INFO [cli] {'ticker': 'QQQ', 'mode': 'binary', 'thr': 40, 'window': '10Y', 'order': 2, 'rows': 4}
2025-11-12 11:25:08,877 INFO [cli] {'ticker': 'QQQ', 'mode': 'binary', 'thr': 40, 'window': '10Y', 'order': 3, 'rows': 8}
2025-11-12 11:25:08,885 INFO [cli] {'ticker': 'QQQ', 'mode': 'binary', 'thr': 40, 'window': '10Y', 'order': 4, 'rows': 16}
2025-11-12 11:25:08,896 INFO [cli] {'ticker': 'QQQ', 'mode': 'binary', 'thr': 40, 'window': '20Y', 'order': 1, 'rows': 2}
2025-11-12 11:25:08,904 INFO [cli] {'ticker': 'QQQ', 'mode': 'binary', 'thr': 40, 'window': '20Y', 'order': 2, 'rows': 4}
2025-11-12 11:25:08,912 INFO [cli] {'ticker': 'QQQ', 'mode': 'binary', 'thr': 40, 'window': '20Y', 'order': 3, 'rows': 8}
2025-11-12 11:25:08,920 INFO [cli] {'ticker': 'QQQ', 'mode': 'binary', 'thr': 40, 'window': '20Y', 'order': 4, 'rows': 16}
2025-11-12 11:25:08,929 INFO [cli] {'ticker': 'QQQ', 'mode': 'binary', 'thr': 40, 'window': 'MAX', 'order': 1, 'rows': 2}
2025-11-12 11:25:08,936 INFO [cli] {'ticker': 'QQQ', 'mode': 'binary', 'thr': 40, 'window': 'MAX', 'order': 2, 'rows': 4}
2025-11-12 11:25:08,946 INFO [cli] {'ticker': 'QQQ', 'mode': 'binary', 'thr': 40, 'window': 'MAX', 'order': 3, 'rows': 8}
2025-11-12 11:25:08,955 INFO [cli] {'ticker': 'QQQ', 'mode': 'binary', 'thr': 40, 'window': 'MAX', 'order': 4, 'rows': 16}
2025-11-12 11:25:08,971 INFO [cli] {'ticker': 'QQQ', 'mode': 'binary', 'thr': 45, 'window': '1Y', 'order': 1, 'rows': 2}
2025-11-12 11:25:08,980 INFO [cli] {'ticker': 'QQQ', 'mode': 'binary', 'thr': 45, 'window': '1Y', 'order': 2, 'rows': 4}
2025-11-12 11:25:08,988 INFO [cli] {'ticker': 'QQQ', 'mode': 'binary', 'thr': 45, 'window': '1Y', 'order': 3, 'rows': 8}
2025-11-12 11:25:08,998 INFO [cli] {'ticker': 'QQQ', 'mode': 'binary', 'thr': 45, 'window': '1Y', 'order': 4, 'rows': 16}
2025-11-12 11:25:09,007 INFO [cli] {'ticker': 'QQQ', 'mode': 'binary', 'thr': 45, 'window': '2Y', 'order': 1, 'rows': 2}
2025-11-12 11:25:09,015 INFO [cli] {'ticker': 'QQQ', 'mode': 'binary', 'thr': 45, 'window': '2Y', 'order': 2, 'rows': 4}
2025-11-12 11:25:09,023 INFO [cli] {'ticker': 'QQQ', 'mode': 'binary', 'thr': 45, 'window': '2Y', 'order': 3, 'rows': 8}
2025-11-12 11:25:09,034 INFO [cli] {'ticker': 'QQQ', 'mode': 'binary', 'thr': 45, 'window': '2Y', 'order': 4, 'rows': 16}
2025-11-12 11:25:09,044 INFO [cli] {'ticker': 'QQQ', 'mode': 'binary', 'thr': 45, 'window': '5Y', 'order': 1, 'rows': 2}
2025-11-12 11:25:09,055 INFO [cli] {'ticker': 'QQQ', 'mode': 'binary', 'thr': 45, 'window': '5Y', 'order': 2, 'rows': 4}
2025-11-12 11:25:09,064 INFO [cli] {'ticker': 'QQQ', 'mode': 'binary', 'thr': 45, 'window': '5Y', 'order': 3, 'rows': 8}
2025-11-12 11:25:09,073 INFO [cli] {'ticker': 'QQQ', 'mode': 'binary', 'thr': 45, 'window': '5Y', 'order': 4, 'rows': 16}
2025-11-12 11:25:09,081 INFO [cli] {'ticker': 'QQQ', 'mode': 'binary', 'thr': 45, 'window': '10Y', 'order': 1, 'rows': 2}
2025-11-12 11:25:09,091 INFO [cli] {'ticker': 'QQQ', 'mode': 'binary', 'thr': 45, 'window': '10Y', 'order': 2, 'rows': 4}
2025-11-12 11:25:09,099 INFO [cli] {'ticker': 'QQQ', 'mode': 'binary', 'thr': 45, 'window': '10Y', 'order': 3, 'rows': 8}

{'ticker': 'QQQ', 'mode': 'binary', 'thr': 5, 'window': '20Y', 'order': 3, 'rows': 8}
{'ticker': 'QQQ', 'mode': 'binary', 'thr': 5, 'window': '20Y', 'order': 4, 'rows': 16}
{'ticker': 'QQQ', 'mode': 'binary', 'thr': 5, 'window': 'MAX', 'order': 1, 'rows': 2}
{'ticker': 'QQQ', 'mode': 'binary', 'thr': 5, 'window': 'MAX', 'order': 2, 'rows': 4}
{'ticker': 'QQQ', 'mode': 'binary', 'thr': 5, 'window': 'MAX', 'order': 3, 'rows': 8}
{'ticker': 'QQQ', 'mode': 'binary', 'thr': 5, 'window': 'MAX', 'order': 4, 'rows': 16}
{'ticker': 'QQQ', 'mode': 'binary', 'thr': 10, 'window': '1Y', 'order': 1, 'rows': 2}
{'ticker': 'QQQ', 'mode': 'binary', 'thr': 10, 'window': '1Y', 'order': 2, 'rows': 4}
{'ticker': 'QQQ', 'mode': 'binary', 'thr': 10, 'window': '1Y', 'order': 3, 'rows': 8}
{'ticker': 'QQQ', 'mode': 'binary', 'thr': 10, 'window': '1Y', 'order': 4, 'rows': 16}
{'ticker': 'QQQ', 'mode': 'binary', 'thr': 10, 'window': '2Y', 'order': 1, 'rows': 2}
{'ticker': 'QQQ', 'mode': 'binary', 'thr': 10, 'window': '2Y', 'order': 2, 'rows': 4}
{'ticker': 'QQQ', 'mode': 'binary', 'thr': 10, 'window': '2Y', 'order': 3, 'rows': 8}
{'ticker': 'QQQ', 'mode': 'binary', 'thr': 10, 'window': '2Y', 'order': 4, 'rows': 16}
{'ticker': 'QQQ', 'mode': 'binary', 'thr': 10, 'window': '5Y', 'order': 1, 'rows': 2}
{'ticker': 'QQQ', 'mode': 'binary', 'thr': 10, 'window': '5Y', 'order': 2, 'rows': 4}
{'ticker': 'QQQ', 'mode': 'binary', 'thr': 10, 'window': '5Y', 'order': 3, 'rows': 8}
{'ticker': 'QQQ', 'mode': 'binary', 'thr': 10, 'window': '5Y', 'order': 4, 'rows': 16}
{'ticker': 'QQQ', 'mode': 'binary', 'thr': 10, 'window': '10Y', 'order': 1, 'rows': 2}
{'ticker': 'QQQ', 'mode': 'binary', 'thr': 10, 'window': '10Y', 'order': 2, 'rows': 4}
{'ticker': 'QQQ', 'mode': 'binary', 'thr': 10, 'window': '10Y', 'order': 3, 'rows': 8}
{'ticker': 'QQQ', 'mode': 'binary', 'thr': 10, 'window': '10Y', 'order': 4, 'rows': 16}
{'ticker': 'QQQ', 'mode': 'binary', 'thr': 10, 'window': '20Y', 'order': 1, 'rows': 2}
{'ticker': 'QQQ', 'mode': 'binary', 'thr': 10, 'window': '20Y', 'order': 2, 'rows': 4}
{'ticker': 'QQQ', 'mode': 'binary', 'thr': 10, 'window': '20Y', 'order': 3, 'rows': 8}
{'ticker': 'QQQ', 'mode': 'binary', 'thr': 10, 'window': '20Y', 'order': 4, 'rows': 16}
{'ticker': 'QQQ', 'mode': 'binary', 'thr': 10, 'window': 'MAX', 'order': 1, 'rows': 2}
{'ticker': 'QQQ', 'mode': 'binary', 'thr': 10, 'window': 'MAX', 'order': 2, 'rows': 4}
{'ticker': 'QQQ', 'mode': 'binary', 'thr': 10, 'window': 'MAX', 'order': 3, 'rows': 8}
{'ticker': 'QQQ', 'mode': 'binary', 'thr': 10, 'window': 'MAX', 'order': 4, 'rows': 16}
{'ticker': 'QQQ', 'mode': 'binary', 'thr': 15, 'window': '1Y', 'order': 1, 'rows': 2}
{'ticker': 'QQQ', 'mode': 'binary', 'thr': 15, 'window': '1Y', 'order': 2, 'rows': 4}
{'ticker': 'QQQ', 'mode': 'binary', 'thr': 15, 'window': '1Y', 'order': 3, 'rows': 8}
{'ticker': 'QQQ', 'mode': 'binary', 'thr': 15, 'window': '1Y', 'order': 4, 'rows': 16}
{'ticker': 'QQQ', 'mode': 'binary', 'thr': 15, 'window': '2Y', 'order': 1, 'rows': 2}
{'ticker': 'QQQ', 'mode': 'binary', 'thr': 15, 'window': '2Y', 'order': 2, 'rows': 4}
{'ticker': 'QQQ', 'mode': 'binary', 'thr': 15, 'window': '2Y', 'order': 3, 'rows': 8}
{'ticker': 'QQQ', 'mode': 'binary', 'thr': 15, 'window': '2Y', 'order': 4, 'rows': 16}
{'ticker': 'QQQ', 'mode': 'binary', 'thr': 15, 'window': '5Y', 'order': 1, 'rows': 2}
{'ticker': 'QQQ', 'mode': 'binary', 'thr': 15, 'window': '5Y', 'order': 2, 'rows': 4}
{'ticker': 'QQQ', 'mode': 'binary', 'thr': 15, 'window': '5Y', 'order': 3, 'rows': 8}
{'ticker': 'QQQ', 'mode': 'binary', 'thr': 15, 'window': '5Y', 'order': 4, 'rows': 16}
{'ticker': 'QQQ', 'mode': 'binary', 'thr': 15, 'window': '10Y', 'order': 1, 'rows': 2}
{'ticker': 'QQQ', 'mode': 'binary', 'thr': 15, 'window': '10Y', 'order': 2, 'rows': 4}
{'ticker': 'QQQ', 'mode': 'binary', 'thr': 15, 'window': '10Y', 'order': 3, 'rows': 8}
{'ticker': 'QQQ', 'mode': 'binary', 'thr': 15, 'window': '10Y', 'order': 4, 'rows': 16}
{'ticker': 'QQQ', 'mode': 'binary', 'thr': 15, 'window': '20Y', 'order': 1, 'rows': 2}
{'ticker': 'QQQ', 'mode': 'binary', 'thr': 15, 'window': '20Y', 'order': 2, 'rows': 4}
{'ticker': 'QQQ', 'mode': 'binary', 'thr': 15, 'window': '20Y', 'order': 3, 'rows': 8}
{'ticker': 'QQQ', 'mode': 'binary', 'thr': 15, 'window': '20Y', 'order': 4, 'rows': 16}
{'ticker': 'QQQ', 'mode': 'binary', 'thr': 15, 'window': 'MAX', 'order': 1, 'rows': 2}
{'ticker': 'QQQ', 'mode': 'binary', 'thr': 15, 'window': 'MAX', 'order': 2, 'rows': 4}
{'ticker': 'QQQ', 'mode': 'binary', 'thr': 15, 'window': 'MAX', 'order': 3, 'rows': 8}
{'ticker': 'QQQ', 'mode': 'binary', 'thr': 15, 'window': 'MAX', 'order': 4, 'rows': 16}
{'ticker': 'QQQ', 'mode': 'binary', 'thr': 20, 'window': '1Y', 'order': 1, 'rows': 2}
{'ticker': 'QQQ', 'mode': 'binary', 'thr': 20, 'window': '1Y', 'order': 2, 'rows': 4}
{'ticker': 'QQQ', 'mode': 'binary', 'thr': 20, 'window': '1Y', 'order': 3, 'rows': 8}
{'ticker': 'QQQ', 'mode': 'binary', 'thr': 20, 'window': '1Y', 'order': 4, 'rows': 16}
{'ticker': 'QQQ', 'mode': 'binary', 'thr': 20, 'window': '2Y', 'order': 1, 'rows': 2}
{'ticker': 'QQQ', 'mode': 'binary', 'thr': 20, 'window': '2Y', 'order': 2, 'rows': 4}
{'ticker': 'QQQ', 'mode': 'binary', 'thr': 20, 'window': '2Y', 'order': 3, 'rows': 8}
{'ticker': 'QQQ', 'mode': 'binary', 'thr': 20, 'window': '2Y', 'order': 4, 'rows': 16}
{'ticker': 'QQQ', 'mode': 'binary', 'thr': 20, 'window': '5Y', 'order': 1, 'rows': 2}
{'ticker': 'QQQ', 'mode': 'binary', 'thr': 20, 'window': '5Y', 'order': 2, 'rows': 4}
{'ticker': 'QQQ', 'mode': 'binary', 'thr': 20, 'window': '5Y', 'order': 3, 'rows': 8}
{'ticker': 'QQQ', 'mode': 'binary', 'thr': 20, 'window': '5Y', 'order': 4, 'rows': 16}
{'ticker': 'QQQ', 'mode': 'binary', 'thr': 20, 'window': '10Y', 'order': 1, 'rows': 2}
{'ticker': 'QQQ', 'mode': 'binary', 'thr': 20, 'window': '10Y', 'order': 2, 'rows': 4}
{'ticker': 'QQQ', 'mode': 'binary', 'thr': 20, 'window': '10Y', 'order': 3, 'rows': 8}
{'ticker': 'QQQ', 'mode': 'binary', 'thr': 20, 'window': '10Y', 'order': 4, 'rows': 16}
{'ticker': 'QQQ', 'mode': 'binary', 'thr': 20, 'window': '20Y', 'order': 1, 'rows': 2}
{'ticker': 'QQQ', 'mode': 'binary', 'thr': 20, 'window': '20Y', 'order': 2, 'rows': 4}
{'ticker': 'QQQ', 'mode': 'binary', 'thr': 20, 'window': '20Y', 'order': 3, 'rows': 8}
{'ticker': 'QQQ', 'mode': 'binary', 'thr': 20, 'window': '20Y', 'order': 4, 'rows': 16}
{'ticker': 'QQQ', 'mode': 'binary', 'thr': 20, 'window': 'MAX', 'order': 1, 'rows': 2}
{'ticker': 'QQQ', 'mode': 'binary', 'thr': 20, 'window': 'MAX', 'order': 2, 'rows': 4}
{'ticker': 'QQQ', 'mode': 'binary', 'thr': 20, 'window': 'MAX', 'order': 3, 'rows': 8}
{'ticker': 'QQQ', 'mode': 'binary', 'thr': 20, 'window': 'MAX', 'order': 4, 'rows': 16}
{'ticker': 'QQQ', 'mode': 'binary', 'thr': 25, 'window': '1Y', 'order': 1, 'rows': 2}
{'ticker': 'QQQ', 'mode': 'binary', 'thr': 25, 'window': '1Y', 'order': 2, 'rows': 4}
{'ticker': 'QQQ', 'mode': 'binary', 'thr': 25, 'window': '1Y', 'order': 3, 'rows': 8}
{'ticker': 'QQQ', 'mode': 'binary', 'thr': 25, 'window': '1Y', 'order': 4, 'rows': 16}
{'ticker': 'QQQ', 'mode': 'binary', 'thr': 25, 'window': '2Y', 'order': 1, 'rows': 2}
{'ticker': 'QQQ', 'mode': 'binary', 'thr': 25, 'window': '2Y', 'order': 2, 'rows': 4}
{'ticker': 'QQQ', 'mode': 'binary', 'thr': 25, 'window': '2Y', 'order': 3, 'rows': 8}
{'ticker': 'QQQ', 'mode': 'binary', 'thr': 25, 'window': '2Y', 'order': 4, 'rows': 16}
{'ticker': 'QQQ', 'mode': 'binary', 'thr': 25, 'window': '5Y', 'order': 1, 'rows': 2}
{'ticker': 'QQQ', 'mode': 'binary', 'thr': 25, 'window': '5Y', 'order': 2, 'rows': 4}
{'ticker': 'QQQ', 'mode': 'binary', 'thr': 25, 'window': '5Y', 'order': 3, 'rows': 8}
{'ticker': 'QQQ', 'mode': 'binary', 'thr': 25, 'window': '5Y', 'order': 4, 'rows': 16}
{'ticker': 'QQQ', 'mode': 'binary', 'thr': 25, 'window': '10Y', 'order': 1, 'rows': 2}
{'ticker': 'QQQ', 'mode': 'binary', 'thr': 25, 'window': '10Y', 'order': 2, 'rows': 4}
{'ticker': 'QQQ', 'mode': 'binary', 'thr': 25, 'window': '10Y', 'order': 3, 'rows': 8}
{'ticker': 'QQQ', 'mode': 'binary', 'thr': 25, 'window': '10Y', 'order': 4, 'rows': 16}
{'ticker': 'QQQ', 'mode': 'binary', 'thr': 25, 'window': '20Y', 'order': 1, 'rows': 2}2025-11-12 11:25:09,109 INFO [cli] {'ticker': 'QQQ', 'mode': 'binary', 'thr': 45, 'window': '10Y', 'order': 4, 'rows': 16}
2025-11-12 11:25:09,118 INFO [cli] {'ticker': 'QQQ', 'mode': 'binary', 'thr': 45, 'window': '20Y', 'order': 1, 'rows': 2}
2025-11-12 11:25:09,128 INFO [cli] {'ticker': 'QQQ', 'mode': 'binary', 'thr': 45, 'window': '20Y', 'order': 2, 'rows': 4}
2025-11-12 11:25:09,138 INFO [cli] {'ticker': 'QQQ', 'mode': 'binary', 'thr': 45, 'window': '20Y', 'order': 3, 'rows': 8}
2025-11-12 11:25:09,148 INFO [cli] {'ticker': 'QQQ', 'mode': 'binary', 'thr': 45, 'window': '20Y', 'order': 4, 'rows': 16}
2025-11-12 11:25:09,157 INFO [cli] {'ticker': 'QQQ', 'mode': 'binary', 'thr': 45, 'window': 'MAX', 'order': 1, 'rows': 2}
2025-11-12 11:25:09,167 INFO [cli] {'ticker': 'QQQ', 'mode': 'binary', 'thr': 45, 'window': 'MAX', 'order': 2, 'rows': 4}
2025-11-12 11:25:09,177 INFO [cli] {'ticker': 'QQQ', 'mode': 'binary', 'thr': 45, 'window': 'MAX', 'order': 3, 'rows': 8}
2025-11-12 11:25:09,187 INFO [cli] {'ticker': 'QQQ', 'mode': 'binary', 'thr': 45, 'window': 'MAX', 'order': 4, 'rows': 16}
2025-11-12 11:25:09,203 INFO [cli] {'ticker': 'QQQ', 'mode': 'binary', 'thr': 50, 'window': '1Y', 'order': 1, 'rows': 2}
2025-11-12 11:25:09,213 INFO [cli] {'ticker': 'QQQ', 'mode': 'binary', 'thr': 50, 'window': '1Y', 'order': 2, 'rows': 4}
2025-11-12 11:25:09,223 INFO [cli] {'ticker': 'QQQ', 'mode': 'binary', 'thr': 50, 'window': '1Y', 'order': 3, 'rows': 8}
2025-11-12 11:25:09,233 INFO [cli] {'ticker': 'QQQ', 'mode': 'binary', 'thr': 50, 'window': '1Y', 'order': 4, 'rows': 16}
2025-11-12 11:25:09,242 INFO [cli] {'ticker': 'QQQ', 'mode': 'binary', 'thr': 50, 'window': '2Y', 'order': 1, 'rows': 2}
2025-11-12 11:25:09,249 INFO [cli] {'ticker': 'QQQ', 'mode': 'binary', 'thr': 50, 'window': '2Y', 'order': 2, 'rows': 4}
2025-11-12 11:25:09,257 INFO [cli] {'ticker': 'QQQ', 'mode': 'binary', 'thr': 50, 'window': '2Y', 'order': 3, 'rows': 8}
2025-11-12 11:25:09,265 INFO [cli] {'ticker': 'QQQ', 'mode': 'binary', 'thr': 50, 'window': '2Y', 'order': 4, 'rows': 16}
2025-11-12 11:25:09,272 INFO [cli] {'ticker': 'QQQ', 'mode': 'binary', 'thr': 50, 'window': '5Y', 'order': 1, 'rows': 2}
2025-11-12 11:25:09,280 INFO [cli] {'ticker': 'QQQ', 'mode': 'binary', 'thr': 50, 'window': '5Y', 'order': 2, 'rows': 4}
2025-11-12 11:25:09,290 INFO [cli] {'ticker': 'QQQ', 'mode': 'binary', 'thr': 50, 'window': '5Y', 'order': 3, 'rows': 8}
2025-11-12 11:25:09,298 INFO [cli] {'ticker': 'QQQ', 'mode': 'binary', 'thr': 50, 'window': '5Y', 'order': 4, 'rows': 16}
2025-11-12 11:25:09,308 INFO [cli] {'ticker': 'QQQ', 'mode': 'binary', 'thr': 50, 'window': '10Y', 'order': 1, 'rows': 2}
2025-11-12 11:25:09,316 INFO [cli] {'ticker': 'QQQ', 'mode': 'binary', 'thr': 50, 'window': '10Y', 'order': 2, 'rows': 4}
2025-11-12 11:25:09,326 INFO [cli] {'ticker': 'QQQ', 'mode': 'binary', 'thr': 50, 'window': '10Y', 'order': 3, 'rows': 8}
2025-11-12 11:25:09,334 INFO [cli] {'ticker': 'QQQ', 'mode': 'binary', 'thr': 50, 'window': '10Y', 'order': 4, 'rows': 16}
2025-11-12 11:25:09,343 INFO [cli] {'ticker': 'QQQ', 'mode': 'binary', 'thr': 50, 'window': '20Y', 'order': 1, 'rows': 2}
2025-11-12 11:25:09,350 INFO [cli] {'ticker': 'QQQ', 'mode': 'binary', 'thr': 50, 'window': '20Y', 'order': 2, 'rows': 4}
2025-11-12 11:25:09,356 INFO [cli] {'ticker': 'QQQ', 'mode': 'binary', 'thr': 50, 'window': '20Y', 'order': 3, 'rows': 8}
2025-11-12 11:25:09,361 INFO [cli] {'ticker': 'QQQ', 'mode': 'binary', 'thr': 50, 'window': '20Y', 'order': 4, 'rows': 16}
2025-11-12 11:25:09,368 INFO [cli] {'ticker': 'QQQ', 'mode': 'binary', 'thr': 50, 'window': 'MAX', 'order': 1, 'rows': 2}
2025-11-12 11:25:09,376 INFO [cli] {'ticker': 'QQQ', 'mode': 'binary', 'thr': 50, 'window': 'MAX', 'order': 2, 'rows': 4}
2025-11-12 11:25:09,385 INFO [cli] {'ticker': 'QQQ', 'mode': 'binary', 'thr': 50, 'window': 'MAX', 'order': 3, 'rows': 8}
2025-11-12 11:25:09,396 INFO [cli] {'ticker': 'QQQ', 'mode': 'binary', 'thr': 50, 'window': 'MAX', 'order': 4, 'rows': 16}
2025-11-12 11:25:09,411 INFO [cli] {'ticker': 'QQQ', 'mode': 'binary', 'thr': 55, 'window': '1Y', 'order': 1, 'rows': 2}
2025-11-12 11:25:09,421 INFO [cli] {'ticker': 'QQQ', 'mode': 'binary', 'thr': 55, 'window': '1Y', 'order': 2, 'rows': 4}
2025-11-12 11:25:09,432 INFO [cli] {'ticker': 'QQQ', 'mode': 'binary', 'thr': 55, 'window': '1Y', 'order': 3, 'rows': 8}
2025-11-12 11:25:09,440 INFO [cli] {'ticker': 'QQQ', 'mode': 'binary', 'thr': 55, 'window': '1Y', 'order': 4, 'rows': 16}
2025-11-12 11:25:09,450 INFO [cli] {'ticker': 'QQQ', 'mode': 'binary', 'thr': 55, 'window': '2Y', 'order': 1, 'rows': 2}
2025-11-12 11:25:09,459 INFO [cli] {'ticker': 'QQQ', 'mode': 'binary', 'thr': 55, 'window': '2Y', 'order': 2, 'rows': 4}
2025-11-12 11:25:09,467 INFO [cli] {'ticker': 'QQQ', 'mode': 'binary', 'thr': 55, 'window': '2Y', 'order': 3, 'rows': 8}
2025-11-12 11:25:09,476 INFO [cli] {'ticker': 'QQQ', 'mode': 'binary', 'thr': 55, 'window': '2Y', 'order': 4, 'rows': 16}
2025-11-12 11:25:09,487 INFO [cli] {'ticker': 'QQQ', 'mode': 'binary', 'thr': 55, 'window': '5Y', 'order': 1, 'rows': 2}
2025-11-12 11:25:09,497 INFO [cli] {'ticker': 'QQQ', 'mode': 'binary', 'thr': 55, 'window': '5Y', 'order': 2, 'rows': 4}
2025-11-12 11:25:09,505 INFO [cli] {'ticker': 'QQQ', 'mode': 'binary', 'thr': 55, 'window': '5Y', 'order': 3, 'rows': 8}
2025-11-12 11:25:09,516 INFO [cli] {'ticker': 'QQQ', 'mode': 'binary', 'thr': 55, 'window': '5Y', 'order': 4, 'rows': 16}
2025-11-12 11:25:09,525 INFO [cli] {'ticker': 'QQQ', 'mode': 'binary', 'thr': 55, 'window': '10Y', 'order': 1, 'rows': 2}
2025-11-12 11:25:09,534 INFO [cli] {'ticker': 'QQQ', 'mode': 'binary', 'thr': 55, 'window': '10Y', 'order': 2, 'rows': 4}
2025-11-12 11:25:09,544 INFO [cli] {'ticker': 'QQQ', 'mode': 'binary', 'thr': 55, 'window': '10Y', 'order': 3, 'rows': 8}
2025-11-12 11:25:09,554 INFO [cli] {'ticker': 'QQQ', 'mode': 'binary', 'thr': 55, 'window': '10Y', 'order': 4, 'rows': 16}
2025-11-12 11:25:09,563 INFO [cli] {'ticker': 'QQQ', 'mode': 'binary', 'thr': 55, 'window': '20Y', 'order': 1, 'rows': 2}
2025-11-12 11:25:09,573 INFO [cli] {'ticker': 'QQQ', 'mode': 'binary', 'thr': 55, 'window': '20Y', 'order': 2, 'rows': 4}
2025-11-12 11:25:09,582 INFO [cli] {'ticker': 'QQQ', 'mode': 'binary', 'thr': 55, 'window': '20Y', 'order': 3, 'rows': 8}
2025-11-12 11:25:09,590 INFO [cli] {'ticker': 'QQQ', 'mode': 'binary', 'thr': 55, 'window': '20Y', 'order': 4, 'rows': 16}
2025-11-12 11:25:09,598 INFO [cli] {'ticker': 'QQQ', 'mode': 'binary', 'thr': 55, 'window': 'MAX', 'order': 1, 'rows': 2}
2025-11-12 11:25:09,608 INFO [cli] {'ticker': 'QQQ', 'mode': 'binary', 'thr': 55, 'window': 'MAX', 'order': 2, 'rows': 4}
2025-11-12 11:25:09,620 INFO [cli] {'ticker': 'QQQ', 'mode': 'binary', 'thr': 55, 'window': 'MAX', 'order': 3, 'rows': 8}
2025-11-12 11:25:09,630 INFO [cli] {'ticker': 'QQQ', 'mode': 'binary', 'thr': 55, 'window': 'MAX', 'order': 4, 'rows': 16}
2025-11-12 11:25:09,647 INFO [cli] {'ticker': 'QQQ', 'mode': 'binary', 'thr': 60, 'window': '1Y', 'order': 1, 'rows': 2}
2025-11-12 11:25:09,655 INFO [cli] {'ticker': 'QQQ', 'mode': 'binary', 'thr': 60, 'window': '1Y', 'order': 2, 'rows': 4}
2025-11-12 11:25:09,662 INFO [cli] {'ticker': 'QQQ', 'mode': 'binary', 'thr': 60, 'window': '1Y', 'order': 3, 'rows': 8}
2025-11-12 11:25:09,669 INFO [cli] {'ticker': 'QQQ', 'mode': 'binary', 'thr': 60, 'window': '1Y', 'order': 4, 'rows': 16}
2025-11-12 11:25:09,677 INFO [cli] {'ticker': 'QQQ', 'mode': 'binary', 'thr': 60, 'window': '2Y', 'order': 1, 'rows': 2}
2025-11-12 11:25:09,685 INFO [cli] {'ticker': 'QQQ', 'mode': 'binary', 'thr': 60, 'window': '2Y', 'order': 2, 'rows': 4}
2025-11-12 11:25:09,695 INFO [cli] {'ticker': 'QQQ', 'mode': 'binary', 'thr': 60, 'window': '2Y', 'order': 3, 'rows': 8}
2025-11-12 11:25:09,703 INFO [cli] {'ticker': 'QQQ', 'mode': 'binary', 'thr': 60, 'window': '2Y', 'order': 4, 'rows': 16}
2025-11-12 11:25:09,710 INFO [cli] {'ticker': 'QQQ', 'mode': 'binary', 'thr': 60, 'window': '5Y', 'order': 1, 'rows': 2}
2025-11-12 11:25:09,720 INFO [cli] {'ticker': 'QQQ', 'mode': 'binary', 'thr': 60, 'window': '5Y', 'order': 2, 'rows': 4}
2025-11-12 11:25:09,728 INFO [cli] {'ticker': 'QQQ', 'mode': 'binary', 'thr': 60, 'window': '5Y', 'order': 3, 'rows': 8}
2025-11-12 11:25:09,735 INFO [cli] {'ticker': 'QQQ', 'mode': 'binary', 'thr': 60, 'window': '5Y', 'order': 4, 'rows': 16}
2025-11-12 11:25:09,743 INFO [cli] {'ticker': 'QQQ', 'mode': 'binary', 'thr': 60, 'window': '10Y', 'order': 1, 'rows': 2}
2025-11-12 11:25:09,751 INFO [cli] {'ticker': 'QQQ', 'mode': 'binary', 'thr': 60, 'window': '10Y', 'order': 2, 'rows': 4}
2025-11-12 11:25:09,760 INFO [cli] {'ticker': 'QQQ', 'mode': 'binary', 'thr': 60, 'window': '10Y', 'order': 3, 'rows': 8}
2025-11-12 11:25:09,769 INFO [cli] {'ticker': 'QQQ', 'mode': 'binary', 'thr': 60, 'window': '10Y', 'order': 4, 'rows': 16}
2025-11-12 11:25:09,778 INFO [cli] {'ticker': 'QQQ', 'mode': 'binary', 'thr': 60, 'window': '20Y', 'order': 1, 'rows': 2}
2025-11-12 11:25:09,790 INFO [cli] {'ticker': 'QQQ', 'mode': 'binary', 'thr': 60, 'window': '20Y', 'order': 2, 'rows': 4}
2025-11-12 11:25:09,799 INFO [cli] {'ticker': 'QQQ', 'mode': 'binary', 'thr': 60, 'window': '20Y', 'order': 3, 'rows': 8}
2025-11-12 11:25:09,809 INFO [cli] {'ticker': 'QQQ', 'mode': 'binary', 'thr': 60, 'window': '20Y', 'order': 4, 'rows': 16}
2025-11-12 11:25:09,817 INFO [cli] {'ticker': 'QQQ', 'mode': 'binary', 'thr': 60, 'window': 'MAX', 'order': 1, 'rows': 2}
2025-11-12 11:25:09,830 INFO [cli] {'ticker': 'QQQ', 'mode': 'binary', 'thr': 60, 'window': 'MAX', 'order': 2, 'rows': 4}
2025-11-12 11:25:09,840 INFO [cli] {'ticker': 'QQQ', 'mode': 'binary', 'thr': 60, 'window': 'MAX', 'order': 3, 'rows': 8}
2025-11-12 11:25:09,849 INFO [cli] {'ticker': 'QQQ', 'mode': 'binary', 'thr': 60, 'window': 'MAX', 'order': 4, 'rows': 16}
2025-11-12 11:25:09,865 INFO [cli] {'ticker': 'QQQ', 'mode': 'binary', 'thr': 65, 'window': '1Y', 'order': 1, 'rows': 2}
2025-11-12 11:25:09,873 INFO [cli] {'ticker': 'QQQ', 'mode': 'binary', 'thr': 65, 'window': '1Y', 'order': 2, 'rows': 4}
2025-11-12 11:25:09,882 INFO [cli] {'ticker': 'QQQ', 'mode': 'binary', 'thr': 65, 'window': '1Y', 'order': 3, 'rows': 8}
2025-11-12 11:25:09,891 INFO [cli] {'ticker': 'QQQ', 'mode': 'binary', 'thr': 65, 'window': '1Y', 'order': 4, 'rows': 16}
2025-11-12 11:25:09,900 INFO [cli] {'ticker': 'QQQ', 'mode': 'binary', 'thr': 65, 'window': '2Y', 'order': 1, 'rows': 2}
2025-11-12 11:25:09,911 INFO [cli] {'ticker': 'QQQ', 'mode': 'binary', 'thr': 65, 'window': '2Y', 'order': 2, 'rows': 4}
2025-11-12 11:25:09,923 INFO [cli] {'ticker': 'QQQ', 'mode': 'binary', 'thr': 65, 'window': '2Y', 'order': 3, 'rows': 8}
2025-11-12 11:25:09,933 INFO [cli] {'ticker': 'QQQ', 'mode': 'binary', 'thr': 65, 'window': '2Y', 'order': 4, 'rows': 16}
2025-11-12 11:25:09,942 INFO [cli] {'ticker': 'QQQ', 'mode': 'binary', 'thr': 65, 'window': '5Y', 'order': 1, 'rows': 2}
2025-11-12 11:25:09,952 INFO [cli] {'ticker': 'QQQ', 'mode': 'binary', 'thr': 65, 'window': '5Y', 'order': 2, 'rows': 4}
2025-11-12 11:25:09,962 INFO [cli] {'ticker': 'QQQ', 'mode': 'binary', 'thr': 65, 'window': '5Y', 'order': 3, 'rows': 8}
2025-11-12 11:25:09,972 INFO [cli] {'ticker': 'QQQ', 'mode': 'binary', 'thr': 65, 'window': '5Y', 'order': 4, 'rows': 16}
2025-11-12 11:25:09,981 INFO [cli] {'ticker': 'QQQ', 'mode': 'binary', 'thr': 65, 'window': '10Y', 'order': 1, 'rows': 2}
2025-11-12 11:25:09,988 INFO [cli] {'ticker': 'QQQ', 'mode': 'binary', 'thr': 65, 'window': '10Y', 'order': 2, 'rows': 4}

{'ticker': 'QQQ', 'mode': 'binary', 'thr': 25, 'window': '20Y', 'order': 2, 'rows': 4}
{'ticker': 'QQQ', 'mode': 'binary', 'thr': 25, 'window': '20Y', 'order': 3, 'rows': 8}
{'ticker': 'QQQ', 'mode': 'binary', 'thr': 25, 'window': '20Y', 'order': 4, 'rows': 16}
{'ticker': 'QQQ', 'mode': 'binary', 'thr': 25, 'window': 'MAX', 'order': 1, 'rows': 2}
{'ticker': 'QQQ', 'mode': 'binary', 'thr': 25, 'window': 'MAX', 'order': 2, 'rows': 4}
{'ticker': 'QQQ', 'mode': 'binary', 'thr': 25, 'window': 'MAX', 'order': 3, 'rows': 8}
{'ticker': 'QQQ', 'mode': 'binary', 'thr': 25, 'window': 'MAX', 'order': 4, 'rows': 16}
{'ticker': 'QQQ', 'mode': 'binary', 'thr': 30, 'window': '1Y', 'order': 1, 'rows': 2}
{'ticker': 'QQQ', 'mode': 'binary', 'thr': 30, 'window': '1Y', 'order': 2, 'rows': 4}
{'ticker': 'QQQ', 'mode': 'binary', 'thr': 30, 'window': '1Y', 'order': 3, 'rows': 8}
{'ticker': 'QQQ', 'mode': 'binary', 'thr': 30, 'window': '1Y', 'order': 4, 'rows': 16}
{'ticker': 'QQQ', 'mode': 'binary', 'thr': 30, 'window': '2Y', 'order': 1, 'rows': 2}
{'ticker': 'QQQ', 'mode': 'binary', 'thr': 30, 'window': '2Y', 'order': 2, 'rows': 4}
{'ticker': 'QQQ', 'mode': 'binary', 'thr': 30, 'window': '2Y', 'order': 3, 'rows': 8}
{'ticker': 'QQQ', 'mode': 'binary', 'thr': 30, 'window': '2Y', 'order': 4, 'rows': 16}
{'ticker': 'QQQ', 'mode': 'binary', 'thr': 30, 'window': '5Y', 'order': 1, 'rows': 2}
{'ticker': 'QQQ', 'mode': 'binary', 'thr': 30, 'window': '5Y', 'order': 2, 'rows': 4}
{'ticker': 'QQQ', 'mode': 'binary', 'thr': 30, 'window': '5Y', 'order': 3, 'rows': 8}
{'ticker': 'QQQ', 'mode': 'binary', 'thr': 30, 'window': '5Y', 'order': 4, 'rows': 16}
{'ticker': 'QQQ', 'mode': 'binary', 'thr': 30, 'window': '10Y', 'order': 1, 'rows': 2}
{'ticker': 'QQQ', 'mode': 'binary', 'thr': 30, 'window': '10Y', 'order': 2, 'rows': 4}
{'ticker': 'QQQ', 'mode': 'binary', 'thr': 30, 'window': '10Y', 'order': 3, 'rows': 8}
{'ticker': 'QQQ', 'mode': 'binary', 'thr': 30, 'window': '10Y', 'order': 4, 'rows': 16}
{'ticker': 'QQQ', 'mode': 'binary', 'thr': 30, 'window': '20Y', 'order': 1, 'rows': 2}
{'ticker': 'QQQ', 'mode': 'binary', 'thr': 30, 'window': '20Y', 'order': 2, 'rows': 4}
{'ticker': 'QQQ', 'mode': 'binary', 'thr': 30, 'window': '20Y', 'order': 3, 'rows': 8}
{'ticker': 'QQQ', 'mode': 'binary', 'thr': 30, 'window': '20Y', 'order': 4, 'rows': 16}
{'ticker': 'QQQ', 'mode': 'binary', 'thr': 30, 'window': 'MAX', 'order': 1, 'rows': 2}
{'ticker': 'QQQ', 'mode': 'binary', 'thr': 30, 'window': 'MAX', 'order': 2, 'rows': 4}
{'ticker': 'QQQ', 'mode': 'binary', 'thr': 30, 'window': 'MAX', 'order': 3, 'rows': 8}
{'ticker': 'QQQ', 'mode': 'binary', 'thr': 30, 'window': 'MAX', 'order': 4, 'rows': 16}
{'ticker': 'QQQ', 'mode': 'binary', 'thr': 35, 'window': '1Y', 'order': 1, 'rows': 2}
{'ticker': 'QQQ', 'mode': 'binary', 'thr': 35, 'window': '1Y', 'order': 2, 'rows': 4}
{'ticker': 'QQQ', 'mode': 'binary', 'thr': 35, 'window': '1Y', 'order': 3, 'rows': 8}
{'ticker': 'QQQ', 'mode': 'binary', 'thr': 35, 'window': '1Y', 'order': 4, 'rows': 16}
{'ticker': 'QQQ', 'mode': 'binary', 'thr': 35, 'window': '2Y', 'order': 1, 'rows': 2}
{'ticker': 'QQQ', 'mode': 'binary', 'thr': 35, 'window': '2Y', 'order': 2, 'rows': 4}
{'ticker': 'QQQ', 'mode': 'binary', 'thr': 35, 'window': '2Y', 'order': 3, 'rows': 8}
{'ticker': 'QQQ', 'mode': 'binary', 'thr': 35, 'window': '2Y', 'order': 4, 'rows': 16}
{'ticker': 'QQQ', 'mode': 'binary', 'thr': 35, 'window': '5Y', 'order': 1, 'rows': 2}
{'ticker': 'QQQ', 'mode': 'binary', 'thr': 35, 'window': '5Y', 'order': 2, 'rows': 4}
{'ticker': 'QQQ', 'mode': 'binary', 'thr': 35, 'window': '5Y', 'order': 3, 'rows': 8}
{'ticker': 'QQQ', 'mode': 'binary', 'thr': 35, 'window': '5Y', 'order': 4, 'rows': 16}
{'ticker': 'QQQ', 'mode': 'binary', 'thr': 35, 'window': '10Y', 'order': 1, 'rows': 2}
{'ticker': 'QQQ', 'mode': 'binary', 'thr': 35, 'window': '10Y', 'order': 2, 'rows': 4}
{'ticker': 'QQQ', 'mode': 'binary', 'thr': 35, 'window': '10Y', 'order': 3, 'rows': 8}
{'ticker': 'QQQ', 'mode': 'binary', 'thr': 35, 'window': '10Y', 'order': 4, 'rows': 16}
{'ticker': 'QQQ', 'mode': 'binary', 'thr': 35, 'window': '20Y', 'order': 1, 'rows': 2}
{'ticker': 'QQQ', 'mode': 'binary', 'thr': 35, 'window': '20Y', 'order': 2, 'rows': 4}
{'ticker': 'QQQ', 'mode': 'binary', 'thr': 35, 'window': '20Y', 'order': 3, 'rows': 8}
{'ticker': 'QQQ', 'mode': 'binary', 'thr': 35, 'window': '20Y', 'order': 4, 'rows': 16}
{'ticker': 'QQQ', 'mode': 'binary', 'thr': 35, 'window': 'MAX', 'order': 1, 'rows': 2}
{'ticker': 'QQQ', 'mode': 'binary', 'thr': 35, 'window': 'MAX', 'order': 2, 'rows': 4}
{'ticker': 'QQQ', 'mode': 'binary', 'thr': 35, 'window': 'MAX', 'order': 3, 'rows': 8}
{'ticker': 'QQQ', 'mode': 'binary', 'thr': 35, 'window': 'MAX', 'order': 4, 'rows': 16}
{'ticker': 'QQQ', 'mode': 'binary', 'thr': 40, 'window': '1Y', 'order': 1, 'rows': 2}
{'ticker': 'QQQ', 'mode': 'binary', 'thr': 40, 'window': '1Y', 'order': 2, 'rows': 4}
{'ticker': 'QQQ', 'mode': 'binary', 'thr': 40, 'window': '1Y', 'order': 3, 'rows': 8}
{'ticker': 'QQQ', 'mode': 'binary', 'thr': 40, 'window': '1Y', 'order': 4, 'rows': 16}
{'ticker': 'QQQ', 'mode': 'binary', 'thr': 40, 'window': '2Y', 'order': 1, 'rows': 2}
{'ticker': 'QQQ', 'mode': 'binary', 'thr': 40, 'window': '2Y', 'order': 2, 'rows': 4}
{'ticker': 'QQQ', 'mode': 'binary', 'thr': 40, 'window': '2Y', 'order': 3, 'rows': 8}
{'ticker': 'QQQ', 'mode': 'binary', 'thr': 40, 'window': '2Y', 'order': 4, 'rows': 16}
{'ticker': 'QQQ', 'mode': 'binary', 'thr': 40, 'window': '5Y', 'order': 1, 'rows': 2}
{'ticker': 'QQQ', 'mode': 'binary', 'thr': 40, 'window': '5Y', 'order': 2, 'rows': 4}
{'ticker': 'QQQ', 'mode': 'binary', 'thr': 40, 'window': '5Y', 'order': 3, 'rows': 8}
{'ticker': 'QQQ', 'mode': 'binary', 'thr': 40, 'window': '5Y', 'order': 4, 'rows': 16}
{'ticker': 'QQQ', 'mode': 'binary', 'thr': 40, 'window': '10Y', 'order': 1, 'rows': 2}
{'ticker': 'QQQ', 'mode': 'binary', 'thr': 40, 'window': '10Y', 'order': 2, 'rows': 4}
{'ticker': 'QQQ', 'mode': 'binary', 'thr': 40, 'window': '10Y', 'order': 3, 'rows': 8}
{'ticker': 'QQQ', 'mode': 'binary', 'thr': 40, 'window': '10Y', 'order': 4, 'rows': 16}
{'ticker': 'QQQ', 'mode': 'binary', 'thr': 40, 'window': '20Y', 'order': 1, 'rows': 2}
{'ticker': 'QQQ', 'mode': 'binary', 'thr': 40, 'window': '20Y', 'order': 2, 'rows': 4}
{'ticker': 'QQQ', 'mode': 'binary', 'thr': 40, 'window': '20Y', 'order': 3, 'rows': 8}
{'ticker': 'QQQ', 'mode': 'binary', 'thr': 40, 'window': '20Y', 'order': 4, 'rows': 16}
{'ticker': 'QQQ', 'mode': 'binary', 'thr': 40, 'window': 'MAX', 'order': 1, 'rows': 2}
{'ticker': 'QQQ', 'mode': 'binary', 'thr': 40, 'window': 'MAX', 'order': 2, 'rows': 4}
{'ticker': 'QQQ', 'mode': 'binary', 'thr': 40, 'window': 'MAX', 'order': 3, 'rows': 8}
{'ticker': 'QQQ', 'mode': 'binary', 'thr': 40, 'window': 'MAX', 'order': 4, 'rows': 16}
{'ticker': 'QQQ', 'mode': 'binary', 'thr': 45, 'window': '1Y', 'order': 1, 'rows': 2}
{'ticker': 'QQQ', 'mode': 'binary', 'thr': 45, 'window': '1Y', 'order': 2, 'rows': 4}
{'ticker': 'QQQ', 'mode': 'binary', 'thr': 45, 'window': '1Y', 'order': 3, 'rows': 8}
{'ticker': 'QQQ', 'mode': 'binary', 'thr': 45, 'window': '1Y', 'order': 4, 'rows': 16}
{'ticker': 'QQQ', 'mode': 'binary', 'thr': 45, 'window': '2Y', 'order': 1, 'rows': 2}
{'ticker': 'QQQ', 'mode': 'binary', 'thr': 45, 'window': '2Y', 'order': 2, 'rows': 4}
{'ticker': 'QQQ', 'mode': 'binary', 'thr': 45, 'window': '2Y', 'order': 3, 'rows': 8}
{'ticker': 'QQQ', 'mode': 'binary', 'thr': 45, 'window': '2Y', 'order': 4, 'rows': 16}
{'ticker': 'QQQ', 'mode': 'binary', 'thr': 45, 'window': '5Y', 'order': 1, 'rows': 2}
{'ticker': 'QQQ', 'mode': 'binary', 'thr': 45, 'window': '5Y', 'order': 2, 'rows': 4}
{'ticker': 'QQQ', 'mode': 'binary', 'thr': 45, 'window': '5Y', 'order': 3, 'rows': 8}
{'ticker': 'QQQ', 'mode': 'binary', 'thr': 45, 'window': '5Y', 'order': 4, 'rows': 16}
{'ticker': 'QQQ', 'mode': 'binary', 'thr': 45, 'window': '10Y', 'order': 1, 'rows': 2}
{'ticker': 'QQQ', 'mode': 'binary', 'thr': 45, 'window': '10Y', 'order': 2, 'rows': 4}
{'ticker': 'QQQ', 'mode': 'binary', 'thr': 45, 'window': '10Y', 'order': 3, 'rows': 8}
{'ticker': 'QQQ', 'mode': 'binary', 'thr': 45, 'window': '10Y', 'order': 4, 'rows': 16}2025-11-12 11:25:09,996 INFO [cli] {'ticker': 'QQQ', 'mode': 'binary', 'thr': 65, 'window': '10Y', 'order': 3, 'rows': 8}
2025-11-12 11:25:10,004 INFO [cli] {'ticker': 'QQQ', 'mode': 'binary', 'thr': 65, 'window': '10Y', 'order': 4, 'rows': 16}
2025-11-12 11:25:10,012 INFO [cli] {'ticker': 'QQQ', 'mode': 'binary', 'thr': 65, 'window': '20Y', 'order': 1, 'rows': 2}
2025-11-12 11:25:10,020 INFO [cli] {'ticker': 'QQQ', 'mode': 'binary', 'thr': 65, 'window': '20Y', 'order': 2, 'rows': 4}
2025-11-12 11:25:10,028 INFO [cli] {'ticker': 'QQQ', 'mode': 'binary', 'thr': 65, 'window': '20Y', 'order': 3, 'rows': 8}
2025-11-12 11:25:10,036 INFO [cli] {'ticker': 'QQQ', 'mode': 'binary', 'thr': 65, 'window': '20Y', 'order': 4, 'rows': 16}
2025-11-12 11:25:10,045 INFO [cli] {'ticker': 'QQQ', 'mode': 'binary', 'thr': 65, 'window': 'MAX', 'order': 1, 'rows': 2}
2025-11-12 11:25:10,054 INFO [cli] {'ticker': 'QQQ', 'mode': 'binary', 'thr': 65, 'window': 'MAX', 'order': 2, 'rows': 4}
2025-11-12 11:25:10,061 INFO [cli] {'ticker': 'QQQ', 'mode': 'binary', 'thr': 65, 'window': 'MAX', 'order': 3, 'rows': 8}
2025-11-12 11:25:10,068 INFO [cli] {'ticker': 'QQQ', 'mode': 'binary', 'thr': 65, 'window': 'MAX', 'order': 4, 'rows': 16}
2025-11-12 11:25:10,085 INFO [cli] {'ticker': 'QQQ', 'mode': 'binary', 'thr': 70, 'window': '1Y', 'order': 1, 'rows': 2}
2025-11-12 11:25:10,094 INFO [cli] {'ticker': 'QQQ', 'mode': 'binary', 'thr': 70, 'window': '1Y', 'order': 2, 'rows': 4}
2025-11-12 11:25:10,103 INFO [cli] {'ticker': 'QQQ', 'mode': 'binary', 'thr': 70, 'window': '1Y', 'order': 3, 'rows': 8}
2025-11-12 11:25:10,111 INFO [cli] {'ticker': 'QQQ', 'mode': 'binary', 'thr': 70, 'window': '1Y', 'order': 4, 'rows': 16}
2025-11-12 11:25:10,119 INFO [cli] {'ticker': 'QQQ', 'mode': 'binary', 'thr': 70, 'window': '2Y', 'order': 1, 'rows': 2}
2025-11-12 11:25:10,128 INFO [cli] {'ticker': 'QQQ', 'mode': 'binary', 'thr': 70, 'window': '2Y', 'order': 2, 'rows': 4}
2025-11-12 11:25:10,137 INFO [cli] {'ticker': 'QQQ', 'mode': 'binary', 'thr': 70, 'window': '2Y', 'order': 3, 'rows': 8}
2025-11-12 11:25:10,145 INFO [cli] {'ticker': 'QQQ', 'mode': 'binary', 'thr': 70, 'window': '2Y', 'order': 4, 'rows': 16}
2025-11-12 11:25:10,155 INFO [cli] {'ticker': 'QQQ', 'mode': 'binary', 'thr': 70, 'window': '5Y', 'order': 1, 'rows': 2}
2025-11-12 11:25:10,165 INFO [cli] {'ticker': 'QQQ', 'mode': 'binary', 'thr': 70, 'window': '5Y', 'order': 2, 'rows': 4}
2025-11-12 11:25:10,174 INFO [cli] {'ticker': 'QQQ', 'mode': 'binary', 'thr': 70, 'window': '5Y', 'order': 3, 'rows': 8}
2025-11-12 11:25:10,182 INFO [cli] {'ticker': 'QQQ', 'mode': 'binary', 'thr': 70, 'window': '5Y', 'order': 4, 'rows': 16}
2025-11-12 11:25:10,191 INFO [cli] {'ticker': 'QQQ', 'mode': 'binary', 'thr': 70, 'window': '10Y', 'order': 1, 'rows': 2}
2025-11-12 11:25:10,199 INFO [cli] {'ticker': 'QQQ', 'mode': 'binary', 'thr': 70, 'window': '10Y', 'order': 2, 'rows': 4}
2025-11-12 11:25:10,208 INFO [cli] {'ticker': 'QQQ', 'mode': 'binary', 'thr': 70, 'window': '10Y', 'order': 3, 'rows': 8}
2025-11-12 11:25:10,218 INFO [cli] {'ticker': 'QQQ', 'mode': 'binary', 'thr': 70, 'window': '10Y', 'order': 4, 'rows': 16}
2025-11-12 11:25:10,226 INFO [cli] {'ticker': 'QQQ', 'mode': 'binary', 'thr': 70, 'window': '20Y', 'order': 1, 'rows': 2}
2025-11-12 11:25:10,237 INFO [cli] {'ticker': 'QQQ', 'mode': 'binary', 'thr': 70, 'window': '20Y', 'order': 2, 'rows': 4}
2025-11-12 11:25:10,245 INFO [cli] {'ticker': 'QQQ', 'mode': 'binary', 'thr': 70, 'window': '20Y', 'order': 3, 'rows': 8}
2025-11-12 11:25:10,255 INFO [cli] {'ticker': 'QQQ', 'mode': 'binary', 'thr': 70, 'window': '20Y', 'order': 4, 'rows': 16}
2025-11-12 11:25:10,263 INFO [cli] {'ticker': 'QQQ', 'mode': 'binary', 'thr': 70, 'window': 'MAX', 'order': 1, 'rows': 2}
2025-11-12 11:25:10,275 INFO [cli] {'ticker': 'QQQ', 'mode': 'binary', 'thr': 70, 'window': 'MAX', 'order': 2, 'rows': 4}
2025-11-12 11:25:10,283 INFO [cli] {'ticker': 'QQQ', 'mode': 'binary', 'thr': 70, 'window': 'MAX', 'order': 3, 'rows': 8}
2025-11-12 11:25:10,292 INFO [cli] {'ticker': 'QQQ', 'mode': 'binary', 'thr': 70, 'window': 'MAX', 'order': 4, 'rows': 16}
2025-11-12 11:25:10,308 INFO [cli] {'ticker': 'QQQ', 'mode': 'binary', 'thr': 75, 'window': '1Y', 'order': 1, 'rows': 2}
2025-11-12 11:25:10,317 INFO [cli] {'ticker': 'QQQ', 'mode': 'binary', 'thr': 75, 'window': '1Y', 'order': 2, 'rows': 4}
2025-11-12 11:25:10,327 INFO [cli] {'ticker': 'QQQ', 'mode': 'binary', 'thr': 75, 'window': '1Y', 'order': 3, 'rows': 8}
2025-11-12 11:25:10,336 INFO [cli] {'ticker': 'QQQ', 'mode': 'binary', 'thr': 75, 'window': '1Y', 'order': 4, 'rows': 16}
2025-11-12 11:25:10,346 INFO [cli] {'ticker': 'QQQ', 'mode': 'binary', 'thr': 75, 'window': '2Y', 'order': 1, 'rows': 2}
2025-11-12 11:25:10,355 INFO [cli] {'ticker': 'QQQ', 'mode': 'binary', 'thr': 75, 'window': '2Y', 'order': 2, 'rows': 4}
2025-11-12 11:25:10,364 INFO [cli] {'ticker': 'QQQ', 'mode': 'binary', 'thr': 75, 'window': '2Y', 'order': 3, 'rows': 8}
2025-11-12 11:25:10,374 INFO [cli] {'ticker': 'QQQ', 'mode': 'binary', 'thr': 75, 'window': '2Y', 'order': 4, 'rows': 16}
2025-11-12 11:25:10,381 INFO [cli] {'ticker': 'QQQ', 'mode': 'binary', 'thr': 75, 'window': '5Y', 'order': 1, 'rows': 2}
2025-11-12 11:25:10,390 INFO [cli] {'ticker': 'QQQ', 'mode': 'binary', 'thr': 75, 'window': '5Y', 'order': 2, 'rows': 4}
2025-11-12 11:25:10,400 INFO [cli] {'ticker': 'QQQ', 'mode': 'binary', 'thr': 75, 'window': '5Y', 'order': 3, 'rows': 8}
2025-11-12 11:25:10,410 INFO [cli] {'ticker': 'QQQ', 'mode': 'binary', 'thr': 75, 'window': '5Y', 'order': 4, 'rows': 16}
2025-11-12 11:25:10,419 INFO [cli] {'ticker': 'QQQ', 'mode': 'binary', 'thr': 75, 'window': '10Y', 'order': 1, 'rows': 2}
2025-11-12 11:25:10,429 INFO [cli] {'ticker': 'QQQ', 'mode': 'binary', 'thr': 75, 'window': '10Y', 'order': 2, 'rows': 4}
2025-11-12 11:25:10,438 INFO [cli] {'ticker': 'QQQ', 'mode': 'binary', 'thr': 75, 'window': '10Y', 'order': 3, 'rows': 8}
2025-11-12 11:25:10,449 INFO [cli] {'ticker': 'QQQ', 'mode': 'binary', 'thr': 75, 'window': '10Y', 'order': 4, 'rows': 16}
2025-11-12 11:25:10,460 INFO [cli] {'ticker': 'QQQ', 'mode': 'binary', 'thr': 75, 'window': '20Y', 'order': 1, 'rows': 2}
2025-11-12 11:25:10,470 INFO [cli] {'ticker': 'QQQ', 'mode': 'binary', 'thr': 75, 'window': '20Y', 'order': 2, 'rows': 4}
2025-11-12 11:25:10,479 INFO [cli] {'ticker': 'QQQ', 'mode': 'binary', 'thr': 75, 'window': '20Y', 'order': 3, 'rows': 8}
2025-11-12 11:25:10,490 INFO [cli] {'ticker': 'QQQ', 'mode': 'binary', 'thr': 75, 'window': '20Y', 'order': 4, 'rows': 16}
2025-11-12 11:25:10,500 INFO [cli] {'ticker': 'QQQ', 'mode': 'binary', 'thr': 75, 'window': 'MAX', 'order': 1, 'rows': 2}
2025-11-12 11:25:10,509 INFO [cli] {'ticker': 'QQQ', 'mode': 'binary', 'thr': 75, 'window': 'MAX', 'order': 2, 'rows': 4}
2025-11-12 11:25:10,518 INFO [cli] {'ticker': 'QQQ', 'mode': 'binary', 'thr': 75, 'window': 'MAX', 'order': 3, 'rows': 8}
2025-11-12 11:25:10,526 INFO [cli] {'ticker': 'QQQ', 'mode': 'binary', 'thr': 75, 'window': 'MAX', 'order': 4, 'rows': 16}
2025-11-12 11:25:10,555 INFO [cli] {'ticker': 'QQQ', 'mode': 'binary', 'thr': 80, 'window': '1Y', 'order': 1, 'rows': 2}
2025-11-12 11:25:10,565 INFO [cli] {'ticker': 'QQQ', 'mode': 'binary', 'thr': 80, 'window': '1Y', 'order': 2, 'rows': 4}
2025-11-12 11:25:10,573 INFO [cli] {'ticker': 'QQQ', 'mode': 'binary', 'thr': 80, 'window': '1Y', 'order': 3, 'rows': 8}
2025-11-12 11:25:10,583 INFO [cli] {'ticker': 'QQQ', 'mode': 'binary', 'thr': 80, 'window': '1Y', 'order': 4, 'rows': 16}
2025-11-12 11:25:10,593 INFO [cli] {'ticker': 'QQQ', 'mode': 'binary', 'thr': 80, 'window': '2Y', 'order': 1, 'rows': 2}
2025-11-12 11:25:10,602 INFO [cli] {'ticker': 'QQQ', 'mode': 'binary', 'thr': 80, 'window': '2Y', 'order': 2, 'rows': 4}
2025-11-12 11:25:10,611 INFO [cli] {'ticker': 'QQQ', 'mode': 'binary', 'thr': 80, 'window': '2Y', 'order': 3, 'rows': 8}
2025-11-12 11:25:10,620 INFO [cli] {'ticker': 'QQQ', 'mode': 'binary', 'thr': 80, 'window': '2Y', 'order': 4, 'rows': 16}
2025-11-12 11:25:10,630 INFO [cli] {'ticker': 'QQQ', 'mode': 'binary', 'thr': 80, 'window': '5Y', 'order': 1, 'rows': 2}
2025-11-12 11:25:10,638 INFO [cli] {'ticker': 'QQQ', 'mode': 'binary', 'thr': 80, 'window': '5Y', 'order': 2, 'rows': 4}
2025-11-12 11:25:10,646 INFO [cli] {'ticker': 'QQQ', 'mode': 'binary', 'thr': 80, 'window': '5Y', 'order': 3, 'rows': 8}
2025-11-12 11:25:10,656 INFO [cli] {'ticker': 'QQQ', 'mode': 'binary', 'thr': 80, 'window': '5Y', 'order': 4, 'rows': 16}
2025-11-12 11:25:10,666 INFO [cli] {'ticker': 'QQQ', 'mode': 'binary', 'thr': 80, 'window': '10Y', 'order': 1, 'rows': 2}
2025-11-12 11:25:10,675 INFO [cli] {'ticker': 'QQQ', 'mode': 'binary', 'thr': 80, 'window': '10Y', 'order': 2, 'rows': 4}
2025-11-12 11:25:10,684 INFO [cli] {'ticker': 'QQQ', 'mode': 'binary', 'thr': 80, 'window': '10Y', 'order': 3, 'rows': 8}
2025-11-12 11:25:10,693 INFO [cli] {'ticker': 'QQQ', 'mode': 'binary', 'thr': 80, 'window': '10Y', 'order': 4, 'rows': 16}
2025-11-12 11:25:10,703 INFO [cli] {'ticker': 'QQQ', 'mode': 'binary', 'thr': 80, 'window': '20Y', 'order': 1, 'rows': 2}
2025-11-12 11:25:10,712 INFO [cli] {'ticker': 'QQQ', 'mode': 'binary', 'thr': 80, 'window': '20Y', 'order': 2, 'rows': 4}
2025-11-12 11:25:10,720 INFO [cli] {'ticker': 'QQQ', 'mode': 'binary', 'thr': 80, 'window': '20Y', 'order': 3, 'rows': 8}
2025-11-12 11:25:10,732 INFO [cli] {'ticker': 'QQQ', 'mode': 'binary', 'thr': 80, 'window': '20Y', 'order': 4, 'rows': 16}
2025-11-12 11:25:10,741 INFO [cli] {'ticker': 'QQQ', 'mode': 'binary', 'thr': 80, 'window': 'MAX', 'order': 1, 'rows': 2}
2025-11-12 11:25:10,750 INFO [cli] {'ticker': 'QQQ', 'mode': 'binary', 'thr': 80, 'window': 'MAX', 'order': 2, 'rows': 4}
2025-11-12 11:25:10,763 INFO [cli] {'ticker': 'QQQ', 'mode': 'binary', 'thr': 80, 'window': 'MAX', 'order': 3, 'rows': 8}
2025-11-12 11:25:10,773 INFO [cli] {'ticker': 'QQQ', 'mode': 'binary', 'thr': 80, 'window': 'MAX', 'order': 4, 'rows': 16}
2025-11-12 11:25:10,789 INFO [cli] {'ticker': 'QQQ', 'mode': 'binary', 'thr': 85, 'window': '1Y', 'order': 1, 'rows': 2}
2025-11-12 11:25:10,797 INFO [cli] {'ticker': 'QQQ', 'mode': 'binary', 'thr': 85, 'window': '1Y', 'order': 2, 'rows': 4}
2025-11-12 11:25:10,807 INFO [cli] {'ticker': 'QQQ', 'mode': 'binary', 'thr': 85, 'window': '1Y', 'order': 3, 'rows': 8}
2025-11-12 11:25:10,830 INFO [cli] {'ticker': 'QQQ', 'mode': 'binary', 'thr': 85, 'window': '1Y', 'order': 4, 'rows': 16}
2025-11-12 11:25:10,843 INFO [cli] {'ticker': 'QQQ', 'mode': 'binary', 'thr': 85, 'window': '2Y', 'order': 1, 'rows': 2}
2025-11-12 11:25:10,851 INFO [cli] {'ticker': 'QQQ', 'mode': 'binary', 'thr': 85, 'window': '2Y', 'order': 2, 'rows': 4}
2025-11-12 11:25:10,862 INFO [cli] {'ticker': 'QQQ', 'mode': 'binary', 'thr': 85, 'window': '2Y', 'order': 3, 'rows': 8}
2025-11-12 11:25:10,872 INFO [cli] {'ticker': 'QQQ', 'mode': 'binary', 'thr': 85, 'window': '2Y', 'order': 4, 'rows': 16}
2025-11-12 11:25:10,885 INFO [cli] {'ticker': 'QQQ', 'mode': 'binary', 'thr': 85, 'window': '5Y', 'order': 1, 'rows': 2}
2025-11-12 11:25:10,896 INFO [cli] {'ticker': 'QQQ', 'mode': 'binary', 'thr': 85, 'window': '5Y', 'order': 2, 'rows': 4}
2025-11-12 11:25:10,905 INFO [cli] {'ticker': 'QQQ', 'mode': 'binary', 'thr': 85, 'window': '5Y', 'order': 3, 'rows': 8}
2025-11-12 11:25:10,913 INFO [cli] {'ticker': 'QQQ', 'mode': 'binary', 'thr': 85, 'window': '5Y', 'order': 4, 'rows': 16}
2025-11-12 11:25:10,924 INFO [cli] {'ticker': 'QQQ', 'mode': 'binary', 'thr': 85, 'window': '10Y', 'order': 1, 'rows': 2}

{'ticker': 'QQQ', 'mode': 'binary', 'thr': 45, 'window': '20Y', 'order': 1, 'rows': 2}
{'ticker': 'QQQ', 'mode': 'binary', 'thr': 45, 'window': '20Y', 'order': 2, 'rows': 4}
{'ticker': 'QQQ', 'mode': 'binary', 'thr': 45, 'window': '20Y', 'order': 3, 'rows': 8}
{'ticker': 'QQQ', 'mode': 'binary', 'thr': 45, 'window': '20Y', 'order': 4, 'rows': 16}
{'ticker': 'QQQ', 'mode': 'binary', 'thr': 45, 'window': 'MAX', 'order': 1, 'rows': 2}
{'ticker': 'QQQ', 'mode': 'binary', 'thr': 45, 'window': 'MAX', 'order': 2, 'rows': 4}
{'ticker': 'QQQ', 'mode': 'binary', 'thr': 45, 'window': 'MAX', 'order': 3, 'rows': 8}
{'ticker': 'QQQ', 'mode': 'binary', 'thr': 45, 'window': 'MAX', 'order': 4, 'rows': 16}
{'ticker': 'QQQ', 'mode': 'binary', 'thr': 50, 'window': '1Y', 'order': 1, 'rows': 2}
{'ticker': 'QQQ', 'mode': 'binary', 'thr': 50, 'window': '1Y', 'order': 2, 'rows': 4}
{'ticker': 'QQQ', 'mode': 'binary', 'thr': 50, 'window': '1Y', 'order': 3, 'rows': 8}
{'ticker': 'QQQ', 'mode': 'binary', 'thr': 50, 'window': '1Y', 'order': 4, 'rows': 16}
{'ticker': 'QQQ', 'mode': 'binary', 'thr': 50, 'window': '2Y', 'order': 1, 'rows': 2}
{'ticker': 'QQQ', 'mode': 'binary', 'thr': 50, 'window': '2Y', 'order': 2, 'rows': 4}
{'ticker': 'QQQ', 'mode': 'binary', 'thr': 50, 'window': '2Y', 'order': 3, 'rows': 8}
{'ticker': 'QQQ', 'mode': 'binary', 'thr': 50, 'window': '2Y', 'order': 4, 'rows': 16}
{'ticker': 'QQQ', 'mode': 'binary', 'thr': 50, 'window': '5Y', 'order': 1, 'rows': 2}
{'ticker': 'QQQ', 'mode': 'binary', 'thr': 50, 'window': '5Y', 'order': 2, 'rows': 4}
{'ticker': 'QQQ', 'mode': 'binary', 'thr': 50, 'window': '5Y', 'order': 3, 'rows': 8}
{'ticker': 'QQQ', 'mode': 'binary', 'thr': 50, 'window': '5Y', 'order': 4, 'rows': 16}
{'ticker': 'QQQ', 'mode': 'binary', 'thr': 50, 'window': '10Y', 'order': 1, 'rows': 2}
{'ticker': 'QQQ', 'mode': 'binary', 'thr': 50, 'window': '10Y', 'order': 2, 'rows': 4}
{'ticker': 'QQQ', 'mode': 'binary', 'thr': 50, 'window': '10Y', 'order': 3, 'rows': 8}
{'ticker': 'QQQ', 'mode': 'binary', 'thr': 50, 'window': '10Y', 'order': 4, 'rows': 16}
{'ticker': 'QQQ', 'mode': 'binary', 'thr': 50, 'window': '20Y', 'order': 1, 'rows': 2}
{'ticker': 'QQQ', 'mode': 'binary', 'thr': 50, 'window': '20Y', 'order': 2, 'rows': 4}
{'ticker': 'QQQ', 'mode': 'binary', 'thr': 50, 'window': '20Y', 'order': 3, 'rows': 8}
{'ticker': 'QQQ', 'mode': 'binary', 'thr': 50, 'window': '20Y', 'order': 4, 'rows': 16}
{'ticker': 'QQQ', 'mode': 'binary', 'thr': 50, 'window': 'MAX', 'order': 1, 'rows': 2}
{'ticker': 'QQQ', 'mode': 'binary', 'thr': 50, 'window': 'MAX', 'order': 2, 'rows': 4}
{'ticker': 'QQQ', 'mode': 'binary', 'thr': 50, 'window': 'MAX', 'order': 3, 'rows': 8}
{'ticker': 'QQQ', 'mode': 'binary', 'thr': 50, 'window': 'MAX', 'order': 4, 'rows': 16}
{'ticker': 'QQQ', 'mode': 'binary', 'thr': 55, 'window': '1Y', 'order': 1, 'rows': 2}
{'ticker': 'QQQ', 'mode': 'binary', 'thr': 55, 'window': '1Y', 'order': 2, 'rows': 4}
{'ticker': 'QQQ', 'mode': 'binary', 'thr': 55, 'window': '1Y', 'order': 3, 'rows': 8}
{'ticker': 'QQQ', 'mode': 'binary', 'thr': 55, 'window': '1Y', 'order': 4, 'rows': 16}
{'ticker': 'QQQ', 'mode': 'binary', 'thr': 55, 'window': '2Y', 'order': 1, 'rows': 2}
{'ticker': 'QQQ', 'mode': 'binary', 'thr': 55, 'window': '2Y', 'order': 2, 'rows': 4}
{'ticker': 'QQQ', 'mode': 'binary', 'thr': 55, 'window': '2Y', 'order': 3, 'rows': 8}
{'ticker': 'QQQ', 'mode': 'binary', 'thr': 55, 'window': '2Y', 'order': 4, 'rows': 16}
{'ticker': 'QQQ', 'mode': 'binary', 'thr': 55, 'window': '5Y', 'order': 1, 'rows': 2}
{'ticker': 'QQQ', 'mode': 'binary', 'thr': 55, 'window': '5Y', 'order': 2, 'rows': 4}
{'ticker': 'QQQ', 'mode': 'binary', 'thr': 55, 'window': '5Y', 'order': 3, 'rows': 8}
{'ticker': 'QQQ', 'mode': 'binary', 'thr': 55, 'window': '5Y', 'order': 4, 'rows': 16}
{'ticker': 'QQQ', 'mode': 'binary', 'thr': 55, 'window': '10Y', 'order': 1, 'rows': 2}
{'ticker': 'QQQ', 'mode': 'binary', 'thr': 55, 'window': '10Y', 'order': 2, 'rows': 4}
{'ticker': 'QQQ', 'mode': 'binary', 'thr': 55, 'window': '10Y', 'order': 3, 'rows': 8}
{'ticker': 'QQQ', 'mode': 'binary', 'thr': 55, 'window': '10Y', 'order': 4, 'rows': 16}
{'ticker': 'QQQ', 'mode': 'binary', 'thr': 55, 'window': '20Y', 'order': 1, 'rows': 2}
{'ticker': 'QQQ', 'mode': 'binary', 'thr': 55, 'window': '20Y', 'order': 2, 'rows': 4}
{'ticker': 'QQQ', 'mode': 'binary', 'thr': 55, 'window': '20Y', 'order': 3, 'rows': 8}
{'ticker': 'QQQ', 'mode': 'binary', 'thr': 55, 'window': '20Y', 'order': 4, 'rows': 16}
{'ticker': 'QQQ', 'mode': 'binary', 'thr': 55, 'window': 'MAX', 'order': 1, 'rows': 2}
{'ticker': 'QQQ', 'mode': 'binary', 'thr': 55, 'window': 'MAX', 'order': 2, 'rows': 4}
{'ticker': 'QQQ', 'mode': 'binary', 'thr': 55, 'window': 'MAX', 'order': 3, 'rows': 8}
{'ticker': 'QQQ', 'mode': 'binary', 'thr': 55, 'window': 'MAX', 'order': 4, 'rows': 16}
{'ticker': 'QQQ', 'mode': 'binary', 'thr': 60, 'window': '1Y', 'order': 1, 'rows': 2}
{'ticker': 'QQQ', 'mode': 'binary', 'thr': 60, 'window': '1Y', 'order': 2, 'rows': 4}
{'ticker': 'QQQ', 'mode': 'binary', 'thr': 60, 'window': '1Y', 'order': 3, 'rows': 8}
{'ticker': 'QQQ', 'mode': 'binary', 'thr': 60, 'window': '1Y', 'order': 4, 'rows': 16}
{'ticker': 'QQQ', 'mode': 'binary', 'thr': 60, 'window': '2Y', 'order': 1, 'rows': 2}
{'ticker': 'QQQ', 'mode': 'binary', 'thr': 60, 'window': '2Y', 'order': 2, 'rows': 4}
{'ticker': 'QQQ', 'mode': 'binary', 'thr': 60, 'window': '2Y', 'order': 3, 'rows': 8}
{'ticker': 'QQQ', 'mode': 'binary', 'thr': 60, 'window': '2Y', 'order': 4, 'rows': 16}
{'ticker': 'QQQ', 'mode': 'binary', 'thr': 60, 'window': '5Y', 'order': 1, 'rows': 2}
{'ticker': 'QQQ', 'mode': 'binary', 'thr': 60, 'window': '5Y', 'order': 2, 'rows': 4}
{'ticker': 'QQQ', 'mode': 'binary', 'thr': 60, 'window': '5Y', 'order': 3, 'rows': 8}
{'ticker': 'QQQ', 'mode': 'binary', 'thr': 60, 'window': '5Y', 'order': 4, 'rows': 16}
{'ticker': 'QQQ', 'mode': 'binary', 'thr': 60, 'window': '10Y', 'order': 1, 'rows': 2}
{'ticker': 'QQQ', 'mode': 'binary', 'thr': 60, 'window': '10Y', 'order': 2, 'rows': 4}
{'ticker': 'QQQ', 'mode': 'binary', 'thr': 60, 'window': '10Y', 'order': 3, 'rows': 8}
{'ticker': 'QQQ', 'mode': 'binary', 'thr': 60, 'window': '10Y', 'order': 4, 'rows': 16}
{'ticker': 'QQQ', 'mode': 'binary', 'thr': 60, 'window': '20Y', 'order': 1, 'rows': 2}
{'ticker': 'QQQ', 'mode': 'binary', 'thr': 60, 'window': '20Y', 'order': 2, 'rows': 4}
{'ticker': 'QQQ', 'mode': 'binary', 'thr': 60, 'window': '20Y', 'order': 3, 'rows': 8}
{'ticker': 'QQQ', 'mode': 'binary', 'thr': 60, 'window': '20Y', 'order': 4, 'rows': 16}
{'ticker': 'QQQ', 'mode': 'binary', 'thr': 60, 'window': 'MAX', 'order': 1, 'rows': 2}
{'ticker': 'QQQ', 'mode': 'binary', 'thr': 60, 'window': 'MAX', 'order': 2, 'rows': 4}
{'ticker': 'QQQ', 'mode': 'binary', 'thr': 60, 'window': 'MAX', 'order': 3, 'rows': 8}
{'ticker': 'QQQ', 'mode': 'binary', 'thr': 60, 'window': 'MAX', 'order': 4, 'rows': 16}
{'ticker': 'QQQ', 'mode': 'binary', 'thr': 65, 'window': '1Y', 'order': 1, 'rows': 2}
{'ticker': 'QQQ', 'mode': 'binary', 'thr': 65, 'window': '1Y', 'order': 2, 'rows': 4}
{'ticker': 'QQQ', 'mode': 'binary', 'thr': 65, 'window': '1Y', 'order': 3, 'rows': 8}
{'ticker': 'QQQ', 'mode': 'binary', 'thr': 65, 'window': '1Y', 'order': 4, 'rows': 16}
{'ticker': 'QQQ', 'mode': 'binary', 'thr': 65, 'window': '2Y', 'order': 1, 'rows': 2}
{'ticker': 'QQQ', 'mode': 'binary', 'thr': 65, 'window': '2Y', 'order': 2, 'rows': 4}
{'ticker': 'QQQ', 'mode': 'binary', 'thr': 65, 'window': '2Y', 'order': 3, 'rows': 8}
{'ticker': 'QQQ', 'mode': 'binary', 'thr': 65, 'window': '2Y', 'order': 4, 'rows': 16}
{'ticker': 'QQQ', 'mode': 'binary', 'thr': 65, 'window': '5Y', 'order': 1, 'rows': 2}
{'ticker': 'QQQ', 'mode': 'binary', 'thr': 65, 'window': '5Y', 'order': 2, 'rows': 4}
{'ticker': 'QQQ', 'mode': 'binary', 'thr': 65, 'window': '5Y', 'order': 3, 'rows': 8}
{'ticker': 'QQQ', 'mode': 'binary', 'thr': 65, 'window': '5Y', 'order': 4, 'rows': 16}
{'ticker': 'QQQ', 'mode': 'binary', 'thr': 65, 'window': '10Y', 'order': 1, 'rows': 2}
{'ticker': 'QQQ', 'mode': 'binary', 'thr': 65, 'window': '10Y', 'order': 2, 'rows': 4}
{'ticker': 'QQQ', 'mode': 'binary', 'thr': 65, 'window': '10Y', 'order': 3, 'rows': 8}2025-11-12 11:25:10,932 INFO [cli] {'ticker': 'QQQ', 'mode': 'binary', 'thr': 85, 'window': '10Y', 'order': 2, 'rows': 4}
2025-11-12 11:25:10,941 INFO [cli] {'ticker': 'QQQ', 'mode': 'binary', 'thr': 85, 'window': '10Y', 'order': 3, 'rows': 8}
2025-11-12 11:25:10,951 INFO [cli] {'ticker': 'QQQ', 'mode': 'binary', 'thr': 85, 'window': '10Y', 'order': 4, 'rows': 16}
2025-11-12 11:25:10,964 INFO [cli] {'ticker': 'QQQ', 'mode': 'binary', 'thr': 85, 'window': '20Y', 'order': 1, 'rows': 2}
2025-11-12 11:25:10,973 INFO [cli] {'ticker': 'QQQ', 'mode': 'binary', 'thr': 85, 'window': '20Y', 'order': 2, 'rows': 4}
2025-11-12 11:25:10,981 INFO [cli] {'ticker': 'QQQ', 'mode': 'binary', 'thr': 85, 'window': '20Y', 'order': 3, 'rows': 8}
2025-11-12 11:25:10,989 INFO [cli] {'ticker': 'QQQ', 'mode': 'binary', 'thr': 85, 'window': '20Y', 'order': 4, 'rows': 16}
2025-11-12 11:25:10,999 INFO [cli] {'ticker': 'QQQ', 'mode': 'binary', 'thr': 85, 'window': 'MAX', 'order': 1, 'rows': 2}
2025-11-12 11:25:11,008 INFO [cli] {'ticker': 'QQQ', 'mode': 'binary', 'thr': 85, 'window': 'MAX', 'order': 2, 'rows': 4}
2025-11-12 11:25:11,016 INFO [cli] {'ticker': 'QQQ', 'mode': 'binary', 'thr': 85, 'window': 'MAX', 'order': 3, 'rows': 8}
2025-11-12 11:25:11,024 INFO [cli] {'ticker': 'QQQ', 'mode': 'binary', 'thr': 85, 'window': 'MAX', 'order': 4, 'rows': 16}
2025-11-12 11:25:11,040 INFO [cli] {'ticker': 'QQQ', 'mode': 'binary', 'thr': 90, 'window': '1Y', 'order': 1, 'rows': 2}
2025-11-12 11:25:11,051 INFO [cli] {'ticker': 'QQQ', 'mode': 'binary', 'thr': 90, 'window': '1Y', 'order': 2, 'rows': 4}
2025-11-12 11:25:11,061 INFO [cli] {'ticker': 'QQQ', 'mode': 'binary', 'thr': 90, 'window': '1Y', 'order': 3, 'rows': 8}
2025-11-12 11:25:11,071 INFO [cli] {'ticker': 'QQQ', 'mode': 'binary', 'thr': 90, 'window': '1Y', 'order': 4, 'rows': 16}
2025-11-12 11:25:11,082 INFO [cli] {'ticker': 'QQQ', 'mode': 'binary', 'thr': 90, 'window': '2Y', 'order': 1, 'rows': 2}
2025-11-12 11:25:11,092 INFO [cli] {'ticker': 'QQQ', 'mode': 'binary', 'thr': 90, 'window': '2Y', 'order': 2, 'rows': 4}
2025-11-12 11:25:11,103 INFO [cli] {'ticker': 'QQQ', 'mode': 'binary', 'thr': 90, 'window': '2Y', 'order': 3, 'rows': 8}
2025-11-12 11:25:11,110 INFO [cli] {'ticker': 'QQQ', 'mode': 'binary', 'thr': 90, 'window': '2Y', 'order': 4, 'rows': 16}
2025-11-12 11:25:11,122 INFO [cli] {'ticker': 'QQQ', 'mode': 'binary', 'thr': 90, 'window': '5Y', 'order': 1, 'rows': 2}
2025-11-12 11:25:11,130 INFO [cli] {'ticker': 'QQQ', 'mode': 'binary', 'thr': 90, 'window': '5Y', 'order': 2, 'rows': 4}
2025-11-12 11:25:11,139 INFO [cli] {'ticker': 'QQQ', 'mode': 'binary', 'thr': 90, 'window': '5Y', 'order': 3, 'rows': 8}
2025-11-12 11:25:11,147 INFO [cli] {'ticker': 'QQQ', 'mode': 'binary', 'thr': 90, 'window': '5Y', 'order': 4, 'rows': 16}
2025-11-12 11:25:11,156 INFO [cli] {'ticker': 'QQQ', 'mode': 'binary', 'thr': 90, 'window': '10Y', 'order': 1, 'rows': 2}
2025-11-12 11:25:11,166 INFO [cli] {'ticker': 'QQQ', 'mode': 'binary', 'thr': 90, 'window': '10Y', 'order': 2, 'rows': 4}
2025-11-12 11:25:11,174 INFO [cli] {'ticker': 'QQQ', 'mode': 'binary', 'thr': 90, 'window': '10Y', 'order': 3, 'rows': 8}
2025-11-12 11:25:11,182 INFO [cli] {'ticker': 'QQQ', 'mode': 'binary', 'thr': 90, 'window': '10Y', 'order': 4, 'rows': 16}
2025-11-12 11:25:11,190 INFO [cli] {'ticker': 'QQQ', 'mode': 'binary', 'thr': 90, 'window': '20Y', 'order': 1, 'rows': 2}
2025-11-12 11:25:11,198 INFO [cli] {'ticker': 'QQQ', 'mode': 'binary', 'thr': 90, 'window': '20Y', 'order': 2, 'rows': 4}
2025-11-12 11:25:11,207 INFO [cli] {'ticker': 'QQQ', 'mode': 'binary', 'thr': 90, 'window': '20Y', 'order': 3, 'rows': 8}
2025-11-12 11:25:11,216 INFO [cli] {'ticker': 'QQQ', 'mode': 'binary', 'thr': 90, 'window': '20Y', 'order': 4, 'rows': 16}
2025-11-12 11:25:11,225 INFO [cli] {'ticker': 'QQQ', 'mode': 'binary', 'thr': 90, 'window': 'MAX', 'order': 1, 'rows': 2}
2025-11-12 11:25:11,233 INFO [cli] {'ticker': 'QQQ', 'mode': 'binary', 'thr': 90, 'window': 'MAX', 'order': 2, 'rows': 4}
2025-11-12 11:25:11,242 INFO [cli] {'ticker': 'QQQ', 'mode': 'binary', 'thr': 90, 'window': 'MAX', 'order': 3, 'rows': 8}
2025-11-12 11:25:11,251 INFO [cli] {'ticker': 'QQQ', 'mode': 'binary', 'thr': 90, 'window': 'MAX', 'order': 4, 'rows': 16}
2025-11-12 11:25:11,267 INFO [cli] {'ticker': 'QQQ', 'mode': 'binary', 'thr': 95, 'window': '1Y', 'order': 1, 'rows': 2}
2025-11-12 11:25:11,277 INFO [cli] {'ticker': 'QQQ', 'mode': 'binary', 'thr': 95, 'window': '1Y', 'order': 2, 'rows': 4}
2025-11-12 11:25:11,288 INFO [cli] {'ticker': 'QQQ', 'mode': 'binary', 'thr': 95, 'window': '1Y', 'order': 3, 'rows': 8}
2025-11-12 11:25:11,298 INFO [cli] {'ticker': 'QQQ', 'mode': 'binary', 'thr': 95, 'window': '1Y', 'order': 4, 'rows': 15}
2025-11-12 11:25:11,311 INFO [cli] {'ticker': 'QQQ', 'mode': 'binary', 'thr': 95, 'window': '2Y', 'order': 1, 'rows': 2}
2025-11-12 11:25:11,324 INFO [cli] {'ticker': 'QQQ', 'mode': 'binary', 'thr': 95, 'window': '2Y', 'order': 2, 'rows': 4}
2025-11-12 11:25:11,335 INFO [cli] {'ticker': 'QQQ', 'mode': 'binary', 'thr': 95, 'window': '2Y', 'order': 3, 'rows': 8}
2025-11-12 11:25:11,346 INFO [cli] {'ticker': 'QQQ', 'mode': 'binary', 'thr': 95, 'window': '2Y', 'order': 4, 'rows': 15}
2025-11-12 11:25:11,356 INFO [cli] {'ticker': 'QQQ', 'mode': 'binary', 'thr': 95, 'window': '5Y', 'order': 1, 'rows': 2}
2025-11-12 11:25:11,364 INFO [cli] {'ticker': 'QQQ', 'mode': 'binary', 'thr': 95, 'window': '5Y', 'order': 2, 'rows': 4}
2025-11-12 11:25:11,375 INFO [cli] {'ticker': 'QQQ', 'mode': 'binary', 'thr': 95, 'window': '5Y', 'order': 3, 'rows': 8}
2025-11-12 11:25:11,384 INFO [cli] {'ticker': 'QQQ', 'mode': 'binary', 'thr': 95, 'window': '5Y', 'order': 4, 'rows': 16}
2025-11-12 11:25:11,393 INFO [cli] {'ticker': 'QQQ', 'mode': 'binary', 'thr': 95, 'window': '10Y', 'order': 1, 'rows': 2}
2025-11-12 11:25:11,407 INFO [cli] {'ticker': 'QQQ', 'mode': 'binary', 'thr': 95, 'window': '10Y', 'order': 2, 'rows': 4}
2025-11-12 11:25:11,418 INFO [cli] {'ticker': 'QQQ', 'mode': 'binary', 'thr': 95, 'window': '10Y', 'order': 3, 'rows': 8}
2025-11-12 11:25:11,427 INFO [cli] {'ticker': 'QQQ', 'mode': 'binary', 'thr': 95, 'window': '10Y', 'order': 4, 'rows': 16}
2025-11-12 11:25:11,435 INFO [cli] {'ticker': 'QQQ', 'mode': 'binary', 'thr': 95, 'window': '20Y', 'order': 1, 'rows': 2}
2025-11-12 11:25:11,444 INFO [cli] {'ticker': 'QQQ', 'mode': 'binary', 'thr': 95, 'window': '20Y', 'order': 2, 'rows': 4}
2025-11-12 11:25:11,453 INFO [cli] {'ticker': 'QQQ', 'mode': 'binary', 'thr': 95, 'window': '20Y', 'order': 3, 'rows': 8}
2025-11-12 11:25:11,464 INFO [cli] {'ticker': 'QQQ', 'mode': 'binary', 'thr': 95, 'window': '20Y', 'order': 4, 'rows': 16}
2025-11-12 11:25:11,475 INFO [cli] {'ticker': 'QQQ', 'mode': 'binary', 'thr': 95, 'window': 'MAX', 'order': 1, 'rows': 2}
2025-11-12 11:25:11,484 INFO [cli] {'ticker': 'QQQ', 'mode': 'binary', 'thr': 95, 'window': 'MAX', 'order': 2, 'rows': 4}
2025-11-12 11:25:11,499 INFO [cli] {'ticker': 'QQQ', 'mode': 'binary', 'thr': 95, 'window': 'MAX', 'order': 3, 'rows': 8}
2025-11-12 11:25:11,509 INFO [cli] {'ticker': 'QQQ', 'mode': 'binary', 'thr': 95, 'window': 'MAX', 'order': 4, 'rows': 16}
2025-11-12 11:25:11,524 INFO [cli] {'ticker': 'QQQ', 'mode': 'binary', 'thr': 100, 'window': '1Y', 'order': 1, 'rows': 2}
2025-11-12 11:25:11,534 INFO [cli] {'ticker': 'QQQ', 'mode': 'binary', 'thr': 100, 'window': '1Y', 'order': 2, 'rows': 4}
2025-11-12 11:25:11,544 INFO [cli] {'ticker': 'QQQ', 'mode': 'binary', 'thr': 100, 'window': '1Y', 'order': 3, 'rows': 8}
2025-11-12 11:25:11,552 INFO [cli] {'ticker': 'QQQ', 'mode': 'binary', 'thr': 100, 'window': '1Y', 'order': 4, 'rows': 15}
2025-11-12 11:25:11,561 INFO [cli] {'ticker': 'QQQ', 'mode': 'binary', 'thr': 100, 'window': '2Y', 'order': 1, 'rows': 2}
2025-11-12 11:25:11,570 INFO [cli] {'ticker': 'QQQ', 'mode': 'binary', 'thr': 100, 'window': '2Y', 'order': 2, 'rows': 4}
2025-11-12 11:25:11,579 INFO [cli] {'ticker': 'QQQ', 'mode': 'binary', 'thr': 100, 'window': '2Y', 'order': 3, 'rows': 8}
2025-11-12 11:25:11,588 INFO [cli] {'ticker': 'QQQ', 'mode': 'binary', 'thr': 100, 'window': '2Y', 'order': 4, 'rows': 15}
2025-11-12 11:25:11,599 INFO [cli] {'ticker': 'QQQ', 'mode': 'binary', 'thr': 100, 'window': '5Y', 'order': 1, 'rows': 2}
2025-11-12 11:25:11,610 INFO [cli] {'ticker': 'QQQ', 'mode': 'binary', 'thr': 100, 'window': '5Y', 'order': 2, 'rows': 4}
2025-11-12 11:25:11,621 INFO [cli] {'ticker': 'QQQ', 'mode': 'binary', 'thr': 100, 'window': '5Y', 'order': 3, 'rows': 8}
2025-11-12 11:25:11,630 INFO [cli] {'ticker': 'QQQ', 'mode': 'binary', 'thr': 100, 'window': '5Y', 'order': 4, 'rows': 16}
2025-11-12 11:25:11,641 INFO [cli] {'ticker': 'QQQ', 'mode': 'binary', 'thr': 100, 'window': '10Y', 'order': 1, 'rows': 2}
2025-11-12 11:25:11,651 INFO [cli] {'ticker': 'QQQ', 'mode': 'binary', 'thr': 100, 'window': '10Y', 'order': 2, 'rows': 4}
2025-11-12 11:25:11,658 INFO [cli] {'ticker': 'QQQ', 'mode': 'binary', 'thr': 100, 'window': '10Y', 'order': 3, 'rows': 8}
2025-11-12 11:25:11,673 INFO [cli] {'ticker': 'QQQ', 'mode': 'binary', 'thr': 100, 'window': '10Y', 'order': 4, 'rows': 16}
2025-11-12 11:25:11,685 INFO [cli] {'ticker': 'QQQ', 'mode': 'binary', 'thr': 100, 'window': '20Y', 'order': 1, 'rows': 2}
2025-11-12 11:25:11,699 INFO [cli] {'ticker': 'QQQ', 'mode': 'binary', 'thr': 100, 'window': '20Y', 'order': 2, 'rows': 4}
2025-11-12 11:25:11,712 INFO [cli] {'ticker': 'QQQ', 'mode': 'binary', 'thr': 100, 'window': '20Y', 'order': 3, 'rows': 8}
2025-11-12 11:25:11,724 INFO [cli] {'ticker': 'QQQ', 'mode': 'binary', 'thr': 100, 'window': '20Y', 'order': 4, 'rows': 16}
2025-11-12 11:25:11,733 INFO [cli] {'ticker': 'QQQ', 'mode': 'binary', 'thr': 100, 'window': 'MAX', 'order': 1, 'rows': 2}
2025-11-12 11:25:11,741 INFO [cli] {'ticker': 'QQQ', 'mode': 'binary', 'thr': 100, 'window': 'MAX', 'order': 2, 'rows': 4}
2025-11-12 11:25:11,751 INFO [cli] {'ticker': 'QQQ', 'mode': 'binary', 'thr': 100, 'window': 'MAX', 'order': 3, 'rows': 8}
2025-11-12 11:25:11,761 INFO [cli] {'ticker': 'QQQ', 'mode': 'binary', 'thr': 100, 'window': 'MAX', 'order': 4, 'rows': 16}
2025-11-12 11:25:11,778 INFO [cli] {'ticker': 'QQQ', 'mode': 'binary', 'thr': 105, 'window': '1Y', 'order': 1, 'rows': 2}
2025-11-12 11:25:11,791 INFO [cli] {'ticker': 'QQQ', 'mode': 'binary', 'thr': 105, 'window': '1Y', 'order': 2, 'rows': 4}
2025-11-12 11:25:11,804 INFO [cli] {'ticker': 'QQQ', 'mode': 'binary', 'thr': 105, 'window': '1Y', 'order': 3, 'rows': 8}
2025-11-12 11:25:11,814 INFO [cli] {'ticker': 'QQQ', 'mode': 'binary', 'thr': 105, 'window': '1Y', 'order': 4, 'rows': 14}
2025-11-12 11:25:11,825 INFO [cli] {'ticker': 'QQQ', 'mode': 'binary', 'thr': 105, 'window': '2Y', 'order': 1, 'rows': 2}
2025-11-12 11:25:11,832 INFO [cli] {'ticker': 'QQQ', 'mode': 'binary', 'thr': 105, 'window': '2Y', 'order': 2, 'rows': 4}
2025-11-12 11:25:11,852 INFO [cli] {'ticker': 'QQQ', 'mode': 'binary', 'thr': 105, 'window': '2Y', 'order': 3, 'rows': 8}
2025-11-12 11:25:11,863 INFO [cli] {'ticker': 'QQQ', 'mode': 'binary', 'thr': 105, 'window': '2Y', 'order': 4, 'rows': 14}
2025-11-12 11:25:11,871 INFO [cli] {'ticker': 'QQQ', 'mode': 'binary', 'thr': 105, 'window': '5Y', 'order': 1, 'rows': 2}
2025-11-12 11:25:11,880 INFO [cli] {'ticker': 'QQQ', 'mode': 'binary', 'thr': 105, 'window': '5Y', 'order': 2, 'rows': 4}
2025-11-12 11:25:11,889 INFO [cli] {'ticker': 'QQQ', 'mode': 'binary', 'thr': 105, 'window': '5Y', 'order': 3, 'rows': 8}
2025-11-12 11:25:11,897 INFO [cli] {'ticker': 'QQQ', 'mode': 'binary', 'thr': 105, 'window': '5Y', 'order': 4, 'rows': 16}

{'ticker': 'QQQ', 'mode': 'binary', 'thr': 65, 'window': '10Y', 'order': 4, 'rows': 16}
{'ticker': 'QQQ', 'mode': 'binary', 'thr': 65, 'window': '20Y', 'order': 1, 'rows': 2}
{'ticker': 'QQQ', 'mode': 'binary', 'thr': 65, 'window': '20Y', 'order': 2, 'rows': 4}
{'ticker': 'QQQ', 'mode': 'binary', 'thr': 65, 'window': '20Y', 'order': 3, 'rows': 8}
{'ticker': 'QQQ', 'mode': 'binary', 'thr': 65, 'window': '20Y', 'order': 4, 'rows': 16}
{'ticker': 'QQQ', 'mode': 'binary', 'thr': 65, 'window': 'MAX', 'order': 1, 'rows': 2}
{'ticker': 'QQQ', 'mode': 'binary', 'thr': 65, 'window': 'MAX', 'order': 2, 'rows': 4}
{'ticker': 'QQQ', 'mode': 'binary', 'thr': 65, 'window': 'MAX', 'order': 3, 'rows': 8}
{'ticker': 'QQQ', 'mode': 'binary', 'thr': 65, 'window': 'MAX', 'order': 4, 'rows': 16}
{'ticker': 'QQQ', 'mode': 'binary', 'thr': 70, 'window': '1Y', 'order': 1, 'rows': 2}
{'ticker': 'QQQ', 'mode': 'binary', 'thr': 70, 'window': '1Y', 'order': 2, 'rows': 4}
{'ticker': 'QQQ', 'mode': 'binary', 'thr': 70, 'window': '1Y', 'order': 3, 'rows': 8}
{'ticker': 'QQQ', 'mode': 'binary', 'thr': 70, 'window': '1Y', 'order': 4, 'rows': 16}
{'ticker': 'QQQ', 'mode': 'binary', 'thr': 70, 'window': '2Y', 'order': 1, 'rows': 2}
{'ticker': 'QQQ', 'mode': 'binary', 'thr': 70, 'window': '2Y', 'order': 2, 'rows': 4}
{'ticker': 'QQQ', 'mode': 'binary', 'thr': 70, 'window': '2Y', 'order': 3, 'rows': 8}
{'ticker': 'QQQ', 'mode': 'binary', 'thr': 70, 'window': '2Y', 'order': 4, 'rows': 16}
{'ticker': 'QQQ', 'mode': 'binary', 'thr': 70, 'window': '5Y', 'order': 1, 'rows': 2}
{'ticker': 'QQQ', 'mode': 'binary', 'thr': 70, 'window': '5Y', 'order': 2, 'rows': 4}
{'ticker': 'QQQ', 'mode': 'binary', 'thr': 70, 'window': '5Y', 'order': 3, 'rows': 8}
{'ticker': 'QQQ', 'mode': 'binary', 'thr': 70, 'window': '5Y', 'order': 4, 'rows': 16}
{'ticker': 'QQQ', 'mode': 'binary', 'thr': 70, 'window': '10Y', 'order': 1, 'rows': 2}
{'ticker': 'QQQ', 'mode': 'binary', 'thr': 70, 'window': '10Y', 'order': 2, 'rows': 4}
{'ticker': 'QQQ', 'mode': 'binary', 'thr': 70, 'window': '10Y', 'order': 3, 'rows': 8}
{'ticker': 'QQQ', 'mode': 'binary', 'thr': 70, 'window': '10Y', 'order': 4, 'rows': 16}
{'ticker': 'QQQ', 'mode': 'binary', 'thr': 70, 'window': '20Y', 'order': 1, 'rows': 2}
{'ticker': 'QQQ', 'mode': 'binary', 'thr': 70, 'window': '20Y', 'order': 2, 'rows': 4}
{'ticker': 'QQQ', 'mode': 'binary', 'thr': 70, 'window': '20Y', 'order': 3, 'rows': 8}
{'ticker': 'QQQ', 'mode': 'binary', 'thr': 70, 'window': '20Y', 'order': 4, 'rows': 16}
{'ticker': 'QQQ', 'mode': 'binary', 'thr': 70, 'window': 'MAX', 'order': 1, 'rows': 2}
{'ticker': 'QQQ', 'mode': 'binary', 'thr': 70, 'window': 'MAX', 'order': 2, 'rows': 4}
{'ticker': 'QQQ', 'mode': 'binary', 'thr': 70, 'window': 'MAX', 'order': 3, 'rows': 8}
{'ticker': 'QQQ', 'mode': 'binary', 'thr': 70, 'window': 'MAX', 'order': 4, 'rows': 16}
{'ticker': 'QQQ', 'mode': 'binary', 'thr': 75, 'window': '1Y', 'order': 1, 'rows': 2}
{'ticker': 'QQQ', 'mode': 'binary', 'thr': 75, 'window': '1Y', 'order': 2, 'rows': 4}
{'ticker': 'QQQ', 'mode': 'binary', 'thr': 75, 'window': '1Y', 'order': 3, 'rows': 8}
{'ticker': 'QQQ', 'mode': 'binary', 'thr': 75, 'window': '1Y', 'order': 4, 'rows': 16}
{'ticker': 'QQQ', 'mode': 'binary', 'thr': 75, 'window': '2Y', 'order': 1, 'rows': 2}
{'ticker': 'QQQ', 'mode': 'binary', 'thr': 75, 'window': '2Y', 'order': 2, 'rows': 4}
{'ticker': 'QQQ', 'mode': 'binary', 'thr': 75, 'window': '2Y', 'order': 3, 'rows': 8}
{'ticker': 'QQQ', 'mode': 'binary', 'thr': 75, 'window': '2Y', 'order': 4, 'rows': 16}
{'ticker': 'QQQ', 'mode': 'binary', 'thr': 75, 'window': '5Y', 'order': 1, 'rows': 2}
{'ticker': 'QQQ', 'mode': 'binary', 'thr': 75, 'window': '5Y', 'order': 2, 'rows': 4}
{'ticker': 'QQQ', 'mode': 'binary', 'thr': 75, 'window': '5Y', 'order': 3, 'rows': 8}
{'ticker': 'QQQ', 'mode': 'binary', 'thr': 75, 'window': '5Y', 'order': 4, 'rows': 16}
{'ticker': 'QQQ', 'mode': 'binary', 'thr': 75, 'window': '10Y', 'order': 1, 'rows': 2}
{'ticker': 'QQQ', 'mode': 'binary', 'thr': 75, 'window': '10Y', 'order': 2, 'rows': 4}
{'ticker': 'QQQ', 'mode': 'binary', 'thr': 75, 'window': '10Y', 'order': 3, 'rows': 8}
{'ticker': 'QQQ', 'mode': 'binary', 'thr': 75, 'window': '10Y', 'order': 4, 'rows': 16}
{'ticker': 'QQQ', 'mode': 'binary', 'thr': 75, 'window': '20Y', 'order': 1, 'rows': 2}
{'ticker': 'QQQ', 'mode': 'binary', 'thr': 75, 'window': '20Y', 'order': 2, 'rows': 4}
{'ticker': 'QQQ', 'mode': 'binary', 'thr': 75, 'window': '20Y', 'order': 3, 'rows': 8}
{'ticker': 'QQQ', 'mode': 'binary', 'thr': 75, 'window': '20Y', 'order': 4, 'rows': 16}
{'ticker': 'QQQ', 'mode': 'binary', 'thr': 75, 'window': 'MAX', 'order': 1, 'rows': 2}
{'ticker': 'QQQ', 'mode': 'binary', 'thr': 75, 'window': 'MAX', 'order': 2, 'rows': 4}
{'ticker': 'QQQ', 'mode': 'binary', 'thr': 75, 'window': 'MAX', 'order': 3, 'rows': 8}
{'ticker': 'QQQ', 'mode': 'binary', 'thr': 75, 'window': 'MAX', 'order': 4, 'rows': 16}
{'ticker': 'QQQ', 'mode': 'binary', 'thr': 80, 'window': '1Y', 'order': 1, 'rows': 2}
{'ticker': 'QQQ', 'mode': 'binary', 'thr': 80, 'window': '1Y', 'order': 2, 'rows': 4}
{'ticker': 'QQQ', 'mode': 'binary', 'thr': 80, 'window': '1Y', 'order': 3, 'rows': 8}
{'ticker': 'QQQ', 'mode': 'binary', 'thr': 80, 'window': '1Y', 'order': 4, 'rows': 16}
{'ticker': 'QQQ', 'mode': 'binary', 'thr': 80, 'window': '2Y', 'order': 1, 'rows': 2}
{'ticker': 'QQQ', 'mode': 'binary', 'thr': 80, 'window': '2Y', 'order': 2, 'rows': 4}
{'ticker': 'QQQ', 'mode': 'binary', 'thr': 80, 'window': '2Y', 'order': 3, 'rows': 8}
{'ticker': 'QQQ', 'mode': 'binary', 'thr': 80, 'window': '2Y', 'order': 4, 'rows': 16}
{'ticker': 'QQQ', 'mode': 'binary', 'thr': 80, 'window': '5Y', 'order': 1, 'rows': 2}
{'ticker': 'QQQ', 'mode': 'binary', 'thr': 80, 'window': '5Y', 'order': 2, 'rows': 4}
{'ticker': 'QQQ', 'mode': 'binary', 'thr': 80, 'window': '5Y', 'order': 3, 'rows': 8}
{'ticker': 'QQQ', 'mode': 'binary', 'thr': 80, 'window': '5Y', 'order': 4, 'rows': 16}
{'ticker': 'QQQ', 'mode': 'binary', 'thr': 80, 'window': '10Y', 'order': 1, 'rows': 2}
{'ticker': 'QQQ', 'mode': 'binary', 'thr': 80, 'window': '10Y', 'order': 2, 'rows': 4}
{'ticker': 'QQQ', 'mode': 'binary', 'thr': 80, 'window': '10Y', 'order': 3, 'rows': 8}
{'ticker': 'QQQ', 'mode': 'binary', 'thr': 80, 'window': '10Y', 'order': 4, 'rows': 16}
{'ticker': 'QQQ', 'mode': 'binary', 'thr': 80, 'window': '20Y', 'order': 1, 'rows': 2}
{'ticker': 'QQQ', 'mode': 'binary', 'thr': 80, 'window': '20Y', 'order': 2, 'rows': 4}
{'ticker': 'QQQ', 'mode': 'binary', 'thr': 80, 'window': '20Y', 'order': 3, 'rows': 8}
{'ticker': 'QQQ', 'mode': 'binary', 'thr': 80, 'window': '20Y', 'order': 4, 'rows': 16}
{'ticker': 'QQQ', 'mode': 'binary', 'thr': 80, 'window': 'MAX', 'order': 1, 'rows': 2}
{'ticker': 'QQQ', 'mode': 'binary', 'thr': 80, 'window': 'MAX', 'order': 2, 'rows': 4}
{'ticker': 'QQQ', 'mode': 'binary', 'thr': 80, 'window': 'MAX', 'order': 3, 'rows': 8}
{'ticker': 'QQQ', 'mode': 'binary', 'thr': 80, 'window': 'MAX', 'order': 4, 'rows': 16}
{'ticker': 'QQQ', 'mode': 'binary', 'thr': 85, 'window': '1Y', 'order': 1, 'rows': 2}
{'ticker': 'QQQ', 'mode': 'binary', 'thr': 85, 'window': '1Y', 'order': 2, 'rows': 4}
{'ticker': 'QQQ', 'mode': 'binary', 'thr': 85, 'window': '1Y', 'order': 3, 'rows': 8}
{'ticker': 'QQQ', 'mode': 'binary', 'thr': 85, 'window': '1Y', 'order': 4, 'rows': 16}
{'ticker': 'QQQ', 'mode': 'binary', 'thr': 85, 'window': '2Y', 'order': 1, 'rows': 2}
{'ticker': 'QQQ', 'mode': 'binary', 'thr': 85, 'window': '2Y', 'order': 2, 'rows': 4}
{'ticker': 'QQQ', 'mode': 'binary', 'thr': 85, 'window': '2Y', 'order': 3, 'rows': 8}
{'ticker': 'QQQ', 'mode': 'binary', 'thr': 85, 'window': '2Y', 'order': 4, 'rows': 16}
{'ticker': 'QQQ', 'mode': 'binary', 'thr': 85, 'window': '5Y', 'order': 1, 'rows': 2}
{'ticker': 'QQQ', 'mode': 'binary', 'thr': 85, 'window': '5Y', 'order': 2, 'rows': 4}
{'ticker': 'QQQ', 'mode': 'binary', 'thr': 85, 'window': '5Y', 'order': 3, 'rows': 8}
{'ticker': 'QQQ', 'mode': 'binary', 'thr': 85, 'window': '5Y', 'order': 4, 'rows': 16}
{'ticker': 'QQQ', 'mode': 'binary', 'thr': 85, 'window': '10Y', 'order': 1, 'rows': 2}
{'ticker': 'QQQ', 'mode': 'binary', 'thr': 85, 'window': '10Y', 'order': 2, 'rows': 4}2025-11-12 11:25:11,906 INFO [cli] {'ticker': 'QQQ', 'mode': 'binary', 'thr': 105, 'window': '10Y', 'order': 1, 'rows': 2}
2025-11-12 11:25:11,915 INFO [cli] {'ticker': 'QQQ', 'mode': 'binary', 'thr': 105, 'window': '10Y', 'order': 2, 'rows': 4}
2025-11-12 11:25:11,924 INFO [cli] {'ticker': 'QQQ', 'mode': 'binary', 'thr': 105, 'window': '10Y', 'order': 3, 'rows': 8}
2025-11-12 11:25:11,936 INFO [cli] {'ticker': 'QQQ', 'mode': 'binary', 'thr': 105, 'window': '10Y', 'order': 4, 'rows': 16}
2025-11-12 11:25:11,946 INFO [cli] {'ticker': 'QQQ', 'mode': 'binary', 'thr': 105, 'window': '20Y', 'order': 1, 'rows': 2}
2025-11-12 11:25:11,958 INFO [cli] {'ticker': 'QQQ', 'mode': 'binary', 'thr': 105, 'window': '20Y', 'order': 2, 'rows': 4}
2025-11-12 11:25:11,968 INFO [cli] {'ticker': 'QQQ', 'mode': 'binary', 'thr': 105, 'window': '20Y', 'order': 3, 'rows': 8}
2025-11-12 11:25:11,977 INFO [cli] {'ticker': 'QQQ', 'mode': 'binary', 'thr': 105, 'window': '20Y', 'order': 4, 'rows': 16}
2025-11-12 11:25:11,984 INFO [cli] {'ticker': 'QQQ', 'mode': 'binary', 'thr': 105, 'window': 'MAX', 'order': 1, 'rows': 2}
2025-11-12 11:25:11,995 INFO [cli] {'ticker': 'QQQ', 'mode': 'binary', 'thr': 105, 'window': 'MAX', 'order': 2, 'rows': 4}
2025-11-12 11:25:12,005 INFO [cli] {'ticker': 'QQQ', 'mode': 'binary', 'thr': 105, 'window': 'MAX', 'order': 3, 'rows': 8}
2025-11-12 11:25:12,014 INFO [cli] {'ticker': 'QQQ', 'mode': 'binary', 'thr': 105, 'window': 'MAX', 'order': 4, 'rows': 16}
2025-11-12 11:25:12,030 INFO [cli] {'ticker': 'QQQ', 'mode': 'binary', 'thr': 110, 'window': '1Y', 'order': 1, 'rows': 2}
2025-11-12 11:25:12,038 INFO [cli] {'ticker': 'QQQ', 'mode': 'binary', 'thr': 110, 'window': '1Y', 'order': 2, 'rows': 4}
2025-11-12 11:25:12,047 INFO [cli] {'ticker': 'QQQ', 'mode': 'binary', 'thr': 110, 'window': '1Y', 'order': 3, 'rows': 8}
2025-11-12 11:25:12,056 INFO [cli] {'ticker': 'QQQ', 'mode': 'binary', 'thr': 110, 'window': '1Y', 'order': 4, 'rows': 14}
2025-11-12 11:25:12,065 INFO [cli] {'ticker': 'QQQ', 'mode': 'binary', 'thr': 110, 'window': '2Y', 'order': 1, 'rows': 2}
2025-11-12 11:25:12,076 INFO [cli] {'ticker': 'QQQ', 'mode': 'binary', 'thr': 110, 'window': '2Y', 'order': 2, 'rows': 4}
2025-11-12 11:25:12,085 INFO [cli] {'ticker': 'QQQ', 'mode': 'binary', 'thr': 110, 'window': '2Y', 'order': 3, 'rows': 8}
2025-11-12 11:25:12,095 INFO [cli] {'ticker': 'QQQ', 'mode': 'binary', 'thr': 110, 'window': '2Y', 'order': 4, 'rows': 14}
2025-11-12 11:25:12,107 INFO [cli] {'ticker': 'QQQ', 'mode': 'binary', 'thr': 110, 'window': '5Y', 'order': 1, 'rows': 2}
2025-11-12 11:25:12,114 INFO [cli] {'ticker': 'QQQ', 'mode': 'binary', 'thr': 110, 'window': '5Y', 'order': 2, 'rows': 4}
2025-11-12 11:25:12,124 INFO [cli] {'ticker': 'QQQ', 'mode': 'binary', 'thr': 110, 'window': '5Y', 'order': 3, 'rows': 8}
2025-11-12 11:25:12,136 INFO [cli] {'ticker': 'QQQ', 'mode': 'binary', 'thr': 110, 'window': '5Y', 'order': 4, 'rows': 16}
2025-11-12 11:25:12,145 INFO [cli] {'ticker': 'QQQ', 'mode': 'binary', 'thr': 110, 'window': '10Y', 'order': 1, 'rows': 2}
2025-11-12 11:25:12,155 INFO [cli] {'ticker': 'QQQ', 'mode': 'binary', 'thr': 110, 'window': '10Y', 'order': 2, 'rows': 4}
2025-11-12 11:25:12,166 INFO [cli] {'ticker': 'QQQ', 'mode': 'binary', 'thr': 110, 'window': '10Y', 'order': 3, 'rows': 8}
2025-11-12 11:25:12,176 INFO [cli] {'ticker': 'QQQ', 'mode': 'binary', 'thr': 110, 'window': '10Y', 'order': 4, 'rows': 16}
2025-11-12 11:25:12,184 INFO [cli] {'ticker': 'QQQ', 'mode': 'binary', 'thr': 110, 'window': '20Y', 'order': 1, 'rows': 2}
2025-11-12 11:25:12,193 INFO [cli] {'ticker': 'QQQ', 'mode': 'binary', 'thr': 110, 'window': '20Y', 'order': 2, 'rows': 4}
2025-11-12 11:25:12,205 INFO [cli] {'ticker': 'QQQ', 'mode': 'binary', 'thr': 110, 'window': '20Y', 'order': 3, 'rows': 8}
2025-11-12 11:25:12,220 INFO [cli] {'ticker': 'QQQ', 'mode': 'binary', 'thr': 110, 'window': '20Y', 'order': 4, 'rows': 16}
2025-11-12 11:25:12,231 INFO [cli] {'ticker': 'QQQ', 'mode': 'binary', 'thr': 110, 'window': 'MAX', 'order': 1, 'rows': 2}
2025-11-12 11:25:12,241 INFO [cli] {'ticker': 'QQQ', 'mode': 'binary', 'thr': 110, 'window': 'MAX', 'order': 2, 'rows': 4}
2025-11-12 11:25:12,251 INFO [cli] {'ticker': 'QQQ', 'mode': 'binary', 'thr': 110, 'window': 'MAX', 'order': 3, 'rows': 8}
2025-11-12 11:25:12,258 INFO [cli] {'ticker': 'QQQ', 'mode': 'binary', 'thr': 110, 'window': 'MAX', 'order': 4, 'rows': 16}
2025-11-12 11:25:12,275 INFO [cli] {'ticker': 'QQQ', 'mode': 'binary', 'thr': 115, 'window': '1Y', 'order': 1, 'rows': 2}
2025-11-12 11:25:12,285 INFO [cli] {'ticker': 'QQQ', 'mode': 'binary', 'thr': 115, 'window': '1Y', 'order': 2, 'rows': 4}
2025-11-12 11:25:12,294 INFO [cli] {'ticker': 'QQQ', 'mode': 'binary', 'thr': 115, 'window': '1Y', 'order': 3, 'rows': 8}
2025-11-12 11:25:12,302 INFO [cli] {'ticker': 'QQQ', 'mode': 'binary', 'thr': 115, 'window': '1Y', 'order': 4, 'rows': 13}
2025-11-12 11:25:12,314 INFO [cli] {'ticker': 'QQQ', 'mode': 'binary', 'thr': 115, 'window': '2Y', 'order': 1, 'rows': 2}
2025-11-12 11:25:12,324 INFO [cli] {'ticker': 'QQQ', 'mode': 'binary', 'thr': 115, 'window': '2Y', 'order': 2, 'rows': 4}
2025-11-12 11:25:12,332 INFO [cli] {'ticker': 'QQQ', 'mode': 'binary', 'thr': 115, 'window': '2Y', 'order': 3, 'rows': 8}
2025-11-12 11:25:12,342 INFO [cli] {'ticker': 'QQQ', 'mode': 'binary', 'thr': 115, 'window': '2Y', 'order': 4, 'rows': 13}
2025-11-12 11:25:12,350 INFO [cli] {'ticker': 'QQQ', 'mode': 'binary', 'thr': 115, 'window': '5Y', 'order': 1, 'rows': 2}
2025-11-12 11:25:12,362 INFO [cli] {'ticker': 'QQQ', 'mode': 'binary', 'thr': 115, 'window': '5Y', 'order': 2, 'rows': 4}
2025-11-12 11:25:12,370 INFO [cli] {'ticker': 'QQQ', 'mode': 'binary', 'thr': 115, 'window': '5Y', 'order': 3, 'rows': 8}
2025-11-12 11:25:12,379 INFO [cli] {'ticker': 'QQQ', 'mode': 'binary', 'thr': 115, 'window': '5Y', 'order': 4, 'rows': 16}
2025-11-12 11:25:12,389 INFO [cli] {'ticker': 'QQQ', 'mode': 'binary', 'thr': 115, 'window': '10Y', 'order': 1, 'rows': 2}
2025-11-12 11:25:12,401 INFO [cli] {'ticker': 'QQQ', 'mode': 'binary', 'thr': 115, 'window': '10Y', 'order': 2, 'rows': 4}
2025-11-12 11:25:12,413 INFO [cli] {'ticker': 'QQQ', 'mode': 'binary', 'thr': 115, 'window': '10Y', 'order': 3, 'rows': 8}
2025-11-12 11:25:12,423 INFO [cli] {'ticker': 'QQQ', 'mode': 'binary', 'thr': 115, 'window': '10Y', 'order': 4, 'rows': 16}
2025-11-12 11:25:12,432 INFO [cli] {'ticker': 'QQQ', 'mode': 'binary', 'thr': 115, 'window': '20Y', 'order': 1, 'rows': 2}
2025-11-12 11:25:12,441 INFO [cli] {'ticker': 'QQQ', 'mode': 'binary', 'thr': 115, 'window': '20Y', 'order': 2, 'rows': 4}
2025-11-12 11:25:12,450 INFO [cli] {'ticker': 'QQQ', 'mode': 'binary', 'thr': 115, 'window': '20Y', 'order': 3, 'rows': 8}
2025-11-12 11:25:12,458 INFO [cli] {'ticker': 'QQQ', 'mode': 'binary', 'thr': 115, 'window': '20Y', 'order': 4, 'rows': 16}
2025-11-12 11:25:12,467 INFO [cli] {'ticker': 'QQQ', 'mode': 'binary', 'thr': 115, 'window': 'MAX', 'order': 1, 'rows': 2}
2025-11-12 11:25:12,476 INFO [cli] {'ticker': 'QQQ', 'mode': 'binary', 'thr': 115, 'window': 'MAX', 'order': 2, 'rows': 4}
2025-11-12 11:25:12,485 INFO [cli] {'ticker': 'QQQ', 'mode': 'binary', 'thr': 115, 'window': 'MAX', 'order': 3, 'rows': 8}
2025-11-12 11:25:12,497 INFO [cli] {'ticker': 'QQQ', 'mode': 'binary', 'thr': 115, 'window': 'MAX', 'order': 4, 'rows': 16}
2025-11-12 11:25:12,514 INFO [cli] {'ticker': 'QQQ', 'mode': 'binary', 'thr': 120, 'window': '1Y', 'order': 1, 'rows': 2}
2025-11-12 11:25:12,525 INFO [cli] {'ticker': 'QQQ', 'mode': 'binary', 'thr': 120, 'window': '1Y', 'order': 2, 'rows': 4}
2025-11-12 11:25:12,534 INFO [cli] {'ticker': 'QQQ', 'mode': 'binary', 'thr': 120, 'window': '1Y', 'order': 3, 'rows': 8}
2025-11-12 11:25:12,544 INFO [cli] {'ticker': 'QQQ', 'mode': 'binary', 'thr': 120, 'window': '1Y', 'order': 4, 'rows': 13}
2025-11-12 11:25:12,552 INFO [cli] {'ticker': 'QQQ', 'mode': 'binary', 'thr': 120, 'window': '2Y', 'order': 1, 'rows': 2}
2025-11-12 11:25:12,562 INFO [cli] {'ticker': 'QQQ', 'mode': 'binary', 'thr': 120, 'window': '2Y', 'order': 2, 'rows': 4}
2025-11-12 11:25:12,571 INFO [cli] {'ticker': 'QQQ', 'mode': 'binary', 'thr': 120, 'window': '2Y', 'order': 3, 'rows': 8}
2025-11-12 11:25:12,580 INFO [cli] {'ticker': 'QQQ', 'mode': 'binary', 'thr': 120, 'window': '2Y', 'order': 4, 'rows': 13}
2025-11-12 11:25:12,590 INFO [cli] {'ticker': 'QQQ', 'mode': 'binary', 'thr': 120, 'window': '5Y', 'order': 1, 'rows': 2}
2025-11-12 11:25:12,598 INFO [cli] {'ticker': 'QQQ', 'mode': 'binary', 'thr': 120, 'window': '5Y', 'order': 2, 'rows': 4}
2025-11-12 11:25:12,606 INFO [cli] {'ticker': 'QQQ', 'mode': 'binary', 'thr': 120, 'window': '5Y', 'order': 3, 'rows': 8}
2025-11-12 11:25:12,617 INFO [cli] {'ticker': 'QQQ', 'mode': 'binary', 'thr': 120, 'window': '5Y', 'order': 4, 'rows': 16}
2025-11-12 11:25:12,630 INFO [cli] {'ticker': 'QQQ', 'mode': 'binary', 'thr': 120, 'window': '10Y', 'order': 1, 'rows': 2}
2025-11-12 11:25:12,639 INFO [cli] {'ticker': 'QQQ', 'mode': 'binary', 'thr': 120, 'window': '10Y', 'order': 2, 'rows': 4}
2025-11-12 11:25:12,647 INFO [cli] {'ticker': 'QQQ', 'mode': 'binary', 'thr': 120, 'window': '10Y', 'order': 3, 'rows': 8}
2025-11-12 11:25:12,655 INFO [cli] {'ticker': 'QQQ', 'mode': 'binary', 'thr': 120, 'window': '10Y', 'order': 4, 'rows': 16}
2025-11-12 11:25:12,666 INFO [cli] {'ticker': 'QQQ', 'mode': 'binary', 'thr': 120, 'window': '20Y', 'order': 1, 'rows': 2}
2025-11-12 11:25:12,675 INFO [cli] {'ticker': 'QQQ', 'mode': 'binary', 'thr': 120, 'window': '20Y', 'order': 2, 'rows': 4}
2025-11-12 11:25:12,683 INFO [cli] {'ticker': 'QQQ', 'mode': 'binary', 'thr': 120, 'window': '20Y', 'order': 3, 'rows': 8}
2025-11-12 11:25:12,693 INFO [cli] {'ticker': 'QQQ', 'mode': 'binary', 'thr': 120, 'window': '20Y', 'order': 4, 'rows': 16}
2025-11-12 11:25:12,701 INFO [cli] {'ticker': 'QQQ', 'mode': 'binary', 'thr': 120, 'window': 'MAX', 'order': 1, 'rows': 2}
2025-11-12 11:25:12,712 INFO [cli] {'ticker': 'QQQ', 'mode': 'binary', 'thr': 120, 'window': 'MAX', 'order': 2, 'rows': 4}
2025-11-12 11:25:12,724 INFO [cli] {'ticker': 'QQQ', 'mode': 'binary', 'thr': 120, 'window': 'MAX', 'order': 3, 'rows': 8}
2025-11-12 11:25:12,734 INFO [cli] {'ticker': 'QQQ', 'mode': 'binary', 'thr': 120, 'window': 'MAX', 'order': 4, 'rows': 16}
2025-11-12 11:25:12,750 INFO [cli] {'ticker': 'QQQ', 'mode': 'binary', 'thr': 125, 'window': '1Y', 'order': 1, 'rows': 2}
2025-11-12 11:25:12,759 INFO [cli] {'ticker': 'QQQ', 'mode': 'binary', 'thr': 125, 'window': '1Y', 'order': 2, 'rows': 4}
2025-11-12 11:25:12,769 INFO [cli] {'ticker': 'QQQ', 'mode': 'binary', 'thr': 125, 'window': '1Y', 'order': 3, 'rows': 8}
2025-11-12 11:25:12,777 INFO [cli] {'ticker': 'QQQ', 'mode': 'binary', 'thr': 125, 'window': '1Y', 'order': 4, 'rows': 13}
2025-11-12 11:25:12,788 INFO [cli] {'ticker': 'QQQ', 'mode': 'binary', 'thr': 125, 'window': '2Y', 'order': 1, 'rows': 2}
2025-11-12 11:25:12,797 INFO [cli] {'ticker': 'QQQ', 'mode': 'binary', 'thr': 125, 'window': '2Y', 'order': 2, 'rows': 4}
2025-11-12 11:25:12,804 INFO [cli] {'ticker': 'QQQ', 'mode': 'binary', 'thr': 125, 'window': '2Y', 'order': 3, 'rows': 8}
2025-11-12 11:25:12,815 INFO [cli] {'ticker': 'QQQ', 'mode': 'binary', 'thr': 125, 'window': '2Y', 'order': 4, 'rows': 13}
2025-11-12 11:25:12,824 INFO [cli] {'ticker': 'QQQ', 'mode': 'binary', 'thr': 125, 'window': '5Y', 'order': 1, 'rows': 2}
2025-11-12 11:25:12,843 INFO [cli] {'ticker': 'QQQ', 'mode': 'binary', 'thr': 125, 'window': '5Y', 'order': 2, 'rows': 4}

{'ticker': 'QQQ', 'mode': 'binary', 'thr': 85, 'window': '10Y', 'order': 3, 'rows': 8}
{'ticker': 'QQQ', 'mode': 'binary', 'thr': 85, 'window': '10Y', 'order': 4, 'rows': 16}
{'ticker': 'QQQ', 'mode': 'binary', 'thr': 85, 'window': '20Y', 'order': 1, 'rows': 2}
{'ticker': 'QQQ', 'mode': 'binary', 'thr': 85, 'window': '20Y', 'order': 2, 'rows': 4}
{'ticker': 'QQQ', 'mode': 'binary', 'thr': 85, 'window': '20Y', 'order': 3, 'rows': 8}
{'ticker': 'QQQ', 'mode': 'binary', 'thr': 85, 'window': '20Y', 'order': 4, 'rows': 16}
{'ticker': 'QQQ', 'mode': 'binary', 'thr': 85, 'window': 'MAX', 'order': 1, 'rows': 2}
{'ticker': 'QQQ', 'mode': 'binary', 'thr': 85, 'window': 'MAX', 'order': 2, 'rows': 4}
{'ticker': 'QQQ', 'mode': 'binary', 'thr': 85, 'window': 'MAX', 'order': 3, 'rows': 8}
{'ticker': 'QQQ', 'mode': 'binary', 'thr': 85, 'window': 'MAX', 'order': 4, 'rows': 16}
{'ticker': 'QQQ', 'mode': 'binary', 'thr': 90, 'window': '1Y', 'order': 1, 'rows': 2}
{'ticker': 'QQQ', 'mode': 'binary', 'thr': 90, 'window': '1Y', 'order': 2, 'rows': 4}
{'ticker': 'QQQ', 'mode': 'binary', 'thr': 90, 'window': '1Y', 'order': 3, 'rows': 8}
{'ticker': 'QQQ', 'mode': 'binary', 'thr': 90, 'window': '1Y', 'order': 4, 'rows': 16}
{'ticker': 'QQQ', 'mode': 'binary', 'thr': 90, 'window': '2Y', 'order': 1, 'rows': 2}
{'ticker': 'QQQ', 'mode': 'binary', 'thr': 90, 'window': '2Y', 'order': 2, 'rows': 4}
{'ticker': 'QQQ', 'mode': 'binary', 'thr': 90, 'window': '2Y', 'order': 3, 'rows': 8}
{'ticker': 'QQQ', 'mode': 'binary', 'thr': 90, 'window': '2Y', 'order': 4, 'rows': 16}
{'ticker': 'QQQ', 'mode': 'binary', 'thr': 90, 'window': '5Y', 'order': 1, 'rows': 2}
{'ticker': 'QQQ', 'mode': 'binary', 'thr': 90, 'window': '5Y', 'order': 2, 'rows': 4}
{'ticker': 'QQQ', 'mode': 'binary', 'thr': 90, 'window': '5Y', 'order': 3, 'rows': 8}
{'ticker': 'QQQ', 'mode': 'binary', 'thr': 90, 'window': '5Y', 'order': 4, 'rows': 16}
{'ticker': 'QQQ', 'mode': 'binary', 'thr': 90, 'window': '10Y', 'order': 1, 'rows': 2}
{'ticker': 'QQQ', 'mode': 'binary', 'thr': 90, 'window': '10Y', 'order': 2, 'rows': 4}
{'ticker': 'QQQ', 'mode': 'binary', 'thr': 90, 'window': '10Y', 'order': 3, 'rows': 8}
{'ticker': 'QQQ', 'mode': 'binary', 'thr': 90, 'window': '10Y', 'order': 4, 'rows': 16}
{'ticker': 'QQQ', 'mode': 'binary', 'thr': 90, 'window': '20Y', 'order': 1, 'rows': 2}
{'ticker': 'QQQ', 'mode': 'binary', 'thr': 90, 'window': '20Y', 'order': 2, 'rows': 4}
{'ticker': 'QQQ', 'mode': 'binary', 'thr': 90, 'window': '20Y', 'order': 3, 'rows': 8}
{'ticker': 'QQQ', 'mode': 'binary', 'thr': 90, 'window': '20Y', 'order': 4, 'rows': 16}
{'ticker': 'QQQ', 'mode': 'binary', 'thr': 90, 'window': 'MAX', 'order': 1, 'rows': 2}
{'ticker': 'QQQ', 'mode': 'binary', 'thr': 90, 'window': 'MAX', 'order': 2, 'rows': 4}
{'ticker': 'QQQ', 'mode': 'binary', 'thr': 90, 'window': 'MAX', 'order': 3, 'rows': 8}
{'ticker': 'QQQ', 'mode': 'binary', 'thr': 90, 'window': 'MAX', 'order': 4, 'rows': 16}
{'ticker': 'QQQ', 'mode': 'binary', 'thr': 95, 'window': '1Y', 'order': 1, 'rows': 2}
{'ticker': 'QQQ', 'mode': 'binary', 'thr': 95, 'window': '1Y', 'order': 2, 'rows': 4}
{'ticker': 'QQQ', 'mode': 'binary', 'thr': 95, 'window': '1Y', 'order': 3, 'rows': 8}
{'ticker': 'QQQ', 'mode': 'binary', 'thr': 95, 'window': '1Y', 'order': 4, 'rows': 15}
{'ticker': 'QQQ', 'mode': 'binary', 'thr': 95, 'window': '2Y', 'order': 1, 'rows': 2}
{'ticker': 'QQQ', 'mode': 'binary', 'thr': 95, 'window': '2Y', 'order': 2, 'rows': 4}
{'ticker': 'QQQ', 'mode': 'binary', 'thr': 95, 'window': '2Y', 'order': 3, 'rows': 8}
{'ticker': 'QQQ', 'mode': 'binary', 'thr': 95, 'window': '2Y', 'order': 4, 'rows': 15}
{'ticker': 'QQQ', 'mode': 'binary', 'thr': 95, 'window': '5Y', 'order': 1, 'rows': 2}
{'ticker': 'QQQ', 'mode': 'binary', 'thr': 95, 'window': '5Y', 'order': 2, 'rows': 4}
{'ticker': 'QQQ', 'mode': 'binary', 'thr': 95, 'window': '5Y', 'order': 3, 'rows': 8}
{'ticker': 'QQQ', 'mode': 'binary', 'thr': 95, 'window': '5Y', 'order': 4, 'rows': 16}
{'ticker': 'QQQ', 'mode': 'binary', 'thr': 95, 'window': '10Y', 'order': 1, 'rows': 2}
{'ticker': 'QQQ', 'mode': 'binary', 'thr': 95, 'window': '10Y', 'order': 2, 'rows': 4}
{'ticker': 'QQQ', 'mode': 'binary', 'thr': 95, 'window': '10Y', 'order': 3, 'rows': 8}
{'ticker': 'QQQ', 'mode': 'binary', 'thr': 95, 'window': '10Y', 'order': 4, 'rows': 16}
{'ticker': 'QQQ', 'mode': 'binary', 'thr': 95, 'window': '20Y', 'order': 1, 'rows': 2}
{'ticker': 'QQQ', 'mode': 'binary', 'thr': 95, 'window': '20Y', 'order': 2, 'rows': 4}
{'ticker': 'QQQ', 'mode': 'binary', 'thr': 95, 'window': '20Y', 'order': 3, 'rows': 8}
{'ticker': 'QQQ', 'mode': 'binary', 'thr': 95, 'window': '20Y', 'order': 4, 'rows': 16}
{'ticker': 'QQQ', 'mode': 'binary', 'thr': 95, 'window': 'MAX', 'order': 1, 'rows': 2}
{'ticker': 'QQQ', 'mode': 'binary', 'thr': 95, 'window': 'MAX', 'order': 2, 'rows': 4}
{'ticker': 'QQQ', 'mode': 'binary', 'thr': 95, 'window': 'MAX', 'order': 3, 'rows': 8}
{'ticker': 'QQQ', 'mode': 'binary', 'thr': 95, 'window': 'MAX', 'order': 4, 'rows': 16}
{'ticker': 'QQQ', 'mode': 'binary', 'thr': 100, 'window': '1Y', 'order': 1, 'rows': 2}
{'ticker': 'QQQ', 'mode': 'binary', 'thr': 100, 'window': '1Y', 'order': 2, 'rows': 4}
{'ticker': 'QQQ', 'mode': 'binary', 'thr': 100, 'window': '1Y', 'order': 3, 'rows': 8}
{'ticker': 'QQQ', 'mode': 'binary', 'thr': 100, 'window': '1Y', 'order': 4, 'rows': 15}
{'ticker': 'QQQ', 'mode': 'binary', 'thr': 100, 'window': '2Y', 'order': 1, 'rows': 2}
{'ticker': 'QQQ', 'mode': 'binary', 'thr': 100, 'window': '2Y', 'order': 2, 'rows': 4}
{'ticker': 'QQQ', 'mode': 'binary', 'thr': 100, 'window': '2Y', 'order': 3, 'rows': 8}
{'ticker': 'QQQ', 'mode': 'binary', 'thr': 100, 'window': '2Y', 'order': 4, 'rows': 15}
{'ticker': 'QQQ', 'mode': 'binary', 'thr': 100, 'window': '5Y', 'order': 1, 'rows': 2}
{'ticker': 'QQQ', 'mode': 'binary', 'thr': 100, 'window': '5Y', 'order': 2, 'rows': 4}
{'ticker': 'QQQ', 'mode': 'binary', 'thr': 100, 'window': '5Y', 'order': 3, 'rows': 8}
{'ticker': 'QQQ', 'mode': 'binary', 'thr': 100, 'window': '5Y', 'order': 4, 'rows': 16}
{'ticker': 'QQQ', 'mode': 'binary', 'thr': 100, 'window': '10Y', 'order': 1, 'rows': 2}
{'ticker': 'QQQ', 'mode': 'binary', 'thr': 100, 'window': '10Y', 'order': 2, 'rows': 4}
{'ticker': 'QQQ', 'mode': 'binary', 'thr': 100, 'window': '10Y', 'order': 3, 'rows': 8}
{'ticker': 'QQQ', 'mode': 'binary', 'thr': 100, 'window': '10Y', 'order': 4, 'rows': 16}
{'ticker': 'QQQ', 'mode': 'binary', 'thr': 100, 'window': '20Y', 'order': 1, 'rows': 2}
{'ticker': 'QQQ', 'mode': 'binary', 'thr': 100, 'window': '20Y', 'order': 2, 'rows': 4}
{'ticker': 'QQQ', 'mode': 'binary', 'thr': 100, 'window': '20Y', 'order': 3, 'rows': 8}
{'ticker': 'QQQ', 'mode': 'binary', 'thr': 100, 'window': '20Y', 'order': 4, 'rows': 16}
{'ticker': 'QQQ', 'mode': 'binary', 'thr': 100, 'window': 'MAX', 'order': 1, 'rows': 2}
{'ticker': 'QQQ', 'mode': 'binary', 'thr': 100, 'window': 'MAX', 'order': 2, 'rows': 4}
{'ticker': 'QQQ', 'mode': 'binary', 'thr': 100, 'window': 'MAX', 'order': 3, 'rows': 8}
{'ticker': 'QQQ', 'mode': 'binary', 'thr': 100, 'window': 'MAX', 'order': 4, 'rows': 16}
{'ticker': 'QQQ', 'mode': 'binary', 'thr': 105, 'window': '1Y', 'order': 1, 'rows': 2}
{'ticker': 'QQQ', 'mode': 'binary', 'thr': 105, 'window': '1Y', 'order': 2, 'rows': 4}
{'ticker': 'QQQ', 'mode': 'binary', 'thr': 105, 'window': '1Y', 'order': 3, 'rows': 8}
{'ticker': 'QQQ', 'mode': 'binary', 'thr': 105, 'window': '1Y', 'order': 4, 'rows': 14}
{'ticker': 'QQQ', 'mode': 'binary', 'thr': 105, 'window': '2Y', 'order': 1, 'rows': 2}
{'ticker': 'QQQ', 'mode': 'binary', 'thr': 105, 'window': '2Y', 'order': 2, 'rows': 4}
{'ticker': 'QQQ', 'mode': 'binary', 'thr': 105, 'window': '2Y', 'order': 3, 'rows': 8}
{'ticker': 'QQQ', 'mode': 'binary', 'thr': 105, 'window': '2Y', 'order': 4, 'rows': 14}
{'ticker': 'QQQ', 'mode': 'binary', 'thr': 105, 'window': '5Y', 'order': 1, 'rows': 2}
{'ticker': 'QQQ', 'mode': 'binary', 'thr': 105, 'window': '5Y', 'order': 2, 'rows': 4}
{'ticker': 'QQQ', 'mode': 'binary', 'thr': 105, 'window': '5Y', 'order': 3, 'rows': 8}
{'ticker': 'QQQ', 'mode': 'binary', 'thr': 105, 'window': '5Y', 'order': 4, 'rows': 16}
{'ticker': 'QQQ', 'mode': 'binary', 'thr': 105, 'window': '10Y', 'order': 1, 'rows': 2}2025-11-12 11:25:12,852 INFO [cli] {'ticker': 'QQQ', 'mode': 'binary', 'thr': 125, 'window': '5Y', 'order': 3, 'rows': 8}
2025-11-12 11:25:12,859 INFO [cli] {'ticker': 'QQQ', 'mode': 'binary', 'thr': 125, 'window': '5Y', 'order': 4, 'rows': 15}
2025-11-12 11:25:12,869 INFO [cli] {'ticker': 'QQQ', 'mode': 'binary', 'thr': 125, 'window': '10Y', 'order': 1, 'rows': 2}
2025-11-12 11:25:12,879 INFO [cli] {'ticker': 'QQQ', 'mode': 'binary', 'thr': 125, 'window': '10Y', 'order': 2, 'rows': 4}
2025-11-12 11:25:12,888 INFO [cli] {'ticker': 'QQQ', 'mode': 'binary', 'thr': 125, 'window': '10Y', 'order': 3, 'rows': 8}
2025-11-12 11:25:12,897 INFO [cli] {'ticker': 'QQQ', 'mode': 'binary', 'thr': 125, 'window': '10Y', 'order': 4, 'rows': 15}
2025-11-12 11:25:12,905 INFO [cli] {'ticker': 'QQQ', 'mode': 'binary', 'thr': 125, 'window': '20Y', 'order': 1, 'rows': 2}
2025-11-12 11:25:12,914 INFO [cli] {'ticker': 'QQQ', 'mode': 'binary', 'thr': 125, 'window': '20Y', 'order': 2, 'rows': 4}
2025-11-12 11:25:12,925 INFO [cli] {'ticker': 'QQQ', 'mode': 'binary', 'thr': 125, 'window': '20Y', 'order': 3, 'rows': 8}
2025-11-12 11:25:12,938 INFO [cli] {'ticker': 'QQQ', 'mode': 'binary', 'thr': 125, 'window': '20Y', 'order': 4, 'rows': 16}
2025-11-12 11:25:12,949 INFO [cli] {'ticker': 'QQQ', 'mode': 'binary', 'thr': 125, 'window': 'MAX', 'order': 1, 'rows': 2}
2025-11-12 11:25:12,959 INFO [cli] {'ticker': 'QQQ', 'mode': 'binary', 'thr': 125, 'window': 'MAX', 'order': 2, 'rows': 4}
2025-11-12 11:25:12,966 INFO [cli] {'ticker': 'QQQ', 'mode': 'binary', 'thr': 125, 'window': 'MAX', 'order': 3, 'rows': 8}
2025-11-12 11:25:12,977 INFO [cli] {'ticker': 'QQQ', 'mode': 'binary', 'thr': 125, 'window': 'MAX', 'order': 4, 'rows': 16}
2025-11-12 11:25:12,992 INFO [cli] {'ticker': 'QQQ', 'mode': 'binary', 'thr': 130, 'window': '1Y', 'order': 1, 'rows': 2}
2025-11-12 11:25:13,002 INFO [cli] {'ticker': 'QQQ', 'mode': 'binary', 'thr': 130, 'window': '1Y', 'order': 2, 'rows': 4}
2025-11-12 11:25:13,011 INFO [cli] {'ticker': 'QQQ', 'mode': 'binary', 'thr': 130, 'window': '1Y', 'order': 3, 'rows': 8}
2025-11-12 11:25:13,019 INFO [cli] {'ticker': 'QQQ', 'mode': 'binary', 'thr': 130, 'window': '1Y', 'order': 4, 'rows': 13}
2025-11-12 11:25:13,030 INFO [cli] {'ticker': 'QQQ', 'mode': 'binary', 'thr': 130, 'window': '2Y', 'order': 1, 'rows': 2}
2025-11-12 11:25:13,038 INFO [cli] {'ticker': 'QQQ', 'mode': 'binary', 'thr': 130, 'window': '2Y', 'order': 2, 'rows': 4}
2025-11-12 11:25:13,047 INFO [cli] {'ticker': 'QQQ', 'mode': 'binary', 'thr': 130, 'window': '2Y', 'order': 3, 'rows': 8}
2025-11-12 11:25:13,057 INFO [cli] {'ticker': 'QQQ', 'mode': 'binary', 'thr': 130, 'window': '2Y', 'order': 4, 'rows': 13}
2025-11-12 11:25:13,065 INFO [cli] {'ticker': 'QQQ', 'mode': 'binary', 'thr': 130, 'window': '5Y', 'order': 1, 'rows': 2}
2025-11-12 11:25:13,073 INFO [cli] {'ticker': 'QQQ', 'mode': 'binary', 'thr': 130, 'window': '5Y', 'order': 2, 'rows': 4}
2025-11-12 11:25:13,080 INFO [cli] {'ticker': 'QQQ', 'mode': 'binary', 'thr': 130, 'window': '5Y', 'order': 3, 'rows': 8}
2025-11-12 11:25:13,091 INFO [cli] {'ticker': 'QQQ', 'mode': 'binary', 'thr': 130, 'window': '5Y', 'order': 4, 'rows': 15}
2025-11-12 11:25:13,101 INFO [cli] {'ticker': 'QQQ', 'mode': 'binary', 'thr': 130, 'window': '10Y', 'order': 1, 'rows': 2}
2025-11-12 11:25:13,109 INFO [cli] {'ticker': 'QQQ', 'mode': 'binary', 'thr': 130, 'window': '10Y', 'order': 2, 'rows': 4}
2025-11-12 11:25:13,117 INFO [cli] {'ticker': 'QQQ', 'mode': 'binary', 'thr': 130, 'window': '10Y', 'order': 3, 'rows': 8}
2025-11-12 11:25:13,126 INFO [cli] {'ticker': 'QQQ', 'mode': 'binary', 'thr': 130, 'window': '10Y', 'order': 4, 'rows': 15}
2025-11-12 11:25:13,136 INFO [cli] {'ticker': 'QQQ', 'mode': 'binary', 'thr': 130, 'window': '20Y', 'order': 1, 'rows': 2}
2025-11-12 11:25:13,144 INFO [cli] {'ticker': 'QQQ', 'mode': 'binary', 'thr': 130, 'window': '20Y', 'order': 2, 'rows': 4}
2025-11-12 11:25:13,153 INFO [cli] {'ticker': 'QQQ', 'mode': 'binary', 'thr': 130, 'window': '20Y', 'order': 3, 'rows': 8}
2025-11-12 11:25:13,162 INFO [cli] {'ticker': 'QQQ', 'mode': 'binary', 'thr': 130, 'window': '20Y', 'order': 4, 'rows': 15}
2025-11-12 11:25:13,170 INFO [cli] {'ticker': 'QQQ', 'mode': 'binary', 'thr': 130, 'window': 'MAX', 'order': 1, 'rows': 2}
2025-11-12 11:25:13,179 INFO [cli] {'ticker': 'QQQ', 'mode': 'binary', 'thr': 130, 'window': 'MAX', 'order': 2, 'rows': 4}
2025-11-12 11:25:13,189 INFO [cli] {'ticker': 'QQQ', 'mode': 'binary', 'thr': 130, 'window': 'MAX', 'order': 3, 'rows': 8}
2025-11-12 11:25:13,198 INFO [cli] {'ticker': 'QQQ', 'mode': 'binary', 'thr': 130, 'window': 'MAX', 'order': 4, 'rows': 16}
2025-11-12 11:25:13,214 INFO [cli] {'ticker': 'QQQ', 'mode': 'binary', 'thr': 135, 'window': '1Y', 'order': 1, 'rows': 2}
2025-11-12 11:25:13,222 INFO [cli] {'ticker': 'QQQ', 'mode': 'binary', 'thr': 135, 'window': '1Y', 'order': 2, 'rows': 4}
2025-11-12 11:25:13,230 INFO [cli] {'ticker': 'QQQ', 'mode': 'binary', 'thr': 135, 'window': '1Y', 'order': 3, 'rows': 8}
2025-11-12 11:25:13,239 INFO [cli] {'ticker': 'QQQ', 'mode': 'binary', 'thr': 135, 'window': '1Y', 'order': 4, 'rows': 13}
2025-11-12 11:25:13,247 INFO [cli] {'ticker': 'QQQ', 'mode': 'binary', 'thr': 135, 'window': '2Y', 'order': 1, 'rows': 2}
2025-11-12 11:25:13,258 INFO [cli] {'ticker': 'QQQ', 'mode': 'binary', 'thr': 135, 'window': '2Y', 'order': 2, 'rows': 4}
2025-11-12 11:25:13,267 INFO [cli] {'ticker': 'QQQ', 'mode': 'binary', 'thr': 135, 'window': '2Y', 'order': 3, 'rows': 8}
2025-11-12 11:25:13,277 INFO [cli] {'ticker': 'QQQ', 'mode': 'binary', 'thr': 135, 'window': '2Y', 'order': 4, 'rows': 13}
2025-11-12 11:25:13,284 INFO [cli] {'ticker': 'QQQ', 'mode': 'binary', 'thr': 135, 'window': '5Y', 'order': 1, 'rows': 2}
2025-11-12 11:25:13,295 INFO [cli] {'ticker': 'QQQ', 'mode': 'binary', 'thr': 135, 'window': '5Y', 'order': 2, 'rows': 4}
2025-11-12 11:25:13,304 INFO [cli] {'ticker': 'QQQ', 'mode': 'binary', 'thr': 135, 'window': '5Y', 'order': 3, 'rows': 8}
2025-11-12 11:25:13,314 INFO [cli] {'ticker': 'QQQ', 'mode': 'binary', 'thr': 135, 'window': '5Y', 'order': 4, 'rows': 15}
2025-11-12 11:25:13,323 INFO [cli] {'ticker': 'QQQ', 'mode': 'binary', 'thr': 135, 'window': '10Y', 'order': 1, 'rows': 2}
2025-11-12 11:25:13,332 INFO [cli] {'ticker': 'QQQ', 'mode': 'binary', 'thr': 135, 'window': '10Y', 'order': 2, 'rows': 4}
2025-11-12 11:25:13,342 INFO [cli] {'ticker': 'QQQ', 'mode': 'binary', 'thr': 135, 'window': '10Y', 'order': 3, 'rows': 8}
2025-11-12 11:25:13,352 INFO [cli] {'ticker': 'QQQ', 'mode': 'binary', 'thr': 135, 'window': '10Y', 'order': 4, 'rows': 15}
2025-11-12 11:25:13,365 INFO [cli] {'ticker': 'QQQ', 'mode': 'binary', 'thr': 135, 'window': '20Y', 'order': 1, 'rows': 2}
2025-11-12 11:25:13,375 INFO [cli] {'ticker': 'QQQ', 'mode': 'binary', 'thr': 135, 'window': '20Y', 'order': 2, 'rows': 4}
2025-11-12 11:25:13,383 INFO [cli] {'ticker': 'QQQ', 'mode': 'binary', 'thr': 135, 'window': '20Y', 'order': 3, 'rows': 8}
2025-11-12 11:25:13,392 INFO [cli] {'ticker': 'QQQ', 'mode': 'binary', 'thr': 135, 'window': '20Y', 'order': 4, 'rows': 15}
2025-11-12 11:25:13,404 INFO [cli] {'ticker': 'QQQ', 'mode': 'binary', 'thr': 135, 'window': 'MAX', 'order': 1, 'rows': 2}
2025-11-12 11:25:13,414 INFO [cli] {'ticker': 'QQQ', 'mode': 'binary', 'thr': 135, 'window': 'MAX', 'order': 2, 'rows': 4}
2025-11-12 11:25:13,424 INFO [cli] {'ticker': 'QQQ', 'mode': 'binary', 'thr': 135, 'window': 'MAX', 'order': 3, 'rows': 8}
2025-11-12 11:25:13,432 INFO [cli] {'ticker': 'QQQ', 'mode': 'binary', 'thr': 135, 'window': 'MAX', 'order': 4, 'rows': 16}
2025-11-12 11:25:13,447 INFO [cli] {'ticker': 'QQQ', 'mode': 'binary', 'thr': 140, 'window': '1Y', 'order': 1, 'rows': 2}
2025-11-12 11:25:13,456 INFO [cli] {'ticker': 'QQQ', 'mode': 'binary', 'thr': 140, 'window': '1Y', 'order': 2, 'rows': 4}
2025-11-12 11:25:13,465 INFO [cli] {'ticker': 'QQQ', 'mode': 'binary', 'thr': 140, 'window': '1Y', 'order': 3, 'rows': 8}
2025-11-12 11:25:13,473 INFO [cli] {'ticker': 'QQQ', 'mode': 'binary', 'thr': 140, 'window': '1Y', 'order': 4, 'rows': 13}
2025-11-12 11:25:13,483 INFO [cli] {'ticker': 'QQQ', 'mode': 'binary', 'thr': 140, 'window': '2Y', 'order': 1, 'rows': 2}
2025-11-12 11:25:13,490 INFO [cli] {'ticker': 'QQQ', 'mode': 'binary', 'thr': 140, 'window': '2Y', 'order': 2, 'rows': 4}
2025-11-12 11:25:13,499 INFO [cli] {'ticker': 'QQQ', 'mode': 'binary', 'thr': 140, 'window': '2Y', 'order': 3, 'rows': 8}
2025-11-12 11:25:13,509 INFO [cli] {'ticker': 'QQQ', 'mode': 'binary', 'thr': 140, 'window': '2Y', 'order': 4, 'rows': 13}
2025-11-12 11:25:13,517 INFO [cli] {'ticker': 'QQQ', 'mode': 'binary', 'thr': 140, 'window': '5Y', 'order': 1, 'rows': 2}
2025-11-12 11:25:13,526 INFO [cli] {'ticker': 'QQQ', 'mode': 'binary', 'thr': 140, 'window': '5Y', 'order': 2, 'rows': 4}
2025-11-12 11:25:13,534 INFO [cli] {'ticker': 'QQQ', 'mode': 'binary', 'thr': 140, 'window': '5Y', 'order': 3, 'rows': 8}
2025-11-12 11:25:13,544 INFO [cli] {'ticker': 'QQQ', 'mode': 'binary', 'thr': 140, 'window': '5Y', 'order': 4, 'rows': 15}
2025-11-12 11:25:13,552 INFO [cli] {'ticker': 'QQQ', 'mode': 'binary', 'thr': 140, 'window': '10Y', 'order': 1, 'rows': 2}
2025-11-12 11:25:13,560 INFO [cli] {'ticker': 'QQQ', 'mode': 'binary', 'thr': 140, 'window': '10Y', 'order': 2, 'rows': 4}
2025-11-12 11:25:13,571 INFO [cli] {'ticker': 'QQQ', 'mode': 'binary', 'thr': 140, 'window': '10Y', 'order': 3, 'rows': 8}
2025-11-12 11:25:13,583 INFO [cli] {'ticker': 'QQQ', 'mode': 'binary', 'thr': 140, 'window': '10Y', 'order': 4, 'rows': 15}
2025-11-12 11:25:13,593 INFO [cli] {'ticker': 'QQQ', 'mode': 'binary', 'thr': 140, 'window': '20Y', 'order': 1, 'rows': 2}
2025-11-12 11:25:13,601 INFO [cli] {'ticker': 'QQQ', 'mode': 'binary', 'thr': 140, 'window': '20Y', 'order': 2, 'rows': 4}
2025-11-12 11:25:13,609 INFO [cli] {'ticker': 'QQQ', 'mode': 'binary', 'thr': 140, 'window': '20Y', 'order': 3, 'rows': 8}
2025-11-12 11:25:13,618 INFO [cli] {'ticker': 'QQQ', 'mode': 'binary', 'thr': 140, 'window': '20Y', 'order': 4, 'rows': 15}
2025-11-12 11:25:13,627 INFO [cli] {'ticker': 'QQQ', 'mode': 'binary', 'thr': 140, 'window': 'MAX', 'order': 1, 'rows': 2}
2025-11-12 11:25:13,636 INFO [cli] {'ticker': 'QQQ', 'mode': 'binary', 'thr': 140, 'window': 'MAX', 'order': 2, 'rows': 4}
2025-11-12 11:25:13,645 INFO [cli] {'ticker': 'QQQ', 'mode': 'binary', 'thr': 140, 'window': 'MAX', 'order': 3, 'rows': 8}
2025-11-12 11:25:13,654 INFO [cli] {'ticker': 'QQQ', 'mode': 'binary', 'thr': 140, 'window': 'MAX', 'order': 4, 'rows': 16}
2025-11-12 11:25:13,670 INFO [cli] {'ticker': 'QQQ', 'mode': 'binary', 'thr': 145, 'window': '1Y', 'order': 1, 'rows': 2}
2025-11-12 11:25:13,679 INFO [cli] {'ticker': 'QQQ', 'mode': 'binary', 'thr': 145, 'window': '1Y', 'order': 2, 'rows': 4}
2025-11-12 11:25:13,690 INFO [cli] {'ticker': 'QQQ', 'mode': 'binary', 'thr': 145, 'window': '1Y', 'order': 3, 'rows': 8}
2025-11-12 11:25:13,701 INFO [cli] {'ticker': 'QQQ', 'mode': 'binary', 'thr': 145, 'window': '1Y', 'order': 4, 'rows': 12}
2025-11-12 11:25:13,710 INFO [cli] {'ticker': 'QQQ', 'mode': 'binary', 'thr': 145, 'window': '2Y', 'order': 1, 'rows': 2}
2025-11-12 11:25:13,718 INFO [cli] {'ticker': 'QQQ', 'mode': 'binary', 'thr': 145, 'window': '2Y', 'order': 2, 'rows': 4}
2025-11-12 11:25:13,726 INFO [cli] {'ticker': 'QQQ', 'mode': 'binary', 'thr': 145, 'window': '2Y', 'order': 3, 'rows': 8}
2025-11-12 11:25:13,735 INFO [cli] {'ticker': 'QQQ', 'mode': 'binary', 'thr': 145, 'window': '2Y', 'order': 4, 'rows': 13}

{'ticker': 'QQQ', 'mode': 'binary', 'thr': 105, 'window': '10Y', 'order': 2, 'rows': 4}
{'ticker': 'QQQ', 'mode': 'binary', 'thr': 105, 'window': '10Y', 'order': 3, 'rows': 8}
{'ticker': 'QQQ', 'mode': 'binary', 'thr': 105, 'window': '10Y', 'order': 4, 'rows': 16}
{'ticker': 'QQQ', 'mode': 'binary', 'thr': 105, 'window': '20Y', 'order': 1, 'rows': 2}
{'ticker': 'QQQ', 'mode': 'binary', 'thr': 105, 'window': '20Y', 'order': 2, 'rows': 4}
{'ticker': 'QQQ', 'mode': 'binary', 'thr': 105, 'window': '20Y', 'order': 3, 'rows': 8}
{'ticker': 'QQQ', 'mode': 'binary', 'thr': 105, 'window': '20Y', 'order': 4, 'rows': 16}
{'ticker': 'QQQ', 'mode': 'binary', 'thr': 105, 'window': 'MAX', 'order': 1, 'rows': 2}
{'ticker': 'QQQ', 'mode': 'binary', 'thr': 105, 'window': 'MAX', 'order': 2, 'rows': 4}
{'ticker': 'QQQ', 'mode': 'binary', 'thr': 105, 'window': 'MAX', 'order': 3, 'rows': 8}
{'ticker': 'QQQ', 'mode': 'binary', 'thr': 105, 'window': 'MAX', 'order': 4, 'rows': 16}
{'ticker': 'QQQ', 'mode': 'binary', 'thr': 110, 'window': '1Y', 'order': 1, 'rows': 2}
{'ticker': 'QQQ', 'mode': 'binary', 'thr': 110, 'window': '1Y', 'order': 2, 'rows': 4}
{'ticker': 'QQQ', 'mode': 'binary', 'thr': 110, 'window': '1Y', 'order': 3, 'rows': 8}
{'ticker': 'QQQ', 'mode': 'binary', 'thr': 110, 'window': '1Y', 'order': 4, 'rows': 14}
{'ticker': 'QQQ', 'mode': 'binary', 'thr': 110, 'window': '2Y', 'order': 1, 'rows': 2}
{'ticker': 'QQQ', 'mode': 'binary', 'thr': 110, 'window': '2Y', 'order': 2, 'rows': 4}
{'ticker': 'QQQ', 'mode': 'binary', 'thr': 110, 'window': '2Y', 'order': 3, 'rows': 8}
{'ticker': 'QQQ', 'mode': 'binary', 'thr': 110, 'window': '2Y', 'order': 4, 'rows': 14}
{'ticker': 'QQQ', 'mode': 'binary', 'thr': 110, 'window': '5Y', 'order': 1, 'rows': 2}
{'ticker': 'QQQ', 'mode': 'binary', 'thr': 110, 'window': '5Y', 'order': 2, 'rows': 4}
{'ticker': 'QQQ', 'mode': 'binary', 'thr': 110, 'window': '5Y', 'order': 3, 'rows': 8}
{'ticker': 'QQQ', 'mode': 'binary', 'thr': 110, 'window': '5Y', 'order': 4, 'rows': 16}
{'ticker': 'QQQ', 'mode': 'binary', 'thr': 110, 'window': '10Y', 'order': 1, 'rows': 2}
{'ticker': 'QQQ', 'mode': 'binary', 'thr': 110, 'window': '10Y', 'order': 2, 'rows': 4}
{'ticker': 'QQQ', 'mode': 'binary', 'thr': 110, 'window': '10Y', 'order': 3, 'rows': 8}
{'ticker': 'QQQ', 'mode': 'binary', 'thr': 110, 'window': '10Y', 'order': 4, 'rows': 16}
{'ticker': 'QQQ', 'mode': 'binary', 'thr': 110, 'window': '20Y', 'order': 1, 'rows': 2}
{'ticker': 'QQQ', 'mode': 'binary', 'thr': 110, 'window': '20Y', 'order': 2, 'rows': 4}
{'ticker': 'QQQ', 'mode': 'binary', 'thr': 110, 'window': '20Y', 'order': 3, 'rows': 8}
{'ticker': 'QQQ', 'mode': 'binary', 'thr': 110, 'window': '20Y', 'order': 4, 'rows': 16}
{'ticker': 'QQQ', 'mode': 'binary', 'thr': 110, 'window': 'MAX', 'order': 1, 'rows': 2}
{'ticker': 'QQQ', 'mode': 'binary', 'thr': 110, 'window': 'MAX', 'order': 2, 'rows': 4}
{'ticker': 'QQQ', 'mode': 'binary', 'thr': 110, 'window': 'MAX', 'order': 3, 'rows': 8}
{'ticker': 'QQQ', 'mode': 'binary', 'thr': 110, 'window': 'MAX', 'order': 4, 'rows': 16}
{'ticker': 'QQQ', 'mode': 'binary', 'thr': 115, 'window': '1Y', 'order': 1, 'rows': 2}
{'ticker': 'QQQ', 'mode': 'binary', 'thr': 115, 'window': '1Y', 'order': 2, 'rows': 4}
{'ticker': 'QQQ', 'mode': 'binary', 'thr': 115, 'window': '1Y', 'order': 3, 'rows': 8}
{'ticker': 'QQQ', 'mode': 'binary', 'thr': 115, 'window': '1Y', 'order': 4, 'rows': 13}
{'ticker': 'QQQ', 'mode': 'binary', 'thr': 115, 'window': '2Y', 'order': 1, 'rows': 2}
{'ticker': 'QQQ', 'mode': 'binary', 'thr': 115, 'window': '2Y', 'order': 2, 'rows': 4}
{'ticker': 'QQQ', 'mode': 'binary', 'thr': 115, 'window': '2Y', 'order': 3, 'rows': 8}
{'ticker': 'QQQ', 'mode': 'binary', 'thr': 115, 'window': '2Y', 'order': 4, 'rows': 13}
{'ticker': 'QQQ', 'mode': 'binary', 'thr': 115, 'window': '5Y', 'order': 1, 'rows': 2}
{'ticker': 'QQQ', 'mode': 'binary', 'thr': 115, 'window': '5Y', 'order': 2, 'rows': 4}
{'ticker': 'QQQ', 'mode': 'binary', 'thr': 115, 'window': '5Y', 'order': 3, 'rows': 8}
{'ticker': 'QQQ', 'mode': 'binary', 'thr': 115, 'window': '5Y', 'order': 4, 'rows': 16}
{'ticker': 'QQQ', 'mode': 'binary', 'thr': 115, 'window': '10Y', 'order': 1, 'rows': 2}
{'ticker': 'QQQ', 'mode': 'binary', 'thr': 115, 'window': '10Y', 'order': 2, 'rows': 4}
{'ticker': 'QQQ', 'mode': 'binary', 'thr': 115, 'window': '10Y', 'order': 3, 'rows': 8}
{'ticker': 'QQQ', 'mode': 'binary', 'thr': 115, 'window': '10Y', 'order': 4, 'rows': 16}
{'ticker': 'QQQ', 'mode': 'binary', 'thr': 115, 'window': '20Y', 'order': 1, 'rows': 2}
{'ticker': 'QQQ', 'mode': 'binary', 'thr': 115, 'window': '20Y', 'order': 2, 'rows': 4}
{'ticker': 'QQQ', 'mode': 'binary', 'thr': 115, 'window': '20Y', 'order': 3, 'rows': 8}
{'ticker': 'QQQ', 'mode': 'binary', 'thr': 115, 'window': '20Y', 'order': 4, 'rows': 16}
{'ticker': 'QQQ', 'mode': 'binary', 'thr': 115, 'window': 'MAX', 'order': 1, 'rows': 2}
{'ticker': 'QQQ', 'mode': 'binary', 'thr': 115, 'window': 'MAX', 'order': 2, 'rows': 4}
{'ticker': 'QQQ', 'mode': 'binary', 'thr': 115, 'window': 'MAX', 'order': 3, 'rows': 8}
{'ticker': 'QQQ', 'mode': 'binary', 'thr': 115, 'window': 'MAX', 'order': 4, 'rows': 16}
{'ticker': 'QQQ', 'mode': 'binary', 'thr': 120, 'window': '1Y', 'order': 1, 'rows': 2}
{'ticker': 'QQQ', 'mode': 'binary', 'thr': 120, 'window': '1Y', 'order': 2, 'rows': 4}
{'ticker': 'QQQ', 'mode': 'binary', 'thr': 120, 'window': '1Y', 'order': 3, 'rows': 8}
{'ticker': 'QQQ', 'mode': 'binary', 'thr': 120, 'window': '1Y', 'order': 4, 'rows': 13}
{'ticker': 'QQQ', 'mode': 'binary', 'thr': 120, 'window': '2Y', 'order': 1, 'rows': 2}
{'ticker': 'QQQ', 'mode': 'binary', 'thr': 120, 'window': '2Y', 'order': 2, 'rows': 4}
{'ticker': 'QQQ', 'mode': 'binary', 'thr': 120, 'window': '2Y', 'order': 3, 'rows': 8}
{'ticker': 'QQQ', 'mode': 'binary', 'thr': 120, 'window': '2Y', 'order': 4, 'rows': 13}
{'ticker': 'QQQ', 'mode': 'binary', 'thr': 120, 'window': '5Y', 'order': 1, 'rows': 2}
{'ticker': 'QQQ', 'mode': 'binary', 'thr': 120, 'window': '5Y', 'order': 2, 'rows': 4}
{'ticker': 'QQQ', 'mode': 'binary', 'thr': 120, 'window': '5Y', 'order': 3, 'rows': 8}
{'ticker': 'QQQ', 'mode': 'binary', 'thr': 120, 'window': '5Y', 'order': 4, 'rows': 16}
{'ticker': 'QQQ', 'mode': 'binary', 'thr': 120, 'window': '10Y', 'order': 1, 'rows': 2}
{'ticker': 'QQQ', 'mode': 'binary', 'thr': 120, 'window': '10Y', 'order': 2, 'rows': 4}
{'ticker': 'QQQ', 'mode': 'binary', 'thr': 120, 'window': '10Y', 'order': 3, 'rows': 8}
{'ticker': 'QQQ', 'mode': 'binary', 'thr': 120, 'window': '10Y', 'order': 4, 'rows': 16}
{'ticker': 'QQQ', 'mode': 'binary', 'thr': 120, 'window': '20Y', 'order': 1, 'rows': 2}
{'ticker': 'QQQ', 'mode': 'binary', 'thr': 120, 'window': '20Y', 'order': 2, 'rows': 4}
{'ticker': 'QQQ', 'mode': 'binary', 'thr': 120, 'window': '20Y', 'order': 3, 'rows': 8}
{'ticker': 'QQQ', 'mode': 'binary', 'thr': 120, 'window': '20Y', 'order': 4, 'rows': 16}
{'ticker': 'QQQ', 'mode': 'binary', 'thr': 120, 'window': 'MAX', 'order': 1, 'rows': 2}
{'ticker': 'QQQ', 'mode': 'binary', 'thr': 120, 'window': 'MAX', 'order': 2, 'rows': 4}
{'ticker': 'QQQ', 'mode': 'binary', 'thr': 120, 'window': 'MAX', 'order': 3, 'rows': 8}
{'ticker': 'QQQ', 'mode': 'binary', 'thr': 120, 'window': 'MAX', 'order': 4, 'rows': 16}
{'ticker': 'QQQ', 'mode': 'binary', 'thr': 125, 'window': '1Y', 'order': 1, 'rows': 2}
{'ticker': 'QQQ', 'mode': 'binary', 'thr': 125, 'window': '1Y', 'order': 2, 'rows': 4}
{'ticker': 'QQQ', 'mode': 'binary', 'thr': 125, 'window': '1Y', 'order': 3, 'rows': 8}
{'ticker': 'QQQ', 'mode': 'binary', 'thr': 125, 'window': '1Y', 'order': 4, 'rows': 13}
{'ticker': 'QQQ', 'mode': 'binary', 'thr': 125, 'window': '2Y', 'order': 1, 'rows': 2}
{'ticker': 'QQQ', 'mode': 'binary', 'thr': 125, 'window': '2Y', 'order': 2, 'rows': 4}
{'ticker': 'QQQ', 'mode': 'binary', 'thr': 125, 'window': '2Y', 'order': 3, 'rows': 8}
{'ticker': 'QQQ', 'mode': 'binary', 'thr': 125, 'window': '2Y', 'order': 4, 'rows': 13}
{'ticker': 'QQQ', 'mode': 'binary', 'thr': 125, 'window': '5Y', 'order': 1, 'rows': 2}
{'ticker': 'QQQ', 'mode': 'binary', 'thr': 125, 'window': '5Y', 'order': 2, 'rows': 4}
{'ticker': 'QQQ', 'mode': 'binary', 'thr': 125, 'window': '5Y', 'order': 3, 'rows': 8}2025-11-12 11:25:13,743 INFO [cli] {'ticker': 'QQQ', 'mode': 'binary', 'thr': 145, 'window': '5Y', 'order': 1, 'rows': 2}
2025-11-12 11:25:13,752 INFO [cli] {'ticker': 'QQQ', 'mode': 'binary', 'thr': 145, 'window': '5Y', 'order': 2, 'rows': 4}
2025-11-12 11:25:13,760 INFO [cli] {'ticker': 'QQQ', 'mode': 'binary', 'thr': 145, 'window': '5Y', 'order': 3, 'rows': 8}
2025-11-12 11:25:13,770 INFO [cli] {'ticker': 'QQQ', 'mode': 'binary', 'thr': 145, 'window': '5Y', 'order': 4, 'rows': 15}
2025-11-12 11:25:13,787 INFO [cli] {'ticker': 'QQQ', 'mode': 'binary', 'thr': 145, 'window': '10Y', 'order': 1, 'rows': 2}
2025-11-12 11:25:13,796 INFO [cli] {'ticker': 'QQQ', 'mode': 'binary', 'thr': 145, 'window': '10Y', 'order': 2, 'rows': 4}
2025-11-12 11:25:13,805 INFO [cli] {'ticker': 'QQQ', 'mode': 'binary', 'thr': 145, 'window': '10Y', 'order': 3, 'rows': 8}
2025-11-12 11:25:13,812 INFO [cli] {'ticker': 'QQQ', 'mode': 'binary', 'thr': 145, 'window': '10Y', 'order': 4, 'rows': 15}
2025-11-12 11:25:13,819 INFO [cli] {'ticker': 'QQQ', 'mode': 'binary', 'thr': 145, 'window': '20Y', 'order': 1, 'rows': 2}
2025-11-12 11:25:13,827 INFO [cli] {'ticker': 'QQQ', 'mode': 'binary', 'thr': 145, 'window': '20Y', 'order': 2, 'rows': 4}
2025-11-12 11:25:13,838 INFO [cli] {'ticker': 'QQQ', 'mode': 'binary', 'thr': 145, 'window': '20Y', 'order': 3, 'rows': 8}
2025-11-12 11:25:13,846 INFO [cli] {'ticker': 'QQQ', 'mode': 'binary', 'thr': 145, 'window': '20Y', 'order': 4, 'rows': 15}
2025-11-12 11:25:13,857 INFO [cli] {'ticker': 'QQQ', 'mode': 'binary', 'thr': 145, 'window': 'MAX', 'order': 1, 'rows': 2}
2025-11-12 11:25:13,868 INFO [cli] {'ticker': 'QQQ', 'mode': 'binary', 'thr': 145, 'window': 'MAX', 'order': 2, 'rows': 4}
2025-11-12 11:25:13,877 INFO [cli] {'ticker': 'QQQ', 'mode': 'binary', 'thr': 145, 'window': 'MAX', 'order': 3, 'rows': 8}
2025-11-12 11:25:13,887 INFO [cli] {'ticker': 'QQQ', 'mode': 'binary', 'thr': 145, 'window': 'MAX', 'order': 4, 'rows': 16}
2025-11-12 11:25:13,903 INFO [cli] {'ticker': 'QQQ', 'mode': 'binary', 'thr': 150, 'window': '1Y', 'order': 1, 'rows': 2}
2025-11-12 11:25:13,913 INFO [cli] {'ticker': 'QQQ', 'mode': 'binary', 'thr': 150, 'window': '1Y', 'order': 2, 'rows': 4}
2025-11-12 11:25:13,924 INFO [cli] {'ticker': 'QQQ', 'mode': 'binary', 'thr': 150, 'window': '1Y', 'order': 3, 'rows': 8}
2025-11-12 11:25:13,932 INFO [cli] {'ticker': 'QQQ', 'mode': 'binary', 'thr': 150, 'window': '1Y', 'order': 4, 'rows': 12}
2025-11-12 11:25:13,940 INFO [cli] {'ticker': 'QQQ', 'mode': 'binary', 'thr': 150, 'window': '2Y', 'order': 1, 'rows': 2}
2025-11-12 11:25:13,950 INFO [cli] {'ticker': 'QQQ', 'mode': 'binary', 'thr': 150, 'window': '2Y', 'order': 2, 'rows': 4}
2025-11-12 11:25:13,958 INFO [cli] {'ticker': 'QQQ', 'mode': 'binary', 'thr': 150, 'window': '2Y', 'order': 3, 'rows': 8}
2025-11-12 11:25:13,966 INFO [cli] {'ticker': 'QQQ', 'mode': 'binary', 'thr': 150, 'window': '2Y', 'order': 4, 'rows': 13}
2025-11-12 11:25:13,976 INFO [cli] {'ticker': 'QQQ', 'mode': 'binary', 'thr': 150, 'window': '5Y', 'order': 1, 'rows': 2}
2025-11-12 11:25:13,986 INFO [cli] {'ticker': 'QQQ', 'mode': 'binary', 'thr': 150, 'window': '5Y', 'order': 2, 'rows': 4}
2025-11-12 11:25:13,998 INFO [cli] {'ticker': 'QQQ', 'mode': 'binary', 'thr': 150, 'window': '5Y', 'order': 3, 'rows': 8}
2025-11-12 11:25:14,006 INFO [cli] {'ticker': 'QQQ', 'mode': 'binary', 'thr': 150, 'window': '5Y', 'order': 4, 'rows': 15}
2025-11-12 11:25:14,014 INFO [cli] {'ticker': 'QQQ', 'mode': 'binary', 'thr': 150, 'window': '10Y', 'order': 1, 'rows': 2}
2025-11-12 11:25:14,023 INFO [cli] {'ticker': 'QQQ', 'mode': 'binary', 'thr': 150, 'window': '10Y', 'order': 2, 'rows': 4}
2025-11-12 11:25:14,031 INFO [cli] {'ticker': 'QQQ', 'mode': 'binary', 'thr': 150, 'window': '10Y', 'order': 3, 'rows': 8}
2025-11-12 11:25:14,039 INFO [cli] {'ticker': 'QQQ', 'mode': 'binary', 'thr': 150, 'window': '10Y', 'order': 4, 'rows': 15}
2025-11-12 11:25:14,046 INFO [cli] {'ticker': 'QQQ', 'mode': 'binary', 'thr': 150, 'window': '20Y', 'order': 1, 'rows': 2}
2025-11-12 11:25:14,055 INFO [cli] {'ticker': 'QQQ', 'mode': 'binary', 'thr': 150, 'window': '20Y', 'order': 2, 'rows': 4}
2025-11-12 11:25:14,063 INFO [cli] {'ticker': 'QQQ', 'mode': 'binary', 'thr': 150, 'window': '20Y', 'order': 3, 'rows': 8}
2025-11-12 11:25:14,071 INFO [cli] {'ticker': 'QQQ', 'mode': 'binary', 'thr': 150, 'window': '20Y', 'order': 4, 'rows': 15}
2025-11-12 11:25:14,081 INFO [cli] {'ticker': 'QQQ', 'mode': 'binary', 'thr': 150, 'window': 'MAX', 'order': 1, 'rows': 2}
2025-11-12 11:25:14,092 INFO [cli] {'ticker': 'QQQ', 'mode': 'binary', 'thr': 150, 'window': 'MAX', 'order': 2, 'rows': 4}
2025-11-12 11:25:14,101 INFO [cli] {'ticker': 'QQQ', 'mode': 'binary', 'thr': 150, 'window': 'MAX', 'order': 3, 'rows': 8}
2025-11-12 11:25:14,109 INFO [cli] {'ticker': 'QQQ', 'mode': 'binary', 'thr': 150, 'window': 'MAX', 'order': 4, 'rows': 16}
2025-11-12 11:25:14,130 INFO [cli] {'ticker': 'QQQ', 'mode': 'tri', 'thr': 0, 'window': '1Y', 'order': 1, 'rows': 2}
2025-11-12 11:25:14,138 INFO [cli] {'ticker': 'QQQ', 'mode': 'tri', 'thr': 0, 'window': '1Y', 'order': 2, 'rows': 4}
2025-11-12 11:25:14,148 INFO [cli] {'ticker': 'QQQ', 'mode': 'tri', 'thr': 0, 'window': '1Y', 'order': 3, 'rows': 8}
2025-11-12 11:25:14,157 INFO [cli] {'ticker': 'QQQ', 'mode': 'tri', 'thr': 0, 'window': '1Y', 'order': 4, 'rows': 16}
2025-11-12 11:25:14,164 INFO [cli] {'ticker': 'QQQ', 'mode': 'tri', 'thr': 0, 'window': '2Y', 'order': 1, 'rows': 2}
2025-11-12 11:25:14,174 INFO [cli] {'ticker': 'QQQ', 'mode': 'tri', 'thr': 0, 'window': '2Y', 'order': 2, 'rows': 4}
2025-11-12 11:25:14,183 INFO [cli] {'ticker': 'QQQ', 'mode': 'tri', 'thr': 0, 'window': '2Y', 'order': 3, 'rows': 8}
2025-11-12 11:25:14,193 INFO [cli] {'ticker': 'QQQ', 'mode': 'tri', 'thr': 0, 'window': '2Y', 'order': 4, 'rows': 16}
2025-11-12 11:25:14,201 INFO [cli] {'ticker': 'QQQ', 'mode': 'tri', 'thr': 0, 'window': '5Y', 'order': 1, 'rows': 3}
2025-11-12 11:25:14,209 INFO [cli] {'ticker': 'QQQ', 'mode': 'tri', 'thr': 0, 'window': '5Y', 'order': 2, 'rows': 6}
2025-11-12 11:25:14,219 INFO [cli] {'ticker': 'QQQ', 'mode': 'tri', 'thr': 0, 'window': '5Y', 'order': 3, 'rows': 11}
2025-11-12 11:25:14,226 INFO [cli] {'ticker': 'QQQ', 'mode': 'tri', 'thr': 0, 'window': '5Y', 'order': 4, 'rows': 20}
2025-11-12 11:25:14,235 INFO [cli] {'ticker': 'QQQ', 'mode': 'tri', 'thr': 0, 'window': '10Y', 'order': 1, 'rows': 3}
2025-11-12 11:25:14,244 INFO [cli] {'ticker': 'QQQ', 'mode': 'tri', 'thr': 0, 'window': '10Y', 'order': 2, 'rows': 8}
2025-11-12 11:25:14,253 INFO [cli] {'ticker': 'QQQ', 'mode': 'tri', 'thr': 0, 'window': '10Y', 'order': 3, 'rows': 16}
2025-11-12 11:25:14,261 INFO [cli] {'ticker': 'QQQ', 'mode': 'tri', 'thr': 0, 'window': '10Y', 'order': 4, 'rows': 28}
2025-11-12 11:25:14,270 INFO [cli] {'ticker': 'QQQ', 'mode': 'tri', 'thr': 0, 'window': '20Y', 'order': 1, 'rows': 3}
2025-11-12 11:25:14,278 INFO [cli] {'ticker': 'QQQ', 'mode': 'tri', 'thr': 0, 'window': '20Y', 'order': 2, 'rows': 9}
2025-11-12 11:25:14,286 INFO [cli] {'ticker': 'QQQ', 'mode': 'tri', 'thr': 0, 'window': '20Y', 'order': 3, 'rows': 22}
2025-11-12 11:25:14,295 INFO [cli] {'ticker': 'QQQ', 'mode': 'tri', 'thr': 0, 'window': '20Y', 'order': 4, 'rows': 50}
2025-11-12 11:25:14,305 INFO [cli] {'ticker': 'QQQ', 'mode': 'tri', 'thr': 0, 'window': 'MAX', 'order': 1, 'rows': 3}
2025-11-12 11:25:14,312 INFO [cli] {'ticker': 'QQQ', 'mode': 'tri', 'thr': 0, 'window': 'MAX', 'order': 2, 'rows': 9}
2025-11-12 11:25:14,321 INFO [cli] {'ticker': 'QQQ', 'mode': 'tri', 'thr': 0, 'window': 'MAX', 'order': 3, 'rows': 23}
2025-11-12 11:25:14,330 INFO [cli] {'ticker': 'QQQ', 'mode': 'tri', 'thr': 0, 'window': 'MAX', 'order': 4, 'rows': 53}
2025-11-12 11:25:14,346 INFO [cli] {'ticker': 'QQQ', 'mode': 'tri', 'thr': 5, 'window': '1Y', 'order': 1, 'rows': 3}
2025-11-12 11:25:14,355 INFO [cli] {'ticker': 'QQQ', 'mode': 'tri', 'thr': 5, 'window': '1Y', 'order': 2, 'rows': 8}
2025-11-12 11:25:14,365 INFO [cli] {'ticker': 'QQQ', 'mode': 'tri', 'thr': 5, 'window': '1Y', 'order': 3, 'rows': 19}
2025-11-12 11:25:14,373 INFO [cli] {'ticker': 'QQQ', 'mode': 'tri', 'thr': 5, 'window': '1Y', 'order': 4, 'rows': 39}
2025-11-12 11:25:14,381 INFO [cli] {'ticker': 'QQQ', 'mode': 'tri', 'thr': 5, 'window': '2Y', 'order': 1, 'rows': 3}
2025-11-12 11:25:14,391 INFO [cli] {'ticker': 'QQQ', 'mode': 'tri', 'thr': 5, 'window': '2Y', 'order': 2, 'rows': 8}
2025-11-12 11:25:14,400 INFO [cli] {'ticker': 'QQQ', 'mode': 'tri', 'thr': 5, 'window': '2Y', 'order': 3, 'rows': 21}
2025-11-12 11:25:14,408 INFO [cli] {'ticker': 'QQQ', 'mode': 'tri', 'thr': 5, 'window': '2Y', 'order': 4, 'rows': 46}
2025-11-12 11:25:14,417 INFO [cli] {'ticker': 'QQQ', 'mode': 'tri', 'thr': 5, 'window': '5Y', 'order': 1, 'rows': 3}
2025-11-12 11:25:14,424 INFO [cli] {'ticker': 'QQQ', 'mode': 'tri', 'thr': 5, 'window': '5Y', 'order': 2, 'rows': 9}
2025-11-12 11:25:14,432 INFO [cli] {'ticker': 'QQQ', 'mode': 'tri', 'thr': 5, 'window': '5Y', 'order': 3, 'rows': 24}
2025-11-12 11:25:14,441 INFO [cli] {'ticker': 'QQQ', 'mode': 'tri', 'thr': 5, 'window': '5Y', 'order': 4, 'rows': 58}
2025-11-12 11:25:14,449 INFO [cli] {'ticker': 'QQQ', 'mode': 'tri', 'thr': 5, 'window': '10Y', 'order': 1, 'rows': 3}
2025-11-12 11:25:14,459 INFO [cli] {'ticker': 'QQQ', 'mode': 'tri', 'thr': 5, 'window': '10Y', 'order': 2, 'rows': 9}
2025-11-12 11:25:14,469 INFO [cli] {'ticker': 'QQQ', 'mode': 'tri', 'thr': 5, 'window': '10Y', 'order': 3, 'rows': 25}
2025-11-12 11:25:14,479 INFO [cli] {'ticker': 'QQQ', 'mode': 'tri', 'thr': 5, 'window': '10Y', 'order': 4, 'rows': 61}
2025-11-12 11:25:14,488 INFO [cli] {'ticker': 'QQQ', 'mode': 'tri', 'thr': 5, 'window': '20Y', 'order': 1, 'rows': 3}
2025-11-12 11:25:14,496 INFO [cli] {'ticker': 'QQQ', 'mode': 'tri', 'thr': 5, 'window': '20Y', 'order': 2, 'rows': 9}
2025-11-12 11:25:14,505 INFO [cli] {'ticker': 'QQQ', 'mode': 'tri', 'thr': 5, 'window': '20Y', 'order': 3, 'rows': 25}
2025-11-12 11:25:14,515 INFO [cli] {'ticker': 'QQQ', 'mode': 'tri', 'thr': 5, 'window': '20Y', 'order': 4, 'rows': 63}
2025-11-12 11:25:14,523 INFO [cli] {'ticker': 'QQQ', 'mode': 'tri', 'thr': 5, 'window': 'MAX', 'order': 1, 'rows': 3}
2025-11-12 11:25:14,533 INFO [cli] {'ticker': 'QQQ', 'mode': 'tri', 'thr': 5, 'window': 'MAX', 'order': 2, 'rows': 9}
2025-11-12 11:25:14,544 INFO [cli] {'ticker': 'QQQ', 'mode': 'tri', 'thr': 5, 'window': 'MAX', 'order': 3, 'rows': 25}
2025-11-12 11:25:14,554 INFO [cli] {'ticker': 'QQQ', 'mode': 'tri', 'thr': 5, 'window': 'MAX', 'order': 4, 'rows': 66}
2025-11-12 11:25:14,571 INFO [cli] {'ticker': 'QQQ', 'mode': 'tri', 'thr': 10, 'window': '1Y', 'order': 1, 'rows': 3}
2025-11-12 11:25:14,580 INFO [cli] {'ticker': 'QQQ', 'mode': 'tri', 'thr': 10, 'window': '1Y', 'order': 2, 'rows': 9}
2025-11-12 11:25:14,589 INFO [cli] {'ticker': 'QQQ', 'mode': 'tri', 'thr': 10, 'window': '1Y', 'order': 3, 'rows': 24}
2025-11-12 11:25:14,598 INFO [cli] {'ticker': 'QQQ', 'mode': 'tri', 'thr': 10, 'window': '1Y', 'order': 4, 'rows': 52}
2025-11-12 11:25:14,605 INFO [cli] {'ticker': 'QQQ', 'mode': 'tri', 'thr': 10, 'window': '2Y', 'order': 1, 'rows': 3}
2025-11-12 11:25:14,614 INFO [cli] {'ticker': 'QQQ', 'mode': 'tri', 'thr': 10, 'window': '2Y', 'order': 2, 'rows': 9}
2025-11-12 11:25:14,624 INFO [cli] {'ticker': 'QQQ', 'mode': 'tri', 'thr': 10, 'window': '2Y', 'order': 3, 'rows': 27}
2025-11-12 11:25:14,634 INFO [cli] {'ticker': 'QQQ', 'mode': 'tri', 'thr': 10, 'window': '2Y', 'order': 4, 'rows': 66}
2025-11-12 11:25:14,642 INFO [cli] {'ticker': 'QQQ', 'mode': 'tri', 'thr': 10, 'window': '5Y', 'order': 1, 'rows': 3}

{'ticker': 'QQQ', 'mode': 'binary', 'thr': 125, 'window': '5Y', 'order': 4, 'rows': 15}
{'ticker': 'QQQ', 'mode': 'binary', 'thr': 125, 'window': '10Y', 'order': 1, 'rows': 2}
{'ticker': 'QQQ', 'mode': 'binary', 'thr': 125, 'window': '10Y', 'order': 2, 'rows': 4}
{'ticker': 'QQQ', 'mode': 'binary', 'thr': 125, 'window': '10Y', 'order': 3, 'rows': 8}
{'ticker': 'QQQ', 'mode': 'binary', 'thr': 125, 'window': '10Y', 'order': 4, 'rows': 15}
{'ticker': 'QQQ', 'mode': 'binary', 'thr': 125, 'window': '20Y', 'order': 1, 'rows': 2}
{'ticker': 'QQQ', 'mode': 'binary', 'thr': 125, 'window': '20Y', 'order': 2, 'rows': 4}
{'ticker': 'QQQ', 'mode': 'binary', 'thr': 125, 'window': '20Y', 'order': 3, 'rows': 8}
{'ticker': 'QQQ', 'mode': 'binary', 'thr': 125, 'window': '20Y', 'order': 4, 'rows': 16}
{'ticker': 'QQQ', 'mode': 'binary', 'thr': 125, 'window': 'MAX', 'order': 1, 'rows': 2}
{'ticker': 'QQQ', 'mode': 'binary', 'thr': 125, 'window': 'MAX', 'order': 2, 'rows': 4}
{'ticker': 'QQQ', 'mode': 'binary', 'thr': 125, 'window': 'MAX', 'order': 3, 'rows': 8}
{'ticker': 'QQQ', 'mode': 'binary', 'thr': 125, 'window': 'MAX', 'order': 4, 'rows': 16}
{'ticker': 'QQQ', 'mode': 'binary', 'thr': 130, 'window': '1Y', 'order': 1, 'rows': 2}
{'ticker': 'QQQ', 'mode': 'binary', 'thr': 130, 'window': '1Y', 'order': 2, 'rows': 4}
{'ticker': 'QQQ', 'mode': 'binary', 'thr': 130, 'window': '1Y', 'order': 3, 'rows': 8}
{'ticker': 'QQQ', 'mode': 'binary', 'thr': 130, 'window': '1Y', 'order': 4, 'rows': 13}
{'ticker': 'QQQ', 'mode': 'binary', 'thr': 130, 'window': '2Y', 'order': 1, 'rows': 2}
{'ticker': 'QQQ', 'mode': 'binary', 'thr': 130, 'window': '2Y', 'order': 2, 'rows': 4}
{'ticker': 'QQQ', 'mode': 'binary', 'thr': 130, 'window': '2Y', 'order': 3, 'rows': 8}
{'ticker': 'QQQ', 'mode': 'binary', 'thr': 130, 'window': '2Y', 'order': 4, 'rows': 13}
{'ticker': 'QQQ', 'mode': 'binary', 'thr': 130, 'window': '5Y', 'order': 1, 'rows': 2}
{'ticker': 'QQQ', 'mode': 'binary', 'thr': 130, 'window': '5Y', 'order': 2, 'rows': 4}
{'ticker': 'QQQ', 'mode': 'binary', 'thr': 130, 'window': '5Y', 'order': 3, 'rows': 8}
{'ticker': 'QQQ', 'mode': 'binary', 'thr': 130, 'window': '5Y', 'order': 4, 'rows': 15}
{'ticker': 'QQQ', 'mode': 'binary', 'thr': 130, 'window': '10Y', 'order': 1, 'rows': 2}
{'ticker': 'QQQ', 'mode': 'binary', 'thr': 130, 'window': '10Y', 'order': 2, 'rows': 4}
{'ticker': 'QQQ', 'mode': 'binary', 'thr': 130, 'window': '10Y', 'order': 3, 'rows': 8}
{'ticker': 'QQQ', 'mode': 'binary', 'thr': 130, 'window': '10Y', 'order': 4, 'rows': 15}
{'ticker': 'QQQ', 'mode': 'binary', 'thr': 130, 'window': '20Y', 'order': 1, 'rows': 2}
{'ticker': 'QQQ', 'mode': 'binary', 'thr': 130, 'window': '20Y', 'order': 2, 'rows': 4}
{'ticker': 'QQQ', 'mode': 'binary', 'thr': 130, 'window': '20Y', 'order': 3, 'rows': 8}
{'ticker': 'QQQ', 'mode': 'binary', 'thr': 130, 'window': '20Y', 'order': 4, 'rows': 15}
{'ticker': 'QQQ', 'mode': 'binary', 'thr': 130, 'window': 'MAX', 'order': 1, 'rows': 2}
{'ticker': 'QQQ', 'mode': 'binary', 'thr': 130, 'window': 'MAX', 'order': 2, 'rows': 4}
{'ticker': 'QQQ', 'mode': 'binary', 'thr': 130, 'window': 'MAX', 'order': 3, 'rows': 8}
{'ticker': 'QQQ', 'mode': 'binary', 'thr': 130, 'window': 'MAX', 'order': 4, 'rows': 16}
{'ticker': 'QQQ', 'mode': 'binary', 'thr': 135, 'window': '1Y', 'order': 1, 'rows': 2}
{'ticker': 'QQQ', 'mode': 'binary', 'thr': 135, 'window': '1Y', 'order': 2, 'rows': 4}
{'ticker': 'QQQ', 'mode': 'binary', 'thr': 135, 'window': '1Y', 'order': 3, 'rows': 8}
{'ticker': 'QQQ', 'mode': 'binary', 'thr': 135, 'window': '1Y', 'order': 4, 'rows': 13}
{'ticker': 'QQQ', 'mode': 'binary', 'thr': 135, 'window': '2Y', 'order': 1, 'rows': 2}
{'ticker': 'QQQ', 'mode': 'binary', 'thr': 135, 'window': '2Y', 'order': 2, 'rows': 4}
{'ticker': 'QQQ', 'mode': 'binary', 'thr': 135, 'window': '2Y', 'order': 3, 'rows': 8}
{'ticker': 'QQQ', 'mode': 'binary', 'thr': 135, 'window': '2Y', 'order': 4, 'rows': 13}
{'ticker': 'QQQ', 'mode': 'binary', 'thr': 135, 'window': '5Y', 'order': 1, 'rows': 2}
{'ticker': 'QQQ', 'mode': 'binary', 'thr': 135, 'window': '5Y', 'order': 2, 'rows': 4}
{'ticker': 'QQQ', 'mode': 'binary', 'thr': 135, 'window': '5Y', 'order': 3, 'rows': 8}
{'ticker': 'QQQ', 'mode': 'binary', 'thr': 135, 'window': '5Y', 'order': 4, 'rows': 15}
{'ticker': 'QQQ', 'mode': 'binary', 'thr': 135, 'window': '10Y', 'order': 1, 'rows': 2}
{'ticker': 'QQQ', 'mode': 'binary', 'thr': 135, 'window': '10Y', 'order': 2, 'rows': 4}
{'ticker': 'QQQ', 'mode': 'binary', 'thr': 135, 'window': '10Y', 'order': 3, 'rows': 8}
{'ticker': 'QQQ', 'mode': 'binary', 'thr': 135, 'window': '10Y', 'order': 4, 'rows': 15}
{'ticker': 'QQQ', 'mode': 'binary', 'thr': 135, 'window': '20Y', 'order': 1, 'rows': 2}
{'ticker': 'QQQ', 'mode': 'binary', 'thr': 135, 'window': '20Y', 'order': 2, 'rows': 4}
{'ticker': 'QQQ', 'mode': 'binary', 'thr': 135, 'window': '20Y', 'order': 3, 'rows': 8}
{'ticker': 'QQQ', 'mode': 'binary', 'thr': 135, 'window': '20Y', 'order': 4, 'rows': 15}
{'ticker': 'QQQ', 'mode': 'binary', 'thr': 135, 'window': 'MAX', 'order': 1, 'rows': 2}
{'ticker': 'QQQ', 'mode': 'binary', 'thr': 135, 'window': 'MAX', 'order': 2, 'rows': 4}
{'ticker': 'QQQ', 'mode': 'binary', 'thr': 135, 'window': 'MAX', 'order': 3, 'rows': 8}
{'ticker': 'QQQ', 'mode': 'binary', 'thr': 135, 'window': 'MAX', 'order': 4, 'rows': 16}
{'ticker': 'QQQ', 'mode': 'binary', 'thr': 140, 'window': '1Y', 'order': 1, 'rows': 2}
{'ticker': 'QQQ', 'mode': 'binary', 'thr': 140, 'window': '1Y', 'order': 2, 'rows': 4}
{'ticker': 'QQQ', 'mode': 'binary', 'thr': 140, 'window': '1Y', 'order': 3, 'rows': 8}
{'ticker': 'QQQ', 'mode': 'binary', 'thr': 140, 'window': '1Y', 'order': 4, 'rows': 13}
{'ticker': 'QQQ', 'mode': 'binary', 'thr': 140, 'window': '2Y', 'order': 1, 'rows': 2}
{'ticker': 'QQQ', 'mode': 'binary', 'thr': 140, 'window': '2Y', 'order': 2, 'rows': 4}
{'ticker': 'QQQ', 'mode': 'binary', 'thr': 140, 'window': '2Y', 'order': 3, 'rows': 8}
{'ticker': 'QQQ', 'mode': 'binary', 'thr': 140, 'window': '2Y', 'order': 4, 'rows': 13}
{'ticker': 'QQQ', 'mode': 'binary', 'thr': 140, 'window': '5Y', 'order': 1, 'rows': 2}
{'ticker': 'QQQ', 'mode': 'binary', 'thr': 140, 'window': '5Y', 'order': 2, 'rows': 4}
{'ticker': 'QQQ', 'mode': 'binary', 'thr': 140, 'window': '5Y', 'order': 3, 'rows': 8}
{'ticker': 'QQQ', 'mode': 'binary', 'thr': 140, 'window': '5Y', 'order': 4, 'rows': 15}
{'ticker': 'QQQ', 'mode': 'binary', 'thr': 140, 'window': '10Y', 'order': 1, 'rows': 2}
{'ticker': 'QQQ', 'mode': 'binary', 'thr': 140, 'window': '10Y', 'order': 2, 'rows': 4}
{'ticker': 'QQQ', 'mode': 'binary', 'thr': 140, 'window': '10Y', 'order': 3, 'rows': 8}
{'ticker': 'QQQ', 'mode': 'binary', 'thr': 140, 'window': '10Y', 'order': 4, 'rows': 15}
{'ticker': 'QQQ', 'mode': 'binary', 'thr': 140, 'window': '20Y', 'order': 1, 'rows': 2}
{'ticker': 'QQQ', 'mode': 'binary', 'thr': 140, 'window': '20Y', 'order': 2, 'rows': 4}
{'ticker': 'QQQ', 'mode': 'binary', 'thr': 140, 'window': '20Y', 'order': 3, 'rows': 8}
{'ticker': 'QQQ', 'mode': 'binary', 'thr': 140, 'window': '20Y', 'order': 4, 'rows': 15}
{'ticker': 'QQQ', 'mode': 'binary', 'thr': 140, 'window': 'MAX', 'order': 1, 'rows': 2}
{'ticker': 'QQQ', 'mode': 'binary', 'thr': 140, 'window': 'MAX', 'order': 2, 'rows': 4}
{'ticker': 'QQQ', 'mode': 'binary', 'thr': 140, 'window': 'MAX', 'order': 3, 'rows': 8}
{'ticker': 'QQQ', 'mode': 'binary', 'thr': 140, 'window': 'MAX', 'order': 4, 'rows': 16}
{'ticker': 'QQQ', 'mode': 'binary', 'thr': 145, 'window': '1Y', 'order': 1, 'rows': 2}
{'ticker': 'QQQ', 'mode': 'binary', 'thr': 145, 'window': '1Y', 'order': 2, 'rows': 4}
{'ticker': 'QQQ', 'mode': 'binary', 'thr': 145, 'window': '1Y', 'order': 3, 'rows': 8}
{'ticker': 'QQQ', 'mode': 'binary', 'thr': 145, 'window': '1Y', 'order': 4, 'rows': 12}
{'ticker': 'QQQ', 'mode': 'binary', 'thr': 145, 'window': '2Y', 'order': 1, 'rows': 2}
{'ticker': 'QQQ', 'mode': 'binary', 'thr': 145, 'window': '2Y', 'order': 2, 'rows': 4}
{'ticker': 'QQQ', 'mode': 'binary', 'thr': 145, 'window': '2Y', 'order': 3, 'rows': 8}
{'ticker': 'QQQ', 'mode': 'binary', 'thr': 145, 'window': '2Y', 'order': 4, 'rows': 13}
{'ticker': 'QQQ', 'mode': 'binary', 'thr': 145, 'window': '5Y', 'order': 1, 'rows': 2}2025-11-12 11:25:14,650 INFO [cli] {'ticker': 'QQQ', 'mode': 'tri', 'thr': 10, 'window': '5Y', 'order': 2, 'rows': 9}
2025-11-12 11:25:14,658 INFO [cli] {'ticker': 'QQQ', 'mode': 'tri', 'thr': 10, 'window': '5Y', 'order': 3, 'rows': 27}
2025-11-12 11:25:14,667 INFO [cli] {'ticker': 'QQQ', 'mode': 'tri', 'thr': 10, 'window': '5Y', 'order': 4, 'rows': 72}
2025-11-12 11:25:14,674 INFO [cli] {'ticker': 'QQQ', 'mode': 'tri', 'thr': 10, 'window': '10Y', 'order': 1, 'rows': 3}
2025-11-12 11:25:14,682 INFO [cli] {'ticker': 'QQQ', 'mode': 'tri', 'thr': 10, 'window': '10Y', 'order': 2, 'rows': 9}
2025-11-12 11:25:14,693 INFO [cli] {'ticker': 'QQQ', 'mode': 'tri', 'thr': 10, 'window': '10Y', 'order': 3, 'rows': 27}
2025-11-12 11:25:14,710 INFO [cli] {'ticker': 'QQQ', 'mode': 'tri', 'thr': 10, 'window': '10Y', 'order': 4, 'rows': 77}
2025-11-12 11:25:14,718 INFO [cli] {'ticker': 'QQQ', 'mode': 'tri', 'thr': 10, 'window': '20Y', 'order': 1, 'rows': 3}
2025-11-12 11:25:14,725 INFO [cli] {'ticker': 'QQQ', 'mode': 'tri', 'thr': 10, 'window': '20Y', 'order': 2, 'rows': 9}
2025-11-12 11:25:14,732 INFO [cli] {'ticker': 'QQQ', 'mode': 'tri', 'thr': 10, 'window': '20Y', 'order': 3, 'rows': 27}
2025-11-12 11:25:14,739 INFO [cli] {'ticker': 'QQQ', 'mode': 'tri', 'thr': 10, 'window': '20Y', 'order': 4, 'rows': 79}
2025-11-12 11:25:14,746 INFO [cli] {'ticker': 'QQQ', 'mode': 'tri', 'thr': 10, 'window': 'MAX', 'order': 1, 'rows': 3}
2025-11-12 11:25:14,752 INFO [cli] {'ticker': 'QQQ', 'mode': 'tri', 'thr': 10, 'window': 'MAX', 'order': 2, 'rows': 9}
2025-11-12 11:25:14,759 INFO [cli] {'ticker': 'QQQ', 'mode': 'tri', 'thr': 10, 'window': 'MAX', 'order': 3, 'rows': 27}
2025-11-12 11:25:14,765 INFO [cli] {'ticker': 'QQQ', 'mode': 'tri', 'thr': 10, 'window': 'MAX', 'order': 4, 'rows': 79}
2025-11-12 11:25:14,779 INFO [cli] {'ticker': 'QQQ', 'mode': 'tri', 'thr': 15, 'window': '1Y', 'order': 1, 'rows': 3}
2025-11-12 11:25:14,786 INFO [cli] {'ticker': 'QQQ', 'mode': 'tri', 'thr': 15, 'window': '1Y', 'order': 2, 'rows': 9}
2025-11-12 11:25:14,792 INFO [cli] {'ticker': 'QQQ', 'mode': 'tri', 'thr': 15, 'window': '1Y', 'order': 3, 'rows': 25}
2025-11-12 11:25:14,798 INFO [cli] {'ticker': 'QQQ', 'mode': 'tri', 'thr': 15, 'window': '1Y', 'order': 4, 'rows': 58}
2025-11-12 11:25:14,804 INFO [cli] {'ticker': 'QQQ', 'mode': 'tri', 'thr': 15, 'window': '2Y', 'order': 1, 'rows': 3}
2025-11-12 11:25:14,811 INFO [cli] {'ticker': 'QQQ', 'mode': 'tri', 'thr': 15, 'window': '2Y', 'order': 2, 'rows': 9}
2025-11-12 11:25:14,817 INFO [cli] {'ticker': 'QQQ', 'mode': 'tri', 'thr': 15, 'window': '2Y', 'order': 3, 'rows': 27}
2025-11-12 11:25:14,823 INFO [cli] {'ticker': 'QQQ', 'mode': 'tri', 'thr': 15, 'window': '2Y', 'order': 4, 'rows': 69}
2025-11-12 11:25:14,829 INFO [cli] {'ticker': 'QQQ', 'mode': 'tri', 'thr': 15, 'window': '5Y', 'order': 1, 'rows': 3}
2025-11-12 11:25:14,836 INFO [cli] {'ticker': 'QQQ', 'mode': 'tri', 'thr': 15, 'window': '5Y', 'order': 2, 'rows': 9}
2025-11-12 11:25:14,842 INFO [cli] {'ticker': 'QQQ', 'mode': 'tri', 'thr': 15, 'window': '5Y', 'order': 3, 'rows': 27}
2025-11-12 11:25:14,848 INFO [cli] {'ticker': 'QQQ', 'mode': 'tri', 'thr': 15, 'window': '5Y', 'order': 4, 'rows': 75}
2025-11-12 11:25:14,856 INFO [cli] {'ticker': 'QQQ', 'mode': 'tri', 'thr': 15, 'window': '10Y', 'order': 1, 'rows': 3}
2025-11-12 11:25:14,864 INFO [cli] {'ticker': 'QQQ', 'mode': 'tri', 'thr': 15, 'window': '10Y', 'order': 2, 'rows': 9}
2025-11-12 11:25:14,871 INFO [cli] {'ticker': 'QQQ', 'mode': 'tri', 'thr': 15, 'window': '10Y', 'order': 3, 'rows': 27}
2025-11-12 11:25:14,880 INFO [cli] {'ticker': 'QQQ', 'mode': 'tri', 'thr': 15, 'window': '10Y', 'order': 4, 'rows': 80}
2025-11-12 11:25:14,887 INFO [cli] {'ticker': 'QQQ', 'mode': 'tri', 'thr': 15, 'window': '20Y', 'order': 1, 'rows': 3}
2025-11-12 11:25:14,897 INFO [cli] {'ticker': 'QQQ', 'mode': 'tri', 'thr': 15, 'window': '20Y', 'order': 2, 'rows': 9}
2025-11-12 11:25:14,904 INFO [cli] {'ticker': 'QQQ', 'mode': 'tri', 'thr': 15, 'window': '20Y', 'order': 3, 'rows': 27}
2025-11-12 11:25:14,912 INFO [cli] {'ticker': 'QQQ', 'mode': 'tri', 'thr': 15, 'window': '20Y', 'order': 4, 'rows': 81}
2025-11-12 11:25:14,924 INFO [cli] {'ticker': 'QQQ', 'mode': 'tri', 'thr': 15, 'window': 'MAX', 'order': 1, 'rows': 3}
2025-11-12 11:25:14,931 INFO [cli] {'ticker': 'QQQ', 'mode': 'tri', 'thr': 15, 'window': 'MAX', 'order': 2, 'rows': 9}
2025-11-12 11:25:14,938 INFO [cli] {'ticker': 'QQQ', 'mode': 'tri', 'thr': 15, 'window': 'MAX', 'order': 3, 'rows': 27}
2025-11-12 11:25:14,947 INFO [cli] {'ticker': 'QQQ', 'mode': 'tri', 'thr': 15, 'window': 'MAX', 'order': 4, 'rows': 81}
2025-11-12 11:25:14,963 INFO [cli] {'ticker': 'QQQ', 'mode': 'tri', 'thr': 20, 'window': '1Y', 'order': 1, 'rows': 3}
2025-11-12 11:25:14,972 INFO [cli] {'ticker': 'QQQ', 'mode': 'tri', 'thr': 20, 'window': '1Y', 'order': 2, 'rows': 9}
2025-11-12 11:25:14,980 INFO [cli] {'ticker': 'QQQ', 'mode': 'tri', 'thr': 20, 'window': '1Y', 'order': 3, 'rows': 27}
2025-11-12 11:25:14,988 INFO [cli] {'ticker': 'QQQ', 'mode': 'tri', 'thr': 20, 'window': '1Y', 'order': 4, 'rows': 71}
2025-11-12 11:25:14,998 INFO [cli] {'ticker': 'QQQ', 'mode': 'tri', 'thr': 20, 'window': '2Y', 'order': 1, 'rows': 3}
2025-11-12 11:25:15,006 INFO [cli] {'ticker': 'QQQ', 'mode': 'tri', 'thr': 20, 'window': '2Y', 'order': 2, 'rows': 9}
2025-11-12 11:25:15,016 INFO [cli] {'ticker': 'QQQ', 'mode': 'tri', 'thr': 20, 'window': '2Y', 'order': 3, 'rows': 27}
2025-11-12 11:25:15,024 INFO [cli] {'ticker': 'QQQ', 'mode': 'tri', 'thr': 20, 'window': '2Y', 'order': 4, 'rows': 75}
2025-11-12 11:25:15,032 INFO [cli] {'ticker': 'QQQ', 'mode': 'tri', 'thr': 20, 'window': '5Y', 'order': 1, 'rows': 3}
2025-11-12 11:25:15,041 INFO [cli] {'ticker': 'QQQ', 'mode': 'tri', 'thr': 20, 'window': '5Y', 'order': 2, 'rows': 9}
2025-11-12 11:25:15,049 INFO [cli] {'ticker': 'QQQ', 'mode': 'tri', 'thr': 20, 'window': '5Y', 'order': 3, 'rows': 27}
2025-11-12 11:25:15,056 INFO [cli] {'ticker': 'QQQ', 'mode': 'tri', 'thr': 20, 'window': '5Y', 'order': 4, 'rows': 77}
2025-11-12 11:25:15,063 INFO [cli] {'ticker': 'QQQ', 'mode': 'tri', 'thr': 20, 'window': '10Y', 'order': 1, 'rows': 3}
2025-11-12 11:25:15,071 INFO [cli] {'ticker': 'QQQ', 'mode': 'tri', 'thr': 20, 'window': '10Y', 'order': 2, 'rows': 9}
2025-11-12 11:25:15,080 INFO [cli] {'ticker': 'QQQ', 'mode': 'tri', 'thr': 20, 'window': '10Y', 'order': 3, 'rows': 27}
2025-11-12 11:25:15,089 INFO [cli] {'ticker': 'QQQ', 'mode': 'tri', 'thr': 20, 'window': '10Y', 'order': 4, 'rows': 81}
2025-11-12 11:25:15,099 INFO [cli] {'ticker': 'QQQ', 'mode': 'tri', 'thr': 20, 'window': '20Y', 'order': 1, 'rows': 3}
2025-11-12 11:25:15,108 INFO [cli] {'ticker': 'QQQ', 'mode': 'tri', 'thr': 20, 'window': '20Y', 'order': 2, 'rows': 9}
2025-11-12 11:25:15,117 INFO [cli] {'ticker': 'QQQ', 'mode': 'tri', 'thr': 20, 'window': '20Y', 'order': 3, 'rows': 27}
2025-11-12 11:25:15,127 INFO [cli] {'ticker': 'QQQ', 'mode': 'tri', 'thr': 20, 'window': '20Y', 'order': 4, 'rows': 81}
2025-11-12 11:25:15,136 INFO [cli] {'ticker': 'QQQ', 'mode': 'tri', 'thr': 20, 'window': 'MAX', 'order': 1, 'rows': 3}
2025-11-12 11:25:15,144 INFO [cli] {'ticker': 'QQQ', 'mode': 'tri', 'thr': 20, 'window': 'MAX', 'order': 2, 'rows': 9}
2025-11-12 11:25:15,154 INFO [cli] {'ticker': 'QQQ', 'mode': 'tri', 'thr': 20, 'window': 'MAX', 'order': 3, 'rows': 27}
2025-11-12 11:25:15,162 INFO [cli] {'ticker': 'QQQ', 'mode': 'tri', 'thr': 20, 'window': 'MAX', 'order': 4, 'rows': 81}
2025-11-12 11:25:15,177 INFO [cli] {'ticker': 'QQQ', 'mode': 'tri', 'thr': 25, 'window': '1Y', 'order': 1, 'rows': 3}
2025-11-12 11:25:15,187 INFO [cli] {'ticker': 'QQQ', 'mode': 'tri', 'thr': 25, 'window': '1Y', 'order': 2, 'rows': 9}
2025-11-12 11:25:15,197 INFO [cli] {'ticker': 'QQQ', 'mode': 'tri', 'thr': 25, 'window': '1Y', 'order': 3, 'rows': 27}
2025-11-12 11:25:15,205 INFO [cli] {'ticker': 'QQQ', 'mode': 'tri', 'thr': 25, 'window': '1Y', 'order': 4, 'rows': 72}
2025-11-12 11:25:15,213 INFO [cli] {'ticker': 'QQQ', 'mode': 'tri', 'thr': 25, 'window': '2Y', 'order': 1, 'rows': 3}
2025-11-12 11:25:15,220 INFO [cli] {'ticker': 'QQQ', 'mode': 'tri', 'thr': 25, 'window': '2Y', 'order': 2, 'rows': 9}
2025-11-12 11:25:15,228 INFO [cli] {'ticker': 'QQQ', 'mode': 'tri', 'thr': 25, 'window': '2Y', 'order': 3, 'rows': 27}
2025-11-12 11:25:15,237 INFO [cli] {'ticker': 'QQQ', 'mode': 'tri', 'thr': 25, 'window': '2Y', 'order': 4, 'rows': 76}
2025-11-12 11:25:15,245 INFO [cli] {'ticker': 'QQQ', 'mode': 'tri', 'thr': 25, 'window': '5Y', 'order': 1, 'rows': 3}
2025-11-12 11:25:15,253 INFO [cli] {'ticker': 'QQQ', 'mode': 'tri', 'thr': 25, 'window': '5Y', 'order': 2, 'rows': 9}
2025-11-12 11:25:15,263 INFO [cli] {'ticker': 'QQQ', 'mode': 'tri', 'thr': 25, 'window': '5Y', 'order': 3, 'rows': 27}
2025-11-12 11:25:15,272 INFO [cli] {'ticker': 'QQQ', 'mode': 'tri', 'thr': 25, 'window': '5Y', 'order': 4, 'rows': 79}
2025-11-12 11:25:15,281 INFO [cli] {'ticker': 'QQQ', 'mode': 'tri', 'thr': 25, 'window': '10Y', 'order': 1, 'rows': 3}
2025-11-12 11:25:15,290 INFO [cli] {'ticker': 'QQQ', 'mode': 'tri', 'thr': 25, 'window': '10Y', 'order': 2, 'rows': 9}
2025-11-12 11:25:15,299 INFO [cli] {'ticker': 'QQQ', 'mode': 'tri', 'thr': 25, 'window': '10Y', 'order': 3, 'rows': 27}
2025-11-12 11:25:15,308 INFO [cli] {'ticker': 'QQQ', 'mode': 'tri', 'thr': 25, 'window': '10Y', 'order': 4, 'rows': 81}
2025-11-12 11:25:15,316 INFO [cli] {'ticker': 'QQQ', 'mode': 'tri', 'thr': 25, 'window': '20Y', 'order': 1, 'rows': 3}
2025-11-12 11:25:15,325 INFO [cli] {'ticker': 'QQQ', 'mode': 'tri', 'thr': 25, 'window': '20Y', 'order': 2, 'rows': 9}
2025-11-12 11:25:15,336 INFO [cli] {'ticker': 'QQQ', 'mode': 'tri', 'thr': 25, 'window': '20Y', 'order': 3, 'rows': 27}
2025-11-12 11:25:15,348 INFO [cli] {'ticker': 'QQQ', 'mode': 'tri', 'thr': 25, 'window': '20Y', 'order': 4, 'rows': 81}
2025-11-12 11:25:15,356 INFO [cli] {'ticker': 'QQQ', 'mode': 'tri', 'thr': 25, 'window': 'MAX', 'order': 1, 'rows': 3}
2025-11-12 11:25:15,365 INFO [cli] {'ticker': 'QQQ', 'mode': 'tri', 'thr': 25, 'window': 'MAX', 'order': 2, 'rows': 9}
2025-11-12 11:25:15,375 INFO [cli] {'ticker': 'QQQ', 'mode': 'tri', 'thr': 25, 'window': 'MAX', 'order': 3, 'rows': 27}
2025-11-12 11:25:15,385 INFO [cli] {'ticker': 'QQQ', 'mode': 'tri', 'thr': 25, 'window': 'MAX', 'order': 4, 'rows': 81}
2025-11-12 11:25:15,402 INFO [cli] {'ticker': 'QQQ', 'mode': 'tri', 'thr': 30, 'window': '1Y', 'order': 1, 'rows': 3}
2025-11-12 11:25:15,415 INFO [cli] {'ticker': 'QQQ', 'mode': 'tri', 'thr': 30, 'window': '1Y', 'order': 2, 'rows': 9}
2025-11-12 11:25:15,423 INFO [cli] {'ticker': 'QQQ', 'mode': 'tri', 'thr': 30, 'window': '1Y', 'order': 3, 'rows': 27}
2025-11-12 11:25:15,431 INFO [cli] {'ticker': 'QQQ', 'mode': 'tri', 'thr': 30, 'window': '1Y', 'order': 4, 'rows': 73}
2025-11-12 11:25:15,441 INFO [cli] {'ticker': 'QQQ', 'mode': 'tri', 'thr': 30, 'window': '2Y', 'order': 1, 'rows': 3}
2025-11-12 11:25:15,450 INFO [cli] {'ticker': 'QQQ', 'mode': 'tri', 'thr': 30, 'window': '2Y', 'order': 2, 'rows': 9}
2025-11-12 11:25:15,459 INFO [cli] {'ticker': 'QQQ', 'mode': 'tri', 'thr': 30, 'window': '2Y', 'order': 3, 'rows': 27}
2025-11-12 11:25:15,468 INFO [cli] {'ticker': 'QQQ', 'mode': 'tri', 'thr': 30, 'window': '2Y', 'order': 4, 'rows': 79}
2025-11-12 11:25:15,479 INFO [cli] {'ticker': 'QQQ', 'mode': 'tri', 'thr': 30, 'window': '5Y', 'order': 1, 'rows': 3}
2025-11-12 11:25:15,488 INFO [cli] {'ticker': 'QQQ', 'mode': 'tri', 'thr': 30, 'window': '5Y', 'order': 2, 'rows': 9}
2025-11-12 11:25:15,496 INFO [cli] {'ticker': 'QQQ', 'mode': 'tri', 'thr': 30, 'window': '5Y', 'order': 3, 'rows': 27}

{'ticker': 'QQQ', 'mode': 'binary', 'thr': 145, 'window': '5Y', 'order': 2, 'rows': 4}
{'ticker': 'QQQ', 'mode': 'binary', 'thr': 145, 'window': '5Y', 'order': 3, 'rows': 8}
{'ticker': 'QQQ', 'mode': 'binary', 'thr': 145, 'window': '5Y', 'order': 4, 'rows': 15}
{'ticker': 'QQQ', 'mode': 'binary', 'thr': 145, 'window': '10Y', 'order': 1, 'rows': 2}
{'ticker': 'QQQ', 'mode': 'binary', 'thr': 145, 'window': '10Y', 'order': 2, 'rows': 4}
{'ticker': 'QQQ', 'mode': 'binary', 'thr': 145, 'window': '10Y', 'order': 3, 'rows': 8}
{'ticker': 'QQQ', 'mode': 'binary', 'thr': 145, 'window': '10Y', 'order': 4, 'rows': 15}
{'ticker': 'QQQ', 'mode': 'binary', 'thr': 145, 'window': '20Y', 'order': 1, 'rows': 2}
{'ticker': 'QQQ', 'mode': 'binary', 'thr': 145, 'window': '20Y', 'order': 2, 'rows': 4}
{'ticker': 'QQQ', 'mode': 'binary', 'thr': 145, 'window': '20Y', 'order': 3, 'rows': 8}
{'ticker': 'QQQ', 'mode': 'binary', 'thr': 145, 'window': '20Y', 'order': 4, 'rows': 15}
{'ticker': 'QQQ', 'mode': 'binary', 'thr': 145, 'window': 'MAX', 'order': 1, 'rows': 2}
{'ticker': 'QQQ', 'mode': 'binary', 'thr': 145, 'window': 'MAX', 'order': 2, 'rows': 4}
{'ticker': 'QQQ', 'mode': 'binary', 'thr': 145, 'window': 'MAX', 'order': 3, 'rows': 8}
{'ticker': 'QQQ', 'mode': 'binary', 'thr': 145, 'window': 'MAX', 'order': 4, 'rows': 16}
{'ticker': 'QQQ', 'mode': 'binary', 'thr': 150, 'window': '1Y', 'order': 1, 'rows': 2}
{'ticker': 'QQQ', 'mode': 'binary', 'thr': 150, 'window': '1Y', 'order': 2, 'rows': 4}
{'ticker': 'QQQ', 'mode': 'binary', 'thr': 150, 'window': '1Y', 'order': 3, 'rows': 8}
{'ticker': 'QQQ', 'mode': 'binary', 'thr': 150, 'window': '1Y', 'order': 4, 'rows': 12}
{'ticker': 'QQQ', 'mode': 'binary', 'thr': 150, 'window': '2Y', 'order': 1, 'rows': 2}
{'ticker': 'QQQ', 'mode': 'binary', 'thr': 150, 'window': '2Y', 'order': 2, 'rows': 4}
{'ticker': 'QQQ', 'mode': 'binary', 'thr': 150, 'window': '2Y', 'order': 3, 'rows': 8}
{'ticker': 'QQQ', 'mode': 'binary', 'thr': 150, 'window': '2Y', 'order': 4, 'rows': 13}
{'ticker': 'QQQ', 'mode': 'binary', 'thr': 150, 'window': '5Y', 'order': 1, 'rows': 2}
{'ticker': 'QQQ', 'mode': 'binary', 'thr': 150, 'window': '5Y', 'order': 2, 'rows': 4}
{'ticker': 'QQQ', 'mode': 'binary', 'thr': 150, 'window': '5Y', 'order': 3, 'rows': 8}
{'ticker': 'QQQ', 'mode': 'binary', 'thr': 150, 'window': '5Y', 'order': 4, 'rows': 15}
{'ticker': 'QQQ', 'mode': 'binary', 'thr': 150, 'window': '10Y', 'order': 1, 'rows': 2}
{'ticker': 'QQQ', 'mode': 'binary', 'thr': 150, 'window': '10Y', 'order': 2, 'rows': 4}
{'ticker': 'QQQ', 'mode': 'binary', 'thr': 150, 'window': '10Y', 'order': 3, 'rows': 8}
{'ticker': 'QQQ', 'mode': 'binary', 'thr': 150, 'window': '10Y', 'order': 4, 'rows': 15}
{'ticker': 'QQQ', 'mode': 'binary', 'thr': 150, 'window': '20Y', 'order': 1, 'rows': 2}
{'ticker': 'QQQ', 'mode': 'binary', 'thr': 150, 'window': '20Y', 'order': 2, 'rows': 4}
{'ticker': 'QQQ', 'mode': 'binary', 'thr': 150, 'window': '20Y', 'order': 3, 'rows': 8}
{'ticker': 'QQQ', 'mode': 'binary', 'thr': 150, 'window': '20Y', 'order': 4, 'rows': 15}
{'ticker': 'QQQ', 'mode': 'binary', 'thr': 150, 'window': 'MAX', 'order': 1, 'rows': 2}
{'ticker': 'QQQ', 'mode': 'binary', 'thr': 150, 'window': 'MAX', 'order': 2, 'rows': 4}
{'ticker': 'QQQ', 'mode': 'binary', 'thr': 150, 'window': 'MAX', 'order': 3, 'rows': 8}
{'ticker': 'QQQ', 'mode': 'binary', 'thr': 150, 'window': 'MAX', 'order': 4, 'rows': 16}
{'ticker': 'QQQ', 'mode': 'tri', 'thr': 0, 'window': '1Y', 'order': 1, 'rows': 2}
{'ticker': 'QQQ', 'mode': 'tri', 'thr': 0, 'window': '1Y', 'order': 2, 'rows': 4}
{'ticker': 'QQQ', 'mode': 'tri', 'thr': 0, 'window': '1Y', 'order': 3, 'rows': 8}
{'ticker': 'QQQ', 'mode': 'tri', 'thr': 0, 'window': '1Y', 'order': 4, 'rows': 16}
{'ticker': 'QQQ', 'mode': 'tri', 'thr': 0, 'window': '2Y', 'order': 1, 'rows': 2}
{'ticker': 'QQQ', 'mode': 'tri', 'thr': 0, 'window': '2Y', 'order': 2, 'rows': 4}
{'ticker': 'QQQ', 'mode': 'tri', 'thr': 0, 'window': '2Y', 'order': 3, 'rows': 8}
{'ticker': 'QQQ', 'mode': 'tri', 'thr': 0, 'window': '2Y', 'order': 4, 'rows': 16}
{'ticker': 'QQQ', 'mode': 'tri', 'thr': 0, 'window': '5Y', 'order': 1, 'rows': 3}
{'ticker': 'QQQ', 'mode': 'tri', 'thr': 0, 'window': '5Y', 'order': 2, 'rows': 6}
{'ticker': 'QQQ', 'mode': 'tri', 'thr': 0, 'window': '5Y', 'order': 3, 'rows': 11}
{'ticker': 'QQQ', 'mode': 'tri', 'thr': 0, 'window': '5Y', 'order': 4, 'rows': 20}
{'ticker': 'QQQ', 'mode': 'tri', 'thr': 0, 'window': '10Y', 'order': 1, 'rows': 3}
{'ticker': 'QQQ', 'mode': 'tri', 'thr': 0, 'window': '10Y', 'order': 2, 'rows': 8}
{'ticker': 'QQQ', 'mode': 'tri', 'thr': 0, 'window': '10Y', 'order': 3, 'rows': 16}
{'ticker': 'QQQ', 'mode': 'tri', 'thr': 0, 'window': '10Y', 'order': 4, 'rows': 28}
{'ticker': 'QQQ', 'mode': 'tri', 'thr': 0, 'window': '20Y', 'order': 1, 'rows': 3}
{'ticker': 'QQQ', 'mode': 'tri', 'thr': 0, 'window': '20Y', 'order': 2, 'rows': 9}
{'ticker': 'QQQ', 'mode': 'tri', 'thr': 0, 'window': '20Y', 'order': 3, 'rows': 22}
{'ticker': 'QQQ', 'mode': 'tri', 'thr': 0, 'window': '20Y', 'order': 4, 'rows': 50}
{'ticker': 'QQQ', 'mode': 'tri', 'thr': 0, 'window': 'MAX', 'order': 1, 'rows': 3}
{'ticker': 'QQQ', 'mode': 'tri', 'thr': 0, 'window': 'MAX', 'order': 2, 'rows': 9}
{'ticker': 'QQQ', 'mode': 'tri', 'thr': 0, 'window': 'MAX', 'order': 3, 'rows': 23}
{'ticker': 'QQQ', 'mode': 'tri', 'thr': 0, 'window': 'MAX', 'order': 4, 'rows': 53}
{'ticker': 'QQQ', 'mode': 'tri', 'thr': 5, 'window': '1Y', 'order': 1, 'rows': 3}
{'ticker': 'QQQ', 'mode': 'tri', 'thr': 5, 'window': '1Y', 'order': 2, 'rows': 8}
{'ticker': 'QQQ', 'mode': 'tri', 'thr': 5, 'window': '1Y', 'order': 3, 'rows': 19}
{'ticker': 'QQQ', 'mode': 'tri', 'thr': 5, 'window': '1Y', 'order': 4, 'rows': 39}
{'ticker': 'QQQ', 'mode': 'tri', 'thr': 5, 'window': '2Y', 'order': 1, 'rows': 3}
{'ticker': 'QQQ', 'mode': 'tri', 'thr': 5, 'window': '2Y', 'order': 2, 'rows': 8}
{'ticker': 'QQQ', 'mode': 'tri', 'thr': 5, 'window': '2Y', 'order': 3, 'rows': 21}
{'ticker': 'QQQ', 'mode': 'tri', 'thr': 5, 'window': '2Y', 'order': 4, 'rows': 46}
{'ticker': 'QQQ', 'mode': 'tri', 'thr': 5, 'window': '5Y', 'order': 1, 'rows': 3}
{'ticker': 'QQQ', 'mode': 'tri', 'thr': 5, 'window': '5Y', 'order': 2, 'rows': 9}
{'ticker': 'QQQ', 'mode': 'tri', 'thr': 5, 'window': '5Y', 'order': 3, 'rows': 24}
{'ticker': 'QQQ', 'mode': 'tri', 'thr': 5, 'window': '5Y', 'order': 4, 'rows': 58}
{'ticker': 'QQQ', 'mode': 'tri', 'thr': 5, 'window': '10Y', 'order': 1, 'rows': 3}
{'ticker': 'QQQ', 'mode': 'tri', 'thr': 5, 'window': '10Y', 'order': 2, 'rows': 9}
{'ticker': 'QQQ', 'mode': 'tri', 'thr': 5, 'window': '10Y', 'order': 3, 'rows': 25}
{'ticker': 'QQQ', 'mode': 'tri', 'thr': 5, 'window': '10Y', 'order': 4, 'rows': 61}
{'ticker': 'QQQ', 'mode': 'tri', 'thr': 5, 'window': '20Y', 'order': 1, 'rows': 3}
{'ticker': 'QQQ', 'mode': 'tri', 'thr': 5, 'window': '20Y', 'order': 2, 'rows': 9}
{'ticker': 'QQQ', 'mode': 'tri', 'thr': 5, 'window': '20Y', 'order': 3, 'rows': 25}
{'ticker': 'QQQ', 'mode': 'tri', 'thr': 5, 'window': '20Y', 'order': 4, 'rows': 63}
{'ticker': 'QQQ', 'mode': 'tri', 'thr': 5, 'window': 'MAX', 'order': 1, 'rows': 3}
{'ticker': 'QQQ', 'mode': 'tri', 'thr': 5, 'window': 'MAX', 'order': 2, 'rows': 9}
{'ticker': 'QQQ', 'mode': 'tri', 'thr': 5, 'window': 'MAX', 'order': 3, 'rows': 25}
{'ticker': 'QQQ', 'mode': 'tri', 'thr': 5, 'window': 'MAX', 'order': 4, 'rows': 66}
{'ticker': 'QQQ', 'mode': 'tri', 'thr': 10, 'window': '1Y', 'order': 1, 'rows': 3}
{'ticker': 'QQQ', 'mode': 'tri', 'thr': 10, 'window': '1Y', 'order': 2, 'rows': 9}
{'ticker': 'QQQ', 'mode': 'tri', 'thr': 10, 'window': '1Y', 'order': 3, 'rows': 24}
{'ticker': 'QQQ', 'mode': 'tri', 'thr': 10, 'window': '1Y', 'order': 4, 'rows': 52}
{'ticker': 'QQQ', 'mode': 'tri', 'thr': 10, 'window': '2Y', 'order': 1, 'rows': 3}
{'ticker': 'QQQ', 'mode': 'tri', 'thr': 10, 'window': '2Y', 'order': 2, 'rows': 9}
{'ticker': 'QQQ', 'mode': 'tri', 'thr': 10, 'window': '2Y', 'order': 3, 'rows': 27}
{'ticker': 'QQQ', 'mode': 'tri', 'thr': 10, 'window': '2Y', 'order': 4, 'rows': 66}
{'ticker': 'QQQ', 'mode': 'tri', 'thr': 10, 'window': '5Y', 'order': 1, 'rows': 3}
{'ticker': 'QQQ', 'mode': 'tri', 'thr': 10, 'window': '5Y', 'order': 2, 'rows': 9}2025-11-12 11:25:15,505 INFO [cli] {'ticker': 'QQQ', 'mode': 'tri', 'thr': 30, 'window': '5Y', 'order': 4, 'rows': 80}
2025-11-12 11:25:15,512 INFO [cli] {'ticker': 'QQQ', 'mode': 'tri', 'thr': 30, 'window': '10Y', 'order': 1, 'rows': 3}
2025-11-12 11:25:15,520 INFO [cli] {'ticker': 'QQQ', 'mode': 'tri', 'thr': 30, 'window': '10Y', 'order': 2, 'rows': 9}
2025-11-12 11:25:15,534 INFO [cli] {'ticker': 'QQQ', 'mode': 'tri', 'thr': 30, 'window': '10Y', 'order': 3, 'rows': 27}
2025-11-12 11:25:15,542 INFO [cli] {'ticker': 'QQQ', 'mode': 'tri', 'thr': 30, 'window': '10Y', 'order': 4, 'rows': 81}
2025-11-12 11:25:15,549 INFO [cli] {'ticker': 'QQQ', 'mode': 'tri', 'thr': 30, 'window': '20Y', 'order': 1, 'rows': 3}
2025-11-12 11:25:15,557 INFO [cli] {'ticker': 'QQQ', 'mode': 'tri', 'thr': 30, 'window': '20Y', 'order': 2, 'rows': 9}
2025-11-12 11:25:15,574 INFO [cli] {'ticker': 'QQQ', 'mode': 'tri', 'thr': 30, 'window': '20Y', 'order': 3, 'rows': 27}
2025-11-12 11:25:15,583 INFO [cli] {'ticker': 'QQQ', 'mode': 'tri', 'thr': 30, 'window': '20Y', 'order': 4, 'rows': 81}
2025-11-12 11:25:15,592 INFO [cli] {'ticker': 'QQQ', 'mode': 'tri', 'thr': 30, 'window': 'MAX', 'order': 1, 'rows': 3}
2025-11-12 11:25:15,602 INFO [cli] {'ticker': 'QQQ', 'mode': 'tri', 'thr': 30, 'window': 'MAX', 'order': 2, 'rows': 9}
2025-11-12 11:25:15,618 INFO [cli] {'ticker': 'QQQ', 'mode': 'tri', 'thr': 30, 'window': 'MAX', 'order': 3, 'rows': 27}
2025-11-12 11:25:15,632 INFO [cli] {'ticker': 'QQQ', 'mode': 'tri', 'thr': 30, 'window': 'MAX', 'order': 4, 'rows': 81}
2025-11-12 11:25:15,652 INFO [cli] {'ticker': 'QQQ', 'mode': 'tri', 'thr': 35, 'window': '1Y', 'order': 1, 'rows': 3}
2025-11-12 11:25:15,660 INFO [cli] {'ticker': 'QQQ', 'mode': 'tri', 'thr': 35, 'window': '1Y', 'order': 2, 'rows': 9}
2025-11-12 11:25:15,670 INFO [cli] {'ticker': 'QQQ', 'mode': 'tri', 'thr': 35, 'window': '1Y', 'order': 3, 'rows': 27}
2025-11-12 11:25:15,680 INFO [cli] {'ticker': 'QQQ', 'mode': 'tri', 'thr': 35, 'window': '1Y', 'order': 4, 'rows': 74}
2025-11-12 11:25:15,690 INFO [cli] {'ticker': 'QQQ', 'mode': 'tri', 'thr': 35, 'window': '2Y', 'order': 1, 'rows': 3}
2025-11-12 11:25:15,700 INFO [cli] {'ticker': 'QQQ', 'mode': 'tri', 'thr': 35, 'window': '2Y', 'order': 2, 'rows': 9}
2025-11-12 11:25:15,709 INFO [cli] {'ticker': 'QQQ', 'mode': 'tri', 'thr': 35, 'window': '2Y', 'order': 3, 'rows': 27}
2025-11-12 11:25:15,719 INFO [cli] {'ticker': 'QQQ', 'mode': 'tri', 'thr': 35, 'window': '2Y', 'order': 4, 'rows': 79}
2025-11-12 11:25:15,737 INFO [cli] {'ticker': 'QQQ', 'mode': 'tri', 'thr': 35, 'window': '5Y', 'order': 1, 'rows': 3}
2025-11-12 11:25:15,745 INFO [cli] {'ticker': 'QQQ', 'mode': 'tri', 'thr': 35, 'window': '5Y', 'order': 2, 'rows': 9}
2025-11-12 11:25:15,752 INFO [cli] {'ticker': 'QQQ', 'mode': 'tri', 'thr': 35, 'window': '5Y', 'order': 3, 'rows': 27}
2025-11-12 11:25:15,760 INFO [cli] {'ticker': 'QQQ', 'mode': 'tri', 'thr': 35, 'window': '5Y', 'order': 4, 'rows': 81}
2025-11-12 11:25:15,768 INFO [cli] {'ticker': 'QQQ', 'mode': 'tri', 'thr': 35, 'window': '10Y', 'order': 1, 'rows': 3}
2025-11-12 11:25:15,778 INFO [cli] {'ticker': 'QQQ', 'mode': 'tri', 'thr': 35, 'window': '10Y', 'order': 2, 'rows': 9}
2025-11-12 11:25:15,787 INFO [cli] {'ticker': 'QQQ', 'mode': 'tri', 'thr': 35, 'window': '10Y', 'order': 3, 'rows': 27}
2025-11-12 11:25:15,795 INFO [cli] {'ticker': 'QQQ', 'mode': 'tri', 'thr': 35, 'window': '10Y', 'order': 4, 'rows': 81}
2025-11-12 11:25:15,804 INFO [cli] {'ticker': 'QQQ', 'mode': 'tri', 'thr': 35, 'window': '20Y', 'order': 1, 'rows': 3}
2025-11-12 11:25:15,812 INFO [cli] {'ticker': 'QQQ', 'mode': 'tri', 'thr': 35, 'window': '20Y', 'order': 2, 'rows': 9}
2025-11-12 11:25:15,819 INFO [cli] {'ticker': 'QQQ', 'mode': 'tri', 'thr': 35, 'window': '20Y', 'order': 3, 'rows': 27}
2025-11-12 11:25:15,826 INFO [cli] {'ticker': 'QQQ', 'mode': 'tri', 'thr': 35, 'window': '20Y', 'order': 4, 'rows': 81}
2025-11-12 11:25:15,836 INFO [cli] {'ticker': 'QQQ', 'mode': 'tri', 'thr': 35, 'window': 'MAX', 'order': 1, 'rows': 3}
2025-11-12 11:25:15,844 INFO [cli] {'ticker': 'QQQ', 'mode': 'tri', 'thr': 35, 'window': 'MAX', 'order': 2, 'rows': 9}
2025-11-12 11:25:15,852 INFO [cli] {'ticker': 'QQQ', 'mode': 'tri', 'thr': 35, 'window': 'MAX', 'order': 3, 'rows': 27}
2025-11-12 11:25:15,860 INFO [cli] {'ticker': 'QQQ', 'mode': 'tri', 'thr': 35, 'window': 'MAX', 'order': 4, 'rows': 81}
2025-11-12 11:25:15,876 INFO [cli] {'ticker': 'QQQ', 'mode': 'tri', 'thr': 40, 'window': '1Y', 'order': 1, 'rows': 3}
2025-11-12 11:25:15,884 INFO [cli] {'ticker': 'QQQ', 'mode': 'tri', 'thr': 40, 'window': '1Y', 'order': 2, 'rows': 9}
2025-11-12 11:25:15,893 INFO [cli] {'ticker': 'QQQ', 'mode': 'tri', 'thr': 40, 'window': '1Y', 'order': 3, 'rows': 27}
2025-11-12 11:25:15,901 INFO [cli] {'ticker': 'QQQ', 'mode': 'tri', 'thr': 40, 'window': '1Y', 'order': 4, 'rows': 75}
2025-11-12 11:25:15,909 INFO [cli] {'ticker': 'QQQ', 'mode': 'tri', 'thr': 40, 'window': '2Y', 'order': 1, 'rows': 3}
2025-11-12 11:25:15,917 INFO [cli] {'ticker': 'QQQ', 'mode': 'tri', 'thr': 40, 'window': '2Y', 'order': 2, 'rows': 9}
2025-11-12 11:25:15,925 INFO [cli] {'ticker': 'QQQ', 'mode': 'tri', 'thr': 40, 'window': '2Y', 'order': 3, 'rows': 27}
2025-11-12 11:25:15,935 INFO [cli] {'ticker': 'QQQ', 'mode': 'tri', 'thr': 40, 'window': '2Y', 'order': 4, 'rows': 79}
2025-11-12 11:25:15,944 INFO [cli] {'ticker': 'QQQ', 'mode': 'tri', 'thr': 40, 'window': '5Y', 'order': 1, 'rows': 3}
2025-11-12 11:25:15,953 INFO [cli] {'ticker': 'QQQ', 'mode': 'tri', 'thr': 40, 'window': '5Y', 'order': 2, 'rows': 9}
2025-11-12 11:25:15,963 INFO [cli] {'ticker': 'QQQ', 'mode': 'tri', 'thr': 40, 'window': '5Y', 'order': 3, 'rows': 27}
2025-11-12 11:25:15,972 INFO [cli] {'ticker': 'QQQ', 'mode': 'tri', 'thr': 40, 'window': '5Y', 'order': 4, 'rows': 81}
2025-11-12 11:25:15,982 INFO [cli] {'ticker': 'QQQ', 'mode': 'tri', 'thr': 40, 'window': '10Y', 'order': 1, 'rows': 3}
2025-11-12 11:25:15,991 INFO [cli] {'ticker': 'QQQ', 'mode': 'tri', 'thr': 40, 'window': '10Y', 'order': 2, 'rows': 9}
2025-11-12 11:25:16,001 INFO [cli] {'ticker': 'QQQ', 'mode': 'tri', 'thr': 40, 'window': '10Y', 'order': 3, 'rows': 27}
2025-11-12 11:25:16,010 INFO [cli] {'ticker': 'QQQ', 'mode': 'tri', 'thr': 40, 'window': '10Y', 'order': 4, 'rows': 81}
2025-11-12 11:25:16,020 INFO [cli] {'ticker': 'QQQ', 'mode': 'tri', 'thr': 40, 'window': '20Y', 'order': 1, 'rows': 3}
2025-11-12 11:25:16,032 INFO [cli] {'ticker': 'QQQ', 'mode': 'tri', 'thr': 40, 'window': '20Y', 'order': 2, 'rows': 9}
2025-11-12 11:25:16,041 INFO [cli] {'ticker': 'QQQ', 'mode': 'tri', 'thr': 40, 'window': '20Y', 'order': 3, 'rows': 27}
2025-11-12 11:25:16,053 INFO [cli] {'ticker': 'QQQ', 'mode': 'tri', 'thr': 40, 'window': '20Y', 'order': 4, 'rows': 81}
2025-11-12 11:25:16,062 INFO [cli] {'ticker': 'QQQ', 'mode': 'tri', 'thr': 40, 'window': 'MAX', 'order': 1, 'rows': 3}
2025-11-12 11:25:16,072 INFO [cli] {'ticker': 'QQQ', 'mode': 'tri', 'thr': 40, 'window': 'MAX', 'order': 2, 'rows': 9}
2025-11-12 11:25:16,080 INFO [cli] {'ticker': 'QQQ', 'mode': 'tri', 'thr': 40, 'window': 'MAX', 'order': 3, 'rows': 27}
2025-11-12 11:25:16,093 INFO [cli] {'ticker': 'QQQ', 'mode': 'tri', 'thr': 40, 'window': 'MAX', 'order': 4, 'rows': 81}
2025-11-12 11:25:16,109 INFO [cli] {'ticker': 'QQQ', 'mode': 'tri', 'thr': 45, 'window': '1Y', 'order': 1, 'rows': 3}
2025-11-12 11:25:16,119 INFO [cli] {'ticker': 'QQQ', 'mode': 'tri', 'thr': 45, 'window': '1Y', 'order': 2, 'rows': 9}
2025-11-12 11:25:16,128 INFO [cli] {'ticker': 'QQQ', 'mode': 'tri', 'thr': 45, 'window': '1Y', 'order': 3, 'rows': 27}
2025-11-12 11:25:16,137 INFO [cli] {'ticker': 'QQQ', 'mode': 'tri', 'thr': 45, 'window': '1Y', 'order': 4, 'rows': 74}
2025-11-12 11:25:16,146 INFO [cli] {'ticker': 'QQQ', 'mode': 'tri', 'thr': 45, 'window': '2Y', 'order': 1, 'rows': 3}
2025-11-12 11:25:16,155 INFO [cli] {'ticker': 'QQQ', 'mode': 'tri', 'thr': 45, 'window': '2Y', 'order': 2, 'rows': 9}
2025-11-12 11:25:16,170 INFO [cli] {'ticker': 'QQQ', 'mode': 'tri', 'thr': 45, 'window': '2Y', 'order': 3, 'rows': 27}
2025-11-12 11:25:16,177 INFO [cli] {'ticker': 'QQQ', 'mode': 'tri', 'thr': 45, 'window': '2Y', 'order': 4, 'rows': 79}
2025-11-12 11:25:16,186 INFO [cli] {'ticker': 'QQQ', 'mode': 'tri', 'thr': 45, 'window': '5Y', 'order': 1, 'rows': 3}
2025-11-12 11:25:16,197 INFO [cli] {'ticker': 'QQQ', 'mode': 'tri', 'thr': 45, 'window': '5Y', 'order': 2, 'rows': 9}
2025-11-12 11:25:16,207 INFO [cli] {'ticker': 'QQQ', 'mode': 'tri', 'thr': 45, 'window': '5Y', 'order': 3, 'rows': 27}
2025-11-12 11:25:16,215 INFO [cli] {'ticker': 'QQQ', 'mode': 'tri', 'thr': 45, 'window': '5Y', 'order': 4, 'rows': 81}
2025-11-12 11:25:16,225 INFO [cli] {'ticker': 'QQQ', 'mode': 'tri', 'thr': 45, 'window': '10Y', 'order': 1, 'rows': 3}
2025-11-12 11:25:16,234 INFO [cli] {'ticker': 'QQQ', 'mode': 'tri', 'thr': 45, 'window': '10Y', 'order': 2, 'rows': 9}
2025-11-12 11:25:16,242 INFO [cli] {'ticker': 'QQQ', 'mode': 'tri', 'thr': 45, 'window': '10Y', 'order': 3, 'rows': 27}
2025-11-12 11:25:16,252 INFO [cli] {'ticker': 'QQQ', 'mode': 'tri', 'thr': 45, 'window': '10Y', 'order': 4, 'rows': 81}
2025-11-12 11:25:16,260 INFO [cli] {'ticker': 'QQQ', 'mode': 'tri', 'thr': 45, 'window': '20Y', 'order': 1, 'rows': 3}
2025-11-12 11:25:16,268 INFO [cli] {'ticker': 'QQQ', 'mode': 'tri', 'thr': 45, 'window': '20Y', 'order': 2, 'rows': 9}
2025-11-12 11:25:16,278 INFO [cli] {'ticker': 'QQQ', 'mode': 'tri', 'thr': 45, 'window': '20Y', 'order': 3, 'rows': 27}
2025-11-12 11:25:16,287 INFO [cli] {'ticker': 'QQQ', 'mode': 'tri', 'thr': 45, 'window': '20Y', 'order': 4, 'rows': 81}
2025-11-12 11:25:16,297 INFO [cli] {'ticker': 'QQQ', 'mode': 'tri', 'thr': 45, 'window': 'MAX', 'order': 1, 'rows': 3}
2025-11-12 11:25:16,305 INFO [cli] {'ticker': 'QQQ', 'mode': 'tri', 'thr': 45, 'window': 'MAX', 'order': 2, 'rows': 9}
2025-11-12 11:25:16,315 INFO [cli] {'ticker': 'QQQ', 'mode': 'tri', 'thr': 45, 'window': 'MAX', 'order': 3, 'rows': 27}
2025-11-12 11:25:16,326 INFO [cli] {'ticker': 'QQQ', 'mode': 'tri', 'thr': 45, 'window': 'MAX', 'order': 4, 'rows': 81}
2025-11-12 11:25:16,341 INFO [cli] {'ticker': 'QQQ', 'mode': 'tri', 'thr': 50, 'window': '1Y', 'order': 1, 'rows': 3}
2025-11-12 11:25:16,350 INFO [cli] {'ticker': 'QQQ', 'mode': 'tri', 'thr': 50, 'window': '1Y', 'order': 2, 'rows': 9}
2025-11-12 11:25:16,359 INFO [cli] {'ticker': 'QQQ', 'mode': 'tri', 'thr': 50, 'window': '1Y', 'order': 3, 'rows': 27}
2025-11-12 11:25:16,366 INFO [cli] {'ticker': 'QQQ', 'mode': 'tri', 'thr': 50, 'window': '1Y', 'order': 4, 'rows': 75}
2025-11-12 11:25:16,378 INFO [cli] {'ticker': 'QQQ', 'mode': 'tri', 'thr': 50, 'window': '2Y', 'order': 1, 'rows': 3}
2025-11-12 11:25:16,387 INFO [cli] {'ticker': 'QQQ', 'mode': 'tri', 'thr': 50, 'window': '2Y', 'order': 2, 'rows': 9}
2025-11-12 11:25:16,397 INFO [cli] {'ticker': 'QQQ', 'mode': 'tri', 'thr': 50, 'window': '2Y', 'order': 3, 'rows': 27}
2025-11-12 11:25:16,406 INFO [cli] {'ticker': 'QQQ', 'mode': 'tri', 'thr': 50, 'window': '2Y', 'order': 4, 'rows': 79}
2025-11-12 11:25:16,419 INFO [cli] {'ticker': 'QQQ', 'mode': 'tri', 'thr': 50, 'window': '5Y', 'order': 1, 'rows': 3}
2025-11-12 11:25:16,429 INFO [cli] {'ticker': 'QQQ', 'mode': 'tri', 'thr': 50, 'window': '5Y', 'order': 2, 'rows': 9}
2025-11-12 11:25:16,437 INFO [cli] {'ticker': 'QQQ', 'mode': 'tri', 'thr': 50, 'window': '5Y', 'order': 3, 'rows': 27}
2025-11-12 11:25:16,445 INFO [cli] {'ticker': 'QQQ', 'mode': 'tri', 'thr': 50, 'window': '5Y', 'order': 4, 'rows': 81}
2025-11-12 11:25:16,455 INFO [cli] {'ticker': 'QQQ', 'mode': 'tri', 'thr': 50, 'window': '10Y', 'order': 1, 'rows': 3}

{'ticker': 'QQQ', 'mode': 'tri', 'thr': 10, 'window': '5Y', 'order': 3, 'rows': 27}
{'ticker': 'QQQ', 'mode': 'tri', 'thr': 10, 'window': '5Y', 'order': 4, 'rows': 72}
{'ticker': 'QQQ', 'mode': 'tri', 'thr': 10, 'window': '10Y', 'order': 1, 'rows': 3}
{'ticker': 'QQQ', 'mode': 'tri', 'thr': 10, 'window': '10Y', 'order': 2, 'rows': 9}
{'ticker': 'QQQ', 'mode': 'tri', 'thr': 10, 'window': '10Y', 'order': 3, 'rows': 27}
{'ticker': 'QQQ', 'mode': 'tri', 'thr': 10, 'window': '10Y', 'order': 4, 'rows': 77}
{'ticker': 'QQQ', 'mode': 'tri', 'thr': 10, 'window': '20Y', 'order': 1, 'rows': 3}
{'ticker': 'QQQ', 'mode': 'tri', 'thr': 10, 'window': '20Y', 'order': 2, 'rows': 9}
{'ticker': 'QQQ', 'mode': 'tri', 'thr': 10, 'window': '20Y', 'order': 3, 'rows': 27}
{'ticker': 'QQQ', 'mode': 'tri', 'thr': 10, 'window': '20Y', 'order': 4, 'rows': 79}
{'ticker': 'QQQ', 'mode': 'tri', 'thr': 10, 'window': 'MAX', 'order': 1, 'rows': 3}
{'ticker': 'QQQ', 'mode': 'tri', 'thr': 10, 'window': 'MAX', 'order': 2, 'rows': 9}
{'ticker': 'QQQ', 'mode': 'tri', 'thr': 10, 'window': 'MAX', 'order': 3, 'rows': 27}
{'ticker': 'QQQ', 'mode': 'tri', 'thr': 10, 'window': 'MAX', 'order': 4, 'rows': 79}
{'ticker': 'QQQ', 'mode': 'tri', 'thr': 15, 'window': '1Y', 'order': 1, 'rows': 3}
{'ticker': 'QQQ', 'mode': 'tri', 'thr': 15, 'window': '1Y', 'order': 2, 'rows': 9}
{'ticker': 'QQQ', 'mode': 'tri', 'thr': 15, 'window': '1Y', 'order': 3, 'rows': 25}
{'ticker': 'QQQ', 'mode': 'tri', 'thr': 15, 'window': '1Y', 'order': 4, 'rows': 58}
{'ticker': 'QQQ', 'mode': 'tri', 'thr': 15, 'window': '2Y', 'order': 1, 'rows': 3}
{'ticker': 'QQQ', 'mode': 'tri', 'thr': 15, 'window': '2Y', 'order': 2, 'rows': 9}
{'ticker': 'QQQ', 'mode': 'tri', 'thr': 15, 'window': '2Y', 'order': 3, 'rows': 27}
{'ticker': 'QQQ', 'mode': 'tri', 'thr': 15, 'window': '2Y', 'order': 4, 'rows': 69}
{'ticker': 'QQQ', 'mode': 'tri', 'thr': 15, 'window': '5Y', 'order': 1, 'rows': 3}
{'ticker': 'QQQ', 'mode': 'tri', 'thr': 15, 'window': '5Y', 'order': 2, 'rows': 9}
{'ticker': 'QQQ', 'mode': 'tri', 'thr': 15, 'window': '5Y', 'order': 3, 'rows': 27}
{'ticker': 'QQQ', 'mode': 'tri', 'thr': 15, 'window': '5Y', 'order': 4, 'rows': 75}
{'ticker': 'QQQ', 'mode': 'tri', 'thr': 15, 'window': '10Y', 'order': 1, 'rows': 3}
{'ticker': 'QQQ', 'mode': 'tri', 'thr': 15, 'window': '10Y', 'order': 2, 'rows': 9}
{'ticker': 'QQQ', 'mode': 'tri', 'thr': 15, 'window': '10Y', 'order': 3, 'rows': 27}
{'ticker': 'QQQ', 'mode': 'tri', 'thr': 15, 'window': '10Y', 'order': 4, 'rows': 80}
{'ticker': 'QQQ', 'mode': 'tri', 'thr': 15, 'window': '20Y', 'order': 1, 'rows': 3}
{'ticker': 'QQQ', 'mode': 'tri', 'thr': 15, 'window': '20Y', 'order': 2, 'rows': 9}
{'ticker': 'QQQ', 'mode': 'tri', 'thr': 15, 'window': '20Y', 'order': 3, 'rows': 27}
{'ticker': 'QQQ', 'mode': 'tri', 'thr': 15, 'window': '20Y', 'order': 4, 'rows': 81}
{'ticker': 'QQQ', 'mode': 'tri', 'thr': 15, 'window': 'MAX', 'order': 1, 'rows': 3}
{'ticker': 'QQQ', 'mode': 'tri', 'thr': 15, 'window': 'MAX', 'order': 2, 'rows': 9}
{'ticker': 'QQQ', 'mode': 'tri', 'thr': 15, 'window': 'MAX', 'order': 3, 'rows': 27}
{'ticker': 'QQQ', 'mode': 'tri', 'thr': 15, 'window': 'MAX', 'order': 4, 'rows': 81}
{'ticker': 'QQQ', 'mode': 'tri', 'thr': 20, 'window': '1Y', 'order': 1, 'rows': 3}
{'ticker': 'QQQ', 'mode': 'tri', 'thr': 20, 'window': '1Y', 'order': 2, 'rows': 9}
{'ticker': 'QQQ', 'mode': 'tri', 'thr': 20, 'window': '1Y', 'order': 3, 'rows': 27}
{'ticker': 'QQQ', 'mode': 'tri', 'thr': 20, 'window': '1Y', 'order': 4, 'rows': 71}
{'ticker': 'QQQ', 'mode': 'tri', 'thr': 20, 'window': '2Y', 'order': 1, 'rows': 3}
{'ticker': 'QQQ', 'mode': 'tri', 'thr': 20, 'window': '2Y', 'order': 2, 'rows': 9}
{'ticker': 'QQQ', 'mode': 'tri', 'thr': 20, 'window': '2Y', 'order': 3, 'rows': 27}
{'ticker': 'QQQ', 'mode': 'tri', 'thr': 20, 'window': '2Y', 'order': 4, 'rows': 75}
{'ticker': 'QQQ', 'mode': 'tri', 'thr': 20, 'window': '5Y', 'order': 1, 'rows': 3}
{'ticker': 'QQQ', 'mode': 'tri', 'thr': 20, 'window': '5Y', 'order': 2, 'rows': 9}
{'ticker': 'QQQ', 'mode': 'tri', 'thr': 20, 'window': '5Y', 'order': 3, 'rows': 27}
{'ticker': 'QQQ', 'mode': 'tri', 'thr': 20, 'window': '5Y', 'order': 4, 'rows': 77}
{'ticker': 'QQQ', 'mode': 'tri', 'thr': 20, 'window': '10Y', 'order': 1, 'rows': 3}
{'ticker': 'QQQ', 'mode': 'tri', 'thr': 20, 'window': '10Y', 'order': 2, 'rows': 9}
{'ticker': 'QQQ', 'mode': 'tri', 'thr': 20, 'window': '10Y', 'order': 3, 'rows': 27}
{'ticker': 'QQQ', 'mode': 'tri', 'thr': 20, 'window': '10Y', 'order': 4, 'rows': 81}
{'ticker': 'QQQ', 'mode': 'tri', 'thr': 20, 'window': '20Y', 'order': 1, 'rows': 3}
{'ticker': 'QQQ', 'mode': 'tri', 'thr': 20, 'window': '20Y', 'order': 2, 'rows': 9}
{'ticker': 'QQQ', 'mode': 'tri', 'thr': 20, 'window': '20Y', 'order': 3, 'rows': 27}
{'ticker': 'QQQ', 'mode': 'tri', 'thr': 20, 'window': '20Y', 'order': 4, 'rows': 81}
{'ticker': 'QQQ', 'mode': 'tri', 'thr': 20, 'window': 'MAX', 'order': 1, 'rows': 3}
{'ticker': 'QQQ', 'mode': 'tri', 'thr': 20, 'window': 'MAX', 'order': 2, 'rows': 9}
{'ticker': 'QQQ', 'mode': 'tri', 'thr': 20, 'window': 'MAX', 'order': 3, 'rows': 27}
{'ticker': 'QQQ', 'mode': 'tri', 'thr': 20, 'window': 'MAX', 'order': 4, 'rows': 81}
{'ticker': 'QQQ', 'mode': 'tri', 'thr': 25, 'window': '1Y', 'order': 1, 'rows': 3}
{'ticker': 'QQQ', 'mode': 'tri', 'thr': 25, 'window': '1Y', 'order': 2, 'rows': 9}
{'ticker': 'QQQ', 'mode': 'tri', 'thr': 25, 'window': '1Y', 'order': 3, 'rows': 27}
{'ticker': 'QQQ', 'mode': 'tri', 'thr': 25, 'window': '1Y', 'order': 4, 'rows': 72}
{'ticker': 'QQQ', 'mode': 'tri', 'thr': 25, 'window': '2Y', 'order': 1, 'rows': 3}
{'ticker': 'QQQ', 'mode': 'tri', 'thr': 25, 'window': '2Y', 'order': 2, 'rows': 9}
{'ticker': 'QQQ', 'mode': 'tri', 'thr': 25, 'window': '2Y', 'order': 3, 'rows': 27}
{'ticker': 'QQQ', 'mode': 'tri', 'thr': 25, 'window': '2Y', 'order': 4, 'rows': 76}
{'ticker': 'QQQ', 'mode': 'tri', 'thr': 25, 'window': '5Y', 'order': 1, 'rows': 3}
{'ticker': 'QQQ', 'mode': 'tri', 'thr': 25, 'window': '5Y', 'order': 2, 'rows': 9}
{'ticker': 'QQQ', 'mode': 'tri', 'thr': 25, 'window': '5Y', 'order': 3, 'rows': 27}
{'ticker': 'QQQ', 'mode': 'tri', 'thr': 25, 'window': '5Y', 'order': 4, 'rows': 79}
{'ticker': 'QQQ', 'mode': 'tri', 'thr': 25, 'window': '10Y', 'order': 1, 'rows': 3}
{'ticker': 'QQQ', 'mode': 'tri', 'thr': 25, 'window': '10Y', 'order': 2, 'rows': 9}
{'ticker': 'QQQ', 'mode': 'tri', 'thr': 25, 'window': '10Y', 'order': 3, 'rows': 27}
{'ticker': 'QQQ', 'mode': 'tri', 'thr': 25, 'window': '10Y', 'order': 4, 'rows': 81}
{'ticker': 'QQQ', 'mode': 'tri', 'thr': 25, 'window': '20Y', 'order': 1, 'rows': 3}
{'ticker': 'QQQ', 'mode': 'tri', 'thr': 25, 'window': '20Y', 'order': 2, 'rows': 9}
{'ticker': 'QQQ', 'mode': 'tri', 'thr': 25, 'window': '20Y', 'order': 3, 'rows': 27}
{'ticker': 'QQQ', 'mode': 'tri', 'thr': 25, 'window': '20Y', 'order': 4, 'rows': 81}
{'ticker': 'QQQ', 'mode': 'tri', 'thr': 25, 'window': 'MAX', 'order': 1, 'rows': 3}
{'ticker': 'QQQ', 'mode': 'tri', 'thr': 25, 'window': 'MAX', 'order': 2, 'rows': 9}
{'ticker': 'QQQ', 'mode': 'tri', 'thr': 25, 'window': 'MAX', 'order': 3, 'rows': 27}
{'ticker': 'QQQ', 'mode': 'tri', 'thr': 25, 'window': 'MAX', 'order': 4, 'rows': 81}
{'ticker': 'QQQ', 'mode': 'tri', 'thr': 30, 'window': '1Y', 'order': 1, 'rows': 3}
{'ticker': 'QQQ', 'mode': 'tri', 'thr': 30, 'window': '1Y', 'order': 2, 'rows': 9}
{'ticker': 'QQQ', 'mode': 'tri', 'thr': 30, 'window': '1Y', 'order': 3, 'rows': 27}
{'ticker': 'QQQ', 'mode': 'tri', 'thr': 30, 'window': '1Y', 'order': 4, 'rows': 73}
{'ticker': 'QQQ', 'mode': 'tri', 'thr': 30, 'window': '2Y', 'order': 1, 'rows': 3}
{'ticker': 'QQQ', 'mode': 'tri', 'thr': 30, 'window': '2Y', 'order': 2, 'rows': 9}
{'ticker': 'QQQ', 'mode': 'tri', 'thr': 30, 'window': '2Y', 'order': 3, 'rows': 27}
{'ticker': 'QQQ', 'mode': 'tri', 'thr': 30, 'window': '2Y', 'order': 4, 'rows': 79}
{'ticker': 'QQQ', 'mode': 'tri', 'thr': 30, 'window': '5Y', 'order': 1, 'rows': 3}
{'ticker': 'QQQ', 'mode': 'tri', 'thr': 30, 'window': '5Y', 'order': 2, 'rows': 9}
{'ticker': 'QQQ', 'mode': 'tri', 'thr': 30, 'window': '5Y', 'order': 3, 'rows': 27}
{'ticker': 'QQQ', 'mode': 'tri', 'thr': 30, 'window': '5Y', 'order': 4, 'rows': 80}2025-11-12 11:25:16,465 INFO [cli] {'ticker': 'QQQ', 'mode': 'tri', 'thr': 50, 'window': '10Y', 'order': 2, 'rows': 9}
2025-11-12 11:25:16,474 INFO [cli] {'ticker': 'QQQ', 'mode': 'tri', 'thr': 50, 'window': '10Y', 'order': 3, 'rows': 27}
2025-11-12 11:25:16,486 INFO [cli] {'ticker': 'QQQ', 'mode': 'tri', 'thr': 50, 'window': '10Y', 'order': 4, 'rows': 81}
2025-11-12 11:25:16,496 INFO [cli] {'ticker': 'QQQ', 'mode': 'tri', 'thr': 50, 'window': '20Y', 'order': 1, 'rows': 3}
2025-11-12 11:25:16,507 INFO [cli] {'ticker': 'QQQ', 'mode': 'tri', 'thr': 50, 'window': '20Y', 'order': 2, 'rows': 9}
2025-11-12 11:25:16,517 INFO [cli] {'ticker': 'QQQ', 'mode': 'tri', 'thr': 50, 'window': '20Y', 'order': 3, 'rows': 27}
2025-11-12 11:25:16,526 INFO [cli] {'ticker': 'QQQ', 'mode': 'tri', 'thr': 50, 'window': '20Y', 'order': 4, 'rows': 81}
2025-11-12 11:25:16,536 INFO [cli] {'ticker': 'QQQ', 'mode': 'tri', 'thr': 50, 'window': 'MAX', 'order': 1, 'rows': 3}
2025-11-12 11:25:16,544 INFO [cli] {'ticker': 'QQQ', 'mode': 'tri', 'thr': 50, 'window': 'MAX', 'order': 2, 'rows': 9}
2025-11-12 11:25:16,552 INFO [cli] {'ticker': 'QQQ', 'mode': 'tri', 'thr': 50, 'window': 'MAX', 'order': 3, 'rows': 27}
2025-11-12 11:25:16,560 INFO [cli] {'ticker': 'QQQ', 'mode': 'tri', 'thr': 50, 'window': 'MAX', 'order': 4, 'rows': 81}
2025-11-12 11:25:16,575 INFO [cli] {'ticker': 'QQQ', 'mode': 'tri', 'thr': 55, 'window': '1Y', 'order': 1, 'rows': 3}
2025-11-12 11:25:16,585 INFO [cli] {'ticker': 'QQQ', 'mode': 'tri', 'thr': 55, 'window': '1Y', 'order': 2, 'rows': 9}
2025-11-12 11:25:16,605 INFO [cli] {'ticker': 'QQQ', 'mode': 'tri', 'thr': 55, 'window': '1Y', 'order': 3, 'rows': 27}
2025-11-12 11:25:16,613 INFO [cli] {'ticker': 'QQQ', 'mode': 'tri', 'thr': 55, 'window': '1Y', 'order': 4, 'rows': 74}
2025-11-12 11:25:16,623 INFO [cli] {'ticker': 'QQQ', 'mode': 'tri', 'thr': 55, 'window': '2Y', 'order': 1, 'rows': 3}
2025-11-12 11:25:16,634 INFO [cli] {'ticker': 'QQQ', 'mode': 'tri', 'thr': 55, 'window': '2Y', 'order': 2, 'rows': 9}
2025-11-12 11:25:16,642 INFO [cli] {'ticker': 'QQQ', 'mode': 'tri', 'thr': 55, 'window': '2Y', 'order': 3, 'rows': 27}
2025-11-12 11:25:16,652 INFO [cli] {'ticker': 'QQQ', 'mode': 'tri', 'thr': 55, 'window': '2Y', 'order': 4, 'rows': 80}
2025-11-12 11:25:16,663 INFO [cli] {'ticker': 'QQQ', 'mode': 'tri', 'thr': 55, 'window': '5Y', 'order': 1, 'rows': 3}
2025-11-12 11:25:16,673 INFO [cli] {'ticker': 'QQQ', 'mode': 'tri', 'thr': 55, 'window': '5Y', 'order': 2, 'rows': 9}
2025-11-12 11:25:16,683 INFO [cli] {'ticker': 'QQQ', 'mode': 'tri', 'thr': 55, 'window': '5Y', 'order': 3, 'rows': 27}
2025-11-12 11:25:16,695 INFO [cli] {'ticker': 'QQQ', 'mode': 'tri', 'thr': 55, 'window': '5Y', 'order': 4, 'rows': 81}
2025-11-12 11:25:16,707 INFO [cli] {'ticker': 'QQQ', 'mode': 'tri', 'thr': 55, 'window': '10Y', 'order': 1, 'rows': 3}
2025-11-12 11:25:16,717 INFO [cli] {'ticker': 'QQQ', 'mode': 'tri', 'thr': 55, 'window': '10Y', 'order': 2, 'rows': 9}
2025-11-12 11:25:16,725 INFO [cli] {'ticker': 'QQQ', 'mode': 'tri', 'thr': 55, 'window': '10Y', 'order': 3, 'rows': 27}
2025-11-12 11:25:16,733 INFO [cli] {'ticker': 'QQQ', 'mode': 'tri', 'thr': 55, 'window': '10Y', 'order': 4, 'rows': 81}
2025-11-12 11:25:16,742 INFO [cli] {'ticker': 'QQQ', 'mode': 'tri', 'thr': 55, 'window': '20Y', 'order': 1, 'rows': 3}
2025-11-12 11:25:16,753 INFO [cli] {'ticker': 'QQQ', 'mode': 'tri', 'thr': 55, 'window': '20Y', 'order': 2, 'rows': 9}
2025-11-12 11:25:16,762 INFO [cli] {'ticker': 'QQQ', 'mode': 'tri', 'thr': 55, 'window': '20Y', 'order': 3, 'rows': 27}
2025-11-12 11:25:16,772 INFO [cli] {'ticker': 'QQQ', 'mode': 'tri', 'thr': 55, 'window': '20Y', 'order': 4, 'rows': 81}
2025-11-12 11:25:16,781 INFO [cli] {'ticker': 'QQQ', 'mode': 'tri', 'thr': 55, 'window': 'MAX', 'order': 1, 'rows': 3}
2025-11-12 11:25:16,791 INFO [cli] {'ticker': 'QQQ', 'mode': 'tri', 'thr': 55, 'window': 'MAX', 'order': 2, 'rows': 9}
2025-11-12 11:25:16,800 INFO [cli] {'ticker': 'QQQ', 'mode': 'tri', 'thr': 55, 'window': 'MAX', 'order': 3, 'rows': 27}
2025-11-12 11:25:16,810 INFO [cli] {'ticker': 'QQQ', 'mode': 'tri', 'thr': 55, 'window': 'MAX', 'order': 4, 'rows': 81}
2025-11-12 11:25:16,826 INFO [cli] {'ticker': 'QQQ', 'mode': 'tri', 'thr': 60, 'window': '1Y', 'order': 1, 'rows': 3}
2025-11-12 11:25:16,833 INFO [cli] {'ticker': 'QQQ', 'mode': 'tri', 'thr': 60, 'window': '1Y', 'order': 2, 'rows': 9}
2025-11-12 11:25:16,841 INFO [cli] {'ticker': 'QQQ', 'mode': 'tri', 'thr': 60, 'window': '1Y', 'order': 3, 'rows': 27}
2025-11-12 11:25:16,853 INFO [cli] {'ticker': 'QQQ', 'mode': 'tri', 'thr': 60, 'window': '1Y', 'order': 4, 'rows': 70}
2025-11-12 11:25:16,865 INFO [cli] {'ticker': 'QQQ', 'mode': 'tri', 'thr': 60, 'window': '2Y', 'order': 1, 'rows': 3}
2025-11-12 11:25:16,876 INFO [cli] {'ticker': 'QQQ', 'mode': 'tri', 'thr': 60, 'window': '2Y', 'order': 2, 'rows': 9}
2025-11-12 11:25:16,885 INFO [cli] {'ticker': 'QQQ', 'mode': 'tri', 'thr': 60, 'window': '2Y', 'order': 3, 'rows': 27}
2025-11-12 11:25:16,894 INFO [cli] {'ticker': 'QQQ', 'mode': 'tri', 'thr': 60, 'window': '2Y', 'order': 4, 'rows': 78}
2025-11-12 11:25:16,904 INFO [cli] {'ticker': 'QQQ', 'mode': 'tri', 'thr': 60, 'window': '5Y', 'order': 1, 'rows': 3}
2025-11-12 11:25:16,913 INFO [cli] {'ticker': 'QQQ', 'mode': 'tri', 'thr': 60, 'window': '5Y', 'order': 2, 'rows': 9}
2025-11-12 11:25:16,923 INFO [cli] {'ticker': 'QQQ', 'mode': 'tri', 'thr': 60, 'window': '5Y', 'order': 3, 'rows': 27}
2025-11-12 11:25:16,930 INFO [cli] {'ticker': 'QQQ', 'mode': 'tri', 'thr': 60, 'window': '5Y', 'order': 4, 'rows': 81}
2025-11-12 11:25:16,939 INFO [cli] {'ticker': 'QQQ', 'mode': 'tri', 'thr': 60, 'window': '10Y', 'order': 1, 'rows': 3}
2025-11-12 11:25:16,948 INFO [cli] {'ticker': 'QQQ', 'mode': 'tri', 'thr': 60, 'window': '10Y', 'order': 2, 'rows': 9}
2025-11-12 11:25:16,956 INFO [cli] {'ticker': 'QQQ', 'mode': 'tri', 'thr': 60, 'window': '10Y', 'order': 3, 'rows': 27}
2025-11-12 11:25:16,966 INFO [cli] {'ticker': 'QQQ', 'mode': 'tri', 'thr': 60, 'window': '10Y', 'order': 4, 'rows': 81}
2025-11-12 11:25:16,975 INFO [cli] {'ticker': 'QQQ', 'mode': 'tri', 'thr': 60, 'window': '20Y', 'order': 1, 'rows': 3}
2025-11-12 11:25:16,983 INFO [cli] {'ticker': 'QQQ', 'mode': 'tri', 'thr': 60, 'window': '20Y', 'order': 2, 'rows': 9}
2025-11-12 11:25:16,994 INFO [cli] {'ticker': 'QQQ', 'mode': 'tri', 'thr': 60, 'window': '20Y', 'order': 3, 'rows': 27}
2025-11-12 11:25:17,004 INFO [cli] {'ticker': 'QQQ', 'mode': 'tri', 'thr': 60, 'window': '20Y', 'order': 4, 'rows': 81}
2025-11-12 11:25:17,014 INFO [cli] {'ticker': 'QQQ', 'mode': 'tri', 'thr': 60, 'window': 'MAX', 'order': 1, 'rows': 3}
2025-11-12 11:25:17,021 INFO [cli] {'ticker': 'QQQ', 'mode': 'tri', 'thr': 60, 'window': 'MAX', 'order': 2, 'rows': 9}
2025-11-12 11:25:17,031 INFO [cli] {'ticker': 'QQQ', 'mode': 'tri', 'thr': 60, 'window': 'MAX', 'order': 3, 'rows': 27}
2025-11-12 11:25:17,039 INFO [cli] {'ticker': 'QQQ', 'mode': 'tri', 'thr': 60, 'window': 'MAX', 'order': 4, 'rows': 81}
2025-11-12 11:25:17,054 INFO [cli] {'ticker': 'QQQ', 'mode': 'tri', 'thr': 65, 'window': '1Y', 'order': 1, 'rows': 3}
2025-11-12 11:25:17,061 INFO [cli] {'ticker': 'QQQ', 'mode': 'tri', 'thr': 65, 'window': '1Y', 'order': 2, 'rows': 9}
2025-11-12 11:25:17,072 INFO [cli] {'ticker': 'QQQ', 'mode': 'tri', 'thr': 65, 'window': '1Y', 'order': 3, 'rows': 27}
2025-11-12 11:25:17,081 INFO [cli] {'ticker': 'QQQ', 'mode': 'tri', 'thr': 65, 'window': '1Y', 'order': 4, 'rows': 68}
2025-11-12 11:25:17,089 INFO [cli] {'ticker': 'QQQ', 'mode': 'tri', 'thr': 65, 'window': '2Y', 'order': 1, 'rows': 3}
2025-11-12 11:25:17,098 INFO [cli] {'ticker': 'QQQ', 'mode': 'tri', 'thr': 65, 'window': '2Y', 'order': 2, 'rows': 9}
2025-11-12 11:25:17,105 INFO [cli] {'ticker': 'QQQ', 'mode': 'tri', 'thr': 65, 'window': '2Y', 'order': 3, 'rows': 27}
2025-11-12 11:25:17,112 INFO [cli] {'ticker': 'QQQ', 'mode': 'tri', 'thr': 65, 'window': '2Y', 'order': 4, 'rows': 77}
2025-11-12 11:25:17,124 INFO [cli] {'ticker': 'QQQ', 'mode': 'tri', 'thr': 65, 'window': '5Y', 'order': 1, 'rows': 3}
2025-11-12 11:25:17,133 INFO [cli] {'ticker': 'QQQ', 'mode': 'tri', 'thr': 65, 'window': '5Y', 'order': 2, 'rows': 9}
2025-11-12 11:25:17,142 INFO [cli] {'ticker': 'QQQ', 'mode': 'tri', 'thr': 65, 'window': '5Y', 'order': 3, 'rows': 27}
2025-11-12 11:25:17,153 INFO [cli] {'ticker': 'QQQ', 'mode': 'tri', 'thr': 65, 'window': '5Y', 'order': 4, 'rows': 81}
2025-11-12 11:25:17,162 INFO [cli] {'ticker': 'QQQ', 'mode': 'tri', 'thr': 65, 'window': '10Y', 'order': 1, 'rows': 3}
2025-11-12 11:25:17,171 INFO [cli] {'ticker': 'QQQ', 'mode': 'tri', 'thr': 65, 'window': '10Y', 'order': 2, 'rows': 9}
2025-11-12 11:25:17,180 INFO [cli] {'ticker': 'QQQ', 'mode': 'tri', 'thr': 65, 'window': '10Y', 'order': 3, 'rows': 27}
2025-11-12 11:25:17,189 INFO [cli] {'ticker': 'QQQ', 'mode': 'tri', 'thr': 65, 'window': '10Y', 'order': 4, 'rows': 81}
2025-11-12 11:25:17,199 INFO [cli] {'ticker': 'QQQ', 'mode': 'tri', 'thr': 65, 'window': '20Y', 'order': 1, 'rows': 3}
2025-11-12 11:25:17,206 INFO [cli] {'ticker': 'QQQ', 'mode': 'tri', 'thr': 65, 'window': '20Y', 'order': 2, 'rows': 9}
2025-11-12 11:25:17,218 INFO [cli] {'ticker': 'QQQ', 'mode': 'tri', 'thr': 65, 'window': '20Y', 'order': 3, 'rows': 27}
2025-11-12 11:25:17,228 INFO [cli] {'ticker': 'QQQ', 'mode': 'tri', 'thr': 65, 'window': '20Y', 'order': 4, 'rows': 81}
2025-11-12 11:25:17,234 INFO [cli] {'ticker': 'QQQ', 'mode': 'tri', 'thr': 65, 'window': 'MAX', 'order': 1, 'rows': 3}
2025-11-12 11:25:17,245 INFO [cli] {'ticker': 'QQQ', 'mode': 'tri', 'thr': 65, 'window': 'MAX', 'order': 2, 'rows': 9}
2025-11-12 11:25:17,255 INFO [cli] {'ticker': 'QQQ', 'mode': 'tri', 'thr': 65, 'window': 'MAX', 'order': 3, 'rows': 27}
2025-11-12 11:25:17,263 INFO [cli] {'ticker': 'QQQ', 'mode': 'tri', 'thr': 65, 'window': 'MAX', 'order': 4, 'rows': 81}
2025-11-12 11:25:17,279 INFO [cli] {'ticker': 'QQQ', 'mode': 'tri', 'thr': 70, 'window': '1Y', 'order': 1, 'rows': 3}
2025-11-12 11:25:17,290 INFO [cli] {'ticker': 'QQQ', 'mode': 'tri', 'thr': 70, 'window': '1Y', 'order': 2, 'rows': 9}
2025-11-12 11:25:17,298 INFO [cli] {'ticker': 'QQQ', 'mode': 'tri', 'thr': 70, 'window': '1Y', 'order': 3, 'rows': 27}
2025-11-12 11:25:17,312 INFO [cli] {'ticker': 'QQQ', 'mode': 'tri', 'thr': 70, 'window': '1Y', 'order': 4, 'rows': 66}
2025-11-12 11:25:17,320 INFO [cli] {'ticker': 'QQQ', 'mode': 'tri', 'thr': 70, 'window': '2Y', 'order': 1, 'rows': 3}
2025-11-12 11:25:17,331 INFO [cli] {'ticker': 'QQQ', 'mode': 'tri', 'thr': 70, 'window': '2Y', 'order': 2, 'rows': 9}
2025-11-12 11:25:17,341 INFO [cli] {'ticker': 'QQQ', 'mode': 'tri', 'thr': 70, 'window': '2Y', 'order': 3, 'rows': 27}
2025-11-12 11:25:17,349 INFO [cli] {'ticker': 'QQQ', 'mode': 'tri', 'thr': 70, 'window': '2Y', 'order': 4, 'rows': 76}
2025-11-12 11:25:17,359 INFO [cli] {'ticker': 'QQQ', 'mode': 'tri', 'thr': 70, 'window': '5Y', 'order': 1, 'rows': 3}
2025-11-12 11:25:17,368 INFO [cli] {'ticker': 'QQQ', 'mode': 'tri', 'thr': 70, 'window': '5Y', 'order': 2, 'rows': 9}
2025-11-12 11:25:17,382 INFO [cli] {'ticker': 'QQQ', 'mode': 'tri', 'thr': 70, 'window': '5Y', 'order': 3, 'rows': 27}
2025-11-12 11:25:17,391 INFO [cli] {'ticker': 'QQQ', 'mode': 'tri', 'thr': 70, 'window': '5Y', 'order': 4, 'rows': 81}
2025-11-12 11:25:17,400 INFO [cli] {'ticker': 'QQQ', 'mode': 'tri', 'thr': 70, 'window': '10Y', 'order': 1, 'rows': 3}
2025-11-12 11:25:17,411 INFO [cli] {'ticker': 'QQQ', 'mode': 'tri', 'thr': 70, 'window': '10Y', 'order': 2, 'rows': 9}
2025-11-12 11:25:17,420 INFO [cli] {'ticker': 'QQQ', 'mode': 'tri', 'thr': 70, 'window': '10Y', 'order': 3, 'rows': 27}

{'ticker': 'QQQ', 'mode': 'tri', 'thr': 30, 'window': '10Y', 'order': 1, 'rows': 3}
{'ticker': 'QQQ', 'mode': 'tri', 'thr': 30, 'window': '10Y', 'order': 2, 'rows': 9}
{'ticker': 'QQQ', 'mode': 'tri', 'thr': 30, 'window': '10Y', 'order': 3, 'rows': 27}
{'ticker': 'QQQ', 'mode': 'tri', 'thr': 30, 'window': '10Y', 'order': 4, 'rows': 81}
{'ticker': 'QQQ', 'mode': 'tri', 'thr': 30, 'window': '20Y', 'order': 1, 'rows': 3}
{'ticker': 'QQQ', 'mode': 'tri', 'thr': 30, 'window': '20Y', 'order': 2, 'rows': 9}
{'ticker': 'QQQ', 'mode': 'tri', 'thr': 30, 'window': '20Y', 'order': 3, 'rows': 27}
{'ticker': 'QQQ', 'mode': 'tri', 'thr': 30, 'window': '20Y', 'order': 4, 'rows': 81}
{'ticker': 'QQQ', 'mode': 'tri', 'thr': 30, 'window': 'MAX', 'order': 1, 'rows': 3}
{'ticker': 'QQQ', 'mode': 'tri', 'thr': 30, 'window': 'MAX', 'order': 2, 'rows': 9}
{'ticker': 'QQQ', 'mode': 'tri', 'thr': 30, 'window': 'MAX', 'order': 3, 'rows': 27}
{'ticker': 'QQQ', 'mode': 'tri', 'thr': 30, 'window': 'MAX', 'order': 4, 'rows': 81}
{'ticker': 'QQQ', 'mode': 'tri', 'thr': 35, 'window': '1Y', 'order': 1, 'rows': 3}
{'ticker': 'QQQ', 'mode': 'tri', 'thr': 35, 'window': '1Y', 'order': 2, 'rows': 9}
{'ticker': 'QQQ', 'mode': 'tri', 'thr': 35, 'window': '1Y', 'order': 3, 'rows': 27}
{'ticker': 'QQQ', 'mode': 'tri', 'thr': 35, 'window': '1Y', 'order': 4, 'rows': 74}
{'ticker': 'QQQ', 'mode': 'tri', 'thr': 35, 'window': '2Y', 'order': 1, 'rows': 3}
{'ticker': 'QQQ', 'mode': 'tri', 'thr': 35, 'window': '2Y', 'order': 2, 'rows': 9}
{'ticker': 'QQQ', 'mode': 'tri', 'thr': 35, 'window': '2Y', 'order': 3, 'rows': 27}
{'ticker': 'QQQ', 'mode': 'tri', 'thr': 35, 'window': '2Y', 'order': 4, 'rows': 79}
{'ticker': 'QQQ', 'mode': 'tri', 'thr': 35, 'window': '5Y', 'order': 1, 'rows': 3}
{'ticker': 'QQQ', 'mode': 'tri', 'thr': 35, 'window': '5Y', 'order': 2, 'rows': 9}
{'ticker': 'QQQ', 'mode': 'tri', 'thr': 35, 'window': '5Y', 'order': 3, 'rows': 27}
{'ticker': 'QQQ', 'mode': 'tri', 'thr': 35, 'window': '5Y', 'order': 4, 'rows': 81}
{'ticker': 'QQQ', 'mode': 'tri', 'thr': 35, 'window': '10Y', 'order': 1, 'rows': 3}
{'ticker': 'QQQ', 'mode': 'tri', 'thr': 35, 'window': '10Y', 'order': 2, 'rows': 9}
{'ticker': 'QQQ', 'mode': 'tri', 'thr': 35, 'window': '10Y', 'order': 3, 'rows': 27}
{'ticker': 'QQQ', 'mode': 'tri', 'thr': 35, 'window': '10Y', 'order': 4, 'rows': 81}
{'ticker': 'QQQ', 'mode': 'tri', 'thr': 35, 'window': '20Y', 'order': 1, 'rows': 3}
{'ticker': 'QQQ', 'mode': 'tri', 'thr': 35, 'window': '20Y', 'order': 2, 'rows': 9}
{'ticker': 'QQQ', 'mode': 'tri', 'thr': 35, 'window': '20Y', 'order': 3, 'rows': 27}
{'ticker': 'QQQ', 'mode': 'tri', 'thr': 35, 'window': '20Y', 'order': 4, 'rows': 81}
{'ticker': 'QQQ', 'mode': 'tri', 'thr': 35, 'window': 'MAX', 'order': 1, 'rows': 3}
{'ticker': 'QQQ', 'mode': 'tri', 'thr': 35, 'window': 'MAX', 'order': 2, 'rows': 9}
{'ticker': 'QQQ', 'mode': 'tri', 'thr': 35, 'window': 'MAX', 'order': 3, 'rows': 27}
{'ticker': 'QQQ', 'mode': 'tri', 'thr': 35, 'window': 'MAX', 'order': 4, 'rows': 81}
{'ticker': 'QQQ', 'mode': 'tri', 'thr': 40, 'window': '1Y', 'order': 1, 'rows': 3}
{'ticker': 'QQQ', 'mode': 'tri', 'thr': 40, 'window': '1Y', 'order': 2, 'rows': 9}
{'ticker': 'QQQ', 'mode': 'tri', 'thr': 40, 'window': '1Y', 'order': 3, 'rows': 27}
{'ticker': 'QQQ', 'mode': 'tri', 'thr': 40, 'window': '1Y', 'order': 4, 'rows': 75}
{'ticker': 'QQQ', 'mode': 'tri', 'thr': 40, 'window': '2Y', 'order': 1, 'rows': 3}
{'ticker': 'QQQ', 'mode': 'tri', 'thr': 40, 'window': '2Y', 'order': 2, 'rows': 9}
{'ticker': 'QQQ', 'mode': 'tri', 'thr': 40, 'window': '2Y', 'order': 3, 'rows': 27}
{'ticker': 'QQQ', 'mode': 'tri', 'thr': 40, 'window': '2Y', 'order': 4, 'rows': 79}
{'ticker': 'QQQ', 'mode': 'tri', 'thr': 40, 'window': '5Y', 'order': 1, 'rows': 3}
{'ticker': 'QQQ', 'mode': 'tri', 'thr': 40, 'window': '5Y', 'order': 2, 'rows': 9}
{'ticker': 'QQQ', 'mode': 'tri', 'thr': 40, 'window': '5Y', 'order': 3, 'rows': 27}
{'ticker': 'QQQ', 'mode': 'tri', 'thr': 40, 'window': '5Y', 'order': 4, 'rows': 81}
{'ticker': 'QQQ', 'mode': 'tri', 'thr': 40, 'window': '10Y', 'order': 1, 'rows': 3}
{'ticker': 'QQQ', 'mode': 'tri', 'thr': 40, 'window': '10Y', 'order': 2, 'rows': 9}
{'ticker': 'QQQ', 'mode': 'tri', 'thr': 40, 'window': '10Y', 'order': 3, 'rows': 27}
{'ticker': 'QQQ', 'mode': 'tri', 'thr': 40, 'window': '10Y', 'order': 4, 'rows': 81}
{'ticker': 'QQQ', 'mode': 'tri', 'thr': 40, 'window': '20Y', 'order': 1, 'rows': 3}
{'ticker': 'QQQ', 'mode': 'tri', 'thr': 40, 'window': '20Y', 'order': 2, 'rows': 9}
{'ticker': 'QQQ', 'mode': 'tri', 'thr': 40, 'window': '20Y', 'order': 3, 'rows': 27}
{'ticker': 'QQQ', 'mode': 'tri', 'thr': 40, 'window': '20Y', 'order': 4, 'rows': 81}
{'ticker': 'QQQ', 'mode': 'tri', 'thr': 40, 'window': 'MAX', 'order': 1, 'rows': 3}
{'ticker': 'QQQ', 'mode': 'tri', 'thr': 40, 'window': 'MAX', 'order': 2, 'rows': 9}
{'ticker': 'QQQ', 'mode': 'tri', 'thr': 40, 'window': 'MAX', 'order': 3, 'rows': 27}
{'ticker': 'QQQ', 'mode': 'tri', 'thr': 40, 'window': 'MAX', 'order': 4, 'rows': 81}
{'ticker': 'QQQ', 'mode': 'tri', 'thr': 45, 'window': '1Y', 'order': 1, 'rows': 3}
{'ticker': 'QQQ', 'mode': 'tri', 'thr': 45, 'window': '1Y', 'order': 2, 'rows': 9}
{'ticker': 'QQQ', 'mode': 'tri', 'thr': 45, 'window': '1Y', 'order': 3, 'rows': 27}
{'ticker': 'QQQ', 'mode': 'tri', 'thr': 45, 'window': '1Y', 'order': 4, 'rows': 74}
{'ticker': 'QQQ', 'mode': 'tri', 'thr': 45, 'window': '2Y', 'order': 1, 'rows': 3}
{'ticker': 'QQQ', 'mode': 'tri', 'thr': 45, 'window': '2Y', 'order': 2, 'rows': 9}
{'ticker': 'QQQ', 'mode': 'tri', 'thr': 45, 'window': '2Y', 'order': 3, 'rows': 27}
{'ticker': 'QQQ', 'mode': 'tri', 'thr': 45, 'window': '2Y', 'order': 4, 'rows': 79}
{'ticker': 'QQQ', 'mode': 'tri', 'thr': 45, 'window': '5Y', 'order': 1, 'rows': 3}
{'ticker': 'QQQ', 'mode': 'tri', 'thr': 45, 'window': '5Y', 'order': 2, 'rows': 9}
{'ticker': 'QQQ', 'mode': 'tri', 'thr': 45, 'window': '5Y', 'order': 3, 'rows': 27}
{'ticker': 'QQQ', 'mode': 'tri', 'thr': 45, 'window': '5Y', 'order': 4, 'rows': 81}
{'ticker': 'QQQ', 'mode': 'tri', 'thr': 45, 'window': '10Y', 'order': 1, 'rows': 3}
{'ticker': 'QQQ', 'mode': 'tri', 'thr': 45, 'window': '10Y', 'order': 2, 'rows': 9}
{'ticker': 'QQQ', 'mode': 'tri', 'thr': 45, 'window': '10Y', 'order': 3, 'rows': 27}
{'ticker': 'QQQ', 'mode': 'tri', 'thr': 45, 'window': '10Y', 'order': 4, 'rows': 81}
{'ticker': 'QQQ', 'mode': 'tri', 'thr': 45, 'window': '20Y', 'order': 1, 'rows': 3}
{'ticker': 'QQQ', 'mode': 'tri', 'thr': 45, 'window': '20Y', 'order': 2, 'rows': 9}
{'ticker': 'QQQ', 'mode': 'tri', 'thr': 45, 'window': '20Y', 'order': 3, 'rows': 27}
{'ticker': 'QQQ', 'mode': 'tri', 'thr': 45, 'window': '20Y', 'order': 4, 'rows': 81}
{'ticker': 'QQQ', 'mode': 'tri', 'thr': 45, 'window': 'MAX', 'order': 1, 'rows': 3}
{'ticker': 'QQQ', 'mode': 'tri', 'thr': 45, 'window': 'MAX', 'order': 2, 'rows': 9}
{'ticker': 'QQQ', 'mode': 'tri', 'thr': 45, 'window': 'MAX', 'order': 3, 'rows': 27}
{'ticker': 'QQQ', 'mode': 'tri', 'thr': 45, 'window': 'MAX', 'order': 4, 'rows': 81}
{'ticker': 'QQQ', 'mode': 'tri', 'thr': 50, 'window': '1Y', 'order': 1, 'rows': 3}
{'ticker': 'QQQ', 'mode': 'tri', 'thr': 50, 'window': '1Y', 'order': 2, 'rows': 9}
{'ticker': 'QQQ', 'mode': 'tri', 'thr': 50, 'window': '1Y', 'order': 3, 'rows': 27}
{'ticker': 'QQQ', 'mode': 'tri', 'thr': 50, 'window': '1Y', 'order': 4, 'rows': 75}
{'ticker': 'QQQ', 'mode': 'tri', 'thr': 50, 'window': '2Y', 'order': 1, 'rows': 3}
{'ticker': 'QQQ', 'mode': 'tri', 'thr': 50, 'window': '2Y', 'order': 2, 'rows': 9}
{'ticker': 'QQQ', 'mode': 'tri', 'thr': 50, 'window': '2Y', 'order': 3, 'rows': 27}
{'ticker': 'QQQ', 'mode': 'tri', 'thr': 50, 'window': '2Y', 'order': 4, 'rows': 79}
{'ticker': 'QQQ', 'mode': 'tri', 'thr': 50, 'window': '5Y', 'order': 1, 'rows': 3}
{'ticker': 'QQQ', 'mode': 'tri', 'thr': 50, 'window': '5Y', 'order': 2, 'rows': 9}
{'ticker': 'QQQ', 'mode': 'tri', 'thr': 50, 'window': '5Y', 'order': 3, 'rows': 27}
{'ticker': 'QQQ', 'mode': 'tri', 'thr': 50, 'window': '5Y', 'order': 4, 'rows': 81}
{'ticker': 'QQQ', 'mode': 'tri', 'thr': 50, 'window': '10Y', 'order': 1, 'rows': 3}
{'ticker': 'QQQ', 'mode': 'tri', 'thr': 50, 'window': '10Y', 'order': 2, 'rows': 9}2025-11-12 11:25:17,431 INFO [cli] {'ticker': 'QQQ', 'mode': 'tri', 'thr': 70, 'window': '10Y', 'order': 4, 'rows': 81}
2025-11-12 11:25:17,439 INFO [cli] {'ticker': 'QQQ', 'mode': 'tri', 'thr': 70, 'window': '20Y', 'order': 1, 'rows': 3}
2025-11-12 11:25:17,448 INFO [cli] {'ticker': 'QQQ', 'mode': 'tri', 'thr': 70, 'window': '20Y', 'order': 2, 'rows': 9}
2025-11-12 11:25:17,460 INFO [cli] {'ticker': 'QQQ', 'mode': 'tri', 'thr': 70, 'window': '20Y', 'order': 3, 'rows': 27}
2025-11-12 11:25:17,473 INFO [cli] {'ticker': 'QQQ', 'mode': 'tri', 'thr': 70, 'window': '20Y', 'order': 4, 'rows': 81}
2025-11-12 11:25:17,484 INFO [cli] {'ticker': 'QQQ', 'mode': 'tri', 'thr': 70, 'window': 'MAX', 'order': 1, 'rows': 3}
2025-11-12 11:25:17,492 INFO [cli] {'ticker': 'QQQ', 'mode': 'tri', 'thr': 70, 'window': 'MAX', 'order': 2, 'rows': 9}
2025-11-12 11:25:17,501 INFO [cli] {'ticker': 'QQQ', 'mode': 'tri', 'thr': 70, 'window': 'MAX', 'order': 3, 'rows': 27}
2025-11-12 11:25:17,512 INFO [cli] {'ticker': 'QQQ', 'mode': 'tri', 'thr': 70, 'window': 'MAX', 'order': 4, 'rows': 81}
2025-11-12 11:25:17,527 INFO [cli] {'ticker': 'QQQ', 'mode': 'tri', 'thr': 75, 'window': '1Y', 'order': 1, 'rows': 3}
2025-11-12 11:25:17,536 INFO [cli] {'ticker': 'QQQ', 'mode': 'tri', 'thr': 75, 'window': '1Y', 'order': 2, 'rows': 9}
2025-11-12 11:25:17,545 INFO [cli] {'ticker': 'QQQ', 'mode': 'tri', 'thr': 75, 'window': '1Y', 'order': 3, 'rows': 26}
2025-11-12 11:25:17,553 INFO [cli] {'ticker': 'QQQ', 'mode': 'tri', 'thr': 75, 'window': '1Y', 'order': 4, 'rows': 63}
2025-11-12 11:25:17,573 INFO [cli] {'ticker': 'QQQ', 'mode': 'tri', 'thr': 75, 'window': '2Y', 'order': 1, 'rows': 3}
2025-11-12 11:25:17,581 INFO [cli] {'ticker': 'QQQ', 'mode': 'tri', 'thr': 75, 'window': '2Y', 'order': 2, 'rows': 9}
2025-11-12 11:25:17,593 INFO [cli] {'ticker': 'QQQ', 'mode': 'tri', 'thr': 75, 'window': '2Y', 'order': 3, 'rows': 27}
2025-11-12 11:25:17,601 INFO [cli] {'ticker': 'QQQ', 'mode': 'tri', 'thr': 75, 'window': '2Y', 'order': 4, 'rows': 73}
2025-11-12 11:25:17,611 INFO [cli] {'ticker': 'QQQ', 'mode': 'tri', 'thr': 75, 'window': '5Y', 'order': 1, 'rows': 3}
2025-11-12 11:25:17,620 INFO [cli] {'ticker': 'QQQ', 'mode': 'tri', 'thr': 75, 'window': '5Y', 'order': 2, 'rows': 9}
2025-11-12 11:25:17,633 INFO [cli] {'ticker': 'QQQ', 'mode': 'tri', 'thr': 75, 'window': '5Y', 'order': 3, 'rows': 27}
2025-11-12 11:25:17,645 INFO [cli] {'ticker': 'QQQ', 'mode': 'tri', 'thr': 75, 'window': '5Y', 'order': 4, 'rows': 81}
2025-11-12 11:25:17,654 INFO [cli] {'ticker': 'QQQ', 'mode': 'tri', 'thr': 75, 'window': '10Y', 'order': 1, 'rows': 3}
2025-11-12 11:25:17,664 INFO [cli] {'ticker': 'QQQ', 'mode': 'tri', 'thr': 75, 'window': '10Y', 'order': 2, 'rows': 9}
2025-11-12 11:25:17,672 INFO [cli] {'ticker': 'QQQ', 'mode': 'tri', 'thr': 75, 'window': '10Y', 'order': 3, 'rows': 27}
2025-11-12 11:25:17,681 INFO [cli] {'ticker': 'QQQ', 'mode': 'tri', 'thr': 75, 'window': '10Y', 'order': 4, 'rows': 81}
2025-11-12 11:25:17,689 INFO [cli] {'ticker': 'QQQ', 'mode': 'tri', 'thr': 75, 'window': '20Y', 'order': 1, 'rows': 3}
2025-11-12 11:25:17,699 INFO [cli] {'ticker': 'QQQ', 'mode': 'tri', 'thr': 75, 'window': '20Y', 'order': 2, 'rows': 9}
2025-11-12 11:25:17,708 INFO [cli] {'ticker': 'QQQ', 'mode': 'tri', 'thr': 75, 'window': '20Y', 'order': 3, 'rows': 27}
2025-11-12 11:25:17,718 INFO [cli] {'ticker': 'QQQ', 'mode': 'tri', 'thr': 75, 'window': '20Y', 'order': 4, 'rows': 81}
2025-11-12 11:25:17,727 INFO [cli] {'ticker': 'QQQ', 'mode': 'tri', 'thr': 75, 'window': 'MAX', 'order': 1, 'rows': 3}
2025-11-12 11:25:17,735 INFO [cli] {'ticker': 'QQQ', 'mode': 'tri', 'thr': 75, 'window': 'MAX', 'order': 2, 'rows': 9}
2025-11-12 11:25:17,744 INFO [cli] {'ticker': 'QQQ', 'mode': 'tri', 'thr': 75, 'window': 'MAX', 'order': 3, 'rows': 27}
2025-11-12 11:25:17,751 INFO [cli] {'ticker': 'QQQ', 'mode': 'tri', 'thr': 75, 'window': 'MAX', 'order': 4, 'rows': 81}
2025-11-12 11:25:17,766 INFO [cli] {'ticker': 'QQQ', 'mode': 'tri', 'thr': 80, 'window': '1Y', 'order': 1, 'rows': 3}
2025-11-12 11:25:17,776 INFO [cli] {'ticker': 'QQQ', 'mode': 'tri', 'thr': 80, 'window': '1Y', 'order': 2, 'rows': 9}
2025-11-12 11:25:17,784 INFO [cli] {'ticker': 'QQQ', 'mode': 'tri', 'thr': 80, 'window': '1Y', 'order': 3, 'rows': 25}
2025-11-12 11:25:17,794 INFO [cli] {'ticker': 'QQQ', 'mode': 'tri', 'thr': 80, 'window': '1Y', 'order': 4, 'rows': 59}
2025-11-12 11:25:17,804 INFO [cli] {'ticker': 'QQQ', 'mode': 'tri', 'thr': 80, 'window': '2Y', 'order': 1, 'rows': 3}
2025-11-12 11:25:17,812 INFO [cli] {'ticker': 'QQQ', 'mode': 'tri', 'thr': 80, 'window': '2Y', 'order': 2, 'rows': 9}
2025-11-12 11:25:17,821 INFO [cli] {'ticker': 'QQQ', 'mode': 'tri', 'thr': 80, 'window': '2Y', 'order': 3, 'rows': 27}
2025-11-12 11:25:17,830 INFO [cli] {'ticker': 'QQQ', 'mode': 'tri', 'thr': 80, 'window': '2Y', 'order': 4, 'rows': 69}
2025-11-12 11:25:17,838 INFO [cli] {'ticker': 'QQQ', 'mode': 'tri', 'thr': 80, 'window': '5Y', 'order': 1, 'rows': 3}
2025-11-12 11:25:17,846 INFO [cli] {'ticker': 'QQQ', 'mode': 'tri', 'thr': 80, 'window': '5Y', 'order': 2, 'rows': 9}
2025-11-12 11:25:17,856 INFO [cli] {'ticker': 'QQQ', 'mode': 'tri', 'thr': 80, 'window': '5Y', 'order': 3, 'rows': 27}
2025-11-12 11:25:17,864 INFO [cli] {'ticker': 'QQQ', 'mode': 'tri', 'thr': 80, 'window': '5Y', 'order': 4, 'rows': 81}
2025-11-12 11:25:17,872 INFO [cli] {'ticker': 'QQQ', 'mode': 'tri', 'thr': 80, 'window': '10Y', 'order': 1, 'rows': 3}
2025-11-12 11:25:17,881 INFO [cli] {'ticker': 'QQQ', 'mode': 'tri', 'thr': 80, 'window': '10Y', 'order': 2, 'rows': 9}
2025-11-12 11:25:17,890 INFO [cli] {'ticker': 'QQQ', 'mode': 'tri', 'thr': 80, 'window': '10Y', 'order': 3, 'rows': 27}
2025-11-12 11:25:17,897 INFO [cli] {'ticker': 'QQQ', 'mode': 'tri', 'thr': 80, 'window': '10Y', 'order': 4, 'rows': 81}
2025-11-12 11:25:17,905 INFO [cli] {'ticker': 'QQQ', 'mode': 'tri', 'thr': 80, 'window': '20Y', 'order': 1, 'rows': 3}
2025-11-12 11:25:17,914 INFO [cli] {'ticker': 'QQQ', 'mode': 'tri', 'thr': 80, 'window': '20Y', 'order': 2, 'rows': 9}
2025-11-12 11:25:17,923 INFO [cli] {'ticker': 'QQQ', 'mode': 'tri', 'thr': 80, 'window': '20Y', 'order': 3, 'rows': 27}
2025-11-12 11:25:17,931 INFO [cli] {'ticker': 'QQQ', 'mode': 'tri', 'thr': 80, 'window': '20Y', 'order': 4, 'rows': 81}
2025-11-12 11:25:17,940 INFO [cli] {'ticker': 'QQQ', 'mode': 'tri', 'thr': 80, 'window': 'MAX', 'order': 1, 'rows': 3}
2025-11-12 11:25:17,956 INFO [cli] {'ticker': 'QQQ', 'mode': 'tri', 'thr': 80, 'window': 'MAX', 'order': 2, 'rows': 9}
2025-11-12 11:25:17,965 INFO [cli] {'ticker': 'QQQ', 'mode': 'tri', 'thr': 80, 'window': 'MAX', 'order': 3, 'rows': 27}
2025-11-12 11:25:17,977 INFO [cli] {'ticker': 'QQQ', 'mode': 'tri', 'thr': 80, 'window': 'MAX', 'order': 4, 'rows': 81}
2025-11-12 11:25:17,995 INFO [cli] {'ticker': 'QQQ', 'mode': 'tri', 'thr': 85, 'window': '1Y', 'order': 1, 'rows': 3}
2025-11-12 11:25:18,005 INFO [cli] {'ticker': 'QQQ', 'mode': 'tri', 'thr': 85, 'window': '1Y', 'order': 2, 'rows': 9}
2025-11-12 11:25:18,013 INFO [cli] {'ticker': 'QQQ', 'mode': 'tri', 'thr': 85, 'window': '1Y', 'order': 3, 'rows': 25}
2025-11-12 11:25:18,025 INFO [cli] {'ticker': 'QQQ', 'mode': 'tri', 'thr': 85, 'window': '1Y', 'order': 4, 'rows': 59}
2025-11-12 11:25:18,034 INFO [cli] {'ticker': 'QQQ', 'mode': 'tri', 'thr': 85, 'window': '2Y', 'order': 1, 'rows': 3}
2025-11-12 11:25:18,045 INFO [cli] {'ticker': 'QQQ', 'mode': 'tri', 'thr': 85, 'window': '2Y', 'order': 2, 'rows': 9}
2025-11-12 11:25:18,054 INFO [cli] {'ticker': 'QQQ', 'mode': 'tri', 'thr': 85, 'window': '2Y', 'order': 3, 'rows': 27}
2025-11-12 11:25:18,062 INFO [cli] {'ticker': 'QQQ', 'mode': 'tri', 'thr': 85, 'window': '2Y', 'order': 4, 'rows': 68}
2025-11-12 11:25:18,071 INFO [cli] {'ticker': 'QQQ', 'mode': 'tri', 'thr': 85, 'window': '5Y', 'order': 1, 'rows': 3}
2025-11-12 11:25:18,080 INFO [cli] {'ticker': 'QQQ', 'mode': 'tri', 'thr': 85, 'window': '5Y', 'order': 2, 'rows': 9}
2025-11-12 11:25:18,089 INFO [cli] {'ticker': 'QQQ', 'mode': 'tri', 'thr': 85, 'window': '5Y', 'order': 3, 'rows': 27}
2025-11-12 11:25:18,100 INFO [cli] {'ticker': 'QQQ', 'mode': 'tri', 'thr': 85, 'window': '5Y', 'order': 4, 'rows': 81}
2025-11-12 11:25:18,109 INFO [cli] {'ticker': 'QQQ', 'mode': 'tri', 'thr': 85, 'window': '10Y', 'order': 1, 'rows': 3}
2025-11-12 11:25:18,117 INFO [cli] {'ticker': 'QQQ', 'mode': 'tri', 'thr': 85, 'window': '10Y', 'order': 2, 'rows': 9}
2025-11-12 11:25:18,125 INFO [cli] {'ticker': 'QQQ', 'mode': 'tri', 'thr': 85, 'window': '10Y', 'order': 3, 'rows': 27}
2025-11-12 11:25:18,133 INFO [cli] {'ticker': 'QQQ', 'mode': 'tri', 'thr': 85, 'window': '10Y', 'order': 4, 'rows': 81}
2025-11-12 11:25:18,142 INFO [cli] {'ticker': 'QQQ', 'mode': 'tri', 'thr': 85, 'window': '20Y', 'order': 1, 'rows': 3}
2025-11-12 11:25:18,152 INFO [cli] {'ticker': 'QQQ', 'mode': 'tri', 'thr': 85, 'window': '20Y', 'order': 2, 'rows': 9}
2025-11-12 11:25:18,166 INFO [cli] {'ticker': 'QQQ', 'mode': 'tri', 'thr': 85, 'window': '20Y', 'order': 3, 'rows': 27}
2025-11-12 11:25:18,177 INFO [cli] {'ticker': 'QQQ', 'mode': 'tri', 'thr': 85, 'window': '20Y', 'order': 4, 'rows': 81}
2025-11-12 11:25:18,187 INFO [cli] {'ticker': 'QQQ', 'mode': 'tri', 'thr': 85, 'window': 'MAX', 'order': 1, 'rows': 3}
2025-11-12 11:25:18,195 INFO [cli] {'ticker': 'QQQ', 'mode': 'tri', 'thr': 85, 'window': 'MAX', 'order': 2, 'rows': 9}
2025-11-12 11:25:18,205 INFO [cli] {'ticker': 'QQQ', 'mode': 'tri', 'thr': 85, 'window': 'MAX', 'order': 3, 'rows': 27}
2025-11-12 11:25:18,216 INFO [cli] {'ticker': 'QQQ', 'mode': 'tri', 'thr': 85, 'window': 'MAX', 'order': 4, 'rows': 81}
2025-11-12 11:25:18,231 INFO [cli] {'ticker': 'QQQ', 'mode': 'tri', 'thr': 90, 'window': '1Y', 'order': 1, 'rows': 3}
2025-11-12 11:25:18,240 INFO [cli] {'ticker': 'QQQ', 'mode': 'tri', 'thr': 90, 'window': '1Y', 'order': 2, 'rows': 9}
2025-11-12 11:25:18,249 INFO [cli] {'ticker': 'QQQ', 'mode': 'tri', 'thr': 90, 'window': '1Y', 'order': 3, 'rows': 25}
2025-11-12 11:25:18,259 INFO [cli] {'ticker': 'QQQ', 'mode': 'tri', 'thr': 90, 'window': '1Y', 'order': 4, 'rows': 58}
2025-11-12 11:25:18,268 INFO [cli] {'ticker': 'QQQ', 'mode': 'tri', 'thr': 90, 'window': '2Y', 'order': 1, 'rows': 3}
2025-11-12 11:25:18,276 INFO [cli] {'ticker': 'QQQ', 'mode': 'tri', 'thr': 90, 'window': '2Y', 'order': 2, 'rows': 9}
2025-11-12 11:25:18,285 INFO [cli] {'ticker': 'QQQ', 'mode': 'tri', 'thr': 90, 'window': '2Y', 'order': 3, 'rows': 27}
2025-11-12 11:25:18,293 INFO [cli] {'ticker': 'QQQ', 'mode': 'tri', 'thr': 90, 'window': '2Y', 'order': 4, 'rows': 69}
2025-11-12 11:25:18,304 INFO [cli] {'ticker': 'QQQ', 'mode': 'tri', 'thr': 90, 'window': '5Y', 'order': 1, 'rows': 3}
2025-11-12 11:25:18,314 INFO [cli] {'ticker': 'QQQ', 'mode': 'tri', 'thr': 90, 'window': '5Y', 'order': 2, 'rows': 9}
2025-11-12 11:25:18,324 INFO [cli] {'ticker': 'QQQ', 'mode': 'tri', 'thr': 90, 'window': '5Y', 'order': 3, 'rows': 27}
2025-11-12 11:25:18,334 INFO [cli] {'ticker': 'QQQ', 'mode': 'tri', 'thr': 90, 'window': '5Y', 'order': 4, 'rows': 81}
2025-11-12 11:25:18,342 INFO [cli] {'ticker': 'QQQ', 'mode': 'tri', 'thr': 90, 'window': '10Y', 'order': 1, 'rows': 3}
2025-11-12 11:25:18,351 INFO [cli] {'ticker': 'QQQ', 'mode': 'tri', 'thr': 90, 'window': '10Y', 'order': 2, 'rows': 9}
2025-11-12 11:25:18,359 INFO [cli] {'ticker': 'QQQ', 'mode': 'tri', 'thr': 90, 'window': '10Y', 'order': 3, 'rows': 27}
2025-11-12 11:25:18,369 INFO [cli] {'ticker': 'QQQ', 'mode': 'tri', 'thr': 90, 'window': '10Y', 'order': 4, 'rows': 81}
2025-11-12 11:25:18,378 INFO [cli] {'ticker': 'QQQ', 'mode': 'tri', 'thr': 90, 'window': '20Y', 'order': 1, 'rows': 3}

{'ticker': 'QQQ', 'mode': 'tri', 'thr': 50, 'window': '10Y', 'order': 3, 'rows': 27}
{'ticker': 'QQQ', 'mode': 'tri', 'thr': 50, 'window': '10Y', 'order': 4, 'rows': 81}
{'ticker': 'QQQ', 'mode': 'tri', 'thr': 50, 'window': '20Y', 'order': 1, 'rows': 3}
{'ticker': 'QQQ', 'mode': 'tri', 'thr': 50, 'window': '20Y', 'order': 2, 'rows': 9}
{'ticker': 'QQQ', 'mode': 'tri', 'thr': 50, 'window': '20Y', 'order': 3, 'rows': 27}
{'ticker': 'QQQ', 'mode': 'tri', 'thr': 50, 'window': '20Y', 'order': 4, 'rows': 81}
{'ticker': 'QQQ', 'mode': 'tri', 'thr': 50, 'window': 'MAX', 'order': 1, 'rows': 3}
{'ticker': 'QQQ', 'mode': 'tri', 'thr': 50, 'window': 'MAX', 'order': 2, 'rows': 9}
{'ticker': 'QQQ', 'mode': 'tri', 'thr': 50, 'window': 'MAX', 'order': 3, 'rows': 27}
{'ticker': 'QQQ', 'mode': 'tri', 'thr': 50, 'window': 'MAX', 'order': 4, 'rows': 81}
{'ticker': 'QQQ', 'mode': 'tri', 'thr': 55, 'window': '1Y', 'order': 1, 'rows': 3}
{'ticker': 'QQQ', 'mode': 'tri', 'thr': 55, 'window': '1Y', 'order': 2, 'rows': 9}
{'ticker': 'QQQ', 'mode': 'tri', 'thr': 55, 'window': '1Y', 'order': 3, 'rows': 27}
{'ticker': 'QQQ', 'mode': 'tri', 'thr': 55, 'window': '1Y', 'order': 4, 'rows': 74}
{'ticker': 'QQQ', 'mode': 'tri', 'thr': 55, 'window': '2Y', 'order': 1, 'rows': 3}
{'ticker': 'QQQ', 'mode': 'tri', 'thr': 55, 'window': '2Y', 'order': 2, 'rows': 9}
{'ticker': 'QQQ', 'mode': 'tri', 'thr': 55, 'window': '2Y', 'order': 3, 'rows': 27}
{'ticker': 'QQQ', 'mode': 'tri', 'thr': 55, 'window': '2Y', 'order': 4, 'rows': 80}
{'ticker': 'QQQ', 'mode': 'tri', 'thr': 55, 'window': '5Y', 'order': 1, 'rows': 3}
{'ticker': 'QQQ', 'mode': 'tri', 'thr': 55, 'window': '5Y', 'order': 2, 'rows': 9}
{'ticker': 'QQQ', 'mode': 'tri', 'thr': 55, 'window': '5Y', 'order': 3, 'rows': 27}
{'ticker': 'QQQ', 'mode': 'tri', 'thr': 55, 'window': '5Y', 'order': 4, 'rows': 81}
{'ticker': 'QQQ', 'mode': 'tri', 'thr': 55, 'window': '10Y', 'order': 1, 'rows': 3}
{'ticker': 'QQQ', 'mode': 'tri', 'thr': 55, 'window': '10Y', 'order': 2, 'rows': 9}
{'ticker': 'QQQ', 'mode': 'tri', 'thr': 55, 'window': '10Y', 'order': 3, 'rows': 27}
{'ticker': 'QQQ', 'mode': 'tri', 'thr': 55, 'window': '10Y', 'order': 4, 'rows': 81}
{'ticker': 'QQQ', 'mode': 'tri', 'thr': 55, 'window': '20Y', 'order': 1, 'rows': 3}
{'ticker': 'QQQ', 'mode': 'tri', 'thr': 55, 'window': '20Y', 'order': 2, 'rows': 9}
{'ticker': 'QQQ', 'mode': 'tri', 'thr': 55, 'window': '20Y', 'order': 3, 'rows': 27}
{'ticker': 'QQQ', 'mode': 'tri', 'thr': 55, 'window': '20Y', 'order': 4, 'rows': 81}
{'ticker': 'QQQ', 'mode': 'tri', 'thr': 55, 'window': 'MAX', 'order': 1, 'rows': 3}
{'ticker': 'QQQ', 'mode': 'tri', 'thr': 55, 'window': 'MAX', 'order': 2, 'rows': 9}
{'ticker': 'QQQ', 'mode': 'tri', 'thr': 55, 'window': 'MAX', 'order': 3, 'rows': 27}
{'ticker': 'QQQ', 'mode': 'tri', 'thr': 55, 'window': 'MAX', 'order': 4, 'rows': 81}
{'ticker': 'QQQ', 'mode': 'tri', 'thr': 60, 'window': '1Y', 'order': 1, 'rows': 3}
{'ticker': 'QQQ', 'mode': 'tri', 'thr': 60, 'window': '1Y', 'order': 2, 'rows': 9}
{'ticker': 'QQQ', 'mode': 'tri', 'thr': 60, 'window': '1Y', 'order': 3, 'rows': 27}
{'ticker': 'QQQ', 'mode': 'tri', 'thr': 60, 'window': '1Y', 'order': 4, 'rows': 70}
{'ticker': 'QQQ', 'mode': 'tri', 'thr': 60, 'window': '2Y', 'order': 1, 'rows': 3}
{'ticker': 'QQQ', 'mode': 'tri', 'thr': 60, 'window': '2Y', 'order': 2, 'rows': 9}
{'ticker': 'QQQ', 'mode': 'tri', 'thr': 60, 'window': '2Y', 'order': 3, 'rows': 27}
{'ticker': 'QQQ', 'mode': 'tri', 'thr': 60, 'window': '2Y', 'order': 4, 'rows': 78}
{'ticker': 'QQQ', 'mode': 'tri', 'thr': 60, 'window': '5Y', 'order': 1, 'rows': 3}
{'ticker': 'QQQ', 'mode': 'tri', 'thr': 60, 'window': '5Y', 'order': 2, 'rows': 9}
{'ticker': 'QQQ', 'mode': 'tri', 'thr': 60, 'window': '5Y', 'order': 3, 'rows': 27}
{'ticker': 'QQQ', 'mode': 'tri', 'thr': 60, 'window': '5Y', 'order': 4, 'rows': 81}
{'ticker': 'QQQ', 'mode': 'tri', 'thr': 60, 'window': '10Y', 'order': 1, 'rows': 3}
{'ticker': 'QQQ', 'mode': 'tri', 'thr': 60, 'window': '10Y', 'order': 2, 'rows': 9}
{'ticker': 'QQQ', 'mode': 'tri', 'thr': 60, 'window': '10Y', 'order': 3, 'rows': 27}
{'ticker': 'QQQ', 'mode': 'tri', 'thr': 60, 'window': '10Y', 'order': 4, 'rows': 81}
{'ticker': 'QQQ', 'mode': 'tri', 'thr': 60, 'window': '20Y', 'order': 1, 'rows': 3}
{'ticker': 'QQQ', 'mode': 'tri', 'thr': 60, 'window': '20Y', 'order': 2, 'rows': 9}
{'ticker': 'QQQ', 'mode': 'tri', 'thr': 60, 'window': '20Y', 'order': 3, 'rows': 27}
{'ticker': 'QQQ', 'mode': 'tri', 'thr': 60, 'window': '20Y', 'order': 4, 'rows': 81}
{'ticker': 'QQQ', 'mode': 'tri', 'thr': 60, 'window': 'MAX', 'order': 1, 'rows': 3}
{'ticker': 'QQQ', 'mode': 'tri', 'thr': 60, 'window': 'MAX', 'order': 2, 'rows': 9}
{'ticker': 'QQQ', 'mode': 'tri', 'thr': 60, 'window': 'MAX', 'order': 3, 'rows': 27}
{'ticker': 'QQQ', 'mode': 'tri', 'thr': 60, 'window': 'MAX', 'order': 4, 'rows': 81}
{'ticker': 'QQQ', 'mode': 'tri', 'thr': 65, 'window': '1Y', 'order': 1, 'rows': 3}
{'ticker': 'QQQ', 'mode': 'tri', 'thr': 65, 'window': '1Y', 'order': 2, 'rows': 9}
{'ticker': 'QQQ', 'mode': 'tri', 'thr': 65, 'window': '1Y', 'order': 3, 'rows': 27}
{'ticker': 'QQQ', 'mode': 'tri', 'thr': 65, 'window': '1Y', 'order': 4, 'rows': 68}
{'ticker': 'QQQ', 'mode': 'tri', 'thr': 65, 'window': '2Y', 'order': 1, 'rows': 3}
{'ticker': 'QQQ', 'mode': 'tri', 'thr': 65, 'window': '2Y', 'order': 2, 'rows': 9}
{'ticker': 'QQQ', 'mode': 'tri', 'thr': 65, 'window': '2Y', 'order': 3, 'rows': 27}
{'ticker': 'QQQ', 'mode': 'tri', 'thr': 65, 'window': '2Y', 'order': 4, 'rows': 77}
{'ticker': 'QQQ', 'mode': 'tri', 'thr': 65, 'window': '5Y', 'order': 1, 'rows': 3}
{'ticker': 'QQQ', 'mode': 'tri', 'thr': 65, 'window': '5Y', 'order': 2, 'rows': 9}
{'ticker': 'QQQ', 'mode': 'tri', 'thr': 65, 'window': '5Y', 'order': 3, 'rows': 27}
{'ticker': 'QQQ', 'mode': 'tri', 'thr': 65, 'window': '5Y', 'order': 4, 'rows': 81}
{'ticker': 'QQQ', 'mode': 'tri', 'thr': 65, 'window': '10Y', 'order': 1, 'rows': 3}
{'ticker': 'QQQ', 'mode': 'tri', 'thr': 65, 'window': '10Y', 'order': 2, 'rows': 9}
{'ticker': 'QQQ', 'mode': 'tri', 'thr': 65, 'window': '10Y', 'order': 3, 'rows': 27}
{'ticker': 'QQQ', 'mode': 'tri', 'thr': 65, 'window': '10Y', 'order': 4, 'rows': 81}
{'ticker': 'QQQ', 'mode': 'tri', 'thr': 65, 'window': '20Y', 'order': 1, 'rows': 3}
{'ticker': 'QQQ', 'mode': 'tri', 'thr': 65, 'window': '20Y', 'order': 2, 'rows': 9}
{'ticker': 'QQQ', 'mode': 'tri', 'thr': 65, 'window': '20Y', 'order': 3, 'rows': 27}
{'ticker': 'QQQ', 'mode': 'tri', 'thr': 65, 'window': '20Y', 'order': 4, 'rows': 81}
{'ticker': 'QQQ', 'mode': 'tri', 'thr': 65, 'window': 'MAX', 'order': 1, 'rows': 3}
{'ticker': 'QQQ', 'mode': 'tri', 'thr': 65, 'window': 'MAX', 'order': 2, 'rows': 9}
{'ticker': 'QQQ', 'mode': 'tri', 'thr': 65, 'window': 'MAX', 'order': 3, 'rows': 27}
{'ticker': 'QQQ', 'mode': 'tri', 'thr': 65, 'window': 'MAX', 'order': 4, 'rows': 81}
{'ticker': 'QQQ', 'mode': 'tri', 'thr': 70, 'window': '1Y', 'order': 1, 'rows': 3}
{'ticker': 'QQQ', 'mode': 'tri', 'thr': 70, 'window': '1Y', 'order': 2, 'rows': 9}
{'ticker': 'QQQ', 'mode': 'tri', 'thr': 70, 'window': '1Y', 'order': 3, 'rows': 27}
{'ticker': 'QQQ', 'mode': 'tri', 'thr': 70, 'window': '1Y', 'order': 4, 'rows': 66}
{'ticker': 'QQQ', 'mode': 'tri', 'thr': 70, 'window': '2Y', 'order': 1, 'rows': 3}
{'ticker': 'QQQ', 'mode': 'tri', 'thr': 70, 'window': '2Y', 'order': 2, 'rows': 9}
{'ticker': 'QQQ', 'mode': 'tri', 'thr': 70, 'window': '2Y', 'order': 3, 'rows': 27}
{'ticker': 'QQQ', 'mode': 'tri', 'thr': 70, 'window': '2Y', 'order': 4, 'rows': 76}
{'ticker': 'QQQ', 'mode': 'tri', 'thr': 70, 'window': '5Y', 'order': 1, 'rows': 3}
{'ticker': 'QQQ', 'mode': 'tri', 'thr': 70, 'window': '5Y', 'order': 2, 'rows': 9}
{'ticker': 'QQQ', 'mode': 'tri', 'thr': 70, 'window': '5Y', 'order': 3, 'rows': 27}
{'ticker': 'QQQ', 'mode': 'tri', 'thr': 70, 'window': '5Y', 'order': 4, 'rows': 81}
{'ticker': 'QQQ', 'mode': 'tri', 'thr': 70, 'window': '10Y', 'order': 1, 'rows': 3}
{'ticker': 'QQQ', 'mode': 'tri', 'thr': 70, 'window': '10Y', 'order': 2, 'rows': 9}
{'ticker': 'QQQ', 'mode': 'tri', 'thr': 70, 'window': '10Y', 'order': 3, 'rows': 27}
{'ticker': 'QQQ', 'mode': 'tri', 'thr': 70, 'window': '10Y', 'order': 4, 'rows': 81}2025-11-12 11:25:18,386 INFO [cli] {'ticker': 'QQQ', 'mode': 'tri', 'thr': 90, 'window': '20Y', 'order': 2, 'rows': 9}
2025-11-12 11:25:18,394 INFO [cli] {'ticker': 'QQQ', 'mode': 'tri', 'thr': 90, 'window': '20Y', 'order': 3, 'rows': 27}
2025-11-12 11:25:18,405 INFO [cli] {'ticker': 'QQQ', 'mode': 'tri', 'thr': 90, 'window': '20Y', 'order': 4, 'rows': 81}
2025-11-12 11:25:18,415 INFO [cli] {'ticker': 'QQQ', 'mode': 'tri', 'thr': 90, 'window': 'MAX', 'order': 1, 'rows': 3}
2025-11-12 11:25:18,427 INFO [cli] {'ticker': 'QQQ', 'mode': 'tri', 'thr': 90, 'window': 'MAX', 'order': 2, 'rows': 9}
2025-11-12 11:25:18,436 INFO [cli] {'ticker': 'QQQ', 'mode': 'tri', 'thr': 90, 'window': 'MAX', 'order': 3, 'rows': 27}
2025-11-12 11:25:18,445 INFO [cli] {'ticker': 'QQQ', 'mode': 'tri', 'thr': 90, 'window': 'MAX', 'order': 4, 'rows': 81}
2025-11-12 11:25:18,462 INFO [cli] {'ticker': 'QQQ', 'mode': 'tri', 'thr': 95, 'window': '1Y', 'order': 1, 'rows': 3}
2025-11-12 11:25:18,473 INFO [cli] {'ticker': 'QQQ', 'mode': 'tri', 'thr': 95, 'window': '1Y', 'order': 2, 'rows': 9}
2025-11-12 11:25:18,483 INFO [cli] {'ticker': 'QQQ', 'mode': 'tri', 'thr': 95, 'window': '1Y', 'order': 3, 'rows': 25}
2025-11-12 11:25:18,494 INFO [cli] {'ticker': 'QQQ', 'mode': 'tri', 'thr': 95, 'window': '1Y', 'order': 4, 'rows': 56}
2025-11-12 11:25:18,504 INFO [cli] {'ticker': 'QQQ', 'mode': 'tri', 'thr': 95, 'window': '2Y', 'order': 1, 'rows': 3}
2025-11-12 11:25:18,515 INFO [cli] {'ticker': 'QQQ', 'mode': 'tri', 'thr': 95, 'window': '2Y', 'order': 2, 'rows': 9}
2025-11-12 11:25:18,535 INFO [cli] {'ticker': 'QQQ', 'mode': 'tri', 'thr': 95, 'window': '2Y', 'order': 3, 'rows': 27}
2025-11-12 11:25:18,546 INFO [cli] {'ticker': 'QQQ', 'mode': 'tri', 'thr': 95, 'window': '2Y', 'order': 4, 'rows': 68}
2025-11-12 11:25:18,557 INFO [cli] {'ticker': 'QQQ', 'mode': 'tri', 'thr': 95, 'window': '5Y', 'order': 1, 'rows': 3}
2025-11-12 11:25:18,566 INFO [cli] {'ticker': 'QQQ', 'mode': 'tri', 'thr': 95, 'window': '5Y', 'order': 2, 'rows': 9}
2025-11-12 11:25:18,575 INFO [cli] {'ticker': 'QQQ', 'mode': 'tri', 'thr': 95, 'window': '5Y', 'order': 3, 'rows': 27}
2025-11-12 11:25:18,586 INFO [cli] {'ticker': 'QQQ', 'mode': 'tri', 'thr': 95, 'window': '5Y', 'order': 4, 'rows': 81}
2025-11-12 11:25:18,594 INFO [cli] {'ticker': 'QQQ', 'mode': 'tri', 'thr': 95, 'window': '10Y', 'order': 1, 'rows': 3}
2025-11-12 11:25:18,603 INFO [cli] {'ticker': 'QQQ', 'mode': 'tri', 'thr': 95, 'window': '10Y', 'order': 2, 'rows': 9}
2025-11-12 11:25:18,613 INFO [cli] {'ticker': 'QQQ', 'mode': 'tri', 'thr': 95, 'window': '10Y', 'order': 3, 'rows': 27}
2025-11-12 11:25:18,621 INFO [cli] {'ticker': 'QQQ', 'mode': 'tri', 'thr': 95, 'window': '10Y', 'order': 4, 'rows': 81}
2025-11-12 11:25:18,628 INFO [cli] {'ticker': 'QQQ', 'mode': 'tri', 'thr': 95, 'window': '20Y', 'order': 1, 'rows': 3}
2025-11-12 11:25:18,636 INFO [cli] {'ticker': 'QQQ', 'mode': 'tri', 'thr': 95, 'window': '20Y', 'order': 2, 'rows': 9}
2025-11-12 11:25:18,644 INFO [cli] {'ticker': 'QQQ', 'mode': 'tri', 'thr': 95, 'window': '20Y', 'order': 3, 'rows': 27}
2025-11-12 11:25:18,653 INFO [cli] {'ticker': 'QQQ', 'mode': 'tri', 'thr': 95, 'window': '20Y', 'order': 4, 'rows': 81}
2025-11-12 11:25:18,660 INFO [cli] {'ticker': 'QQQ', 'mode': 'tri', 'thr': 95, 'window': 'MAX', 'order': 1, 'rows': 3}
2025-11-12 11:25:18,673 INFO [cli] {'ticker': 'QQQ', 'mode': 'tri', 'thr': 95, 'window': 'MAX', 'order': 2, 'rows': 9}
2025-11-12 11:25:18,683 INFO [cli] {'ticker': 'QQQ', 'mode': 'tri', 'thr': 95, 'window': 'MAX', 'order': 3, 'rows': 27}
2025-11-12 11:25:18,692 INFO [cli] {'ticker': 'QQQ', 'mode': 'tri', 'thr': 95, 'window': 'MAX', 'order': 4, 'rows': 81}
2025-11-12 11:25:18,709 INFO [cli] {'ticker': 'QQQ', 'mode': 'tri', 'thr': 100, 'window': '1Y', 'order': 1, 'rows': 3}
2025-11-12 11:25:18,722 INFO [cli] {'ticker': 'QQQ', 'mode': 'tri', 'thr': 100, 'window': '1Y', 'order': 2, 'rows': 9}
2025-11-12 11:25:18,732 INFO [cli] {'ticker': 'QQQ', 'mode': 'tri', 'thr': 100, 'window': '1Y', 'order': 3, 'rows': 25}
2025-11-12 11:25:18,739 INFO [cli] {'ticker': 'QQQ', 'mode': 'tri', 'thr': 100, 'window': '1Y', 'order': 4, 'rows': 53}
2025-11-12 11:25:18,748 INFO [cli] {'ticker': 'QQQ', 'mode': 'tri', 'thr': 100, 'window': '2Y', 'order': 1, 'rows': 3}
2025-11-12 11:25:18,758 INFO [cli] {'ticker': 'QQQ', 'mode': 'tri', 'thr': 100, 'window': '2Y', 'order': 2, 'rows': 9}
2025-11-12 11:25:18,769 INFO [cli] {'ticker': 'QQQ', 'mode': 'tri', 'thr': 100, 'window': '2Y', 'order': 3, 'rows': 27}
2025-11-12 11:25:18,780 INFO [cli] {'ticker': 'QQQ', 'mode': 'tri', 'thr': 100, 'window': '2Y', 'order': 4, 'rows': 65}
2025-11-12 11:25:18,789 INFO [cli] {'ticker': 'QQQ', 'mode': 'tri', 'thr': 100, 'window': '5Y', 'order': 1, 'rows': 3}
2025-11-12 11:25:18,799 INFO [cli] {'ticker': 'QQQ', 'mode': 'tri', 'thr': 100, 'window': '5Y', 'order': 2, 'rows': 9}
2025-11-12 11:25:18,810 INFO [cli] {'ticker': 'QQQ', 'mode': 'tri', 'thr': 100, 'window': '5Y', 'order': 3, 'rows': 27}
2025-11-12 11:25:18,824 INFO [cli] {'ticker': 'QQQ', 'mode': 'tri', 'thr': 100, 'window': '5Y', 'order': 4, 'rows': 80}
2025-11-12 11:25:18,833 INFO [cli] {'ticker': 'QQQ', 'mode': 'tri', 'thr': 100, 'window': '10Y', 'order': 1, 'rows': 3}
2025-11-12 11:25:18,843 INFO [cli] {'ticker': 'QQQ', 'mode': 'tri', 'thr': 100, 'window': '10Y', 'order': 2, 'rows': 9}
2025-11-12 11:25:18,853 INFO [cli] {'ticker': 'QQQ', 'mode': 'tri', 'thr': 100, 'window': '10Y', 'order': 3, 'rows': 27}
2025-11-12 11:25:18,865 INFO [cli] {'ticker': 'QQQ', 'mode': 'tri', 'thr': 100, 'window': '10Y', 'order': 4, 'rows': 81}
2025-11-12 11:25:18,876 INFO [cli] {'ticker': 'QQQ', 'mode': 'tri', 'thr': 100, 'window': '20Y', 'order': 1, 'rows': 3}
2025-11-12 11:25:18,886 INFO [cli] {'ticker': 'QQQ', 'mode': 'tri', 'thr': 100, 'window': '20Y', 'order': 2, 'rows': 9}
2025-11-12 11:25:18,894 INFO [cli] {'ticker': 'QQQ', 'mode': 'tri', 'thr': 100, 'window': '20Y', 'order': 3, 'rows': 27}
2025-11-12 11:25:18,907 INFO [cli] {'ticker': 'QQQ', 'mode': 'tri', 'thr': 100, 'window': '20Y', 'order': 4, 'rows': 81}
2025-11-12 11:25:18,918 INFO [cli] {'ticker': 'QQQ', 'mode': 'tri', 'thr': 100, 'window': 'MAX', 'order': 1, 'rows': 3}
2025-11-12 11:25:18,929 INFO [cli] {'ticker': 'QQQ', 'mode': 'tri', 'thr': 100, 'window': 'MAX', 'order': 2, 'rows': 9}
2025-11-12 11:25:18,939 INFO [cli] {'ticker': 'QQQ', 'mode': 'tri', 'thr': 100, 'window': 'MAX', 'order': 3, 'rows': 27}
2025-11-12 11:25:18,949 INFO [cli] {'ticker': 'QQQ', 'mode': 'tri', 'thr': 100, 'window': 'MAX', 'order': 4, 'rows': 81}
2025-11-12 11:25:18,968 INFO [cli] {'ticker': 'QQQ', 'mode': 'tri', 'thr': 105, 'window': '1Y', 'order': 1, 'rows': 3}
2025-11-12 11:25:18,976 INFO [cli] {'ticker': 'QQQ', 'mode': 'tri', 'thr': 105, 'window': '1Y', 'order': 2, 'rows': 9}
2025-11-12 11:25:18,987 INFO [cli] {'ticker': 'QQQ', 'mode': 'tri', 'thr': 105, 'window': '1Y', 'order': 3, 'rows': 25}
2025-11-12 11:25:18,999 INFO [cli] {'ticker': 'QQQ', 'mode': 'tri', 'thr': 105, 'window': '1Y', 'order': 4, 'rows': 52}
2025-11-12 11:25:19,009 INFO [cli] {'ticker': 'QQQ', 'mode': 'tri', 'thr': 105, 'window': '2Y', 'order': 1, 'rows': 3}
2025-11-12 11:25:19,020 INFO [cli] {'ticker': 'QQQ', 'mode': 'tri', 'thr': 105, 'window': '2Y', 'order': 2, 'rows': 9}
2025-11-12 11:25:19,028 INFO [cli] {'ticker': 'QQQ', 'mode': 'tri', 'thr': 105, 'window': '2Y', 'order': 3, 'rows': 26}
2025-11-12 11:25:19,040 INFO [cli] {'ticker': 'QQQ', 'mode': 'tri', 'thr': 105, 'window': '2Y', 'order': 4, 'rows': 62}
2025-11-12 11:25:19,051 INFO [cli] {'ticker': 'QQQ', 'mode': 'tri', 'thr': 105, 'window': '5Y', 'order': 1, 'rows': 3}
2025-11-12 11:25:19,062 INFO [cli] {'ticker': 'QQQ', 'mode': 'tri', 'thr': 105, 'window': '5Y', 'order': 2, 'rows': 9}
2025-11-12 11:25:19,073 INFO [cli] {'ticker': 'QQQ', 'mode': 'tri', 'thr': 105, 'window': '5Y', 'order': 3, 'rows': 27}
2025-11-12 11:25:19,083 INFO [cli] {'ticker': 'QQQ', 'mode': 'tri', 'thr': 105, 'window': '5Y', 'order': 4, 'rows': 80}
2025-11-12 11:25:19,092 INFO [cli] {'ticker': 'QQQ', 'mode': 'tri', 'thr': 105, 'window': '10Y', 'order': 1, 'rows': 3}
2025-11-12 11:25:19,101 INFO [cli] {'ticker': 'QQQ', 'mode': 'tri', 'thr': 105, 'window': '10Y', 'order': 2, 'rows': 9}
2025-11-12 11:25:19,112 INFO [cli] {'ticker': 'QQQ', 'mode': 'tri', 'thr': 105, 'window': '10Y', 'order': 3, 'rows': 27}
2025-11-12 11:25:19,121 INFO [cli] {'ticker': 'QQQ', 'mode': 'tri', 'thr': 105, 'window': '10Y', 'order': 4, 'rows': 81}
2025-11-12 11:25:19,128 INFO [cli] {'ticker': 'QQQ', 'mode': 'tri', 'thr': 105, 'window': '20Y', 'order': 1, 'rows': 3}
2025-11-12 11:25:19,137 INFO [cli] {'ticker': 'QQQ', 'mode': 'tri', 'thr': 105, 'window': '20Y', 'order': 2, 'rows': 9}
2025-11-12 11:25:19,146 INFO [cli] {'ticker': 'QQQ', 'mode': 'tri', 'thr': 105, 'window': '20Y', 'order': 3, 'rows': 27}
2025-11-12 11:25:19,154 INFO [cli] {'ticker': 'QQQ', 'mode': 'tri', 'thr': 105, 'window': '20Y', 'order': 4, 'rows': 81}
2025-11-12 11:25:19,162 INFO [cli] {'ticker': 'QQQ', 'mode': 'tri', 'thr': 105, 'window': 'MAX', 'order': 1, 'rows': 3}
2025-11-12 11:25:19,177 INFO [cli] {'ticker': 'QQQ', 'mode': 'tri', 'thr': 105, 'window': 'MAX', 'order': 2, 'rows': 9}
2025-11-12 11:25:19,188 INFO [cli] {'ticker': 'QQQ', 'mode': 'tri', 'thr': 105, 'window': 'MAX', 'order': 3, 'rows': 27}
2025-11-12 11:25:19,196 INFO [cli] {'ticker': 'QQQ', 'mode': 'tri', 'thr': 105, 'window': 'MAX', 'order': 4, 'rows': 81}
2025-11-12 11:25:19,213 INFO [cli] {'ticker': 'QQQ', 'mode': 'tri', 'thr': 110, 'window': '1Y', 'order': 1, 'rows': 3}
2025-11-12 11:25:19,225 INFO [cli] {'ticker': 'QQQ', 'mode': 'tri', 'thr': 110, 'window': '1Y', 'order': 2, 'rows': 9}
2025-11-12 11:25:19,236 INFO [cli] {'ticker': 'QQQ', 'mode': 'tri', 'thr': 110, 'window': '1Y', 'order': 3, 'rows': 25}
2025-11-12 11:25:19,245 INFO [cli] {'ticker': 'QQQ', 'mode': 'tri', 'thr': 110, 'window': '1Y', 'order': 4, 'rows': 52}
2025-11-12 11:25:19,254 INFO [cli] {'ticker': 'QQQ', 'mode': 'tri', 'thr': 110, 'window': '2Y', 'order': 1, 'rows': 3}
2025-11-12 11:25:19,265 INFO [cli] {'ticker': 'QQQ', 'mode': 'tri', 'thr': 110, 'window': '2Y', 'order': 2, 'rows': 9}
2025-11-12 11:25:19,276 INFO [cli] {'ticker': 'QQQ', 'mode': 'tri', 'thr': 110, 'window': '2Y', 'order': 3, 'rows': 26}
2025-11-12 11:25:19,285 INFO [cli] {'ticker': 'QQQ', 'mode': 'tri', 'thr': 110, 'window': '2Y', 'order': 4, 'rows': 62}
2025-11-12 11:25:19,294 INFO [cli] {'ticker': 'QQQ', 'mode': 'tri', 'thr': 110, 'window': '5Y', 'order': 1, 'rows': 3}
2025-11-12 11:25:19,306 INFO [cli] {'ticker': 'QQQ', 'mode': 'tri', 'thr': 110, 'window': '5Y', 'order': 2, 'rows': 9}
2025-11-12 11:25:19,318 INFO [cli] {'ticker': 'QQQ', 'mode': 'tri', 'thr': 110, 'window': '5Y', 'order': 3, 'rows': 27}
2025-11-12 11:25:19,328 INFO [cli] {'ticker': 'QQQ', 'mode': 'tri', 'thr': 110, 'window': '5Y', 'order': 4, 'rows': 79}
2025-11-12 11:25:19,337 INFO [cli] {'ticker': 'QQQ', 'mode': 'tri', 'thr': 110, 'window': '10Y', 'order': 1, 'rows': 3}
2025-11-12 11:25:19,348 INFO [cli] {'ticker': 'QQQ', 'mode': 'tri', 'thr': 110, 'window': '10Y', 'order': 2, 'rows': 9}
2025-11-12 11:25:19,358 INFO [cli] {'ticker': 'QQQ', 'mode': 'tri', 'thr': 110, 'window': '10Y', 'order': 3, 'rows': 27}
2025-11-12 11:25:19,367 INFO [cli] {'ticker': 'QQQ', 'mode': 'tri', 'thr': 110, 'window': '10Y', 'order': 4, 'rows': 80}
2025-11-12 11:25:19,375 INFO [cli] {'ticker': 'QQQ', 'mode': 'tri', 'thr': 110, 'window': '20Y', 'order': 1, 'rows': 3}
2025-11-12 11:25:19,384 INFO [cli] {'ticker': 'QQQ', 'mode': 'tri', 'thr': 110, 'window': '20Y', 'order': 2, 'rows': 9}

{'ticker': 'QQQ', 'mode': 'tri', 'thr': 70, 'window': '20Y', 'order': 1, 'rows': 3}
{'ticker': 'QQQ', 'mode': 'tri', 'thr': 70, 'window': '20Y', 'order': 2, 'rows': 9}
{'ticker': 'QQQ', 'mode': 'tri', 'thr': 70, 'window': '20Y', 'order': 3, 'rows': 27}
{'ticker': 'QQQ', 'mode': 'tri', 'thr': 70, 'window': '20Y', 'order': 4, 'rows': 81}
{'ticker': 'QQQ', 'mode': 'tri', 'thr': 70, 'window': 'MAX', 'order': 1, 'rows': 3}
{'ticker': 'QQQ', 'mode': 'tri', 'thr': 70, 'window': 'MAX', 'order': 2, 'rows': 9}
{'ticker': 'QQQ', 'mode': 'tri', 'thr': 70, 'window': 'MAX', 'order': 3, 'rows': 27}
{'ticker': 'QQQ', 'mode': 'tri', 'thr': 70, 'window': 'MAX', 'order': 4, 'rows': 81}
{'ticker': 'QQQ', 'mode': 'tri', 'thr': 75, 'window': '1Y', 'order': 1, 'rows': 3}
{'ticker': 'QQQ', 'mode': 'tri', 'thr': 75, 'window': '1Y', 'order': 2, 'rows': 9}
{'ticker': 'QQQ', 'mode': 'tri', 'thr': 75, 'window': '1Y', 'order': 3, 'rows': 26}
{'ticker': 'QQQ', 'mode': 'tri', 'thr': 75, 'window': '1Y', 'order': 4, 'rows': 63}
{'ticker': 'QQQ', 'mode': 'tri', 'thr': 75, 'window': '2Y', 'order': 1, 'rows': 3}
{'ticker': 'QQQ', 'mode': 'tri', 'thr': 75, 'window': '2Y', 'order': 2, 'rows': 9}
{'ticker': 'QQQ', 'mode': 'tri', 'thr': 75, 'window': '2Y', 'order': 3, 'rows': 27}
{'ticker': 'QQQ', 'mode': 'tri', 'thr': 75, 'window': '2Y', 'order': 4, 'rows': 73}
{'ticker': 'QQQ', 'mode': 'tri', 'thr': 75, 'window': '5Y', 'order': 1, 'rows': 3}
{'ticker': 'QQQ', 'mode': 'tri', 'thr': 75, 'window': '5Y', 'order': 2, 'rows': 9}
{'ticker': 'QQQ', 'mode': 'tri', 'thr': 75, 'window': '5Y', 'order': 3, 'rows': 27}
{'ticker': 'QQQ', 'mode': 'tri', 'thr': 75, 'window': '5Y', 'order': 4, 'rows': 81}
{'ticker': 'QQQ', 'mode': 'tri', 'thr': 75, 'window': '10Y', 'order': 1, 'rows': 3}
{'ticker': 'QQQ', 'mode': 'tri', 'thr': 75, 'window': '10Y', 'order': 2, 'rows': 9}
{'ticker': 'QQQ', 'mode': 'tri', 'thr': 75, 'window': '10Y', 'order': 3, 'rows': 27}
{'ticker': 'QQQ', 'mode': 'tri', 'thr': 75, 'window': '10Y', 'order': 4, 'rows': 81}
{'ticker': 'QQQ', 'mode': 'tri', 'thr': 75, 'window': '20Y', 'order': 1, 'rows': 3}
{'ticker': 'QQQ', 'mode': 'tri', 'thr': 75, 'window': '20Y', 'order': 2, 'rows': 9}
{'ticker': 'QQQ', 'mode': 'tri', 'thr': 75, 'window': '20Y', 'order': 3, 'rows': 27}
{'ticker': 'QQQ', 'mode': 'tri', 'thr': 75, 'window': '20Y', 'order': 4, 'rows': 81}
{'ticker': 'QQQ', 'mode': 'tri', 'thr': 75, 'window': 'MAX', 'order': 1, 'rows': 3}
{'ticker': 'QQQ', 'mode': 'tri', 'thr': 75, 'window': 'MAX', 'order': 2, 'rows': 9}
{'ticker': 'QQQ', 'mode': 'tri', 'thr': 75, 'window': 'MAX', 'order': 3, 'rows': 27}
{'ticker': 'QQQ', 'mode': 'tri', 'thr': 75, 'window': 'MAX', 'order': 4, 'rows': 81}
{'ticker': 'QQQ', 'mode': 'tri', 'thr': 80, 'window': '1Y', 'order': 1, 'rows': 3}
{'ticker': 'QQQ', 'mode': 'tri', 'thr': 80, 'window': '1Y', 'order': 2, 'rows': 9}
{'ticker': 'QQQ', 'mode': 'tri', 'thr': 80, 'window': '1Y', 'order': 3, 'rows': 25}
{'ticker': 'QQQ', 'mode': 'tri', 'thr': 80, 'window': '1Y', 'order': 4, 'rows': 59}
{'ticker': 'QQQ', 'mode': 'tri', 'thr': 80, 'window': '2Y', 'order': 1, 'rows': 3}
{'ticker': 'QQQ', 'mode': 'tri', 'thr': 80, 'window': '2Y', 'order': 2, 'rows': 9}
{'ticker': 'QQQ', 'mode': 'tri', 'thr': 80, 'window': '2Y', 'order': 3, 'rows': 27}
{'ticker': 'QQQ', 'mode': 'tri', 'thr': 80, 'window': '2Y', 'order': 4, 'rows': 69}
{'ticker': 'QQQ', 'mode': 'tri', 'thr': 80, 'window': '5Y', 'order': 1, 'rows': 3}
{'ticker': 'QQQ', 'mode': 'tri', 'thr': 80, 'window': '5Y', 'order': 2, 'rows': 9}
{'ticker': 'QQQ', 'mode': 'tri', 'thr': 80, 'window': '5Y', 'order': 3, 'rows': 27}
{'ticker': 'QQQ', 'mode': 'tri', 'thr': 80, 'window': '5Y', 'order': 4, 'rows': 81}
{'ticker': 'QQQ', 'mode': 'tri', 'thr': 80, 'window': '10Y', 'order': 1, 'rows': 3}
{'ticker': 'QQQ', 'mode': 'tri', 'thr': 80, 'window': '10Y', 'order': 2, 'rows': 9}
{'ticker': 'QQQ', 'mode': 'tri', 'thr': 80, 'window': '10Y', 'order': 3, 'rows': 27}
{'ticker': 'QQQ', 'mode': 'tri', 'thr': 80, 'window': '10Y', 'order': 4, 'rows': 81}
{'ticker': 'QQQ', 'mode': 'tri', 'thr': 80, 'window': '20Y', 'order': 1, 'rows': 3}
{'ticker': 'QQQ', 'mode': 'tri', 'thr': 80, 'window': '20Y', 'order': 2, 'rows': 9}
{'ticker': 'QQQ', 'mode': 'tri', 'thr': 80, 'window': '20Y', 'order': 3, 'rows': 27}
{'ticker': 'QQQ', 'mode': 'tri', 'thr': 80, 'window': '20Y', 'order': 4, 'rows': 81}
{'ticker': 'QQQ', 'mode': 'tri', 'thr': 80, 'window': 'MAX', 'order': 1, 'rows': 3}
{'ticker': 'QQQ', 'mode': 'tri', 'thr': 80, 'window': 'MAX', 'order': 2, 'rows': 9}
{'ticker': 'QQQ', 'mode': 'tri', 'thr': 80, 'window': 'MAX', 'order': 3, 'rows': 27}
{'ticker': 'QQQ', 'mode': 'tri', 'thr': 80, 'window': 'MAX', 'order': 4, 'rows': 81}
{'ticker': 'QQQ', 'mode': 'tri', 'thr': 85, 'window': '1Y', 'order': 1, 'rows': 3}
{'ticker': 'QQQ', 'mode': 'tri', 'thr': 85, 'window': '1Y', 'order': 2, 'rows': 9}
{'ticker': 'QQQ', 'mode': 'tri', 'thr': 85, 'window': '1Y', 'order': 3, 'rows': 25}
{'ticker': 'QQQ', 'mode': 'tri', 'thr': 85, 'window': '1Y', 'order': 4, 'rows': 59}
{'ticker': 'QQQ', 'mode': 'tri', 'thr': 85, 'window': '2Y', 'order': 1, 'rows': 3}
{'ticker': 'QQQ', 'mode': 'tri', 'thr': 85, 'window': '2Y', 'order': 2, 'rows': 9}
{'ticker': 'QQQ', 'mode': 'tri', 'thr': 85, 'window': '2Y', 'order': 3, 'rows': 27}
{'ticker': 'QQQ', 'mode': 'tri', 'thr': 85, 'window': '2Y', 'order': 4, 'rows': 68}
{'ticker': 'QQQ', 'mode': 'tri', 'thr': 85, 'window': '5Y', 'order': 1, 'rows': 3}
{'ticker': 'QQQ', 'mode': 'tri', 'thr': 85, 'window': '5Y', 'order': 2, 'rows': 9}
{'ticker': 'QQQ', 'mode': 'tri', 'thr': 85, 'window': '5Y', 'order': 3, 'rows': 27}
{'ticker': 'QQQ', 'mode': 'tri', 'thr': 85, 'window': '5Y', 'order': 4, 'rows': 81}
{'ticker': 'QQQ', 'mode': 'tri', 'thr': 85, 'window': '10Y', 'order': 1, 'rows': 3}
{'ticker': 'QQQ', 'mode': 'tri', 'thr': 85, 'window': '10Y', 'order': 2, 'rows': 9}
{'ticker': 'QQQ', 'mode': 'tri', 'thr': 85, 'window': '10Y', 'order': 3, 'rows': 27}
{'ticker': 'QQQ', 'mode': 'tri', 'thr': 85, 'window': '10Y', 'order': 4, 'rows': 81}
{'ticker': 'QQQ', 'mode': 'tri', 'thr': 85, 'window': '20Y', 'order': 1, 'rows': 3}
{'ticker': 'QQQ', 'mode': 'tri', 'thr': 85, 'window': '20Y', 'order': 2, 'rows': 9}
{'ticker': 'QQQ', 'mode': 'tri', 'thr': 85, 'window': '20Y', 'order': 3, 'rows': 27}
{'ticker': 'QQQ', 'mode': 'tri', 'thr': 85, 'window': '20Y', 'order': 4, 'rows': 81}
{'ticker': 'QQQ', 'mode': 'tri', 'thr': 85, 'window': 'MAX', 'order': 1, 'rows': 3}
{'ticker': 'QQQ', 'mode': 'tri', 'thr': 85, 'window': 'MAX', 'order': 2, 'rows': 9}
{'ticker': 'QQQ', 'mode': 'tri', 'thr': 85, 'window': 'MAX', 'order': 3, 'rows': 27}
{'ticker': 'QQQ', 'mode': 'tri', 'thr': 85, 'window': 'MAX', 'order': 4, 'rows': 81}
{'ticker': 'QQQ', 'mode': 'tri', 'thr': 90, 'window': '1Y', 'order': 1, 'rows': 3}
{'ticker': 'QQQ', 'mode': 'tri', 'thr': 90, 'window': '1Y', 'order': 2, 'rows': 9}
{'ticker': 'QQQ', 'mode': 'tri', 'thr': 90, 'window': '1Y', 'order': 3, 'rows': 25}
{'ticker': 'QQQ', 'mode': 'tri', 'thr': 90, 'window': '1Y', 'order': 4, 'rows': 58}
{'ticker': 'QQQ', 'mode': 'tri', 'thr': 90, 'window': '2Y', 'order': 1, 'rows': 3}
{'ticker': 'QQQ', 'mode': 'tri', 'thr': 90, 'window': '2Y', 'order': 2, 'rows': 9}
{'ticker': 'QQQ', 'mode': 'tri', 'thr': 90, 'window': '2Y', 'order': 3, 'rows': 27}
{'ticker': 'QQQ', 'mode': 'tri', 'thr': 90, 'window': '2Y', 'order': 4, 'rows': 69}
{'ticker': 'QQQ', 'mode': 'tri', 'thr': 90, 'window': '5Y', 'order': 1, 'rows': 3}
{'ticker': 'QQQ', 'mode': 'tri', 'thr': 90, 'window': '5Y', 'order': 2, 'rows': 9}
{'ticker': 'QQQ', 'mode': 'tri', 'thr': 90, 'window': '5Y', 'order': 3, 'rows': 27}
{'ticker': 'QQQ', 'mode': 'tri', 'thr': 90, 'window': '5Y', 'order': 4, 'rows': 81}
{'ticker': 'QQQ', 'mode': 'tri', 'thr': 90, 'window': '10Y', 'order': 1, 'rows': 3}
{'ticker': 'QQQ', 'mode': 'tri', 'thr': 90, 'window': '10Y', 'order': 2, 'rows': 9}
{'ticker': 'QQQ', 'mode': 'tri', 'thr': 90, 'window': '10Y', 'order': 3, 'rows': 27}
{'ticker': 'QQQ', 'mode': 'tri', 'thr': 90, 'window': '10Y', 'order': 4, 'rows': 81}
{'ticker': 'QQQ', 'mode': 'tri', 'thr': 90, 'window': '20Y', 'order': 1, 'rows': 3}
{'ticker': 'QQQ', 'mode': 'tri', 'thr': 90, 'window': '20Y', 'order': 2, 'rows': 9}2025-11-12 11:25:19,393 INFO [cli] {'ticker': 'QQQ', 'mode': 'tri', 'thr': 110, 'window': '20Y', 'order': 3, 'rows': 27}
2025-11-12 11:25:19,402 INFO [cli] {'ticker': 'QQQ', 'mode': 'tri', 'thr': 110, 'window': '20Y', 'order': 4, 'rows': 81}
2025-11-12 11:25:19,412 INFO [cli] {'ticker': 'QQQ', 'mode': 'tri', 'thr': 110, 'window': 'MAX', 'order': 1, 'rows': 3}
2025-11-12 11:25:19,424 INFO [cli] {'ticker': 'QQQ', 'mode': 'tri', 'thr': 110, 'window': 'MAX', 'order': 2, 'rows': 9}
2025-11-12 11:25:19,433 INFO [cli] {'ticker': 'QQQ', 'mode': 'tri', 'thr': 110, 'window': 'MAX', 'order': 3, 'rows': 27}
2025-11-12 11:25:19,442 INFO [cli] {'ticker': 'QQQ', 'mode': 'tri', 'thr': 110, 'window': 'MAX', 'order': 4, 'rows': 81}
2025-11-12 11:25:19,458 INFO [cli] {'ticker': 'QQQ', 'mode': 'tri', 'thr': 115, 'window': '1Y', 'order': 1, 'rows': 3}
2025-11-12 11:25:19,468 INFO [cli] {'ticker': 'QQQ', 'mode': 'tri', 'thr': 115, 'window': '1Y', 'order': 2, 'rows': 9}
2025-11-12 11:25:19,479 INFO [cli] {'ticker': 'QQQ', 'mode': 'tri', 'thr': 115, 'window': '1Y', 'order': 3, 'rows': 24}
2025-11-12 11:25:19,488 INFO [cli] {'ticker': 'QQQ', 'mode': 'tri', 'thr': 115, 'window': '1Y', 'order': 4, 'rows': 47}
2025-11-12 11:25:19,498 INFO [cli] {'ticker': 'QQQ', 'mode': 'tri', 'thr': 115, 'window': '2Y', 'order': 1, 'rows': 3}
2025-11-12 11:25:19,509 INFO [cli] {'ticker': 'QQQ', 'mode': 'tri', 'thr': 115, 'window': '2Y', 'order': 2, 'rows': 9}
2025-11-12 11:25:19,517 INFO [cli] {'ticker': 'QQQ', 'mode': 'tri', 'thr': 115, 'window': '2Y', 'order': 3, 'rows': 25}
2025-11-12 11:25:19,527 INFO [cli] {'ticker': 'QQQ', 'mode': 'tri', 'thr': 115, 'window': '2Y', 'order': 4, 'rows': 58}
2025-11-12 11:25:19,534 INFO [cli] {'ticker': 'QQQ', 'mode': 'tri', 'thr': 115, 'window': '5Y', 'order': 1, 'rows': 3}
2025-11-12 11:25:19,542 INFO [cli] {'ticker': 'QQQ', 'mode': 'tri', 'thr': 115, 'window': '5Y', 'order': 2, 'rows': 9}
2025-11-12 11:25:19,549 INFO [cli] {'ticker': 'QQQ', 'mode': 'tri', 'thr': 115, 'window': '5Y', 'order': 3, 'rows': 27}
2025-11-12 11:25:19,556 INFO [cli] {'ticker': 'QQQ', 'mode': 'tri', 'thr': 115, 'window': '5Y', 'order': 4, 'rows': 78}
2025-11-12 11:25:19,565 INFO [cli] {'ticker': 'QQQ', 'mode': 'tri', 'thr': 115, 'window': '10Y', 'order': 1, 'rows': 3}
2025-11-12 11:25:19,582 INFO [cli] {'ticker': 'QQQ', 'mode': 'tri', 'thr': 115, 'window': '10Y', 'order': 2, 'rows': 9}
2025-11-12 11:25:19,588 INFO [cli] {'ticker': 'QQQ', 'mode': 'tri', 'thr': 115, 'window': '10Y', 'order': 3, 'rows': 27}
2025-11-12 11:25:19,594 INFO [cli] {'ticker': 'QQQ', 'mode': 'tri', 'thr': 115, 'window': '10Y', 'order': 4, 'rows': 80}
2025-11-12 11:25:19,600 INFO [cli] {'ticker': 'QQQ', 'mode': 'tri', 'thr': 115, 'window': '20Y', 'order': 1, 'rows': 3}
2025-11-12 11:25:19,607 INFO [cli] {'ticker': 'QQQ', 'mode': 'tri', 'thr': 115, 'window': '20Y', 'order': 2, 'rows': 9}
2025-11-12 11:25:19,614 INFO [cli] {'ticker': 'QQQ', 'mode': 'tri', 'thr': 115, 'window': '20Y', 'order': 3, 'rows': 27}
2025-11-12 11:25:19,623 INFO [cli] {'ticker': 'QQQ', 'mode': 'tri', 'thr': 115, 'window': '20Y', 'order': 4, 'rows': 81}
2025-11-12 11:25:19,632 INFO [cli] {'ticker': 'QQQ', 'mode': 'tri', 'thr': 115, 'window': 'MAX', 'order': 1, 'rows': 3}
2025-11-12 11:25:19,641 INFO [cli] {'ticker': 'QQQ', 'mode': 'tri', 'thr': 115, 'window': 'MAX', 'order': 2, 'rows': 9}
2025-11-12 11:25:19,649 INFO [cli] {'ticker': 'QQQ', 'mode': 'tri', 'thr': 115, 'window': 'MAX', 'order': 3, 'rows': 27}
2025-11-12 11:25:19,669 INFO [cli] {'ticker': 'QQQ', 'mode': 'tri', 'thr': 115, 'window': 'MAX', 'order': 4, 'rows': 81}
2025-11-12 11:25:19,685 INFO [cli] {'ticker': 'QQQ', 'mode': 'tri', 'thr': 120, 'window': '1Y', 'order': 1, 'rows': 3}
2025-11-12 11:25:19,694 INFO [cli] {'ticker': 'QQQ', 'mode': 'tri', 'thr': 120, 'window': '1Y', 'order': 2, 'rows': 9}
2025-11-12 11:25:19,705 INFO [cli] {'ticker': 'QQQ', 'mode': 'tri', 'thr': 120, 'window': '1Y', 'order': 3, 'rows': 23}
2025-11-12 11:25:19,715 INFO [cli] {'ticker': 'QQQ', 'mode': 'tri', 'thr': 120, 'window': '1Y', 'order': 4, 'rows': 45}
2025-11-12 11:25:19,723 INFO [cli] {'ticker': 'QQQ', 'mode': 'tri', 'thr': 120, 'window': '2Y', 'order': 1, 'rows': 3}
2025-11-12 11:25:19,733 INFO [cli] {'ticker': 'QQQ', 'mode': 'tri', 'thr': 120, 'window': '2Y', 'order': 2, 'rows': 9}
2025-11-12 11:25:19,741 INFO [cli] {'ticker': 'QQQ', 'mode': 'tri', 'thr': 120, 'window': '2Y', 'order': 3, 'rows': 25}
2025-11-12 11:25:19,749 INFO [cli] {'ticker': 'QQQ', 'mode': 'tri', 'thr': 120, 'window': '2Y', 'order': 4, 'rows': 55}
2025-11-12 11:25:19,759 INFO [cli] {'ticker': 'QQQ', 'mode': 'tri', 'thr': 120, 'window': '5Y', 'order': 1, 'rows': 3}
2025-11-12 11:25:19,769 INFO [cli] {'ticker': 'QQQ', 'mode': 'tri', 'thr': 120, 'window': '5Y', 'order': 2, 'rows': 9}
2025-11-12 11:25:19,777 INFO [cli] {'ticker': 'QQQ', 'mode': 'tri', 'thr': 120, 'window': '5Y', 'order': 3, 'rows': 27}
2025-11-12 11:25:19,787 INFO [cli] {'ticker': 'QQQ', 'mode': 'tri', 'thr': 120, 'window': '5Y', 'order': 4, 'rows': 76}
2025-11-12 11:25:19,798 INFO [cli] {'ticker': 'QQQ', 'mode': 'tri', 'thr': 120, 'window': '10Y', 'order': 1, 'rows': 3}
2025-11-12 11:25:19,806 INFO [cli] {'ticker': 'QQQ', 'mode': 'tri', 'thr': 120, 'window': '10Y', 'order': 2, 'rows': 9}
2025-11-12 11:25:19,816 INFO [cli] {'ticker': 'QQQ', 'mode': 'tri', 'thr': 120, 'window': '10Y', 'order': 3, 'rows': 27}
2025-11-12 11:25:19,826 INFO [cli] {'ticker': 'QQQ', 'mode': 'tri', 'thr': 120, 'window': '10Y', 'order': 4, 'rows': 80}
2025-11-12 11:25:19,836 INFO [cli] {'ticker': 'QQQ', 'mode': 'tri', 'thr': 120, 'window': '20Y', 'order': 1, 'rows': 3}
2025-11-12 11:25:19,847 INFO [cli] {'ticker': 'QQQ', 'mode': 'tri', 'thr': 120, 'window': '20Y', 'order': 2, 'rows': 9}
2025-11-12 11:25:19,855 INFO [cli] {'ticker': 'QQQ', 'mode': 'tri', 'thr': 120, 'window': '20Y', 'order': 3, 'rows': 27}
2025-11-12 11:25:19,865 INFO [cli] {'ticker': 'QQQ', 'mode': 'tri', 'thr': 120, 'window': '20Y', 'order': 4, 'rows': 81}
2025-11-12 11:25:19,877 INFO [cli] {'ticker': 'QQQ', 'mode': 'tri', 'thr': 120, 'window': 'MAX', 'order': 1, 'rows': 3}
2025-11-12 11:25:19,887 INFO [cli] {'ticker': 'QQQ', 'mode': 'tri', 'thr': 120, 'window': 'MAX', 'order': 2, 'rows': 9}
2025-11-12 11:25:19,895 INFO [cli] {'ticker': 'QQQ', 'mode': 'tri', 'thr': 120, 'window': 'MAX', 'order': 3, 'rows': 27}
2025-11-12 11:25:19,905 INFO [cli] {'ticker': 'QQQ', 'mode': 'tri', 'thr': 120, 'window': 'MAX', 'order': 4, 'rows': 81}
2025-11-12 11:25:19,921 INFO [cli] {'ticker': 'QQQ', 'mode': 'tri', 'thr': 125, 'window': '1Y', 'order': 1, 'rows': 3}
2025-11-12 11:25:19,933 INFO [cli] {'ticker': 'QQQ', 'mode': 'tri', 'thr': 125, 'window': '1Y', 'order': 2, 'rows': 9}
2025-11-12 11:25:19,944 INFO [cli] {'ticker': 'QQQ', 'mode': 'tri', 'thr': 125, 'window': '1Y', 'order': 3, 'rows': 23}
2025-11-12 11:25:19,953 INFO [cli] {'ticker': 'QQQ', 'mode': 'tri', 'thr': 125, 'window': '1Y', 'order': 4, 'rows': 45}
2025-11-12 11:25:19,961 INFO [cli] {'ticker': 'QQQ', 'mode': 'tri', 'thr': 125, 'window': '2Y', 'order': 1, 'rows': 3}
2025-11-12 11:25:19,970 INFO [cli] {'ticker': 'QQQ', 'mode': 'tri', 'thr': 125, 'window': '2Y', 'order': 2, 'rows': 9}
2025-11-12 11:25:19,979 INFO [cli] {'ticker': 'QQQ', 'mode': 'tri', 'thr': 125, 'window': '2Y', 'order': 3, 'rows': 25}
2025-11-12 11:25:19,988 INFO [cli] {'ticker': 'QQQ', 'mode': 'tri', 'thr': 125, 'window': '2Y', 'order': 4, 'rows': 55}
2025-11-12 11:25:19,996 INFO [cli] {'ticker': 'QQQ', 'mode': 'tri', 'thr': 125, 'window': '5Y', 'order': 1, 'rows': 3}
2025-11-12 11:25:20,008 INFO [cli] {'ticker': 'QQQ', 'mode': 'tri', 'thr': 125, 'window': '5Y', 'order': 2, 'rows': 9}
2025-11-12 11:25:20,019 INFO [cli] {'ticker': 'QQQ', 'mode': 'tri', 'thr': 125, 'window': '5Y', 'order': 3, 'rows': 27}
2025-11-12 11:25:20,027 INFO [cli] {'ticker': 'QQQ', 'mode': 'tri', 'thr': 125, 'window': '5Y', 'order': 4, 'rows': 75}
2025-11-12 11:25:20,039 INFO [cli] {'ticker': 'QQQ', 'mode': 'tri', 'thr': 125, 'window': '10Y', 'order': 1, 'rows': 3}
2025-11-12 11:25:20,046 INFO [cli] {'ticker': 'QQQ', 'mode': 'tri', 'thr': 125, 'window': '10Y', 'order': 2, 'rows': 9}
2025-11-12 11:25:20,054 INFO [cli] {'ticker': 'QQQ', 'mode': 'tri', 'thr': 125, 'window': '10Y', 'order': 3, 'rows': 27}
2025-11-12 11:25:20,064 INFO [cli] {'ticker': 'QQQ', 'mode': 'tri', 'thr': 125, 'window': '10Y', 'order': 4, 'rows': 79}
2025-11-12 11:25:20,073 INFO [cli] {'ticker': 'QQQ', 'mode': 'tri', 'thr': 125, 'window': '20Y', 'order': 1, 'rows': 3}
2025-11-12 11:25:20,082 INFO [cli] {'ticker': 'QQQ', 'mode': 'tri', 'thr': 125, 'window': '20Y', 'order': 2, 'rows': 9}
2025-11-12 11:25:20,090 INFO [cli] {'ticker': 'QQQ', 'mode': 'tri', 'thr': 125, 'window': '20Y', 'order': 3, 'rows': 27}
2025-11-12 11:25:20,100 INFO [cli] {'ticker': 'QQQ', 'mode': 'tri', 'thr': 125, 'window': '20Y', 'order': 4, 'rows': 81}
2025-11-12 11:25:20,109 INFO [cli] {'ticker': 'QQQ', 'mode': 'tri', 'thr': 125, 'window': 'MAX', 'order': 1, 'rows': 3}
2025-11-12 11:25:20,117 INFO [cli] {'ticker': 'QQQ', 'mode': 'tri', 'thr': 125, 'window': 'MAX', 'order': 2, 'rows': 9}
2025-11-12 11:25:20,126 INFO [cli] {'ticker': 'QQQ', 'mode': 'tri', 'thr': 125, 'window': 'MAX', 'order': 3, 'rows': 27}
2025-11-12 11:25:20,135 INFO [cli] {'ticker': 'QQQ', 'mode': 'tri', 'thr': 125, 'window': 'MAX', 'order': 4, 'rows': 81}
2025-11-12 11:25:20,152 INFO [cli] {'ticker': 'QQQ', 'mode': 'tri', 'thr': 130, 'window': '1Y', 'order': 1, 'rows': 3}
2025-11-12 11:25:20,160 INFO [cli] {'ticker': 'QQQ', 'mode': 'tri', 'thr': 130, 'window': '1Y', 'order': 2, 'rows': 9}
2025-11-12 11:25:20,168 INFO [cli] {'ticker': 'QQQ', 'mode': 'tri', 'thr': 130, 'window': '1Y', 'order': 3, 'rows': 23}
2025-11-12 11:25:20,176 INFO [cli] {'ticker': 'QQQ', 'mode': 'tri', 'thr': 130, 'window': '1Y', 'order': 4, 'rows': 44}
2025-11-12 11:25:20,185 INFO [cli] {'ticker': 'QQQ', 'mode': 'tri', 'thr': 130, 'window': '2Y', 'order': 1, 'rows': 3}
2025-11-12 11:25:20,195 INFO [cli] {'ticker': 'QQQ', 'mode': 'tri', 'thr': 130, 'window': '2Y', 'order': 2, 'rows': 9}
2025-11-12 11:25:20,206 INFO [cli] {'ticker': 'QQQ', 'mode': 'tri', 'thr': 130, 'window': '2Y', 'order': 3, 'rows': 25}
2025-11-12 11:25:20,213 INFO [cli] {'ticker': 'QQQ', 'mode': 'tri', 'thr': 130, 'window': '2Y', 'order': 4, 'rows': 52}
2025-11-12 11:25:20,225 INFO [cli] {'ticker': 'QQQ', 'mode': 'tri', 'thr': 130, 'window': '5Y', 'order': 1, 'rows': 3}
2025-11-12 11:25:20,234 INFO [cli] {'ticker': 'QQQ', 'mode': 'tri', 'thr': 130, 'window': '5Y', 'order': 2, 'rows': 9}
2025-11-12 11:25:20,242 INFO [cli] {'ticker': 'QQQ', 'mode': 'tri', 'thr': 130, 'window': '5Y', 'order': 3, 'rows': 27}
2025-11-12 11:25:20,254 INFO [cli] {'ticker': 'QQQ', 'mode': 'tri', 'thr': 130, 'window': '5Y', 'order': 4, 'rows': 73}
2025-11-12 11:25:20,263 INFO [cli] {'ticker': 'QQQ', 'mode': 'tri', 'thr': 130, 'window': '10Y', 'order': 1, 'rows': 3}
2025-11-12 11:25:20,272 INFO [cli] {'ticker': 'QQQ', 'mode': 'tri', 'thr': 130, 'window': '10Y', 'order': 2, 'rows': 9}
2025-11-12 11:25:20,283 INFO [cli] {'ticker': 'QQQ', 'mode': 'tri', 'thr': 130, 'window': '10Y', 'order': 3, 'rows': 27}
2025-11-12 11:25:20,293 INFO [cli] {'ticker': 'QQQ', 'mode': 'tri', 'thr': 130, 'window': '10Y', 'order': 4, 'rows': 78}
2025-11-12 11:25:20,301 INFO [cli] {'ticker': 'QQQ', 'mode': 'tri', 'thr': 130, 'window': '20Y', 'order': 1, 'rows': 3}
2025-11-12 11:25:20,309 INFO [cli] {'ticker': 'QQQ', 'mode': 'tri', 'thr': 130, 'window': '20Y', 'order': 2, 'rows': 9}
2025-11-12 11:25:20,320 INFO [cli] {'ticker': 'QQQ', 'mode': 'tri', 'thr': 130, 'window': '20Y', 'order': 3, 'rows': 27}

{'ticker': 'QQQ', 'mode': 'tri', 'thr': 90, 'window': '20Y', 'order': 3, 'rows': 27}
{'ticker': 'QQQ', 'mode': 'tri', 'thr': 90, 'window': '20Y', 'order': 4, 'rows': 81}
{'ticker': 'QQQ', 'mode': 'tri', 'thr': 90, 'window': 'MAX', 'order': 1, 'rows': 3}
{'ticker': 'QQQ', 'mode': 'tri', 'thr': 90, 'window': 'MAX', 'order': 2, 'rows': 9}
{'ticker': 'QQQ', 'mode': 'tri', 'thr': 90, 'window': 'MAX', 'order': 3, 'rows': 27}
{'ticker': 'QQQ', 'mode': 'tri', 'thr': 90, 'window': 'MAX', 'order': 4, 'rows': 81}
{'ticker': 'QQQ', 'mode': 'tri', 'thr': 95, 'window': '1Y', 'order': 1, 'rows': 3}
{'ticker': 'QQQ', 'mode': 'tri', 'thr': 95, 'window': '1Y', 'order': 2, 'rows': 9}
{'ticker': 'QQQ', 'mode': 'tri', 'thr': 95, 'window': '1Y', 'order': 3, 'rows': 25}
{'ticker': 'QQQ', 'mode': 'tri', 'thr': 95, 'window': '1Y', 'order': 4, 'rows': 56}
{'ticker': 'QQQ', 'mode': 'tri', 'thr': 95, 'window': '2Y', 'order': 1, 'rows': 3}
{'ticker': 'QQQ', 'mode': 'tri', 'thr': 95, 'window': '2Y', 'order': 2, 'rows': 9}
{'ticker': 'QQQ', 'mode': 'tri', 'thr': 95, 'window': '2Y', 'order': 3, 'rows': 27}
{'ticker': 'QQQ', 'mode': 'tri', 'thr': 95, 'window': '2Y', 'order': 4, 'rows': 68}
{'ticker': 'QQQ', 'mode': 'tri', 'thr': 95, 'window': '5Y', 'order': 1, 'rows': 3}
{'ticker': 'QQQ', 'mode': 'tri', 'thr': 95, 'window': '5Y', 'order': 2, 'rows': 9}
{'ticker': 'QQQ', 'mode': 'tri', 'thr': 95, 'window': '5Y', 'order': 3, 'rows': 27}
{'ticker': 'QQQ', 'mode': 'tri', 'thr': 95, 'window': '5Y', 'order': 4, 'rows': 81}
{'ticker': 'QQQ', 'mode': 'tri', 'thr': 95, 'window': '10Y', 'order': 1, 'rows': 3}
{'ticker': 'QQQ', 'mode': 'tri', 'thr': 95, 'window': '10Y', 'order': 2, 'rows': 9}
{'ticker': 'QQQ', 'mode': 'tri', 'thr': 95, 'window': '10Y', 'order': 3, 'rows': 27}
{'ticker': 'QQQ', 'mode': 'tri', 'thr': 95, 'window': '10Y', 'order': 4, 'rows': 81}
{'ticker': 'QQQ', 'mode': 'tri', 'thr': 95, 'window': '20Y', 'order': 1, 'rows': 3}
{'ticker': 'QQQ', 'mode': 'tri', 'thr': 95, 'window': '20Y', 'order': 2, 'rows': 9}
{'ticker': 'QQQ', 'mode': 'tri', 'thr': 95, 'window': '20Y', 'order': 3, 'rows': 27}
{'ticker': 'QQQ', 'mode': 'tri', 'thr': 95, 'window': '20Y', 'order': 4, 'rows': 81}
{'ticker': 'QQQ', 'mode': 'tri', 'thr': 95, 'window': 'MAX', 'order': 1, 'rows': 3}
{'ticker': 'QQQ', 'mode': 'tri', 'thr': 95, 'window': 'MAX', 'order': 2, 'rows': 9}
{'ticker': 'QQQ', 'mode': 'tri', 'thr': 95, 'window': 'MAX', 'order': 3, 'rows': 27}
{'ticker': 'QQQ', 'mode': 'tri', 'thr': 95, 'window': 'MAX', 'order': 4, 'rows': 81}
{'ticker': 'QQQ', 'mode': 'tri', 'thr': 100, 'window': '1Y', 'order': 1, 'rows': 3}
{'ticker': 'QQQ', 'mode': 'tri', 'thr': 100, 'window': '1Y', 'order': 2, 'rows': 9}
{'ticker': 'QQQ', 'mode': 'tri', 'thr': 100, 'window': '1Y', 'order': 3, 'rows': 25}
{'ticker': 'QQQ', 'mode': 'tri', 'thr': 100, 'window': '1Y', 'order': 4, 'rows': 53}
{'ticker': 'QQQ', 'mode': 'tri', 'thr': 100, 'window': '2Y', 'order': 1, 'rows': 3}
{'ticker': 'QQQ', 'mode': 'tri', 'thr': 100, 'window': '2Y', 'order': 2, 'rows': 9}
{'ticker': 'QQQ', 'mode': 'tri', 'thr': 100, 'window': '2Y', 'order': 3, 'rows': 27}
{'ticker': 'QQQ', 'mode': 'tri', 'thr': 100, 'window': '2Y', 'order': 4, 'rows': 65}
{'ticker': 'QQQ', 'mode': 'tri', 'thr': 100, 'window': '5Y', 'order': 1, 'rows': 3}
{'ticker': 'QQQ', 'mode': 'tri', 'thr': 100, 'window': '5Y', 'order': 2, 'rows': 9}
{'ticker': 'QQQ', 'mode': 'tri', 'thr': 100, 'window': '5Y', 'order': 3, 'rows': 27}
{'ticker': 'QQQ', 'mode': 'tri', 'thr': 100, 'window': '5Y', 'order': 4, 'rows': 80}
{'ticker': 'QQQ', 'mode': 'tri', 'thr': 100, 'window': '10Y', 'order': 1, 'rows': 3}
{'ticker': 'QQQ', 'mode': 'tri', 'thr': 100, 'window': '10Y', 'order': 2, 'rows': 9}
{'ticker': 'QQQ', 'mode': 'tri', 'thr': 100, 'window': '10Y', 'order': 3, 'rows': 27}
{'ticker': 'QQQ', 'mode': 'tri', 'thr': 100, 'window': '10Y', 'order': 4, 'rows': 81}
{'ticker': 'QQQ', 'mode': 'tri', 'thr': 100, 'window': '20Y', 'order': 1, 'rows': 3}
{'ticker': 'QQQ', 'mode': 'tri', 'thr': 100, 'window': '20Y', 'order': 2, 'rows': 9}
{'ticker': 'QQQ', 'mode': 'tri', 'thr': 100, 'window': '20Y', 'order': 3, 'rows': 27}
{'ticker': 'QQQ', 'mode': 'tri', 'thr': 100, 'window': '20Y', 'order': 4, 'rows': 81}
{'ticker': 'QQQ', 'mode': 'tri', 'thr': 100, 'window': 'MAX', 'order': 1, 'rows': 3}
{'ticker': 'QQQ', 'mode': 'tri', 'thr': 100, 'window': 'MAX', 'order': 2, 'rows': 9}
{'ticker': 'QQQ', 'mode': 'tri', 'thr': 100, 'window': 'MAX', 'order': 3, 'rows': 27}
{'ticker': 'QQQ', 'mode': 'tri', 'thr': 100, 'window': 'MAX', 'order': 4, 'rows': 81}
{'ticker': 'QQQ', 'mode': 'tri', 'thr': 105, 'window': '1Y', 'order': 1, 'rows': 3}
{'ticker': 'QQQ', 'mode': 'tri', 'thr': 105, 'window': '1Y', 'order': 2, 'rows': 9}
{'ticker': 'QQQ', 'mode': 'tri', 'thr': 105, 'window': '1Y', 'order': 3, 'rows': 25}
{'ticker': 'QQQ', 'mode': 'tri', 'thr': 105, 'window': '1Y', 'order': 4, 'rows': 52}
{'ticker': 'QQQ', 'mode': 'tri', 'thr': 105, 'window': '2Y', 'order': 1, 'rows': 3}
{'ticker': 'QQQ', 'mode': 'tri', 'thr': 105, 'window': '2Y', 'order': 2, 'rows': 9}
{'ticker': 'QQQ', 'mode': 'tri', 'thr': 105, 'window': '2Y', 'order': 3, 'rows': 26}
{'ticker': 'QQQ', 'mode': 'tri', 'thr': 105, 'window': '2Y', 'order': 4, 'rows': 62}
{'ticker': 'QQQ', 'mode': 'tri', 'thr': 105, 'window': '5Y', 'order': 1, 'rows': 3}
{'ticker': 'QQQ', 'mode': 'tri', 'thr': 105, 'window': '5Y', 'order': 2, 'rows': 9}
{'ticker': 'QQQ', 'mode': 'tri', 'thr': 105, 'window': '5Y', 'order': 3, 'rows': 27}
{'ticker': 'QQQ', 'mode': 'tri', 'thr': 105, 'window': '5Y', 'order': 4, 'rows': 80}
{'ticker': 'QQQ', 'mode': 'tri', 'thr': 105, 'window': '10Y', 'order': 1, 'rows': 3}
{'ticker': 'QQQ', 'mode': 'tri', 'thr': 105, 'window': '10Y', 'order': 2, 'rows': 9}
{'ticker': 'QQQ', 'mode': 'tri', 'thr': 105, 'window': '10Y', 'order': 3, 'rows': 27}
{'ticker': 'QQQ', 'mode': 'tri', 'thr': 105, 'window': '10Y', 'order': 4, 'rows': 81}
{'ticker': 'QQQ', 'mode': 'tri', 'thr': 105, 'window': '20Y', 'order': 1, 'rows': 3}
{'ticker': 'QQQ', 'mode': 'tri', 'thr': 105, 'window': '20Y', 'order': 2, 'rows': 9}
{'ticker': 'QQQ', 'mode': 'tri', 'thr': 105, 'window': '20Y', 'order': 3, 'rows': 27}
{'ticker': 'QQQ', 'mode': 'tri', 'thr': 105, 'window': '20Y', 'order': 4, 'rows': 81}
{'ticker': 'QQQ', 'mode': 'tri', 'thr': 105, 'window': 'MAX', 'order': 1, 'rows': 3}
{'ticker': 'QQQ', 'mode': 'tri', 'thr': 105, 'window': 'MAX', 'order': 2, 'rows': 9}
{'ticker': 'QQQ', 'mode': 'tri', 'thr': 105, 'window': 'MAX', 'order': 3, 'rows': 27}
{'ticker': 'QQQ', 'mode': 'tri', 'thr': 105, 'window': 'MAX', 'order': 4, 'rows': 81}
{'ticker': 'QQQ', 'mode': 'tri', 'thr': 110, 'window': '1Y', 'order': 1, 'rows': 3}
{'ticker': 'QQQ', 'mode': 'tri', 'thr': 110, 'window': '1Y', 'order': 2, 'rows': 9}
{'ticker': 'QQQ', 'mode': 'tri', 'thr': 110, 'window': '1Y', 'order': 3, 'rows': 25}
{'ticker': 'QQQ', 'mode': 'tri', 'thr': 110, 'window': '1Y', 'order': 4, 'rows': 52}
{'ticker': 'QQQ', 'mode': 'tri', 'thr': 110, 'window': '2Y', 'order': 1, 'rows': 3}
{'ticker': 'QQQ', 'mode': 'tri', 'thr': 110, 'window': '2Y', 'order': 2, 'rows': 9}
{'ticker': 'QQQ', 'mode': 'tri', 'thr': 110, 'window': '2Y', 'order': 3, 'rows': 26}
{'ticker': 'QQQ', 'mode': 'tri', 'thr': 110, 'window': '2Y', 'order': 4, 'rows': 62}
{'ticker': 'QQQ', 'mode': 'tri', 'thr': 110, 'window': '5Y', 'order': 1, 'rows': 3}
{'ticker': 'QQQ', 'mode': 'tri', 'thr': 110, 'window': '5Y', 'order': 2, 'rows': 9}
{'ticker': 'QQQ', 'mode': 'tri', 'thr': 110, 'window': '5Y', 'order': 3, 'rows': 27}
{'ticker': 'QQQ', 'mode': 'tri', 'thr': 110, 'window': '5Y', 'order': 4, 'rows': 79}
{'ticker': 'QQQ', 'mode': 'tri', 'thr': 110, 'window': '10Y', 'order': 1, 'rows': 3}
{'ticker': 'QQQ', 'mode': 'tri', 'thr': 110, 'window': '10Y', 'order': 2, 'rows': 9}
{'ticker': 'QQQ', 'mode': 'tri', 'thr': 110, 'window': '10Y', 'order': 3, 'rows': 27}
{'ticker': 'QQQ', 'mode': 'tri', 'thr': 110, 'window': '10Y', 'order': 4, 'rows': 80}
{'ticker': 'QQQ', 'mode': 'tri', 'thr': 110, 'window': '20Y', 'order': 1, 'rows': 3}
{'ticker': 'QQQ', 'mode': 'tri', 'thr': 110, 'window': '20Y', 'order': 2, 'rows': 9}
{'ticker': 'QQQ', 'mode': 'tri', 'thr': 110, 'window': '20Y', 'order': 3, 'rows': 27}2025-11-12 11:25:20,330 INFO [cli] {'ticker': 'QQQ', 'mode': 'tri', 'thr': 130, 'window': '20Y', 'order': 4, 'rows': 80}
2025-11-12 11:25:20,339 INFO [cli] {'ticker': 'QQQ', 'mode': 'tri', 'thr': 130, 'window': 'MAX', 'order': 1, 'rows': 3}
2025-11-12 11:25:20,347 INFO [cli] {'ticker': 'QQQ', 'mode': 'tri', 'thr': 130, 'window': 'MAX', 'order': 2, 'rows': 9}
2025-11-12 11:25:20,360 INFO [cli] {'ticker': 'QQQ', 'mode': 'tri', 'thr': 130, 'window': 'MAX', 'order': 3, 'rows': 27}
2025-11-12 11:25:20,370 INFO [cli] {'ticker': 'QQQ', 'mode': 'tri', 'thr': 130, 'window': 'MAX', 'order': 4, 'rows': 81}
2025-11-12 11:25:20,387 INFO [cli] {'ticker': 'QQQ', 'mode': 'tri', 'thr': 135, 'window': '1Y', 'order': 1, 'rows': 3}
2025-11-12 11:25:20,398 INFO [cli] {'ticker': 'QQQ', 'mode': 'tri', 'thr': 135, 'window': '1Y', 'order': 2, 'rows': 9}
2025-11-12 11:25:20,411 INFO [cli] {'ticker': 'QQQ', 'mode': 'tri', 'thr': 135, 'window': '1Y', 'order': 3, 'rows': 21}
2025-11-12 11:25:20,420 INFO [cli] {'ticker': 'QQQ', 'mode': 'tri', 'thr': 135, 'window': '1Y', 'order': 4, 'rows': 38}
2025-11-12 11:25:20,429 INFO [cli] {'ticker': 'QQQ', 'mode': 'tri', 'thr': 135, 'window': '2Y', 'order': 1, 'rows': 3}
2025-11-12 11:25:20,440 INFO [cli] {'ticker': 'QQQ', 'mode': 'tri', 'thr': 135, 'window': '2Y', 'order': 2, 'rows': 9}
2025-11-12 11:25:20,451 INFO [cli] {'ticker': 'QQQ', 'mode': 'tri', 'thr': 135, 'window': '2Y', 'order': 3, 'rows': 25}
2025-11-12 11:25:20,460 INFO [cli] {'ticker': 'QQQ', 'mode': 'tri', 'thr': 135, 'window': '2Y', 'order': 4, 'rows': 50}
2025-11-12 11:25:20,469 INFO [cli] {'ticker': 'QQQ', 'mode': 'tri', 'thr': 135, 'window': '5Y', 'order': 1, 'rows': 3}
2025-11-12 11:25:20,478 INFO [cli] {'ticker': 'QQQ', 'mode': 'tri', 'thr': 135, 'window': '5Y', 'order': 2, 'rows': 9}
2025-11-12 11:25:20,487 INFO [cli] {'ticker': 'QQQ', 'mode': 'tri', 'thr': 135, 'window': '5Y', 'order': 3, 'rows': 27}
2025-11-12 11:25:20,494 INFO [cli] {'ticker': 'QQQ', 'mode': 'tri', 'thr': 135, 'window': '5Y', 'order': 4, 'rows': 73}
2025-11-12 11:25:20,504 INFO [cli] {'ticker': 'QQQ', 'mode': 'tri', 'thr': 135, 'window': '10Y', 'order': 1, 'rows': 3}
2025-11-12 11:25:20,514 INFO [cli] {'ticker': 'QQQ', 'mode': 'tri', 'thr': 135, 'window': '10Y', 'order': 2, 'rows': 9}
2025-11-12 11:25:20,523 INFO [cli] {'ticker': 'QQQ', 'mode': 'tri', 'thr': 135, 'window': '10Y', 'order': 3, 'rows': 27}
2025-11-12 11:25:20,530 INFO [cli] {'ticker': 'QQQ', 'mode': 'tri', 'thr': 135, 'window': '10Y', 'order': 4, 'rows': 78}
2025-11-12 11:25:20,538 INFO [cli] {'ticker': 'QQQ', 'mode': 'tri', 'thr': 135, 'window': '20Y', 'order': 1, 'rows': 3}
2025-11-12 11:25:20,547 INFO [cli] {'ticker': 'QQQ', 'mode': 'tri', 'thr': 135, 'window': '20Y', 'order': 2, 'rows': 9}
2025-11-12 11:25:20,558 INFO [cli] {'ticker': 'QQQ', 'mode': 'tri', 'thr': 135, 'window': '20Y', 'order': 3, 'rows': 27}
2025-11-12 11:25:20,564 INFO [cli] {'ticker': 'QQQ', 'mode': 'tri', 'thr': 135, 'window': '20Y', 'order': 4, 'rows': 80}
2025-11-12 11:25:20,572 INFO [cli] {'ticker': 'QQQ', 'mode': 'tri', 'thr': 135, 'window': 'MAX', 'order': 1, 'rows': 3}
2025-11-12 11:25:20,583 INFO [cli] {'ticker': 'QQQ', 'mode': 'tri', 'thr': 135, 'window': 'MAX', 'order': 2, 'rows': 9}
2025-11-12 11:25:20,591 INFO [cli] {'ticker': 'QQQ', 'mode': 'tri', 'thr': 135, 'window': 'MAX', 'order': 3, 'rows': 27}
2025-11-12 11:25:20,599 INFO [cli] {'ticker': 'QQQ', 'mode': 'tri', 'thr': 135, 'window': 'MAX', 'order': 4, 'rows': 81}
2025-11-12 11:25:20,614 INFO [cli] {'ticker': 'QQQ', 'mode': 'tri', 'thr': 140, 'window': '1Y', 'order': 1, 'rows': 3}
2025-11-12 11:25:20,629 INFO [cli] {'ticker': 'QQQ', 'mode': 'tri', 'thr': 140, 'window': '1Y', 'order': 2, 'rows': 9}
2025-11-12 11:25:20,637 INFO [cli] {'ticker': 'QQQ', 'mode': 'tri', 'thr': 140, 'window': '1Y', 'order': 3, 'rows': 21}
2025-11-12 11:25:20,644 INFO [cli] {'ticker': 'QQQ', 'mode': 'tri', 'thr': 140, 'window': '1Y', 'order': 4, 'rows': 38}
2025-11-12 11:25:20,652 INFO [cli] {'ticker': 'QQQ', 'mode': 'tri', 'thr': 140, 'window': '2Y', 'order': 1, 'rows': 3}
2025-11-12 11:25:20,661 INFO [cli] {'ticker': 'QQQ', 'mode': 'tri', 'thr': 140, 'window': '2Y', 'order': 2, 'rows': 9}
2025-11-12 11:25:20,671 INFO [cli] {'ticker': 'QQQ', 'mode': 'tri', 'thr': 140, 'window': '2Y', 'order': 3, 'rows': 25}
2025-11-12 11:25:20,682 INFO [cli] {'ticker': 'QQQ', 'mode': 'tri', 'thr': 140, 'window': '2Y', 'order': 4, 'rows': 49}
2025-11-12 11:25:20,690 INFO [cli] {'ticker': 'QQQ', 'mode': 'tri', 'thr': 140, 'window': '5Y', 'order': 1, 'rows': 3}
2025-11-12 11:25:20,700 INFO [cli] {'ticker': 'QQQ', 'mode': 'tri', 'thr': 140, 'window': '5Y', 'order': 2, 'rows': 9}
2025-11-12 11:25:20,708 INFO [cli] {'ticker': 'QQQ', 'mode': 'tri', 'thr': 140, 'window': '5Y', 'order': 3, 'rows': 27}
2025-11-12 11:25:20,717 INFO [cli] {'ticker': 'QQQ', 'mode': 'tri', 'thr': 140, 'window': '5Y', 'order': 4, 'rows': 72}
2025-11-12 11:25:20,727 INFO [cli] {'ticker': 'QQQ', 'mode': 'tri', 'thr': 140, 'window': '10Y', 'order': 1, 'rows': 3}
2025-11-12 11:25:20,742 INFO [cli] {'ticker': 'QQQ', 'mode': 'tri', 'thr': 140, 'window': '10Y', 'order': 2, 'rows': 9}
2025-11-12 11:25:20,753 INFO [cli] {'ticker': 'QQQ', 'mode': 'tri', 'thr': 140, 'window': '10Y', 'order': 3, 'rows': 27}
2025-11-12 11:25:20,764 INFO [cli] {'ticker': 'QQQ', 'mode': 'tri', 'thr': 140, 'window': '10Y', 'order': 4, 'rows': 77}
2025-11-12 11:25:20,776 INFO [cli] {'ticker': 'QQQ', 'mode': 'tri', 'thr': 140, 'window': '20Y', 'order': 1, 'rows': 3}
2025-11-12 11:25:20,791 INFO [cli] {'ticker': 'QQQ', 'mode': 'tri', 'thr': 140, 'window': '20Y', 'order': 2, 'rows': 9}
2025-11-12 11:25:20,803 INFO [cli] {'ticker': 'QQQ', 'mode': 'tri', 'thr': 140, 'window': '20Y', 'order': 3, 'rows': 27}
2025-11-12 11:25:20,816 INFO [cli] {'ticker': 'QQQ', 'mode': 'tri', 'thr': 140, 'window': '20Y', 'order': 4, 'rows': 80}
2025-11-12 11:25:20,827 INFO [cli] {'ticker': 'QQQ', 'mode': 'tri', 'thr': 140, 'window': 'MAX', 'order': 1, 'rows': 3}
2025-11-12 11:25:20,844 INFO [cli] {'ticker': 'QQQ', 'mode': 'tri', 'thr': 140, 'window': 'MAX', 'order': 2, 'rows': 9}
2025-11-12 11:25:20,855 INFO [cli] {'ticker': 'QQQ', 'mode': 'tri', 'thr': 140, 'window': 'MAX', 'order': 3, 'rows': 27}
2025-11-12 11:25:20,866 INFO [cli] {'ticker': 'QQQ', 'mode': 'tri', 'thr': 140, 'window': 'MAX', 'order': 4, 'rows': 81}
2025-11-12 11:25:20,897 INFO [cli] {'ticker': 'QQQ', 'mode': 'tri', 'thr': 145, 'window': '1Y', 'order': 1, 'rows': 3}
2025-11-12 11:25:20,907 INFO [cli] {'ticker': 'QQQ', 'mode': 'tri', 'thr': 145, 'window': '1Y', 'order': 2, 'rows': 9}
2025-11-12 11:25:20,916 INFO [cli] {'ticker': 'QQQ', 'mode': 'tri', 'thr': 145, 'window': '1Y', 'order': 3, 'rows': 21}
2025-11-12 11:25:20,927 INFO [cli] {'ticker': 'QQQ', 'mode': 'tri', 'thr': 145, 'window': '1Y', 'order': 4, 'rows': 37}
2025-11-12 11:25:20,938 INFO [cli] {'ticker': 'QQQ', 'mode': 'tri', 'thr': 145, 'window': '2Y', 'order': 1, 'rows': 3}
2025-11-12 11:25:20,948 INFO [cli] {'ticker': 'QQQ', 'mode': 'tri', 'thr': 145, 'window': '2Y', 'order': 2, 'rows': 9}
2025-11-12 11:25:20,963 INFO [cli] {'ticker': 'QQQ', 'mode': 'tri', 'thr': 145, 'window': '2Y', 'order': 3, 'rows': 25}
2025-11-12 11:25:20,977 INFO [cli] {'ticker': 'QQQ', 'mode': 'tri', 'thr': 145, 'window': '2Y', 'order': 4, 'rows': 46}
2025-11-12 11:25:20,989 INFO [cli] {'ticker': 'QQQ', 'mode': 'tri', 'thr': 145, 'window': '5Y', 'order': 1, 'rows': 3}
2025-11-12 11:25:21,004 INFO [cli] {'ticker': 'QQQ', 'mode': 'tri', 'thr': 145, 'window': '5Y', 'order': 2, 'rows': 9}
2025-11-12 11:25:21,017 INFO [cli] {'ticker': 'QQQ', 'mode': 'tri', 'thr': 145, 'window': '5Y', 'order': 3, 'rows': 27}
2025-11-12 11:25:21,030 INFO [cli] {'ticker': 'QQQ', 'mode': 'tri', 'thr': 145, 'window': '5Y', 'order': 4, 'rows': 72}
2025-11-12 11:25:21,048 INFO [cli] {'ticker': 'QQQ', 'mode': 'tri', 'thr': 145, 'window': '10Y', 'order': 1, 'rows': 3}
2025-11-12 11:25:21,059 INFO [cli] {'ticker': 'QQQ', 'mode': 'tri', 'thr': 145, 'window': '10Y', 'order': 2, 'rows': 9}
2025-11-12 11:25:21,068 INFO [cli] {'ticker': 'QQQ', 'mode': 'tri', 'thr': 145, 'window': '10Y', 'order': 3, 'rows': 27}
2025-11-12 11:25:21,078 INFO [cli] {'ticker': 'QQQ', 'mode': 'tri', 'thr': 145, 'window': '10Y', 'order': 4, 'rows': 74}
2025-11-12 11:25:21,088 INFO [cli] {'ticker': 'QQQ', 'mode': 'tri', 'thr': 145, 'window': '20Y', 'order': 1, 'rows': 3}
2025-11-12 11:25:21,096 INFO [cli] {'ticker': 'QQQ', 'mode': 'tri', 'thr': 145, 'window': '20Y', 'order': 2, 'rows': 9}
2025-11-12 11:25:21,106 INFO [cli] {'ticker': 'QQQ', 'mode': 'tri', 'thr': 145, 'window': '20Y', 'order': 3, 'rows': 27}
2025-11-12 11:25:21,114 INFO [cli] {'ticker': 'QQQ', 'mode': 'tri', 'thr': 145, 'window': '20Y', 'order': 4, 'rows': 78}
2025-11-12 11:25:21,124 INFO [cli] {'ticker': 'QQQ', 'mode': 'tri', 'thr': 145, 'window': 'MAX', 'order': 1, 'rows': 3}
2025-11-12 11:25:21,133 INFO [cli] {'ticker': 'QQQ', 'mode': 'tri', 'thr': 145, 'window': 'MAX', 'order': 2, 'rows': 9}
2025-11-12 11:25:21,141 INFO [cli] {'ticker': 'QQQ', 'mode': 'tri', 'thr': 145, 'window': 'MAX', 'order': 3, 'rows': 27}
2025-11-12 11:25:21,152 INFO [cli] {'ticker': 'QQQ', 'mode': 'tri', 'thr': 145, 'window': 'MAX', 'order': 4, 'rows': 81}
2025-11-12 11:25:21,167 INFO [cli] {'ticker': 'QQQ', 'mode': 'tri', 'thr': 150, 'window': '1Y', 'order': 1, 'rows': 3}
2025-11-12 11:25:21,178 INFO [cli] {'ticker': 'QQQ', 'mode': 'tri', 'thr': 150, 'window': '1Y', 'order': 2, 'rows': 9}
2025-11-12 11:25:21,187 INFO [cli] {'ticker': 'QQQ', 'mode': 'tri', 'thr': 150, 'window': '1Y', 'order': 3, 'rows': 21}
2025-11-12 11:25:21,196 INFO [cli] {'ticker': 'QQQ', 'mode': 'tri', 'thr': 150, 'window': '1Y', 'order': 4, 'rows': 37}
2025-11-12 11:25:21,207 INFO [cli] {'ticker': 'QQQ', 'mode': 'tri', 'thr': 150, 'window': '2Y', 'order': 1, 'rows': 3}
2025-11-12 11:25:21,219 INFO [cli] {'ticker': 'QQQ', 'mode': 'tri', 'thr': 150, 'window': '2Y', 'order': 2, 'rows': 9}
2025-11-12 11:25:21,229 INFO [cli] {'ticker': 'QQQ', 'mode': 'tri', 'thr': 150, 'window': '2Y', 'order': 3, 'rows': 25}
2025-11-12 11:25:21,239 INFO [cli] {'ticker': 'QQQ', 'mode': 'tri', 'thr': 150, 'window': '2Y', 'order': 4, 'rows': 46}
2025-11-12 11:25:21,247 INFO [cli] {'ticker': 'QQQ', 'mode': 'tri', 'thr': 150, 'window': '5Y', 'order': 1, 'rows': 3}
2025-11-12 11:25:21,258 INFO [cli] {'ticker': 'QQQ', 'mode': 'tri', 'thr': 150, 'window': '5Y', 'order': 2, 'rows': 9}
2025-11-12 11:25:21,271 INFO [cli] {'ticker': 'QQQ', 'mode': 'tri', 'thr': 150, 'window': '5Y', 'order': 3, 'rows': 27}
2025-11-12 11:25:21,279 INFO [cli] {'ticker': 'QQQ', 'mode': 'tri', 'thr': 150, 'window': '5Y', 'order': 4, 'rows': 71}
2025-11-12 11:25:21,293 INFO [cli] {'ticker': 'QQQ', 'mode': 'tri', 'thr': 150, 'window': '10Y', 'order': 1, 'rows': 3}
2025-11-12 11:25:21,304 INFO [cli] {'ticker': 'QQQ', 'mode': 'tri', 'thr': 150, 'window': '10Y', 'order': 2, 'rows': 9}
2025-11-12 11:25:21,312 INFO [cli] {'ticker': 'QQQ', 'mode': 'tri', 'thr': 150, 'window': '10Y', 'order': 3, 'rows': 27}
2025-11-12 11:25:21,323 INFO [cli] {'ticker': 'QQQ', 'mode': 'tri', 'thr': 150, 'window': '10Y', 'order': 4, 'rows': 74}
2025-11-12 11:25:21,333 INFO [cli] {'ticker': 'QQQ', 'mode': 'tri', 'thr': 150, 'window': '20Y', 'order': 1, 'rows': 3}
2025-11-12 11:25:21,343 INFO [cli] {'ticker': 'QQQ', 'mode': 'tri', 'thr': 150, 'window': '20Y', 'order': 2, 'rows': 9}
2025-11-12 11:25:21,352 INFO [cli] {'ticker': 'QQQ', 'mode': 'tri', 'thr': 150, 'window': '20Y', 'order': 3, 'rows': 27}
2025-11-12 11:25:21,360 INFO [cli] {'ticker': 'QQQ', 'mode': 'tri', 'thr': 150, 'window': '20Y', 'order': 4, 'rows': 78}

{'ticker': 'QQQ', 'mode': 'tri', 'thr': 110, 'window': '20Y', 'order': 4, 'rows': 81}
{'ticker': 'QQQ', 'mode': 'tri', 'thr': 110, 'window': 'MAX', 'order': 1, 'rows': 3}
{'ticker': 'QQQ', 'mode': 'tri', 'thr': 110, 'window': 'MAX', 'order': 2, 'rows': 9}
{'ticker': 'QQQ', 'mode': 'tri', 'thr': 110, 'window': 'MAX', 'order': 3, 'rows': 27}
{'ticker': 'QQQ', 'mode': 'tri', 'thr': 110, 'window': 'MAX', 'order': 4, 'rows': 81}
{'ticker': 'QQQ', 'mode': 'tri', 'thr': 115, 'window': '1Y', 'order': 1, 'rows': 3}
{'ticker': 'QQQ', 'mode': 'tri', 'thr': 115, 'window': '1Y', 'order': 2, 'rows': 9}
{'ticker': 'QQQ', 'mode': 'tri', 'thr': 115, 'window': '1Y', 'order': 3, 'rows': 24}
{'ticker': 'QQQ', 'mode': 'tri', 'thr': 115, 'window': '1Y', 'order': 4, 'rows': 47}
{'ticker': 'QQQ', 'mode': 'tri', 'thr': 115, 'window': '2Y', 'order': 1, 'rows': 3}
{'ticker': 'QQQ', 'mode': 'tri', 'thr': 115, 'window': '2Y', 'order': 2, 'rows': 9}
{'ticker': 'QQQ', 'mode': 'tri', 'thr': 115, 'window': '2Y', 'order': 3, 'rows': 25}
{'ticker': 'QQQ', 'mode': 'tri', 'thr': 115, 'window': '2Y', 'order': 4, 'rows': 58}
{'ticker': 'QQQ', 'mode': 'tri', 'thr': 115, 'window': '5Y', 'order': 1, 'rows': 3}
{'ticker': 'QQQ', 'mode': 'tri', 'thr': 115, 'window': '5Y', 'order': 2, 'rows': 9}
{'ticker': 'QQQ', 'mode': 'tri', 'thr': 115, 'window': '5Y', 'order': 3, 'rows': 27}
{'ticker': 'QQQ', 'mode': 'tri', 'thr': 115, 'window': '5Y', 'order': 4, 'rows': 78}
{'ticker': 'QQQ', 'mode': 'tri', 'thr': 115, 'window': '10Y', 'order': 1, 'rows': 3}
{'ticker': 'QQQ', 'mode': 'tri', 'thr': 115, 'window': '10Y', 'order': 2, 'rows': 9}
{'ticker': 'QQQ', 'mode': 'tri', 'thr': 115, 'window': '10Y', 'order': 3, 'rows': 27}
{'ticker': 'QQQ', 'mode': 'tri', 'thr': 115, 'window': '10Y', 'order': 4, 'rows': 80}
{'ticker': 'QQQ', 'mode': 'tri', 'thr': 115, 'window': '20Y', 'order': 1, 'rows': 3}
{'ticker': 'QQQ', 'mode': 'tri', 'thr': 115, 'window': '20Y', 'order': 2, 'rows': 9}
{'ticker': 'QQQ', 'mode': 'tri', 'thr': 115, 'window': '20Y', 'order': 3, 'rows': 27}
{'ticker': 'QQQ', 'mode': 'tri', 'thr': 115, 'window': '20Y', 'order': 4, 'rows': 81}
{'ticker': 'QQQ', 'mode': 'tri', 'thr': 115, 'window': 'MAX', 'order': 1, 'rows': 3}
{'ticker': 'QQQ', 'mode': 'tri', 'thr': 115, 'window': 'MAX', 'order': 2, 'rows': 9}
{'ticker': 'QQQ', 'mode': 'tri', 'thr': 115, 'window': 'MAX', 'order': 3, 'rows': 27}
{'ticker': 'QQQ', 'mode': 'tri', 'thr': 115, 'window': 'MAX', 'order': 4, 'rows': 81}
{'ticker': 'QQQ', 'mode': 'tri', 'thr': 120, 'window': '1Y', 'order': 1, 'rows': 3}
{'ticker': 'QQQ', 'mode': 'tri', 'thr': 120, 'window': '1Y', 'order': 2, 'rows': 9}
{'ticker': 'QQQ', 'mode': 'tri', 'thr': 120, 'window': '1Y', 'order': 3, 'rows': 23}
{'ticker': 'QQQ', 'mode': 'tri', 'thr': 120, 'window': '1Y', 'order': 4, 'rows': 45}
{'ticker': 'QQQ', 'mode': 'tri', 'thr': 120, 'window': '2Y', 'order': 1, 'rows': 3}
{'ticker': 'QQQ', 'mode': 'tri', 'thr': 120, 'window': '2Y', 'order': 2, 'rows': 9}
{'ticker': 'QQQ', 'mode': 'tri', 'thr': 120, 'window': '2Y', 'order': 3, 'rows': 25}
{'ticker': 'QQQ', 'mode': 'tri', 'thr': 120, 'window': '2Y', 'order': 4, 'rows': 55}
{'ticker': 'QQQ', 'mode': 'tri', 'thr': 120, 'window': '5Y', 'order': 1, 'rows': 3}
{'ticker': 'QQQ', 'mode': 'tri', 'thr': 120, 'window': '5Y', 'order': 2, 'rows': 9}
{'ticker': 'QQQ', 'mode': 'tri', 'thr': 120, 'window': '5Y', 'order': 3, 'rows': 27}
{'ticker': 'QQQ', 'mode': 'tri', 'thr': 120, 'window': '5Y', 'order': 4, 'rows': 76}
{'ticker': 'QQQ', 'mode': 'tri', 'thr': 120, 'window': '10Y', 'order': 1, 'rows': 3}
{'ticker': 'QQQ', 'mode': 'tri', 'thr': 120, 'window': '10Y', 'order': 2, 'rows': 9}
{'ticker': 'QQQ', 'mode': 'tri', 'thr': 120, 'window': '10Y', 'order': 3, 'rows': 27}
{'ticker': 'QQQ', 'mode': 'tri', 'thr': 120, 'window': '10Y', 'order': 4, 'rows': 80}
{'ticker': 'QQQ', 'mode': 'tri', 'thr': 120, 'window': '20Y', 'order': 1, 'rows': 3}
{'ticker': 'QQQ', 'mode': 'tri', 'thr': 120, 'window': '20Y', 'order': 2, 'rows': 9}
{'ticker': 'QQQ', 'mode': 'tri', 'thr': 120, 'window': '20Y', 'order': 3, 'rows': 27}
{'ticker': 'QQQ', 'mode': 'tri', 'thr': 120, 'window': '20Y', 'order': 4, 'rows': 81}
{'ticker': 'QQQ', 'mode': 'tri', 'thr': 120, 'window': 'MAX', 'order': 1, 'rows': 3}
{'ticker': 'QQQ', 'mode': 'tri', 'thr': 120, 'window': 'MAX', 'order': 2, 'rows': 9}
{'ticker': 'QQQ', 'mode': 'tri', 'thr': 120, 'window': 'MAX', 'order': 3, 'rows': 27}
{'ticker': 'QQQ', 'mode': 'tri', 'thr': 120, 'window': 'MAX', 'order': 4, 'rows': 81}
{'ticker': 'QQQ', 'mode': 'tri', 'thr': 125, 'window': '1Y', 'order': 1, 'rows': 3}
{'ticker': 'QQQ', 'mode': 'tri', 'thr': 125, 'window': '1Y', 'order': 2, 'rows': 9}
{'ticker': 'QQQ', 'mode': 'tri', 'thr': 125, 'window': '1Y', 'order': 3, 'rows': 23}
{'ticker': 'QQQ', 'mode': 'tri', 'thr': 125, 'window': '1Y', 'order': 4, 'rows': 45}
{'ticker': 'QQQ', 'mode': 'tri', 'thr': 125, 'window': '2Y', 'order': 1, 'rows': 3}
{'ticker': 'QQQ', 'mode': 'tri', 'thr': 125, 'window': '2Y', 'order': 2, 'rows': 9}
{'ticker': 'QQQ', 'mode': 'tri', 'thr': 125, 'window': '2Y', 'order': 3, 'rows': 25}
{'ticker': 'QQQ', 'mode': 'tri', 'thr': 125, 'window': '2Y', 'order': 4, 'rows': 55}
{'ticker': 'QQQ', 'mode': 'tri', 'thr': 125, 'window': '5Y', 'order': 1, 'rows': 3}
{'ticker': 'QQQ', 'mode': 'tri', 'thr': 125, 'window': '5Y', 'order': 2, 'rows': 9}
{'ticker': 'QQQ', 'mode': 'tri', 'thr': 125, 'window': '5Y', 'order': 3, 'rows': 27}
{'ticker': 'QQQ', 'mode': 'tri', 'thr': 125, 'window': '5Y', 'order': 4, 'rows': 75}
{'ticker': 'QQQ', 'mode': 'tri', 'thr': 125, 'window': '10Y', 'order': 1, 'rows': 3}
{'ticker': 'QQQ', 'mode': 'tri', 'thr': 125, 'window': '10Y', 'order': 2, 'rows': 9}
{'ticker': 'QQQ', 'mode': 'tri', 'thr': 125, 'window': '10Y', 'order': 3, 'rows': 27}
{'ticker': 'QQQ', 'mode': 'tri', 'thr': 125, 'window': '10Y', 'order': 4, 'rows': 79}
{'ticker': 'QQQ', 'mode': 'tri', 'thr': 125, 'window': '20Y', 'order': 1, 'rows': 3}
{'ticker': 'QQQ', 'mode': 'tri', 'thr': 125, 'window': '20Y', 'order': 2, 'rows': 9}
{'ticker': 'QQQ', 'mode': 'tri', 'thr': 125, 'window': '20Y', 'order': 3, 'rows': 27}
{'ticker': 'QQQ', 'mode': 'tri', 'thr': 125, 'window': '20Y', 'order': 4, 'rows': 81}
{'ticker': 'QQQ', 'mode': 'tri', 'thr': 125, 'window': 'MAX', 'order': 1, 'rows': 3}
{'ticker': 'QQQ', 'mode': 'tri', 'thr': 125, 'window': 'MAX', 'order': 2, 'rows': 9}
{'ticker': 'QQQ', 'mode': 'tri', 'thr': 125, 'window': 'MAX', 'order': 3, 'rows': 27}
{'ticker': 'QQQ', 'mode': 'tri', 'thr': 125, 'window': 'MAX', 'order': 4, 'rows': 81}
{'ticker': 'QQQ', 'mode': 'tri', 'thr': 130, 'window': '1Y', 'order': 1, 'rows': 3}
{'ticker': 'QQQ', 'mode': 'tri', 'thr': 130, 'window': '1Y', 'order': 2, 'rows': 9}
{'ticker': 'QQQ', 'mode': 'tri', 'thr': 130, 'window': '1Y', 'order': 3, 'rows': 23}
{'ticker': 'QQQ', 'mode': 'tri', 'thr': 130, 'window': '1Y', 'order': 4, 'rows': 44}
{'ticker': 'QQQ', 'mode': 'tri', 'thr': 130, 'window': '2Y', 'order': 1, 'rows': 3}
{'ticker': 'QQQ', 'mode': 'tri', 'thr': 130, 'window': '2Y', 'order': 2, 'rows': 9}
{'ticker': 'QQQ', 'mode': 'tri', 'thr': 130, 'window': '2Y', 'order': 3, 'rows': 25}
{'ticker': 'QQQ', 'mode': 'tri', 'thr': 130, 'window': '2Y', 'order': 4, 'rows': 52}
{'ticker': 'QQQ', 'mode': 'tri', 'thr': 130, 'window': '5Y', 'order': 1, 'rows': 3}
{'ticker': 'QQQ', 'mode': 'tri', 'thr': 130, 'window': '5Y', 'order': 2, 'rows': 9}
{'ticker': 'QQQ', 'mode': 'tri', 'thr': 130, 'window': '5Y', 'order': 3, 'rows': 27}
{'ticker': 'QQQ', 'mode': 'tri', 'thr': 130, 'window': '5Y', 'order': 4, 'rows': 73}
{'ticker': 'QQQ', 'mode': 'tri', 'thr': 130, 'window': '10Y', 'order': 1, 'rows': 3}
{'ticker': 'QQQ', 'mode': 'tri', 'thr': 130, 'window': '10Y', 'order': 2, 'rows': 9}
{'ticker': 'QQQ', 'mode': 'tri', 'thr': 130, 'window': '10Y', 'order': 3, 'rows': 27}
{'ticker': 'QQQ', 'mode': 'tri', 'thr': 130, 'window': '10Y', 'order': 4, 'rows': 78}
{'ticker': 'QQQ', 'mode': 'tri', 'thr': 130, 'window': '20Y', 'order': 1, 'rows': 3}
{'ticker': 'QQQ', 'mode': 'tri', 'thr': 130, 'window': '20Y', 'order': 2, 'rows': 9}
{'ticker': 'QQQ', 'mode': 'tri', 'thr': 130, 'window': '20Y', 'order': 3, 'rows': 27}
{'ticker': 'QQQ', 'mode': 'tri', 'thr': 130, 'window': '20Y', 'order': 4, 'rows': 80}2025-11-12 11:25:21,368 INFO [cli] {'ticker': 'QQQ', 'mode': 'tri', 'thr': 150, 'window': 'MAX', 'order': 1, 'rows': 3}
2025-11-12 11:25:21,378 INFO [cli] {'ticker': 'QQQ', 'mode': 'tri', 'thr': 150, 'window': 'MAX', 'order': 2, 'rows': 9}
2025-11-12 11:25:21,387 INFO [cli] {'ticker': 'QQQ', 'mode': 'tri', 'thr': 150, 'window': 'MAX', 'order': 3, 'rows': 27}
2025-11-12 11:25:21,397 INFO [cli] {'ticker': 'QQQ', 'mode': 'tri', 'thr': 150, 'window': 'MAX', 'order': 4, 'rows': 81}
2025-11-12 11:25:21,415 INFO [cli] {'ticker': 'DIA', 'mode': 'binary', 'thr': 0, 'window': '1Y', 'order': 1, 'rows': 2}
2025-11-12 11:25:21,423 INFO [cli] {'ticker': 'DIA', 'mode': 'binary', 'thr': 0, 'window': '1Y', 'order': 2, 'rows': 4}
2025-11-12 11:25:21,434 INFO [cli] {'ticker': 'DIA', 'mode': 'binary', 'thr': 0, 'window': '1Y', 'order': 3, 'rows': 8}
2025-11-12 11:25:21,442 INFO [cli] {'ticker': 'DIA', 'mode': 'binary', 'thr': 0, 'window': '1Y', 'order': 4, 'rows': 16}
2025-11-12 11:25:21,450 INFO [cli] {'ticker': 'DIA', 'mode': 'binary', 'thr': 0, 'window': '2Y', 'order': 1, 'rows': 2}
2025-11-12 11:25:21,463 INFO [cli] {'ticker': 'DIA', 'mode': 'binary', 'thr': 0, 'window': '2Y', 'order': 2, 'rows': 4}
2025-11-12 11:25:21,478 INFO [cli] {'ticker': 'DIA', 'mode': 'binary', 'thr': 0, 'window': '2Y', 'order': 3, 'rows': 8}
2025-11-12 11:25:21,486 INFO [cli] {'ticker': 'DIA', 'mode': 'binary', 'thr': 0, 'window': '2Y', 'order': 4, 'rows': 16}
2025-11-12 11:25:21,495 INFO [cli] {'ticker': 'DIA', 'mode': 'binary', 'thr': 0, 'window': '5Y', 'order': 1, 'rows': 2}
2025-11-12 11:25:21,503 INFO [cli] {'ticker': 'DIA', 'mode': 'binary', 'thr': 0, 'window': '5Y', 'order': 2, 'rows': 4}
2025-11-12 11:25:21,513 INFO [cli] {'ticker': 'DIA', 'mode': 'binary', 'thr': 0, 'window': '5Y', 'order': 3, 'rows': 8}
2025-11-12 11:25:21,523 INFO [cli] {'ticker': 'DIA', 'mode': 'binary', 'thr': 0, 'window': '5Y', 'order': 4, 'rows': 16}
2025-11-12 11:25:21,533 INFO [cli] {'ticker': 'DIA', 'mode': 'binary', 'thr': 0, 'window': '10Y', 'order': 1, 'rows': 2}
2025-11-12 11:25:21,541 INFO [cli] {'ticker': 'DIA', 'mode': 'binary', 'thr': 0, 'window': '10Y', 'order': 2, 'rows': 4}
2025-11-12 11:25:21,551 INFO [cli] {'ticker': 'DIA', 'mode': 'binary', 'thr': 0, 'window': '10Y', 'order': 3, 'rows': 8}
2025-11-12 11:25:21,561 INFO [cli] {'ticker': 'DIA', 'mode': 'binary', 'thr': 0, 'window': '10Y', 'order': 4, 'rows': 16}
2025-11-12 11:25:21,570 INFO [cli] {'ticker': 'DIA', 'mode': 'binary', 'thr': 0, 'window': '20Y', 'order': 1, 'rows': 2}
2025-11-12 11:25:21,579 INFO [cli] {'ticker': 'DIA', 'mode': 'binary', 'thr': 0, 'window': '20Y', 'order': 2, 'rows': 4}
2025-11-12 11:25:21,588 INFO [cli] {'ticker': 'DIA', 'mode': 'binary', 'thr': 0, 'window': '20Y', 'order': 3, 'rows': 8}
2025-11-12 11:25:21,597 INFO [cli] {'ticker': 'DIA', 'mode': 'binary', 'thr': 0, 'window': '20Y', 'order': 4, 'rows': 16}
2025-11-12 11:25:21,606 INFO [cli] {'ticker': 'DIA', 'mode': 'binary', 'thr': 0, 'window': 'MAX', 'order': 1, 'rows': 2}
2025-11-12 11:25:21,615 INFO [cli] {'ticker': 'DIA', 'mode': 'binary', 'thr': 0, 'window': 'MAX', 'order': 2, 'rows': 4}
2025-11-12 11:25:21,623 INFO [cli] {'ticker': 'DIA', 'mode': 'binary', 'thr': 0, 'window': 'MAX', 'order': 3, 'rows': 8}
2025-11-12 11:25:21,634 INFO [cli] {'ticker': 'DIA', 'mode': 'binary', 'thr': 0, 'window': 'MAX', 'order': 4, 'rows': 16}
2025-11-12 11:25:21,649 INFO [cli] {'ticker': 'DIA', 'mode': 'binary', 'thr': 5, 'window': '1Y', 'order': 1, 'rows': 2}
2025-11-12 11:25:21,663 INFO [cli] {'ticker': 'DIA', 'mode': 'binary', 'thr': 5, 'window': '1Y', 'order': 2, 'rows': 4}
2025-11-12 11:25:21,674 INFO [cli] {'ticker': 'DIA', 'mode': 'binary', 'thr': 5, 'window': '1Y', 'order': 3, 'rows': 8}
2025-11-12 11:25:21,693 INFO [cli] {'ticker': 'DIA', 'mode': 'binary', 'thr': 5, 'window': '1Y', 'order': 4, 'rows': 16}
2025-11-12 11:25:21,701 INFO [cli] {'ticker': 'DIA', 'mode': 'binary', 'thr': 5, 'window': '2Y', 'order': 1, 'rows': 2}
2025-11-12 11:25:21,713 INFO [cli] {'ticker': 'DIA', 'mode': 'binary', 'thr': 5, 'window': '2Y', 'order': 2, 'rows': 4}
2025-11-12 11:25:21,723 INFO [cli] {'ticker': 'DIA', 'mode': 'binary', 'thr': 5, 'window': '2Y', 'order': 3, 'rows': 8}
2025-11-12 11:25:21,730 INFO [cli] {'ticker': 'DIA', 'mode': 'binary', 'thr': 5, 'window': '2Y', 'order': 4, 'rows': 16}
2025-11-12 11:25:21,741 INFO [cli] {'ticker': 'DIA', 'mode': 'binary', 'thr': 5, 'window': '5Y', 'order': 1, 'rows': 2}
2025-11-12 11:25:21,751 INFO [cli] {'ticker': 'DIA', 'mode': 'binary', 'thr': 5, 'window': '5Y', 'order': 2, 'rows': 4}
2025-11-12 11:25:21,759 INFO [cli] {'ticker': 'DIA', 'mode': 'binary', 'thr': 5, 'window': '5Y', 'order': 3, 'rows': 8}
2025-11-12 11:25:21,768 INFO [cli] {'ticker': 'DIA', 'mode': 'binary', 'thr': 5, 'window': '5Y', 'order': 4, 'rows': 16}
2025-11-12 11:25:21,779 INFO [cli] {'ticker': 'DIA', 'mode': 'binary', 'thr': 5, 'window': '10Y', 'order': 1, 'rows': 2}
2025-11-12 11:25:21,788 INFO [cli] {'ticker': 'DIA', 'mode': 'binary', 'thr': 5, 'window': '10Y', 'order': 2, 'rows': 4}
2025-11-12 11:25:21,798 INFO [cli] {'ticker': 'DIA', 'mode': 'binary', 'thr': 5, 'window': '10Y', 'order': 3, 'rows': 8}
2025-11-12 11:25:21,807 INFO [cli] {'ticker': 'DIA', 'mode': 'binary', 'thr': 5, 'window': '10Y', 'order': 4, 'rows': 16}
2025-11-12 11:25:21,819 INFO [cli] {'ticker': 'DIA', 'mode': 'binary', 'thr': 5, 'window': '20Y', 'order': 1, 'rows': 2}
2025-11-12 11:25:21,829 INFO [cli] {'ticker': 'DIA', 'mode': 'binary', 'thr': 5, 'window': '20Y', 'order': 2, 'rows': 4}
2025-11-12 11:25:21,837 INFO [cli] {'ticker': 'DIA', 'mode': 'binary', 'thr': 5, 'window': '20Y', 'order': 3, 'rows': 8}
2025-11-12 11:25:21,847 INFO [cli] {'ticker': 'DIA', 'mode': 'binary', 'thr': 5, 'window': '20Y', 'order': 4, 'rows': 16}
2025-11-12 11:25:21,857 INFO [cli] {'ticker': 'DIA', 'mode': 'binary', 'thr': 5, 'window': 'MAX', 'order': 1, 'rows': 2}
2025-11-12 11:25:21,865 INFO [cli] {'ticker': 'DIA', 'mode': 'binary', 'thr': 5, 'window': 'MAX', 'order': 2, 'rows': 4}
2025-11-12 11:25:21,876 INFO [cli] {'ticker': 'DIA', 'mode': 'binary', 'thr': 5, 'window': 'MAX', 'order': 3, 'rows': 8}
2025-11-12 11:25:21,890 INFO [cli] {'ticker': 'DIA', 'mode': 'binary', 'thr': 5, 'window': 'MAX', 'order': 4, 'rows': 16}
2025-11-12 11:25:21,906 INFO [cli] {'ticker': 'DIA', 'mode': 'binary', 'thr': 10, 'window': '1Y', 'order': 1, 'rows': 2}
2025-11-12 11:25:21,914 INFO [cli] {'ticker': 'DIA', 'mode': 'binary', 'thr': 10, 'window': '1Y', 'order': 2, 'rows': 4}
2025-11-12 11:25:21,925 INFO [cli] {'ticker': 'DIA', 'mode': 'binary', 'thr': 10, 'window': '1Y', 'order': 3, 'rows': 8}
2025-11-12 11:25:21,932 INFO [cli] {'ticker': 'DIA', 'mode': 'binary', 'thr': 10, 'window': '1Y', 'order': 4, 'rows': 16}
2025-11-12 11:25:21,941 INFO [cli] {'ticker': 'DIA', 'mode': 'binary', 'thr': 10, 'window': '2Y', 'order': 1, 'rows': 2}
2025-11-12 11:25:21,949 INFO [cli] {'ticker': 'DIA', 'mode': 'binary', 'thr': 10, 'window': '2Y', 'order': 2, 'rows': 4}
2025-11-12 11:25:21,957 INFO [cli] {'ticker': 'DIA', 'mode': 'binary', 'thr': 10, 'window': '2Y', 'order': 3, 'rows': 8}
2025-11-12 11:25:21,967 INFO [cli] {'ticker': 'DIA', 'mode': 'binary', 'thr': 10, 'window': '2Y', 'order': 4, 'rows': 16}
2025-11-12 11:25:21,976 INFO [cli] {'ticker': 'DIA', 'mode': 'binary', 'thr': 10, 'window': '5Y', 'order': 1, 'rows': 2}
2025-11-12 11:25:21,986 INFO [cli] {'ticker': 'DIA', 'mode': 'binary', 'thr': 10, 'window': '5Y', 'order': 2, 'rows': 4}
2025-11-12 11:25:21,995 INFO [cli] {'ticker': 'DIA', 'mode': 'binary', 'thr': 10, 'window': '5Y', 'order': 3, 'rows': 8}
2025-11-12 11:25:22,004 INFO [cli] {'ticker': 'DIA', 'mode': 'binary', 'thr': 10, 'window': '5Y', 'order': 4, 'rows': 16}
2025-11-12 11:25:22,014 INFO [cli] {'ticker': 'DIA', 'mode': 'binary', 'thr': 10, 'window': '10Y', 'order': 1, 'rows': 2}
2025-11-12 11:25:22,023 INFO [cli] {'ticker': 'DIA', 'mode': 'binary', 'thr': 10, 'window': '10Y', 'order': 2, 'rows': 4}
2025-11-12 11:25:22,034 INFO [cli] {'ticker': 'DIA', 'mode': 'binary', 'thr': 10, 'window': '10Y', 'order': 3, 'rows': 8}
2025-11-12 11:25:22,044 INFO [cli] {'ticker': 'DIA', 'mode': 'binary', 'thr': 10, 'window': '10Y', 'order': 4, 'rows': 16}
2025-11-12 11:25:22,052 INFO [cli] {'ticker': 'DIA', 'mode': 'binary', 'thr': 10, 'window': '20Y', 'order': 1, 'rows': 2}
2025-11-12 11:25:22,061 INFO [cli] {'ticker': 'DIA', 'mode': 'binary', 'thr': 10, 'window': '20Y', 'order': 2, 'rows': 4}
2025-11-12 11:25:22,071 INFO [cli] {'ticker': 'DIA', 'mode': 'binary', 'thr': 10, 'window': '20Y', 'order': 3, 'rows': 8}
2025-11-12 11:25:22,078 INFO [cli] {'ticker': 'DIA', 'mode': 'binary', 'thr': 10, 'window': '20Y', 'order': 4, 'rows': 16}
2025-11-12 11:25:22,085 INFO [cli] {'ticker': 'DIA', 'mode': 'binary', 'thr': 10, 'window': 'MAX', 'order': 1, 'rows': 2}
2025-11-12 11:25:22,095 INFO [cli] {'ticker': 'DIA', 'mode': 'binary', 'thr': 10, 'window': 'MAX', 'order': 2, 'rows': 4}
2025-11-12 11:25:22,103 INFO [cli] {'ticker': 'DIA', 'mode': 'binary', 'thr': 10, 'window': 'MAX', 'order': 3, 'rows': 8}
2025-11-12 11:25:22,111 INFO [cli] {'ticker': 'DIA', 'mode': 'binary', 'thr': 10, 'window': 'MAX', 'order': 4, 'rows': 16}
2025-11-12 11:25:22,126 INFO [cli] {'ticker': 'DIA', 'mode': 'binary', 'thr': 15, 'window': '1Y', 'order': 1, 'rows': 2}
2025-11-12 11:25:22,135 INFO [cli] {'ticker': 'DIA', 'mode': 'binary', 'thr': 15, 'window': '1Y', 'order': 2, 'rows': 4}
2025-11-12 11:25:22,143 INFO [cli] {'ticker': 'DIA', 'mode': 'binary', 'thr': 15, 'window': '1Y', 'order': 3, 'rows': 8}
2025-11-12 11:25:22,150 INFO [cli] {'ticker': 'DIA', 'mode': 'binary', 'thr': 15, 'window': '1Y', 'order': 4, 'rows': 16}
2025-11-12 11:25:22,158 INFO [cli] {'ticker': 'DIA', 'mode': 'binary', 'thr': 15, 'window': '2Y', 'order': 1, 'rows': 2}
2025-11-12 11:25:22,165 INFO [cli] {'ticker': 'DIA', 'mode': 'binary', 'thr': 15, 'window': '2Y', 'order': 2, 'rows': 4}
2025-11-12 11:25:22,173 INFO [cli] {'ticker': 'DIA', 'mode': 'binary', 'thr': 15, 'window': '2Y', 'order': 3, 'rows': 8}
2025-11-12 11:25:22,181 INFO [cli] {'ticker': 'DIA', 'mode': 'binary', 'thr': 15, 'window': '2Y', 'order': 4, 'rows': 16}
2025-11-12 11:25:22,189 INFO [cli] {'ticker': 'DIA', 'mode': 'binary', 'thr': 15, 'window': '5Y', 'order': 1, 'rows': 2}
2025-11-12 11:25:22,197 INFO [cli] {'ticker': 'DIA', 'mode': 'binary', 'thr': 15, 'window': '5Y', 'order': 2, 'rows': 4}
2025-11-12 11:25:22,206 INFO [cli] {'ticker': 'DIA', 'mode': 'binary', 'thr': 15, 'window': '5Y', 'order': 3, 'rows': 8}
2025-11-12 11:25:22,214 INFO [cli] {'ticker': 'DIA', 'mode': 'binary', 'thr': 15, 'window': '5Y', 'order': 4, 'rows': 16}
2025-11-12 11:25:22,223 INFO [cli] {'ticker': 'DIA', 'mode': 'binary', 'thr': 15, 'window': '10Y', 'order': 1, 'rows': 2}
2025-11-12 11:25:22,237 INFO [cli] {'ticker': 'DIA', 'mode': 'binary', 'thr': 15, 'window': '10Y', 'order': 2, 'rows': 4}
2025-11-12 11:25:22,245 INFO [cli] {'ticker': 'DIA', 'mode': 'binary', 'thr': 15, 'window': '10Y', 'order': 3, 'rows': 8}
2025-11-12 11:25:22,252 INFO [cli] {'ticker': 'DIA', 'mode': 'binary', 'thr': 15, 'window': '10Y', 'order': 4, 'rows': 16}
2025-11-12 11:25:22,262 INFO [cli] {'ticker': 'DIA', 'mode': 'binary', 'thr': 15, 'window': '20Y', 'order': 1, 'rows': 2}
2025-11-12 11:25:22,270 INFO [cli] {'ticker': 'DIA', 'mode': 'binary', 'thr': 15, 'window': '20Y', 'order': 2, 'rows': 4}
2025-11-12 11:25:22,282 INFO [cli] {'ticker': 'DIA', 'mode': 'binary', 'thr': 15, 'window': '20Y', 'order': 3, 'rows': 8}
2025-11-12 11:25:22,289 INFO [cli] {'ticker': 'DIA', 'mode': 'binary', 'thr': 15, 'window': '20Y', 'order': 4, 'rows': 16}

{'ticker': 'QQQ', 'mode': 'tri', 'thr': 130, 'window': 'MAX', 'order': 1, 'rows': 3}
{'ticker': 'QQQ', 'mode': 'tri', 'thr': 130, 'window': 'MAX', 'order': 2, 'rows': 9}
{'ticker': 'QQQ', 'mode': 'tri', 'thr': 130, 'window': 'MAX', 'order': 3, 'rows': 27}
{'ticker': 'QQQ', 'mode': 'tri', 'thr': 130, 'window': 'MAX', 'order': 4, 'rows': 81}
{'ticker': 'QQQ', 'mode': 'tri', 'thr': 135, 'window': '1Y', 'order': 1, 'rows': 3}
{'ticker': 'QQQ', 'mode': 'tri', 'thr': 135, 'window': '1Y', 'order': 2, 'rows': 9}
{'ticker': 'QQQ', 'mode': 'tri', 'thr': 135, 'window': '1Y', 'order': 3, 'rows': 21}
{'ticker': 'QQQ', 'mode': 'tri', 'thr': 135, 'window': '1Y', 'order': 4, 'rows': 38}
{'ticker': 'QQQ', 'mode': 'tri', 'thr': 135, 'window': '2Y', 'order': 1, 'rows': 3}
{'ticker': 'QQQ', 'mode': 'tri', 'thr': 135, 'window': '2Y', 'order': 2, 'rows': 9}
{'ticker': 'QQQ', 'mode': 'tri', 'thr': 135, 'window': '2Y', 'order': 3, 'rows': 25}
{'ticker': 'QQQ', 'mode': 'tri', 'thr': 135, 'window': '2Y', 'order': 4, 'rows': 50}
{'ticker': 'QQQ', 'mode': 'tri', 'thr': 135, 'window': '5Y', 'order': 1, 'rows': 3}
{'ticker': 'QQQ', 'mode': 'tri', 'thr': 135, 'window': '5Y', 'order': 2, 'rows': 9}
{'ticker': 'QQQ', 'mode': 'tri', 'thr': 135, 'window': '5Y', 'order': 3, 'rows': 27}
{'ticker': 'QQQ', 'mode': 'tri', 'thr': 135, 'window': '5Y', 'order': 4, 'rows': 73}
{'ticker': 'QQQ', 'mode': 'tri', 'thr': 135, 'window': '10Y', 'order': 1, 'rows': 3}
{'ticker': 'QQQ', 'mode': 'tri', 'thr': 135, 'window': '10Y', 'order': 2, 'rows': 9}
{'ticker': 'QQQ', 'mode': 'tri', 'thr': 135, 'window': '10Y', 'order': 3, 'rows': 27}
{'ticker': 'QQQ', 'mode': 'tri', 'thr': 135, 'window': '10Y', 'order': 4, 'rows': 78}
{'ticker': 'QQQ', 'mode': 'tri', 'thr': 135, 'window': '20Y', 'order': 1, 'rows': 3}
{'ticker': 'QQQ', 'mode': 'tri', 'thr': 135, 'window': '20Y', 'order': 2, 'rows': 9}
{'ticker': 'QQQ', 'mode': 'tri', 'thr': 135, 'window': '20Y', 'order': 3, 'rows': 27}
{'ticker': 'QQQ', 'mode': 'tri', 'thr': 135, 'window': '20Y', 'order': 4, 'rows': 80}
{'ticker': 'QQQ', 'mode': 'tri', 'thr': 135, 'window': 'MAX', 'order': 1, 'rows': 3}
{'ticker': 'QQQ', 'mode': 'tri', 'thr': 135, 'window': 'MAX', 'order': 2, 'rows': 9}
{'ticker': 'QQQ', 'mode': 'tri', 'thr': 135, 'window': 'MAX', 'order': 3, 'rows': 27}
{'ticker': 'QQQ', 'mode': 'tri', 'thr': 135, 'window': 'MAX', 'order': 4, 'rows': 81}
{'ticker': 'QQQ', 'mode': 'tri', 'thr': 140, 'window': '1Y', 'order': 1, 'rows': 3}
{'ticker': 'QQQ', 'mode': 'tri', 'thr': 140, 'window': '1Y', 'order': 2, 'rows': 9}
{'ticker': 'QQQ', 'mode': 'tri', 'thr': 140, 'window': '1Y', 'order': 3, 'rows': 21}
{'ticker': 'QQQ', 'mode': 'tri', 'thr': 140, 'window': '1Y', 'order': 4, 'rows': 38}
{'ticker': 'QQQ', 'mode': 'tri', 'thr': 140, 'window': '2Y', 'order': 1, 'rows': 3}
{'ticker': 'QQQ', 'mode': 'tri', 'thr': 140, 'window': '2Y', 'order': 2, 'rows': 9}
{'ticker': 'QQQ', 'mode': 'tri', 'thr': 140, 'window': '2Y', 'order': 3, 'rows': 25}
{'ticker': 'QQQ', 'mode': 'tri', 'thr': 140, 'window': '2Y', 'order': 4, 'rows': 49}
{'ticker': 'QQQ', 'mode': 'tri', 'thr': 140, 'window': '5Y', 'order': 1, 'rows': 3}
{'ticker': 'QQQ', 'mode': 'tri', 'thr': 140, 'window': '5Y', 'order': 2, 'rows': 9}
{'ticker': 'QQQ', 'mode': 'tri', 'thr': 140, 'window': '5Y', 'order': 3, 'rows': 27}
{'ticker': 'QQQ', 'mode': 'tri', 'thr': 140, 'window': '5Y', 'order': 4, 'rows': 72}
{'ticker': 'QQQ', 'mode': 'tri', 'thr': 140, 'window': '10Y', 'order': 1, 'rows': 3}
{'ticker': 'QQQ', 'mode': 'tri', 'thr': 140, 'window': '10Y', 'order': 2, 'rows': 9}
{'ticker': 'QQQ', 'mode': 'tri', 'thr': 140, 'window': '10Y', 'order': 3, 'rows': 27}
{'ticker': 'QQQ', 'mode': 'tri', 'thr': 140, 'window': '10Y', 'order': 4, 'rows': 77}
{'ticker': 'QQQ', 'mode': 'tri', 'thr': 140, 'window': '20Y', 'order': 1, 'rows': 3}
{'ticker': 'QQQ', 'mode': 'tri', 'thr': 140, 'window': '20Y', 'order': 2, 'rows': 9}
{'ticker': 'QQQ', 'mode': 'tri', 'thr': 140, 'window': '20Y', 'order': 3, 'rows': 27}
{'ticker': 'QQQ', 'mode': 'tri', 'thr': 140, 'window': '20Y', 'order': 4, 'rows': 80}
{'ticker': 'QQQ', 'mode': 'tri', 'thr': 140, 'window': 'MAX', 'order': 1, 'rows': 3}
{'ticker': 'QQQ', 'mode': 'tri', 'thr': 140, 'window': 'MAX', 'order': 2, 'rows': 9}
{'ticker': 'QQQ', 'mode': 'tri', 'thr': 140, 'window': 'MAX', 'order': 3, 'rows': 27}
{'ticker': 'QQQ', 'mode': 'tri', 'thr': 140, 'window': 'MAX', 'order': 4, 'rows': 81}
{'ticker': 'QQQ', 'mode': 'tri', 'thr': 145, 'window': '1Y', 'order': 1, 'rows': 3}
{'ticker': 'QQQ', 'mode': 'tri', 'thr': 145, 'window': '1Y', 'order': 2, 'rows': 9}
{'ticker': 'QQQ', 'mode': 'tri', 'thr': 145, 'window': '1Y', 'order': 3, 'rows': 21}
{'ticker': 'QQQ', 'mode': 'tri', 'thr': 145, 'window': '1Y', 'order': 4, 'rows': 37}
{'ticker': 'QQQ', 'mode': 'tri', 'thr': 145, 'window': '2Y', 'order': 1, 'rows': 3}
{'ticker': 'QQQ', 'mode': 'tri', 'thr': 145, 'window': '2Y', 'order': 2, 'rows': 9}
{'ticker': 'QQQ', 'mode': 'tri', 'thr': 145, 'window': '2Y', 'order': 3, 'rows': 25}
{'ticker': 'QQQ', 'mode': 'tri', 'thr': 145, 'window': '2Y', 'order': 4, 'rows': 46}
{'ticker': 'QQQ', 'mode': 'tri', 'thr': 145, 'window': '5Y', 'order': 1, 'rows': 3}
{'ticker': 'QQQ', 'mode': 'tri', 'thr': 145, 'window': '5Y', 'order': 2, 'rows': 9}
{'ticker': 'QQQ', 'mode': 'tri', 'thr': 145, 'window': '5Y', 'order': 3, 'rows': 27}
{'ticker': 'QQQ', 'mode': 'tri', 'thr': 145, 'window': '5Y', 'order': 4, 'rows': 72}
{'ticker': 'QQQ', 'mode': 'tri', 'thr': 145, 'window': '10Y', 'order': 1, 'rows': 3}
{'ticker': 'QQQ', 'mode': 'tri', 'thr': 145, 'window': '10Y', 'order': 2, 'rows': 9}
{'ticker': 'QQQ', 'mode': 'tri', 'thr': 145, 'window': '10Y', 'order': 3, 'rows': 27}
{'ticker': 'QQQ', 'mode': 'tri', 'thr': 145, 'window': '10Y', 'order': 4, 'rows': 74}
{'ticker': 'QQQ', 'mode': 'tri', 'thr': 145, 'window': '20Y', 'order': 1, 'rows': 3}
{'ticker': 'QQQ', 'mode': 'tri', 'thr': 145, 'window': '20Y', 'order': 2, 'rows': 9}
{'ticker': 'QQQ', 'mode': 'tri', 'thr': 145, 'window': '20Y', 'order': 3, 'rows': 27}
{'ticker': 'QQQ', 'mode': 'tri', 'thr': 145, 'window': '20Y', 'order': 4, 'rows': 78}
{'ticker': 'QQQ', 'mode': 'tri', 'thr': 145, 'window': 'MAX', 'order': 1, 'rows': 3}
{'ticker': 'QQQ', 'mode': 'tri', 'thr': 145, 'window': 'MAX', 'order': 2, 'rows': 9}
{'ticker': 'QQQ', 'mode': 'tri', 'thr': 145, 'window': 'MAX', 'order': 3, 'rows': 27}
{'ticker': 'QQQ', 'mode': 'tri', 'thr': 145, 'window': 'MAX', 'order': 4, 'rows': 81}
{'ticker': 'QQQ', 'mode': 'tri', 'thr': 150, 'window': '1Y', 'order': 1, 'rows': 3}
{'ticker': 'QQQ', 'mode': 'tri', 'thr': 150, 'window': '1Y', 'order': 2, 'rows': 9}
{'ticker': 'QQQ', 'mode': 'tri', 'thr': 150, 'window': '1Y', 'order': 3, 'rows': 21}
{'ticker': 'QQQ', 'mode': 'tri', 'thr': 150, 'window': '1Y', 'order': 4, 'rows': 37}
{'ticker': 'QQQ', 'mode': 'tri', 'thr': 150, 'window': '2Y', 'order': 1, 'rows': 3}
{'ticker': 'QQQ', 'mode': 'tri', 'thr': 150, 'window': '2Y', 'order': 2, 'rows': 9}
{'ticker': 'QQQ', 'mode': 'tri', 'thr': 150, 'window': '2Y', 'order': 3, 'rows': 25}
{'ticker': 'QQQ', 'mode': 'tri', 'thr': 150, 'window': '2Y', 'order': 4, 'rows': 46}
{'ticker': 'QQQ', 'mode': 'tri', 'thr': 150, 'window': '5Y', 'order': 1, 'rows': 3}
{'ticker': 'QQQ', 'mode': 'tri', 'thr': 150, 'window': '5Y', 'order': 2, 'rows': 9}
{'ticker': 'QQQ', 'mode': 'tri', 'thr': 150, 'window': '5Y', 'order': 3, 'rows': 27}
{'ticker': 'QQQ', 'mode': 'tri', 'thr': 150, 'window': '5Y', 'order': 4, 'rows': 71}
{'ticker': 'QQQ', 'mode': 'tri', 'thr': 150, 'window': '10Y', 'order': 1, 'rows': 3}
{'ticker': 'QQQ', 'mode': 'tri', 'thr': 150, 'window': '10Y', 'order': 2, 'rows': 9}
{'ticker': 'QQQ', 'mode': 'tri', 'thr': 150, 'window': '10Y', 'order': 3, 'rows': 27}
{'ticker': 'QQQ', 'mode': 'tri', 'thr': 150, 'window': '10Y', 'order': 4, 'rows': 74}
{'ticker': 'QQQ', 'mode': 'tri', 'thr': 150, 'window': '20Y', 'order': 1, 'rows': 3}
{'ticker': 'QQQ', 'mode': 'tri', 'thr': 150, 'window': '20Y', 'order': 2, 'rows': 9}
{'ticker': 'QQQ', 'mode': 'tri', 'thr': 150, 'window': '20Y', 'order': 3, 'rows': 27}
{'ticker': 'QQQ', 'mode': 'tri', 'thr': 150, 'window': '20Y', 'order': 4, 'rows': 78}
{'ticker': 'QQQ', 'mode': 'tri', 'thr': 150, 'window': 'MAX', 'order': 1, 'rows': 3}2025-11-12 11:25:22,297 INFO [cli] {'ticker': 'DIA', 'mode': 'binary', 'thr': 15, 'window': 'MAX', 'order': 1, 'rows': 2}
2025-11-12 11:25:22,307 INFO [cli] {'ticker': 'DIA', 'mode': 'binary', 'thr': 15, 'window': 'MAX', 'order': 2, 'rows': 4}
2025-11-12 11:25:22,316 INFO [cli] {'ticker': 'DIA', 'mode': 'binary', 'thr': 15, 'window': 'MAX', 'order': 3, 'rows': 8}
2025-11-12 11:25:22,324 INFO [cli] {'ticker': 'DIA', 'mode': 'binary', 'thr': 15, 'window': 'MAX', 'order': 4, 'rows': 16}
2025-11-12 11:25:22,340 INFO [cli] {'ticker': 'DIA', 'mode': 'binary', 'thr': 20, 'window': '1Y', 'order': 1, 'rows': 2}
2025-11-12 11:25:22,349 INFO [cli] {'ticker': 'DIA', 'mode': 'binary', 'thr': 20, 'window': '1Y', 'order': 2, 'rows': 4}
2025-11-12 11:25:22,361 INFO [cli] {'ticker': 'DIA', 'mode': 'binary', 'thr': 20, 'window': '1Y', 'order': 3, 'rows': 8}
2025-11-12 11:25:22,370 INFO [cli] {'ticker': 'DIA', 'mode': 'binary', 'thr': 20, 'window': '1Y', 'order': 4, 'rows': 16}
2025-11-12 11:25:22,380 INFO [cli] {'ticker': 'DIA', 'mode': 'binary', 'thr': 20, 'window': '2Y', 'order': 1, 'rows': 2}
2025-11-12 11:25:22,390 INFO [cli] {'ticker': 'DIA', 'mode': 'binary', 'thr': 20, 'window': '2Y', 'order': 2, 'rows': 4}
2025-11-12 11:25:22,399 INFO [cli] {'ticker': 'DIA', 'mode': 'binary', 'thr': 20, 'window': '2Y', 'order': 3, 'rows': 8}
2025-11-12 11:25:22,406 INFO [cli] {'ticker': 'DIA', 'mode': 'binary', 'thr': 20, 'window': '2Y', 'order': 4, 'rows': 16}
2025-11-12 11:25:22,415 INFO [cli] {'ticker': 'DIA', 'mode': 'binary', 'thr': 20, 'window': '5Y', 'order': 1, 'rows': 2}
2025-11-12 11:25:22,422 INFO [cli] {'ticker': 'DIA', 'mode': 'binary', 'thr': 20, 'window': '5Y', 'order': 2, 'rows': 4}
2025-11-12 11:25:22,433 INFO [cli] {'ticker': 'DIA', 'mode': 'binary', 'thr': 20, 'window': '5Y', 'order': 3, 'rows': 8}
2025-11-12 11:25:22,444 INFO [cli] {'ticker': 'DIA', 'mode': 'binary', 'thr': 20, 'window': '5Y', 'order': 4, 'rows': 16}
2025-11-12 11:25:22,456 INFO [cli] {'ticker': 'DIA', 'mode': 'binary', 'thr': 20, 'window': '10Y', 'order': 1, 'rows': 2}
2025-11-12 11:25:22,464 INFO [cli] {'ticker': 'DIA', 'mode': 'binary', 'thr': 20, 'window': '10Y', 'order': 2, 'rows': 4}
2025-11-12 11:25:22,474 INFO [cli] {'ticker': 'DIA', 'mode': 'binary', 'thr': 20, 'window': '10Y', 'order': 3, 'rows': 8}
2025-11-12 11:25:22,485 INFO [cli] {'ticker': 'DIA', 'mode': 'binary', 'thr': 20, 'window': '10Y', 'order': 4, 'rows': 16}
2025-11-12 11:25:22,493 INFO [cli] {'ticker': 'DIA', 'mode': 'binary', 'thr': 20, 'window': '20Y', 'order': 1, 'rows': 2}
2025-11-12 11:25:22,505 INFO [cli] {'ticker': 'DIA', 'mode': 'binary', 'thr': 20, 'window': '20Y', 'order': 2, 'rows': 4}
2025-11-12 11:25:22,514 INFO [cli] {'ticker': 'DIA', 'mode': 'binary', 'thr': 20, 'window': '20Y', 'order': 3, 'rows': 8}
2025-11-12 11:25:22,525 INFO [cli] {'ticker': 'DIA', 'mode': 'binary', 'thr': 20, 'window': '20Y', 'order': 4, 'rows': 16}
2025-11-12 11:25:22,534 INFO [cli] {'ticker': 'DIA', 'mode': 'binary', 'thr': 20, 'window': 'MAX', 'order': 1, 'rows': 2}
2025-11-12 11:25:22,542 INFO [cli] {'ticker': 'DIA', 'mode': 'binary', 'thr': 20, 'window': 'MAX', 'order': 2, 'rows': 4}
2025-11-12 11:25:22,551 INFO [cli] {'ticker': 'DIA', 'mode': 'binary', 'thr': 20, 'window': 'MAX', 'order': 3, 'rows': 8}
2025-11-12 11:25:22,561 INFO [cli] {'ticker': 'DIA', 'mode': 'binary', 'thr': 20, 'window': 'MAX', 'order': 4, 'rows': 16}
2025-11-12 11:25:22,577 INFO [cli] {'ticker': 'DIA', 'mode': 'binary', 'thr': 25, 'window': '1Y', 'order': 1, 'rows': 2}
2025-11-12 11:25:22,588 INFO [cli] {'ticker': 'DIA', 'mode': 'binary', 'thr': 25, 'window': '1Y', 'order': 2, 'rows': 4}
2025-11-12 11:25:22,595 INFO [cli] {'ticker': 'DIA', 'mode': 'binary', 'thr': 25, 'window': '1Y', 'order': 3, 'rows': 8}
2025-11-12 11:25:22,604 INFO [cli] {'ticker': 'DIA', 'mode': 'binary', 'thr': 25, 'window': '1Y', 'order': 4, 'rows': 16}
2025-11-12 11:25:22,612 INFO [cli] {'ticker': 'DIA', 'mode': 'binary', 'thr': 25, 'window': '2Y', 'order': 1, 'rows': 2}
2025-11-12 11:25:22,630 INFO [cli] {'ticker': 'DIA', 'mode': 'binary', 'thr': 25, 'window': '2Y', 'order': 2, 'rows': 4}
2025-11-12 11:25:22,638 INFO [cli] {'ticker': 'DIA', 'mode': 'binary', 'thr': 25, 'window': '2Y', 'order': 3, 'rows': 8}
2025-11-12 11:25:22,647 INFO [cli] {'ticker': 'DIA', 'mode': 'binary', 'thr': 25, 'window': '2Y', 'order': 4, 'rows': 16}
2025-11-12 11:25:22,655 INFO [cli] {'ticker': 'DIA', 'mode': 'binary', 'thr': 25, 'window': '5Y', 'order': 1, 'rows': 2}
2025-11-12 11:25:22,663 INFO [cli] {'ticker': 'DIA', 'mode': 'binary', 'thr': 25, 'window': '5Y', 'order': 2, 'rows': 4}
2025-11-12 11:25:22,673 INFO [cli] {'ticker': 'DIA', 'mode': 'binary', 'thr': 25, 'window': '5Y', 'order': 3, 'rows': 8}
2025-11-12 11:25:22,682 INFO [cli] {'ticker': 'DIA', 'mode': 'binary', 'thr': 25, 'window': '5Y', 'order': 4, 'rows': 16}
2025-11-12 11:25:22,692 INFO [cli] {'ticker': 'DIA', 'mode': 'binary', 'thr': 25, 'window': '10Y', 'order': 1, 'rows': 2}
2025-11-12 11:25:22,702 INFO [cli] {'ticker': 'DIA', 'mode': 'binary', 'thr': 25, 'window': '10Y', 'order': 2, 'rows': 4}
2025-11-12 11:25:22,711 INFO [cli] {'ticker': 'DIA', 'mode': 'binary', 'thr': 25, 'window': '10Y', 'order': 3, 'rows': 8}
2025-11-12 11:25:22,721 INFO [cli] {'ticker': 'DIA', 'mode': 'binary', 'thr': 25, 'window': '10Y', 'order': 4, 'rows': 16}
2025-11-12 11:25:22,729 INFO [cli] {'ticker': 'DIA', 'mode': 'binary', 'thr': 25, 'window': '20Y', 'order': 1, 'rows': 2}
2025-11-12 11:25:22,740 INFO [cli] {'ticker': 'DIA', 'mode': 'binary', 'thr': 25, 'window': '20Y', 'order': 2, 'rows': 4}
2025-11-12 11:25:22,749 INFO [cli] {'ticker': 'DIA', 'mode': 'binary', 'thr': 25, 'window': '20Y', 'order': 3, 'rows': 8}
2025-11-12 11:25:22,758 INFO [cli] {'ticker': 'DIA', 'mode': 'binary', 'thr': 25, 'window': '20Y', 'order': 4, 'rows': 16}
2025-11-12 11:25:22,767 INFO [cli] {'ticker': 'DIA', 'mode': 'binary', 'thr': 25, 'window': 'MAX', 'order': 1, 'rows': 2}
2025-11-12 11:25:22,777 INFO [cli] {'ticker': 'DIA', 'mode': 'binary', 'thr': 25, 'window': 'MAX', 'order': 2, 'rows': 4}
2025-11-12 11:25:22,784 INFO [cli] {'ticker': 'DIA', 'mode': 'binary', 'thr': 25, 'window': 'MAX', 'order': 3, 'rows': 8}
2025-11-12 11:25:22,793 INFO [cli] {'ticker': 'DIA', 'mode': 'binary', 'thr': 25, 'window': 'MAX', 'order': 4, 'rows': 16}
2025-11-12 11:25:22,810 INFO [cli] {'ticker': 'DIA', 'mode': 'binary', 'thr': 30, 'window': '1Y', 'order': 1, 'rows': 2}
2025-11-12 11:25:22,819 INFO [cli] {'ticker': 'DIA', 'mode': 'binary', 'thr': 30, 'window': '1Y', 'order': 2, 'rows': 4}
2025-11-12 11:25:22,829 INFO [cli] {'ticker': 'DIA', 'mode': 'binary', 'thr': 30, 'window': '1Y', 'order': 3, 'rows': 8}
2025-11-12 11:25:22,840 INFO [cli] {'ticker': 'DIA', 'mode': 'binary', 'thr': 30, 'window': '1Y', 'order': 4, 'rows': 16}
2025-11-12 11:25:22,850 INFO [cli] {'ticker': 'DIA', 'mode': 'binary', 'thr': 30, 'window': '2Y', 'order': 1, 'rows': 2}
2025-11-12 11:25:22,860 INFO [cli] {'ticker': 'DIA', 'mode': 'binary', 'thr': 30, 'window': '2Y', 'order': 2, 'rows': 4}
2025-11-12 11:25:22,868 INFO [cli] {'ticker': 'DIA', 'mode': 'binary', 'thr': 30, 'window': '2Y', 'order': 3, 'rows': 8}
2025-11-12 11:25:22,877 INFO [cli] {'ticker': 'DIA', 'mode': 'binary', 'thr': 30, 'window': '2Y', 'order': 4, 'rows': 16}
2025-11-12 11:25:22,888 INFO [cli] {'ticker': 'DIA', 'mode': 'binary', 'thr': 30, 'window': '5Y', 'order': 1, 'rows': 2}
2025-11-12 11:25:22,895 INFO [cli] {'ticker': 'DIA', 'mode': 'binary', 'thr': 30, 'window': '5Y', 'order': 2, 'rows': 4}
2025-11-12 11:25:22,906 INFO [cli] {'ticker': 'DIA', 'mode': 'binary', 'thr': 30, 'window': '5Y', 'order': 3, 'rows': 8}
2025-11-12 11:25:22,913 INFO [cli] {'ticker': 'DIA', 'mode': 'binary', 'thr': 30, 'window': '5Y', 'order': 4, 'rows': 16}
2025-11-12 11:25:22,921 INFO [cli] {'ticker': 'DIA', 'mode': 'binary', 'thr': 30, 'window': '10Y', 'order': 1, 'rows': 2}
2025-11-12 11:25:22,929 INFO [cli] {'ticker': 'DIA', 'mode': 'binary', 'thr': 30, 'window': '10Y', 'order': 2, 'rows': 4}
2025-11-12 11:25:22,937 INFO [cli] {'ticker': 'DIA', 'mode': 'binary', 'thr': 30, 'window': '10Y', 'order': 3, 'rows': 8}
2025-11-12 11:25:22,945 INFO [cli] {'ticker': 'DIA', 'mode': 'binary', 'thr': 30, 'window': '10Y', 'order': 4, 'rows': 16}
2025-11-12 11:25:22,954 INFO [cli] {'ticker': 'DIA', 'mode': 'binary', 'thr': 30, 'window': '20Y', 'order': 1, 'rows': 2}
2025-11-12 11:25:22,961 INFO [cli] {'ticker': 'DIA', 'mode': 'binary', 'thr': 30, 'window': '20Y', 'order': 2, 'rows': 4}
2025-11-12 11:25:22,969 INFO [cli] {'ticker': 'DIA', 'mode': 'binary', 'thr': 30, 'window': '20Y', 'order': 3, 'rows': 8}
2025-11-12 11:25:22,976 INFO [cli] {'ticker': 'DIA', 'mode': 'binary', 'thr': 30, 'window': '20Y', 'order': 4, 'rows': 16}
2025-11-12 11:25:22,985 INFO [cli] {'ticker': 'DIA', 'mode': 'binary', 'thr': 30, 'window': 'MAX', 'order': 1, 'rows': 2}
2025-11-12 11:25:22,993 INFO [cli] {'ticker': 'DIA', 'mode': 'binary', 'thr': 30, 'window': 'MAX', 'order': 2, 'rows': 4}
2025-11-12 11:25:23,003 INFO [cli] {'ticker': 'DIA', 'mode': 'binary', 'thr': 30, 'window': 'MAX', 'order': 3, 'rows': 8}
2025-11-12 11:25:23,010 INFO [cli] {'ticker': 'DIA', 'mode': 'binary', 'thr': 30, 'window': 'MAX', 'order': 4, 'rows': 16}
2025-11-12 11:25:23,025 INFO [cli] {'ticker': 'DIA', 'mode': 'binary', 'thr': 35, 'window': '1Y', 'order': 1, 'rows': 2}
2025-11-12 11:25:23,034 INFO [cli] {'ticker': 'DIA', 'mode': 'binary', 'thr': 35, 'window': '1Y', 'order': 2, 'rows': 4}
2025-11-12 11:25:23,041 INFO [cli] {'ticker': 'DIA', 'mode': 'binary', 'thr': 35, 'window': '1Y', 'order': 3, 'rows': 8}
2025-11-12 11:25:23,051 INFO [cli] {'ticker': 'DIA', 'mode': 'binary', 'thr': 35, 'window': '1Y', 'order': 4, 'rows': 16}
2025-11-12 11:25:23,059 INFO [cli] {'ticker': 'DIA', 'mode': 'binary', 'thr': 35, 'window': '2Y', 'order': 1, 'rows': 2}
2025-11-12 11:25:23,069 INFO [cli] {'ticker': 'DIA', 'mode': 'binary', 'thr': 35, 'window': '2Y', 'order': 2, 'rows': 4}
2025-11-12 11:25:23,076 INFO [cli] {'ticker': 'DIA', 'mode': 'binary', 'thr': 35, 'window': '2Y', 'order': 3, 'rows': 8}
2025-11-12 11:25:23,084 INFO [cli] {'ticker': 'DIA', 'mode': 'binary', 'thr': 35, 'window': '2Y', 'order': 4, 'rows': 16}
2025-11-12 11:25:23,092 INFO [cli] {'ticker': 'DIA', 'mode': 'binary', 'thr': 35, 'window': '5Y', 'order': 1, 'rows': 2}
2025-11-12 11:25:23,100 INFO [cli] {'ticker': 'DIA', 'mode': 'binary', 'thr': 35, 'window': '5Y', 'order': 2, 'rows': 4}
2025-11-12 11:25:23,107 INFO [cli] {'ticker': 'DIA', 'mode': 'binary', 'thr': 35, 'window': '5Y', 'order': 3, 'rows': 8}
2025-11-12 11:25:23,116 INFO [cli] {'ticker': 'DIA', 'mode': 'binary', 'thr': 35, 'window': '5Y', 'order': 4, 'rows': 16}
2025-11-12 11:25:23,124 INFO [cli] {'ticker': 'DIA', 'mode': 'binary', 'thr': 35, 'window': '10Y', 'order': 1, 'rows': 2}
2025-11-12 11:25:23,134 INFO [cli] {'ticker': 'DIA', 'mode': 'binary', 'thr': 35, 'window': '10Y', 'order': 2, 'rows': 4}
2025-11-12 11:25:23,143 INFO [cli] {'ticker': 'DIA', 'mode': 'binary', 'thr': 35, 'window': '10Y', 'order': 3, 'rows': 8}
2025-11-12 11:25:23,152 INFO [cli] {'ticker': 'DIA', 'mode': 'binary', 'thr': 35, 'window': '10Y', 'order': 4, 'rows': 16}
2025-11-12 11:25:23,162 INFO [cli] {'ticker': 'DIA', 'mode': 'binary', 'thr': 35, 'window': '20Y', 'order': 1, 'rows': 2}
2025-11-12 11:25:23,171 INFO [cli] {'ticker': 'DIA', 'mode': 'binary', 'thr': 35, 'window': '20Y', 'order': 2, 'rows': 4}
2025-11-12 11:25:23,179 INFO [cli] {'ticker': 'DIA', 'mode': 'binary', 'thr': 35, 'window': '20Y', 'order': 3, 'rows': 8}

{'ticker': 'QQQ', 'mode': 'tri', 'thr': 150, 'window': 'MAX', 'order': 2, 'rows': 9}
{'ticker': 'QQQ', 'mode': 'tri', 'thr': 150, 'window': 'MAX', 'order': 3, 'rows': 27}
{'ticker': 'QQQ', 'mode': 'tri', 'thr': 150, 'window': 'MAX', 'order': 4, 'rows': 81}
{'ticker': 'DIA', 'mode': 'binary', 'thr': 0, 'window': '1Y', 'order': 1, 'rows': 2}
{'ticker': 'DIA', 'mode': 'binary', 'thr': 0, 'window': '1Y', 'order': 2, 'rows': 4}
{'ticker': 'DIA', 'mode': 'binary', 'thr': 0, 'window': '1Y', 'order': 3, 'rows': 8}
{'ticker': 'DIA', 'mode': 'binary', 'thr': 0, 'window': '1Y', 'order': 4, 'rows': 16}
{'ticker': 'DIA', 'mode': 'binary', 'thr': 0, 'window': '2Y', 'order': 1, 'rows': 2}
{'ticker': 'DIA', 'mode': 'binary', 'thr': 0, 'window': '2Y', 'order': 2, 'rows': 4}
{'ticker': 'DIA', 'mode': 'binary', 'thr': 0, 'window': '2Y', 'order': 3, 'rows': 8}
{'ticker': 'DIA', 'mode': 'binary', 'thr': 0, 'window': '2Y', 'order': 4, 'rows': 16}
{'ticker': 'DIA', 'mode': 'binary', 'thr': 0, 'window': '5Y', 'order': 1, 'rows': 2}
{'ticker': 'DIA', 'mode': 'binary', 'thr': 0, 'window': '5Y', 'order': 2, 'rows': 4}
{'ticker': 'DIA', 'mode': 'binary', 'thr': 0, 'window': '5Y', 'order': 3, 'rows': 8}
{'ticker': 'DIA', 'mode': 'binary', 'thr': 0, 'window': '5Y', 'order': 4, 'rows': 16}
{'ticker': 'DIA', 'mode': 'binary', 'thr': 0, 'window': '10Y', 'order': 1, 'rows': 2}
{'ticker': 'DIA', 'mode': 'binary', 'thr': 0, 'window': '10Y', 'order': 2, 'rows': 4}
{'ticker': 'DIA', 'mode': 'binary', 'thr': 0, 'window': '10Y', 'order': 3, 'rows': 8}
{'ticker': 'DIA', 'mode': 'binary', 'thr': 0, 'window': '10Y', 'order': 4, 'rows': 16}
{'ticker': 'DIA', 'mode': 'binary', 'thr': 0, 'window': '20Y', 'order': 1, 'rows': 2}
{'ticker': 'DIA', 'mode': 'binary', 'thr': 0, 'window': '20Y', 'order': 2, 'rows': 4}
{'ticker': 'DIA', 'mode': 'binary', 'thr': 0, 'window': '20Y', 'order': 3, 'rows': 8}
{'ticker': 'DIA', 'mode': 'binary', 'thr': 0, 'window': '20Y', 'order': 4, 'rows': 16}
{'ticker': 'DIA', 'mode': 'binary', 'thr': 0, 'window': 'MAX', 'order': 1, 'rows': 2}
{'ticker': 'DIA', 'mode': 'binary', 'thr': 0, 'window': 'MAX', 'order': 2, 'rows': 4}
{'ticker': 'DIA', 'mode': 'binary', 'thr': 0, 'window': 'MAX', 'order': 3, 'rows': 8}
{'ticker': 'DIA', 'mode': 'binary', 'thr': 0, 'window': 'MAX', 'order': 4, 'rows': 16}
{'ticker': 'DIA', 'mode': 'binary', 'thr': 5, 'window': '1Y', 'order': 1, 'rows': 2}
{'ticker': 'DIA', 'mode': 'binary', 'thr': 5, 'window': '1Y', 'order': 2, 'rows': 4}
{'ticker': 'DIA', 'mode': 'binary', 'thr': 5, 'window': '1Y', 'order': 3, 'rows': 8}
{'ticker': 'DIA', 'mode': 'binary', 'thr': 5, 'window': '1Y', 'order': 4, 'rows': 16}
{'ticker': 'DIA', 'mode': 'binary', 'thr': 5, 'window': '2Y', 'order': 1, 'rows': 2}
{'ticker': 'DIA', 'mode': 'binary', 'thr': 5, 'window': '2Y', 'order': 2, 'rows': 4}
{'ticker': 'DIA', 'mode': 'binary', 'thr': 5, 'window': '2Y', 'order': 3, 'rows': 8}
{'ticker': 'DIA', 'mode': 'binary', 'thr': 5, 'window': '2Y', 'order': 4, 'rows': 16}
{'ticker': 'DIA', 'mode': 'binary', 'thr': 5, 'window': '5Y', 'order': 1, 'rows': 2}
{'ticker': 'DIA', 'mode': 'binary', 'thr': 5, 'window': '5Y', 'order': 2, 'rows': 4}
{'ticker': 'DIA', 'mode': 'binary', 'thr': 5, 'window': '5Y', 'order': 3, 'rows': 8}
{'ticker': 'DIA', 'mode': 'binary', 'thr': 5, 'window': '5Y', 'order': 4, 'rows': 16}
{'ticker': 'DIA', 'mode': 'binary', 'thr': 5, 'window': '10Y', 'order': 1, 'rows': 2}
{'ticker': 'DIA', 'mode': 'binary', 'thr': 5, 'window': '10Y', 'order': 2, 'rows': 4}
{'ticker': 'DIA', 'mode': 'binary', 'thr': 5, 'window': '10Y', 'order': 3, 'rows': 8}
{'ticker': 'DIA', 'mode': 'binary', 'thr': 5, 'window': '10Y', 'order': 4, 'rows': 16}
{'ticker': 'DIA', 'mode': 'binary', 'thr': 5, 'window': '20Y', 'order': 1, 'rows': 2}
{'ticker': 'DIA', 'mode': 'binary', 'thr': 5, 'window': '20Y', 'order': 2, 'rows': 4}
{'ticker': 'DIA', 'mode': 'binary', 'thr': 5, 'window': '20Y', 'order': 3, 'rows': 8}
{'ticker': 'DIA', 'mode': 'binary', 'thr': 5, 'window': '20Y', 'order': 4, 'rows': 16}
{'ticker': 'DIA', 'mode': 'binary', 'thr': 5, 'window': 'MAX', 'order': 1, 'rows': 2}
{'ticker': 'DIA', 'mode': 'binary', 'thr': 5, 'window': 'MAX', 'order': 2, 'rows': 4}
{'ticker': 'DIA', 'mode': 'binary', 'thr': 5, 'window': 'MAX', 'order': 3, 'rows': 8}
{'ticker': 'DIA', 'mode': 'binary', 'thr': 5, 'window': 'MAX', 'order': 4, 'rows': 16}
{'ticker': 'DIA', 'mode': 'binary', 'thr': 10, 'window': '1Y', 'order': 1, 'rows': 2}
{'ticker': 'DIA', 'mode': 'binary', 'thr': 10, 'window': '1Y', 'order': 2, 'rows': 4}
{'ticker': 'DIA', 'mode': 'binary', 'thr': 10, 'window': '1Y', 'order': 3, 'rows': 8}
{'ticker': 'DIA', 'mode': 'binary', 'thr': 10, 'window': '1Y', 'order': 4, 'rows': 16}
{'ticker': 'DIA', 'mode': 'binary', 'thr': 10, 'window': '2Y', 'order': 1, 'rows': 2}
{'ticker': 'DIA', 'mode': 'binary', 'thr': 10, 'window': '2Y', 'order': 2, 'rows': 4}
{'ticker': 'DIA', 'mode': 'binary', 'thr': 10, 'window': '2Y', 'order': 3, 'rows': 8}
{'ticker': 'DIA', 'mode': 'binary', 'thr': 10, 'window': '2Y', 'order': 4, 'rows': 16}
{'ticker': 'DIA', 'mode': 'binary', 'thr': 10, 'window': '5Y', 'order': 1, 'rows': 2}
{'ticker': 'DIA', 'mode': 'binary', 'thr': 10, 'window': '5Y', 'order': 2, 'rows': 4}
{'ticker': 'DIA', 'mode': 'binary', 'thr': 10, 'window': '5Y', 'order': 3, 'rows': 8}
{'ticker': 'DIA', 'mode': 'binary', 'thr': 10, 'window': '5Y', 'order': 4, 'rows': 16}
{'ticker': 'DIA', 'mode': 'binary', 'thr': 10, 'window': '10Y', 'order': 1, 'rows': 2}
{'ticker': 'DIA', 'mode': 'binary', 'thr': 10, 'window': '10Y', 'order': 2, 'rows': 4}
{'ticker': 'DIA', 'mode': 'binary', 'thr': 10, 'window': '10Y', 'order': 3, 'rows': 8}
{'ticker': 'DIA', 'mode': 'binary', 'thr': 10, 'window': '10Y', 'order': 4, 'rows': 16}
{'ticker': 'DIA', 'mode': 'binary', 'thr': 10, 'window': '20Y', 'order': 1, 'rows': 2}
{'ticker': 'DIA', 'mode': 'binary', 'thr': 10, 'window': '20Y', 'order': 2, 'rows': 4}
{'ticker': 'DIA', 'mode': 'binary', 'thr': 10, 'window': '20Y', 'order': 3, 'rows': 8}
{'ticker': 'DIA', 'mode': 'binary', 'thr': 10, 'window': '20Y', 'order': 4, 'rows': 16}
{'ticker': 'DIA', 'mode': 'binary', 'thr': 10, 'window': 'MAX', 'order': 1, 'rows': 2}
{'ticker': 'DIA', 'mode': 'binary', 'thr': 10, 'window': 'MAX', 'order': 2, 'rows': 4}
{'ticker': 'DIA', 'mode': 'binary', 'thr': 10, 'window': 'MAX', 'order': 3, 'rows': 8}
{'ticker': 'DIA', 'mode': 'binary', 'thr': 10, 'window': 'MAX', 'order': 4, 'rows': 16}
{'ticker': 'DIA', 'mode': 'binary', 'thr': 15, 'window': '1Y', 'order': 1, 'rows': 2}
{'ticker': 'DIA', 'mode': 'binary', 'thr': 15, 'window': '1Y', 'order': 2, 'rows': 4}
{'ticker': 'DIA', 'mode': 'binary', 'thr': 15, 'window': '1Y', 'order': 3, 'rows': 8}
{'ticker': 'DIA', 'mode': 'binary', 'thr': 15, 'window': '1Y', 'order': 4, 'rows': 16}
{'ticker': 'DIA', 'mode': 'binary', 'thr': 15, 'window': '2Y', 'order': 1, 'rows': 2}
{'ticker': 'DIA', 'mode': 'binary', 'thr': 15, 'window': '2Y', 'order': 2, 'rows': 4}
{'ticker': 'DIA', 'mode': 'binary', 'thr': 15, 'window': '2Y', 'order': 3, 'rows': 8}
{'ticker': 'DIA', 'mode': 'binary', 'thr': 15, 'window': '2Y', 'order': 4, 'rows': 16}
{'ticker': 'DIA', 'mode': 'binary', 'thr': 15, 'window': '5Y', 'order': 1, 'rows': 2}
{'ticker': 'DIA', 'mode': 'binary', 'thr': 15, 'window': '5Y', 'order': 2, 'rows': 4}
{'ticker': 'DIA', 'mode': 'binary', 'thr': 15, 'window': '5Y', 'order': 3, 'rows': 8}
{'ticker': 'DIA', 'mode': 'binary', 'thr': 15, 'window': '5Y', 'order': 4, 'rows': 16}
{'ticker': 'DIA', 'mode': 'binary', 'thr': 15, 'window': '10Y', 'order': 1, 'rows': 2}
{'ticker': 'DIA', 'mode': 'binary', 'thr': 15, 'window': '10Y', 'order': 2, 'rows': 4}
{'ticker': 'DIA', 'mode': 'binary', 'thr': 15, 'window': '10Y', 'order': 3, 'rows': 8}
{'ticker': 'DIA', 'mode': 'binary', 'thr': 15, 'window': '10Y', 'order': 4, 'rows': 16}
{'ticker': 'DIA', 'mode': 'binary', 'thr': 15, 'window': '20Y', 'order': 1, 'rows': 2}
{'ticker': 'DIA', 'mode': 'binary', 'thr': 15, 'window': '20Y', 'order': 2, 'rows': 4}
{'ticker': 'DIA', 'mode': 'binary', 'thr': 15, 'window': '20Y', 'order': 3, 'rows': 8}
{'ticker': 'DIA', 'mode': 'binary', 'thr': 15, 'window': '20Y', 'order': 4, 'rows': 16}
{'ticker': 'DIA', 'mode': 'binary', 'thr': 15, 'window': 'MAX', 'order': 1, 'rows': 2}2025-11-12 11:25:23,189 INFO [cli] {'ticker': 'DIA', 'mode': 'binary', 'thr': 35, 'window': '20Y', 'order': 4, 'rows': 16}
2025-11-12 11:25:23,198 INFO [cli] {'ticker': 'DIA', 'mode': 'binary', 'thr': 35, 'window': 'MAX', 'order': 1, 'rows': 2}
2025-11-12 11:25:23,209 INFO [cli] {'ticker': 'DIA', 'mode': 'binary', 'thr': 35, 'window': 'MAX', 'order': 2, 'rows': 4}
2025-11-12 11:25:23,220 INFO [cli] {'ticker': 'DIA', 'mode': 'binary', 'thr': 35, 'window': 'MAX', 'order': 3, 'rows': 8}
2025-11-12 11:25:23,230 INFO [cli] {'ticker': 'DIA', 'mode': 'binary', 'thr': 35, 'window': 'MAX', 'order': 4, 'rows': 16}
2025-11-12 11:25:23,247 INFO [cli] {'ticker': 'DIA', 'mode': 'binary', 'thr': 40, 'window': '1Y', 'order': 1, 'rows': 2}
2025-11-12 11:25:23,255 INFO [cli] {'ticker': 'DIA', 'mode': 'binary', 'thr': 40, 'window': '1Y', 'order': 2, 'rows': 4}
2025-11-12 11:25:23,261 INFO [cli] {'ticker': 'DIA', 'mode': 'binary', 'thr': 40, 'window': '1Y', 'order': 3, 'rows': 8}
2025-11-12 11:25:23,270 INFO [cli] {'ticker': 'DIA', 'mode': 'binary', 'thr': 40, 'window': '1Y', 'order': 4, 'rows': 16}
2025-11-12 11:25:23,276 INFO [cli] {'ticker': 'DIA', 'mode': 'binary', 'thr': 40, 'window': '2Y', 'order': 1, 'rows': 2}
2025-11-12 11:25:23,284 INFO [cli] {'ticker': 'DIA', 'mode': 'binary', 'thr': 40, 'window': '2Y', 'order': 2, 'rows': 4}
2025-11-12 11:25:23,293 INFO [cli] {'ticker': 'DIA', 'mode': 'binary', 'thr': 40, 'window': '2Y', 'order': 3, 'rows': 8}
2025-11-12 11:25:23,300 INFO [cli] {'ticker': 'DIA', 'mode': 'binary', 'thr': 40, 'window': '2Y', 'order': 4, 'rows': 16}
2025-11-12 11:25:23,310 INFO [cli] {'ticker': 'DIA', 'mode': 'binary', 'thr': 40, 'window': '5Y', 'order': 1, 'rows': 2}
2025-11-12 11:25:23,318 INFO [cli] {'ticker': 'DIA', 'mode': 'binary', 'thr': 40, 'window': '5Y', 'order': 2, 'rows': 4}
2025-11-12 11:25:23,326 INFO [cli] {'ticker': 'DIA', 'mode': 'binary', 'thr': 40, 'window': '5Y', 'order': 3, 'rows': 8}
2025-11-12 11:25:23,335 INFO [cli] {'ticker': 'DIA', 'mode': 'binary', 'thr': 40, 'window': '5Y', 'order': 4, 'rows': 16}
2025-11-12 11:25:23,348 INFO [cli] {'ticker': 'DIA', 'mode': 'binary', 'thr': 40, 'window': '10Y', 'order': 1, 'rows': 2}
2025-11-12 11:25:23,358 INFO [cli] {'ticker': 'DIA', 'mode': 'binary', 'thr': 40, 'window': '10Y', 'order': 2, 'rows': 4}
2025-11-12 11:25:23,367 INFO [cli] {'ticker': 'DIA', 'mode': 'binary', 'thr': 40, 'window': '10Y', 'order': 3, 'rows': 8}
2025-11-12 11:25:23,376 INFO [cli] {'ticker': 'DIA', 'mode': 'binary', 'thr': 40, 'window': '10Y', 'order': 4, 'rows': 16}
2025-11-12 11:25:23,388 INFO [cli] {'ticker': 'DIA', 'mode': 'binary', 'thr': 40, 'window': '20Y', 'order': 1, 'rows': 2}
2025-11-12 11:25:23,396 INFO [cli] {'ticker': 'DIA', 'mode': 'binary', 'thr': 40, 'window': '20Y', 'order': 2, 'rows': 4}
2025-11-12 11:25:23,405 INFO [cli] {'ticker': 'DIA', 'mode': 'binary', 'thr': 40, 'window': '20Y', 'order': 3, 'rows': 8}
2025-11-12 11:25:23,415 INFO [cli] {'ticker': 'DIA', 'mode': 'binary', 'thr': 40, 'window': '20Y', 'order': 4, 'rows': 16}
2025-11-12 11:25:23,427 INFO [cli] {'ticker': 'DIA', 'mode': 'binary', 'thr': 40, 'window': 'MAX', 'order': 1, 'rows': 2}
2025-11-12 11:25:23,436 INFO [cli] {'ticker': 'DIA', 'mode': 'binary', 'thr': 40, 'window': 'MAX', 'order': 2, 'rows': 4}
2025-11-12 11:25:23,443 INFO [cli] {'ticker': 'DIA', 'mode': 'binary', 'thr': 40, 'window': 'MAX', 'order': 3, 'rows': 8}
2025-11-12 11:25:23,452 INFO [cli] {'ticker': 'DIA', 'mode': 'binary', 'thr': 40, 'window': 'MAX', 'order': 4, 'rows': 16}
2025-11-12 11:25:23,468 INFO [cli] {'ticker': 'DIA', 'mode': 'binary', 'thr': 45, 'window': '1Y', 'order': 1, 'rows': 2}
2025-11-12 11:25:23,477 INFO [cli] {'ticker': 'DIA', 'mode': 'binary', 'thr': 45, 'window': '1Y', 'order': 2, 'rows': 4}
2025-11-12 11:25:23,484 INFO [cli] {'ticker': 'DIA', 'mode': 'binary', 'thr': 45, 'window': '1Y', 'order': 3, 'rows': 8}
2025-11-12 11:25:23,493 INFO [cli] {'ticker': 'DIA', 'mode': 'binary', 'thr': 45, 'window': '1Y', 'order': 4, 'rows': 16}
2025-11-12 11:25:23,501 INFO [cli] {'ticker': 'DIA', 'mode': 'binary', 'thr': 45, 'window': '2Y', 'order': 1, 'rows': 2}
2025-11-12 11:25:23,510 INFO [cli] {'ticker': 'DIA', 'mode': 'binary', 'thr': 45, 'window': '2Y', 'order': 2, 'rows': 4}
2025-11-12 11:25:23,521 INFO [cli] {'ticker': 'DIA', 'mode': 'binary', 'thr': 45, 'window': '2Y', 'order': 3, 'rows': 8}
2025-11-12 11:25:23,539 INFO [cli] {'ticker': 'DIA', 'mode': 'binary', 'thr': 45, 'window': '2Y', 'order': 4, 'rows': 16}
2025-11-12 11:25:23,548 INFO [cli] {'ticker': 'DIA', 'mode': 'binary', 'thr': 45, 'window': '5Y', 'order': 1, 'rows': 2}
2025-11-12 11:25:23,556 INFO [cli] {'ticker': 'DIA', 'mode': 'binary', 'thr': 45, 'window': '5Y', 'order': 2, 'rows': 4}
2025-11-12 11:25:23,565 INFO [cli] {'ticker': 'DIA', 'mode': 'binary', 'thr': 45, 'window': '5Y', 'order': 3, 'rows': 8}
2025-11-12 11:25:23,574 INFO [cli] {'ticker': 'DIA', 'mode': 'binary', 'thr': 45, 'window': '5Y', 'order': 4, 'rows': 16}
2025-11-12 11:25:23,582 INFO [cli] {'ticker': 'DIA', 'mode': 'binary', 'thr': 45, 'window': '10Y', 'order': 1, 'rows': 2}
2025-11-12 11:25:23,593 INFO [cli] {'ticker': 'DIA', 'mode': 'binary', 'thr': 45, 'window': '10Y', 'order': 2, 'rows': 4}
2025-11-12 11:25:23,603 INFO [cli] {'ticker': 'DIA', 'mode': 'binary', 'thr': 45, 'window': '10Y', 'order': 3, 'rows': 8}
2025-11-12 11:25:23,611 INFO [cli] {'ticker': 'DIA', 'mode': 'binary', 'thr': 45, 'window': '10Y', 'order': 4, 'rows': 16}
2025-11-12 11:25:23,620 INFO [cli] {'ticker': 'DIA', 'mode': 'binary', 'thr': 45, 'window': '20Y', 'order': 1, 'rows': 2}
2025-11-12 11:25:23,629 INFO [cli] {'ticker': 'DIA', 'mode': 'binary', 'thr': 45, 'window': '20Y', 'order': 2, 'rows': 4}
2025-11-12 11:25:23,638 INFO [cli] {'ticker': 'DIA', 'mode': 'binary', 'thr': 45, 'window': '20Y', 'order': 3, 'rows': 8}
2025-11-12 11:25:23,646 INFO [cli] {'ticker': 'DIA', 'mode': 'binary', 'thr': 45, 'window': '20Y', 'order': 4, 'rows': 16}
2025-11-12 11:25:23,656 INFO [cli] {'ticker': 'DIA', 'mode': 'binary', 'thr': 45, 'window': 'MAX', 'order': 1, 'rows': 2}
2025-11-12 11:25:23,665 INFO [cli] {'ticker': 'DIA', 'mode': 'binary', 'thr': 45, 'window': 'MAX', 'order': 2, 'rows': 4}
2025-11-12 11:25:23,673 INFO [cli] {'ticker': 'DIA', 'mode': 'binary', 'thr': 45, 'window': 'MAX', 'order': 3, 'rows': 8}
2025-11-12 11:25:23,683 INFO [cli] {'ticker': 'DIA', 'mode': 'binary', 'thr': 45, 'window': 'MAX', 'order': 4, 'rows': 16}
2025-11-12 11:25:23,707 INFO [cli] {'ticker': 'DIA', 'mode': 'binary', 'thr': 50, 'window': '1Y', 'order': 1, 'rows': 2}
2025-11-12 11:25:23,715 INFO [cli] {'ticker': 'DIA', 'mode': 'binary', 'thr': 50, 'window': '1Y', 'order': 2, 'rows': 4}
2025-11-12 11:25:23,723 INFO [cli] {'ticker': 'DIA', 'mode': 'binary', 'thr': 50, 'window': '1Y', 'order': 3, 'rows': 8}
2025-11-12 11:25:23,733 INFO [cli] {'ticker': 'DIA', 'mode': 'binary', 'thr': 50, 'window': '1Y', 'order': 4, 'rows': 16}
2025-11-12 11:25:23,740 INFO [cli] {'ticker': 'DIA', 'mode': 'binary', 'thr': 50, 'window': '2Y', 'order': 1, 'rows': 2}
2025-11-12 11:25:23,748 INFO [cli] {'ticker': 'DIA', 'mode': 'binary', 'thr': 50, 'window': '2Y', 'order': 2, 'rows': 4}
2025-11-12 11:25:23,756 INFO [cli] {'ticker': 'DIA', 'mode': 'binary', 'thr': 50, 'window': '2Y', 'order': 3, 'rows': 8}
2025-11-12 11:25:23,764 INFO [cli] {'ticker': 'DIA', 'mode': 'binary', 'thr': 50, 'window': '2Y', 'order': 4, 'rows': 16}
2025-11-12 11:25:23,774 INFO [cli] {'ticker': 'DIA', 'mode': 'binary', 'thr': 50, 'window': '5Y', 'order': 1, 'rows': 2}
2025-11-12 11:25:23,782 INFO [cli] {'ticker': 'DIA', 'mode': 'binary', 'thr': 50, 'window': '5Y', 'order': 2, 'rows': 4}
2025-11-12 11:25:23,791 INFO [cli] {'ticker': 'DIA', 'mode': 'binary', 'thr': 50, 'window': '5Y', 'order': 3, 'rows': 8}
2025-11-12 11:25:23,800 INFO [cli] {'ticker': 'DIA', 'mode': 'binary', 'thr': 50, 'window': '5Y', 'order': 4, 'rows': 16}
2025-11-12 11:25:23,807 INFO [cli] {'ticker': 'DIA', 'mode': 'binary', 'thr': 50, 'window': '10Y', 'order': 1, 'rows': 2}
2025-11-12 11:25:23,815 INFO [cli] {'ticker': 'DIA', 'mode': 'binary', 'thr': 50, 'window': '10Y', 'order': 2, 'rows': 4}
2025-11-12 11:25:23,823 INFO [cli] {'ticker': 'DIA', 'mode': 'binary', 'thr': 50, 'window': '10Y', 'order': 3, 'rows': 8}
2025-11-12 11:25:23,831 INFO [cli] {'ticker': 'DIA', 'mode': 'binary', 'thr': 50, 'window': '10Y', 'order': 4, 'rows': 16}
2025-11-12 11:25:23,840 INFO [cli] {'ticker': 'DIA', 'mode': 'binary', 'thr': 50, 'window': '20Y', 'order': 1, 'rows': 2}
2025-11-12 11:25:23,848 INFO [cli] {'ticker': 'DIA', 'mode': 'binary', 'thr': 50, 'window': '20Y', 'order': 2, 'rows': 4}
2025-11-12 11:25:23,857 INFO [cli] {'ticker': 'DIA', 'mode': 'binary', 'thr': 50, 'window': '20Y', 'order': 3, 'rows': 8}
2025-11-12 11:25:23,864 INFO [cli] {'ticker': 'DIA', 'mode': 'binary', 'thr': 50, 'window': '20Y', 'order': 4, 'rows': 16}
2025-11-12 11:25:23,871 INFO [cli] {'ticker': 'DIA', 'mode': 'binary', 'thr': 50, 'window': 'MAX', 'order': 1, 'rows': 2}
2025-11-12 11:25:23,881 INFO [cli] {'ticker': 'DIA', 'mode': 'binary', 'thr': 50, 'window': 'MAX', 'order': 2, 'rows': 4}
2025-11-12 11:25:23,890 INFO [cli] {'ticker': 'DIA', 'mode': 'binary', 'thr': 50, 'window': 'MAX', 'order': 3, 'rows': 8}
2025-11-12 11:25:23,898 INFO [cli] {'ticker': 'DIA', 'mode': 'binary', 'thr': 50, 'window': 'MAX', 'order': 4, 'rows': 16}
2025-11-12 11:25:23,914 INFO [cli] {'ticker': 'DIA', 'mode': 'binary', 'thr': 55, 'window': '1Y', 'order': 1, 'rows': 2}
2025-11-12 11:25:23,922 INFO [cli] {'ticker': 'DIA', 'mode': 'binary', 'thr': 55, 'window': '1Y', 'order': 2, 'rows': 4}
2025-11-12 11:25:23,931 INFO [cli] {'ticker': 'DIA', 'mode': 'binary', 'thr': 55, 'window': '1Y', 'order': 3, 'rows': 8}
2025-11-12 11:25:23,939 INFO [cli] {'ticker': 'DIA', 'mode': 'binary', 'thr': 55, 'window': '1Y', 'order': 4, 'rows': 16}
2025-11-12 11:25:23,947 INFO [cli] {'ticker': 'DIA', 'mode': 'binary', 'thr': 55, 'window': '2Y', 'order': 1, 'rows': 2}
2025-11-12 11:25:23,954 INFO [cli] {'ticker': 'DIA', 'mode': 'binary', 'thr': 55, 'window': '2Y', 'order': 2, 'rows': 4}
2025-11-12 11:25:23,962 INFO [cli] {'ticker': 'DIA', 'mode': 'binary', 'thr': 55, 'window': '2Y', 'order': 3, 'rows': 8}
2025-11-12 11:25:23,971 INFO [cli] {'ticker': 'DIA', 'mode': 'binary', 'thr': 55, 'window': '2Y', 'order': 4, 'rows': 16}
2025-11-12 11:25:23,980 INFO [cli] {'ticker': 'DIA', 'mode': 'binary', 'thr': 55, 'window': '5Y', 'order': 1, 'rows': 2}
2025-11-12 11:25:23,990 INFO [cli] {'ticker': 'DIA', 'mode': 'binary', 'thr': 55, 'window': '5Y', 'order': 2, 'rows': 4}
2025-11-12 11:25:23,999 INFO [cli] {'ticker': 'DIA', 'mode': 'binary', 'thr': 55, 'window': '5Y', 'order': 3, 'rows': 8}
2025-11-12 11:25:24,008 INFO [cli] {'ticker': 'DIA', 'mode': 'binary', 'thr': 55, 'window': '5Y', 'order': 4, 'rows': 16}
2025-11-12 11:25:24,016 INFO [cli] {'ticker': 'DIA', 'mode': 'binary', 'thr': 55, 'window': '10Y', 'order': 1, 'rows': 2}
2025-11-12 11:25:24,025 INFO [cli] {'ticker': 'DIA', 'mode': 'binary', 'thr': 55, 'window': '10Y', 'order': 2, 'rows': 4}
2025-11-12 11:25:24,033 INFO [cli] {'ticker': 'DIA', 'mode': 'binary', 'thr': 55, 'window': '10Y', 'order': 3, 'rows': 8}
2025-11-12 11:25:24,041 INFO [cli] {'ticker': 'DIA', 'mode': 'binary', 'thr': 55, 'window': '10Y', 'order': 4, 'rows': 16}
2025-11-12 11:25:24,050 INFO [cli] {'ticker': 'DIA', 'mode': 'binary', 'thr': 55, 'window': '20Y', 'order': 1, 'rows': 2}
2025-11-12 11:25:24,057 INFO [cli] {'ticker': 'DIA', 'mode': 'binary', 'thr': 55, 'window': '20Y', 'order': 2, 'rows': 4}

{'ticker': 'DIA', 'mode': 'binary', 'thr': 15, 'window': 'MAX', 'order': 2, 'rows': 4}
{'ticker': 'DIA', 'mode': 'binary', 'thr': 15, 'window': 'MAX', 'order': 3, 'rows': 8}
{'ticker': 'DIA', 'mode': 'binary', 'thr': 15, 'window': 'MAX', 'order': 4, 'rows': 16}
{'ticker': 'DIA', 'mode': 'binary', 'thr': 20, 'window': '1Y', 'order': 1, 'rows': 2}
{'ticker': 'DIA', 'mode': 'binary', 'thr': 20, 'window': '1Y', 'order': 2, 'rows': 4}
{'ticker': 'DIA', 'mode': 'binary', 'thr': 20, 'window': '1Y', 'order': 3, 'rows': 8}
{'ticker': 'DIA', 'mode': 'binary', 'thr': 20, 'window': '1Y', 'order': 4, 'rows': 16}
{'ticker': 'DIA', 'mode': 'binary', 'thr': 20, 'window': '2Y', 'order': 1, 'rows': 2}
{'ticker': 'DIA', 'mode': 'binary', 'thr': 20, 'window': '2Y', 'order': 2, 'rows': 4}
{'ticker': 'DIA', 'mode': 'binary', 'thr': 20, 'window': '2Y', 'order': 3, 'rows': 8}
{'ticker': 'DIA', 'mode': 'binary', 'thr': 20, 'window': '2Y', 'order': 4, 'rows': 16}
{'ticker': 'DIA', 'mode': 'binary', 'thr': 20, 'window': '5Y', 'order': 1, 'rows': 2}
{'ticker': 'DIA', 'mode': 'binary', 'thr': 20, 'window': '5Y', 'order': 2, 'rows': 4}
{'ticker': 'DIA', 'mode': 'binary', 'thr': 20, 'window': '5Y', 'order': 3, 'rows': 8}
{'ticker': 'DIA', 'mode': 'binary', 'thr': 20, 'window': '5Y', 'order': 4, 'rows': 16}
{'ticker': 'DIA', 'mode': 'binary', 'thr': 20, 'window': '10Y', 'order': 1, 'rows': 2}
{'ticker': 'DIA', 'mode': 'binary', 'thr': 20, 'window': '10Y', 'order': 2, 'rows': 4}
{'ticker': 'DIA', 'mode': 'binary', 'thr': 20, 'window': '10Y', 'order': 3, 'rows': 8}
{'ticker': 'DIA', 'mode': 'binary', 'thr': 20, 'window': '10Y', 'order': 4, 'rows': 16}
{'ticker': 'DIA', 'mode': 'binary', 'thr': 20, 'window': '20Y', 'order': 1, 'rows': 2}
{'ticker': 'DIA', 'mode': 'binary', 'thr': 20, 'window': '20Y', 'order': 2, 'rows': 4}
{'ticker': 'DIA', 'mode': 'binary', 'thr': 20, 'window': '20Y', 'order': 3, 'rows': 8}
{'ticker': 'DIA', 'mode': 'binary', 'thr': 20, 'window': '20Y', 'order': 4, 'rows': 16}
{'ticker': 'DIA', 'mode': 'binary', 'thr': 20, 'window': 'MAX', 'order': 1, 'rows': 2}
{'ticker': 'DIA', 'mode': 'binary', 'thr': 20, 'window': 'MAX', 'order': 2, 'rows': 4}
{'ticker': 'DIA', 'mode': 'binary', 'thr': 20, 'window': 'MAX', 'order': 3, 'rows': 8}
{'ticker': 'DIA', 'mode': 'binary', 'thr': 20, 'window': 'MAX', 'order': 4, 'rows': 16}
{'ticker': 'DIA', 'mode': 'binary', 'thr': 25, 'window': '1Y', 'order': 1, 'rows': 2}
{'ticker': 'DIA', 'mode': 'binary', 'thr': 25, 'window': '1Y', 'order': 2, 'rows': 4}
{'ticker': 'DIA', 'mode': 'binary', 'thr': 25, 'window': '1Y', 'order': 3, 'rows': 8}
{'ticker': 'DIA', 'mode': 'binary', 'thr': 25, 'window': '1Y', 'order': 4, 'rows': 16}
{'ticker': 'DIA', 'mode': 'binary', 'thr': 25, 'window': '2Y', 'order': 1, 'rows': 2}
{'ticker': 'DIA', 'mode': 'binary', 'thr': 25, 'window': '2Y', 'order': 2, 'rows': 4}
{'ticker': 'DIA', 'mode': 'binary', 'thr': 25, 'window': '2Y', 'order': 3, 'rows': 8}
{'ticker': 'DIA', 'mode': 'binary', 'thr': 25, 'window': '2Y', 'order': 4, 'rows': 16}
{'ticker': 'DIA', 'mode': 'binary', 'thr': 25, 'window': '5Y', 'order': 1, 'rows': 2}
{'ticker': 'DIA', 'mode': 'binary', 'thr': 25, 'window': '5Y', 'order': 2, 'rows': 4}
{'ticker': 'DIA', 'mode': 'binary', 'thr': 25, 'window': '5Y', 'order': 3, 'rows': 8}
{'ticker': 'DIA', 'mode': 'binary', 'thr': 25, 'window': '5Y', 'order': 4, 'rows': 16}
{'ticker': 'DIA', 'mode': 'binary', 'thr': 25, 'window': '10Y', 'order': 1, 'rows': 2}
{'ticker': 'DIA', 'mode': 'binary', 'thr': 25, 'window': '10Y', 'order': 2, 'rows': 4}
{'ticker': 'DIA', 'mode': 'binary', 'thr': 25, 'window': '10Y', 'order': 3, 'rows': 8}
{'ticker': 'DIA', 'mode': 'binary', 'thr': 25, 'window': '10Y', 'order': 4, 'rows': 16}
{'ticker': 'DIA', 'mode': 'binary', 'thr': 25, 'window': '20Y', 'order': 1, 'rows': 2}
{'ticker': 'DIA', 'mode': 'binary', 'thr': 25, 'window': '20Y', 'order': 2, 'rows': 4}
{'ticker': 'DIA', 'mode': 'binary', 'thr': 25, 'window': '20Y', 'order': 3, 'rows': 8}
{'ticker': 'DIA', 'mode': 'binary', 'thr': 25, 'window': '20Y', 'order': 4, 'rows': 16}
{'ticker': 'DIA', 'mode': 'binary', 'thr': 25, 'window': 'MAX', 'order': 1, 'rows': 2}
{'ticker': 'DIA', 'mode': 'binary', 'thr': 25, 'window': 'MAX', 'order': 2, 'rows': 4}
{'ticker': 'DIA', 'mode': 'binary', 'thr': 25, 'window': 'MAX', 'order': 3, 'rows': 8}
{'ticker': 'DIA', 'mode': 'binary', 'thr': 25, 'window': 'MAX', 'order': 4, 'rows': 16}
{'ticker': 'DIA', 'mode': 'binary', 'thr': 30, 'window': '1Y', 'order': 1, 'rows': 2}
{'ticker': 'DIA', 'mode': 'binary', 'thr': 30, 'window': '1Y', 'order': 2, 'rows': 4}
{'ticker': 'DIA', 'mode': 'binary', 'thr': 30, 'window': '1Y', 'order': 3, 'rows': 8}
{'ticker': 'DIA', 'mode': 'binary', 'thr': 30, 'window': '1Y', 'order': 4, 'rows': 16}
{'ticker': 'DIA', 'mode': 'binary', 'thr': 30, 'window': '2Y', 'order': 1, 'rows': 2}
{'ticker': 'DIA', 'mode': 'binary', 'thr': 30, 'window': '2Y', 'order': 2, 'rows': 4}
{'ticker': 'DIA', 'mode': 'binary', 'thr': 30, 'window': '2Y', 'order': 3, 'rows': 8}
{'ticker': 'DIA', 'mode': 'binary', 'thr': 30, 'window': '2Y', 'order': 4, 'rows': 16}
{'ticker': 'DIA', 'mode': 'binary', 'thr': 30, 'window': '5Y', 'order': 1, 'rows': 2}
{'ticker': 'DIA', 'mode': 'binary', 'thr': 30, 'window': '5Y', 'order': 2, 'rows': 4}
{'ticker': 'DIA', 'mode': 'binary', 'thr': 30, 'window': '5Y', 'order': 3, 'rows': 8}
{'ticker': 'DIA', 'mode': 'binary', 'thr': 30, 'window': '5Y', 'order': 4, 'rows': 16}
{'ticker': 'DIA', 'mode': 'binary', 'thr': 30, 'window': '10Y', 'order': 1, 'rows': 2}
{'ticker': 'DIA', 'mode': 'binary', 'thr': 30, 'window': '10Y', 'order': 2, 'rows': 4}
{'ticker': 'DIA', 'mode': 'binary', 'thr': 30, 'window': '10Y', 'order': 3, 'rows': 8}
{'ticker': 'DIA', 'mode': 'binary', 'thr': 30, 'window': '10Y', 'order': 4, 'rows': 16}
{'ticker': 'DIA', 'mode': 'binary', 'thr': 30, 'window': '20Y', 'order': 1, 'rows': 2}
{'ticker': 'DIA', 'mode': 'binary', 'thr': 30, 'window': '20Y', 'order': 2, 'rows': 4}
{'ticker': 'DIA', 'mode': 'binary', 'thr': 30, 'window': '20Y', 'order': 3, 'rows': 8}
{'ticker': 'DIA', 'mode': 'binary', 'thr': 30, 'window': '20Y', 'order': 4, 'rows': 16}
{'ticker': 'DIA', 'mode': 'binary', 'thr': 30, 'window': 'MAX', 'order': 1, 'rows': 2}
{'ticker': 'DIA', 'mode': 'binary', 'thr': 30, 'window': 'MAX', 'order': 2, 'rows': 4}
{'ticker': 'DIA', 'mode': 'binary', 'thr': 30, 'window': 'MAX', 'order': 3, 'rows': 8}
{'ticker': 'DIA', 'mode': 'binary', 'thr': 30, 'window': 'MAX', 'order': 4, 'rows': 16}
{'ticker': 'DIA', 'mode': 'binary', 'thr': 35, 'window': '1Y', 'order': 1, 'rows': 2}
{'ticker': 'DIA', 'mode': 'binary', 'thr': 35, 'window': '1Y', 'order': 2, 'rows': 4}
{'ticker': 'DIA', 'mode': 'binary', 'thr': 35, 'window': '1Y', 'order': 3, 'rows': 8}
{'ticker': 'DIA', 'mode': 'binary', 'thr': 35, 'window': '1Y', 'order': 4, 'rows': 16}
{'ticker': 'DIA', 'mode': 'binary', 'thr': 35, 'window': '2Y', 'order': 1, 'rows': 2}
{'ticker': 'DIA', 'mode': 'binary', 'thr': 35, 'window': '2Y', 'order': 2, 'rows': 4}
{'ticker': 'DIA', 'mode': 'binary', 'thr': 35, 'window': '2Y', 'order': 3, 'rows': 8}
{'ticker': 'DIA', 'mode': 'binary', 'thr': 35, 'window': '2Y', 'order': 4, 'rows': 16}
{'ticker': 'DIA', 'mode': 'binary', 'thr': 35, 'window': '5Y', 'order': 1, 'rows': 2}
{'ticker': 'DIA', 'mode': 'binary', 'thr': 35, 'window': '5Y', 'order': 2, 'rows': 4}
{'ticker': 'DIA', 'mode': 'binary', 'thr': 35, 'window': '5Y', 'order': 3, 'rows': 8}
{'ticker': 'DIA', 'mode': 'binary', 'thr': 35, 'window': '5Y', 'order': 4, 'rows': 16}
{'ticker': 'DIA', 'mode': 'binary', 'thr': 35, 'window': '10Y', 'order': 1, 'rows': 2}
{'ticker': 'DIA', 'mode': 'binary', 'thr': 35, 'window': '10Y', 'order': 2, 'rows': 4}
{'ticker': 'DIA', 'mode': 'binary', 'thr': 35, 'window': '10Y', 'order': 3, 'rows': 8}
{'ticker': 'DIA', 'mode': 'binary', 'thr': 35, 'window': '10Y', 'order': 4, 'rows': 16}
{'ticker': 'DIA', 'mode': 'binary', 'thr': 35, 'window': '20Y', 'order': 1, 'rows': 2}
{'ticker': 'DIA', 'mode': 'binary', 'thr': 35, 'window': '20Y', 'order': 2, 'rows': 4}
{'ticker': 'DIA', 'mode': 'binary', 'thr': 35, 'window': '20Y', 'order': 3, 'rows': 8}
{'ticker': 'DIA', 'mode': 'binary', 'thr': 35, 'window': '20Y', 'order': 4, 'rows': 16}2025-11-12 11:25:24,064 INFO [cli] {'ticker': 'DIA', 'mode': 'binary', 'thr': 55, 'window': '20Y', 'order': 3, 'rows': 8}
2025-11-12 11:25:24,076 INFO [cli] {'ticker': 'DIA', 'mode': 'binary', 'thr': 55, 'window': '20Y', 'order': 4, 'rows': 16}
2025-11-12 11:25:24,084 INFO [cli] {'ticker': 'DIA', 'mode': 'binary', 'thr': 55, 'window': 'MAX', 'order': 1, 'rows': 2}
2025-11-12 11:25:24,094 INFO [cli] {'ticker': 'DIA', 'mode': 'binary', 'thr': 55, 'window': 'MAX', 'order': 2, 'rows': 4}
2025-11-12 11:25:24,103 INFO [cli] {'ticker': 'DIA', 'mode': 'binary', 'thr': 55, 'window': 'MAX', 'order': 3, 'rows': 8}
2025-11-12 11:25:24,112 INFO [cli] {'ticker': 'DIA', 'mode': 'binary', 'thr': 55, 'window': 'MAX', 'order': 4, 'rows': 16}
2025-11-12 11:25:24,127 INFO [cli] {'ticker': 'DIA', 'mode': 'binary', 'thr': 60, 'window': '1Y', 'order': 1, 'rows': 2}
2025-11-12 11:25:24,136 INFO [cli] {'ticker': 'DIA', 'mode': 'binary', 'thr': 60, 'window': '1Y', 'order': 2, 'rows': 4}
2025-11-12 11:25:24,147 INFO [cli] {'ticker': 'DIA', 'mode': 'binary', 'thr': 60, 'window': '1Y', 'order': 3, 'rows': 8}
2025-11-12 11:25:24,154 INFO [cli] {'ticker': 'DIA', 'mode': 'binary', 'thr': 60, 'window': '1Y', 'order': 4, 'rows': 16}
2025-11-12 11:25:24,162 INFO [cli] {'ticker': 'DIA', 'mode': 'binary', 'thr': 60, 'window': '2Y', 'order': 1, 'rows': 2}
2025-11-12 11:25:24,171 INFO [cli] {'ticker': 'DIA', 'mode': 'binary', 'thr': 60, 'window': '2Y', 'order': 2, 'rows': 4}
2025-11-12 11:25:24,179 INFO [cli] {'ticker': 'DIA', 'mode': 'binary', 'thr': 60, 'window': '2Y', 'order': 3, 'rows': 8}
2025-11-12 11:25:24,188 INFO [cli] {'ticker': 'DIA', 'mode': 'binary', 'thr': 60, 'window': '2Y', 'order': 4, 'rows': 16}
2025-11-12 11:25:24,195 INFO [cli] {'ticker': 'DIA', 'mode': 'binary', 'thr': 60, 'window': '5Y', 'order': 1, 'rows': 2}
2025-11-12 11:25:24,203 INFO [cli] {'ticker': 'DIA', 'mode': 'binary', 'thr': 60, 'window': '5Y', 'order': 2, 'rows': 4}
2025-11-12 11:25:24,213 INFO [cli] {'ticker': 'DIA', 'mode': 'binary', 'thr': 60, 'window': '5Y', 'order': 3, 'rows': 8}
2025-11-12 11:25:24,223 INFO [cli] {'ticker': 'DIA', 'mode': 'binary', 'thr': 60, 'window': '5Y', 'order': 4, 'rows': 16}
2025-11-12 11:25:24,232 INFO [cli] {'ticker': 'DIA', 'mode': 'binary', 'thr': 60, 'window': '10Y', 'order': 1, 'rows': 2}
2025-11-12 11:25:24,241 INFO [cli] {'ticker': 'DIA', 'mode': 'binary', 'thr': 60, 'window': '10Y', 'order': 2, 'rows': 4}
2025-11-12 11:25:24,258 INFO [cli] {'ticker': 'DIA', 'mode': 'binary', 'thr': 60, 'window': '10Y', 'order': 3, 'rows': 8}
2025-11-12 11:25:24,264 INFO [cli] {'ticker': 'DIA', 'mode': 'binary', 'thr': 60, 'window': '10Y', 'order': 4, 'rows': 16}
2025-11-12 11:25:24,271 INFO [cli] {'ticker': 'DIA', 'mode': 'binary', 'thr': 60, 'window': '20Y', 'order': 1, 'rows': 2}
2025-11-12 11:25:24,276 INFO [cli] {'ticker': 'DIA', 'mode': 'binary', 'thr': 60, 'window': '20Y', 'order': 2, 'rows': 4}
2025-11-12 11:25:24,282 INFO [cli] {'ticker': 'DIA', 'mode': 'binary', 'thr': 60, 'window': '20Y', 'order': 3, 'rows': 8}
2025-11-12 11:25:24,288 INFO [cli] {'ticker': 'DIA', 'mode': 'binary', 'thr': 60, 'window': '20Y', 'order': 4, 'rows': 16}
2025-11-12 11:25:24,298 INFO [cli] {'ticker': 'DIA', 'mode': 'binary', 'thr': 60, 'window': 'MAX', 'order': 1, 'rows': 2}
2025-11-12 11:25:24,307 INFO [cli] {'ticker': 'DIA', 'mode': 'binary', 'thr': 60, 'window': 'MAX', 'order': 2, 'rows': 4}
2025-11-12 11:25:24,315 INFO [cli] {'ticker': 'DIA', 'mode': 'binary', 'thr': 60, 'window': 'MAX', 'order': 3, 'rows': 8}
2025-11-12 11:25:24,327 INFO [cli] {'ticker': 'DIA', 'mode': 'binary', 'thr': 60, 'window': 'MAX', 'order': 4, 'rows': 16}
2025-11-12 11:25:24,342 INFO [cli] {'ticker': 'DIA', 'mode': 'binary', 'thr': 65, 'window': '1Y', 'order': 1, 'rows': 2}
2025-11-12 11:25:24,352 INFO [cli] {'ticker': 'DIA', 'mode': 'binary', 'thr': 65, 'window': '1Y', 'order': 2, 'rows': 4}
2025-11-12 11:25:24,361 INFO [cli] {'ticker': 'DIA', 'mode': 'binary', 'thr': 65, 'window': '1Y', 'order': 3, 'rows': 8}
2025-11-12 11:25:24,368 INFO [cli] {'ticker': 'DIA', 'mode': 'binary', 'thr': 65, 'window': '1Y', 'order': 4, 'rows': 15}
2025-11-12 11:25:24,377 INFO [cli] {'ticker': 'DIA', 'mode': 'binary', 'thr': 65, 'window': '2Y', 'order': 1, 'rows': 2}
2025-11-12 11:25:24,387 INFO [cli] {'ticker': 'DIA', 'mode': 'binary', 'thr': 65, 'window': '2Y', 'order': 2, 'rows': 4}
2025-11-12 11:25:24,395 INFO [cli] {'ticker': 'DIA', 'mode': 'binary', 'thr': 65, 'window': '2Y', 'order': 3, 'rows': 8}
2025-11-12 11:25:24,403 INFO [cli] {'ticker': 'DIA', 'mode': 'binary', 'thr': 65, 'window': '2Y', 'order': 4, 'rows': 15}
2025-11-12 11:25:24,421 INFO [cli] {'ticker': 'DIA', 'mode': 'binary', 'thr': 65, 'window': '5Y', 'order': 1, 'rows': 2}
2025-11-12 11:25:24,430 INFO [cli] {'ticker': 'DIA', 'mode': 'binary', 'thr': 65, 'window': '5Y', 'order': 2, 'rows': 4}
2025-11-12 11:25:24,438 INFO [cli] {'ticker': 'DIA', 'mode': 'binary', 'thr': 65, 'window': '5Y', 'order': 3, 'rows': 8}
2025-11-12 11:25:24,447 INFO [cli] {'ticker': 'DIA', 'mode': 'binary', 'thr': 65, 'window': '5Y', 'order': 4, 'rows': 16}
2025-11-12 11:25:24,456 INFO [cli] {'ticker': 'DIA', 'mode': 'binary', 'thr': 65, 'window': '10Y', 'order': 1, 'rows': 2}
2025-11-12 11:25:24,463 INFO [cli] {'ticker': 'DIA', 'mode': 'binary', 'thr': 65, 'window': '10Y', 'order': 2, 'rows': 4}
2025-11-12 11:25:24,473 INFO [cli] {'ticker': 'DIA', 'mode': 'binary', 'thr': 65, 'window': '10Y', 'order': 3, 'rows': 8}
2025-11-12 11:25:24,483 INFO [cli] {'ticker': 'DIA', 'mode': 'binary', 'thr': 65, 'window': '10Y', 'order': 4, 'rows': 16}
2025-11-12 11:25:24,493 INFO [cli] {'ticker': 'DIA', 'mode': 'binary', 'thr': 65, 'window': '20Y', 'order': 1, 'rows': 2}
2025-11-12 11:25:24,503 INFO [cli] {'ticker': 'DIA', 'mode': 'binary', 'thr': 65, 'window': '20Y', 'order': 2, 'rows': 4}
2025-11-12 11:25:24,511 INFO [cli] {'ticker': 'DIA', 'mode': 'binary', 'thr': 65, 'window': '20Y', 'order': 3, 'rows': 8}
2025-11-12 11:25:24,521 INFO [cli] {'ticker': 'DIA', 'mode': 'binary', 'thr': 65, 'window': '20Y', 'order': 4, 'rows': 16}
2025-11-12 11:25:24,530 INFO [cli] {'ticker': 'DIA', 'mode': 'binary', 'thr': 65, 'window': 'MAX', 'order': 1, 'rows': 2}
2025-11-12 11:25:24,538 INFO [cli] {'ticker': 'DIA', 'mode': 'binary', 'thr': 65, 'window': 'MAX', 'order': 2, 'rows': 4}
2025-11-12 11:25:24,548 INFO [cli] {'ticker': 'DIA', 'mode': 'binary', 'thr': 65, 'window': 'MAX', 'order': 3, 'rows': 8}
2025-11-12 11:25:24,558 INFO [cli] {'ticker': 'DIA', 'mode': 'binary', 'thr': 65, 'window': 'MAX', 'order': 4, 'rows': 16}
2025-11-12 11:25:24,575 INFO [cli] {'ticker': 'DIA', 'mode': 'binary', 'thr': 70, 'window': '1Y', 'order': 1, 'rows': 2}
2025-11-12 11:25:24,586 INFO [cli] {'ticker': 'DIA', 'mode': 'binary', 'thr': 70, 'window': '1Y', 'order': 2, 'rows': 4}
2025-11-12 11:25:24,594 INFO [cli] {'ticker': 'DIA', 'mode': 'binary', 'thr': 70, 'window': '1Y', 'order': 3, 'rows': 8}
2025-11-12 11:25:24,603 INFO [cli] {'ticker': 'DIA', 'mode': 'binary', 'thr': 70, 'window': '1Y', 'order': 4, 'rows': 15}
2025-11-12 11:25:24,612 INFO [cli] {'ticker': 'DIA', 'mode': 'binary', 'thr': 70, 'window': '2Y', 'order': 1, 'rows': 2}
2025-11-12 11:25:24,623 INFO [cli] {'ticker': 'DIA', 'mode': 'binary', 'thr': 70, 'window': '2Y', 'order': 2, 'rows': 4}
2025-11-12 11:25:24,631 INFO [cli] {'ticker': 'DIA', 'mode': 'binary', 'thr': 70, 'window': '2Y', 'order': 3, 'rows': 8}
2025-11-12 11:25:24,642 INFO [cli] {'ticker': 'DIA', 'mode': 'binary', 'thr': 70, 'window': '2Y', 'order': 4, 'rows': 15}
2025-11-12 11:25:24,651 INFO [cli] {'ticker': 'DIA', 'mode': 'binary', 'thr': 70, 'window': '5Y', 'order': 1, 'rows': 2}
2025-11-12 11:25:24,661 INFO [cli] {'ticker': 'DIA', 'mode': 'binary', 'thr': 70, 'window': '5Y', 'order': 2, 'rows': 4}
2025-11-12 11:25:24,670 INFO [cli] {'ticker': 'DIA', 'mode': 'binary', 'thr': 70, 'window': '5Y', 'order': 3, 'rows': 8}
2025-11-12 11:25:24,678 INFO [cli] {'ticker': 'DIA', 'mode': 'binary', 'thr': 70, 'window': '5Y', 'order': 4, 'rows': 16}
2025-11-12 11:25:24,686 INFO [cli] {'ticker': 'DIA', 'mode': 'binary', 'thr': 70, 'window': '10Y', 'order': 1, 'rows': 2}
2025-11-12 11:25:24,696 INFO [cli] {'ticker': 'DIA', 'mode': 'binary', 'thr': 70, 'window': '10Y', 'order': 2, 'rows': 4}
2025-11-12 11:25:24,705 INFO [cli] {'ticker': 'DIA', 'mode': 'binary', 'thr': 70, 'window': '10Y', 'order': 3, 'rows': 8}
2025-11-12 11:25:24,716 INFO [cli] {'ticker': 'DIA', 'mode': 'binary', 'thr': 70, 'window': '10Y', 'order': 4, 'rows': 16}
2025-11-12 11:25:24,724 INFO [cli] {'ticker': 'DIA', 'mode': 'binary', 'thr': 70, 'window': '20Y', 'order': 1, 'rows': 2}
2025-11-12 11:25:24,732 INFO [cli] {'ticker': 'DIA', 'mode': 'binary', 'thr': 70, 'window': '20Y', 'order': 2, 'rows': 4}
2025-11-12 11:25:24,741 INFO [cli] {'ticker': 'DIA', 'mode': 'binary', 'thr': 70, 'window': '20Y', 'order': 3, 'rows': 8}
2025-11-12 11:25:24,750 INFO [cli] {'ticker': 'DIA', 'mode': 'binary', 'thr': 70, 'window': '20Y', 'order': 4, 'rows': 16}
2025-11-12 11:25:24,762 INFO [cli] {'ticker': 'DIA', 'mode': 'binary', 'thr': 70, 'window': 'MAX', 'order': 1, 'rows': 2}
2025-11-12 11:25:24,770 INFO [cli] {'ticker': 'DIA', 'mode': 'binary', 'thr': 70, 'window': 'MAX', 'order': 2, 'rows': 4}
2025-11-12 11:25:24,778 INFO [cli] {'ticker': 'DIA', 'mode': 'binary', 'thr': 70, 'window': 'MAX', 'order': 3, 'rows': 8}
2025-11-12 11:25:24,787 INFO [cli] {'ticker': 'DIA', 'mode': 'binary', 'thr': 70, 'window': 'MAX', 'order': 4, 'rows': 16}
2025-11-12 11:25:24,803 INFO [cli] {'ticker': 'DIA', 'mode': 'binary', 'thr': 75, 'window': '1Y', 'order': 1, 'rows': 2}
2025-11-12 11:25:24,814 INFO [cli] {'ticker': 'DIA', 'mode': 'binary', 'thr': 75, 'window': '1Y', 'order': 2, 'rows': 4}
2025-11-12 11:25:24,822 INFO [cli] {'ticker': 'DIA', 'mode': 'binary', 'thr': 75, 'window': '1Y', 'order': 3, 'rows': 8}
2025-11-12 11:25:24,829 INFO [cli] {'ticker': 'DIA', 'mode': 'binary', 'thr': 75, 'window': '1Y', 'order': 4, 'rows': 15}
2025-11-12 11:25:24,838 INFO [cli] {'ticker': 'DIA', 'mode': 'binary', 'thr': 75, 'window': '2Y', 'order': 1, 'rows': 2}
2025-11-12 11:25:24,847 INFO [cli] {'ticker': 'DIA', 'mode': 'binary', 'thr': 75, 'window': '2Y', 'order': 2, 'rows': 4}
2025-11-12 11:25:24,856 INFO [cli] {'ticker': 'DIA', 'mode': 'binary', 'thr': 75, 'window': '2Y', 'order': 3, 'rows': 8}
2025-11-12 11:25:24,866 INFO [cli] {'ticker': 'DIA', 'mode': 'binary', 'thr': 75, 'window': '2Y', 'order': 4, 'rows': 15}
2025-11-12 11:25:24,875 INFO [cli] {'ticker': 'DIA', 'mode': 'binary', 'thr': 75, 'window': '5Y', 'order': 1, 'rows': 2}
2025-11-12 11:25:24,884 INFO [cli] {'ticker': 'DIA', 'mode': 'binary', 'thr': 75, 'window': '5Y', 'order': 2, 'rows': 4}
2025-11-12 11:25:24,895 INFO [cli] {'ticker': 'DIA', 'mode': 'binary', 'thr': 75, 'window': '5Y', 'order': 3, 'rows': 8}
2025-11-12 11:25:24,905 INFO [cli] {'ticker': 'DIA', 'mode': 'binary', 'thr': 75, 'window': '5Y', 'order': 4, 'rows': 15}
2025-11-12 11:25:24,915 INFO [cli] {'ticker': 'DIA', 'mode': 'binary', 'thr': 75, 'window': '10Y', 'order': 1, 'rows': 2}
2025-11-12 11:25:24,923 INFO [cli] {'ticker': 'DIA', 'mode': 'binary', 'thr': 75, 'window': '10Y', 'order': 2, 'rows': 4}
2025-11-12 11:25:24,932 INFO [cli] {'ticker': 'DIA', 'mode': 'binary', 'thr': 75, 'window': '10Y', 'order': 3, 'rows': 8}
2025-11-12 11:25:24,940 INFO [cli] {'ticker': 'DIA', 'mode': 'binary', 'thr': 75, 'window': '10Y', 'order': 4, 'rows': 16}
2025-11-12 11:25:24,949 INFO [cli] {'ticker': 'DIA', 'mode': 'binary', 'thr': 75, 'window': '20Y', 'order': 1, 'rows': 2}

{'ticker': 'DIA', 'mode': 'binary', 'thr': 35, 'window': 'MAX', 'order': 1, 'rows': 2}
{'ticker': 'DIA', 'mode': 'binary', 'thr': 35, 'window': 'MAX', 'order': 2, 'rows': 4}
{'ticker': 'DIA', 'mode': 'binary', 'thr': 35, 'window': 'MAX', 'order': 3, 'rows': 8}
{'ticker': 'DIA', 'mode': 'binary', 'thr': 35, 'window': 'MAX', 'order': 4, 'rows': 16}
{'ticker': 'DIA', 'mode': 'binary', 'thr': 40, 'window': '1Y', 'order': 1, 'rows': 2}
{'ticker': 'DIA', 'mode': 'binary', 'thr': 40, 'window': '1Y', 'order': 2, 'rows': 4}
{'ticker': 'DIA', 'mode': 'binary', 'thr': 40, 'window': '1Y', 'order': 3, 'rows': 8}
{'ticker': 'DIA', 'mode': 'binary', 'thr': 40, 'window': '1Y', 'order': 4, 'rows': 16}
{'ticker': 'DIA', 'mode': 'binary', 'thr': 40, 'window': '2Y', 'order': 1, 'rows': 2}
{'ticker': 'DIA', 'mode': 'binary', 'thr': 40, 'window': '2Y', 'order': 2, 'rows': 4}
{'ticker': 'DIA', 'mode': 'binary', 'thr': 40, 'window': '2Y', 'order': 3, 'rows': 8}
{'ticker': 'DIA', 'mode': 'binary', 'thr': 40, 'window': '2Y', 'order': 4, 'rows': 16}
{'ticker': 'DIA', 'mode': 'binary', 'thr': 40, 'window': '5Y', 'order': 1, 'rows': 2}
{'ticker': 'DIA', 'mode': 'binary', 'thr': 40, 'window': '5Y', 'order': 2, 'rows': 4}
{'ticker': 'DIA', 'mode': 'binary', 'thr': 40, 'window': '5Y', 'order': 3, 'rows': 8}
{'ticker': 'DIA', 'mode': 'binary', 'thr': 40, 'window': '5Y', 'order': 4, 'rows': 16}
{'ticker': 'DIA', 'mode': 'binary', 'thr': 40, 'window': '10Y', 'order': 1, 'rows': 2}
{'ticker': 'DIA', 'mode': 'binary', 'thr': 40, 'window': '10Y', 'order': 2, 'rows': 4}
{'ticker': 'DIA', 'mode': 'binary', 'thr': 40, 'window': '10Y', 'order': 3, 'rows': 8}
{'ticker': 'DIA', 'mode': 'binary', 'thr': 40, 'window': '10Y', 'order': 4, 'rows': 16}
{'ticker': 'DIA', 'mode': 'binary', 'thr': 40, 'window': '20Y', 'order': 1, 'rows': 2}
{'ticker': 'DIA', 'mode': 'binary', 'thr': 40, 'window': '20Y', 'order': 2, 'rows': 4}
{'ticker': 'DIA', 'mode': 'binary', 'thr': 40, 'window': '20Y', 'order': 3, 'rows': 8}
{'ticker': 'DIA', 'mode': 'binary', 'thr': 40, 'window': '20Y', 'order': 4, 'rows': 16}
{'ticker': 'DIA', 'mode': 'binary', 'thr': 40, 'window': 'MAX', 'order': 1, 'rows': 2}
{'ticker': 'DIA', 'mode': 'binary', 'thr': 40, 'window': 'MAX', 'order': 2, 'rows': 4}
{'ticker': 'DIA', 'mode': 'binary', 'thr': 40, 'window': 'MAX', 'order': 3, 'rows': 8}
{'ticker': 'DIA', 'mode': 'binary', 'thr': 40, 'window': 'MAX', 'order': 4, 'rows': 16}
{'ticker': 'DIA', 'mode': 'binary', 'thr': 45, 'window': '1Y', 'order': 1, 'rows': 2}
{'ticker': 'DIA', 'mode': 'binary', 'thr': 45, 'window': '1Y', 'order': 2, 'rows': 4}
{'ticker': 'DIA', 'mode': 'binary', 'thr': 45, 'window': '1Y', 'order': 3, 'rows': 8}
{'ticker': 'DIA', 'mode': 'binary', 'thr': 45, 'window': '1Y', 'order': 4, 'rows': 16}
{'ticker': 'DIA', 'mode': 'binary', 'thr': 45, 'window': '2Y', 'order': 1, 'rows': 2}
{'ticker': 'DIA', 'mode': 'binary', 'thr': 45, 'window': '2Y', 'order': 2, 'rows': 4}
{'ticker': 'DIA', 'mode': 'binary', 'thr': 45, 'window': '2Y', 'order': 3, 'rows': 8}
{'ticker': 'DIA', 'mode': 'binary', 'thr': 45, 'window': '2Y', 'order': 4, 'rows': 16}
{'ticker': 'DIA', 'mode': 'binary', 'thr': 45, 'window': '5Y', 'order': 1, 'rows': 2}
{'ticker': 'DIA', 'mode': 'binary', 'thr': 45, 'window': '5Y', 'order': 2, 'rows': 4}
{'ticker': 'DIA', 'mode': 'binary', 'thr': 45, 'window': '5Y', 'order': 3, 'rows': 8}
{'ticker': 'DIA', 'mode': 'binary', 'thr': 45, 'window': '5Y', 'order': 4, 'rows': 16}
{'ticker': 'DIA', 'mode': 'binary', 'thr': 45, 'window': '10Y', 'order': 1, 'rows': 2}
{'ticker': 'DIA', 'mode': 'binary', 'thr': 45, 'window': '10Y', 'order': 2, 'rows': 4}
{'ticker': 'DIA', 'mode': 'binary', 'thr': 45, 'window': '10Y', 'order': 3, 'rows': 8}
{'ticker': 'DIA', 'mode': 'binary', 'thr': 45, 'window': '10Y', 'order': 4, 'rows': 16}
{'ticker': 'DIA', 'mode': 'binary', 'thr': 45, 'window': '20Y', 'order': 1, 'rows': 2}
{'ticker': 'DIA', 'mode': 'binary', 'thr': 45, 'window': '20Y', 'order': 2, 'rows': 4}
{'ticker': 'DIA', 'mode': 'binary', 'thr': 45, 'window': '20Y', 'order': 3, 'rows': 8}
{'ticker': 'DIA', 'mode': 'binary', 'thr': 45, 'window': '20Y', 'order': 4, 'rows': 16}
{'ticker': 'DIA', 'mode': 'binary', 'thr': 45, 'window': 'MAX', 'order': 1, 'rows': 2}
{'ticker': 'DIA', 'mode': 'binary', 'thr': 45, 'window': 'MAX', 'order': 2, 'rows': 4}
{'ticker': 'DIA', 'mode': 'binary', 'thr': 45, 'window': 'MAX', 'order': 3, 'rows': 8}
{'ticker': 'DIA', 'mode': 'binary', 'thr': 45, 'window': 'MAX', 'order': 4, 'rows': 16}
{'ticker': 'DIA', 'mode': 'binary', 'thr': 50, 'window': '1Y', 'order': 1, 'rows': 2}
{'ticker': 'DIA', 'mode': 'binary', 'thr': 50, 'window': '1Y', 'order': 2, 'rows': 4}
{'ticker': 'DIA', 'mode': 'binary', 'thr': 50, 'window': '1Y', 'order': 3, 'rows': 8}
{'ticker': 'DIA', 'mode': 'binary', 'thr': 50, 'window': '1Y', 'order': 4, 'rows': 16}
{'ticker': 'DIA', 'mode': 'binary', 'thr': 50, 'window': '2Y', 'order': 1, 'rows': 2}
{'ticker': 'DIA', 'mode': 'binary', 'thr': 50, 'window': '2Y', 'order': 2, 'rows': 4}
{'ticker': 'DIA', 'mode': 'binary', 'thr': 50, 'window': '2Y', 'order': 3, 'rows': 8}
{'ticker': 'DIA', 'mode': 'binary', 'thr': 50, 'window': '2Y', 'order': 4, 'rows': 16}
{'ticker': 'DIA', 'mode': 'binary', 'thr': 50, 'window': '5Y', 'order': 1, 'rows': 2}
{'ticker': 'DIA', 'mode': 'binary', 'thr': 50, 'window': '5Y', 'order': 2, 'rows': 4}
{'ticker': 'DIA', 'mode': 'binary', 'thr': 50, 'window': '5Y', 'order': 3, 'rows': 8}
{'ticker': 'DIA', 'mode': 'binary', 'thr': 50, 'window': '5Y', 'order': 4, 'rows': 16}
{'ticker': 'DIA', 'mode': 'binary', 'thr': 50, 'window': '10Y', 'order': 1, 'rows': 2}
{'ticker': 'DIA', 'mode': 'binary', 'thr': 50, 'window': '10Y', 'order': 2, 'rows': 4}
{'ticker': 'DIA', 'mode': 'binary', 'thr': 50, 'window': '10Y', 'order': 3, 'rows': 8}
{'ticker': 'DIA', 'mode': 'binary', 'thr': 50, 'window': '10Y', 'order': 4, 'rows': 16}
{'ticker': 'DIA', 'mode': 'binary', 'thr': 50, 'window': '20Y', 'order': 1, 'rows': 2}
{'ticker': 'DIA', 'mode': 'binary', 'thr': 50, 'window': '20Y', 'order': 2, 'rows': 4}
{'ticker': 'DIA', 'mode': 'binary', 'thr': 50, 'window': '20Y', 'order': 3, 'rows': 8}
{'ticker': 'DIA', 'mode': 'binary', 'thr': 50, 'window': '20Y', 'order': 4, 'rows': 16}
{'ticker': 'DIA', 'mode': 'binary', 'thr': 50, 'window': 'MAX', 'order': 1, 'rows': 2}
{'ticker': 'DIA', 'mode': 'binary', 'thr': 50, 'window': 'MAX', 'order': 2, 'rows': 4}
{'ticker': 'DIA', 'mode': 'binary', 'thr': 50, 'window': 'MAX', 'order': 3, 'rows': 8}
{'ticker': 'DIA', 'mode': 'binary', 'thr': 50, 'window': 'MAX', 'order': 4, 'rows': 16}
{'ticker': 'DIA', 'mode': 'binary', 'thr': 55, 'window': '1Y', 'order': 1, 'rows': 2}
{'ticker': 'DIA', 'mode': 'binary', 'thr': 55, 'window': '1Y', 'order': 2, 'rows': 4}
{'ticker': 'DIA', 'mode': 'binary', 'thr': 55, 'window': '1Y', 'order': 3, 'rows': 8}
{'ticker': 'DIA', 'mode': 'binary', 'thr': 55, 'window': '1Y', 'order': 4, 'rows': 16}
{'ticker': 'DIA', 'mode': 'binary', 'thr': 55, 'window': '2Y', 'order': 1, 'rows': 2}
{'ticker': 'DIA', 'mode': 'binary', 'thr': 55, 'window': '2Y', 'order': 2, 'rows': 4}
{'ticker': 'DIA', 'mode': 'binary', 'thr': 55, 'window': '2Y', 'order': 3, 'rows': 8}
{'ticker': 'DIA', 'mode': 'binary', 'thr': 55, 'window': '2Y', 'order': 4, 'rows': 16}
{'ticker': 'DIA', 'mode': 'binary', 'thr': 55, 'window': '5Y', 'order': 1, 'rows': 2}
{'ticker': 'DIA', 'mode': 'binary', 'thr': 55, 'window': '5Y', 'order': 2, 'rows': 4}
{'ticker': 'DIA', 'mode': 'binary', 'thr': 55, 'window': '5Y', 'order': 3, 'rows': 8}
{'ticker': 'DIA', 'mode': 'binary', 'thr': 55, 'window': '5Y', 'order': 4, 'rows': 16}
{'ticker': 'DIA', 'mode': 'binary', 'thr': 55, 'window': '10Y', 'order': 1, 'rows': 2}
{'ticker': 'DIA', 'mode': 'binary', 'thr': 55, 'window': '10Y', 'order': 2, 'rows': 4}
{'ticker': 'DIA', 'mode': 'binary', 'thr': 55, 'window': '10Y', 'order': 3, 'rows': 8}
{'ticker': 'DIA', 'mode': 'binary', 'thr': 55, 'window': '10Y', 'order': 4, 'rows': 16}
{'ticker': 'DIA', 'mode': 'binary', 'thr': 55, 'window': '20Y', 'order': 1, 'rows': 2}
{'ticker': 'DIA', 'mode': 'binary', 'thr': 55, 'window': '20Y', 'order': 2, 'rows': 4}
{'ticker': 'DIA', 'mode': 'binary', 'thr': 55, 'window': '20Y', 'order': 3, 'rows': 8}2025-11-12 11:25:24,956 INFO [cli] {'ticker': 'DIA', 'mode': 'binary', 'thr': 75, 'window': '20Y', 'order': 2, 'rows': 4}
2025-11-12 11:25:24,968 INFO [cli] {'ticker': 'DIA', 'mode': 'binary', 'thr': 75, 'window': '20Y', 'order': 3, 'rows': 8}
2025-11-12 11:25:24,977 INFO [cli] {'ticker': 'DIA', 'mode': 'binary', 'thr': 75, 'window': '20Y', 'order': 4, 'rows': 16}
2025-11-12 11:25:24,987 INFO [cli] {'ticker': 'DIA', 'mode': 'binary', 'thr': 75, 'window': 'MAX', 'order': 1, 'rows': 2}
2025-11-12 11:25:24,996 INFO [cli] {'ticker': 'DIA', 'mode': 'binary', 'thr': 75, 'window': 'MAX', 'order': 2, 'rows': 4}
2025-11-12 11:25:25,003 INFO [cli] {'ticker': 'DIA', 'mode': 'binary', 'thr': 75, 'window': 'MAX', 'order': 3, 'rows': 8}
2025-11-12 11:25:25,012 INFO [cli] {'ticker': 'DIA', 'mode': 'binary', 'thr': 75, 'window': 'MAX', 'order': 4, 'rows': 16}
2025-11-12 11:25:25,029 INFO [cli] {'ticker': 'DIA', 'mode': 'binary', 'thr': 80, 'window': '1Y', 'order': 1, 'rows': 2}
2025-11-12 11:25:25,039 INFO [cli] {'ticker': 'DIA', 'mode': 'binary', 'thr': 80, 'window': '1Y', 'order': 2, 'rows': 4}
2025-11-12 11:25:25,047 INFO [cli] {'ticker': 'DIA', 'mode': 'binary', 'thr': 80, 'window': '1Y', 'order': 3, 'rows': 8}
2025-11-12 11:25:25,056 INFO [cli] {'ticker': 'DIA', 'mode': 'binary', 'thr': 80, 'window': '1Y', 'order': 4, 'rows': 15}
2025-11-12 11:25:25,066 INFO [cli] {'ticker': 'DIA', 'mode': 'binary', 'thr': 80, 'window': '2Y', 'order': 1, 'rows': 2}
2025-11-12 11:25:25,076 INFO [cli] {'ticker': 'DIA', 'mode': 'binary', 'thr': 80, 'window': '2Y', 'order': 2, 'rows': 4}
2025-11-12 11:25:25,085 INFO [cli] {'ticker': 'DIA', 'mode': 'binary', 'thr': 80, 'window': '2Y', 'order': 3, 'rows': 8}
2025-11-12 11:25:25,094 INFO [cli] {'ticker': 'DIA', 'mode': 'binary', 'thr': 80, 'window': '2Y', 'order': 4, 'rows': 15}
2025-11-12 11:25:25,101 INFO [cli] {'ticker': 'DIA', 'mode': 'binary', 'thr': 80, 'window': '5Y', 'order': 1, 'rows': 2}
2025-11-12 11:25:25,109 INFO [cli] {'ticker': 'DIA', 'mode': 'binary', 'thr': 80, 'window': '5Y', 'order': 2, 'rows': 4}
2025-11-12 11:25:25,117 INFO [cli] {'ticker': 'DIA', 'mode': 'binary', 'thr': 80, 'window': '5Y', 'order': 3, 'rows': 8}
2025-11-12 11:25:25,124 INFO [cli] {'ticker': 'DIA', 'mode': 'binary', 'thr': 80, 'window': '5Y', 'order': 4, 'rows': 15}
2025-11-12 11:25:25,135 INFO [cli] {'ticker': 'DIA', 'mode': 'binary', 'thr': 80, 'window': '10Y', 'order': 1, 'rows': 2}
2025-11-12 11:25:25,143 INFO [cli] {'ticker': 'DIA', 'mode': 'binary', 'thr': 80, 'window': '10Y', 'order': 2, 'rows': 4}
2025-11-12 11:25:25,150 INFO [cli] {'ticker': 'DIA', 'mode': 'binary', 'thr': 80, 'window': '10Y', 'order': 3, 'rows': 8}
2025-11-12 11:25:25,160 INFO [cli] {'ticker': 'DIA', 'mode': 'binary', 'thr': 80, 'window': '10Y', 'order': 4, 'rows': 16}
2025-11-12 11:25:25,169 INFO [cli] {'ticker': 'DIA', 'mode': 'binary', 'thr': 80, 'window': '20Y', 'order': 1, 'rows': 2}
2025-11-12 11:25:25,178 INFO [cli] {'ticker': 'DIA', 'mode': 'binary', 'thr': 80, 'window': '20Y', 'order': 2, 'rows': 4}
2025-11-12 11:25:25,186 INFO [cli] {'ticker': 'DIA', 'mode': 'binary', 'thr': 80, 'window': '20Y', 'order': 3, 'rows': 8}
2025-11-12 11:25:25,195 INFO [cli] {'ticker': 'DIA', 'mode': 'binary', 'thr': 80, 'window': '20Y', 'order': 4, 'rows': 16}
2025-11-12 11:25:25,203 INFO [cli] {'ticker': 'DIA', 'mode': 'binary', 'thr': 80, 'window': 'MAX', 'order': 1, 'rows': 2}
2025-11-12 11:25:25,210 INFO [cli] {'ticker': 'DIA', 'mode': 'binary', 'thr': 80, 'window': 'MAX', 'order': 2, 'rows': 4}
2025-11-12 11:25:25,221 INFO [cli] {'ticker': 'DIA', 'mode': 'binary', 'thr': 80, 'window': 'MAX', 'order': 3, 'rows': 8}
2025-11-12 11:25:25,228 INFO [cli] {'ticker': 'DIA', 'mode': 'binary', 'thr': 80, 'window': 'MAX', 'order': 4, 'rows': 16}
2025-11-12 11:25:25,243 INFO [cli] {'ticker': 'DIA', 'mode': 'binary', 'thr': 85, 'window': '1Y', 'order': 1, 'rows': 2}
2025-11-12 11:25:25,251 INFO [cli] {'ticker': 'DIA', 'mode': 'binary', 'thr': 85, 'window': '1Y', 'order': 2, 'rows': 4}
2025-11-12 11:25:25,260 INFO [cli] {'ticker': 'DIA', 'mode': 'binary', 'thr': 85, 'window': '1Y', 'order': 3, 'rows': 8}
2025-11-12 11:25:25,272 INFO [cli] {'ticker': 'DIA', 'mode': 'binary', 'thr': 85, 'window': '1Y', 'order': 4, 'rows': 15}
2025-11-12 11:25:25,282 INFO [cli] {'ticker': 'DIA', 'mode': 'binary', 'thr': 85, 'window': '2Y', 'order': 1, 'rows': 2}
2025-11-12 11:25:25,293 INFO [cli] {'ticker': 'DIA', 'mode': 'binary', 'thr': 85, 'window': '2Y', 'order': 2, 'rows': 4}
2025-11-12 11:25:25,302 INFO [cli] {'ticker': 'DIA', 'mode': 'binary', 'thr': 85, 'window': '2Y', 'order': 3, 'rows': 8}
2025-11-12 11:25:25,310 INFO [cli] {'ticker': 'DIA', 'mode': 'binary', 'thr': 85, 'window': '2Y', 'order': 4, 'rows': 15}
2025-11-12 11:25:25,319 INFO [cli] {'ticker': 'DIA', 'mode': 'binary', 'thr': 85, 'window': '5Y', 'order': 1, 'rows': 2}
2025-11-12 11:25:25,329 INFO [cli] {'ticker': 'DIA', 'mode': 'binary', 'thr': 85, 'window': '5Y', 'order': 2, 'rows': 4}
2025-11-12 11:25:25,348 INFO [cli] {'ticker': 'DIA', 'mode': 'binary', 'thr': 85, 'window': '5Y', 'order': 3, 'rows': 8}
2025-11-12 11:25:25,359 INFO [cli] {'ticker': 'DIA', 'mode': 'binary', 'thr': 85, 'window': '5Y', 'order': 4, 'rows': 15}
2025-11-12 11:25:25,369 INFO [cli] {'ticker': 'DIA', 'mode': 'binary', 'thr': 85, 'window': '10Y', 'order': 1, 'rows': 2}
2025-11-12 11:25:25,379 INFO [cli] {'ticker': 'DIA', 'mode': 'binary', 'thr': 85, 'window': '10Y', 'order': 2, 'rows': 4}
2025-11-12 11:25:25,390 INFO [cli] {'ticker': 'DIA', 'mode': 'binary', 'thr': 85, 'window': '10Y', 'order': 3, 'rows': 8}
2025-11-12 11:25:25,403 INFO [cli] {'ticker': 'DIA', 'mode': 'binary', 'thr': 85, 'window': '10Y', 'order': 4, 'rows': 16}
2025-11-12 11:25:25,412 INFO [cli] {'ticker': 'DIA', 'mode': 'binary', 'thr': 85, 'window': '20Y', 'order': 1, 'rows': 2}
2025-11-12 11:25:25,420 INFO [cli] {'ticker': 'DIA', 'mode': 'binary', 'thr': 85, 'window': '20Y', 'order': 2, 'rows': 4}
2025-11-12 11:25:25,428 INFO [cli] {'ticker': 'DIA', 'mode': 'binary', 'thr': 85, 'window': '20Y', 'order': 3, 'rows': 8}
2025-11-12 11:25:25,436 INFO [cli] {'ticker': 'DIA', 'mode': 'binary', 'thr': 85, 'window': '20Y', 'order': 4, 'rows': 16}
2025-11-12 11:25:25,444 INFO [cli] {'ticker': 'DIA', 'mode': 'binary', 'thr': 85, 'window': 'MAX', 'order': 1, 'rows': 2}
2025-11-12 11:25:25,454 INFO [cli] {'ticker': 'DIA', 'mode': 'binary', 'thr': 85, 'window': 'MAX', 'order': 2, 'rows': 4}
2025-11-12 11:25:25,460 INFO [cli] {'ticker': 'DIA', 'mode': 'binary', 'thr': 85, 'window': 'MAX', 'order': 3, 'rows': 8}
2025-11-12 11:25:25,470 INFO [cli] {'ticker': 'DIA', 'mode': 'binary', 'thr': 85, 'window': 'MAX', 'order': 4, 'rows': 16}
2025-11-12 11:25:25,486 INFO [cli] {'ticker': 'DIA', 'mode': 'binary', 'thr': 90, 'window': '1Y', 'order': 1, 'rows': 2}
2025-11-12 11:25:25,496 INFO [cli] {'ticker': 'DIA', 'mode': 'binary', 'thr': 90, 'window': '1Y', 'order': 2, 'rows': 4}
2025-11-12 11:25:25,506 INFO [cli] {'ticker': 'DIA', 'mode': 'binary', 'thr': 90, 'window': '1Y', 'order': 3, 'rows': 8}
2025-11-12 11:25:25,516 INFO [cli] {'ticker': 'DIA', 'mode': 'binary', 'thr': 90, 'window': '1Y', 'order': 4, 'rows': 15}
2025-11-12 11:25:25,523 INFO [cli] {'ticker': 'DIA', 'mode': 'binary', 'thr': 90, 'window': '2Y', 'order': 1, 'rows': 2}
2025-11-12 11:25:25,533 INFO [cli] {'ticker': 'DIA', 'mode': 'binary', 'thr': 90, 'window': '2Y', 'order': 2, 'rows': 4}
2025-11-12 11:25:25,543 INFO [cli] {'ticker': 'DIA', 'mode': 'binary', 'thr': 90, 'window': '2Y', 'order': 3, 'rows': 8}
2025-11-12 11:25:25,552 INFO [cli] {'ticker': 'DIA', 'mode': 'binary', 'thr': 90, 'window': '2Y', 'order': 4, 'rows': 15}
2025-11-12 11:25:25,561 INFO [cli] {'ticker': 'DIA', 'mode': 'binary', 'thr': 90, 'window': '5Y', 'order': 1, 'rows': 2}
2025-11-12 11:25:25,571 INFO [cli] {'ticker': 'DIA', 'mode': 'binary', 'thr': 90, 'window': '5Y', 'order': 2, 'rows': 4}
2025-11-12 11:25:25,579 INFO [cli] {'ticker': 'DIA', 'mode': 'binary', 'thr': 90, 'window': '5Y', 'order': 3, 'rows': 8}
2025-11-12 11:25:25,590 INFO [cli] {'ticker': 'DIA', 'mode': 'binary', 'thr': 90, 'window': '5Y', 'order': 4, 'rows': 15}
2025-11-12 11:25:25,600 INFO [cli] {'ticker': 'DIA', 'mode': 'binary', 'thr': 90, 'window': '10Y', 'order': 1, 'rows': 2}
2025-11-12 11:25:25,609 INFO [cli] {'ticker': 'DIA', 'mode': 'binary', 'thr': 90, 'window': '10Y', 'order': 2, 'rows': 4}
2025-11-12 11:25:25,616 INFO [cli] {'ticker': 'DIA', 'mode': 'binary', 'thr': 90, 'window': '10Y', 'order': 3, 'rows': 8}
2025-11-12 11:25:25,624 INFO [cli] {'ticker': 'DIA', 'mode': 'binary', 'thr': 90, 'window': '10Y', 'order': 4, 'rows': 16}
2025-11-12 11:25:25,634 INFO [cli] {'ticker': 'DIA', 'mode': 'binary', 'thr': 90, 'window': '20Y', 'order': 1, 'rows': 2}
2025-11-12 11:25:25,642 INFO [cli] {'ticker': 'DIA', 'mode': 'binary', 'thr': 90, 'window': '20Y', 'order': 2, 'rows': 4}
2025-11-12 11:25:25,649 INFO [cli] {'ticker': 'DIA', 'mode': 'binary', 'thr': 90, 'window': '20Y', 'order': 3, 'rows': 8}
2025-11-12 11:25:25,659 INFO [cli] {'ticker': 'DIA', 'mode': 'binary', 'thr': 90, 'window': '20Y', 'order': 4, 'rows': 16}
2025-11-12 11:25:25,669 INFO [cli] {'ticker': 'DIA', 'mode': 'binary', 'thr': 90, 'window': 'MAX', 'order': 1, 'rows': 2}
2025-11-12 11:25:25,676 INFO [cli] {'ticker': 'DIA', 'mode': 'binary', 'thr': 90, 'window': 'MAX', 'order': 2, 'rows': 4}
2025-11-12 11:25:25,684 INFO [cli] {'ticker': 'DIA', 'mode': 'binary', 'thr': 90, 'window': 'MAX', 'order': 3, 'rows': 8}
2025-11-12 11:25:25,694 INFO [cli] {'ticker': 'DIA', 'mode': 'binary', 'thr': 90, 'window': 'MAX', 'order': 4, 'rows': 16}
2025-11-12 11:25:25,709 INFO [cli] {'ticker': 'DIA', 'mode': 'binary', 'thr': 95, 'window': '1Y', 'order': 1, 'rows': 2}
2025-11-12 11:25:25,717 INFO [cli] {'ticker': 'DIA', 'mode': 'binary', 'thr': 95, 'window': '1Y', 'order': 2, 'rows': 4}
2025-11-12 11:25:25,727 INFO [cli] {'ticker': 'DIA', 'mode': 'binary', 'thr': 95, 'window': '1Y', 'order': 3, 'rows': 8}
2025-11-12 11:25:25,735 INFO [cli] {'ticker': 'DIA', 'mode': 'binary', 'thr': 95, 'window': '1Y', 'order': 4, 'rows': 13}
2025-11-12 11:25:25,743 INFO [cli] {'ticker': 'DIA', 'mode': 'binary', 'thr': 95, 'window': '2Y', 'order': 1, 'rows': 2}
2025-11-12 11:25:25,754 INFO [cli] {'ticker': 'DIA', 'mode': 'binary', 'thr': 95, 'window': '2Y', 'order': 2, 'rows': 4}
2025-11-12 11:25:25,762 INFO [cli] {'ticker': 'DIA', 'mode': 'binary', 'thr': 95, 'window': '2Y', 'order': 3, 'rows': 8}
2025-11-12 11:25:25,771 INFO [cli] {'ticker': 'DIA', 'mode': 'binary', 'thr': 95, 'window': '2Y', 'order': 4, 'rows': 13}
2025-11-12 11:25:25,780 INFO [cli] {'ticker': 'DIA', 'mode': 'binary', 'thr': 95, 'window': '5Y', 'order': 1, 'rows': 2}
2025-11-12 11:25:25,788 INFO [cli] {'ticker': 'DIA', 'mode': 'binary', 'thr': 95, 'window': '5Y', 'order': 2, 'rows': 4}
2025-11-12 11:25:25,798 INFO [cli] {'ticker': 'DIA', 'mode': 'binary', 'thr': 95, 'window': '5Y', 'order': 3, 'rows': 8}
2025-11-12 11:25:25,809 INFO [cli] {'ticker': 'DIA', 'mode': 'binary', 'thr': 95, 'window': '5Y', 'order': 4, 'rows': 15}
2025-11-12 11:25:25,818 INFO [cli] {'ticker': 'DIA', 'mode': 'binary', 'thr': 95, 'window': '10Y', 'order': 1, 'rows': 2}
2025-11-12 11:25:25,825 INFO [cli] {'ticker': 'DIA', 'mode': 'binary', 'thr': 95, 'window': '10Y', 'order': 2, 'rows': 4}
2025-11-12 11:25:25,835 INFO [cli] {'ticker': 'DIA', 'mode': 'binary', 'thr': 95, 'window': '10Y', 'order': 3, 'rows': 8}
2025-11-12 11:25:25,844 INFO [cli] {'ticker': 'DIA', 'mode': 'binary', 'thr': 95, 'window': '10Y', 'order': 4, 'rows': 16}

{'ticker': 'DIA', 'mode': 'binary', 'thr': 55, 'window': '20Y', 'order': 4, 'rows': 16}
{'ticker': 'DIA', 'mode': 'binary', 'thr': 55, 'window': 'MAX', 'order': 1, 'rows': 2}
{'ticker': 'DIA', 'mode': 'binary', 'thr': 55, 'window': 'MAX', 'order': 2, 'rows': 4}
{'ticker': 'DIA', 'mode': 'binary', 'thr': 55, 'window': 'MAX', 'order': 3, 'rows': 8}
{'ticker': 'DIA', 'mode': 'binary', 'thr': 55, 'window': 'MAX', 'order': 4, 'rows': 16}
{'ticker': 'DIA', 'mode': 'binary', 'thr': 60, 'window': '1Y', 'order': 1, 'rows': 2}
{'ticker': 'DIA', 'mode': 'binary', 'thr': 60, 'window': '1Y', 'order': 2, 'rows': 4}
{'ticker': 'DIA', 'mode': 'binary', 'thr': 60, 'window': '1Y', 'order': 3, 'rows': 8}
{'ticker': 'DIA', 'mode': 'binary', 'thr': 60, 'window': '1Y', 'order': 4, 'rows': 16}
{'ticker': 'DIA', 'mode': 'binary', 'thr': 60, 'window': '2Y', 'order': 1, 'rows': 2}
{'ticker': 'DIA', 'mode': 'binary', 'thr': 60, 'window': '2Y', 'order': 2, 'rows': 4}
{'ticker': 'DIA', 'mode': 'binary', 'thr': 60, 'window': '2Y', 'order': 3, 'rows': 8}
{'ticker': 'DIA', 'mode': 'binary', 'thr': 60, 'window': '2Y', 'order': 4, 'rows': 16}
{'ticker': 'DIA', 'mode': 'binary', 'thr': 60, 'window': '5Y', 'order': 1, 'rows': 2}
{'ticker': 'DIA', 'mode': 'binary', 'thr': 60, 'window': '5Y', 'order': 2, 'rows': 4}
{'ticker': 'DIA', 'mode': 'binary', 'thr': 60, 'window': '5Y', 'order': 3, 'rows': 8}
{'ticker': 'DIA', 'mode': 'binary', 'thr': 60, 'window': '5Y', 'order': 4, 'rows': 16}
{'ticker': 'DIA', 'mode': 'binary', 'thr': 60, 'window': '10Y', 'order': 1, 'rows': 2}
{'ticker': 'DIA', 'mode': 'binary', 'thr': 60, 'window': '10Y', 'order': 2, 'rows': 4}
{'ticker': 'DIA', 'mode': 'binary', 'thr': 60, 'window': '10Y', 'order': 3, 'rows': 8}
{'ticker': 'DIA', 'mode': 'binary', 'thr': 60, 'window': '10Y', 'order': 4, 'rows': 16}
{'ticker': 'DIA', 'mode': 'binary', 'thr': 60, 'window': '20Y', 'order': 1, 'rows': 2}
{'ticker': 'DIA', 'mode': 'binary', 'thr': 60, 'window': '20Y', 'order': 2, 'rows': 4}
{'ticker': 'DIA', 'mode': 'binary', 'thr': 60, 'window': '20Y', 'order': 3, 'rows': 8}
{'ticker': 'DIA', 'mode': 'binary', 'thr': 60, 'window': '20Y', 'order': 4, 'rows': 16}
{'ticker': 'DIA', 'mode': 'binary', 'thr': 60, 'window': 'MAX', 'order': 1, 'rows': 2}
{'ticker': 'DIA', 'mode': 'binary', 'thr': 60, 'window': 'MAX', 'order': 2, 'rows': 4}
{'ticker': 'DIA', 'mode': 'binary', 'thr': 60, 'window': 'MAX', 'order': 3, 'rows': 8}
{'ticker': 'DIA', 'mode': 'binary', 'thr': 60, 'window': 'MAX', 'order': 4, 'rows': 16}
{'ticker': 'DIA', 'mode': 'binary', 'thr': 65, 'window': '1Y', 'order': 1, 'rows': 2}
{'ticker': 'DIA', 'mode': 'binary', 'thr': 65, 'window': '1Y', 'order': 2, 'rows': 4}
{'ticker': 'DIA', 'mode': 'binary', 'thr': 65, 'window': '1Y', 'order': 3, 'rows': 8}
{'ticker': 'DIA', 'mode': 'binary', 'thr': 65, 'window': '1Y', 'order': 4, 'rows': 15}
{'ticker': 'DIA', 'mode': 'binary', 'thr': 65, 'window': '2Y', 'order': 1, 'rows': 2}
{'ticker': 'DIA', 'mode': 'binary', 'thr': 65, 'window': '2Y', 'order': 2, 'rows': 4}
{'ticker': 'DIA', 'mode': 'binary', 'thr': 65, 'window': '2Y', 'order': 3, 'rows': 8}
{'ticker': 'DIA', 'mode': 'binary', 'thr': 65, 'window': '2Y', 'order': 4, 'rows': 15}
{'ticker': 'DIA', 'mode': 'binary', 'thr': 65, 'window': '5Y', 'order': 1, 'rows': 2}
{'ticker': 'DIA', 'mode': 'binary', 'thr': 65, 'window': '5Y', 'order': 2, 'rows': 4}
{'ticker': 'DIA', 'mode': 'binary', 'thr': 65, 'window': '5Y', 'order': 3, 'rows': 8}
{'ticker': 'DIA', 'mode': 'binary', 'thr': 65, 'window': '5Y', 'order': 4, 'rows': 16}
{'ticker': 'DIA', 'mode': 'binary', 'thr': 65, 'window': '10Y', 'order': 1, 'rows': 2}
{'ticker': 'DIA', 'mode': 'binary', 'thr': 65, 'window': '10Y', 'order': 2, 'rows': 4}
{'ticker': 'DIA', 'mode': 'binary', 'thr': 65, 'window': '10Y', 'order': 3, 'rows': 8}
{'ticker': 'DIA', 'mode': 'binary', 'thr': 65, 'window': '10Y', 'order': 4, 'rows': 16}
{'ticker': 'DIA', 'mode': 'binary', 'thr': 65, 'window': '20Y', 'order': 1, 'rows': 2}
{'ticker': 'DIA', 'mode': 'binary', 'thr': 65, 'window': '20Y', 'order': 2, 'rows': 4}
{'ticker': 'DIA', 'mode': 'binary', 'thr': 65, 'window': '20Y', 'order': 3, 'rows': 8}
{'ticker': 'DIA', 'mode': 'binary', 'thr': 65, 'window': '20Y', 'order': 4, 'rows': 16}
{'ticker': 'DIA', 'mode': 'binary', 'thr': 65, 'window': 'MAX', 'order': 1, 'rows': 2}
{'ticker': 'DIA', 'mode': 'binary', 'thr': 65, 'window': 'MAX', 'order': 2, 'rows': 4}
{'ticker': 'DIA', 'mode': 'binary', 'thr': 65, 'window': 'MAX', 'order': 3, 'rows': 8}
{'ticker': 'DIA', 'mode': 'binary', 'thr': 65, 'window': 'MAX', 'order': 4, 'rows': 16}
{'ticker': 'DIA', 'mode': 'binary', 'thr': 70, 'window': '1Y', 'order': 1, 'rows': 2}
{'ticker': 'DIA', 'mode': 'binary', 'thr': 70, 'window': '1Y', 'order': 2, 'rows': 4}
{'ticker': 'DIA', 'mode': 'binary', 'thr': 70, 'window': '1Y', 'order': 3, 'rows': 8}
{'ticker': 'DIA', 'mode': 'binary', 'thr': 70, 'window': '1Y', 'order': 4, 'rows': 15}
{'ticker': 'DIA', 'mode': 'binary', 'thr': 70, 'window': '2Y', 'order': 1, 'rows': 2}
{'ticker': 'DIA', 'mode': 'binary', 'thr': 70, 'window': '2Y', 'order': 2, 'rows': 4}
{'ticker': 'DIA', 'mode': 'binary', 'thr': 70, 'window': '2Y', 'order': 3, 'rows': 8}
{'ticker': 'DIA', 'mode': 'binary', 'thr': 70, 'window': '2Y', 'order': 4, 'rows': 15}
{'ticker': 'DIA', 'mode': 'binary', 'thr': 70, 'window': '5Y', 'order': 1, 'rows': 2}
{'ticker': 'DIA', 'mode': 'binary', 'thr': 70, 'window': '5Y', 'order': 2, 'rows': 4}
{'ticker': 'DIA', 'mode': 'binary', 'thr': 70, 'window': '5Y', 'order': 3, 'rows': 8}
{'ticker': 'DIA', 'mode': 'binary', 'thr': 70, 'window': '5Y', 'order': 4, 'rows': 16}
{'ticker': 'DIA', 'mode': 'binary', 'thr': 70, 'window': '10Y', 'order': 1, 'rows': 2}
{'ticker': 'DIA', 'mode': 'binary', 'thr': 70, 'window': '10Y', 'order': 2, 'rows': 4}
{'ticker': 'DIA', 'mode': 'binary', 'thr': 70, 'window': '10Y', 'order': 3, 'rows': 8}
{'ticker': 'DIA', 'mode': 'binary', 'thr': 70, 'window': '10Y', 'order': 4, 'rows': 16}
{'ticker': 'DIA', 'mode': 'binary', 'thr': 70, 'window': '20Y', 'order': 1, 'rows': 2}
{'ticker': 'DIA', 'mode': 'binary', 'thr': 70, 'window': '20Y', 'order': 2, 'rows': 4}
{'ticker': 'DIA', 'mode': 'binary', 'thr': 70, 'window': '20Y', 'order': 3, 'rows': 8}
{'ticker': 'DIA', 'mode': 'binary', 'thr': 70, 'window': '20Y', 'order': 4, 'rows': 16}
{'ticker': 'DIA', 'mode': 'binary', 'thr': 70, 'window': 'MAX', 'order': 1, 'rows': 2}
{'ticker': 'DIA', 'mode': 'binary', 'thr': 70, 'window': 'MAX', 'order': 2, 'rows': 4}
{'ticker': 'DIA', 'mode': 'binary', 'thr': 70, 'window': 'MAX', 'order': 3, 'rows': 8}
{'ticker': 'DIA', 'mode': 'binary', 'thr': 70, 'window': 'MAX', 'order': 4, 'rows': 16}
{'ticker': 'DIA', 'mode': 'binary', 'thr': 75, 'window': '1Y', 'order': 1, 'rows': 2}
{'ticker': 'DIA', 'mode': 'binary', 'thr': 75, 'window': '1Y', 'order': 2, 'rows': 4}
{'ticker': 'DIA', 'mode': 'binary', 'thr': 75, 'window': '1Y', 'order': 3, 'rows': 8}
{'ticker': 'DIA', 'mode': 'binary', 'thr': 75, 'window': '1Y', 'order': 4, 'rows': 15}
{'ticker': 'DIA', 'mode': 'binary', 'thr': 75, 'window': '2Y', 'order': 1, 'rows': 2}
{'ticker': 'DIA', 'mode': 'binary', 'thr': 75, 'window': '2Y', 'order': 2, 'rows': 4}
{'ticker': 'DIA', 'mode': 'binary', 'thr': 75, 'window': '2Y', 'order': 3, 'rows': 8}
{'ticker': 'DIA', 'mode': 'binary', 'thr': 75, 'window': '2Y', 'order': 4, 'rows': 15}
{'ticker': 'DIA', 'mode': 'binary', 'thr': 75, 'window': '5Y', 'order': 1, 'rows': 2}
{'ticker': 'DIA', 'mode': 'binary', 'thr': 75, 'window': '5Y', 'order': 2, 'rows': 4}
{'ticker': 'DIA', 'mode': 'binary', 'thr': 75, 'window': '5Y', 'order': 3, 'rows': 8}
{'ticker': 'DIA', 'mode': 'binary', 'thr': 75, 'window': '5Y', 'order': 4, 'rows': 15}
{'ticker': 'DIA', 'mode': 'binary', 'thr': 75, 'window': '10Y', 'order': 1, 'rows': 2}
{'ticker': 'DIA', 'mode': 'binary', 'thr': 75, 'window': '10Y', 'order': 2, 'rows': 4}
{'ticker': 'DIA', 'mode': 'binary', 'thr': 75, 'window': '10Y', 'order': 3, 'rows': 8}
{'ticker': 'DIA', 'mode': 'binary', 'thr': 75, 'window': '10Y', 'order': 4, 'rows': 16}
{'ticker': 'DIA', 'mode': 'binary', 'thr': 75, 'window': '20Y', 'order': 1, 'rows': 2}
{'ticker': 'DIA', 'mode': 'binary', 'thr': 75, 'window': '20Y', 'order': 2, 'rows': 4}2025-11-12 11:25:25,855 INFO [cli] {'ticker': 'DIA', 'mode': 'binary', 'thr': 95, 'window': '20Y', 'order': 1, 'rows': 2}
2025-11-12 11:25:25,864 INFO [cli] {'ticker': 'DIA', 'mode': 'binary', 'thr': 95, 'window': '20Y', 'order': 2, 'rows': 4}
2025-11-12 11:25:25,876 INFO [cli] {'ticker': 'DIA', 'mode': 'binary', 'thr': 95, 'window': '20Y', 'order': 3, 'rows': 8}
2025-11-12 11:25:25,887 INFO [cli] {'ticker': 'DIA', 'mode': 'binary', 'thr': 95, 'window': '20Y', 'order': 4, 'rows': 16}
2025-11-12 11:25:25,895 INFO [cli] {'ticker': 'DIA', 'mode': 'binary', 'thr': 95, 'window': 'MAX', 'order': 1, 'rows': 2}
2025-11-12 11:25:25,903 INFO [cli] {'ticker': 'DIA', 'mode': 'binary', 'thr': 95, 'window': 'MAX', 'order': 2, 'rows': 4}
2025-11-12 11:25:25,911 INFO [cli] {'ticker': 'DIA', 'mode': 'binary', 'thr': 95, 'window': 'MAX', 'order': 3, 'rows': 8}
2025-11-12 11:25:25,922 INFO [cli] {'ticker': 'DIA', 'mode': 'binary', 'thr': 95, 'window': 'MAX', 'order': 4, 'rows': 16}
2025-11-12 11:25:25,938 INFO [cli] {'ticker': 'DIA', 'mode': 'binary', 'thr': 100, 'window': '1Y', 'order': 1, 'rows': 2}
2025-11-12 11:25:25,948 INFO [cli] {'ticker': 'DIA', 'mode': 'binary', 'thr': 100, 'window': '1Y', 'order': 2, 'rows': 4}
2025-11-12 11:25:25,957 INFO [cli] {'ticker': 'DIA', 'mode': 'binary', 'thr': 100, 'window': '1Y', 'order': 3, 'rows': 8}
2025-11-12 11:25:25,965 INFO [cli] {'ticker': 'DIA', 'mode': 'binary', 'thr': 100, 'window': '1Y', 'order': 4, 'rows': 13}
2025-11-12 11:25:25,974 INFO [cli] {'ticker': 'DIA', 'mode': 'binary', 'thr': 100, 'window': '2Y', 'order': 1, 'rows': 2}
2025-11-12 11:25:25,983 INFO [cli] {'ticker': 'DIA', 'mode': 'binary', 'thr': 100, 'window': '2Y', 'order': 2, 'rows': 4}
2025-11-12 11:25:25,990 INFO [cli] {'ticker': 'DIA', 'mode': 'binary', 'thr': 100, 'window': '2Y', 'order': 3, 'rows': 8}
2025-11-12 11:25:26,001 INFO [cli] {'ticker': 'DIA', 'mode': 'binary', 'thr': 100, 'window': '2Y', 'order': 4, 'rows': 13}
2025-11-12 11:25:26,010 INFO [cli] {'ticker': 'DIA', 'mode': 'binary', 'thr': 100, 'window': '5Y', 'order': 1, 'rows': 2}
2025-11-12 11:25:26,020 INFO [cli] {'ticker': 'DIA', 'mode': 'binary', 'thr': 100, 'window': '5Y', 'order': 2, 'rows': 4}
2025-11-12 11:25:26,029 INFO [cli] {'ticker': 'DIA', 'mode': 'binary', 'thr': 100, 'window': '5Y', 'order': 3, 'rows': 8}
2025-11-12 11:25:26,040 INFO [cli] {'ticker': 'DIA', 'mode': 'binary', 'thr': 100, 'window': '5Y', 'order': 4, 'rows': 15}
2025-11-12 11:25:26,048 INFO [cli] {'ticker': 'DIA', 'mode': 'binary', 'thr': 100, 'window': '10Y', 'order': 1, 'rows': 2}
2025-11-12 11:25:26,055 INFO [cli] {'ticker': 'DIA', 'mode': 'binary', 'thr': 100, 'window': '10Y', 'order': 2, 'rows': 4}
2025-11-12 11:25:26,063 INFO [cli] {'ticker': 'DIA', 'mode': 'binary', 'thr': 100, 'window': '10Y', 'order': 3, 'rows': 8}
2025-11-12 11:25:26,072 INFO [cli] {'ticker': 'DIA', 'mode': 'binary', 'thr': 100, 'window': '10Y', 'order': 4, 'rows': 16}
2025-11-12 11:25:26,082 INFO [cli] {'ticker': 'DIA', 'mode': 'binary', 'thr': 100, 'window': '20Y', 'order': 1, 'rows': 2}
2025-11-12 11:25:26,090 INFO [cli] {'ticker': 'DIA', 'mode': 'binary', 'thr': 100, 'window': '20Y', 'order': 2, 'rows': 4}
2025-11-12 11:25:26,099 INFO [cli] {'ticker': 'DIA', 'mode': 'binary', 'thr': 100, 'window': '20Y', 'order': 3, 'rows': 8}
2025-11-12 11:25:26,109 INFO [cli] {'ticker': 'DIA', 'mode': 'binary', 'thr': 100, 'window': '20Y', 'order': 4, 'rows': 16}
2025-11-12 11:25:26,118 INFO [cli] {'ticker': 'DIA', 'mode': 'binary', 'thr': 100, 'window': 'MAX', 'order': 1, 'rows': 2}
2025-11-12 11:25:26,127 INFO [cli] {'ticker': 'DIA', 'mode': 'binary', 'thr': 100, 'window': 'MAX', 'order': 2, 'rows': 4}
2025-11-12 11:25:26,135 INFO [cli] {'ticker': 'DIA', 'mode': 'binary', 'thr': 100, 'window': 'MAX', 'order': 3, 'rows': 8}
2025-11-12 11:25:26,144 INFO [cli] {'ticker': 'DIA', 'mode': 'binary', 'thr': 100, 'window': 'MAX', 'order': 4, 'rows': 16}
2025-11-12 11:25:26,158 INFO [cli] {'ticker': 'DIA', 'mode': 'binary', 'thr': 105, 'window': '1Y', 'order': 1, 'rows': 2}
2025-11-12 11:25:26,168 INFO [cli] {'ticker': 'DIA', 'mode': 'binary', 'thr': 105, 'window': '1Y', 'order': 2, 'rows': 4}
2025-11-12 11:25:26,178 INFO [cli] {'ticker': 'DIA', 'mode': 'binary', 'thr': 105, 'window': '1Y', 'order': 3, 'rows': 7}
2025-11-12 11:25:26,187 INFO [cli] {'ticker': 'DIA', 'mode': 'binary', 'thr': 105, 'window': '1Y', 'order': 4, 'rows': 11}
2025-11-12 11:25:26,196 INFO [cli] {'ticker': 'DIA', 'mode': 'binary', 'thr': 105, 'window': '2Y', 'order': 1, 'rows': 2}
2025-11-12 11:25:26,206 INFO [cli] {'ticker': 'DIA', 'mode': 'binary', 'thr': 105, 'window': '2Y', 'order': 2, 'rows': 4}
2025-11-12 11:25:26,215 INFO [cli] {'ticker': 'DIA', 'mode': 'binary', 'thr': 105, 'window': '2Y', 'order': 3, 'rows': 7}
2025-11-12 11:25:26,224 INFO [cli] {'ticker': 'DIA', 'mode': 'binary', 'thr': 105, 'window': '2Y', 'order': 4, 'rows': 11}
2025-11-12 11:25:26,234 INFO [cli] {'ticker': 'DIA', 'mode': 'binary', 'thr': 105, 'window': '5Y', 'order': 1, 'rows': 2}
2025-11-12 11:25:26,243 INFO [cli] {'ticker': 'DIA', 'mode': 'binary', 'thr': 105, 'window': '5Y', 'order': 2, 'rows': 4}
2025-11-12 11:25:26,252 INFO [cli] {'ticker': 'DIA', 'mode': 'binary', 'thr': 105, 'window': '5Y', 'order': 3, 'rows': 8}
2025-11-12 11:25:26,272 INFO [cli] {'ticker': 'DIA', 'mode': 'binary', 'thr': 105, 'window': '5Y', 'order': 4, 'rows': 14}
2025-11-12 11:25:26,283 INFO [cli] {'ticker': 'DIA', 'mode': 'binary', 'thr': 105, 'window': '10Y', 'order': 1, 'rows': 2}
2025-11-12 11:25:26,291 INFO [cli] {'ticker': 'DIA', 'mode': 'binary', 'thr': 105, 'window': '10Y', 'order': 2, 'rows': 4}
2025-11-12 11:25:26,299 INFO [cli] {'ticker': 'DIA', 'mode': 'binary', 'thr': 105, 'window': '10Y', 'order': 3, 'rows': 8}
2025-11-12 11:25:26,309 INFO [cli] {'ticker': 'DIA', 'mode': 'binary', 'thr': 105, 'window': '10Y', 'order': 4, 'rows': 16}
2025-11-12 11:25:26,317 INFO [cli] {'ticker': 'DIA', 'mode': 'binary', 'thr': 105, 'window': '20Y', 'order': 1, 'rows': 2}
2025-11-12 11:25:26,326 INFO [cli] {'ticker': 'DIA', 'mode': 'binary', 'thr': 105, 'window': '20Y', 'order': 2, 'rows': 4}
2025-11-12 11:25:26,337 INFO [cli] {'ticker': 'DIA', 'mode': 'binary', 'thr': 105, 'window': '20Y', 'order': 3, 'rows': 8}
2025-11-12 11:25:26,347 INFO [cli] {'ticker': 'DIA', 'mode': 'binary', 'thr': 105, 'window': '20Y', 'order': 4, 'rows': 16}
2025-11-12 11:25:26,353 INFO [cli] {'ticker': 'DIA', 'mode': 'binary', 'thr': 105, 'window': 'MAX', 'order': 1, 'rows': 2}
2025-11-12 11:25:26,362 INFO [cli] {'ticker': 'DIA', 'mode': 'binary', 'thr': 105, 'window': 'MAX', 'order': 2, 'rows': 4}
2025-11-12 11:25:26,370 INFO [cli] {'ticker': 'DIA', 'mode': 'binary', 'thr': 105, 'window': 'MAX', 'order': 3, 'rows': 8}
2025-11-12 11:25:26,377 INFO [cli] {'ticker': 'DIA', 'mode': 'binary', 'thr': 105, 'window': 'MAX', 'order': 4, 'rows': 16}
2025-11-12 11:25:26,392 INFO [cli] {'ticker': 'DIA', 'mode': 'binary', 'thr': 110, 'window': '1Y', 'order': 1, 'rows': 2}
2025-11-12 11:25:26,403 INFO [cli] {'ticker': 'DIA', 'mode': 'binary', 'thr': 110, 'window': '1Y', 'order': 2, 'rows': 3}
2025-11-12 11:25:26,413 INFO [cli] {'ticker': 'DIA', 'mode': 'binary', 'thr': 110, 'window': '1Y', 'order': 3, 'rows': 5}
2025-11-12 11:25:26,423 INFO [cli] {'ticker': 'DIA', 'mode': 'binary', 'thr': 110, 'window': '1Y', 'order': 4, 'rows': 8}
2025-11-12 11:25:26,433 INFO [cli] {'ticker': 'DIA', 'mode': 'binary', 'thr': 110, 'window': '2Y', 'order': 1, 'rows': 2}
2025-11-12 11:25:26,442 INFO [cli] {'ticker': 'DIA', 'mode': 'binary', 'thr': 110, 'window': '2Y', 'order': 2, 'rows': 3}
2025-11-12 11:25:26,450 INFO [cli] {'ticker': 'DIA', 'mode': 'binary', 'thr': 110, 'window': '2Y', 'order': 3, 'rows': 5}
2025-11-12 11:25:26,458 INFO [cli] {'ticker': 'DIA', 'mode': 'binary', 'thr': 110, 'window': '2Y', 'order': 4, 'rows': 8}
2025-11-12 11:25:26,468 INFO [cli] {'ticker': 'DIA', 'mode': 'binary', 'thr': 110, 'window': '5Y', 'order': 1, 'rows': 2}
2025-11-12 11:25:26,478 INFO [cli] {'ticker': 'DIA', 'mode': 'binary', 'thr': 110, 'window': '5Y', 'order': 2, 'rows': 4}
2025-11-12 11:25:26,486 INFO [cli] {'ticker': 'DIA', 'mode': 'binary', 'thr': 110, 'window': '5Y', 'order': 3, 'rows': 8}
2025-11-12 11:25:26,496 INFO [cli] {'ticker': 'DIA', 'mode': 'binary', 'thr': 110, 'window': '5Y', 'order': 4, 'rows': 14}
2025-11-12 11:25:26,504 INFO [cli] {'ticker': 'DIA', 'mode': 'binary', 'thr': 110, 'window': '10Y', 'order': 1, 'rows': 2}
2025-11-12 11:25:26,512 INFO [cli] {'ticker': 'DIA', 'mode': 'binary', 'thr': 110, 'window': '10Y', 'order': 2, 'rows': 4}
2025-11-12 11:25:26,523 INFO [cli] {'ticker': 'DIA', 'mode': 'binary', 'thr': 110, 'window': '10Y', 'order': 3, 'rows': 8}
2025-11-12 11:25:26,535 INFO [cli] {'ticker': 'DIA', 'mode': 'binary', 'thr': 110, 'window': '10Y', 'order': 4, 'rows': 16}
2025-11-12 11:25:26,546 INFO [cli] {'ticker': 'DIA', 'mode': 'binary', 'thr': 110, 'window': '20Y', 'order': 1, 'rows': 2}
2025-11-12 11:25:26,556 INFO [cli] {'ticker': 'DIA', 'mode': 'binary', 'thr': 110, 'window': '20Y', 'order': 2, 'rows': 4}
2025-11-12 11:25:26,564 INFO [cli] {'ticker': 'DIA', 'mode': 'binary', 'thr': 110, 'window': '20Y', 'order': 3, 'rows': 8}
2025-11-12 11:25:26,574 INFO [cli] {'ticker': 'DIA', 'mode': 'binary', 'thr': 110, 'window': '20Y', 'order': 4, 'rows': 16}
2025-11-12 11:25:26,583 INFO [cli] {'ticker': 'DIA', 'mode': 'binary', 'thr': 110, 'window': 'MAX', 'order': 1, 'rows': 2}
2025-11-12 11:25:26,592 INFO [cli] {'ticker': 'DIA', 'mode': 'binary', 'thr': 110, 'window': 'MAX', 'order': 2, 'rows': 4}
2025-11-12 11:25:26,602 INFO [cli] {'ticker': 'DIA', 'mode': 'binary', 'thr': 110, 'window': 'MAX', 'order': 3, 'rows': 8}
2025-11-12 11:25:26,610 INFO [cli] {'ticker': 'DIA', 'mode': 'binary', 'thr': 110, 'window': 'MAX', 'order': 4, 'rows': 16}
2025-11-12 11:25:26,628 INFO [cli] {'ticker': 'DIA', 'mode': 'binary', 'thr': 115, 'window': '1Y', 'order': 1, 'rows': 2}
2025-11-12 11:25:26,637 INFO [cli] {'ticker': 'DIA', 'mode': 'binary', 'thr': 115, 'window': '1Y', 'order': 2, 'rows': 3}
2025-11-12 11:25:26,646 INFO [cli] {'ticker': 'DIA', 'mode': 'binary', 'thr': 115, 'window': '1Y', 'order': 3, 'rows': 5}
2025-11-12 11:25:26,656 INFO [cli] {'ticker': 'DIA', 'mode': 'binary', 'thr': 115, 'window': '1Y', 'order': 4, 'rows': 8}
2025-11-12 11:25:26,667 INFO [cli] {'ticker': 'DIA', 'mode': 'binary', 'thr': 115, 'window': '2Y', 'order': 1, 'rows': 2}
2025-11-12 11:25:26,677 INFO [cli] {'ticker': 'DIA', 'mode': 'binary', 'thr': 115, 'window': '2Y', 'order': 2, 'rows': 3}
2025-11-12 11:25:26,685 INFO [cli] {'ticker': 'DIA', 'mode': 'binary', 'thr': 115, 'window': '2Y', 'order': 3, 'rows': 5}
2025-11-12 11:25:26,695 INFO [cli] {'ticker': 'DIA', 'mode': 'binary', 'thr': 115, 'window': '2Y', 'order': 4, 'rows': 8}
2025-11-12 11:25:26,703 INFO [cli] {'ticker': 'DIA', 'mode': 'binary', 'thr': 115, 'window': '5Y', 'order': 1, 'rows': 2}
2025-11-12 11:25:26,711 INFO [cli] {'ticker': 'DIA', 'mode': 'binary', 'thr': 115, 'window': '5Y', 'order': 2, 'rows': 4}
2025-11-12 11:25:26,720 INFO [cli] {'ticker': 'DIA', 'mode': 'binary', 'thr': 115, 'window': '5Y', 'order': 3, 'rows': 8}
2025-11-12 11:25:26,729 INFO [cli] {'ticker': 'DIA', 'mode': 'binary', 'thr': 115, 'window': '5Y', 'order': 4, 'rows': 14}
2025-11-12 11:25:26,738 INFO [cli] {'ticker': 'DIA', 'mode': 'binary', 'thr': 115, 'window': '10Y', 'order': 1, 'rows': 2}
2025-11-12 11:25:26,751 INFO [cli] {'ticker': 'DIA', 'mode': 'binary', 'thr': 115, 'window': '10Y', 'order': 2, 'rows': 4}

{'ticker': 'DIA', 'mode': 'binary', 'thr': 75, 'window': '20Y', 'order': 3, 'rows': 8}
{'ticker': 'DIA', 'mode': 'binary', 'thr': 75, 'window': '20Y', 'order': 4, 'rows': 16}
{'ticker': 'DIA', 'mode': 'binary', 'thr': 75, 'window': 'MAX', 'order': 1, 'rows': 2}
{'ticker': 'DIA', 'mode': 'binary', 'thr': 75, 'window': 'MAX', 'order': 2, 'rows': 4}
{'ticker': 'DIA', 'mode': 'binary', 'thr': 75, 'window': 'MAX', 'order': 3, 'rows': 8}
{'ticker': 'DIA', 'mode': 'binary', 'thr': 75, 'window': 'MAX', 'order': 4, 'rows': 16}
{'ticker': 'DIA', 'mode': 'binary', 'thr': 80, 'window': '1Y', 'order': 1, 'rows': 2}
{'ticker': 'DIA', 'mode': 'binary', 'thr': 80, 'window': '1Y', 'order': 2, 'rows': 4}
{'ticker': 'DIA', 'mode': 'binary', 'thr': 80, 'window': '1Y', 'order': 3, 'rows': 8}
{'ticker': 'DIA', 'mode': 'binary', 'thr': 80, 'window': '1Y', 'order': 4, 'rows': 15}
{'ticker': 'DIA', 'mode': 'binary', 'thr': 80, 'window': '2Y', 'order': 1, 'rows': 2}
{'ticker': 'DIA', 'mode': 'binary', 'thr': 80, 'window': '2Y', 'order': 2, 'rows': 4}
{'ticker': 'DIA', 'mode': 'binary', 'thr': 80, 'window': '2Y', 'order': 3, 'rows': 8}
{'ticker': 'DIA', 'mode': 'binary', 'thr': 80, 'window': '2Y', 'order': 4, 'rows': 15}
{'ticker': 'DIA', 'mode': 'binary', 'thr': 80, 'window': '5Y', 'order': 1, 'rows': 2}
{'ticker': 'DIA', 'mode': 'binary', 'thr': 80, 'window': '5Y', 'order': 2, 'rows': 4}
{'ticker': 'DIA', 'mode': 'binary', 'thr': 80, 'window': '5Y', 'order': 3, 'rows': 8}
{'ticker': 'DIA', 'mode': 'binary', 'thr': 80, 'window': '5Y', 'order': 4, 'rows': 15}
{'ticker': 'DIA', 'mode': 'binary', 'thr': 80, 'window': '10Y', 'order': 1, 'rows': 2}
{'ticker': 'DIA', 'mode': 'binary', 'thr': 80, 'window': '10Y', 'order': 2, 'rows': 4}
{'ticker': 'DIA', 'mode': 'binary', 'thr': 80, 'window': '10Y', 'order': 3, 'rows': 8}
{'ticker': 'DIA', 'mode': 'binary', 'thr': 80, 'window': '10Y', 'order': 4, 'rows': 16}
{'ticker': 'DIA', 'mode': 'binary', 'thr': 80, 'window': '20Y', 'order': 1, 'rows': 2}
{'ticker': 'DIA', 'mode': 'binary', 'thr': 80, 'window': '20Y', 'order': 2, 'rows': 4}
{'ticker': 'DIA', 'mode': 'binary', 'thr': 80, 'window': '20Y', 'order': 3, 'rows': 8}
{'ticker': 'DIA', 'mode': 'binary', 'thr': 80, 'window': '20Y', 'order': 4, 'rows': 16}
{'ticker': 'DIA', 'mode': 'binary', 'thr': 80, 'window': 'MAX', 'order': 1, 'rows': 2}
{'ticker': 'DIA', 'mode': 'binary', 'thr': 80, 'window': 'MAX', 'order': 2, 'rows': 4}
{'ticker': 'DIA', 'mode': 'binary', 'thr': 80, 'window': 'MAX', 'order': 3, 'rows': 8}
{'ticker': 'DIA', 'mode': 'binary', 'thr': 80, 'window': 'MAX', 'order': 4, 'rows': 16}
{'ticker': 'DIA', 'mode': 'binary', 'thr': 85, 'window': '1Y', 'order': 1, 'rows': 2}
{'ticker': 'DIA', 'mode': 'binary', 'thr': 85, 'window': '1Y', 'order': 2, 'rows': 4}
{'ticker': 'DIA', 'mode': 'binary', 'thr': 85, 'window': '1Y', 'order': 3, 'rows': 8}
{'ticker': 'DIA', 'mode': 'binary', 'thr': 85, 'window': '1Y', 'order': 4, 'rows': 15}
{'ticker': 'DIA', 'mode': 'binary', 'thr': 85, 'window': '2Y', 'order': 1, 'rows': 2}
{'ticker': 'DIA', 'mode': 'binary', 'thr': 85, 'window': '2Y', 'order': 2, 'rows': 4}
{'ticker': 'DIA', 'mode': 'binary', 'thr': 85, 'window': '2Y', 'order': 3, 'rows': 8}
{'ticker': 'DIA', 'mode': 'binary', 'thr': 85, 'window': '2Y', 'order': 4, 'rows': 15}
{'ticker': 'DIA', 'mode': 'binary', 'thr': 85, 'window': '5Y', 'order': 1, 'rows': 2}
{'ticker': 'DIA', 'mode': 'binary', 'thr': 85, 'window': '5Y', 'order': 2, 'rows': 4}
{'ticker': 'DIA', 'mode': 'binary', 'thr': 85, 'window': '5Y', 'order': 3, 'rows': 8}
{'ticker': 'DIA', 'mode': 'binary', 'thr': 85, 'window': '5Y', 'order': 4, 'rows': 15}
{'ticker': 'DIA', 'mode': 'binary', 'thr': 85, 'window': '10Y', 'order': 1, 'rows': 2}
{'ticker': 'DIA', 'mode': 'binary', 'thr': 85, 'window': '10Y', 'order': 2, 'rows': 4}
{'ticker': 'DIA', 'mode': 'binary', 'thr': 85, 'window': '10Y', 'order': 3, 'rows': 8}
{'ticker': 'DIA', 'mode': 'binary', 'thr': 85, 'window': '10Y', 'order': 4, 'rows': 16}
{'ticker': 'DIA', 'mode': 'binary', 'thr': 85, 'window': '20Y', 'order': 1, 'rows': 2}
{'ticker': 'DIA', 'mode': 'binary', 'thr': 85, 'window': '20Y', 'order': 2, 'rows': 4}
{'ticker': 'DIA', 'mode': 'binary', 'thr': 85, 'window': '20Y', 'order': 3, 'rows': 8}
{'ticker': 'DIA', 'mode': 'binary', 'thr': 85, 'window': '20Y', 'order': 4, 'rows': 16}
{'ticker': 'DIA', 'mode': 'binary', 'thr': 85, 'window': 'MAX', 'order': 1, 'rows': 2}
{'ticker': 'DIA', 'mode': 'binary', 'thr': 85, 'window': 'MAX', 'order': 2, 'rows': 4}
{'ticker': 'DIA', 'mode': 'binary', 'thr': 85, 'window': 'MAX', 'order': 3, 'rows': 8}
{'ticker': 'DIA', 'mode': 'binary', 'thr': 85, 'window': 'MAX', 'order': 4, 'rows': 16}
{'ticker': 'DIA', 'mode': 'binary', 'thr': 90, 'window': '1Y', 'order': 1, 'rows': 2}
{'ticker': 'DIA', 'mode': 'binary', 'thr': 90, 'window': '1Y', 'order': 2, 'rows': 4}
{'ticker': 'DIA', 'mode': 'binary', 'thr': 90, 'window': '1Y', 'order': 3, 'rows': 8}
{'ticker': 'DIA', 'mode': 'binary', 'thr': 90, 'window': '1Y', 'order': 4, 'rows': 15}
{'ticker': 'DIA', 'mode': 'binary', 'thr': 90, 'window': '2Y', 'order': 1, 'rows': 2}
{'ticker': 'DIA', 'mode': 'binary', 'thr': 90, 'window': '2Y', 'order': 2, 'rows': 4}
{'ticker': 'DIA', 'mode': 'binary', 'thr': 90, 'window': '2Y', 'order': 3, 'rows': 8}
{'ticker': 'DIA', 'mode': 'binary', 'thr': 90, 'window': '2Y', 'order': 4, 'rows': 15}
{'ticker': 'DIA', 'mode': 'binary', 'thr': 90, 'window': '5Y', 'order': 1, 'rows': 2}
{'ticker': 'DIA', 'mode': 'binary', 'thr': 90, 'window': '5Y', 'order': 2, 'rows': 4}
{'ticker': 'DIA', 'mode': 'binary', 'thr': 90, 'window': '5Y', 'order': 3, 'rows': 8}
{'ticker': 'DIA', 'mode': 'binary', 'thr': 90, 'window': '5Y', 'order': 4, 'rows': 15}
{'ticker': 'DIA', 'mode': 'binary', 'thr': 90, 'window': '10Y', 'order': 1, 'rows': 2}
{'ticker': 'DIA', 'mode': 'binary', 'thr': 90, 'window': '10Y', 'order': 2, 'rows': 4}
{'ticker': 'DIA', 'mode': 'binary', 'thr': 90, 'window': '10Y', 'order': 3, 'rows': 8}
{'ticker': 'DIA', 'mode': 'binary', 'thr': 90, 'window': '10Y', 'order': 4, 'rows': 16}
{'ticker': 'DIA', 'mode': 'binary', 'thr': 90, 'window': '20Y', 'order': 1, 'rows': 2}
{'ticker': 'DIA', 'mode': 'binary', 'thr': 90, 'window': '20Y', 'order': 2, 'rows': 4}
{'ticker': 'DIA', 'mode': 'binary', 'thr': 90, 'window': '20Y', 'order': 3, 'rows': 8}
{'ticker': 'DIA', 'mode': 'binary', 'thr': 90, 'window': '20Y', 'order': 4, 'rows': 16}
{'ticker': 'DIA', 'mode': 'binary', 'thr': 90, 'window': 'MAX', 'order': 1, 'rows': 2}
{'ticker': 'DIA', 'mode': 'binary', 'thr': 90, 'window': 'MAX', 'order': 2, 'rows': 4}
{'ticker': 'DIA', 'mode': 'binary', 'thr': 90, 'window': 'MAX', 'order': 3, 'rows': 8}
{'ticker': 'DIA', 'mode': 'binary', 'thr': 90, 'window': 'MAX', 'order': 4, 'rows': 16}
{'ticker': 'DIA', 'mode': 'binary', 'thr': 95, 'window': '1Y', 'order': 1, 'rows': 2}
{'ticker': 'DIA', 'mode': 'binary', 'thr': 95, 'window': '1Y', 'order': 2, 'rows': 4}
{'ticker': 'DIA', 'mode': 'binary', 'thr': 95, 'window': '1Y', 'order': 3, 'rows': 8}
{'ticker': 'DIA', 'mode': 'binary', 'thr': 95, 'window': '1Y', 'order': 4, 'rows': 13}
{'ticker': 'DIA', 'mode': 'binary', 'thr': 95, 'window': '2Y', 'order': 1, 'rows': 2}
{'ticker': 'DIA', 'mode': 'binary', 'thr': 95, 'window': '2Y', 'order': 2, 'rows': 4}
{'ticker': 'DIA', 'mode': 'binary', 'thr': 95, 'window': '2Y', 'order': 3, 'rows': 8}
{'ticker': 'DIA', 'mode': 'binary', 'thr': 95, 'window': '2Y', 'order': 4, 'rows': 13}
{'ticker': 'DIA', 'mode': 'binary', 'thr': 95, 'window': '5Y', 'order': 1, 'rows': 2}
{'ticker': 'DIA', 'mode': 'binary', 'thr': 95, 'window': '5Y', 'order': 2, 'rows': 4}
{'ticker': 'DIA', 'mode': 'binary', 'thr': 95, 'window': '5Y', 'order': 3, 'rows': 8}
{'ticker': 'DIA', 'mode': 'binary', 'thr': 95, 'window': '5Y', 'order': 4, 'rows': 15}
{'ticker': 'DIA', 'mode': 'binary', 'thr': 95, 'window': '10Y', 'order': 1, 'rows': 2}
{'ticker': 'DIA', 'mode': 'binary', 'thr': 95, 'window': '10Y', 'order': 2, 'rows': 4}
{'ticker': 'DIA', 'mode': 'binary', 'thr': 95, 'window': '10Y', 'order': 3, 'rows': 8}
{'ticker': 'DIA', 'mode': 'binary', 'thr': 95, 'window': '10Y', 'order': 4, 'rows': 16}
{'ticker': 'DIA', 'mode': 'binary', 'thr': 95, 'window': '20Y', 'order': 1, 'rows': 2}2025-11-12 11:25:26,761 INFO [cli] {'ticker': 'DIA', 'mode': 'binary', 'thr': 115, 'window': '10Y', 'order': 3, 'rows': 8}
2025-11-12 11:25:26,769 INFO [cli] {'ticker': 'DIA', 'mode': 'binary', 'thr': 115, 'window': '10Y', 'order': 4, 'rows': 16}
2025-11-12 11:25:26,777 INFO [cli] {'ticker': 'DIA', 'mode': 'binary', 'thr': 115, 'window': '20Y', 'order': 1, 'rows': 2}
2025-11-12 11:25:26,787 INFO [cli] {'ticker': 'DIA', 'mode': 'binary', 'thr': 115, 'window': '20Y', 'order': 2, 'rows': 4}
2025-11-12 11:25:26,797 INFO [cli] {'ticker': 'DIA', 'mode': 'binary', 'thr': 115, 'window': '20Y', 'order': 3, 'rows': 8}
2025-11-12 11:25:26,807 INFO [cli] {'ticker': 'DIA', 'mode': 'binary', 'thr': 115, 'window': '20Y', 'order': 4, 'rows': 16}
2025-11-12 11:25:26,816 INFO [cli] {'ticker': 'DIA', 'mode': 'binary', 'thr': 115, 'window': 'MAX', 'order': 1, 'rows': 2}
2025-11-12 11:25:26,825 INFO [cli] {'ticker': 'DIA', 'mode': 'binary', 'thr': 115, 'window': 'MAX', 'order': 2, 'rows': 4}
2025-11-12 11:25:26,834 INFO [cli] {'ticker': 'DIA', 'mode': 'binary', 'thr': 115, 'window': 'MAX', 'order': 3, 'rows': 8}
2025-11-12 11:25:26,844 INFO [cli] {'ticker': 'DIA', 'mode': 'binary', 'thr': 115, 'window': 'MAX', 'order': 4, 'rows': 16}
2025-11-12 11:25:26,860 INFO [cli] {'ticker': 'DIA', 'mode': 'binary', 'thr': 120, 'window': '1Y', 'order': 1, 'rows': 2}
2025-11-12 11:25:26,870 INFO [cli] {'ticker': 'DIA', 'mode': 'binary', 'thr': 120, 'window': '1Y', 'order': 2, 'rows': 3}
2025-11-12 11:25:26,880 INFO [cli] {'ticker': 'DIA', 'mode': 'binary', 'thr': 120, 'window': '1Y', 'order': 3, 'rows': 5}
2025-11-12 11:25:26,889 INFO [cli] {'ticker': 'DIA', 'mode': 'binary', 'thr': 120, 'window': '1Y', 'order': 4, 'rows': 8}
2025-11-12 11:25:26,897 INFO [cli] {'ticker': 'DIA', 'mode': 'binary', 'thr': 120, 'window': '2Y', 'order': 1, 'rows': 2}
2025-11-12 11:25:26,905 INFO [cli] {'ticker': 'DIA', 'mode': 'binary', 'thr': 120, 'window': '2Y', 'order': 2, 'rows': 3}
2025-11-12 11:25:26,915 INFO [cli] {'ticker': 'DIA', 'mode': 'binary', 'thr': 120, 'window': '2Y', 'order': 3, 'rows': 5}
2025-11-12 11:25:26,923 INFO [cli] {'ticker': 'DIA', 'mode': 'binary', 'thr': 120, 'window': '2Y', 'order': 4, 'rows': 8}
2025-11-12 11:25:26,933 INFO [cli] {'ticker': 'DIA', 'mode': 'binary', 'thr': 120, 'window': '5Y', 'order': 1, 'rows': 2}
2025-11-12 11:25:26,943 INFO [cli] {'ticker': 'DIA', 'mode': 'binary', 'thr': 120, 'window': '5Y', 'order': 2, 'rows': 4}
2025-11-12 11:25:26,950 INFO [cli] {'ticker': 'DIA', 'mode': 'binary', 'thr': 120, 'window': '5Y', 'order': 3, 'rows': 7}
2025-11-12 11:25:26,957 INFO [cli] {'ticker': 'DIA', 'mode': 'binary', 'thr': 120, 'window': '5Y', 'order': 4, 'rows': 12}
2025-11-12 11:25:26,966 INFO [cli] {'ticker': 'DIA', 'mode': 'binary', 'thr': 120, 'window': '10Y', 'order': 1, 'rows': 2}
2025-11-12 11:25:26,974 INFO [cli] {'ticker': 'DIA', 'mode': 'binary', 'thr': 120, 'window': '10Y', 'order': 2, 'rows': 4}
2025-11-12 11:25:26,982 INFO [cli] {'ticker': 'DIA', 'mode': 'binary', 'thr': 120, 'window': '10Y', 'order': 3, 'rows': 8}
2025-11-12 11:25:26,989 INFO [cli] {'ticker': 'DIA', 'mode': 'binary', 'thr': 120, 'window': '10Y', 'order': 4, 'rows': 16}
2025-11-12 11:25:26,996 INFO [cli] {'ticker': 'DIA', 'mode': 'binary', 'thr': 120, 'window': '20Y', 'order': 1, 'rows': 2}
2025-11-12 11:25:27,005 INFO [cli] {'ticker': 'DIA', 'mode': 'binary', 'thr': 120, 'window': '20Y', 'order': 2, 'rows': 4}
2025-11-12 11:25:27,011 INFO [cli] {'ticker': 'DIA', 'mode': 'binary', 'thr': 120, 'window': '20Y', 'order': 3, 'rows': 8}
2025-11-12 11:25:27,021 INFO [cli] {'ticker': 'DIA', 'mode': 'binary', 'thr': 120, 'window': '20Y', 'order': 4, 'rows': 16}
2025-11-12 11:25:27,029 INFO [cli] {'ticker': 'DIA', 'mode': 'binary', 'thr': 120, 'window': 'MAX', 'order': 1, 'rows': 2}
2025-11-12 11:25:27,037 INFO [cli] {'ticker': 'DIA', 'mode': 'binary', 'thr': 120, 'window': 'MAX', 'order': 2, 'rows': 4}
2025-11-12 11:25:27,046 INFO [cli] {'ticker': 'DIA', 'mode': 'binary', 'thr': 120, 'window': 'MAX', 'order': 3, 'rows': 8}
2025-11-12 11:25:27,056 INFO [cli] {'ticker': 'DIA', 'mode': 'binary', 'thr': 120, 'window': 'MAX', 'order': 4, 'rows': 16}
2025-11-12 11:25:27,071 INFO [cli] {'ticker': 'DIA', 'mode': 'binary', 'thr': 125, 'window': '1Y', 'order': 1, 'rows': 2}
2025-11-12 11:25:27,083 INFO [cli] {'ticker': 'DIA', 'mode': 'binary', 'thr': 125, 'window': '1Y', 'order': 2, 'rows': 3}
2025-11-12 11:25:27,092 INFO [cli] {'ticker': 'DIA', 'mode': 'binary', 'thr': 125, 'window': '1Y', 'order': 3, 'rows': 5}
2025-11-12 11:25:27,101 INFO [cli] {'ticker': 'DIA', 'mode': 'binary', 'thr': 125, 'window': '1Y', 'order': 4, 'rows': 7}
2025-11-12 11:25:27,110 INFO [cli] {'ticker': 'DIA', 'mode': 'binary', 'thr': 125, 'window': '2Y', 'order': 1, 'rows': 2}
2025-11-12 11:25:27,121 INFO [cli] {'ticker': 'DIA', 'mode': 'binary', 'thr': 125, 'window': '2Y', 'order': 2, 'rows': 3}
2025-11-12 11:25:27,132 INFO [cli] {'ticker': 'DIA', 'mode': 'binary', 'thr': 125, 'window': '2Y', 'order': 3, 'rows': 5}
2025-11-12 11:25:27,141 INFO [cli] {'ticker': 'DIA', 'mode': 'binary', 'thr': 125, 'window': '2Y', 'order': 4, 'rows': 7}
2025-11-12 11:25:27,152 INFO [cli] {'ticker': 'DIA', 'mode': 'binary', 'thr': 125, 'window': '5Y', 'order': 1, 'rows': 2}
2025-11-12 11:25:27,161 INFO [cli] {'ticker': 'DIA', 'mode': 'binary', 'thr': 125, 'window': '5Y', 'order': 2, 'rows': 4}
2025-11-12 11:25:27,169 INFO [cli] {'ticker': 'DIA', 'mode': 'binary', 'thr': 125, 'window': '5Y', 'order': 3, 'rows': 7}
2025-11-12 11:25:27,179 INFO [cli] {'ticker': 'DIA', 'mode': 'binary', 'thr': 125, 'window': '5Y', 'order': 4, 'rows': 12}
2025-11-12 11:25:27,199 INFO [cli] {'ticker': 'DIA', 'mode': 'binary', 'thr': 125, 'window': '10Y', 'order': 1, 'rows': 2}
2025-11-12 11:25:27,209 INFO [cli] {'ticker': 'DIA', 'mode': 'binary', 'thr': 125, 'window': '10Y', 'order': 2, 'rows': 4}
2025-11-12 11:25:27,218 INFO [cli] {'ticker': 'DIA', 'mode': 'binary', 'thr': 125, 'window': '10Y', 'order': 3, 'rows': 8}
2025-11-12 11:25:27,227 INFO [cli] {'ticker': 'DIA', 'mode': 'binary', 'thr': 125, 'window': '10Y', 'order': 4, 'rows': 16}
2025-11-12 11:25:27,236 INFO [cli] {'ticker': 'DIA', 'mode': 'binary', 'thr': 125, 'window': '20Y', 'order': 1, 'rows': 2}
2025-11-12 11:25:27,249 INFO [cli] {'ticker': 'DIA', 'mode': 'binary', 'thr': 125, 'window': '20Y', 'order': 2, 'rows': 4}
2025-11-12 11:25:27,264 INFO [cli] {'ticker': 'DIA', 'mode': 'binary', 'thr': 125, 'window': '20Y', 'order': 3, 'rows': 8}
2025-11-12 11:25:27,276 INFO [cli] {'ticker': 'DIA', 'mode': 'binary', 'thr': 125, 'window': '20Y', 'order': 4, 'rows': 16}
2025-11-12 11:25:27,284 INFO [cli] {'ticker': 'DIA', 'mode': 'binary', 'thr': 125, 'window': 'MAX', 'order': 1, 'rows': 2}
2025-11-12 11:25:27,295 INFO [cli] {'ticker': 'DIA', 'mode': 'binary', 'thr': 125, 'window': 'MAX', 'order': 2, 'rows': 4}
2025-11-12 11:25:27,304 INFO [cli] {'ticker': 'DIA', 'mode': 'binary', 'thr': 125, 'window': 'MAX', 'order': 3, 'rows': 8}
2025-11-12 11:25:27,312 INFO [cli] {'ticker': 'DIA', 'mode': 'binary', 'thr': 125, 'window': 'MAX', 'order': 4, 'rows': 16}
2025-11-12 11:25:27,330 INFO [cli] {'ticker': 'DIA', 'mode': 'binary', 'thr': 130, 'window': '1Y', 'order': 1, 'rows': 2}
2025-11-12 11:25:27,338 INFO [cli] {'ticker': 'DIA', 'mode': 'binary', 'thr': 130, 'window': '1Y', 'order': 2, 'rows': 3}
2025-11-12 11:25:27,347 INFO [cli] {'ticker': 'DIA', 'mode': 'binary', 'thr': 130, 'window': '1Y', 'order': 3, 'rows': 5}
2025-11-12 11:25:27,355 INFO [cli] {'ticker': 'DIA', 'mode': 'binary', 'thr': 130, 'window': '1Y', 'order': 4, 'rows': 7}
2025-11-12 11:25:27,365 INFO [cli] {'ticker': 'DIA', 'mode': 'binary', 'thr': 130, 'window': '2Y', 'order': 1, 'rows': 2}
2025-11-12 11:25:27,372 INFO [cli] {'ticker': 'DIA', 'mode': 'binary', 'thr': 130, 'window': '2Y', 'order': 2, 'rows': 3}
2025-11-12 11:25:27,381 INFO [cli] {'ticker': 'DIA', 'mode': 'binary', 'thr': 130, 'window': '2Y', 'order': 3, 'rows': 5}
2025-11-12 11:25:27,390 INFO [cli] {'ticker': 'DIA', 'mode': 'binary', 'thr': 130, 'window': '2Y', 'order': 4, 'rows': 7}
2025-11-12 11:25:27,401 INFO [cli] {'ticker': 'DIA', 'mode': 'binary', 'thr': 130, 'window': '5Y', 'order': 1, 'rows': 2}
2025-11-12 11:25:27,410 INFO [cli] {'ticker': 'DIA', 'mode': 'binary', 'thr': 130, 'window': '5Y', 'order': 2, 'rows': 4}
2025-11-12 11:25:27,419 INFO [cli] {'ticker': 'DIA', 'mode': 'binary', 'thr': 130, 'window': '5Y', 'order': 3, 'rows': 7}
2025-11-12 11:25:27,428 INFO [cli] {'ticker': 'DIA', 'mode': 'binary', 'thr': 130, 'window': '5Y', 'order': 4, 'rows': 12}
2025-11-12 11:25:27,436 INFO [cli] {'ticker': 'DIA', 'mode': 'binary', 'thr': 130, 'window': '10Y', 'order': 1, 'rows': 2}
2025-11-12 11:25:27,446 INFO [cli] {'ticker': 'DIA', 'mode': 'binary', 'thr': 130, 'window': '10Y', 'order': 2, 'rows': 4}
2025-11-12 11:25:27,455 INFO [cli] {'ticker': 'DIA', 'mode': 'binary', 'thr': 130, 'window': '10Y', 'order': 3, 'rows': 8}
2025-11-12 11:25:27,464 INFO [cli] {'ticker': 'DIA', 'mode': 'binary', 'thr': 130, 'window': '10Y', 'order': 4, 'rows': 16}
2025-11-12 11:25:27,472 INFO [cli] {'ticker': 'DIA', 'mode': 'binary', 'thr': 130, 'window': '20Y', 'order': 1, 'rows': 2}
2025-11-12 11:25:27,481 INFO [cli] {'ticker': 'DIA', 'mode': 'binary', 'thr': 130, 'window': '20Y', 'order': 2, 'rows': 4}
2025-11-12 11:25:27,492 INFO [cli] {'ticker': 'DIA', 'mode': 'binary', 'thr': 130, 'window': '20Y', 'order': 3, 'rows': 8}
2025-11-12 11:25:27,500 INFO [cli] {'ticker': 'DIA', 'mode': 'binary', 'thr': 130, 'window': '20Y', 'order': 4, 'rows': 16}
2025-11-12 11:25:27,511 INFO [cli] {'ticker': 'DIA', 'mode': 'binary', 'thr': 130, 'window': 'MAX', 'order': 1, 'rows': 2}
2025-11-12 11:25:27,521 INFO [cli] {'ticker': 'DIA', 'mode': 'binary', 'thr': 130, 'window': 'MAX', 'order': 2, 'rows': 4}
2025-11-12 11:25:27,530 INFO [cli] {'ticker': 'DIA', 'mode': 'binary', 'thr': 130, 'window': 'MAX', 'order': 3, 'rows': 8}
2025-11-12 11:25:27,539 INFO [cli] {'ticker': 'DIA', 'mode': 'binary', 'thr': 130, 'window': 'MAX', 'order': 4, 'rows': 16}
2025-11-12 11:25:27,555 INFO [cli] {'ticker': 'DIA', 'mode': 'binary', 'thr': 135, 'window': '1Y', 'order': 1, 'rows': 2}
2025-11-12 11:25:27,563 INFO [cli] {'ticker': 'DIA', 'mode': 'binary', 'thr': 135, 'window': '1Y', 'order': 2, 'rows': 3}
2025-11-12 11:25:27,571 INFO [cli] {'ticker': 'DIA', 'mode': 'binary', 'thr': 135, 'window': '1Y', 'order': 3, 'rows': 5}
2025-11-12 11:25:27,583 INFO [cli] {'ticker': 'DIA', 'mode': 'binary', 'thr': 135, 'window': '1Y', 'order': 4, 'rows': 7}
2025-11-12 11:25:27,594 INFO [cli] {'ticker': 'DIA', 'mode': 'binary', 'thr': 135, 'window': '2Y', 'order': 1, 'rows': 2}
2025-11-12 11:25:27,604 INFO [cli] {'ticker': 'DIA', 'mode': 'binary', 'thr': 135, 'window': '2Y', 'order': 2, 'rows': 3}
2025-11-12 11:25:27,613 INFO [cli] {'ticker': 'DIA', 'mode': 'binary', 'thr': 135, 'window': '2Y', 'order': 3, 'rows': 5}
2025-11-12 11:25:27,623 INFO [cli] {'ticker': 'DIA', 'mode': 'binary', 'thr': 135, 'window': '2Y', 'order': 4, 'rows': 7}
2025-11-12 11:25:27,633 INFO [cli] {'ticker': 'DIA', 'mode': 'binary', 'thr': 135, 'window': '5Y', 'order': 1, 'rows': 2}
2025-11-12 11:25:27,644 INFO [cli] {'ticker': 'DIA', 'mode': 'binary', 'thr': 135, 'window': '5Y', 'order': 2, 'rows': 4}
2025-11-12 11:25:27,653 INFO [cli] {'ticker': 'DIA', 'mode': 'binary', 'thr': 135, 'window': '5Y', 'order': 3, 'rows': 7}
2025-11-12 11:25:27,664 INFO [cli] {'ticker': 'DIA', 'mode': 'binary', 'thr': 135, 'window': '5Y', 'order': 4, 'rows': 12}

{'ticker': 'DIA', 'mode': 'binary', 'thr': 95, 'window': '20Y', 'order': 2, 'rows': 4}
{'ticker': 'DIA', 'mode': 'binary', 'thr': 95, 'window': '20Y', 'order': 3, 'rows': 8}
{'ticker': 'DIA', 'mode': 'binary', 'thr': 95, 'window': '20Y', 'order': 4, 'rows': 16}
{'ticker': 'DIA', 'mode': 'binary', 'thr': 95, 'window': 'MAX', 'order': 1, 'rows': 2}
{'ticker': 'DIA', 'mode': 'binary', 'thr': 95, 'window': 'MAX', 'order': 2, 'rows': 4}
{'ticker': 'DIA', 'mode': 'binary', 'thr': 95, 'window': 'MAX', 'order': 3, 'rows': 8}
{'ticker': 'DIA', 'mode': 'binary', 'thr': 95, 'window': 'MAX', 'order': 4, 'rows': 16}
{'ticker': 'DIA', 'mode': 'binary', 'thr': 100, 'window': '1Y', 'order': 1, 'rows': 2}
{'ticker': 'DIA', 'mode': 'binary', 'thr': 100, 'window': '1Y', 'order': 2, 'rows': 4}
{'ticker': 'DIA', 'mode': 'binary', 'thr': 100, 'window': '1Y', 'order': 3, 'rows': 8}
{'ticker': 'DIA', 'mode': 'binary', 'thr': 100, 'window': '1Y', 'order': 4, 'rows': 13}
{'ticker': 'DIA', 'mode': 'binary', 'thr': 100, 'window': '2Y', 'order': 1, 'rows': 2}
{'ticker': 'DIA', 'mode': 'binary', 'thr': 100, 'window': '2Y', 'order': 2, 'rows': 4}
{'ticker': 'DIA', 'mode': 'binary', 'thr': 100, 'window': '2Y', 'order': 3, 'rows': 8}
{'ticker': 'DIA', 'mode': 'binary', 'thr': 100, 'window': '2Y', 'order': 4, 'rows': 13}
{'ticker': 'DIA', 'mode': 'binary', 'thr': 100, 'window': '5Y', 'order': 1, 'rows': 2}
{'ticker': 'DIA', 'mode': 'binary', 'thr': 100, 'window': '5Y', 'order': 2, 'rows': 4}
{'ticker': 'DIA', 'mode': 'binary', 'thr': 100, 'window': '5Y', 'order': 3, 'rows': 8}
{'ticker': 'DIA', 'mode': 'binary', 'thr': 100, 'window': '5Y', 'order': 4, 'rows': 15}
{'ticker': 'DIA', 'mode': 'binary', 'thr': 100, 'window': '10Y', 'order': 1, 'rows': 2}
{'ticker': 'DIA', 'mode': 'binary', 'thr': 100, 'window': '10Y', 'order': 2, 'rows': 4}
{'ticker': 'DIA', 'mode': 'binary', 'thr': 100, 'window': '10Y', 'order': 3, 'rows': 8}
{'ticker': 'DIA', 'mode': 'binary', 'thr': 100, 'window': '10Y', 'order': 4, 'rows': 16}
{'ticker': 'DIA', 'mode': 'binary', 'thr': 100, 'window': '20Y', 'order': 1, 'rows': 2}
{'ticker': 'DIA', 'mode': 'binary', 'thr': 100, 'window': '20Y', 'order': 2, 'rows': 4}
{'ticker': 'DIA', 'mode': 'binary', 'thr': 100, 'window': '20Y', 'order': 3, 'rows': 8}
{'ticker': 'DIA', 'mode': 'binary', 'thr': 100, 'window': '20Y', 'order': 4, 'rows': 16}
{'ticker': 'DIA', 'mode': 'binary', 'thr': 100, 'window': 'MAX', 'order': 1, 'rows': 2}
{'ticker': 'DIA', 'mode': 'binary', 'thr': 100, 'window': 'MAX', 'order': 2, 'rows': 4}
{'ticker': 'DIA', 'mode': 'binary', 'thr': 100, 'window': 'MAX', 'order': 3, 'rows': 8}
{'ticker': 'DIA', 'mode': 'binary', 'thr': 100, 'window': 'MAX', 'order': 4, 'rows': 16}
{'ticker': 'DIA', 'mode': 'binary', 'thr': 105, 'window': '1Y', 'order': 1, 'rows': 2}
{'ticker': 'DIA', 'mode': 'binary', 'thr': 105, 'window': '1Y', 'order': 2, 'rows': 4}
{'ticker': 'DIA', 'mode': 'binary', 'thr': 105, 'window': '1Y', 'order': 3, 'rows': 7}
{'ticker': 'DIA', 'mode': 'binary', 'thr': 105, 'window': '1Y', 'order': 4, 'rows': 11}
{'ticker': 'DIA', 'mode': 'binary', 'thr': 105, 'window': '2Y', 'order': 1, 'rows': 2}
{'ticker': 'DIA', 'mode': 'binary', 'thr': 105, 'window': '2Y', 'order': 2, 'rows': 4}
{'ticker': 'DIA', 'mode': 'binary', 'thr': 105, 'window': '2Y', 'order': 3, 'rows': 7}
{'ticker': 'DIA', 'mode': 'binary', 'thr': 105, 'window': '2Y', 'order': 4, 'rows': 11}
{'ticker': 'DIA', 'mode': 'binary', 'thr': 105, 'window': '5Y', 'order': 1, 'rows': 2}
{'ticker': 'DIA', 'mode': 'binary', 'thr': 105, 'window': '5Y', 'order': 2, 'rows': 4}
{'ticker': 'DIA', 'mode': 'binary', 'thr': 105, 'window': '5Y', 'order': 3, 'rows': 8}
{'ticker': 'DIA', 'mode': 'binary', 'thr': 105, 'window': '5Y', 'order': 4, 'rows': 14}
{'ticker': 'DIA', 'mode': 'binary', 'thr': 105, 'window': '10Y', 'order': 1, 'rows': 2}
{'ticker': 'DIA', 'mode': 'binary', 'thr': 105, 'window': '10Y', 'order': 2, 'rows': 4}
{'ticker': 'DIA', 'mode': 'binary', 'thr': 105, 'window': '10Y', 'order': 3, 'rows': 8}
{'ticker': 'DIA', 'mode': 'binary', 'thr': 105, 'window': '10Y', 'order': 4, 'rows': 16}
{'ticker': 'DIA', 'mode': 'binary', 'thr': 105, 'window': '20Y', 'order': 1, 'rows': 2}
{'ticker': 'DIA', 'mode': 'binary', 'thr': 105, 'window': '20Y', 'order': 2, 'rows': 4}
{'ticker': 'DIA', 'mode': 'binary', 'thr': 105, 'window': '20Y', 'order': 3, 'rows': 8}
{'ticker': 'DIA', 'mode': 'binary', 'thr': 105, 'window': '20Y', 'order': 4, 'rows': 16}
{'ticker': 'DIA', 'mode': 'binary', 'thr': 105, 'window': 'MAX', 'order': 1, 'rows': 2}
{'ticker': 'DIA', 'mode': 'binary', 'thr': 105, 'window': 'MAX', 'order': 2, 'rows': 4}
{'ticker': 'DIA', 'mode': 'binary', 'thr': 105, 'window': 'MAX', 'order': 3, 'rows': 8}
{'ticker': 'DIA', 'mode': 'binary', 'thr': 105, 'window': 'MAX', 'order': 4, 'rows': 16}
{'ticker': 'DIA', 'mode': 'binary', 'thr': 110, 'window': '1Y', 'order': 1, 'rows': 2}
{'ticker': 'DIA', 'mode': 'binary', 'thr': 110, 'window': '1Y', 'order': 2, 'rows': 3}
{'ticker': 'DIA', 'mode': 'binary', 'thr': 110, 'window': '1Y', 'order': 3, 'rows': 5}
{'ticker': 'DIA', 'mode': 'binary', 'thr': 110, 'window': '1Y', 'order': 4, 'rows': 8}
{'ticker': 'DIA', 'mode': 'binary', 'thr': 110, 'window': '2Y', 'order': 1, 'rows': 2}
{'ticker': 'DIA', 'mode': 'binary', 'thr': 110, 'window': '2Y', 'order': 2, 'rows': 3}
{'ticker': 'DIA', 'mode': 'binary', 'thr': 110, 'window': '2Y', 'order': 3, 'rows': 5}
{'ticker': 'DIA', 'mode': 'binary', 'thr': 110, 'window': '2Y', 'order': 4, 'rows': 8}
{'ticker': 'DIA', 'mode': 'binary', 'thr': 110, 'window': '5Y', 'order': 1, 'rows': 2}
{'ticker': 'DIA', 'mode': 'binary', 'thr': 110, 'window': '5Y', 'order': 2, 'rows': 4}
{'ticker': 'DIA', 'mode': 'binary', 'thr': 110, 'window': '5Y', 'order': 3, 'rows': 8}
{'ticker': 'DIA', 'mode': 'binary', 'thr': 110, 'window': '5Y', 'order': 4, 'rows': 14}
{'ticker': 'DIA', 'mode': 'binary', 'thr': 110, 'window': '10Y', 'order': 1, 'rows': 2}
{'ticker': 'DIA', 'mode': 'binary', 'thr': 110, 'window': '10Y', 'order': 2, 'rows': 4}
{'ticker': 'DIA', 'mode': 'binary', 'thr': 110, 'window': '10Y', 'order': 3, 'rows': 8}
{'ticker': 'DIA', 'mode': 'binary', 'thr': 110, 'window': '10Y', 'order': 4, 'rows': 16}
{'ticker': 'DIA', 'mode': 'binary', 'thr': 110, 'window': '20Y', 'order': 1, 'rows': 2}
{'ticker': 'DIA', 'mode': 'binary', 'thr': 110, 'window': '20Y', 'order': 2, 'rows': 4}
{'ticker': 'DIA', 'mode': 'binary', 'thr': 110, 'window': '20Y', 'order': 3, 'rows': 8}
{'ticker': 'DIA', 'mode': 'binary', 'thr': 110, 'window': '20Y', 'order': 4, 'rows': 16}
{'ticker': 'DIA', 'mode': 'binary', 'thr': 110, 'window': 'MAX', 'order': 1, 'rows': 2}
{'ticker': 'DIA', 'mode': 'binary', 'thr': 110, 'window': 'MAX', 'order': 2, 'rows': 4}
{'ticker': 'DIA', 'mode': 'binary', 'thr': 110, 'window': 'MAX', 'order': 3, 'rows': 8}
{'ticker': 'DIA', 'mode': 'binary', 'thr': 110, 'window': 'MAX', 'order': 4, 'rows': 16}
{'ticker': 'DIA', 'mode': 'binary', 'thr': 115, 'window': '1Y', 'order': 1, 'rows': 2}
{'ticker': 'DIA', 'mode': 'binary', 'thr': 115, 'window': '1Y', 'order': 2, 'rows': 3}
{'ticker': 'DIA', 'mode': 'binary', 'thr': 115, 'window': '1Y', 'order': 3, 'rows': 5}
{'ticker': 'DIA', 'mode': 'binary', 'thr': 115, 'window': '1Y', 'order': 4, 'rows': 8}
{'ticker': 'DIA', 'mode': 'binary', 'thr': 115, 'window': '2Y', 'order': 1, 'rows': 2}
{'ticker': 'DIA', 'mode': 'binary', 'thr': 115, 'window': '2Y', 'order': 2, 'rows': 3}
{'ticker': 'DIA', 'mode': 'binary', 'thr': 115, 'window': '2Y', 'order': 3, 'rows': 5}
{'ticker': 'DIA', 'mode': 'binary', 'thr': 115, 'window': '2Y', 'order': 4, 'rows': 8}
{'ticker': 'DIA', 'mode': 'binary', 'thr': 115, 'window': '5Y', 'order': 1, 'rows': 2}
{'ticker': 'DIA', 'mode': 'binary', 'thr': 115, 'window': '5Y', 'order': 2, 'rows': 4}
{'ticker': 'DIA', 'mode': 'binary', 'thr': 115, 'window': '5Y', 'order': 3, 'rows': 8}
{'ticker': 'DIA', 'mode': 'binary', 'thr': 115, 'window': '5Y', 'order': 4, 'rows': 14}
{'ticker': 'DIA', 'mode': 'binary', 'thr': 115, 'window': '10Y', 'order': 1, 'rows': 2}
{'ticker': 'DIA', 'mode': 'binary', 'thr': 115, 'window': '10Y', 'order': 2, 'rows': 4}
{'ticker': 'DIA', 'mode': 'binary', 'thr': 115, 'window': '10Y', 'order': 3, 'rows': 8}2025-11-12 11:25:27,677 INFO [cli] {'ticker': 'DIA', 'mode': 'binary', 'thr': 135, 'window': '10Y', 'order': 1, 'rows': 2}
2025-11-12 11:25:27,686 INFO [cli] {'ticker': 'DIA', 'mode': 'binary', 'thr': 135, 'window': '10Y', 'order': 2, 'rows': 4}
2025-11-12 11:25:27,694 INFO [cli] {'ticker': 'DIA', 'mode': 'binary', 'thr': 135, 'window': '10Y', 'order': 3, 'rows': 8}
2025-11-12 11:25:27,701 INFO [cli] {'ticker': 'DIA', 'mode': 'binary', 'thr': 135, 'window': '10Y', 'order': 4, 'rows': 16}
2025-11-12 11:25:27,709 INFO [cli] {'ticker': 'DIA', 'mode': 'binary', 'thr': 135, 'window': '20Y', 'order': 1, 'rows': 2}
2025-11-12 11:25:27,717 INFO [cli] {'ticker': 'DIA', 'mode': 'binary', 'thr': 135, 'window': '20Y', 'order': 2, 'rows': 4}
2025-11-12 11:25:27,726 INFO [cli] {'ticker': 'DIA', 'mode': 'binary', 'thr': 135, 'window': '20Y', 'order': 3, 'rows': 8}
2025-11-12 11:25:27,739 INFO [cli] {'ticker': 'DIA', 'mode': 'binary', 'thr': 135, 'window': '20Y', 'order': 4, 'rows': 16}
2025-11-12 11:25:27,747 INFO [cli] {'ticker': 'DIA', 'mode': 'binary', 'thr': 135, 'window': 'MAX', 'order': 1, 'rows': 2}
2025-11-12 11:25:27,758 INFO [cli] {'ticker': 'DIA', 'mode': 'binary', 'thr': 135, 'window': 'MAX', 'order': 2, 'rows': 4}
2025-11-12 11:25:27,771 INFO [cli] {'ticker': 'DIA', 'mode': 'binary', 'thr': 135, 'window': 'MAX', 'order': 3, 'rows': 8}
2025-11-12 11:25:27,780 INFO [cli] {'ticker': 'DIA', 'mode': 'binary', 'thr': 135, 'window': 'MAX', 'order': 4, 'rows': 16}
2025-11-12 11:25:27,796 INFO [cli] {'ticker': 'DIA', 'mode': 'binary', 'thr': 140, 'window': '1Y', 'order': 1, 'rows': 2}
2025-11-12 11:25:27,807 INFO [cli] {'ticker': 'DIA', 'mode': 'binary', 'thr': 140, 'window': '1Y', 'order': 2, 'rows': 3}
2025-11-12 11:25:27,817 INFO [cli] {'ticker': 'DIA', 'mode': 'binary', 'thr': 140, 'window': '1Y', 'order': 3, 'rows': 5}
2025-11-12 11:25:27,824 INFO [cli] {'ticker': 'DIA', 'mode': 'binary', 'thr': 140, 'window': '1Y', 'order': 4, 'rows': 7}
2025-11-12 11:25:27,835 INFO [cli] {'ticker': 'DIA', 'mode': 'binary', 'thr': 140, 'window': '2Y', 'order': 1, 'rows': 2}
2025-11-12 11:25:27,846 INFO [cli] {'ticker': 'DIA', 'mode': 'binary', 'thr': 140, 'window': '2Y', 'order': 2, 'rows': 3}
2025-11-12 11:25:27,854 INFO [cli] {'ticker': 'DIA', 'mode': 'binary', 'thr': 140, 'window': '2Y', 'order': 3, 'rows': 5}
2025-11-12 11:25:27,864 INFO [cli] {'ticker': 'DIA', 'mode': 'binary', 'thr': 140, 'window': '2Y', 'order': 4, 'rows': 7}
2025-11-12 11:25:27,877 INFO [cli] {'ticker': 'DIA', 'mode': 'binary', 'thr': 140, 'window': '5Y', 'order': 1, 'rows': 2}
2025-11-12 11:25:27,885 INFO [cli] {'ticker': 'DIA', 'mode': 'binary', 'thr': 140, 'window': '5Y', 'order': 2, 'rows': 4}
2025-11-12 11:25:27,893 INFO [cli] {'ticker': 'DIA', 'mode': 'binary', 'thr': 140, 'window': '5Y', 'order': 3, 'rows': 7}
2025-11-12 11:25:27,902 INFO [cli] {'ticker': 'DIA', 'mode': 'binary', 'thr': 140, 'window': '5Y', 'order': 4, 'rows': 11}
2025-11-12 11:25:27,912 INFO [cli] {'ticker': 'DIA', 'mode': 'binary', 'thr': 140, 'window': '10Y', 'order': 1, 'rows': 2}
2025-11-12 11:25:27,920 INFO [cli] {'ticker': 'DIA', 'mode': 'binary', 'thr': 140, 'window': '10Y', 'order': 2, 'rows': 4}
2025-11-12 11:25:27,932 INFO [cli] {'ticker': 'DIA', 'mode': 'binary', 'thr': 140, 'window': '10Y', 'order': 3, 'rows': 8}
2025-11-12 11:25:27,943 INFO [cli] {'ticker': 'DIA', 'mode': 'binary', 'thr': 140, 'window': '10Y', 'order': 4, 'rows': 16}
2025-11-12 11:25:27,952 INFO [cli] {'ticker': 'DIA', 'mode': 'binary', 'thr': 140, 'window': '20Y', 'order': 1, 'rows': 2}
2025-11-12 11:25:27,962 INFO [cli] {'ticker': 'DIA', 'mode': 'binary', 'thr': 140, 'window': '20Y', 'order': 2, 'rows': 4}
2025-11-12 11:25:27,974 INFO [cli] {'ticker': 'DIA', 'mode': 'binary', 'thr': 140, 'window': '20Y', 'order': 3, 'rows': 8}
2025-11-12 11:25:27,987 INFO [cli] {'ticker': 'DIA', 'mode': 'binary', 'thr': 140, 'window': '20Y', 'order': 4, 'rows': 16}
2025-11-12 11:25:27,995 INFO [cli] {'ticker': 'DIA', 'mode': 'binary', 'thr': 140, 'window': 'MAX', 'order': 1, 'rows': 2}
2025-11-12 11:25:28,003 INFO [cli] {'ticker': 'DIA', 'mode': 'binary', 'thr': 140, 'window': 'MAX', 'order': 2, 'rows': 4}
2025-11-12 11:25:28,011 INFO [cli] {'ticker': 'DIA', 'mode': 'binary', 'thr': 140, 'window': 'MAX', 'order': 3, 'rows': 8}
2025-11-12 11:25:28,026 INFO [cli] {'ticker': 'DIA', 'mode': 'binary', 'thr': 140, 'window': 'MAX', 'order': 4, 'rows': 16}
2025-11-12 11:25:28,042 INFO [cli] {'ticker': 'DIA', 'mode': 'binary', 'thr': 145, 'window': '1Y', 'order': 1, 'rows': 2}
2025-11-12 11:25:28,051 INFO [cli] {'ticker': 'DIA', 'mode': 'binary', 'thr': 145, 'window': '1Y', 'order': 2, 'rows': 3}
2025-11-12 11:25:28,064 INFO [cli] {'ticker': 'DIA', 'mode': 'binary', 'thr': 145, 'window': '1Y', 'order': 3, 'rows': 5}
2025-11-12 11:25:28,075 INFO [cli] {'ticker': 'DIA', 'mode': 'binary', 'thr': 145, 'window': '1Y', 'order': 4, 'rows': 7}
2025-11-12 11:25:28,083 INFO [cli] {'ticker': 'DIA', 'mode': 'binary', 'thr': 145, 'window': '2Y', 'order': 1, 'rows': 2}
2025-11-12 11:25:28,095 INFO [cli] {'ticker': 'DIA', 'mode': 'binary', 'thr': 145, 'window': '2Y', 'order': 2, 'rows': 3}
2025-11-12 11:25:28,104 INFO [cli] {'ticker': 'DIA', 'mode': 'binary', 'thr': 145, 'window': '2Y', 'order': 3, 'rows': 5}
2025-11-12 11:25:28,117 INFO [cli] {'ticker': 'DIA', 'mode': 'binary', 'thr': 145, 'window': '2Y', 'order': 4, 'rows': 7}
2025-11-12 11:25:28,128 INFO [cli] {'ticker': 'DIA', 'mode': 'binary', 'thr': 145, 'window': '5Y', 'order': 1, 'rows': 2}
2025-11-12 11:25:28,137 INFO [cli] {'ticker': 'DIA', 'mode': 'binary', 'thr': 145, 'window': '5Y', 'order': 2, 'rows': 4}
2025-11-12 11:25:28,146 INFO [cli] {'ticker': 'DIA', 'mode': 'binary', 'thr': 145, 'window': '5Y', 'order': 3, 'rows': 7}
2025-11-12 11:25:28,157 INFO [cli] {'ticker': 'DIA', 'mode': 'binary', 'thr': 145, 'window': '5Y', 'order': 4, 'rows': 11}
2025-11-12 11:25:28,166 INFO [cli] {'ticker': 'DIA', 'mode': 'binary', 'thr': 145, 'window': '10Y', 'order': 1, 'rows': 2}
2025-11-12 11:25:28,184 INFO [cli] {'ticker': 'DIA', 'mode': 'binary', 'thr': 145, 'window': '10Y', 'order': 2, 'rows': 4}
2025-11-12 11:25:28,193 INFO [cli] {'ticker': 'DIA', 'mode': 'binary', 'thr': 145, 'window': '10Y', 'order': 3, 'rows': 8}
2025-11-12 11:25:28,203 INFO [cli] {'ticker': 'DIA', 'mode': 'binary', 'thr': 145, 'window': '10Y', 'order': 4, 'rows': 15}
2025-11-12 11:25:28,216 INFO [cli] {'ticker': 'DIA', 'mode': 'binary', 'thr': 145, 'window': '20Y', 'order': 1, 'rows': 2}
2025-11-12 11:25:28,223 INFO [cli] {'ticker': 'DIA', 'mode': 'binary', 'thr': 145, 'window': '20Y', 'order': 2, 'rows': 4}
2025-11-12 11:25:28,231 INFO [cli] {'ticker': 'DIA', 'mode': 'binary', 'thr': 145, 'window': '20Y', 'order': 3, 'rows': 8}
2025-11-12 11:25:28,240 INFO [cli] {'ticker': 'DIA', 'mode': 'binary', 'thr': 145, 'window': '20Y', 'order': 4, 'rows': 15}
2025-11-12 11:25:28,249 INFO [cli] {'ticker': 'DIA', 'mode': 'binary', 'thr': 145, 'window': 'MAX', 'order': 1, 'rows': 2}
2025-11-12 11:25:28,257 INFO [cli] {'ticker': 'DIA', 'mode': 'binary', 'thr': 145, 'window': 'MAX', 'order': 2, 'rows': 4}
2025-11-12 11:25:28,265 INFO [cli] {'ticker': 'DIA', 'mode': 'binary', 'thr': 145, 'window': 'MAX', 'order': 3, 'rows': 8}
2025-11-12 11:25:28,274 INFO [cli] {'ticker': 'DIA', 'mode': 'binary', 'thr': 145, 'window': 'MAX', 'order': 4, 'rows': 15}
2025-11-12 11:25:28,294 INFO [cli] {'ticker': 'DIA', 'mode': 'binary', 'thr': 150, 'window': '1Y', 'order': 1, 'rows': 2}
2025-11-12 11:25:28,305 INFO [cli] {'ticker': 'DIA', 'mode': 'binary', 'thr': 150, 'window': '1Y', 'order': 2, 'rows': 3}
2025-11-12 11:25:28,312 INFO [cli] {'ticker': 'DIA', 'mode': 'binary', 'thr': 150, 'window': '1Y', 'order': 3, 'rows': 5}
2025-11-12 11:25:28,322 INFO [cli] {'ticker': 'DIA', 'mode': 'binary', 'thr': 150, 'window': '1Y', 'order': 4, 'rows': 7}
2025-11-12 11:25:28,331 INFO [cli] {'ticker': 'DIA', 'mode': 'binary', 'thr': 150, 'window': '2Y', 'order': 1, 'rows': 2}
2025-11-12 11:25:28,339 INFO [cli] {'ticker': 'DIA', 'mode': 'binary', 'thr': 150, 'window': '2Y', 'order': 2, 'rows': 3}
2025-11-12 11:25:28,349 INFO [cli] {'ticker': 'DIA', 'mode': 'binary', 'thr': 150, 'window': '2Y', 'order': 3, 'rows': 5}
2025-11-12 11:25:28,358 INFO [cli] {'ticker': 'DIA', 'mode': 'binary', 'thr': 150, 'window': '2Y', 'order': 4, 'rows': 7}
2025-11-12 11:25:28,366 INFO [cli] {'ticker': 'DIA', 'mode': 'binary', 'thr': 150, 'window': '5Y', 'order': 1, 'rows': 2}
2025-11-12 11:25:28,376 INFO [cli] {'ticker': 'DIA', 'mode': 'binary', 'thr': 150, 'window': '5Y', 'order': 2, 'rows': 4}
2025-11-12 11:25:28,384 INFO [cli] {'ticker': 'DIA', 'mode': 'binary', 'thr': 150, 'window': '5Y', 'order': 3, 'rows': 7}
2025-11-12 11:25:28,393 INFO [cli] {'ticker': 'DIA', 'mode': 'binary', 'thr': 150, 'window': '5Y', 'order': 4, 'rows': 11}
2025-11-12 11:25:28,403 INFO [cli] {'ticker': 'DIA', 'mode': 'binary', 'thr': 150, 'window': '10Y', 'order': 1, 'rows': 2}
2025-11-12 11:25:28,415 INFO [cli] {'ticker': 'DIA', 'mode': 'binary', 'thr': 150, 'window': '10Y', 'order': 2, 'rows': 4}
2025-11-12 11:25:28,425 INFO [cli] {'ticker': 'DIA', 'mode': 'binary', 'thr': 150, 'window': '10Y', 'order': 3, 'rows': 8}
2025-11-12 11:25:28,433 INFO [cli] {'ticker': 'DIA', 'mode': 'binary', 'thr': 150, 'window': '10Y', 'order': 4, 'rows': 15}
2025-11-12 11:25:28,443 INFO [cli] {'ticker': 'DIA', 'mode': 'binary', 'thr': 150, 'window': '20Y', 'order': 1, 'rows': 2}
2025-11-12 11:25:28,454 INFO [cli] {'ticker': 'DIA', 'mode': 'binary', 'thr': 150, 'window': '20Y', 'order': 2, 'rows': 4}
2025-11-12 11:25:28,463 INFO [cli] {'ticker': 'DIA', 'mode': 'binary', 'thr': 150, 'window': '20Y', 'order': 3, 'rows': 8}
2025-11-12 11:25:28,472 INFO [cli] {'ticker': 'DIA', 'mode': 'binary', 'thr': 150, 'window': '20Y', 'order': 4, 'rows': 15}
2025-11-12 11:25:28,480 INFO [cli] {'ticker': 'DIA', 'mode': 'binary', 'thr': 150, 'window': 'MAX', 'order': 1, 'rows': 2}
2025-11-12 11:25:28,489 INFO [cli] {'ticker': 'DIA', 'mode': 'binary', 'thr': 150, 'window': 'MAX', 'order': 2, 'rows': 4}
2025-11-12 11:25:28,497 INFO [cli] {'ticker': 'DIA', 'mode': 'binary', 'thr': 150, 'window': 'MAX', 'order': 3, 'rows': 8}
2025-11-12 11:25:28,507 INFO [cli] {'ticker': 'DIA', 'mode': 'binary', 'thr': 150, 'window': 'MAX', 'order': 4, 'rows': 15}
2025-11-12 11:25:28,524 INFO [cli] {'ticker': 'DIA', 'mode': 'tri', 'thr': 0, 'window': '1Y', 'order': 1, 'rows': 3}
2025-11-12 11:25:28,535 INFO [cli] {'ticker': 'DIA', 'mode': 'tri', 'thr': 0, 'window': '1Y', 'order': 2, 'rows': 6}
2025-11-12 11:25:28,546 INFO [cli] {'ticker': 'DIA', 'mode': 'tri', 'thr': 0, 'window': '1Y', 'order': 3, 'rows': 11}
2025-11-12 11:25:28,555 INFO [cli] {'ticker': 'DIA', 'mode': 'tri', 'thr': 0, 'window': '1Y', 'order': 4, 'rows': 20}
2025-11-12 11:25:28,564 INFO [cli] {'ticker': 'DIA', 'mode': 'tri', 'thr': 0, 'window': '2Y', 'order': 1, 'rows': 3}
2025-11-12 11:25:28,574 INFO [cli] {'ticker': 'DIA', 'mode': 'tri', 'thr': 0, 'window': '2Y', 'order': 2, 'rows': 6}
2025-11-12 11:25:28,583 INFO [cli] {'ticker': 'DIA', 'mode': 'tri', 'thr': 0, 'window': '2Y', 'order': 3, 'rows': 11}
2025-11-12 11:25:28,591 INFO [cli] {'ticker': 'DIA', 'mode': 'tri', 'thr': 0, 'window': '2Y', 'order': 4, 'rows': 20}
2025-11-12 11:25:28,601 INFO [cli] {'ticker': 'DIA', 'mode': 'tri', 'thr': 0, 'window': '5Y', 'order': 1, 'rows': 3}
2025-11-12 11:25:28,609 INFO [cli] {'ticker': 'DIA', 'mode': 'tri', 'thr': 0, 'window': '5Y', 'order': 2, 'rows': 8}
2025-11-12 11:25:28,618 INFO [cli] {'ticker': 'DIA', 'mode': 'tri', 'thr': 0, 'window': '5Y', 'order': 3, 'rows': 14}

{'ticker': 'DIA', 'mode': 'binary', 'thr': 115, 'window': '10Y', 'order': 4, 'rows': 16}
{'ticker': 'DIA', 'mode': 'binary', 'thr': 115, 'window': '20Y', 'order': 1, 'rows': 2}
{'ticker': 'DIA', 'mode': 'binary', 'thr': 115, 'window': '20Y', 'order': 2, 'rows': 4}
{'ticker': 'DIA', 'mode': 'binary', 'thr': 115, 'window': '20Y', 'order': 3, 'rows': 8}
{'ticker': 'DIA', 'mode': 'binary', 'thr': 115, 'window': '20Y', 'order': 4, 'rows': 16}
{'ticker': 'DIA', 'mode': 'binary', 'thr': 115, 'window': 'MAX', 'order': 1, 'rows': 2}
{'ticker': 'DIA', 'mode': 'binary', 'thr': 115, 'window': 'MAX', 'order': 2, 'rows': 4}
{'ticker': 'DIA', 'mode': 'binary', 'thr': 115, 'window': 'MAX', 'order': 3, 'rows': 8}
{'ticker': 'DIA', 'mode': 'binary', 'thr': 115, 'window': 'MAX', 'order': 4, 'rows': 16}
{'ticker': 'DIA', 'mode': 'binary', 'thr': 120, 'window': '1Y', 'order': 1, 'rows': 2}
{'ticker': 'DIA', 'mode': 'binary', 'thr': 120, 'window': '1Y', 'order': 2, 'rows': 3}
{'ticker': 'DIA', 'mode': 'binary', 'thr': 120, 'window': '1Y', 'order': 3, 'rows': 5}
{'ticker': 'DIA', 'mode': 'binary', 'thr': 120, 'window': '1Y', 'order': 4, 'rows': 8}
{'ticker': 'DIA', 'mode': 'binary', 'thr': 120, 'window': '2Y', 'order': 1, 'rows': 2}
{'ticker': 'DIA', 'mode': 'binary', 'thr': 120, 'window': '2Y', 'order': 2, 'rows': 3}
{'ticker': 'DIA', 'mode': 'binary', 'thr': 120, 'window': '2Y', 'order': 3, 'rows': 5}
{'ticker': 'DIA', 'mode': 'binary', 'thr': 120, 'window': '2Y', 'order': 4, 'rows': 8}
{'ticker': 'DIA', 'mode': 'binary', 'thr': 120, 'window': '5Y', 'order': 1, 'rows': 2}
{'ticker': 'DIA', 'mode': 'binary', 'thr': 120, 'window': '5Y', 'order': 2, 'rows': 4}
{'ticker': 'DIA', 'mode': 'binary', 'thr': 120, 'window': '5Y', 'order': 3, 'rows': 7}
{'ticker': 'DIA', 'mode': 'binary', 'thr': 120, 'window': '5Y', 'order': 4, 'rows': 12}
{'ticker': 'DIA', 'mode': 'binary', 'thr': 120, 'window': '10Y', 'order': 1, 'rows': 2}
{'ticker': 'DIA', 'mode': 'binary', 'thr': 120, 'window': '10Y', 'order': 2, 'rows': 4}
{'ticker': 'DIA', 'mode': 'binary', 'thr': 120, 'window': '10Y', 'order': 3, 'rows': 8}
{'ticker': 'DIA', 'mode': 'binary', 'thr': 120, 'window': '10Y', 'order': 4, 'rows': 16}
{'ticker': 'DIA', 'mode': 'binary', 'thr': 120, 'window': '20Y', 'order': 1, 'rows': 2}
{'ticker': 'DIA', 'mode': 'binary', 'thr': 120, 'window': '20Y', 'order': 2, 'rows': 4}
{'ticker': 'DIA', 'mode': 'binary', 'thr': 120, 'window': '20Y', 'order': 3, 'rows': 8}
{'ticker': 'DIA', 'mode': 'binary', 'thr': 120, 'window': '20Y', 'order': 4, 'rows': 16}
{'ticker': 'DIA', 'mode': 'binary', 'thr': 120, 'window': 'MAX', 'order': 1, 'rows': 2}
{'ticker': 'DIA', 'mode': 'binary', 'thr': 120, 'window': 'MAX', 'order': 2, 'rows': 4}
{'ticker': 'DIA', 'mode': 'binary', 'thr': 120, 'window': 'MAX', 'order': 3, 'rows': 8}
{'ticker': 'DIA', 'mode': 'binary', 'thr': 120, 'window': 'MAX', 'order': 4, 'rows': 16}
{'ticker': 'DIA', 'mode': 'binary', 'thr': 125, 'window': '1Y', 'order': 1, 'rows': 2}
{'ticker': 'DIA', 'mode': 'binary', 'thr': 125, 'window': '1Y', 'order': 2, 'rows': 3}
{'ticker': 'DIA', 'mode': 'binary', 'thr': 125, 'window': '1Y', 'order': 3, 'rows': 5}
{'ticker': 'DIA', 'mode': 'binary', 'thr': 125, 'window': '1Y', 'order': 4, 'rows': 7}
{'ticker': 'DIA', 'mode': 'binary', 'thr': 125, 'window': '2Y', 'order': 1, 'rows': 2}
{'ticker': 'DIA', 'mode': 'binary', 'thr': 125, 'window': '2Y', 'order': 2, 'rows': 3}
{'ticker': 'DIA', 'mode': 'binary', 'thr': 125, 'window': '2Y', 'order': 3, 'rows': 5}
{'ticker': 'DIA', 'mode': 'binary', 'thr': 125, 'window': '2Y', 'order': 4, 'rows': 7}
{'ticker': 'DIA', 'mode': 'binary', 'thr': 125, 'window': '5Y', 'order': 1, 'rows': 2}
{'ticker': 'DIA', 'mode': 'binary', 'thr': 125, 'window': '5Y', 'order': 2, 'rows': 4}
{'ticker': 'DIA', 'mode': 'binary', 'thr': 125, 'window': '5Y', 'order': 3, 'rows': 7}
{'ticker': 'DIA', 'mode': 'binary', 'thr': 125, 'window': '5Y', 'order': 4, 'rows': 12}
{'ticker': 'DIA', 'mode': 'binary', 'thr': 125, 'window': '10Y', 'order': 1, 'rows': 2}
{'ticker': 'DIA', 'mode': 'binary', 'thr': 125, 'window': '10Y', 'order': 2, 'rows': 4}
{'ticker': 'DIA', 'mode': 'binary', 'thr': 125, 'window': '10Y', 'order': 3, 'rows': 8}
{'ticker': 'DIA', 'mode': 'binary', 'thr': 125, 'window': '10Y', 'order': 4, 'rows': 16}
{'ticker': 'DIA', 'mode': 'binary', 'thr': 125, 'window': '20Y', 'order': 1, 'rows': 2}
{'ticker': 'DIA', 'mode': 'binary', 'thr': 125, 'window': '20Y', 'order': 2, 'rows': 4}
{'ticker': 'DIA', 'mode': 'binary', 'thr': 125, 'window': '20Y', 'order': 3, 'rows': 8}
{'ticker': 'DIA', 'mode': 'binary', 'thr': 125, 'window': '20Y', 'order': 4, 'rows': 16}
{'ticker': 'DIA', 'mode': 'binary', 'thr': 125, 'window': 'MAX', 'order': 1, 'rows': 2}
{'ticker': 'DIA', 'mode': 'binary', 'thr': 125, 'window': 'MAX', 'order': 2, 'rows': 4}
{'ticker': 'DIA', 'mode': 'binary', 'thr': 125, 'window': 'MAX', 'order': 3, 'rows': 8}
{'ticker': 'DIA', 'mode': 'binary', 'thr': 125, 'window': 'MAX', 'order': 4, 'rows': 16}
{'ticker': 'DIA', 'mode': 'binary', 'thr': 130, 'window': '1Y', 'order': 1, 'rows': 2}
{'ticker': 'DIA', 'mode': 'binary', 'thr': 130, 'window': '1Y', 'order': 2, 'rows': 3}
{'ticker': 'DIA', 'mode': 'binary', 'thr': 130, 'window': '1Y', 'order': 3, 'rows': 5}
{'ticker': 'DIA', 'mode': 'binary', 'thr': 130, 'window': '1Y', 'order': 4, 'rows': 7}
{'ticker': 'DIA', 'mode': 'binary', 'thr': 130, 'window': '2Y', 'order': 1, 'rows': 2}
{'ticker': 'DIA', 'mode': 'binary', 'thr': 130, 'window': '2Y', 'order': 2, 'rows': 3}
{'ticker': 'DIA', 'mode': 'binary', 'thr': 130, 'window': '2Y', 'order': 3, 'rows': 5}
{'ticker': 'DIA', 'mode': 'binary', 'thr': 130, 'window': '2Y', 'order': 4, 'rows': 7}
{'ticker': 'DIA', 'mode': 'binary', 'thr': 130, 'window': '5Y', 'order': 1, 'rows': 2}
{'ticker': 'DIA', 'mode': 'binary', 'thr': 130, 'window': '5Y', 'order': 2, 'rows': 4}
{'ticker': 'DIA', 'mode': 'binary', 'thr': 130, 'window': '5Y', 'order': 3, 'rows': 7}
{'ticker': 'DIA', 'mode': 'binary', 'thr': 130, 'window': '5Y', 'order': 4, 'rows': 12}
{'ticker': 'DIA', 'mode': 'binary', 'thr': 130, 'window': '10Y', 'order': 1, 'rows': 2}
{'ticker': 'DIA', 'mode': 'binary', 'thr': 130, 'window': '10Y', 'order': 2, 'rows': 4}
{'ticker': 'DIA', 'mode': 'binary', 'thr': 130, 'window': '10Y', 'order': 3, 'rows': 8}
{'ticker': 'DIA', 'mode': 'binary', 'thr': 130, 'window': '10Y', 'order': 4, 'rows': 16}
{'ticker': 'DIA', 'mode': 'binary', 'thr': 130, 'window': '20Y', 'order': 1, 'rows': 2}
{'ticker': 'DIA', 'mode': 'binary', 'thr': 130, 'window': '20Y', 'order': 2, 'rows': 4}
{'ticker': 'DIA', 'mode': 'binary', 'thr': 130, 'window': '20Y', 'order': 3, 'rows': 8}
{'ticker': 'DIA', 'mode': 'binary', 'thr': 130, 'window': '20Y', 'order': 4, 'rows': 16}
{'ticker': 'DIA', 'mode': 'binary', 'thr': 130, 'window': 'MAX', 'order': 1, 'rows': 2}
{'ticker': 'DIA', 'mode': 'binary', 'thr': 130, 'window': 'MAX', 'order': 2, 'rows': 4}
{'ticker': 'DIA', 'mode': 'binary', 'thr': 130, 'window': 'MAX', 'order': 3, 'rows': 8}
{'ticker': 'DIA', 'mode': 'binary', 'thr': 130, 'window': 'MAX', 'order': 4, 'rows': 16}
{'ticker': 'DIA', 'mode': 'binary', 'thr': 135, 'window': '1Y', 'order': 1, 'rows': 2}
{'ticker': 'DIA', 'mode': 'binary', 'thr': 135, 'window': '1Y', 'order': 2, 'rows': 3}
{'ticker': 'DIA', 'mode': 'binary', 'thr': 135, 'window': '1Y', 'order': 3, 'rows': 5}
{'ticker': 'DIA', 'mode': 'binary', 'thr': 135, 'window': '1Y', 'order': 4, 'rows': 7}
{'ticker': 'DIA', 'mode': 'binary', 'thr': 135, 'window': '2Y', 'order': 1, 'rows': 2}
{'ticker': 'DIA', 'mode': 'binary', 'thr': 135, 'window': '2Y', 'order': 2, 'rows': 3}
{'ticker': 'DIA', 'mode': 'binary', 'thr': 135, 'window': '2Y', 'order': 3, 'rows': 5}
{'ticker': 'DIA', 'mode': 'binary', 'thr': 135, 'window': '2Y', 'order': 4, 'rows': 7}
{'ticker': 'DIA', 'mode': 'binary', 'thr': 135, 'window': '5Y', 'order': 1, 'rows': 2}
{'ticker': 'DIA', 'mode': 'binary', 'thr': 135, 'window': '5Y', 'order': 2, 'rows': 4}
{'ticker': 'DIA', 'mode': 'binary', 'thr': 135, 'window': '5Y', 'order': 3, 'rows': 7}
{'ticker': 'DIA', 'mode': 'binary', 'thr': 135, 'window': '5Y', 'order': 4, 'rows': 12}
{'ticker': 'DIA', 'mode': 'binary', 'thr': 135, 'window': '10Y', 'order': 1, 'rows': 2}2025-11-12 11:25:28,628 INFO [cli] {'ticker': 'DIA', 'mode': 'tri', 'thr': 0, 'window': '5Y', 'order': 4, 'rows': 24}
2025-11-12 11:25:28,636 INFO [cli] {'ticker': 'DIA', 'mode': 'tri', 'thr': 0, 'window': '10Y', 'order': 1, 'rows': 3}
2025-11-12 11:25:28,644 INFO [cli] {'ticker': 'DIA', 'mode': 'tri', 'thr': 0, 'window': '10Y', 'order': 2, 'rows': 8}
2025-11-12 11:25:28,654 INFO [cli] {'ticker': 'DIA', 'mode': 'tri', 'thr': 0, 'window': '10Y', 'order': 3, 'rows': 18}
2025-11-12 11:25:28,663 INFO [cli] {'ticker': 'DIA', 'mode': 'tri', 'thr': 0, 'window': '10Y', 'order': 4, 'rows': 36}
2025-11-12 11:25:28,670 INFO [cli] {'ticker': 'DIA', 'mode': 'tri', 'thr': 0, 'window': '20Y', 'order': 1, 'rows': 3}
2025-11-12 11:25:28,681 INFO [cli] {'ticker': 'DIA', 'mode': 'tri', 'thr': 0, 'window': '20Y', 'order': 2, 'rows': 8}
2025-11-12 11:25:28,690 INFO [cli] {'ticker': 'DIA', 'mode': 'tri', 'thr': 0, 'window': '20Y', 'order': 3, 'rows': 20}
2025-11-12 11:25:28,701 INFO [cli] {'ticker': 'DIA', 'mode': 'tri', 'thr': 0, 'window': '20Y', 'order': 4, 'rows': 47}
2025-11-12 11:25:28,711 INFO [cli] {'ticker': 'DIA', 'mode': 'tri', 'thr': 0, 'window': 'MAX', 'order': 1, 'rows': 3}
2025-11-12 11:25:28,720 INFO [cli] {'ticker': 'DIA', 'mode': 'tri', 'thr': 0, 'window': 'MAX', 'order': 2, 'rows': 8}
2025-11-12 11:25:28,730 INFO [cli] {'ticker': 'DIA', 'mode': 'tri', 'thr': 0, 'window': 'MAX', 'order': 3, 'rows': 20}
2025-11-12 11:25:28,739 INFO [cli] {'ticker': 'DIA', 'mode': 'tri', 'thr': 0, 'window': 'MAX', 'order': 4, 'rows': 48}
2025-11-12 11:25:28,754 INFO [cli] {'ticker': 'DIA', 'mode': 'tri', 'thr': 5, 'window': '1Y', 'order': 1, 'rows': 3}
2025-11-12 11:25:28,763 INFO [cli] {'ticker': 'DIA', 'mode': 'tri', 'thr': 5, 'window': '1Y', 'order': 2, 'rows': 8}
2025-11-12 11:25:28,771 INFO [cli] {'ticker': 'DIA', 'mode': 'tri', 'thr': 5, 'window': '1Y', 'order': 3, 'rows': 21}
2025-11-12 11:25:28,779 INFO [cli] {'ticker': 'DIA', 'mode': 'tri', 'thr': 5, 'window': '1Y', 'order': 4, 'rows': 46}
2025-11-12 11:25:28,787 INFO [cli] {'ticker': 'DIA', 'mode': 'tri', 'thr': 5, 'window': '2Y', 'order': 1, 'rows': 3}
2025-11-12 11:25:28,795 INFO [cli] {'ticker': 'DIA', 'mode': 'tri', 'thr': 5, 'window': '2Y', 'order': 2, 'rows': 8}
2025-11-12 11:25:28,806 INFO [cli] {'ticker': 'DIA', 'mode': 'tri', 'thr': 5, 'window': '2Y', 'order': 3, 'rows': 21}
2025-11-12 11:25:28,814 INFO [cli] {'ticker': 'DIA', 'mode': 'tri', 'thr': 5, 'window': '2Y', 'order': 4, 'rows': 48}
2025-11-12 11:25:28,822 INFO [cli] {'ticker': 'DIA', 'mode': 'tri', 'thr': 5, 'window': '5Y', 'order': 1, 'rows': 3}
2025-11-12 11:25:28,830 INFO [cli] {'ticker': 'DIA', 'mode': 'tri', 'thr': 5, 'window': '5Y', 'order': 2, 'rows': 9}
2025-11-12 11:25:28,837 INFO [cli] {'ticker': 'DIA', 'mode': 'tri', 'thr': 5, 'window': '5Y', 'order': 3, 'rows': 25}
2025-11-12 11:25:28,845 INFO [cli] {'ticker': 'DIA', 'mode': 'tri', 'thr': 5, 'window': '5Y', 'order': 4, 'rows': 60}
2025-11-12 11:25:28,854 INFO [cli] {'ticker': 'DIA', 'mode': 'tri', 'thr': 5, 'window': '10Y', 'order': 1, 'rows': 3}
2025-11-12 11:25:28,864 INFO [cli] {'ticker': 'DIA', 'mode': 'tri', 'thr': 5, 'window': '10Y', 'order': 2, 'rows': 9}
2025-11-12 11:25:28,872 INFO [cli] {'ticker': 'DIA', 'mode': 'tri', 'thr': 5, 'window': '10Y', 'order': 3, 'rows': 27}
2025-11-12 11:25:28,879 INFO [cli] {'ticker': 'DIA', 'mode': 'tri', 'thr': 5, 'window': '10Y', 'order': 4, 'rows': 72}
2025-11-12 11:25:28,888 INFO [cli] {'ticker': 'DIA', 'mode': 'tri', 'thr': 5, 'window': '20Y', 'order': 1, 'rows': 3}
2025-11-12 11:25:28,896 INFO [cli] {'ticker': 'DIA', 'mode': 'tri', 'thr': 5, 'window': '20Y', 'order': 2, 'rows': 9}
2025-11-12 11:25:28,908 INFO [cli] {'ticker': 'DIA', 'mode': 'tri', 'thr': 5, 'window': '20Y', 'order': 3, 'rows': 27}
2025-11-12 11:25:28,917 INFO [cli] {'ticker': 'DIA', 'mode': 'tri', 'thr': 5, 'window': '20Y', 'order': 4, 'rows': 76}
2025-11-12 11:25:28,927 INFO [cli] {'ticker': 'DIA', 'mode': 'tri', 'thr': 5, 'window': 'MAX', 'order': 1, 'rows': 3}
2025-11-12 11:25:28,935 INFO [cli] {'ticker': 'DIA', 'mode': 'tri', 'thr': 5, 'window': 'MAX', 'order': 2, 'rows': 9}
2025-11-12 11:25:28,944 INFO [cli] {'ticker': 'DIA', 'mode': 'tri', 'thr': 5, 'window': 'MAX', 'order': 3, 'rows': 27}
2025-11-12 11:25:28,955 INFO [cli] {'ticker': 'DIA', 'mode': 'tri', 'thr': 5, 'window': 'MAX', 'order': 4, 'rows': 77}
2025-11-12 11:25:28,972 INFO [cli] {'ticker': 'DIA', 'mode': 'tri', 'thr': 10, 'window': '1Y', 'order': 1, 'rows': 3}
2025-11-12 11:25:28,982 INFO [cli] {'ticker': 'DIA', 'mode': 'tri', 'thr': 10, 'window': '1Y', 'order': 2, 'rows': 9}
2025-11-12 11:25:28,991 INFO [cli] {'ticker': 'DIA', 'mode': 'tri', 'thr': 10, 'window': '1Y', 'order': 3, 'rows': 25}
2025-11-12 11:25:29,003 INFO [cli] {'ticker': 'DIA', 'mode': 'tri', 'thr': 10, 'window': '1Y', 'order': 4, 'rows': 63}
2025-11-12 11:25:29,013 INFO [cli] {'ticker': 'DIA', 'mode': 'tri', 'thr': 10, 'window': '2Y', 'order': 1, 'rows': 3}
2025-11-12 11:25:29,023 INFO [cli] {'ticker': 'DIA', 'mode': 'tri', 'thr': 10, 'window': '2Y', 'order': 2, 'rows': 9}
2025-11-12 11:25:29,033 INFO [cli] {'ticker': 'DIA', 'mode': 'tri', 'thr': 10, 'window': '2Y', 'order': 3, 'rows': 26}
2025-11-12 11:25:29,043 INFO [cli] {'ticker': 'DIA', 'mode': 'tri', 'thr': 10, 'window': '2Y', 'order': 4, 'rows': 72}
2025-11-12 11:25:29,052 INFO [cli] {'ticker': 'DIA', 'mode': 'tri', 'thr': 10, 'window': '5Y', 'order': 1, 'rows': 3}
2025-11-12 11:25:29,060 INFO [cli] {'ticker': 'DIA', 'mode': 'tri', 'thr': 10, 'window': '5Y', 'order': 2, 'rows': 9}
2025-11-12 11:25:29,070 INFO [cli] {'ticker': 'DIA', 'mode': 'tri', 'thr': 10, 'window': '5Y', 'order': 3, 'rows': 27}
2025-11-12 11:25:29,081 INFO [cli] {'ticker': 'DIA', 'mode': 'tri', 'thr': 10, 'window': '5Y', 'order': 4, 'rows': 77}
2025-11-12 11:25:29,091 INFO [cli] {'ticker': 'DIA', 'mode': 'tri', 'thr': 10, 'window': '10Y', 'order': 1, 'rows': 3}
2025-11-12 11:25:29,099 INFO [cli] {'ticker': 'DIA', 'mode': 'tri', 'thr': 10, 'window': '10Y', 'order': 2, 'rows': 9}
2025-11-12 11:25:29,120 INFO [cli] {'ticker': 'DIA', 'mode': 'tri', 'thr': 10, 'window': '10Y', 'order': 3, 'rows': 27}
2025-11-12 11:25:29,130 INFO [cli] {'ticker': 'DIA', 'mode': 'tri', 'thr': 10, 'window': '10Y', 'order': 4, 'rows': 81}
2025-11-12 11:25:29,141 INFO [cli] {'ticker': 'DIA', 'mode': 'tri', 'thr': 10, 'window': '20Y', 'order': 1, 'rows': 3}
2025-11-12 11:25:29,150 INFO [cli] {'ticker': 'DIA', 'mode': 'tri', 'thr': 10, 'window': '20Y', 'order': 2, 'rows': 9}
2025-11-12 11:25:29,158 INFO [cli] {'ticker': 'DIA', 'mode': 'tri', 'thr': 10, 'window': '20Y', 'order': 3, 'rows': 27}
2025-11-12 11:25:29,168 INFO [cli] {'ticker': 'DIA', 'mode': 'tri', 'thr': 10, 'window': '20Y', 'order': 4, 'rows': 81}
2025-11-12 11:25:29,176 INFO [cli] {'ticker': 'DIA', 'mode': 'tri', 'thr': 10, 'window': 'MAX', 'order': 1, 'rows': 3}
2025-11-12 11:25:29,183 INFO [cli] {'ticker': 'DIA', 'mode': 'tri', 'thr': 10, 'window': 'MAX', 'order': 2, 'rows': 9}
2025-11-12 11:25:29,192 INFO [cli] {'ticker': 'DIA', 'mode': 'tri', 'thr': 10, 'window': 'MAX', 'order': 3, 'rows': 27}
2025-11-12 11:25:29,200 INFO [cli] {'ticker': 'DIA', 'mode': 'tri', 'thr': 10, 'window': 'MAX', 'order': 4, 'rows': 81}
2025-11-12 11:25:29,216 INFO [cli] {'ticker': 'DIA', 'mode': 'tri', 'thr': 15, 'window': '1Y', 'order': 1, 'rows': 3}
2025-11-12 11:25:29,225 INFO [cli] {'ticker': 'DIA', 'mode': 'tri', 'thr': 15, 'window': '1Y', 'order': 2, 'rows': 9}
2025-11-12 11:25:29,234 INFO [cli] {'ticker': 'DIA', 'mode': 'tri', 'thr': 15, 'window': '1Y', 'order': 3, 'rows': 27}
2025-11-12 11:25:29,242 INFO [cli] {'ticker': 'DIA', 'mode': 'tri', 'thr': 15, 'window': '1Y', 'order': 4, 'rows': 68}
2025-11-12 11:25:29,253 INFO [cli] {'ticker': 'DIA', 'mode': 'tri', 'thr': 15, 'window': '2Y', 'order': 1, 'rows': 3}
2025-11-12 11:25:29,263 INFO [cli] {'ticker': 'DIA', 'mode': 'tri', 'thr': 15, 'window': '2Y', 'order': 2, 'rows': 9}
2025-11-12 11:25:29,271 INFO [cli] {'ticker': 'DIA', 'mode': 'tri', 'thr': 15, 'window': '2Y', 'order': 3, 'rows': 27}
2025-11-12 11:25:29,279 INFO [cli] {'ticker': 'DIA', 'mode': 'tri', 'thr': 15, 'window': '2Y', 'order': 4, 'rows': 78}
2025-11-12 11:25:29,290 INFO [cli] {'ticker': 'DIA', 'mode': 'tri', 'thr': 15, 'window': '5Y', 'order': 1, 'rows': 3}
2025-11-12 11:25:29,297 INFO [cli] {'ticker': 'DIA', 'mode': 'tri', 'thr': 15, 'window': '5Y', 'order': 2, 'rows': 9}
2025-11-12 11:25:29,307 INFO [cli] {'ticker': 'DIA', 'mode': 'tri', 'thr': 15, 'window': '5Y', 'order': 3, 'rows': 27}
2025-11-12 11:25:29,317 INFO [cli] {'ticker': 'DIA', 'mode': 'tri', 'thr': 15, 'window': '5Y', 'order': 4, 'rows': 81}
2025-11-12 11:25:29,326 INFO [cli] {'ticker': 'DIA', 'mode': 'tri', 'thr': 15, 'window': '10Y', 'order': 1, 'rows': 3}
2025-11-12 11:25:29,335 INFO [cli] {'ticker': 'DIA', 'mode': 'tri', 'thr': 15, 'window': '10Y', 'order': 2, 'rows': 9}
2025-11-12 11:25:29,344 INFO [cli] {'ticker': 'DIA', 'mode': 'tri', 'thr': 15, 'window': '10Y', 'order': 3, 'rows': 27}
2025-11-12 11:25:29,353 INFO [cli] {'ticker': 'DIA', 'mode': 'tri', 'thr': 15, 'window': '10Y', 'order': 4, 'rows': 81}
2025-11-12 11:25:29,363 INFO [cli] {'ticker': 'DIA', 'mode': 'tri', 'thr': 15, 'window': '20Y', 'order': 1, 'rows': 3}
2025-11-12 11:25:29,371 INFO [cli] {'ticker': 'DIA', 'mode': 'tri', 'thr': 15, 'window': '20Y', 'order': 2, 'rows': 9}
2025-11-12 11:25:29,380 INFO [cli] {'ticker': 'DIA', 'mode': 'tri', 'thr': 15, 'window': '20Y', 'order': 3, 'rows': 27}
2025-11-12 11:25:29,390 INFO [cli] {'ticker': 'DIA', 'mode': 'tri', 'thr': 15, 'window': '20Y', 'order': 4, 'rows': 81}
2025-11-12 11:25:29,401 INFO [cli] {'ticker': 'DIA', 'mode': 'tri', 'thr': 15, 'window': 'MAX', 'order': 1, 'rows': 3}
2025-11-12 11:25:29,411 INFO [cli] {'ticker': 'DIA', 'mode': 'tri', 'thr': 15, 'window': 'MAX', 'order': 2, 'rows': 9}
2025-11-12 11:25:29,419 INFO [cli] {'ticker': 'DIA', 'mode': 'tri', 'thr': 15, 'window': 'MAX', 'order': 3, 'rows': 27}
2025-11-12 11:25:29,431 INFO [cli] {'ticker': 'DIA', 'mode': 'tri', 'thr': 15, 'window': 'MAX', 'order': 4, 'rows': 81}
2025-11-12 11:25:29,447 INFO [cli] {'ticker': 'DIA', 'mode': 'tri', 'thr': 20, 'window': '1Y', 'order': 1, 'rows': 3}
2025-11-12 11:25:29,457 INFO [cli] {'ticker': 'DIA', 'mode': 'tri', 'thr': 20, 'window': '1Y', 'order': 2, 'rows': 9}
2025-11-12 11:25:29,469 INFO [cli] {'ticker': 'DIA', 'mode': 'tri', 'thr': 20, 'window': '1Y', 'order': 3, 'rows': 27}
2025-11-12 11:25:29,491 INFO [cli] {'ticker': 'DIA', 'mode': 'tri', 'thr': 20, 'window': '1Y', 'order': 4, 'rows': 74}
2025-11-12 11:25:29,501 INFO [cli] {'ticker': 'DIA', 'mode': 'tri', 'thr': 20, 'window': '2Y', 'order': 1, 'rows': 3}
2025-11-12 11:25:29,511 INFO [cli] {'ticker': 'DIA', 'mode': 'tri', 'thr': 20, 'window': '2Y', 'order': 2, 'rows': 9}
2025-11-12 11:25:29,522 INFO [cli] {'ticker': 'DIA', 'mode': 'tri', 'thr': 20, 'window': '2Y', 'order': 3, 'rows': 27}
2025-11-12 11:25:29,531 INFO [cli] {'ticker': 'DIA', 'mode': 'tri', 'thr': 20, 'window': '2Y', 'order': 4, 'rows': 81}
2025-11-12 11:25:29,542 INFO [cli] {'ticker': 'DIA', 'mode': 'tri', 'thr': 20, 'window': '5Y', 'order': 1, 'rows': 3}
2025-11-12 11:25:29,550 INFO [cli] {'ticker': 'DIA', 'mode': 'tri', 'thr': 20, 'window': '5Y', 'order': 2, 'rows': 9}
2025-11-12 11:25:29,558 INFO [cli] {'ticker': 'DIA', 'mode': 'tri', 'thr': 20, 'window': '5Y', 'order': 3, 'rows': 27}
2025-11-12 11:25:29,569 INFO [cli] {'ticker': 'DIA', 'mode': 'tri', 'thr': 20, 'window': '5Y', 'order': 4, 'rows': 81}
2025-11-12 11:25:29,578 INFO [cli] {'ticker': 'DIA', 'mode': 'tri', 'thr': 20, 'window': '10Y', 'order': 1, 'rows': 3}

{'ticker': 'DIA', 'mode': 'binary', 'thr': 135, 'window': '10Y', 'order': 2, 'rows': 4}
{'ticker': 'DIA', 'mode': 'binary', 'thr': 135, 'window': '10Y', 'order': 3, 'rows': 8}
{'ticker': 'DIA', 'mode': 'binary', 'thr': 135, 'window': '10Y', 'order': 4, 'rows': 16}
{'ticker': 'DIA', 'mode': 'binary', 'thr': 135, 'window': '20Y', 'order': 1, 'rows': 2}
{'ticker': 'DIA', 'mode': 'binary', 'thr': 135, 'window': '20Y', 'order': 2, 'rows': 4}
{'ticker': 'DIA', 'mode': 'binary', 'thr': 135, 'window': '20Y', 'order': 3, 'rows': 8}
{'ticker': 'DIA', 'mode': 'binary', 'thr': 135, 'window': '20Y', 'order': 4, 'rows': 16}
{'ticker': 'DIA', 'mode': 'binary', 'thr': 135, 'window': 'MAX', 'order': 1, 'rows': 2}
{'ticker': 'DIA', 'mode': 'binary', 'thr': 135, 'window': 'MAX', 'order': 2, 'rows': 4}
{'ticker': 'DIA', 'mode': 'binary', 'thr': 135, 'window': 'MAX', 'order': 3, 'rows': 8}
{'ticker': 'DIA', 'mode': 'binary', 'thr': 135, 'window': 'MAX', 'order': 4, 'rows': 16}
{'ticker': 'DIA', 'mode': 'binary', 'thr': 140, 'window': '1Y', 'order': 1, 'rows': 2}
{'ticker': 'DIA', 'mode': 'binary', 'thr': 140, 'window': '1Y', 'order': 2, 'rows': 3}
{'ticker': 'DIA', 'mode': 'binary', 'thr': 140, 'window': '1Y', 'order': 3, 'rows': 5}
{'ticker': 'DIA', 'mode': 'binary', 'thr': 140, 'window': '1Y', 'order': 4, 'rows': 7}
{'ticker': 'DIA', 'mode': 'binary', 'thr': 140, 'window': '2Y', 'order': 1, 'rows': 2}
{'ticker': 'DIA', 'mode': 'binary', 'thr': 140, 'window': '2Y', 'order': 2, 'rows': 3}
{'ticker': 'DIA', 'mode': 'binary', 'thr': 140, 'window': '2Y', 'order': 3, 'rows': 5}
{'ticker': 'DIA', 'mode': 'binary', 'thr': 140, 'window': '2Y', 'order': 4, 'rows': 7}
{'ticker': 'DIA', 'mode': 'binary', 'thr': 140, 'window': '5Y', 'order': 1, 'rows': 2}
{'ticker': 'DIA', 'mode': 'binary', 'thr': 140, 'window': '5Y', 'order': 2, 'rows': 4}
{'ticker': 'DIA', 'mode': 'binary', 'thr': 140, 'window': '5Y', 'order': 3, 'rows': 7}
{'ticker': 'DIA', 'mode': 'binary', 'thr': 140, 'window': '5Y', 'order': 4, 'rows': 11}
{'ticker': 'DIA', 'mode': 'binary', 'thr': 140, 'window': '10Y', 'order': 1, 'rows': 2}
{'ticker': 'DIA', 'mode': 'binary', 'thr': 140, 'window': '10Y', 'order': 2, 'rows': 4}
{'ticker': 'DIA', 'mode': 'binary', 'thr': 140, 'window': '10Y', 'order': 3, 'rows': 8}
{'ticker': 'DIA', 'mode': 'binary', 'thr': 140, 'window': '10Y', 'order': 4, 'rows': 16}
{'ticker': 'DIA', 'mode': 'binary', 'thr': 140, 'window': '20Y', 'order': 1, 'rows': 2}
{'ticker': 'DIA', 'mode': 'binary', 'thr': 140, 'window': '20Y', 'order': 2, 'rows': 4}
{'ticker': 'DIA', 'mode': 'binary', 'thr': 140, 'window': '20Y', 'order': 3, 'rows': 8}
{'ticker': 'DIA', 'mode': 'binary', 'thr': 140, 'window': '20Y', 'order': 4, 'rows': 16}
{'ticker': 'DIA', 'mode': 'binary', 'thr': 140, 'window': 'MAX', 'order': 1, 'rows': 2}
{'ticker': 'DIA', 'mode': 'binary', 'thr': 140, 'window': 'MAX', 'order': 2, 'rows': 4}
{'ticker': 'DIA', 'mode': 'binary', 'thr': 140, 'window': 'MAX', 'order': 3, 'rows': 8}
{'ticker': 'DIA', 'mode': 'binary', 'thr': 140, 'window': 'MAX', 'order': 4, 'rows': 16}
{'ticker': 'DIA', 'mode': 'binary', 'thr': 145, 'window': '1Y', 'order': 1, 'rows': 2}
{'ticker': 'DIA', 'mode': 'binary', 'thr': 145, 'window': '1Y', 'order': 2, 'rows': 3}
{'ticker': 'DIA', 'mode': 'binary', 'thr': 145, 'window': '1Y', 'order': 3, 'rows': 5}
{'ticker': 'DIA', 'mode': 'binary', 'thr': 145, 'window': '1Y', 'order': 4, 'rows': 7}
{'ticker': 'DIA', 'mode': 'binary', 'thr': 145, 'window': '2Y', 'order': 1, 'rows': 2}
{'ticker': 'DIA', 'mode': 'binary', 'thr': 145, 'window': '2Y', 'order': 2, 'rows': 3}
{'ticker': 'DIA', 'mode': 'binary', 'thr': 145, 'window': '2Y', 'order': 3, 'rows': 5}
{'ticker': 'DIA', 'mode': 'binary', 'thr': 145, 'window': '2Y', 'order': 4, 'rows': 7}
{'ticker': 'DIA', 'mode': 'binary', 'thr': 145, 'window': '5Y', 'order': 1, 'rows': 2}
{'ticker': 'DIA', 'mode': 'binary', 'thr': 145, 'window': '5Y', 'order': 2, 'rows': 4}
{'ticker': 'DIA', 'mode': 'binary', 'thr': 145, 'window': '5Y', 'order': 3, 'rows': 7}
{'ticker': 'DIA', 'mode': 'binary', 'thr': 145, 'window': '5Y', 'order': 4, 'rows': 11}
{'ticker': 'DIA', 'mode': 'binary', 'thr': 145, 'window': '10Y', 'order': 1, 'rows': 2}
{'ticker': 'DIA', 'mode': 'binary', 'thr': 145, 'window': '10Y', 'order': 2, 'rows': 4}
{'ticker': 'DIA', 'mode': 'binary', 'thr': 145, 'window': '10Y', 'order': 3, 'rows': 8}
{'ticker': 'DIA', 'mode': 'binary', 'thr': 145, 'window': '10Y', 'order': 4, 'rows': 15}
{'ticker': 'DIA', 'mode': 'binary', 'thr': 145, 'window': '20Y', 'order': 1, 'rows': 2}
{'ticker': 'DIA', 'mode': 'binary', 'thr': 145, 'window': '20Y', 'order': 2, 'rows': 4}
{'ticker': 'DIA', 'mode': 'binary', 'thr': 145, 'window': '20Y', 'order': 3, 'rows': 8}
{'ticker': 'DIA', 'mode': 'binary', 'thr': 145, 'window': '20Y', 'order': 4, 'rows': 15}
{'ticker': 'DIA', 'mode': 'binary', 'thr': 145, 'window': 'MAX', 'order': 1, 'rows': 2}
{'ticker': 'DIA', 'mode': 'binary', 'thr': 145, 'window': 'MAX', 'order': 2, 'rows': 4}
{'ticker': 'DIA', 'mode': 'binary', 'thr': 145, 'window': 'MAX', 'order': 3, 'rows': 8}
{'ticker': 'DIA', 'mode': 'binary', 'thr': 145, 'window': 'MAX', 'order': 4, 'rows': 15}
{'ticker': 'DIA', 'mode': 'binary', 'thr': 150, 'window': '1Y', 'order': 1, 'rows': 2}
{'ticker': 'DIA', 'mode': 'binary', 'thr': 150, 'window': '1Y', 'order': 2, 'rows': 3}
{'ticker': 'DIA', 'mode': 'binary', 'thr': 150, 'window': '1Y', 'order': 3, 'rows': 5}
{'ticker': 'DIA', 'mode': 'binary', 'thr': 150, 'window': '1Y', 'order': 4, 'rows': 7}
{'ticker': 'DIA', 'mode': 'binary', 'thr': 150, 'window': '2Y', 'order': 1, 'rows': 2}
{'ticker': 'DIA', 'mode': 'binary', 'thr': 150, 'window': '2Y', 'order': 2, 'rows': 3}
{'ticker': 'DIA', 'mode': 'binary', 'thr': 150, 'window': '2Y', 'order': 3, 'rows': 5}
{'ticker': 'DIA', 'mode': 'binary', 'thr': 150, 'window': '2Y', 'order': 4, 'rows': 7}
{'ticker': 'DIA', 'mode': 'binary', 'thr': 150, 'window': '5Y', 'order': 1, 'rows': 2}
{'ticker': 'DIA', 'mode': 'binary', 'thr': 150, 'window': '5Y', 'order': 2, 'rows': 4}
{'ticker': 'DIA', 'mode': 'binary', 'thr': 150, 'window': '5Y', 'order': 3, 'rows': 7}
{'ticker': 'DIA', 'mode': 'binary', 'thr': 150, 'window': '5Y', 'order': 4, 'rows': 11}
{'ticker': 'DIA', 'mode': 'binary', 'thr': 150, 'window': '10Y', 'order': 1, 'rows': 2}
{'ticker': 'DIA', 'mode': 'binary', 'thr': 150, 'window': '10Y', 'order': 2, 'rows': 4}
{'ticker': 'DIA', 'mode': 'binary', 'thr': 150, 'window': '10Y', 'order': 3, 'rows': 8}
{'ticker': 'DIA', 'mode': 'binary', 'thr': 150, 'window': '10Y', 'order': 4, 'rows': 15}
{'ticker': 'DIA', 'mode': 'binary', 'thr': 150, 'window': '20Y', 'order': 1, 'rows': 2}
{'ticker': 'DIA', 'mode': 'binary', 'thr': 150, 'window': '20Y', 'order': 2, 'rows': 4}
{'ticker': 'DIA', 'mode': 'binary', 'thr': 150, 'window': '20Y', 'order': 3, 'rows': 8}
{'ticker': 'DIA', 'mode': 'binary', 'thr': 150, 'window': '20Y', 'order': 4, 'rows': 15}
{'ticker': 'DIA', 'mode': 'binary', 'thr': 150, 'window': 'MAX', 'order': 1, 'rows': 2}
{'ticker': 'DIA', 'mode': 'binary', 'thr': 150, 'window': 'MAX', 'order': 2, 'rows': 4}
{'ticker': 'DIA', 'mode': 'binary', 'thr': 150, 'window': 'MAX', 'order': 3, 'rows': 8}
{'ticker': 'DIA', 'mode': 'binary', 'thr': 150, 'window': 'MAX', 'order': 4, 'rows': 15}
{'ticker': 'DIA', 'mode': 'tri', 'thr': 0, 'window': '1Y', 'order': 1, 'rows': 3}
{'ticker': 'DIA', 'mode': 'tri', 'thr': 0, 'window': '1Y', 'order': 2, 'rows': 6}
{'ticker': 'DIA', 'mode': 'tri', 'thr': 0, 'window': '1Y', 'order': 3, 'rows': 11}
{'ticker': 'DIA', 'mode': 'tri', 'thr': 0, 'window': '1Y', 'order': 4, 'rows': 20}
{'ticker': 'DIA', 'mode': 'tri', 'thr': 0, 'window': '2Y', 'order': 1, 'rows': 3}
{'ticker': 'DIA', 'mode': 'tri', 'thr': 0, 'window': '2Y', 'order': 2, 'rows': 6}
{'ticker': 'DIA', 'mode': 'tri', 'thr': 0, 'window': '2Y', 'order': 3, 'rows': 11}
{'ticker': 'DIA', 'mode': 'tri', 'thr': 0, 'window': '2Y', 'order': 4, 'rows': 20}
{'ticker': 'DIA', 'mode': 'tri', 'thr': 0, 'window': '5Y', 'order': 1, 'rows': 3}
{'ticker': 'DIA', 'mode': 'tri', 'thr': 0, 'window': '5Y', 'order': 2, 'rows': 8}
{'ticker': 'DIA', 'mode': 'tri', 'thr': 0, 'window': '5Y', 'order': 3, 'rows': 14}
{'ticker': 'DIA', 'mode': 'tri', 'thr': 0, 'window': '5Y', 'order': 4, 'rows': 24}2025-11-12 11:25:29,586 INFO [cli] {'ticker': 'DIA', 'mode': 'tri', 'thr': 20, 'window': '10Y', 'order': 2, 'rows': 9}
2025-11-12 11:25:29,596 INFO [cli] {'ticker': 'DIA', 'mode': 'tri', 'thr': 20, 'window': '10Y', 'order': 3, 'rows': 27}
2025-11-12 11:25:29,605 INFO [cli] {'ticker': 'DIA', 'mode': 'tri', 'thr': 20, 'window': '10Y', 'order': 4, 'rows': 81}
2025-11-12 11:25:29,613 INFO [cli] {'ticker': 'DIA', 'mode': 'tri', 'thr': 20, 'window': '20Y', 'order': 1, 'rows': 3}
2025-11-12 11:25:29,622 INFO [cli] {'ticker': 'DIA', 'mode': 'tri', 'thr': 20, 'window': '20Y', 'order': 2, 'rows': 9}
2025-11-12 11:25:29,632 INFO [cli] {'ticker': 'DIA', 'mode': 'tri', 'thr': 20, 'window': '20Y', 'order': 3, 'rows': 27}
2025-11-12 11:25:29,642 INFO [cli] {'ticker': 'DIA', 'mode': 'tri', 'thr': 20, 'window': '20Y', 'order': 4, 'rows': 81}
2025-11-12 11:25:29,651 INFO [cli] {'ticker': 'DIA', 'mode': 'tri', 'thr': 20, 'window': 'MAX', 'order': 1, 'rows': 3}
2025-11-12 11:25:29,660 INFO [cli] {'ticker': 'DIA', 'mode': 'tri', 'thr': 20, 'window': 'MAX', 'order': 2, 'rows': 9}
2025-11-12 11:25:29,669 INFO [cli] {'ticker': 'DIA', 'mode': 'tri', 'thr': 20, 'window': 'MAX', 'order': 3, 'rows': 27}
2025-11-12 11:25:29,676 INFO [cli] {'ticker': 'DIA', 'mode': 'tri', 'thr': 20, 'window': 'MAX', 'order': 4, 'rows': 81}
2025-11-12 11:25:29,691 INFO [cli] {'ticker': 'DIA', 'mode': 'tri', 'thr': 25, 'window': '1Y', 'order': 1, 'rows': 3}
2025-11-12 11:25:29,699 INFO [cli] {'ticker': 'DIA', 'mode': 'tri', 'thr': 25, 'window': '1Y', 'order': 2, 'rows': 9}
2025-11-12 11:25:29,707 INFO [cli] {'ticker': 'DIA', 'mode': 'tri', 'thr': 25, 'window': '1Y', 'order': 3, 'rows': 27}
2025-11-12 11:25:29,717 INFO [cli] {'ticker': 'DIA', 'mode': 'tri', 'thr': 25, 'window': '1Y', 'order': 4, 'rows': 79}
2025-11-12 11:25:29,726 INFO [cli] {'ticker': 'DIA', 'mode': 'tri', 'thr': 25, 'window': '2Y', 'order': 1, 'rows': 3}
2025-11-12 11:25:29,734 INFO [cli] {'ticker': 'DIA', 'mode': 'tri', 'thr': 25, 'window': '2Y', 'order': 2, 'rows': 9}
2025-11-12 11:25:29,743 INFO [cli] {'ticker': 'DIA', 'mode': 'tri', 'thr': 25, 'window': '2Y', 'order': 3, 'rows': 27}
2025-11-12 11:25:29,752 INFO [cli] {'ticker': 'DIA', 'mode': 'tri', 'thr': 25, 'window': '2Y', 'order': 4, 'rows': 80}
2025-11-12 11:25:29,760 INFO [cli] {'ticker': 'DIA', 'mode': 'tri', 'thr': 25, 'window': '5Y', 'order': 1, 'rows': 3}
2025-11-12 11:25:29,768 INFO [cli] {'ticker': 'DIA', 'mode': 'tri', 'thr': 25, 'window': '5Y', 'order': 2, 'rows': 9}
2025-11-12 11:25:29,778 INFO [cli] {'ticker': 'DIA', 'mode': 'tri', 'thr': 25, 'window': '5Y', 'order': 3, 'rows': 27}
2025-11-12 11:25:29,788 INFO [cli] {'ticker': 'DIA', 'mode': 'tri', 'thr': 25, 'window': '5Y', 'order': 4, 'rows': 81}
2025-11-12 11:25:29,798 INFO [cli] {'ticker': 'DIA', 'mode': 'tri', 'thr': 25, 'window': '10Y', 'order': 1, 'rows': 3}
2025-11-12 11:25:29,808 INFO [cli] {'ticker': 'DIA', 'mode': 'tri', 'thr': 25, 'window': '10Y', 'order': 2, 'rows': 9}
2025-11-12 11:25:29,817 INFO [cli] {'ticker': 'DIA', 'mode': 'tri', 'thr': 25, 'window': '10Y', 'order': 3, 'rows': 27}
2025-11-12 11:25:29,825 INFO [cli] {'ticker': 'DIA', 'mode': 'tri', 'thr': 25, 'window': '10Y', 'order': 4, 'rows': 81}
2025-11-12 11:25:29,834 INFO [cli] {'ticker': 'DIA', 'mode': 'tri', 'thr': 25, 'window': '20Y', 'order': 1, 'rows': 3}
2025-11-12 11:25:29,841 INFO [cli] {'ticker': 'DIA', 'mode': 'tri', 'thr': 25, 'window': '20Y', 'order': 2, 'rows': 9}
2025-11-12 11:25:29,851 INFO [cli] {'ticker': 'DIA', 'mode': 'tri', 'thr': 25, 'window': '20Y', 'order': 3, 'rows': 27}
2025-11-12 11:25:29,862 INFO [cli] {'ticker': 'DIA', 'mode': 'tri', 'thr': 25, 'window': '20Y', 'order': 4, 'rows': 81}
2025-11-12 11:25:29,872 INFO [cli] {'ticker': 'DIA', 'mode': 'tri', 'thr': 25, 'window': 'MAX', 'order': 1, 'rows': 3}
2025-11-12 11:25:29,880 INFO [cli] {'ticker': 'DIA', 'mode': 'tri', 'thr': 25, 'window': 'MAX', 'order': 2, 'rows': 9}
2025-11-12 11:25:29,890 INFO [cli] {'ticker': 'DIA', 'mode': 'tri', 'thr': 25, 'window': 'MAX', 'order': 3, 'rows': 27}
2025-11-12 11:25:29,899 INFO [cli] {'ticker': 'DIA', 'mode': 'tri', 'thr': 25, 'window': 'MAX', 'order': 4, 'rows': 81}
2025-11-12 11:25:29,915 INFO [cli] {'ticker': 'DIA', 'mode': 'tri', 'thr': 30, 'window': '1Y', 'order': 1, 'rows': 3}
2025-11-12 11:25:29,925 INFO [cli] {'ticker': 'DIA', 'mode': 'tri', 'thr': 30, 'window': '1Y', 'order': 2, 'rows': 9}
2025-11-12 11:25:29,932 INFO [cli] {'ticker': 'DIA', 'mode': 'tri', 'thr': 30, 'window': '1Y', 'order': 3, 'rows': 27}
2025-11-12 11:25:29,944 INFO [cli] {'ticker': 'DIA', 'mode': 'tri', 'thr': 30, 'window': '1Y', 'order': 4, 'rows': 80}
2025-11-12 11:25:29,954 INFO [cli] {'ticker': 'DIA', 'mode': 'tri', 'thr': 30, 'window': '2Y', 'order': 1, 'rows': 3}
2025-11-12 11:25:29,965 INFO [cli] {'ticker': 'DIA', 'mode': 'tri', 'thr': 30, 'window': '2Y', 'order': 2, 'rows': 9}
2025-11-12 11:25:29,975 INFO [cli] {'ticker': 'DIA', 'mode': 'tri', 'thr': 30, 'window': '2Y', 'order': 3, 'rows': 27}
2025-11-12 11:25:29,984 INFO [cli] {'ticker': 'DIA', 'mode': 'tri', 'thr': 30, 'window': '2Y', 'order': 4, 'rows': 81}
2025-11-12 11:25:29,995 INFO [cli] {'ticker': 'DIA', 'mode': 'tri', 'thr': 30, 'window': '5Y', 'order': 1, 'rows': 3}
2025-11-12 11:25:30,005 INFO [cli] {'ticker': 'DIA', 'mode': 'tri', 'thr': 30, 'window': '5Y', 'order': 2, 'rows': 9}
2025-11-12 11:25:30,012 INFO [cli] {'ticker': 'DIA', 'mode': 'tri', 'thr': 30, 'window': '5Y', 'order': 3, 'rows': 27}
2025-11-12 11:25:30,025 INFO [cli] {'ticker': 'DIA', 'mode': 'tri', 'thr': 30, 'window': '5Y', 'order': 4, 'rows': 81}
2025-11-12 11:25:30,037 INFO [cli] {'ticker': 'DIA', 'mode': 'tri', 'thr': 30, 'window': '10Y', 'order': 1, 'rows': 3}
2025-11-12 11:25:30,048 INFO [cli] {'ticker': 'DIA', 'mode': 'tri', 'thr': 30, 'window': '10Y', 'order': 2, 'rows': 9}
2025-11-12 11:25:30,057 INFO [cli] {'ticker': 'DIA', 'mode': 'tri', 'thr': 30, 'window': '10Y', 'order': 3, 'rows': 27}
2025-11-12 11:25:30,068 INFO [cli] {'ticker': 'DIA', 'mode': 'tri', 'thr': 30, 'window': '10Y', 'order': 4, 'rows': 81}
2025-11-12 11:25:30,079 INFO [cli] {'ticker': 'DIA', 'mode': 'tri', 'thr': 30, 'window': '20Y', 'order': 1, 'rows': 3}
2025-11-12 11:25:30,088 INFO [cli] {'ticker': 'DIA', 'mode': 'tri', 'thr': 30, 'window': '20Y', 'order': 2, 'rows': 9}
2025-11-12 11:25:30,096 INFO [cli] {'ticker': 'DIA', 'mode': 'tri', 'thr': 30, 'window': '20Y', 'order': 3, 'rows': 27}
2025-11-12 11:25:30,105 INFO [cli] {'ticker': 'DIA', 'mode': 'tri', 'thr': 30, 'window': '20Y', 'order': 4, 'rows': 81}
2025-11-12 11:25:30,118 INFO [cli] {'ticker': 'DIA', 'mode': 'tri', 'thr': 30, 'window': 'MAX', 'order': 1, 'rows': 3}
2025-11-12 11:25:30,125 INFO [cli] {'ticker': 'DIA', 'mode': 'tri', 'thr': 30, 'window': 'MAX', 'order': 2, 'rows': 9}
2025-11-12 11:25:30,132 INFO [cli] {'ticker': 'DIA', 'mode': 'tri', 'thr': 30, 'window': 'MAX', 'order': 3, 'rows': 27}
2025-11-12 11:25:30,143 INFO [cli] {'ticker': 'DIA', 'mode': 'tri', 'thr': 30, 'window': 'MAX', 'order': 4, 'rows': 81}
2025-11-12 11:25:30,158 INFO [cli] {'ticker': 'DIA', 'mode': 'tri', 'thr': 35, 'window': '1Y', 'order': 1, 'rows': 3}
2025-11-12 11:25:30,168 INFO [cli] {'ticker': 'DIA', 'mode': 'tri', 'thr': 35, 'window': '1Y', 'order': 2, 'rows': 9}
2025-11-12 11:25:30,177 INFO [cli] {'ticker': 'DIA', 'mode': 'tri', 'thr': 35, 'window': '1Y', 'order': 3, 'rows': 27}
2025-11-12 11:25:30,186 INFO [cli] {'ticker': 'DIA', 'mode': 'tri', 'thr': 35, 'window': '1Y', 'order': 4, 'rows': 80}
2025-11-12 11:25:30,195 INFO [cli] {'ticker': 'DIA', 'mode': 'tri', 'thr': 35, 'window': '2Y', 'order': 1, 'rows': 3}
2025-11-12 11:25:30,205 INFO [cli] {'ticker': 'DIA', 'mode': 'tri', 'thr': 35, 'window': '2Y', 'order': 2, 'rows': 9}
2025-11-12 11:25:30,214 INFO [cli] {'ticker': 'DIA', 'mode': 'tri', 'thr': 35, 'window': '2Y', 'order': 3, 'rows': 27}
2025-11-12 11:25:30,224 INFO [cli] {'ticker': 'DIA', 'mode': 'tri', 'thr': 35, 'window': '2Y', 'order': 4, 'rows': 80}
2025-11-12 11:25:30,234 INFO [cli] {'ticker': 'DIA', 'mode': 'tri', 'thr': 35, 'window': '5Y', 'order': 1, 'rows': 3}
2025-11-12 11:25:30,244 INFO [cli] {'ticker': 'DIA', 'mode': 'tri', 'thr': 35, 'window': '5Y', 'order': 2, 'rows': 9}
2025-11-12 11:25:30,251 INFO [cli] {'ticker': 'DIA', 'mode': 'tri', 'thr': 35, 'window': '5Y', 'order': 3, 'rows': 27}
2025-11-12 11:25:30,261 INFO [cli] {'ticker': 'DIA', 'mode': 'tri', 'thr': 35, 'window': '5Y', 'order': 4, 'rows': 81}
2025-11-12 11:25:30,271 INFO [cli] {'ticker': 'DIA', 'mode': 'tri', 'thr': 35, 'window': '10Y', 'order': 1, 'rows': 3}
2025-11-12 11:25:30,280 INFO [cli] {'ticker': 'DIA', 'mode': 'tri', 'thr': 35, 'window': '10Y', 'order': 2, 'rows': 9}
2025-11-12 11:25:30,290 INFO [cli] {'ticker': 'DIA', 'mode': 'tri', 'thr': 35, 'window': '10Y', 'order': 3, 'rows': 27}
2025-11-12 11:25:30,300 INFO [cli] {'ticker': 'DIA', 'mode': 'tri', 'thr': 35, 'window': '10Y', 'order': 4, 'rows': 81}
2025-11-12 11:25:30,310 INFO [cli] {'ticker': 'DIA', 'mode': 'tri', 'thr': 35, 'window': '20Y', 'order': 1, 'rows': 3}
2025-11-12 11:25:30,323 INFO [cli] {'ticker': 'DIA', 'mode': 'tri', 'thr': 35, 'window': '20Y', 'order': 2, 'rows': 9}
2025-11-12 11:25:30,332 INFO [cli] {'ticker': 'DIA', 'mode': 'tri', 'thr': 35, 'window': '20Y', 'order': 3, 'rows': 27}
2025-11-12 11:25:30,340 INFO [cli] {'ticker': 'DIA', 'mode': 'tri', 'thr': 35, 'window': '20Y', 'order': 4, 'rows': 81}
2025-11-12 11:25:30,351 INFO [cli] {'ticker': 'DIA', 'mode': 'tri', 'thr': 35, 'window': 'MAX', 'order': 1, 'rows': 3}
2025-11-12 11:25:30,361 INFO [cli] {'ticker': 'DIA', 'mode': 'tri', 'thr': 35, 'window': 'MAX', 'order': 2, 'rows': 9}
2025-11-12 11:25:30,371 INFO [cli] {'ticker': 'DIA', 'mode': 'tri', 'thr': 35, 'window': 'MAX', 'order': 3, 'rows': 27}
2025-11-12 11:25:30,380 INFO [cli] {'ticker': 'DIA', 'mode': 'tri', 'thr': 35, 'window': 'MAX', 'order': 4, 'rows': 81}
2025-11-12 11:25:30,394 INFO [cli] {'ticker': 'DIA', 'mode': 'tri', 'thr': 40, 'window': '1Y', 'order': 1, 'rows': 3}
2025-11-12 11:25:30,402 INFO [cli] {'ticker': 'DIA', 'mode': 'tri', 'thr': 40, 'window': '1Y', 'order': 2, 'rows': 9}
2025-11-12 11:25:30,410 INFO [cli] {'ticker': 'DIA', 'mode': 'tri', 'thr': 40, 'window': '1Y', 'order': 3, 'rows': 27}
2025-11-12 11:25:30,419 INFO [cli] {'ticker': 'DIA', 'mode': 'tri', 'thr': 40, 'window': '1Y', 'order': 4, 'rows': 79}
2025-11-12 11:25:30,436 INFO [cli] {'ticker': 'DIA', 'mode': 'tri', 'thr': 40, 'window': '2Y', 'order': 1, 'rows': 3}
2025-11-12 11:25:30,445 INFO [cli] {'ticker': 'DIA', 'mode': 'tri', 'thr': 40, 'window': '2Y', 'order': 2, 'rows': 9}
2025-11-12 11:25:30,452 INFO [cli] {'ticker': 'DIA', 'mode': 'tri', 'thr': 40, 'window': '2Y', 'order': 3, 'rows': 27}
2025-11-12 11:25:30,460 INFO [cli] {'ticker': 'DIA', 'mode': 'tri', 'thr': 40, 'window': '2Y', 'order': 4, 'rows': 80}
2025-11-12 11:25:30,470 INFO [cli] {'ticker': 'DIA', 'mode': 'tri', 'thr': 40, 'window': '5Y', 'order': 1, 'rows': 3}
2025-11-12 11:25:30,479 INFO [cli] {'ticker': 'DIA', 'mode': 'tri', 'thr': 40, 'window': '5Y', 'order': 2, 'rows': 9}
2025-11-12 11:25:30,492 INFO [cli] {'ticker': 'DIA', 'mode': 'tri', 'thr': 40, 'window': '5Y', 'order': 3, 'rows': 27}
2025-11-12 11:25:30,504 INFO [cli] {'ticker': 'DIA', 'mode': 'tri', 'thr': 40, 'window': '5Y', 'order': 4, 'rows': 81}
2025-11-12 11:25:30,512 INFO [cli] {'ticker': 'DIA', 'mode': 'tri', 'thr': 40, 'window': '10Y', 'order': 1, 'rows': 3}
2025-11-12 11:25:30,521 INFO [cli] {'ticker': 'DIA', 'mode': 'tri', 'thr': 40, 'window': '10Y', 'order': 2, 'rows': 9}
2025-11-12 11:25:30,532 INFO [cli] {'ticker': 'DIA', 'mode': 'tri', 'thr': 40, 'window': '10Y', 'order': 3, 'rows': 27}

{'ticker': 'DIA', 'mode': 'tri', 'thr': 0, 'window': '10Y', 'order': 1, 'rows': 3}
{'ticker': 'DIA', 'mode': 'tri', 'thr': 0, 'window': '10Y', 'order': 2, 'rows': 8}
{'ticker': 'DIA', 'mode': 'tri', 'thr': 0, 'window': '10Y', 'order': 3, 'rows': 18}
{'ticker': 'DIA', 'mode': 'tri', 'thr': 0, 'window': '10Y', 'order': 4, 'rows': 36}
{'ticker': 'DIA', 'mode': 'tri', 'thr': 0, 'window': '20Y', 'order': 1, 'rows': 3}
{'ticker': 'DIA', 'mode': 'tri', 'thr': 0, 'window': '20Y', 'order': 2, 'rows': 8}
{'ticker': 'DIA', 'mode': 'tri', 'thr': 0, 'window': '20Y', 'order': 3, 'rows': 20}
{'ticker': 'DIA', 'mode': 'tri', 'thr': 0, 'window': '20Y', 'order': 4, 'rows': 47}
{'ticker': 'DIA', 'mode': 'tri', 'thr': 0, 'window': 'MAX', 'order': 1, 'rows': 3}
{'ticker': 'DIA', 'mode': 'tri', 'thr': 0, 'window': 'MAX', 'order': 2, 'rows': 8}
{'ticker': 'DIA', 'mode': 'tri', 'thr': 0, 'window': 'MAX', 'order': 3, 'rows': 20}
{'ticker': 'DIA', 'mode': 'tri', 'thr': 0, 'window': 'MAX', 'order': 4, 'rows': 48}
{'ticker': 'DIA', 'mode': 'tri', 'thr': 5, 'window': '1Y', 'order': 1, 'rows': 3}
{'ticker': 'DIA', 'mode': 'tri', 'thr': 5, 'window': '1Y', 'order': 2, 'rows': 8}
{'ticker': 'DIA', 'mode': 'tri', 'thr': 5, 'window': '1Y', 'order': 3, 'rows': 21}
{'ticker': 'DIA', 'mode': 'tri', 'thr': 5, 'window': '1Y', 'order': 4, 'rows': 46}
{'ticker': 'DIA', 'mode': 'tri', 'thr': 5, 'window': '2Y', 'order': 1, 'rows': 3}
{'ticker': 'DIA', 'mode': 'tri', 'thr': 5, 'window': '2Y', 'order': 2, 'rows': 8}
{'ticker': 'DIA', 'mode': 'tri', 'thr': 5, 'window': '2Y', 'order': 3, 'rows': 21}
{'ticker': 'DIA', 'mode': 'tri', 'thr': 5, 'window': '2Y', 'order': 4, 'rows': 48}
{'ticker': 'DIA', 'mode': 'tri', 'thr': 5, 'window': '5Y', 'order': 1, 'rows': 3}
{'ticker': 'DIA', 'mode': 'tri', 'thr': 5, 'window': '5Y', 'order': 2, 'rows': 9}
{'ticker': 'DIA', 'mode': 'tri', 'thr': 5, 'window': '5Y', 'order': 3, 'rows': 25}
{'ticker': 'DIA', 'mode': 'tri', 'thr': 5, 'window': '5Y', 'order': 4, 'rows': 60}
{'ticker': 'DIA', 'mode': 'tri', 'thr': 5, 'window': '10Y', 'order': 1, 'rows': 3}
{'ticker': 'DIA', 'mode': 'tri', 'thr': 5, 'window': '10Y', 'order': 2, 'rows': 9}
{'ticker': 'DIA', 'mode': 'tri', 'thr': 5, 'window': '10Y', 'order': 3, 'rows': 27}
{'ticker': 'DIA', 'mode': 'tri', 'thr': 5, 'window': '10Y', 'order': 4, 'rows': 72}
{'ticker': 'DIA', 'mode': 'tri', 'thr': 5, 'window': '20Y', 'order': 1, 'rows': 3}
{'ticker': 'DIA', 'mode': 'tri', 'thr': 5, 'window': '20Y', 'order': 2, 'rows': 9}
{'ticker': 'DIA', 'mode': 'tri', 'thr': 5, 'window': '20Y', 'order': 3, 'rows': 27}
{'ticker': 'DIA', 'mode': 'tri', 'thr': 5, 'window': '20Y', 'order': 4, 'rows': 76}
{'ticker': 'DIA', 'mode': 'tri', 'thr': 5, 'window': 'MAX', 'order': 1, 'rows': 3}
{'ticker': 'DIA', 'mode': 'tri', 'thr': 5, 'window': 'MAX', 'order': 2, 'rows': 9}
{'ticker': 'DIA', 'mode': 'tri', 'thr': 5, 'window': 'MAX', 'order': 3, 'rows': 27}
{'ticker': 'DIA', 'mode': 'tri', 'thr': 5, 'window': 'MAX', 'order': 4, 'rows': 77}
{'ticker': 'DIA', 'mode': 'tri', 'thr': 10, 'window': '1Y', 'order': 1, 'rows': 3}
{'ticker': 'DIA', 'mode': 'tri', 'thr': 10, 'window': '1Y', 'order': 2, 'rows': 9}
{'ticker': 'DIA', 'mode': 'tri', 'thr': 10, 'window': '1Y', 'order': 3, 'rows': 25}
{'ticker': 'DIA', 'mode': 'tri', 'thr': 10, 'window': '1Y', 'order': 4, 'rows': 63}
{'ticker': 'DIA', 'mode': 'tri', 'thr': 10, 'window': '2Y', 'order': 1, 'rows': 3}
{'ticker': 'DIA', 'mode': 'tri', 'thr': 10, 'window': '2Y', 'order': 2, 'rows': 9}
{'ticker': 'DIA', 'mode': 'tri', 'thr': 10, 'window': '2Y', 'order': 3, 'rows': 26}
{'ticker': 'DIA', 'mode': 'tri', 'thr': 10, 'window': '2Y', 'order': 4, 'rows': 72}
{'ticker': 'DIA', 'mode': 'tri', 'thr': 10, 'window': '5Y', 'order': 1, 'rows': 3}
{'ticker': 'DIA', 'mode': 'tri', 'thr': 10, 'window': '5Y', 'order': 2, 'rows': 9}
{'ticker': 'DIA', 'mode': 'tri', 'thr': 10, 'window': '5Y', 'order': 3, 'rows': 27}
{'ticker': 'DIA', 'mode': 'tri', 'thr': 10, 'window': '5Y', 'order': 4, 'rows': 77}
{'ticker': 'DIA', 'mode': 'tri', 'thr': 10, 'window': '10Y', 'order': 1, 'rows': 3}
{'ticker': 'DIA', 'mode': 'tri', 'thr': 10, 'window': '10Y', 'order': 2, 'rows': 9}
{'ticker': 'DIA', 'mode': 'tri', 'thr': 10, 'window': '10Y', 'order': 3, 'rows': 27}
{'ticker': 'DIA', 'mode': 'tri', 'thr': 10, 'window': '10Y', 'order': 4, 'rows': 81}
{'ticker': 'DIA', 'mode': 'tri', 'thr': 10, 'window': '20Y', 'order': 1, 'rows': 3}
{'ticker': 'DIA', 'mode': 'tri', 'thr': 10, 'window': '20Y', 'order': 2, 'rows': 9}
{'ticker': 'DIA', 'mode': 'tri', 'thr': 10, 'window': '20Y', 'order': 3, 'rows': 27}
{'ticker': 'DIA', 'mode': 'tri', 'thr': 10, 'window': '20Y', 'order': 4, 'rows': 81}
{'ticker': 'DIA', 'mode': 'tri', 'thr': 10, 'window': 'MAX', 'order': 1, 'rows': 3}
{'ticker': 'DIA', 'mode': 'tri', 'thr': 10, 'window': 'MAX', 'order': 2, 'rows': 9}
{'ticker': 'DIA', 'mode': 'tri', 'thr': 10, 'window': 'MAX', 'order': 3, 'rows': 27}
{'ticker': 'DIA', 'mode': 'tri', 'thr': 10, 'window': 'MAX', 'order': 4, 'rows': 81}
{'ticker': 'DIA', 'mode': 'tri', 'thr': 15, 'window': '1Y', 'order': 1, 'rows': 3}
{'ticker': 'DIA', 'mode': 'tri', 'thr': 15, 'window': '1Y', 'order': 2, 'rows': 9}
{'ticker': 'DIA', 'mode': 'tri', 'thr': 15, 'window': '1Y', 'order': 3, 'rows': 27}
{'ticker': 'DIA', 'mode': 'tri', 'thr': 15, 'window': '1Y', 'order': 4, 'rows': 68}
{'ticker': 'DIA', 'mode': 'tri', 'thr': 15, 'window': '2Y', 'order': 1, 'rows': 3}
{'ticker': 'DIA', 'mode': 'tri', 'thr': 15, 'window': '2Y', 'order': 2, 'rows': 9}
{'ticker': 'DIA', 'mode': 'tri', 'thr': 15, 'window': '2Y', 'order': 3, 'rows': 27}
{'ticker': 'DIA', 'mode': 'tri', 'thr': 15, 'window': '2Y', 'order': 4, 'rows': 78}
{'ticker': 'DIA', 'mode': 'tri', 'thr': 15, 'window': '5Y', 'order': 1, 'rows': 3}
{'ticker': 'DIA', 'mode': 'tri', 'thr': 15, 'window': '5Y', 'order': 2, 'rows': 9}
{'ticker': 'DIA', 'mode': 'tri', 'thr': 15, 'window': '5Y', 'order': 3, 'rows': 27}
{'ticker': 'DIA', 'mode': 'tri', 'thr': 15, 'window': '5Y', 'order': 4, 'rows': 81}
{'ticker': 'DIA', 'mode': 'tri', 'thr': 15, 'window': '10Y', 'order': 1, 'rows': 3}
{'ticker': 'DIA', 'mode': 'tri', 'thr': 15, 'window': '10Y', 'order': 2, 'rows': 9}
{'ticker': 'DIA', 'mode': 'tri', 'thr': 15, 'window': '10Y', 'order': 3, 'rows': 27}
{'ticker': 'DIA', 'mode': 'tri', 'thr': 15, 'window': '10Y', 'order': 4, 'rows': 81}
{'ticker': 'DIA', 'mode': 'tri', 'thr': 15, 'window': '20Y', 'order': 1, 'rows': 3}
{'ticker': 'DIA', 'mode': 'tri', 'thr': 15, 'window': '20Y', 'order': 2, 'rows': 9}
{'ticker': 'DIA', 'mode': 'tri', 'thr': 15, 'window': '20Y', 'order': 3, 'rows': 27}
{'ticker': 'DIA', 'mode': 'tri', 'thr': 15, 'window': '20Y', 'order': 4, 'rows': 81}
{'ticker': 'DIA', 'mode': 'tri', 'thr': 15, 'window': 'MAX', 'order': 1, 'rows': 3}
{'ticker': 'DIA', 'mode': 'tri', 'thr': 15, 'window': 'MAX', 'order': 2, 'rows': 9}
{'ticker': 'DIA', 'mode': 'tri', 'thr': 15, 'window': 'MAX', 'order': 3, 'rows': 27}
{'ticker': 'DIA', 'mode': 'tri', 'thr': 15, 'window': 'MAX', 'order': 4, 'rows': 81}
{'ticker': 'DIA', 'mode': 'tri', 'thr': 20, 'window': '1Y', 'order': 1, 'rows': 3}
{'ticker': 'DIA', 'mode': 'tri', 'thr': 20, 'window': '1Y', 'order': 2, 'rows': 9}
{'ticker': 'DIA', 'mode': 'tri', 'thr': 20, 'window': '1Y', 'order': 3, 'rows': 27}
{'ticker': 'DIA', 'mode': 'tri', 'thr': 20, 'window': '1Y', 'order': 4, 'rows': 74}
{'ticker': 'DIA', 'mode': 'tri', 'thr': 20, 'window': '2Y', 'order': 1, 'rows': 3}
{'ticker': 'DIA', 'mode': 'tri', 'thr': 20, 'window': '2Y', 'order': 2, 'rows': 9}
{'ticker': 'DIA', 'mode': 'tri', 'thr': 20, 'window': '2Y', 'order': 3, 'rows': 27}
{'ticker': 'DIA', 'mode': 'tri', 'thr': 20, 'window': '2Y', 'order': 4, 'rows': 81}
{'ticker': 'DIA', 'mode': 'tri', 'thr': 20, 'window': '5Y', 'order': 1, 'rows': 3}
{'ticker': 'DIA', 'mode': 'tri', 'thr': 20, 'window': '5Y', 'order': 2, 'rows': 9}
{'ticker': 'DIA', 'mode': 'tri', 'thr': 20, 'window': '5Y', 'order': 3, 'rows': 27}
{'ticker': 'DIA', 'mode': 'tri', 'thr': 20, 'window': '5Y', 'order': 4, 'rows': 81}
{'ticker': 'DIA', 'mode': 'tri', 'thr': 20, 'window': '10Y', 'order': 1, 'rows': 3}
{'ticker': 'DIA', 'mode': 'tri', 'thr': 20, 'window': '10Y', 'order': 2, 'rows': 9}2025-11-12 11:25:30,542 INFO [cli] {'ticker': 'DIA', 'mode': 'tri', 'thr': 40, 'window': '10Y', 'order': 4, 'rows': 81}
2025-11-12 11:25:30,551 INFO [cli] {'ticker': 'DIA', 'mode': 'tri', 'thr': 40, 'window': '20Y', 'order': 1, 'rows': 3}
2025-11-12 11:25:30,559 INFO [cli] {'ticker': 'DIA', 'mode': 'tri', 'thr': 40, 'window': '20Y', 'order': 2, 'rows': 9}
2025-11-12 11:25:30,572 INFO [cli] {'ticker': 'DIA', 'mode': 'tri', 'thr': 40, 'window': '20Y', 'order': 3, 'rows': 27}
2025-11-12 11:25:30,585 INFO [cli] {'ticker': 'DIA', 'mode': 'tri', 'thr': 40, 'window': '20Y', 'order': 4, 'rows': 81}
2025-11-12 11:25:30,595 INFO [cli] {'ticker': 'DIA', 'mode': 'tri', 'thr': 40, 'window': 'MAX', 'order': 1, 'rows': 3}
2025-11-12 11:25:30,605 INFO [cli] {'ticker': 'DIA', 'mode': 'tri', 'thr': 40, 'window': 'MAX', 'order': 2, 'rows': 9}
2025-11-12 11:25:30,614 INFO [cli] {'ticker': 'DIA', 'mode': 'tri', 'thr': 40, 'window': 'MAX', 'order': 3, 'rows': 27}
2025-11-12 11:25:30,623 INFO [cli] {'ticker': 'DIA', 'mode': 'tri', 'thr': 40, 'window': 'MAX', 'order': 4, 'rows': 81}
2025-11-12 11:25:30,640 INFO [cli] {'ticker': 'DIA', 'mode': 'tri', 'thr': 45, 'window': '1Y', 'order': 1, 'rows': 3}
2025-11-12 11:25:30,650 INFO [cli] {'ticker': 'DIA', 'mode': 'tri', 'thr': 45, 'window': '1Y', 'order': 2, 'rows': 9}
2025-11-12 11:25:30,658 INFO [cli] {'ticker': 'DIA', 'mode': 'tri', 'thr': 45, 'window': '1Y', 'order': 3, 'rows': 27}
2025-11-12 11:25:30,672 INFO [cli] {'ticker': 'DIA', 'mode': 'tri', 'thr': 45, 'window': '1Y', 'order': 4, 'rows': 77}
2025-11-12 11:25:30,682 INFO [cli] {'ticker': 'DIA', 'mode': 'tri', 'thr': 45, 'window': '2Y', 'order': 1, 'rows': 3}
2025-11-12 11:25:30,693 INFO [cli] {'ticker': 'DIA', 'mode': 'tri', 'thr': 45, 'window': '2Y', 'order': 2, 'rows': 9}
2025-11-12 11:25:30,715 INFO [cli] {'ticker': 'DIA', 'mode': 'tri', 'thr': 45, 'window': '2Y', 'order': 3, 'rows': 27}
2025-11-12 11:25:30,725 INFO [cli] {'ticker': 'DIA', 'mode': 'tri', 'thr': 45, 'window': '2Y', 'order': 4, 'rows': 80}
2025-11-12 11:25:30,736 INFO [cli] {'ticker': 'DIA', 'mode': 'tri', 'thr': 45, 'window': '5Y', 'order': 1, 'rows': 3}
2025-11-12 11:25:30,745 INFO [cli] {'ticker': 'DIA', 'mode': 'tri', 'thr': 45, 'window': '5Y', 'order': 2, 'rows': 9}
2025-11-12 11:25:30,758 INFO [cli] {'ticker': 'DIA', 'mode': 'tri', 'thr': 45, 'window': '5Y', 'order': 3, 'rows': 27}
2025-11-12 11:25:30,769 INFO [cli] {'ticker': 'DIA', 'mode': 'tri', 'thr': 45, 'window': '5Y', 'order': 4, 'rows': 81}
2025-11-12 11:25:30,780 INFO [cli] {'ticker': 'DIA', 'mode': 'tri', 'thr': 45, 'window': '10Y', 'order': 1, 'rows': 3}
2025-11-12 11:25:30,791 INFO [cli] {'ticker': 'DIA', 'mode': 'tri', 'thr': 45, 'window': '10Y', 'order': 2, 'rows': 9}
2025-11-12 11:25:30,806 INFO [cli] {'ticker': 'DIA', 'mode': 'tri', 'thr': 45, 'window': '10Y', 'order': 3, 'rows': 27}
2025-11-12 11:25:30,817 INFO [cli] {'ticker': 'DIA', 'mode': 'tri', 'thr': 45, 'window': '10Y', 'order': 4, 'rows': 81}
2025-11-12 11:25:30,829 INFO [cli] {'ticker': 'DIA', 'mode': 'tri', 'thr': 45, 'window': '20Y', 'order': 1, 'rows': 3}
2025-11-12 11:25:30,840 INFO [cli] {'ticker': 'DIA', 'mode': 'tri', 'thr': 45, 'window': '20Y', 'order': 2, 'rows': 9}
2025-11-12 11:25:30,851 INFO [cli] {'ticker': 'DIA', 'mode': 'tri', 'thr': 45, 'window': '20Y', 'order': 3, 'rows': 27}
2025-11-12 11:25:30,863 INFO [cli] {'ticker': 'DIA', 'mode': 'tri', 'thr': 45, 'window': '20Y', 'order': 4, 'rows': 81}
2025-11-12 11:25:30,874 INFO [cli] {'ticker': 'DIA', 'mode': 'tri', 'thr': 45, 'window': 'MAX', 'order': 1, 'rows': 3}
2025-11-12 11:25:30,886 INFO [cli] {'ticker': 'DIA', 'mode': 'tri', 'thr': 45, 'window': 'MAX', 'order': 2, 'rows': 9}
2025-11-12 11:25:30,898 INFO [cli] {'ticker': 'DIA', 'mode': 'tri', 'thr': 45, 'window': 'MAX', 'order': 3, 'rows': 27}
2025-11-12 11:25:30,905 INFO [cli] {'ticker': 'DIA', 'mode': 'tri', 'thr': 45, 'window': 'MAX', 'order': 4, 'rows': 81}
2025-11-12 11:25:30,923 INFO [cli] {'ticker': 'DIA', 'mode': 'tri', 'thr': 50, 'window': '1Y', 'order': 1, 'rows': 3}
2025-11-12 11:25:30,935 INFO [cli] {'ticker': 'DIA', 'mode': 'tri', 'thr': 50, 'window': '1Y', 'order': 2, 'rows': 9}
2025-11-12 11:25:30,943 INFO [cli] {'ticker': 'DIA', 'mode': 'tri', 'thr': 50, 'window': '1Y', 'order': 3, 'rows': 27}
2025-11-12 11:25:30,953 INFO [cli] {'ticker': 'DIA', 'mode': 'tri', 'thr': 50, 'window': '1Y', 'order': 4, 'rows': 72}
2025-11-12 11:25:30,960 INFO [cli] {'ticker': 'DIA', 'mode': 'tri', 'thr': 50, 'window': '2Y', 'order': 1, 'rows': 3}
2025-11-12 11:25:30,968 INFO [cli] {'ticker': 'DIA', 'mode': 'tri', 'thr': 50, 'window': '2Y', 'order': 2, 'rows': 9}
2025-11-12 11:25:30,979 INFO [cli] {'ticker': 'DIA', 'mode': 'tri', 'thr': 50, 'window': '2Y', 'order': 3, 'rows': 27}
2025-11-12 11:25:30,990 INFO [cli] {'ticker': 'DIA', 'mode': 'tri', 'thr': 50, 'window': '2Y', 'order': 4, 'rows': 78}
2025-11-12 11:25:30,998 INFO [cli] {'ticker': 'DIA', 'mode': 'tri', 'thr': 50, 'window': '5Y', 'order': 1, 'rows': 3}
2025-11-12 11:25:31,007 INFO [cli] {'ticker': 'DIA', 'mode': 'tri', 'thr': 50, 'window': '5Y', 'order': 2, 'rows': 9}
2025-11-12 11:25:31,016 INFO [cli] {'ticker': 'DIA', 'mode': 'tri', 'thr': 50, 'window': '5Y', 'order': 3, 'rows': 27}
2025-11-12 11:25:31,025 INFO [cli] {'ticker': 'DIA', 'mode': 'tri', 'thr': 50, 'window': '5Y', 'order': 4, 'rows': 81}
2025-11-12 11:25:31,035 INFO [cli] {'ticker': 'DIA', 'mode': 'tri', 'thr': 50, 'window': '10Y', 'order': 1, 'rows': 3}
2025-11-12 11:25:31,043 INFO [cli] {'ticker': 'DIA', 'mode': 'tri', 'thr': 50, 'window': '10Y', 'order': 2, 'rows': 9}
2025-11-12 11:25:31,052 INFO [cli] {'ticker': 'DIA', 'mode': 'tri', 'thr': 50, 'window': '10Y', 'order': 3, 'rows': 27}
2025-11-12 11:25:31,063 INFO [cli] {'ticker': 'DIA', 'mode': 'tri', 'thr': 50, 'window': '10Y', 'order': 4, 'rows': 81}
2025-11-12 11:25:31,071 INFO [cli] {'ticker': 'DIA', 'mode': 'tri', 'thr': 50, 'window': '20Y', 'order': 1, 'rows': 3}
2025-11-12 11:25:31,081 INFO [cli] {'ticker': 'DIA', 'mode': 'tri', 'thr': 50, 'window': '20Y', 'order': 2, 'rows': 9}
2025-11-12 11:25:31,093 INFO [cli] {'ticker': 'DIA', 'mode': 'tri', 'thr': 50, 'window': '20Y', 'order': 3, 'rows': 27}
2025-11-12 11:25:31,102 INFO [cli] {'ticker': 'DIA', 'mode': 'tri', 'thr': 50, 'window': '20Y', 'order': 4, 'rows': 81}
2025-11-12 11:25:31,113 INFO [cli] {'ticker': 'DIA', 'mode': 'tri', 'thr': 50, 'window': 'MAX', 'order': 1, 'rows': 3}
2025-11-12 11:25:31,127 INFO [cli] {'ticker': 'DIA', 'mode': 'tri', 'thr': 50, 'window': 'MAX', 'order': 2, 'rows': 9}
2025-11-12 11:25:31,137 INFO [cli] {'ticker': 'DIA', 'mode': 'tri', 'thr': 50, 'window': 'MAX', 'order': 3, 'rows': 27}
2025-11-12 11:25:31,147 INFO [cli] {'ticker': 'DIA', 'mode': 'tri', 'thr': 50, 'window': 'MAX', 'order': 4, 'rows': 81}
2025-11-12 11:25:31,171 INFO [cli] {'ticker': 'DIA', 'mode': 'tri', 'thr': 55, 'window': '1Y', 'order': 1, 'rows': 3}
2025-11-12 11:25:31,183 INFO [cli] {'ticker': 'DIA', 'mode': 'tri', 'thr': 55, 'window': '1Y', 'order': 2, 'rows': 9}
2025-11-12 11:25:31,192 INFO [cli] {'ticker': 'DIA', 'mode': 'tri', 'thr': 55, 'window': '1Y', 'order': 3, 'rows': 27}
2025-11-12 11:25:31,202 INFO [cli] {'ticker': 'DIA', 'mode': 'tri', 'thr': 55, 'window': '1Y', 'order': 4, 'rows': 73}
2025-11-12 11:25:31,210 INFO [cli] {'ticker': 'DIA', 'mode': 'tri', 'thr': 55, 'window': '2Y', 'order': 1, 'rows': 3}
2025-11-12 11:25:31,220 INFO [cli] {'ticker': 'DIA', 'mode': 'tri', 'thr': 55, 'window': '2Y', 'order': 2, 'rows': 9}
2025-11-12 11:25:31,228 INFO [cli] {'ticker': 'DIA', 'mode': 'tri', 'thr': 55, 'window': '2Y', 'order': 3, 'rows': 27}
2025-11-12 11:25:31,235 INFO [cli] {'ticker': 'DIA', 'mode': 'tri', 'thr': 55, 'window': '2Y', 'order': 4, 'rows': 78}
2025-11-12 11:25:31,243 INFO [cli] {'ticker': 'DIA', 'mode': 'tri', 'thr': 55, 'window': '5Y', 'order': 1, 'rows': 3}
2025-11-12 11:25:31,252 INFO [cli] {'ticker': 'DIA', 'mode': 'tri', 'thr': 55, 'window': '5Y', 'order': 2, 'rows': 9}
2025-11-12 11:25:31,262 INFO [cli] {'ticker': 'DIA', 'mode': 'tri', 'thr': 55, 'window': '5Y', 'order': 3, 'rows': 27}
2025-11-12 11:25:31,271 INFO [cli] {'ticker': 'DIA', 'mode': 'tri', 'thr': 55, 'window': '5Y', 'order': 4, 'rows': 81}
2025-11-12 11:25:31,279 INFO [cli] {'ticker': 'DIA', 'mode': 'tri', 'thr': 55, 'window': '10Y', 'order': 1, 'rows': 3}
2025-11-12 11:25:31,289 INFO [cli] {'ticker': 'DIA', 'mode': 'tri', 'thr': 55, 'window': '10Y', 'order': 2, 'rows': 9}
2025-11-12 11:25:31,301 INFO [cli] {'ticker': 'DIA', 'mode': 'tri', 'thr': 55, 'window': '10Y', 'order': 3, 'rows': 27}
2025-11-12 11:25:31,314 INFO [cli] {'ticker': 'DIA', 'mode': 'tri', 'thr': 55, 'window': '10Y', 'order': 4, 'rows': 81}
2025-11-12 11:25:31,326 INFO [cli] {'ticker': 'DIA', 'mode': 'tri', 'thr': 55, 'window': '20Y', 'order': 1, 'rows': 3}
2025-11-12 11:25:31,335 INFO [cli] {'ticker': 'DIA', 'mode': 'tri', 'thr': 55, 'window': '20Y', 'order': 2, 'rows': 9}
2025-11-12 11:25:31,344 INFO [cli] {'ticker': 'DIA', 'mode': 'tri', 'thr': 55, 'window': '20Y', 'order': 3, 'rows': 27}
2025-11-12 11:25:31,352 INFO [cli] {'ticker': 'DIA', 'mode': 'tri', 'thr': 55, 'window': '20Y', 'order': 4, 'rows': 81}
2025-11-12 11:25:31,362 INFO [cli] {'ticker': 'DIA', 'mode': 'tri', 'thr': 55, 'window': 'MAX', 'order': 1, 'rows': 3}
2025-11-12 11:25:31,372 INFO [cli] {'ticker': 'DIA', 'mode': 'tri', 'thr': 55, 'window': 'MAX', 'order': 2, 'rows': 9}
2025-11-12 11:25:31,380 INFO [cli] {'ticker': 'DIA', 'mode': 'tri', 'thr': 55, 'window': 'MAX', 'order': 3, 'rows': 27}
2025-11-12 11:25:31,388 INFO [cli] {'ticker': 'DIA', 'mode': 'tri', 'thr': 55, 'window': 'MAX', 'order': 4, 'rows': 81}
2025-11-12 11:25:31,404 INFO [cli] {'ticker': 'DIA', 'mode': 'tri', 'thr': 60, 'window': '1Y', 'order': 1, 'rows': 3}
2025-11-12 11:25:31,414 INFO [cli] {'ticker': 'DIA', 'mode': 'tri', 'thr': 60, 'window': '1Y', 'order': 2, 'rows': 9}
2025-11-12 11:25:31,424 INFO [cli] {'ticker': 'DIA', 'mode': 'tri', 'thr': 60, 'window': '1Y', 'order': 3, 'rows': 27}
2025-11-12 11:25:31,432 INFO [cli] {'ticker': 'DIA', 'mode': 'tri', 'thr': 60, 'window': '1Y', 'order': 4, 'rows': 71}
2025-11-12 11:25:31,441 INFO [cli] {'ticker': 'DIA', 'mode': 'tri', 'thr': 60, 'window': '2Y', 'order': 1, 'rows': 3}
2025-11-12 11:25:31,451 INFO [cli] {'ticker': 'DIA', 'mode': 'tri', 'thr': 60, 'window': '2Y', 'order': 2, 'rows': 9}
2025-11-12 11:25:31,460 INFO [cli] {'ticker': 'DIA', 'mode': 'tri', 'thr': 60, 'window': '2Y', 'order': 3, 'rows': 27}
2025-11-12 11:25:31,472 INFO [cli] {'ticker': 'DIA', 'mode': 'tri', 'thr': 60, 'window': '2Y', 'order': 4, 'rows': 74}
2025-11-12 11:25:31,480 INFO [cli] {'ticker': 'DIA', 'mode': 'tri', 'thr': 60, 'window': '5Y', 'order': 1, 'rows': 3}
2025-11-12 11:25:31,489 INFO [cli] {'ticker': 'DIA', 'mode': 'tri', 'thr': 60, 'window': '5Y', 'order': 2, 'rows': 9}
2025-11-12 11:25:31,497 INFO [cli] {'ticker': 'DIA', 'mode': 'tri', 'thr': 60, 'window': '5Y', 'order': 3, 'rows': 27}
2025-11-12 11:25:31,507 INFO [cli] {'ticker': 'DIA', 'mode': 'tri', 'thr': 60, 'window': '5Y', 'order': 4, 'rows': 81}
2025-11-12 11:25:31,516 INFO [cli] {'ticker': 'DIA', 'mode': 'tri', 'thr': 60, 'window': '10Y', 'order': 1, 'rows': 3}
2025-11-12 11:25:31,526 INFO [cli] {'ticker': 'DIA', 'mode': 'tri', 'thr': 60, 'window': '10Y', 'order': 2, 'rows': 9}
2025-11-12 11:25:31,537 INFO [cli] {'ticker': 'DIA', 'mode': 'tri', 'thr': 60, 'window': '10Y', 'order': 3, 'rows': 27}
2025-11-12 11:25:31,546 INFO [cli] {'ticker': 'DIA', 'mode': 'tri', 'thr': 60, 'window': '10Y', 'order': 4, 'rows': 81}
2025-11-12 11:25:31,557 INFO [cli] {'ticker': 'DIA', 'mode': 'tri', 'thr': 60, 'window': '20Y', 'order': 1, 'rows': 3}

{'ticker': 'DIA', 'mode': 'tri', 'thr': 20, 'window': '10Y', 'order': 3, 'rows': 27}
{'ticker': 'DIA', 'mode': 'tri', 'thr': 20, 'window': '10Y', 'order': 4, 'rows': 81}
{'ticker': 'DIA', 'mode': 'tri', 'thr': 20, 'window': '20Y', 'order': 1, 'rows': 3}
{'ticker': 'DIA', 'mode': 'tri', 'thr': 20, 'window': '20Y', 'order': 2, 'rows': 9}
{'ticker': 'DIA', 'mode': 'tri', 'thr': 20, 'window': '20Y', 'order': 3, 'rows': 27}
{'ticker': 'DIA', 'mode': 'tri', 'thr': 20, 'window': '20Y', 'order': 4, 'rows': 81}
{'ticker': 'DIA', 'mode': 'tri', 'thr': 20, 'window': 'MAX', 'order': 1, 'rows': 3}
{'ticker': 'DIA', 'mode': 'tri', 'thr': 20, 'window': 'MAX', 'order': 2, 'rows': 9}
{'ticker': 'DIA', 'mode': 'tri', 'thr': 20, 'window': 'MAX', 'order': 3, 'rows': 27}
{'ticker': 'DIA', 'mode': 'tri', 'thr': 20, 'window': 'MAX', 'order': 4, 'rows': 81}
{'ticker': 'DIA', 'mode': 'tri', 'thr': 25, 'window': '1Y', 'order': 1, 'rows': 3}
{'ticker': 'DIA', 'mode': 'tri', 'thr': 25, 'window': '1Y', 'order': 2, 'rows': 9}
{'ticker': 'DIA', 'mode': 'tri', 'thr': 25, 'window': '1Y', 'order': 3, 'rows': 27}
{'ticker': 'DIA', 'mode': 'tri', 'thr': 25, 'window': '1Y', 'order': 4, 'rows': 79}
{'ticker': 'DIA', 'mode': 'tri', 'thr': 25, 'window': '2Y', 'order': 1, 'rows': 3}
{'ticker': 'DIA', 'mode': 'tri', 'thr': 25, 'window': '2Y', 'order': 2, 'rows': 9}
{'ticker': 'DIA', 'mode': 'tri', 'thr': 25, 'window': '2Y', 'order': 3, 'rows': 27}
{'ticker': 'DIA', 'mode': 'tri', 'thr': 25, 'window': '2Y', 'order': 4, 'rows': 80}
{'ticker': 'DIA', 'mode': 'tri', 'thr': 25, 'window': '5Y', 'order': 1, 'rows': 3}
{'ticker': 'DIA', 'mode': 'tri', 'thr': 25, 'window': '5Y', 'order': 2, 'rows': 9}
{'ticker': 'DIA', 'mode': 'tri', 'thr': 25, 'window': '5Y', 'order': 3, 'rows': 27}
{'ticker': 'DIA', 'mode': 'tri', 'thr': 25, 'window': '5Y', 'order': 4, 'rows': 81}
{'ticker': 'DIA', 'mode': 'tri', 'thr': 25, 'window': '10Y', 'order': 1, 'rows': 3}
{'ticker': 'DIA', 'mode': 'tri', 'thr': 25, 'window': '10Y', 'order': 2, 'rows': 9}
{'ticker': 'DIA', 'mode': 'tri', 'thr': 25, 'window': '10Y', 'order': 3, 'rows': 27}
{'ticker': 'DIA', 'mode': 'tri', 'thr': 25, 'window': '10Y', 'order': 4, 'rows': 81}
{'ticker': 'DIA', 'mode': 'tri', 'thr': 25, 'window': '20Y', 'order': 1, 'rows': 3}
{'ticker': 'DIA', 'mode': 'tri', 'thr': 25, 'window': '20Y', 'order': 2, 'rows': 9}
{'ticker': 'DIA', 'mode': 'tri', 'thr': 25, 'window': '20Y', 'order': 3, 'rows': 27}
{'ticker': 'DIA', 'mode': 'tri', 'thr': 25, 'window': '20Y', 'order': 4, 'rows': 81}
{'ticker': 'DIA', 'mode': 'tri', 'thr': 25, 'window': 'MAX', 'order': 1, 'rows': 3}
{'ticker': 'DIA', 'mode': 'tri', 'thr': 25, 'window': 'MAX', 'order': 2, 'rows': 9}
{'ticker': 'DIA', 'mode': 'tri', 'thr': 25, 'window': 'MAX', 'order': 3, 'rows': 27}
{'ticker': 'DIA', 'mode': 'tri', 'thr': 25, 'window': 'MAX', 'order': 4, 'rows': 81}
{'ticker': 'DIA', 'mode': 'tri', 'thr': 30, 'window': '1Y', 'order': 1, 'rows': 3}
{'ticker': 'DIA', 'mode': 'tri', 'thr': 30, 'window': '1Y', 'order': 2, 'rows': 9}
{'ticker': 'DIA', 'mode': 'tri', 'thr': 30, 'window': '1Y', 'order': 3, 'rows': 27}
{'ticker': 'DIA', 'mode': 'tri', 'thr': 30, 'window': '1Y', 'order': 4, 'rows': 80}
{'ticker': 'DIA', 'mode': 'tri', 'thr': 30, 'window': '2Y', 'order': 1, 'rows': 3}
{'ticker': 'DIA', 'mode': 'tri', 'thr': 30, 'window': '2Y', 'order': 2, 'rows': 9}
{'ticker': 'DIA', 'mode': 'tri', 'thr': 30, 'window': '2Y', 'order': 3, 'rows': 27}
{'ticker': 'DIA', 'mode': 'tri', 'thr': 30, 'window': '2Y', 'order': 4, 'rows': 81}
{'ticker': 'DIA', 'mode': 'tri', 'thr': 30, 'window': '5Y', 'order': 1, 'rows': 3}
{'ticker': 'DIA', 'mode': 'tri', 'thr': 30, 'window': '5Y', 'order': 2, 'rows': 9}
{'ticker': 'DIA', 'mode': 'tri', 'thr': 30, 'window': '5Y', 'order': 3, 'rows': 27}
{'ticker': 'DIA', 'mode': 'tri', 'thr': 30, 'window': '5Y', 'order': 4, 'rows': 81}
{'ticker': 'DIA', 'mode': 'tri', 'thr': 30, 'window': '10Y', 'order': 1, 'rows': 3}
{'ticker': 'DIA', 'mode': 'tri', 'thr': 30, 'window': '10Y', 'order': 2, 'rows': 9}
{'ticker': 'DIA', 'mode': 'tri', 'thr': 30, 'window': '10Y', 'order': 3, 'rows': 27}
{'ticker': 'DIA', 'mode': 'tri', 'thr': 30, 'window': '10Y', 'order': 4, 'rows': 81}
{'ticker': 'DIA', 'mode': 'tri', 'thr': 30, 'window': '20Y', 'order': 1, 'rows': 3}
{'ticker': 'DIA', 'mode': 'tri', 'thr': 30, 'window': '20Y', 'order': 2, 'rows': 9}
{'ticker': 'DIA', 'mode': 'tri', 'thr': 30, 'window': '20Y', 'order': 3, 'rows': 27}
{'ticker': 'DIA', 'mode': 'tri', 'thr': 30, 'window': '20Y', 'order': 4, 'rows': 81}
{'ticker': 'DIA', 'mode': 'tri', 'thr': 30, 'window': 'MAX', 'order': 1, 'rows': 3}
{'ticker': 'DIA', 'mode': 'tri', 'thr': 30, 'window': 'MAX', 'order': 2, 'rows': 9}
{'ticker': 'DIA', 'mode': 'tri', 'thr': 30, 'window': 'MAX', 'order': 3, 'rows': 27}
{'ticker': 'DIA', 'mode': 'tri', 'thr': 30, 'window': 'MAX', 'order': 4, 'rows': 81}
{'ticker': 'DIA', 'mode': 'tri', 'thr': 35, 'window': '1Y', 'order': 1, 'rows': 3}
{'ticker': 'DIA', 'mode': 'tri', 'thr': 35, 'window': '1Y', 'order': 2, 'rows': 9}
{'ticker': 'DIA', 'mode': 'tri', 'thr': 35, 'window': '1Y', 'order': 3, 'rows': 27}
{'ticker': 'DIA', 'mode': 'tri', 'thr': 35, 'window': '1Y', 'order': 4, 'rows': 80}
{'ticker': 'DIA', 'mode': 'tri', 'thr': 35, 'window': '2Y', 'order': 1, 'rows': 3}
{'ticker': 'DIA', 'mode': 'tri', 'thr': 35, 'window': '2Y', 'order': 2, 'rows': 9}
{'ticker': 'DIA', 'mode': 'tri', 'thr': 35, 'window': '2Y', 'order': 3, 'rows': 27}
{'ticker': 'DIA', 'mode': 'tri', 'thr': 35, 'window': '2Y', 'order': 4, 'rows': 80}
{'ticker': 'DIA', 'mode': 'tri', 'thr': 35, 'window': '5Y', 'order': 1, 'rows': 3}
{'ticker': 'DIA', 'mode': 'tri', 'thr': 35, 'window': '5Y', 'order': 2, 'rows': 9}
{'ticker': 'DIA', 'mode': 'tri', 'thr': 35, 'window': '5Y', 'order': 3, 'rows': 27}
{'ticker': 'DIA', 'mode': 'tri', 'thr': 35, 'window': '5Y', 'order': 4, 'rows': 81}
{'ticker': 'DIA', 'mode': 'tri', 'thr': 35, 'window': '10Y', 'order': 1, 'rows': 3}
{'ticker': 'DIA', 'mode': 'tri', 'thr': 35, 'window': '10Y', 'order': 2, 'rows': 9}
{'ticker': 'DIA', 'mode': 'tri', 'thr': 35, 'window': '10Y', 'order': 3, 'rows': 27}
{'ticker': 'DIA', 'mode': 'tri', 'thr': 35, 'window': '10Y', 'order': 4, 'rows': 81}
{'ticker': 'DIA', 'mode': 'tri', 'thr': 35, 'window': '20Y', 'order': 1, 'rows': 3}
{'ticker': 'DIA', 'mode': 'tri', 'thr': 35, 'window': '20Y', 'order': 2, 'rows': 9}
{'ticker': 'DIA', 'mode': 'tri', 'thr': 35, 'window': '20Y', 'order': 3, 'rows': 27}
{'ticker': 'DIA', 'mode': 'tri', 'thr': 35, 'window': '20Y', 'order': 4, 'rows': 81}
{'ticker': 'DIA', 'mode': 'tri', 'thr': 35, 'window': 'MAX', 'order': 1, 'rows': 3}
{'ticker': 'DIA', 'mode': 'tri', 'thr': 35, 'window': 'MAX', 'order': 2, 'rows': 9}
{'ticker': 'DIA', 'mode': 'tri', 'thr': 35, 'window': 'MAX', 'order': 3, 'rows': 27}
{'ticker': 'DIA', 'mode': 'tri', 'thr': 35, 'window': 'MAX', 'order': 4, 'rows': 81}
{'ticker': 'DIA', 'mode': 'tri', 'thr': 40, 'window': '1Y', 'order': 1, 'rows': 3}
{'ticker': 'DIA', 'mode': 'tri', 'thr': 40, 'window': '1Y', 'order': 2, 'rows': 9}
{'ticker': 'DIA', 'mode': 'tri', 'thr': 40, 'window': '1Y', 'order': 3, 'rows': 27}
{'ticker': 'DIA', 'mode': 'tri', 'thr': 40, 'window': '1Y', 'order': 4, 'rows': 79}
{'ticker': 'DIA', 'mode': 'tri', 'thr': 40, 'window': '2Y', 'order': 1, 'rows': 3}
{'ticker': 'DIA', 'mode': 'tri', 'thr': 40, 'window': '2Y', 'order': 2, 'rows': 9}
{'ticker': 'DIA', 'mode': 'tri', 'thr': 40, 'window': '2Y', 'order': 3, 'rows': 27}
{'ticker': 'DIA', 'mode': 'tri', 'thr': 40, 'window': '2Y', 'order': 4, 'rows': 80}
{'ticker': 'DIA', 'mode': 'tri', 'thr': 40, 'window': '5Y', 'order': 1, 'rows': 3}
{'ticker': 'DIA', 'mode': 'tri', 'thr': 40, 'window': '5Y', 'order': 2, 'rows': 9}
{'ticker': 'DIA', 'mode': 'tri', 'thr': 40, 'window': '5Y', 'order': 3, 'rows': 27}
{'ticker': 'DIA', 'mode': 'tri', 'thr': 40, 'window': '5Y', 'order': 4, 'rows': 81}
{'ticker': 'DIA', 'mode': 'tri', 'thr': 40, 'window': '10Y', 'order': 1, 'rows': 3}
{'ticker': 'DIA', 'mode': 'tri', 'thr': 40, 'window': '10Y', 'order': 2, 'rows': 9}
{'ticker': 'DIA', 'mode': 'tri', 'thr': 40, 'window': '10Y', 'order': 3, 'rows': 27}
{'ticker': 'DIA', 'mode': 'tri', 'thr': 40, 'window': '10Y', 'order': 4, 'rows': 81}2025-11-12 11:25:31,568 INFO [cli] {'ticker': 'DIA', 'mode': 'tri', 'thr': 60, 'window': '20Y', 'order': 2, 'rows': 9}
2025-11-12 11:25:31,576 INFO [cli] {'ticker': 'DIA', 'mode': 'tri', 'thr': 60, 'window': '20Y', 'order': 3, 'rows': 27}
2025-11-12 11:25:31,587 INFO [cli] {'ticker': 'DIA', 'mode': 'tri', 'thr': 60, 'window': '20Y', 'order': 4, 'rows': 81}
2025-11-12 11:25:31,596 INFO [cli] {'ticker': 'DIA', 'mode': 'tri', 'thr': 60, 'window': 'MAX', 'order': 1, 'rows': 3}
2025-11-12 11:25:31,607 INFO [cli] {'ticker': 'DIA', 'mode': 'tri', 'thr': 60, 'window': 'MAX', 'order': 2, 'rows': 9}
2025-11-12 11:25:31,617 INFO [cli] {'ticker': 'DIA', 'mode': 'tri', 'thr': 60, 'window': 'MAX', 'order': 3, 'rows': 27}
2025-11-12 11:25:31,625 INFO [cli] {'ticker': 'DIA', 'mode': 'tri', 'thr': 60, 'window': 'MAX', 'order': 4, 'rows': 81}
2025-11-12 11:25:31,640 INFO [cli] {'ticker': 'DIA', 'mode': 'tri', 'thr': 65, 'window': '1Y', 'order': 1, 'rows': 3}
2025-11-12 11:25:31,650 INFO [cli] {'ticker': 'DIA', 'mode': 'tri', 'thr': 65, 'window': '1Y', 'order': 2, 'rows': 9}
2025-11-12 11:25:31,661 INFO [cli] {'ticker': 'DIA', 'mode': 'tri', 'thr': 65, 'window': '1Y', 'order': 3, 'rows': 26}
2025-11-12 11:25:31,671 INFO [cli] {'ticker': 'DIA', 'mode': 'tri', 'thr': 65, 'window': '1Y', 'order': 4, 'rows': 63}
2025-11-12 11:25:31,680 INFO [cli] {'ticker': 'DIA', 'mode': 'tri', 'thr': 65, 'window': '2Y', 'order': 1, 'rows': 3}
2025-11-12 11:25:31,691 INFO [cli] {'ticker': 'DIA', 'mode': 'tri', 'thr': 65, 'window': '2Y', 'order': 2, 'rows': 9}
2025-11-12 11:25:31,701 INFO [cli] {'ticker': 'DIA', 'mode': 'tri', 'thr': 65, 'window': '2Y', 'order': 3, 'rows': 27}
2025-11-12 11:25:31,720 INFO [cli] {'ticker': 'DIA', 'mode': 'tri', 'thr': 65, 'window': '2Y', 'order': 4, 'rows': 69}
2025-11-12 11:25:31,730 INFO [cli] {'ticker': 'DIA', 'mode': 'tri', 'thr': 65, 'window': '5Y', 'order': 1, 'rows': 3}
2025-11-12 11:25:31,740 INFO [cli] {'ticker': 'DIA', 'mode': 'tri', 'thr': 65, 'window': '5Y', 'order': 2, 'rows': 9}
2025-11-12 11:25:31,750 INFO [cli] {'ticker': 'DIA', 'mode': 'tri', 'thr': 65, 'window': '5Y', 'order': 3, 'rows': 27}
2025-11-12 11:25:31,759 INFO [cli] {'ticker': 'DIA', 'mode': 'tri', 'thr': 65, 'window': '5Y', 'order': 4, 'rows': 80}
2025-11-12 11:25:31,769 INFO [cli] {'ticker': 'DIA', 'mode': 'tri', 'thr': 65, 'window': '10Y', 'order': 1, 'rows': 3}
2025-11-12 11:25:31,779 INFO [cli] {'ticker': 'DIA', 'mode': 'tri', 'thr': 65, 'window': '10Y', 'order': 2, 'rows': 9}
2025-11-12 11:25:31,791 INFO [cli] {'ticker': 'DIA', 'mode': 'tri', 'thr': 65, 'window': '10Y', 'order': 3, 'rows': 27}
2025-11-12 11:25:31,800 INFO [cli] {'ticker': 'DIA', 'mode': 'tri', 'thr': 65, 'window': '10Y', 'order': 4, 'rows': 81}
2025-11-12 11:25:31,810 INFO [cli] {'ticker': 'DIA', 'mode': 'tri', 'thr': 65, 'window': '20Y', 'order': 1, 'rows': 3}
2025-11-12 11:25:31,819 INFO [cli] {'ticker': 'DIA', 'mode': 'tri', 'thr': 65, 'window': '20Y', 'order': 2, 'rows': 9}
2025-11-12 11:25:31,831 INFO [cli] {'ticker': 'DIA', 'mode': 'tri', 'thr': 65, 'window': '20Y', 'order': 3, 'rows': 27}
2025-11-12 11:25:31,841 INFO [cli] {'ticker': 'DIA', 'mode': 'tri', 'thr': 65, 'window': '20Y', 'order': 4, 'rows': 81}
2025-11-12 11:25:31,853 INFO [cli] {'ticker': 'DIA', 'mode': 'tri', 'thr': 65, 'window': 'MAX', 'order': 1, 'rows': 3}
2025-11-12 11:25:31,863 INFO [cli] {'ticker': 'DIA', 'mode': 'tri', 'thr': 65, 'window': 'MAX', 'order': 2, 'rows': 9}
2025-11-12 11:25:31,872 INFO [cli] {'ticker': 'DIA', 'mode': 'tri', 'thr': 65, 'window': 'MAX', 'order': 3, 'rows': 27}
2025-11-12 11:25:31,880 INFO [cli] {'ticker': 'DIA', 'mode': 'tri', 'thr': 65, 'window': 'MAX', 'order': 4, 'rows': 81}
2025-11-12 11:25:31,898 INFO [cli] {'ticker': 'DIA', 'mode': 'tri', 'thr': 70, 'window': '1Y', 'order': 1, 'rows': 3}
2025-11-12 11:25:31,907 INFO [cli] {'ticker': 'DIA', 'mode': 'tri', 'thr': 70, 'window': '1Y', 'order': 2, 'rows': 9}
2025-11-12 11:25:31,918 INFO [cli] {'ticker': 'DIA', 'mode': 'tri', 'thr': 70, 'window': '1Y', 'order': 3, 'rows': 26}
2025-11-12 11:25:31,928 INFO [cli] {'ticker': 'DIA', 'mode': 'tri', 'thr': 70, 'window': '1Y', 'order': 4, 'rows': 58}
2025-11-12 11:25:31,938 INFO [cli] {'ticker': 'DIA', 'mode': 'tri', 'thr': 70, 'window': '2Y', 'order': 1, 'rows': 3}
2025-11-12 11:25:31,947 INFO [cli] {'ticker': 'DIA', 'mode': 'tri', 'thr': 70, 'window': '2Y', 'order': 2, 'rows': 9}
2025-11-12 11:25:31,956 INFO [cli] {'ticker': 'DIA', 'mode': 'tri', 'thr': 70, 'window': '2Y', 'order': 3, 'rows': 26}
2025-11-12 11:25:31,966 INFO [cli] {'ticker': 'DIA', 'mode': 'tri', 'thr': 70, 'window': '2Y', 'order': 4, 'rows': 65}
2025-11-12 11:25:31,978 INFO [cli] {'ticker': 'DIA', 'mode': 'tri', 'thr': 70, 'window': '5Y', 'order': 1, 'rows': 3}
2025-11-12 11:25:31,988 INFO [cli] {'ticker': 'DIA', 'mode': 'tri', 'thr': 70, 'window': '5Y', 'order': 2, 'rows': 9}
2025-11-12 11:25:31,998 INFO [cli] {'ticker': 'DIA', 'mode': 'tri', 'thr': 70, 'window': '5Y', 'order': 3, 'rows': 27}
2025-11-12 11:25:32,007 INFO [cli] {'ticker': 'DIA', 'mode': 'tri', 'thr': 70, 'window': '5Y', 'order': 4, 'rows': 80}
2025-11-12 11:25:32,018 INFO [cli] {'ticker': 'DIA', 'mode': 'tri', 'thr': 70, 'window': '10Y', 'order': 1, 'rows': 3}
2025-11-12 11:25:32,028 INFO [cli] {'ticker': 'DIA', 'mode': 'tri', 'thr': 70, 'window': '10Y', 'order': 2, 'rows': 9}
2025-11-12 11:25:32,038 INFO [cli] {'ticker': 'DIA', 'mode': 'tri', 'thr': 70, 'window': '10Y', 'order': 3, 'rows': 27}
2025-11-12 11:25:32,047 INFO [cli] {'ticker': 'DIA', 'mode': 'tri', 'thr': 70, 'window': '10Y', 'order': 4, 'rows': 81}
2025-11-12 11:25:32,056 INFO [cli] {'ticker': 'DIA', 'mode': 'tri', 'thr': 70, 'window': '20Y', 'order': 1, 'rows': 3}
2025-11-12 11:25:32,065 INFO [cli] {'ticker': 'DIA', 'mode': 'tri', 'thr': 70, 'window': '20Y', 'order': 2, 'rows': 9}
2025-11-12 11:25:32,074 INFO [cli] {'ticker': 'DIA', 'mode': 'tri', 'thr': 70, 'window': '20Y', 'order': 3, 'rows': 27}
2025-11-12 11:25:32,082 INFO [cli] {'ticker': 'DIA', 'mode': 'tri', 'thr': 70, 'window': '20Y', 'order': 4, 'rows': 81}
2025-11-12 11:25:32,091 INFO [cli] {'ticker': 'DIA', 'mode': 'tri', 'thr': 70, 'window': 'MAX', 'order': 1, 'rows': 3}
2025-11-12 11:25:32,100 INFO [cli] {'ticker': 'DIA', 'mode': 'tri', 'thr': 70, 'window': 'MAX', 'order': 2, 'rows': 9}
2025-11-12 11:25:32,106 INFO [cli] {'ticker': 'DIA', 'mode': 'tri', 'thr': 70, 'window': 'MAX', 'order': 3, 'rows': 27}
2025-11-12 11:25:32,116 INFO [cli] {'ticker': 'DIA', 'mode': 'tri', 'thr': 70, 'window': 'MAX', 'order': 4, 'rows': 81}
2025-11-12 11:25:32,131 INFO [cli] {'ticker': 'DIA', 'mode': 'tri', 'thr': 75, 'window': '1Y', 'order': 1, 'rows': 3}
2025-11-12 11:25:32,140 INFO [cli] {'ticker': 'DIA', 'mode': 'tri', 'thr': 75, 'window': '1Y', 'order': 2, 'rows': 9}
2025-11-12 11:25:32,149 INFO [cli] {'ticker': 'DIA', 'mode': 'tri', 'thr': 75, 'window': '1Y', 'order': 3, 'rows': 26}
2025-11-12 11:25:32,157 INFO [cli] {'ticker': 'DIA', 'mode': 'tri', 'thr': 75, 'window': '1Y', 'order': 4, 'rows': 57}
2025-11-12 11:25:32,168 INFO [cli] {'ticker': 'DIA', 'mode': 'tri', 'thr': 75, 'window': '2Y', 'order': 1, 'rows': 3}
2025-11-12 11:25:32,180 INFO [cli] {'ticker': 'DIA', 'mode': 'tri', 'thr': 75, 'window': '2Y', 'order': 2, 'rows': 9}
2025-11-12 11:25:32,187 INFO [cli] {'ticker': 'DIA', 'mode': 'tri', 'thr': 75, 'window': '2Y', 'order': 3, 'rows': 26}
2025-11-12 11:25:32,195 INFO [cli] {'ticker': 'DIA', 'mode': 'tri', 'thr': 75, 'window': '2Y', 'order': 4, 'rows': 62}
2025-11-12 11:25:32,202 INFO [cli] {'ticker': 'DIA', 'mode': 'tri', 'thr': 75, 'window': '5Y', 'order': 1, 'rows': 3}
2025-11-12 11:25:32,209 INFO [cli] {'ticker': 'DIA', 'mode': 'tri', 'thr': 75, 'window': '5Y', 'order': 2, 'rows': 9}
2025-11-12 11:25:32,216 INFO [cli] {'ticker': 'DIA', 'mode': 'tri', 'thr': 75, 'window': '5Y', 'order': 3, 'rows': 27}
2025-11-12 11:25:32,226 INFO [cli] {'ticker': 'DIA', 'mode': 'tri', 'thr': 75, 'window': '5Y', 'order': 4, 'rows': 78}
2025-11-12 11:25:32,240 INFO [cli] {'ticker': 'DIA', 'mode': 'tri', 'thr': 75, 'window': '10Y', 'order': 1, 'rows': 3}
2025-11-12 11:25:32,249 INFO [cli] {'ticker': 'DIA', 'mode': 'tri', 'thr': 75, 'window': '10Y', 'order': 2, 'rows': 9}
2025-11-12 11:25:32,257 INFO [cli] {'ticker': 'DIA', 'mode': 'tri', 'thr': 75, 'window': '10Y', 'order': 3, 'rows': 27}
2025-11-12 11:25:32,265 INFO [cli] {'ticker': 'DIA', 'mode': 'tri', 'thr': 75, 'window': '10Y', 'order': 4, 'rows': 81}
2025-11-12 11:25:32,274 INFO [cli] {'ticker': 'DIA', 'mode': 'tri', 'thr': 75, 'window': '20Y', 'order': 1, 'rows': 3}
2025-11-12 11:25:32,283 INFO [cli] {'ticker': 'DIA', 'mode': 'tri', 'thr': 75, 'window': '20Y', 'order': 2, 'rows': 9}
2025-11-12 11:25:32,292 INFO [cli] {'ticker': 'DIA', 'mode': 'tri', 'thr': 75, 'window': '20Y', 'order': 3, 'rows': 27}
2025-11-12 11:25:32,303 INFO [cli] {'ticker': 'DIA', 'mode': 'tri', 'thr': 75, 'window': '20Y', 'order': 4, 'rows': 81}
2025-11-12 11:25:32,311 INFO [cli] {'ticker': 'DIA', 'mode': 'tri', 'thr': 75, 'window': 'MAX', 'order': 1, 'rows': 3}
2025-11-12 11:25:32,318 INFO [cli] {'ticker': 'DIA', 'mode': 'tri', 'thr': 75, 'window': 'MAX', 'order': 2, 'rows': 9}
2025-11-12 11:25:32,327 INFO [cli] {'ticker': 'DIA', 'mode': 'tri', 'thr': 75, 'window': 'MAX', 'order': 3, 'rows': 27}
2025-11-12 11:25:32,335 INFO [cli] {'ticker': 'DIA', 'mode': 'tri', 'thr': 75, 'window': 'MAX', 'order': 4, 'rows': 81}
2025-11-12 11:25:32,354 INFO [cli] {'ticker': 'DIA', 'mode': 'tri', 'thr': 80, 'window': '1Y', 'order': 1, 'rows': 3}
2025-11-12 11:25:32,364 INFO [cli] {'ticker': 'DIA', 'mode': 'tri', 'thr': 80, 'window': '1Y', 'order': 2, 'rows': 9}
2025-11-12 11:25:32,373 INFO [cli] {'ticker': 'DIA', 'mode': 'tri', 'thr': 80, 'window': '1Y', 'order': 3, 'rows': 26}
2025-11-12 11:25:32,381 INFO [cli] {'ticker': 'DIA', 'mode': 'tri', 'thr': 80, 'window': '1Y', 'order': 4, 'rows': 52}
2025-11-12 11:25:32,391 INFO [cli] {'ticker': 'DIA', 'mode': 'tri', 'thr': 80, 'window': '2Y', 'order': 1, 'rows': 3}
2025-11-12 11:25:32,400 INFO [cli] {'ticker': 'DIA', 'mode': 'tri', 'thr': 80, 'window': '2Y', 'order': 2, 'rows': 9}
2025-11-12 11:25:32,408 INFO [cli] {'ticker': 'DIA', 'mode': 'tri', 'thr': 80, 'window': '2Y', 'order': 3, 'rows': 26}
2025-11-12 11:25:32,417 INFO [cli] {'ticker': 'DIA', 'mode': 'tri', 'thr': 80, 'window': '2Y', 'order': 4, 'rows': 60}
2025-11-12 11:25:32,426 INFO [cli] {'ticker': 'DIA', 'mode': 'tri', 'thr': 80, 'window': '5Y', 'order': 1, 'rows': 3}
2025-11-12 11:25:32,436 INFO [cli] {'ticker': 'DIA', 'mode': 'tri', 'thr': 80, 'window': '5Y', 'order': 2, 'rows': 9}
2025-11-12 11:25:32,446 INFO [cli] {'ticker': 'DIA', 'mode': 'tri', 'thr': 80, 'window': '5Y', 'order': 3, 'rows': 27}
2025-11-12 11:25:32,455 INFO [cli] {'ticker': 'DIA', 'mode': 'tri', 'thr': 80, 'window': '5Y', 'order': 4, 'rows': 78}
2025-11-12 11:25:32,467 INFO [cli] {'ticker': 'DIA', 'mode': 'tri', 'thr': 80, 'window': '10Y', 'order': 1, 'rows': 3}
2025-11-12 11:25:32,477 INFO [cli] {'ticker': 'DIA', 'mode': 'tri', 'thr': 80, 'window': '10Y', 'order': 2, 'rows': 9}
2025-11-12 11:25:32,486 INFO [cli] {'ticker': 'DIA', 'mode': 'tri', 'thr': 80, 'window': '10Y', 'order': 3, 'rows': 27}
2025-11-12 11:25:32,494 INFO [cli] {'ticker': 'DIA', 'mode': 'tri', 'thr': 80, 'window': '10Y', 'order': 4, 'rows': 81}
2025-11-12 11:25:32,503 INFO [cli] {'ticker': 'DIA', 'mode': 'tri', 'thr': 80, 'window': '20Y', 'order': 1, 'rows': 3}
2025-11-12 11:25:32,511 INFO [cli] {'ticker': 'DIA', 'mode': 'tri', 'thr': 80, 'window': '20Y', 'order': 2, 'rows': 9}
2025-11-12 11:25:32,518 INFO [cli] {'ticker': 'DIA', 'mode': 'tri', 'thr': 80, 'window': '20Y', 'order': 3, 'rows': 27}

{'ticker': 'DIA', 'mode': 'tri', 'thr': 40, 'window': '20Y', 'order': 1, 'rows': 3}
{'ticker': 'DIA', 'mode': 'tri', 'thr': 40, 'window': '20Y', 'order': 2, 'rows': 9}
{'ticker': 'DIA', 'mode': 'tri', 'thr': 40, 'window': '20Y', 'order': 3, 'rows': 27}
{'ticker': 'DIA', 'mode': 'tri', 'thr': 40, 'window': '20Y', 'order': 4, 'rows': 81}
{'ticker': 'DIA', 'mode': 'tri', 'thr': 40, 'window': 'MAX', 'order': 1, 'rows': 3}
{'ticker': 'DIA', 'mode': 'tri', 'thr': 40, 'window': 'MAX', 'order': 2, 'rows': 9}
{'ticker': 'DIA', 'mode': 'tri', 'thr': 40, 'window': 'MAX', 'order': 3, 'rows': 27}
{'ticker': 'DIA', 'mode': 'tri', 'thr': 40, 'window': 'MAX', 'order': 4, 'rows': 81}
{'ticker': 'DIA', 'mode': 'tri', 'thr': 45, 'window': '1Y', 'order': 1, 'rows': 3}
{'ticker': 'DIA', 'mode': 'tri', 'thr': 45, 'window': '1Y', 'order': 2, 'rows': 9}
{'ticker': 'DIA', 'mode': 'tri', 'thr': 45, 'window': '1Y', 'order': 3, 'rows': 27}
{'ticker': 'DIA', 'mode': 'tri', 'thr': 45, 'window': '1Y', 'order': 4, 'rows': 77}
{'ticker': 'DIA', 'mode': 'tri', 'thr': 45, 'window': '2Y', 'order': 1, 'rows': 3}
{'ticker': 'DIA', 'mode': 'tri', 'thr': 45, 'window': '2Y', 'order': 2, 'rows': 9}
{'ticker': 'DIA', 'mode': 'tri', 'thr': 45, 'window': '2Y', 'order': 3, 'rows': 27}
{'ticker': 'DIA', 'mode': 'tri', 'thr': 45, 'window': '2Y', 'order': 4, 'rows': 80}
{'ticker': 'DIA', 'mode': 'tri', 'thr': 45, 'window': '5Y', 'order': 1, 'rows': 3}
{'ticker': 'DIA', 'mode': 'tri', 'thr': 45, 'window': '5Y', 'order': 2, 'rows': 9}
{'ticker': 'DIA', 'mode': 'tri', 'thr': 45, 'window': '5Y', 'order': 3, 'rows': 27}
{'ticker': 'DIA', 'mode': 'tri', 'thr': 45, 'window': '5Y', 'order': 4, 'rows': 81}
{'ticker': 'DIA', 'mode': 'tri', 'thr': 45, 'window': '10Y', 'order': 1, 'rows': 3}
{'ticker': 'DIA', 'mode': 'tri', 'thr': 45, 'window': '10Y', 'order': 2, 'rows': 9}
{'ticker': 'DIA', 'mode': 'tri', 'thr': 45, 'window': '10Y', 'order': 3, 'rows': 27}
{'ticker': 'DIA', 'mode': 'tri', 'thr': 45, 'window': '10Y', 'order': 4, 'rows': 81}
{'ticker': 'DIA', 'mode': 'tri', 'thr': 45, 'window': '20Y', 'order': 1, 'rows': 3}
{'ticker': 'DIA', 'mode': 'tri', 'thr': 45, 'window': '20Y', 'order': 2, 'rows': 9}
{'ticker': 'DIA', 'mode': 'tri', 'thr': 45, 'window': '20Y', 'order': 3, 'rows': 27}
{'ticker': 'DIA', 'mode': 'tri', 'thr': 45, 'window': '20Y', 'order': 4, 'rows': 81}
{'ticker': 'DIA', 'mode': 'tri', 'thr': 45, 'window': 'MAX', 'order': 1, 'rows': 3}
{'ticker': 'DIA', 'mode': 'tri', 'thr': 45, 'window': 'MAX', 'order': 2, 'rows': 9}
{'ticker': 'DIA', 'mode': 'tri', 'thr': 45, 'window': 'MAX', 'order': 3, 'rows': 27}
{'ticker': 'DIA', 'mode': 'tri', 'thr': 45, 'window': 'MAX', 'order': 4, 'rows': 81}
{'ticker': 'DIA', 'mode': 'tri', 'thr': 50, 'window': '1Y', 'order': 1, 'rows': 3}
{'ticker': 'DIA', 'mode': 'tri', 'thr': 50, 'window': '1Y', 'order': 2, 'rows': 9}
{'ticker': 'DIA', 'mode': 'tri', 'thr': 50, 'window': '1Y', 'order': 3, 'rows': 27}
{'ticker': 'DIA', 'mode': 'tri', 'thr': 50, 'window': '1Y', 'order': 4, 'rows': 72}
{'ticker': 'DIA', 'mode': 'tri', 'thr': 50, 'window': '2Y', 'order': 1, 'rows': 3}
{'ticker': 'DIA', 'mode': 'tri', 'thr': 50, 'window': '2Y', 'order': 2, 'rows': 9}
{'ticker': 'DIA', 'mode': 'tri', 'thr': 50, 'window': '2Y', 'order': 3, 'rows': 27}
{'ticker': 'DIA', 'mode': 'tri', 'thr': 50, 'window': '2Y', 'order': 4, 'rows': 78}
{'ticker': 'DIA', 'mode': 'tri', 'thr': 50, 'window': '5Y', 'order': 1, 'rows': 3}
{'ticker': 'DIA', 'mode': 'tri', 'thr': 50, 'window': '5Y', 'order': 2, 'rows': 9}
{'ticker': 'DIA', 'mode': 'tri', 'thr': 50, 'window': '5Y', 'order': 3, 'rows': 27}
{'ticker': 'DIA', 'mode': 'tri', 'thr': 50, 'window': '5Y', 'order': 4, 'rows': 81}
{'ticker': 'DIA', 'mode': 'tri', 'thr': 50, 'window': '10Y', 'order': 1, 'rows': 3}
{'ticker': 'DIA', 'mode': 'tri', 'thr': 50, 'window': '10Y', 'order': 2, 'rows': 9}
{'ticker': 'DIA', 'mode': 'tri', 'thr': 50, 'window': '10Y', 'order': 3, 'rows': 27}
{'ticker': 'DIA', 'mode': 'tri', 'thr': 50, 'window': '10Y', 'order': 4, 'rows': 81}
{'ticker': 'DIA', 'mode': 'tri', 'thr': 50, 'window': '20Y', 'order': 1, 'rows': 3}
{'ticker': 'DIA', 'mode': 'tri', 'thr': 50, 'window': '20Y', 'order': 2, 'rows': 9}
{'ticker': 'DIA', 'mode': 'tri', 'thr': 50, 'window': '20Y', 'order': 3, 'rows': 27}
{'ticker': 'DIA', 'mode': 'tri', 'thr': 50, 'window': '20Y', 'order': 4, 'rows': 81}
{'ticker': 'DIA', 'mode': 'tri', 'thr': 50, 'window': 'MAX', 'order': 1, 'rows': 3}
{'ticker': 'DIA', 'mode': 'tri', 'thr': 50, 'window': 'MAX', 'order': 2, 'rows': 9}
{'ticker': 'DIA', 'mode': 'tri', 'thr': 50, 'window': 'MAX', 'order': 3, 'rows': 27}
{'ticker': 'DIA', 'mode': 'tri', 'thr': 50, 'window': 'MAX', 'order': 4, 'rows': 81}
{'ticker': 'DIA', 'mode': 'tri', 'thr': 55, 'window': '1Y', 'order': 1, 'rows': 3}
{'ticker': 'DIA', 'mode': 'tri', 'thr': 55, 'window': '1Y', 'order': 2, 'rows': 9}
{'ticker': 'DIA', 'mode': 'tri', 'thr': 55, 'window': '1Y', 'order': 3, 'rows': 27}
{'ticker': 'DIA', 'mode': 'tri', 'thr': 55, 'window': '1Y', 'order': 4, 'rows': 73}
{'ticker': 'DIA', 'mode': 'tri', 'thr': 55, 'window': '2Y', 'order': 1, 'rows': 3}
{'ticker': 'DIA', 'mode': 'tri', 'thr': 55, 'window': '2Y', 'order': 2, 'rows': 9}
{'ticker': 'DIA', 'mode': 'tri', 'thr': 55, 'window': '2Y', 'order': 3, 'rows': 27}
{'ticker': 'DIA', 'mode': 'tri', 'thr': 55, 'window': '2Y', 'order': 4, 'rows': 78}
{'ticker': 'DIA', 'mode': 'tri', 'thr': 55, 'window': '5Y', 'order': 1, 'rows': 3}
{'ticker': 'DIA', 'mode': 'tri', 'thr': 55, 'window': '5Y', 'order': 2, 'rows': 9}
{'ticker': 'DIA', 'mode': 'tri', 'thr': 55, 'window': '5Y', 'order': 3, 'rows': 27}
{'ticker': 'DIA', 'mode': 'tri', 'thr': 55, 'window': '5Y', 'order': 4, 'rows': 81}
{'ticker': 'DIA', 'mode': 'tri', 'thr': 55, 'window': '10Y', 'order': 1, 'rows': 3}
{'ticker': 'DIA', 'mode': 'tri', 'thr': 55, 'window': '10Y', 'order': 2, 'rows': 9}
{'ticker': 'DIA', 'mode': 'tri', 'thr': 55, 'window': '10Y', 'order': 3, 'rows': 27}
{'ticker': 'DIA', 'mode': 'tri', 'thr': 55, 'window': '10Y', 'order': 4, 'rows': 81}
{'ticker': 'DIA', 'mode': 'tri', 'thr': 55, 'window': '20Y', 'order': 1, 'rows': 3}
{'ticker': 'DIA', 'mode': 'tri', 'thr': 55, 'window': '20Y', 'order': 2, 'rows': 9}
{'ticker': 'DIA', 'mode': 'tri', 'thr': 55, 'window': '20Y', 'order': 3, 'rows': 27}
{'ticker': 'DIA', 'mode': 'tri', 'thr': 55, 'window': '20Y', 'order': 4, 'rows': 81}
{'ticker': 'DIA', 'mode': 'tri', 'thr': 55, 'window': 'MAX', 'order': 1, 'rows': 3}
{'ticker': 'DIA', 'mode': 'tri', 'thr': 55, 'window': 'MAX', 'order': 2, 'rows': 9}
{'ticker': 'DIA', 'mode': 'tri', 'thr': 55, 'window': 'MAX', 'order': 3, 'rows': 27}
{'ticker': 'DIA', 'mode': 'tri', 'thr': 55, 'window': 'MAX', 'order': 4, 'rows': 81}
{'ticker': 'DIA', 'mode': 'tri', 'thr': 60, 'window': '1Y', 'order': 1, 'rows': 3}
{'ticker': 'DIA', 'mode': 'tri', 'thr': 60, 'window': '1Y', 'order': 2, 'rows': 9}
{'ticker': 'DIA', 'mode': 'tri', 'thr': 60, 'window': '1Y', 'order': 3, 'rows': 27}
{'ticker': 'DIA', 'mode': 'tri', 'thr': 60, 'window': '1Y', 'order': 4, 'rows': 71}
{'ticker': 'DIA', 'mode': 'tri', 'thr': 60, 'window': '2Y', 'order': 1, 'rows': 3}
{'ticker': 'DIA', 'mode': 'tri', 'thr': 60, 'window': '2Y', 'order': 2, 'rows': 9}
{'ticker': 'DIA', 'mode': 'tri', 'thr': 60, 'window': '2Y', 'order': 3, 'rows': 27}
{'ticker': 'DIA', 'mode': 'tri', 'thr': 60, 'window': '2Y', 'order': 4, 'rows': 74}
{'ticker': 'DIA', 'mode': 'tri', 'thr': 60, 'window': '5Y', 'order': 1, 'rows': 3}
{'ticker': 'DIA', 'mode': 'tri', 'thr': 60, 'window': '5Y', 'order': 2, 'rows': 9}
{'ticker': 'DIA', 'mode': 'tri', 'thr': 60, 'window': '5Y', 'order': 3, 'rows': 27}
{'ticker': 'DIA', 'mode': 'tri', 'thr': 60, 'window': '5Y', 'order': 4, 'rows': 81}
{'ticker': 'DIA', 'mode': 'tri', 'thr': 60, 'window': '10Y', 'order': 1, 'rows': 3}
{'ticker': 'DIA', 'mode': 'tri', 'thr': 60, 'window': '10Y', 'order': 2, 'rows': 9}
{'ticker': 'DIA', 'mode': 'tri', 'thr': 60, 'window': '10Y', 'order': 3, 'rows': 27}
{'ticker': 'DIA', 'mode': 'tri', 'thr': 60, 'window': '10Y', 'order': 4, 'rows': 81}
{'ticker': 'DIA', 'mode': 'tri', 'thr': 60, 'window': '20Y', 'order': 1, 'rows': 3}
{'ticker': 'DIA', 'mode': 'tri', 'thr': 60, 'window': '20Y', 'order': 2, 'rows': 9}2025-11-12 11:25:32,528 INFO [cli] {'ticker': 'DIA', 'mode': 'tri', 'thr': 80, 'window': '20Y', 'order': 4, 'rows': 81}
2025-11-12 11:25:32,536 INFO [cli] {'ticker': 'DIA', 'mode': 'tri', 'thr': 80, 'window': 'MAX', 'order': 1, 'rows': 3}
2025-11-12 11:25:32,546 INFO [cli] {'ticker': 'DIA', 'mode': 'tri', 'thr': 80, 'window': 'MAX', 'order': 2, 'rows': 9}
2025-11-12 11:25:32,558 INFO [cli] {'ticker': 'DIA', 'mode': 'tri', 'thr': 80, 'window': 'MAX', 'order': 3, 'rows': 27}
2025-11-12 11:25:32,566 INFO [cli] {'ticker': 'DIA', 'mode': 'tri', 'thr': 80, 'window': 'MAX', 'order': 4, 'rows': 81}
2025-11-12 11:25:32,580 INFO [cli] {'ticker': 'DIA', 'mode': 'tri', 'thr': 85, 'window': '1Y', 'order': 1, 'rows': 3}
2025-11-12 11:25:32,590 INFO [cli] {'ticker': 'DIA', 'mode': 'tri', 'thr': 85, 'window': '1Y', 'order': 2, 'rows': 9}
2025-11-12 11:25:32,599 INFO [cli] {'ticker': 'DIA', 'mode': 'tri', 'thr': 85, 'window': '1Y', 'order': 3, 'rows': 26}
2025-11-12 11:25:32,609 INFO [cli] {'ticker': 'DIA', 'mode': 'tri', 'thr': 85, 'window': '1Y', 'order': 4, 'rows': 54}
2025-11-12 11:25:32,618 INFO [cli] {'ticker': 'DIA', 'mode': 'tri', 'thr': 85, 'window': '2Y', 'order': 1, 'rows': 3}
2025-11-12 11:25:32,626 INFO [cli] {'ticker': 'DIA', 'mode': 'tri', 'thr': 85, 'window': '2Y', 'order': 2, 'rows': 9}
2025-11-12 11:25:32,637 INFO [cli] {'ticker': 'DIA', 'mode': 'tri', 'thr': 85, 'window': '2Y', 'order': 3, 'rows': 26}
2025-11-12 11:25:32,649 INFO [cli] {'ticker': 'DIA', 'mode': 'tri', 'thr': 85, 'window': '2Y', 'order': 4, 'rows': 58}
2025-11-12 11:25:32,667 INFO [cli] {'ticker': 'DIA', 'mode': 'tri', 'thr': 85, 'window': '5Y', 'order': 1, 'rows': 3}
2025-11-12 11:25:32,675 INFO [cli] {'ticker': 'DIA', 'mode': 'tri', 'thr': 85, 'window': '5Y', 'order': 2, 'rows': 9}
2025-11-12 11:25:32,684 INFO [cli] {'ticker': 'DIA', 'mode': 'tri', 'thr': 85, 'window': '5Y', 'order': 3, 'rows': 27}
2025-11-12 11:25:32,693 INFO [cli] {'ticker': 'DIA', 'mode': 'tri', 'thr': 85, 'window': '5Y', 'order': 4, 'rows': 76}
2025-11-12 11:25:32,701 INFO [cli] {'ticker': 'DIA', 'mode': 'tri', 'thr': 85, 'window': '10Y', 'order': 1, 'rows': 3}
2025-11-12 11:25:32,708 INFO [cli] {'ticker': 'DIA', 'mode': 'tri', 'thr': 85, 'window': '10Y', 'order': 2, 'rows': 9}
2025-11-12 11:25:32,717 INFO [cli] {'ticker': 'DIA', 'mode': 'tri', 'thr': 85, 'window': '10Y', 'order': 3, 'rows': 27}
2025-11-12 11:25:32,727 INFO [cli] {'ticker': 'DIA', 'mode': 'tri', 'thr': 85, 'window': '10Y', 'order': 4, 'rows': 81}
2025-11-12 11:25:32,737 INFO [cli] {'ticker': 'DIA', 'mode': 'tri', 'thr': 85, 'window': '20Y', 'order': 1, 'rows': 3}
2025-11-12 11:25:32,745 INFO [cli] {'ticker': 'DIA', 'mode': 'tri', 'thr': 85, 'window': '20Y', 'order': 2, 'rows': 9}
2025-11-12 11:25:32,755 INFO [cli] {'ticker': 'DIA', 'mode': 'tri', 'thr': 85, 'window': '20Y', 'order': 3, 'rows': 27}
2025-11-12 11:25:32,767 INFO [cli] {'ticker': 'DIA', 'mode': 'tri', 'thr': 85, 'window': '20Y', 'order': 4, 'rows': 81}
2025-11-12 11:25:32,778 INFO [cli] {'ticker': 'DIA', 'mode': 'tri', 'thr': 85, 'window': 'MAX', 'order': 1, 'rows': 3}
2025-11-12 11:25:32,788 INFO [cli] {'ticker': 'DIA', 'mode': 'tri', 'thr': 85, 'window': 'MAX', 'order': 2, 'rows': 9}
2025-11-12 11:25:32,798 INFO [cli] {'ticker': 'DIA', 'mode': 'tri', 'thr': 85, 'window': 'MAX', 'order': 3, 'rows': 27}
2025-11-12 11:25:32,806 INFO [cli] {'ticker': 'DIA', 'mode': 'tri', 'thr': 85, 'window': 'MAX', 'order': 4, 'rows': 81}
2025-11-12 11:25:32,822 INFO [cli] {'ticker': 'DIA', 'mode': 'tri', 'thr': 90, 'window': '1Y', 'order': 1, 'rows': 3}
2025-11-12 11:25:32,831 INFO [cli] {'ticker': 'DIA', 'mode': 'tri', 'thr': 90, 'window': '1Y', 'order': 2, 'rows': 9}
2025-11-12 11:25:32,841 INFO [cli] {'ticker': 'DIA', 'mode': 'tri', 'thr': 90, 'window': '1Y', 'order': 3, 'rows': 26}
2025-11-12 11:25:32,851 INFO [cli] {'ticker': 'DIA', 'mode': 'tri', 'thr': 90, 'window': '1Y', 'order': 4, 'rows': 51}
2025-11-12 11:25:32,859 INFO [cli] {'ticker': 'DIA', 'mode': 'tri', 'thr': 90, 'window': '2Y', 'order': 1, 'rows': 3}
2025-11-12 11:25:32,870 INFO [cli] {'ticker': 'DIA', 'mode': 'tri', 'thr': 90, 'window': '2Y', 'order': 2, 'rows': 9}
2025-11-12 11:25:32,880 INFO [cli] {'ticker': 'DIA', 'mode': 'tri', 'thr': 90, 'window': '2Y', 'order': 3, 'rows': 26}
2025-11-12 11:25:32,891 INFO [cli] {'ticker': 'DIA', 'mode': 'tri', 'thr': 90, 'window': '2Y', 'order': 4, 'rows': 54}
2025-11-12 11:25:32,898 INFO [cli] {'ticker': 'DIA', 'mode': 'tri', 'thr': 90, 'window': '5Y', 'order': 1, 'rows': 3}
2025-11-12 11:25:32,905 INFO [cli] {'ticker': 'DIA', 'mode': 'tri', 'thr': 90, 'window': '5Y', 'order': 2, 'rows': 9}
2025-11-12 11:25:32,914 INFO [cli] {'ticker': 'DIA', 'mode': 'tri', 'thr': 90, 'window': '5Y', 'order': 3, 'rows': 27}
2025-11-12 11:25:32,924 INFO [cli] {'ticker': 'DIA', 'mode': 'tri', 'thr': 90, 'window': '5Y', 'order': 4, 'rows': 72}
2025-11-12 11:25:32,932 INFO [cli] {'ticker': 'DIA', 'mode': 'tri', 'thr': 90, 'window': '10Y', 'order': 1, 'rows': 3}
2025-11-12 11:25:32,941 INFO [cli] {'ticker': 'DIA', 'mode': 'tri', 'thr': 90, 'window': '10Y', 'order': 2, 'rows': 9}
2025-11-12 11:25:32,949 INFO [cli] {'ticker': 'DIA', 'mode': 'tri', 'thr': 90, 'window': '10Y', 'order': 3, 'rows': 27}
2025-11-12 11:25:32,957 INFO [cli] {'ticker': 'DIA', 'mode': 'tri', 'thr': 90, 'window': '10Y', 'order': 4, 'rows': 81}
2025-11-12 11:25:32,965 INFO [cli] {'ticker': 'DIA', 'mode': 'tri', 'thr': 90, 'window': '20Y', 'order': 1, 'rows': 3}
2025-11-12 11:25:32,974 INFO [cli] {'ticker': 'DIA', 'mode': 'tri', 'thr': 90, 'window': '20Y', 'order': 2, 'rows': 9}
2025-11-12 11:25:32,983 INFO [cli] {'ticker': 'DIA', 'mode': 'tri', 'thr': 90, 'window': '20Y', 'order': 3, 'rows': 27}
2025-11-12 11:25:32,993 INFO [cli] {'ticker': 'DIA', 'mode': 'tri', 'thr': 90, 'window': '20Y', 'order': 4, 'rows': 81}
2025-11-12 11:25:33,001 INFO [cli] {'ticker': 'DIA', 'mode': 'tri', 'thr': 90, 'window': 'MAX', 'order': 1, 'rows': 3}
2025-11-12 11:25:33,009 INFO [cli] {'ticker': 'DIA', 'mode': 'tri', 'thr': 90, 'window': 'MAX', 'order': 2, 'rows': 9}
2025-11-12 11:25:33,020 INFO [cli] {'ticker': 'DIA', 'mode': 'tri', 'thr': 90, 'window': 'MAX', 'order': 3, 'rows': 27}
2025-11-12 11:25:33,030 INFO [cli] {'ticker': 'DIA', 'mode': 'tri', 'thr': 90, 'window': 'MAX', 'order': 4, 'rows': 81}
2025-11-12 11:25:33,047 INFO [cli] {'ticker': 'DIA', 'mode': 'tri', 'thr': 95, 'window': '1Y', 'order': 1, 'rows': 3}
2025-11-12 11:25:33,054 INFO [cli] {'ticker': 'DIA', 'mode': 'tri', 'thr': 95, 'window': '1Y', 'order': 2, 'rows': 9}
2025-11-12 11:25:33,062 INFO [cli] {'ticker': 'DIA', 'mode': 'tri', 'thr': 95, 'window': '1Y', 'order': 3, 'rows': 25}
2025-11-12 11:25:33,071 INFO [cli] {'ticker': 'DIA', 'mode': 'tri', 'thr': 95, 'window': '1Y', 'order': 4, 'rows': 45}
2025-11-12 11:25:33,079 INFO [cli] {'ticker': 'DIA', 'mode': 'tri', 'thr': 95, 'window': '2Y', 'order': 1, 'rows': 3}
2025-11-12 11:25:33,090 INFO [cli] {'ticker': 'DIA', 'mode': 'tri', 'thr': 95, 'window': '2Y', 'order': 2, 'rows': 9}
2025-11-12 11:25:33,100 INFO [cli] {'ticker': 'DIA', 'mode': 'tri', 'thr': 95, 'window': '2Y', 'order': 3, 'rows': 26}
2025-11-12 11:25:33,110 INFO [cli] {'ticker': 'DIA', 'mode': 'tri', 'thr': 95, 'window': '2Y', 'order': 4, 'rows': 50}
2025-11-12 11:25:33,119 INFO [cli] {'ticker': 'DIA', 'mode': 'tri', 'thr': 95, 'window': '5Y', 'order': 1, 'rows': 3}
2025-11-12 11:25:33,128 INFO [cli] {'ticker': 'DIA', 'mode': 'tri', 'thr': 95, 'window': '5Y', 'order': 2, 'rows': 9}
2025-11-12 11:25:33,137 INFO [cli] {'ticker': 'DIA', 'mode': 'tri', 'thr': 95, 'window': '5Y', 'order': 3, 'rows': 27}
2025-11-12 11:25:33,145 INFO [cli] {'ticker': 'DIA', 'mode': 'tri', 'thr': 95, 'window': '5Y', 'order': 4, 'rows': 70}
2025-11-12 11:25:33,153 INFO [cli] {'ticker': 'DIA', 'mode': 'tri', 'thr': 95, 'window': '10Y', 'order': 1, 'rows': 3}
2025-11-12 11:25:33,162 INFO [cli] {'ticker': 'DIA', 'mode': 'tri', 'thr': 95, 'window': '10Y', 'order': 2, 'rows': 9}
2025-11-12 11:25:33,171 INFO [cli] {'ticker': 'DIA', 'mode': 'tri', 'thr': 95, 'window': '10Y', 'order': 3, 'rows': 27}
2025-11-12 11:25:33,182 INFO [cli] {'ticker': 'DIA', 'mode': 'tri', 'thr': 95, 'window': '10Y', 'order': 4, 'rows': 81}
2025-11-12 11:25:33,191 INFO [cli] {'ticker': 'DIA', 'mode': 'tri', 'thr': 95, 'window': '20Y', 'order': 1, 'rows': 3}
2025-11-12 11:25:33,200 INFO [cli] {'ticker': 'DIA', 'mode': 'tri', 'thr': 95, 'window': '20Y', 'order': 2, 'rows': 9}
2025-11-12 11:25:33,207 INFO [cli] {'ticker': 'DIA', 'mode': 'tri', 'thr': 95, 'window': '20Y', 'order': 3, 'rows': 27}
2025-11-12 11:25:33,218 INFO [cli] {'ticker': 'DIA', 'mode': 'tri', 'thr': 95, 'window': '20Y', 'order': 4, 'rows': 81}
2025-11-12 11:25:33,228 INFO [cli] {'ticker': 'DIA', 'mode': 'tri', 'thr': 95, 'window': 'MAX', 'order': 1, 'rows': 3}
2025-11-12 11:25:33,236 INFO [cli] {'ticker': 'DIA', 'mode': 'tri', 'thr': 95, 'window': 'MAX', 'order': 2, 'rows': 9}
2025-11-12 11:25:33,245 INFO [cli] {'ticker': 'DIA', 'mode': 'tri', 'thr': 95, 'window': 'MAX', 'order': 3, 'rows': 27}
2025-11-12 11:25:33,253 INFO [cli] {'ticker': 'DIA', 'mode': 'tri', 'thr': 95, 'window': 'MAX', 'order': 4, 'rows': 81}
2025-11-12 11:25:33,268 INFO [cli] {'ticker': 'DIA', 'mode': 'tri', 'thr': 100, 'window': '1Y', 'order': 1, 'rows': 3}
2025-11-12 11:25:33,279 INFO [cli] {'ticker': 'DIA', 'mode': 'tri', 'thr': 100, 'window': '1Y', 'order': 2, 'rows': 9}
2025-11-12 11:25:33,288 INFO [cli] {'ticker': 'DIA', 'mode': 'tri', 'thr': 100, 'window': '1Y', 'order': 3, 'rows': 24}
2025-11-12 11:25:33,299 INFO [cli] {'ticker': 'DIA', 'mode': 'tri', 'thr': 100, 'window': '1Y', 'order': 4, 'rows': 39}
2025-11-12 11:25:33,306 INFO [cli] {'ticker': 'DIA', 'mode': 'tri', 'thr': 100, 'window': '2Y', 'order': 1, 'rows': 3}
2025-11-12 11:25:33,315 INFO [cli] {'ticker': 'DIA', 'mode': 'tri', 'thr': 100, 'window': '2Y', 'order': 2, 'rows': 9}
2025-11-12 11:25:33,327 INFO [cli] {'ticker': 'DIA', 'mode': 'tri', 'thr': 100, 'window': '2Y', 'order': 3, 'rows': 26}
2025-11-12 11:25:33,339 INFO [cli] {'ticker': 'DIA', 'mode': 'tri', 'thr': 100, 'window': '2Y', 'order': 4, 'rows': 47}
2025-11-12 11:25:33,346 INFO [cli] {'ticker': 'DIA', 'mode': 'tri', 'thr': 100, 'window': '5Y', 'order': 1, 'rows': 3}
2025-11-12 11:25:33,355 INFO [cli] {'ticker': 'DIA', 'mode': 'tri', 'thr': 100, 'window': '5Y', 'order': 2, 'rows': 9}
2025-11-12 11:25:33,366 INFO [cli] {'ticker': 'DIA', 'mode': 'tri', 'thr': 100, 'window': '5Y', 'order': 3, 'rows': 27}
2025-11-12 11:25:33,375 INFO [cli] {'ticker': 'DIA', 'mode': 'tri', 'thr': 100, 'window': '5Y', 'order': 4, 'rows': 68}
2025-11-12 11:25:33,383 INFO [cli] {'ticker': 'DIA', 'mode': 'tri', 'thr': 100, 'window': '10Y', 'order': 1, 'rows': 3}
2025-11-12 11:25:33,392 INFO [cli] {'ticker': 'DIA', 'mode': 'tri', 'thr': 100, 'window': '10Y', 'order': 2, 'rows': 9}
2025-11-12 11:25:33,405 INFO [cli] {'ticker': 'DIA', 'mode': 'tri', 'thr': 100, 'window': '10Y', 'order': 3, 'rows': 27}
2025-11-12 11:25:33,413 INFO [cli] {'ticker': 'DIA', 'mode': 'tri', 'thr': 100, 'window': '10Y', 'order': 4, 'rows': 81}
2025-11-12 11:25:33,421 INFO [cli] {'ticker': 'DIA', 'mode': 'tri', 'thr': 100, 'window': '20Y', 'order': 1, 'rows': 3}
2025-11-12 11:25:33,430 INFO [cli] {'ticker': 'DIA', 'mode': 'tri', 'thr': 100, 'window': '20Y', 'order': 2, 'rows': 9}
2025-11-12 11:25:33,440 INFO [cli] {'ticker': 'DIA', 'mode': 'tri', 'thr': 100, 'window': '20Y', 'order': 3, 'rows': 27}
2025-11-12 11:25:33,450 INFO [cli] {'ticker': 'DIA', 'mode': 'tri', 'thr': 100, 'window': '20Y', 'order': 4, 'rows': 81}
2025-11-12 11:25:33,461 INFO [cli] {'ticker': 'DIA', 'mode': 'tri', 'thr': 100, 'window': 'MAX', 'order': 1, 'rows': 3}

{'ticker': 'DIA', 'mode': 'tri', 'thr': 60, 'window': '20Y', 'order': 3, 'rows': 27}
{'ticker': 'DIA', 'mode': 'tri', 'thr': 60, 'window': '20Y', 'order': 4, 'rows': 81}
{'ticker': 'DIA', 'mode': 'tri', 'thr': 60, 'window': 'MAX', 'order': 1, 'rows': 3}
{'ticker': 'DIA', 'mode': 'tri', 'thr': 60, 'window': 'MAX', 'order': 2, 'rows': 9}
{'ticker': 'DIA', 'mode': 'tri', 'thr': 60, 'window': 'MAX', 'order': 3, 'rows': 27}
{'ticker': 'DIA', 'mode': 'tri', 'thr': 60, 'window': 'MAX', 'order': 4, 'rows': 81}
{'ticker': 'DIA', 'mode': 'tri', 'thr': 65, 'window': '1Y', 'order': 1, 'rows': 3}
{'ticker': 'DIA', 'mode': 'tri', 'thr': 65, 'window': '1Y', 'order': 2, 'rows': 9}
{'ticker': 'DIA', 'mode': 'tri', 'thr': 65, 'window': '1Y', 'order': 3, 'rows': 26}
{'ticker': 'DIA', 'mode': 'tri', 'thr': 65, 'window': '1Y', 'order': 4, 'rows': 63}
{'ticker': 'DIA', 'mode': 'tri', 'thr': 65, 'window': '2Y', 'order': 1, 'rows': 3}
{'ticker': 'DIA', 'mode': 'tri', 'thr': 65, 'window': '2Y', 'order': 2, 'rows': 9}
{'ticker': 'DIA', 'mode': 'tri', 'thr': 65, 'window': '2Y', 'order': 3, 'rows': 27}
{'ticker': 'DIA', 'mode': 'tri', 'thr': 65, 'window': '2Y', 'order': 4, 'rows': 69}
{'ticker': 'DIA', 'mode': 'tri', 'thr': 65, 'window': '5Y', 'order': 1, 'rows': 3}
{'ticker': 'DIA', 'mode': 'tri', 'thr': 65, 'window': '5Y', 'order': 2, 'rows': 9}
{'ticker': 'DIA', 'mode': 'tri', 'thr': 65, 'window': '5Y', 'order': 3, 'rows': 27}
{'ticker': 'DIA', 'mode': 'tri', 'thr': 65, 'window': '5Y', 'order': 4, 'rows': 80}
{'ticker': 'DIA', 'mode': 'tri', 'thr': 65, 'window': '10Y', 'order': 1, 'rows': 3}
{'ticker': 'DIA', 'mode': 'tri', 'thr': 65, 'window': '10Y', 'order': 2, 'rows': 9}
{'ticker': 'DIA', 'mode': 'tri', 'thr': 65, 'window': '10Y', 'order': 3, 'rows': 27}
{'ticker': 'DIA', 'mode': 'tri', 'thr': 65, 'window': '10Y', 'order': 4, 'rows': 81}
{'ticker': 'DIA', 'mode': 'tri', 'thr': 65, 'window': '20Y', 'order': 1, 'rows': 3}
{'ticker': 'DIA', 'mode': 'tri', 'thr': 65, 'window': '20Y', 'order': 2, 'rows': 9}
{'ticker': 'DIA', 'mode': 'tri', 'thr': 65, 'window': '20Y', 'order': 3, 'rows': 27}
{'ticker': 'DIA', 'mode': 'tri', 'thr': 65, 'window': '20Y', 'order': 4, 'rows': 81}
{'ticker': 'DIA', 'mode': 'tri', 'thr': 65, 'window': 'MAX', 'order': 1, 'rows': 3}
{'ticker': 'DIA', 'mode': 'tri', 'thr': 65, 'window': 'MAX', 'order': 2, 'rows': 9}
{'ticker': 'DIA', 'mode': 'tri', 'thr': 65, 'window': 'MAX', 'order': 3, 'rows': 27}
{'ticker': 'DIA', 'mode': 'tri', 'thr': 65, 'window': 'MAX', 'order': 4, 'rows': 81}
{'ticker': 'DIA', 'mode': 'tri', 'thr': 70, 'window': '1Y', 'order': 1, 'rows': 3}
{'ticker': 'DIA', 'mode': 'tri', 'thr': 70, 'window': '1Y', 'order': 2, 'rows': 9}
{'ticker': 'DIA', 'mode': 'tri', 'thr': 70, 'window': '1Y', 'order': 3, 'rows': 26}
{'ticker': 'DIA', 'mode': 'tri', 'thr': 70, 'window': '1Y', 'order': 4, 'rows': 58}
{'ticker': 'DIA', 'mode': 'tri', 'thr': 70, 'window': '2Y', 'order': 1, 'rows': 3}
{'ticker': 'DIA', 'mode': 'tri', 'thr': 70, 'window': '2Y', 'order': 2, 'rows': 9}
{'ticker': 'DIA', 'mode': 'tri', 'thr': 70, 'window': '2Y', 'order': 3, 'rows': 26}
{'ticker': 'DIA', 'mode': 'tri', 'thr': 70, 'window': '2Y', 'order': 4, 'rows': 65}
{'ticker': 'DIA', 'mode': 'tri', 'thr': 70, 'window': '5Y', 'order': 1, 'rows': 3}
{'ticker': 'DIA', 'mode': 'tri', 'thr': 70, 'window': '5Y', 'order': 2, 'rows': 9}
{'ticker': 'DIA', 'mode': 'tri', 'thr': 70, 'window': '5Y', 'order': 3, 'rows': 27}
{'ticker': 'DIA', 'mode': 'tri', 'thr': 70, 'window': '5Y', 'order': 4, 'rows': 80}
{'ticker': 'DIA', 'mode': 'tri', 'thr': 70, 'window': '10Y', 'order': 1, 'rows': 3}
{'ticker': 'DIA', 'mode': 'tri', 'thr': 70, 'window': '10Y', 'order': 2, 'rows': 9}
{'ticker': 'DIA', 'mode': 'tri', 'thr': 70, 'window': '10Y', 'order': 3, 'rows': 27}
{'ticker': 'DIA', 'mode': 'tri', 'thr': 70, 'window': '10Y', 'order': 4, 'rows': 81}
{'ticker': 'DIA', 'mode': 'tri', 'thr': 70, 'window': '20Y', 'order': 1, 'rows': 3}
{'ticker': 'DIA', 'mode': 'tri', 'thr': 70, 'window': '20Y', 'order': 2, 'rows': 9}
{'ticker': 'DIA', 'mode': 'tri', 'thr': 70, 'window': '20Y', 'order': 3, 'rows': 27}
{'ticker': 'DIA', 'mode': 'tri', 'thr': 70, 'window': '20Y', 'order': 4, 'rows': 81}
{'ticker': 'DIA', 'mode': 'tri', 'thr': 70, 'window': 'MAX', 'order': 1, 'rows': 3}
{'ticker': 'DIA', 'mode': 'tri', 'thr': 70, 'window': 'MAX', 'order': 2, 'rows': 9}
{'ticker': 'DIA', 'mode': 'tri', 'thr': 70, 'window': 'MAX', 'order': 3, 'rows': 27}
{'ticker': 'DIA', 'mode': 'tri', 'thr': 70, 'window': 'MAX', 'order': 4, 'rows': 81}
{'ticker': 'DIA', 'mode': 'tri', 'thr': 75, 'window': '1Y', 'order': 1, 'rows': 3}
{'ticker': 'DIA', 'mode': 'tri', 'thr': 75, 'window': '1Y', 'order': 2, 'rows': 9}
{'ticker': 'DIA', 'mode': 'tri', 'thr': 75, 'window': '1Y', 'order': 3, 'rows': 26}
{'ticker': 'DIA', 'mode': 'tri', 'thr': 75, 'window': '1Y', 'order': 4, 'rows': 57}
{'ticker': 'DIA', 'mode': 'tri', 'thr': 75, 'window': '2Y', 'order': 1, 'rows': 3}
{'ticker': 'DIA', 'mode': 'tri', 'thr': 75, 'window': '2Y', 'order': 2, 'rows': 9}
{'ticker': 'DIA', 'mode': 'tri', 'thr': 75, 'window': '2Y', 'order': 3, 'rows': 26}
{'ticker': 'DIA', 'mode': 'tri', 'thr': 75, 'window': '2Y', 'order': 4, 'rows': 62}
{'ticker': 'DIA', 'mode': 'tri', 'thr': 75, 'window': '5Y', 'order': 1, 'rows': 3}
{'ticker': 'DIA', 'mode': 'tri', 'thr': 75, 'window': '5Y', 'order': 2, 'rows': 9}
{'ticker': 'DIA', 'mode': 'tri', 'thr': 75, 'window': '5Y', 'order': 3, 'rows': 27}
{'ticker': 'DIA', 'mode': 'tri', 'thr': 75, 'window': '5Y', 'order': 4, 'rows': 78}
{'ticker': 'DIA', 'mode': 'tri', 'thr': 75, 'window': '10Y', 'order': 1, 'rows': 3}
{'ticker': 'DIA', 'mode': 'tri', 'thr': 75, 'window': '10Y', 'order': 2, 'rows': 9}
{'ticker': 'DIA', 'mode': 'tri', 'thr': 75, 'window': '10Y', 'order': 3, 'rows': 27}
{'ticker': 'DIA', 'mode': 'tri', 'thr': 75, 'window': '10Y', 'order': 4, 'rows': 81}
{'ticker': 'DIA', 'mode': 'tri', 'thr': 75, 'window': '20Y', 'order': 1, 'rows': 3}
{'ticker': 'DIA', 'mode': 'tri', 'thr': 75, 'window': '20Y', 'order': 2, 'rows': 9}
{'ticker': 'DIA', 'mode': 'tri', 'thr': 75, 'window': '20Y', 'order': 3, 'rows': 27}
{'ticker': 'DIA', 'mode': 'tri', 'thr': 75, 'window': '20Y', 'order': 4, 'rows': 81}
{'ticker': 'DIA', 'mode': 'tri', 'thr': 75, 'window': 'MAX', 'order': 1, 'rows': 3}
{'ticker': 'DIA', 'mode': 'tri', 'thr': 75, 'window': 'MAX', 'order': 2, 'rows': 9}
{'ticker': 'DIA', 'mode': 'tri', 'thr': 75, 'window': 'MAX', 'order': 3, 'rows': 27}
{'ticker': 'DIA', 'mode': 'tri', 'thr': 75, 'window': 'MAX', 'order': 4, 'rows': 81}
{'ticker': 'DIA', 'mode': 'tri', 'thr': 80, 'window': '1Y', 'order': 1, 'rows': 3}
{'ticker': 'DIA', 'mode': 'tri', 'thr': 80, 'window': '1Y', 'order': 2, 'rows': 9}
{'ticker': 'DIA', 'mode': 'tri', 'thr': 80, 'window': '1Y', 'order': 3, 'rows': 26}
{'ticker': 'DIA', 'mode': 'tri', 'thr': 80, 'window': '1Y', 'order': 4, 'rows': 52}
{'ticker': 'DIA', 'mode': 'tri', 'thr': 80, 'window': '2Y', 'order': 1, 'rows': 3}
{'ticker': 'DIA', 'mode': 'tri', 'thr': 80, 'window': '2Y', 'order': 2, 'rows': 9}
{'ticker': 'DIA', 'mode': 'tri', 'thr': 80, 'window': '2Y', 'order': 3, 'rows': 26}
{'ticker': 'DIA', 'mode': 'tri', 'thr': 80, 'window': '2Y', 'order': 4, 'rows': 60}
{'ticker': 'DIA', 'mode': 'tri', 'thr': 80, 'window': '5Y', 'order': 1, 'rows': 3}
{'ticker': 'DIA', 'mode': 'tri', 'thr': 80, 'window': '5Y', 'order': 2, 'rows': 9}
{'ticker': 'DIA', 'mode': 'tri', 'thr': 80, 'window': '5Y', 'order': 3, 'rows': 27}
{'ticker': 'DIA', 'mode': 'tri', 'thr': 80, 'window': '5Y', 'order': 4, 'rows': 78}
{'ticker': 'DIA', 'mode': 'tri', 'thr': 80, 'window': '10Y', 'order': 1, 'rows': 3}
{'ticker': 'DIA', 'mode': 'tri', 'thr': 80, 'window': '10Y', 'order': 2, 'rows': 9}
{'ticker': 'DIA', 'mode': 'tri', 'thr': 80, 'window': '10Y', 'order': 3, 'rows': 27}
{'ticker': 'DIA', 'mode': 'tri', 'thr': 80, 'window': '10Y', 'order': 4, 'rows': 81}
{'ticker': 'DIA', 'mode': 'tri', 'thr': 80, 'window': '20Y', 'order': 1, 'rows': 3}
{'ticker': 'DIA', 'mode': 'tri', 'thr': 80, 'window': '20Y', 'order': 2, 'rows': 9}
{'ticker': 'DIA', 'mode': 'tri', 'thr': 80, 'window': '20Y', 'order': 3, 'rows': 27}
{'ticker': 'DIA', 'mode': 'tri', 'thr': 80, 'window': '20Y', 'order': 4, 'rows': 81}2025-11-12 11:25:33,471 INFO [cli] {'ticker': 'DIA', 'mode': 'tri', 'thr': 100, 'window': 'MAX', 'order': 2, 'rows': 9}
2025-11-12 11:25:33,483 INFO [cli] {'ticker': 'DIA', 'mode': 'tri', 'thr': 100, 'window': 'MAX', 'order': 3, 'rows': 27}
2025-11-12 11:25:33,492 INFO [cli] {'ticker': 'DIA', 'mode': 'tri', 'thr': 100, 'window': 'MAX', 'order': 4, 'rows': 81}
2025-11-12 11:25:33,507 INFO [cli] {'ticker': 'DIA', 'mode': 'tri', 'thr': 105, 'window': '1Y', 'order': 1, 'rows': 3}
2025-11-12 11:25:33,518 INFO [cli] {'ticker': 'DIA', 'mode': 'tri', 'thr': 105, 'window': '1Y', 'order': 2, 'rows': 9}
2025-11-12 11:25:33,529 INFO [cli] {'ticker': 'DIA', 'mode': 'tri', 'thr': 105, 'window': '1Y', 'order': 3, 'rows': 23}
2025-11-12 11:25:33,538 INFO [cli] {'ticker': 'DIA', 'mode': 'tri', 'thr': 105, 'window': '1Y', 'order': 4, 'rows': 39}
2025-11-12 11:25:33,547 INFO [cli] {'ticker': 'DIA', 'mode': 'tri', 'thr': 105, 'window': '2Y', 'order': 1, 'rows': 3}
2025-11-12 11:25:33,557 INFO [cli] {'ticker': 'DIA', 'mode': 'tri', 'thr': 105, 'window': '2Y', 'order': 2, 'rows': 9}
2025-11-12 11:25:33,567 INFO [cli] {'ticker': 'DIA', 'mode': 'tri', 'thr': 105, 'window': '2Y', 'order': 3, 'rows': 24}
2025-11-12 11:25:33,576 INFO [cli] {'ticker': 'DIA', 'mode': 'tri', 'thr': 105, 'window': '2Y', 'order': 4, 'rows': 45}
2025-11-12 11:25:33,586 INFO [cli] {'ticker': 'DIA', 'mode': 'tri', 'thr': 105, 'window': '5Y', 'order': 1, 'rows': 3}
2025-11-12 11:25:33,606 INFO [cli] {'ticker': 'DIA', 'mode': 'tri', 'thr': 105, 'window': '5Y', 'order': 2, 'rows': 9}
2025-11-12 11:25:33,616 INFO [cli] {'ticker': 'DIA', 'mode': 'tri', 'thr': 105, 'window': '5Y', 'order': 3, 'rows': 26}
2025-11-12 11:25:33,627 INFO [cli] {'ticker': 'DIA', 'mode': 'tri', 'thr': 105, 'window': '5Y', 'order': 4, 'rows': 63}
2025-11-12 11:25:33,636 INFO [cli] {'ticker': 'DIA', 'mode': 'tri', 'thr': 105, 'window': '10Y', 'order': 1, 'rows': 3}
2025-11-12 11:25:33,645 INFO [cli] {'ticker': 'DIA', 'mode': 'tri', 'thr': 105, 'window': '10Y', 'order': 2, 'rows': 9}
2025-11-12 11:25:33,654 INFO [cli] {'ticker': 'DIA', 'mode': 'tri', 'thr': 105, 'window': '10Y', 'order': 3, 'rows': 27}
2025-11-12 11:25:33,664 INFO [cli] {'ticker': 'DIA', 'mode': 'tri', 'thr': 105, 'window': '10Y', 'order': 4, 'rows': 79}
2025-11-12 11:25:33,674 INFO [cli] {'ticker': 'DIA', 'mode': 'tri', 'thr': 105, 'window': '20Y', 'order': 1, 'rows': 3}
2025-11-12 11:25:33,685 INFO [cli] {'ticker': 'DIA', 'mode': 'tri', 'thr': 105, 'window': '20Y', 'order': 2, 'rows': 9}
2025-11-12 11:25:33,695 INFO [cli] {'ticker': 'DIA', 'mode': 'tri', 'thr': 105, 'window': '20Y', 'order': 3, 'rows': 27}
2025-11-12 11:25:33,706 INFO [cli] {'ticker': 'DIA', 'mode': 'tri', 'thr': 105, 'window': '20Y', 'order': 4, 'rows': 81}
2025-11-12 11:25:33,715 INFO [cli] {'ticker': 'DIA', 'mode': 'tri', 'thr': 105, 'window': 'MAX', 'order': 1, 'rows': 3}
2025-11-12 11:25:33,723 INFO [cli] {'ticker': 'DIA', 'mode': 'tri', 'thr': 105, 'window': 'MAX', 'order': 2, 'rows': 9}
2025-11-12 11:25:33,730 INFO [cli] {'ticker': 'DIA', 'mode': 'tri', 'thr': 105, 'window': 'MAX', 'order': 3, 'rows': 27}
2025-11-12 11:25:33,740 INFO [cli] {'ticker': 'DIA', 'mode': 'tri', 'thr': 105, 'window': 'MAX', 'order': 4, 'rows': 81}
2025-11-12 11:25:33,754 INFO [cli] {'ticker': 'DIA', 'mode': 'tri', 'thr': 110, 'window': '1Y', 'order': 1, 'rows': 3}
2025-11-12 11:25:33,761 INFO [cli] {'ticker': 'DIA', 'mode': 'tri', 'thr': 110, 'window': '1Y', 'order': 2, 'rows': 8}
2025-11-12 11:25:33,771 INFO [cli] {'ticker': 'DIA', 'mode': 'tri', 'thr': 110, 'window': '1Y', 'order': 3, 'rows': 19}
2025-11-12 11:25:33,780 INFO [cli] {'ticker': 'DIA', 'mode': 'tri', 'thr': 110, 'window': '1Y', 'order': 4, 'rows': 32}
2025-11-12 11:25:33,793 INFO [cli] {'ticker': 'DIA', 'mode': 'tri', 'thr': 110, 'window': '2Y', 'order': 1, 'rows': 3}
2025-11-12 11:25:33,801 INFO [cli] {'ticker': 'DIA', 'mode': 'tri', 'thr': 110, 'window': '2Y', 'order': 2, 'rows': 8}
2025-11-12 11:25:33,812 INFO [cli] {'ticker': 'DIA', 'mode': 'tri', 'thr': 110, 'window': '2Y', 'order': 3, 'rows': 20}
2025-11-12 11:25:33,821 INFO [cli] {'ticker': 'DIA', 'mode': 'tri', 'thr': 110, 'window': '2Y', 'order': 4, 'rows': 38}
2025-11-12 11:25:33,831 INFO [cli] {'ticker': 'DIA', 'mode': 'tri', 'thr': 110, 'window': '5Y', 'order': 1, 'rows': 3}
2025-11-12 11:25:33,839 INFO [cli] {'ticker': 'DIA', 'mode': 'tri', 'thr': 110, 'window': '5Y', 'order': 2, 'rows': 9}
2025-11-12 11:25:33,848 INFO [cli] {'ticker': 'DIA', 'mode': 'tri', 'thr': 110, 'window': '5Y', 'order': 3, 'rows': 25}
2025-11-12 11:25:33,859 INFO [cli] {'ticker': 'DIA', 'mode': 'tri', 'thr': 110, 'window': '5Y', 'order': 4, 'rows': 61}
2025-11-12 11:25:33,867 INFO [cli] {'ticker': 'DIA', 'mode': 'tri', 'thr': 110, 'window': '10Y', 'order': 1, 'rows': 3}
2025-11-12 11:25:33,879 INFO [cli] {'ticker': 'DIA', 'mode': 'tri', 'thr': 110, 'window': '10Y', 'order': 2, 'rows': 9}
2025-11-12 11:25:33,887 INFO [cli] {'ticker': 'DIA', 'mode': 'tri', 'thr': 110, 'window': '10Y', 'order': 3, 'rows': 27}
2025-11-12 11:25:33,897 INFO [cli] {'ticker': 'DIA', 'mode': 'tri', 'thr': 110, 'window': '10Y', 'order': 4, 'rows': 79}
2025-11-12 11:25:33,908 INFO [cli] {'ticker': 'DIA', 'mode': 'tri', 'thr': 110, 'window': '20Y', 'order': 1, 'rows': 3}
2025-11-12 11:25:33,917 INFO [cli] {'ticker': 'DIA', 'mode': 'tri', 'thr': 110, 'window': '20Y', 'order': 2, 'rows': 9}
2025-11-12 11:25:33,924 INFO [cli] {'ticker': 'DIA', 'mode': 'tri', 'thr': 110, 'window': '20Y', 'order': 3, 'rows': 27}
2025-11-12 11:25:33,931 INFO [cli] {'ticker': 'DIA', 'mode': 'tri', 'thr': 110, 'window': '20Y', 'order': 4, 'rows': 81}
2025-11-12 11:25:33,940 INFO [cli] {'ticker': 'DIA', 'mode': 'tri', 'thr': 110, 'window': 'MAX', 'order': 1, 'rows': 3}
2025-11-12 11:25:33,949 INFO [cli] {'ticker': 'DIA', 'mode': 'tri', 'thr': 110, 'window': 'MAX', 'order': 2, 'rows': 9}
2025-11-12 11:25:33,959 INFO [cli] {'ticker': 'DIA', 'mode': 'tri', 'thr': 110, 'window': 'MAX', 'order': 3, 'rows': 27}
2025-11-12 11:25:33,969 INFO [cli] {'ticker': 'DIA', 'mode': 'tri', 'thr': 110, 'window': 'MAX', 'order': 4, 'rows': 81}
2025-11-12 11:25:33,986 INFO [cli] {'ticker': 'DIA', 'mode': 'tri', 'thr': 115, 'window': '1Y', 'order': 1, 'rows': 3}
2025-11-12 11:25:33,996 INFO [cli] {'ticker': 'DIA', 'mode': 'tri', 'thr': 115, 'window': '1Y', 'order': 2, 'rows': 8}
2025-11-12 11:25:34,006 INFO [cli] {'ticker': 'DIA', 'mode': 'tri', 'thr': 115, 'window': '1Y', 'order': 3, 'rows': 18}
2025-11-12 11:25:34,018 INFO [cli] {'ticker': 'DIA', 'mode': 'tri', 'thr': 115, 'window': '1Y', 'order': 4, 'rows': 31}
2025-11-12 11:25:34,028 INFO [cli] {'ticker': 'DIA', 'mode': 'tri', 'thr': 115, 'window': '2Y', 'order': 1, 'rows': 3}
2025-11-12 11:25:34,038 INFO [cli] {'ticker': 'DIA', 'mode': 'tri', 'thr': 115, 'window': '2Y', 'order': 2, 'rows': 8}
2025-11-12 11:25:34,047 INFO [cli] {'ticker': 'DIA', 'mode': 'tri', 'thr': 115, 'window': '2Y', 'order': 3, 'rows': 19}
2025-11-12 11:25:34,055 INFO [cli] {'ticker': 'DIA', 'mode': 'tri', 'thr': 115, 'window': '2Y', 'order': 4, 'rows': 35}
2025-11-12 11:25:34,062 INFO [cli] {'ticker': 'DIA', 'mode': 'tri', 'thr': 115, 'window': '5Y', 'order': 1, 'rows': 3}
2025-11-12 11:25:34,072 INFO [cli] {'ticker': 'DIA', 'mode': 'tri', 'thr': 115, 'window': '5Y', 'order': 2, 'rows': 9}
2025-11-12 11:25:34,081 INFO [cli] {'ticker': 'DIA', 'mode': 'tri', 'thr': 115, 'window': '5Y', 'order': 3, 'rows': 25}
2025-11-12 11:25:34,090 INFO [cli] {'ticker': 'DIA', 'mode': 'tri', 'thr': 115, 'window': '5Y', 'order': 4, 'rows': 59}
2025-11-12 11:25:34,100 INFO [cli] {'ticker': 'DIA', 'mode': 'tri', 'thr': 115, 'window': '10Y', 'order': 1, 'rows': 3}
2025-11-12 11:25:34,108 INFO [cli] {'ticker': 'DIA', 'mode': 'tri', 'thr': 115, 'window': '10Y', 'order': 2, 'rows': 9}
2025-11-12 11:25:34,118 INFO [cli] {'ticker': 'DIA', 'mode': 'tri', 'thr': 115, 'window': '10Y', 'order': 3, 'rows': 27}
2025-11-12 11:25:34,127 INFO [cli] {'ticker': 'DIA', 'mode': 'tri', 'thr': 115, 'window': '10Y', 'order': 4, 'rows': 78}
2025-11-12 11:25:34,135 INFO [cli] {'ticker': 'DIA', 'mode': 'tri', 'thr': 115, 'window': '20Y', 'order': 1, 'rows': 3}
2025-11-12 11:25:34,144 INFO [cli] {'ticker': 'DIA', 'mode': 'tri', 'thr': 115, 'window': '20Y', 'order': 2, 'rows': 9}
2025-11-12 11:25:34,152 INFO [cli] {'ticker': 'DIA', 'mode': 'tri', 'thr': 115, 'window': '20Y', 'order': 3, 'rows': 27}
2025-11-12 11:25:34,161 INFO [cli] {'ticker': 'DIA', 'mode': 'tri', 'thr': 115, 'window': '20Y', 'order': 4, 'rows': 81}
2025-11-12 11:25:34,170 INFO [cli] {'ticker': 'DIA', 'mode': 'tri', 'thr': 115, 'window': 'MAX', 'order': 1, 'rows': 3}
2025-11-12 11:25:34,178 INFO [cli] {'ticker': 'DIA', 'mode': 'tri', 'thr': 115, 'window': 'MAX', 'order': 2, 'rows': 9}
2025-11-12 11:25:34,187 INFO [cli] {'ticker': 'DIA', 'mode': 'tri', 'thr': 115, 'window': 'MAX', 'order': 3, 'rows': 27}
2025-11-12 11:25:34,196 INFO [cli] {'ticker': 'DIA', 'mode': 'tri', 'thr': 115, 'window': 'MAX', 'order': 4, 'rows': 81}
2025-11-12 11:25:34,211 INFO [cli] {'ticker': 'DIA', 'mode': 'tri', 'thr': 120, 'window': '1Y', 'order': 1, 'rows': 3}
2025-11-12 11:25:34,220 INFO [cli] {'ticker': 'DIA', 'mode': 'tri', 'thr': 120, 'window': '1Y', 'order': 2, 'rows': 8}
2025-11-12 11:25:34,230 INFO [cli] {'ticker': 'DIA', 'mode': 'tri', 'thr': 120, 'window': '1Y', 'order': 3, 'rows': 18}
2025-11-12 11:25:34,238 INFO [cli] {'ticker': 'DIA', 'mode': 'tri', 'thr': 120, 'window': '1Y', 'order': 4, 'rows': 31}
2025-11-12 11:25:34,247 INFO [cli] {'ticker': 'DIA', 'mode': 'tri', 'thr': 120, 'window': '2Y', 'order': 1, 'rows': 3}
2025-11-12 11:25:34,258 INFO [cli] {'ticker': 'DIA', 'mode': 'tri', 'thr': 120, 'window': '2Y', 'order': 2, 'rows': 8}
2025-11-12 11:25:34,267 INFO [cli] {'ticker': 'DIA', 'mode': 'tri', 'thr': 120, 'window': '2Y', 'order': 3, 'rows': 19}
2025-11-12 11:25:34,277 INFO [cli] {'ticker': 'DIA', 'mode': 'tri', 'thr': 120, 'window': '2Y', 'order': 4, 'rows': 34}
2025-11-12 11:25:34,286 INFO [cli] {'ticker': 'DIA', 'mode': 'tri', 'thr': 120, 'window': '5Y', 'order': 1, 'rows': 3}
2025-11-12 11:25:34,297 INFO [cli] {'ticker': 'DIA', 'mode': 'tri', 'thr': 120, 'window': '5Y', 'order': 2, 'rows': 9}
2025-11-12 11:25:34,306 INFO [cli] {'ticker': 'DIA', 'mode': 'tri', 'thr': 120, 'window': '5Y', 'order': 3, 'rows': 24}
2025-11-12 11:25:34,317 INFO [cli] {'ticker': 'DIA', 'mode': 'tri', 'thr': 120, 'window': '5Y', 'order': 4, 'rows': 56}
2025-11-12 11:25:34,326 INFO [cli] {'ticker': 'DIA', 'mode': 'tri', 'thr': 120, 'window': '10Y', 'order': 1, 'rows': 3}
2025-11-12 11:25:34,336 INFO [cli] {'ticker': 'DIA', 'mode': 'tri', 'thr': 120, 'window': '10Y', 'order': 2, 'rows': 9}
2025-11-12 11:25:34,346 INFO [cli] {'ticker': 'DIA', 'mode': 'tri', 'thr': 120, 'window': '10Y', 'order': 3, 'rows': 27}
2025-11-12 11:25:34,355 INFO [cli] {'ticker': 'DIA', 'mode': 'tri', 'thr': 120, 'window': '10Y', 'order': 4, 'rows': 75}
2025-11-12 11:25:34,366 INFO [cli] {'ticker': 'DIA', 'mode': 'tri', 'thr': 120, 'window': '20Y', 'order': 1, 'rows': 3}
2025-11-12 11:25:34,374 INFO [cli] {'ticker': 'DIA', 'mode': 'tri', 'thr': 120, 'window': '20Y', 'order': 2, 'rows': 9}
2025-11-12 11:25:34,384 INFO [cli] {'ticker': 'DIA', 'mode': 'tri', 'thr': 120, 'window': '20Y', 'order': 3, 'rows': 27}
2025-11-12 11:25:34,394 INFO [cli] {'ticker': 'DIA', 'mode': 'tri', 'thr': 120, 'window': '20Y', 'order': 4, 'rows': 81}
2025-11-12 11:25:34,404 INFO [cli] {'ticker': 'DIA', 'mode': 'tri', 'thr': 120, 'window': 'MAX', 'order': 1, 'rows': 3}
2025-11-12 11:25:34,414 INFO [cli] {'ticker': 'DIA', 'mode': 'tri', 'thr': 120, 'window': 'MAX', 'order': 2, 'rows': 9}

{'ticker': 'DIA', 'mode': 'tri', 'thr': 80, 'window': 'MAX', 'order': 1, 'rows': 3}
{'ticker': 'DIA', 'mode': 'tri', 'thr': 80, 'window': 'MAX', 'order': 2, 'rows': 9}
{'ticker': 'DIA', 'mode': 'tri', 'thr': 80, 'window': 'MAX', 'order': 3, 'rows': 27}
{'ticker': 'DIA', 'mode': 'tri', 'thr': 80, 'window': 'MAX', 'order': 4, 'rows': 81}
{'ticker': 'DIA', 'mode': 'tri', 'thr': 85, 'window': '1Y', 'order': 1, 'rows': 3}
{'ticker': 'DIA', 'mode': 'tri', 'thr': 85, 'window': '1Y', 'order': 2, 'rows': 9}
{'ticker': 'DIA', 'mode': 'tri', 'thr': 85, 'window': '1Y', 'order': 3, 'rows': 26}
{'ticker': 'DIA', 'mode': 'tri', 'thr': 85, 'window': '1Y', 'order': 4, 'rows': 54}
{'ticker': 'DIA', 'mode': 'tri', 'thr': 85, 'window': '2Y', 'order': 1, 'rows': 3}
{'ticker': 'DIA', 'mode': 'tri', 'thr': 85, 'window': '2Y', 'order': 2, 'rows': 9}
{'ticker': 'DIA', 'mode': 'tri', 'thr': 85, 'window': '2Y', 'order': 3, 'rows': 26}
{'ticker': 'DIA', 'mode': 'tri', 'thr': 85, 'window': '2Y', 'order': 4, 'rows': 58}
{'ticker': 'DIA', 'mode': 'tri', 'thr': 85, 'window': '5Y', 'order': 1, 'rows': 3}
{'ticker': 'DIA', 'mode': 'tri', 'thr': 85, 'window': '5Y', 'order': 2, 'rows': 9}
{'ticker': 'DIA', 'mode': 'tri', 'thr': 85, 'window': '5Y', 'order': 3, 'rows': 27}
{'ticker': 'DIA', 'mode': 'tri', 'thr': 85, 'window': '5Y', 'order': 4, 'rows': 76}
{'ticker': 'DIA', 'mode': 'tri', 'thr': 85, 'window': '10Y', 'order': 1, 'rows': 3}
{'ticker': 'DIA', 'mode': 'tri', 'thr': 85, 'window': '10Y', 'order': 2, 'rows': 9}
{'ticker': 'DIA', 'mode': 'tri', 'thr': 85, 'window': '10Y', 'order': 3, 'rows': 27}
{'ticker': 'DIA', 'mode': 'tri', 'thr': 85, 'window': '10Y', 'order': 4, 'rows': 81}
{'ticker': 'DIA', 'mode': 'tri', 'thr': 85, 'window': '20Y', 'order': 1, 'rows': 3}
{'ticker': 'DIA', 'mode': 'tri', 'thr': 85, 'window': '20Y', 'order': 2, 'rows': 9}
{'ticker': 'DIA', 'mode': 'tri', 'thr': 85, 'window': '20Y', 'order': 3, 'rows': 27}
{'ticker': 'DIA', 'mode': 'tri', 'thr': 85, 'window': '20Y', 'order': 4, 'rows': 81}
{'ticker': 'DIA', 'mode': 'tri', 'thr': 85, 'window': 'MAX', 'order': 1, 'rows': 3}
{'ticker': 'DIA', 'mode': 'tri', 'thr': 85, 'window': 'MAX', 'order': 2, 'rows': 9}
{'ticker': 'DIA', 'mode': 'tri', 'thr': 85, 'window': 'MAX', 'order': 3, 'rows': 27}
{'ticker': 'DIA', 'mode': 'tri', 'thr': 85, 'window': 'MAX', 'order': 4, 'rows': 81}
{'ticker': 'DIA', 'mode': 'tri', 'thr': 90, 'window': '1Y', 'order': 1, 'rows': 3}
{'ticker': 'DIA', 'mode': 'tri', 'thr': 90, 'window': '1Y', 'order': 2, 'rows': 9}
{'ticker': 'DIA', 'mode': 'tri', 'thr': 90, 'window': '1Y', 'order': 3, 'rows': 26}
{'ticker': 'DIA', 'mode': 'tri', 'thr': 90, 'window': '1Y', 'order': 4, 'rows': 51}
{'ticker': 'DIA', 'mode': 'tri', 'thr': 90, 'window': '2Y', 'order': 1, 'rows': 3}
{'ticker': 'DIA', 'mode': 'tri', 'thr': 90, 'window': '2Y', 'order': 2, 'rows': 9}
{'ticker': 'DIA', 'mode': 'tri', 'thr': 90, 'window': '2Y', 'order': 3, 'rows': 26}
{'ticker': 'DIA', 'mode': 'tri', 'thr': 90, 'window': '2Y', 'order': 4, 'rows': 54}
{'ticker': 'DIA', 'mode': 'tri', 'thr': 90, 'window': '5Y', 'order': 1, 'rows': 3}
{'ticker': 'DIA', 'mode': 'tri', 'thr': 90, 'window': '5Y', 'order': 2, 'rows': 9}
{'ticker': 'DIA', 'mode': 'tri', 'thr': 90, 'window': '5Y', 'order': 3, 'rows': 27}
{'ticker': 'DIA', 'mode': 'tri', 'thr': 90, 'window': '5Y', 'order': 4, 'rows': 72}
{'ticker': 'DIA', 'mode': 'tri', 'thr': 90, 'window': '10Y', 'order': 1, 'rows': 3}
{'ticker': 'DIA', 'mode': 'tri', 'thr': 90, 'window': '10Y', 'order': 2, 'rows': 9}
{'ticker': 'DIA', 'mode': 'tri', 'thr': 90, 'window': '10Y', 'order': 3, 'rows': 27}
{'ticker': 'DIA', 'mode': 'tri', 'thr': 90, 'window': '10Y', 'order': 4, 'rows': 81}
{'ticker': 'DIA', 'mode': 'tri', 'thr': 90, 'window': '20Y', 'order': 1, 'rows': 3}
{'ticker': 'DIA', 'mode': 'tri', 'thr': 90, 'window': '20Y', 'order': 2, 'rows': 9}
{'ticker': 'DIA', 'mode': 'tri', 'thr': 90, 'window': '20Y', 'order': 3, 'rows': 27}
{'ticker': 'DIA', 'mode': 'tri', 'thr': 90, 'window': '20Y', 'order': 4, 'rows': 81}
{'ticker': 'DIA', 'mode': 'tri', 'thr': 90, 'window': 'MAX', 'order': 1, 'rows': 3}
{'ticker': 'DIA', 'mode': 'tri', 'thr': 90, 'window': 'MAX', 'order': 2, 'rows': 9}
{'ticker': 'DIA', 'mode': 'tri', 'thr': 90, 'window': 'MAX', 'order': 3, 'rows': 27}
{'ticker': 'DIA', 'mode': 'tri', 'thr': 90, 'window': 'MAX', 'order': 4, 'rows': 81}
{'ticker': 'DIA', 'mode': 'tri', 'thr': 95, 'window': '1Y', 'order': 1, 'rows': 3}
{'ticker': 'DIA', 'mode': 'tri', 'thr': 95, 'window': '1Y', 'order': 2, 'rows': 9}
{'ticker': 'DIA', 'mode': 'tri', 'thr': 95, 'window': '1Y', 'order': 3, 'rows': 25}
{'ticker': 'DIA', 'mode': 'tri', 'thr': 95, 'window': '1Y', 'order': 4, 'rows': 45}
{'ticker': 'DIA', 'mode': 'tri', 'thr': 95, 'window': '2Y', 'order': 1, 'rows': 3}
{'ticker': 'DIA', 'mode': 'tri', 'thr': 95, 'window': '2Y', 'order': 2, 'rows': 9}
{'ticker': 'DIA', 'mode': 'tri', 'thr': 95, 'window': '2Y', 'order': 3, 'rows': 26}
{'ticker': 'DIA', 'mode': 'tri', 'thr': 95, 'window': '2Y', 'order': 4, 'rows': 50}
{'ticker': 'DIA', 'mode': 'tri', 'thr': 95, 'window': '5Y', 'order': 1, 'rows': 3}
{'ticker': 'DIA', 'mode': 'tri', 'thr': 95, 'window': '5Y', 'order': 2, 'rows': 9}
{'ticker': 'DIA', 'mode': 'tri', 'thr': 95, 'window': '5Y', 'order': 3, 'rows': 27}
{'ticker': 'DIA', 'mode': 'tri', 'thr': 95, 'window': '5Y', 'order': 4, 'rows': 70}
{'ticker': 'DIA', 'mode': 'tri', 'thr': 95, 'window': '10Y', 'order': 1, 'rows': 3}
{'ticker': 'DIA', 'mode': 'tri', 'thr': 95, 'window': '10Y', 'order': 2, 'rows': 9}
{'ticker': 'DIA', 'mode': 'tri', 'thr': 95, 'window': '10Y', 'order': 3, 'rows': 27}
{'ticker': 'DIA', 'mode': 'tri', 'thr': 95, 'window': '10Y', 'order': 4, 'rows': 81}
{'ticker': 'DIA', 'mode': 'tri', 'thr': 95, 'window': '20Y', 'order': 1, 'rows': 3}
{'ticker': 'DIA', 'mode': 'tri', 'thr': 95, 'window': '20Y', 'order': 2, 'rows': 9}
{'ticker': 'DIA', 'mode': 'tri', 'thr': 95, 'window': '20Y', 'order': 3, 'rows': 27}
{'ticker': 'DIA', 'mode': 'tri', 'thr': 95, 'window': '20Y', 'order': 4, 'rows': 81}
{'ticker': 'DIA', 'mode': 'tri', 'thr': 95, 'window': 'MAX', 'order': 1, 'rows': 3}
{'ticker': 'DIA', 'mode': 'tri', 'thr': 95, 'window': 'MAX', 'order': 2, 'rows': 9}
{'ticker': 'DIA', 'mode': 'tri', 'thr': 95, 'window': 'MAX', 'order': 3, 'rows': 27}
{'ticker': 'DIA', 'mode': 'tri', 'thr': 95, 'window': 'MAX', 'order': 4, 'rows': 81}
{'ticker': 'DIA', 'mode': 'tri', 'thr': 100, 'window': '1Y', 'order': 1, 'rows': 3}
{'ticker': 'DIA', 'mode': 'tri', 'thr': 100, 'window': '1Y', 'order': 2, 'rows': 9}
{'ticker': 'DIA', 'mode': 'tri', 'thr': 100, 'window': '1Y', 'order': 3, 'rows': 24}
{'ticker': 'DIA', 'mode': 'tri', 'thr': 100, 'window': '1Y', 'order': 4, 'rows': 39}
{'ticker': 'DIA', 'mode': 'tri', 'thr': 100, 'window': '2Y', 'order': 1, 'rows': 3}
{'ticker': 'DIA', 'mode': 'tri', 'thr': 100, 'window': '2Y', 'order': 2, 'rows': 9}
{'ticker': 'DIA', 'mode': 'tri', 'thr': 100, 'window': '2Y', 'order': 3, 'rows': 26}
{'ticker': 'DIA', 'mode': 'tri', 'thr': 100, 'window': '2Y', 'order': 4, 'rows': 47}
{'ticker': 'DIA', 'mode': 'tri', 'thr': 100, 'window': '5Y', 'order': 1, 'rows': 3}
{'ticker': 'DIA', 'mode': 'tri', 'thr': 100, 'window': '5Y', 'order': 2, 'rows': 9}
{'ticker': 'DIA', 'mode': 'tri', 'thr': 100, 'window': '5Y', 'order': 3, 'rows': 27}
{'ticker': 'DIA', 'mode': 'tri', 'thr': 100, 'window': '5Y', 'order': 4, 'rows': 68}
{'ticker': 'DIA', 'mode': 'tri', 'thr': 100, 'window': '10Y', 'order': 1, 'rows': 3}
{'ticker': 'DIA', 'mode': 'tri', 'thr': 100, 'window': '10Y', 'order': 2, 'rows': 9}
{'ticker': 'DIA', 'mode': 'tri', 'thr': 100, 'window': '10Y', 'order': 3, 'rows': 27}
{'ticker': 'DIA', 'mode': 'tri', 'thr': 100, 'window': '10Y', 'order': 4, 'rows': 81}
{'ticker': 'DIA', 'mode': 'tri', 'thr': 100, 'window': '20Y', 'order': 1, 'rows': 3}
{'ticker': 'DIA', 'mode': 'tri', 'thr': 100, 'window': '20Y', 'order': 2, 'rows': 9}
{'ticker': 'DIA', 'mode': 'tri', 'thr': 100, 'window': '20Y', 'order': 3, 'rows': 27}
{'ticker': 'DIA', 'mode': 'tri', 'thr': 100, 'window': '20Y', 'order': 4, 'rows': 81}
{'ticker': 'DIA', 'mode': 'tri', 'thr': 100, 'window': 'MAX', 'order': 1, 'rows': 3}
{'ticker': 'DIA', 'mode': 'tri', 'thr': 100, 'window': 'MAX', 'order': 2, 'rows': 9}2025-11-12 11:25:34,426 INFO [cli] {'ticker': 'DIA', 'mode': 'tri', 'thr': 120, 'window': 'MAX', 'order': 3, 'rows': 27}
2025-11-12 11:25:34,437 INFO [cli] {'ticker': 'DIA', 'mode': 'tri', 'thr': 120, 'window': 'MAX', 'order': 4, 'rows': 81}
2025-11-12 11:25:34,455 INFO [cli] {'ticker': 'DIA', 'mode': 'tri', 'thr': 125, 'window': '1Y', 'order': 1, 'rows': 3}
2025-11-12 11:25:34,465 INFO [cli] {'ticker': 'DIA', 'mode': 'tri', 'thr': 125, 'window': '1Y', 'order': 2, 'rows': 8}
2025-11-12 11:25:34,474 INFO [cli] {'ticker': 'DIA', 'mode': 'tri', 'thr': 125, 'window': '1Y', 'order': 3, 'rows': 17}
2025-11-12 11:25:34,481 INFO [cli] {'ticker': 'DIA', 'mode': 'tri', 'thr': 125, 'window': '1Y', 'order': 4, 'rows': 27}
2025-11-12 11:25:34,489 INFO [cli] {'ticker': 'DIA', 'mode': 'tri', 'thr': 125, 'window': '2Y', 'order': 1, 'rows': 3}
2025-11-12 11:25:34,498 INFO [cli] {'ticker': 'DIA', 'mode': 'tri', 'thr': 125, 'window': '2Y', 'order': 2, 'rows': 8}
2025-11-12 11:25:34,508 INFO [cli] {'ticker': 'DIA', 'mode': 'tri', 'thr': 125, 'window': '2Y', 'order': 3, 'rows': 18}
2025-11-12 11:25:34,516 INFO [cli] {'ticker': 'DIA', 'mode': 'tri', 'thr': 125, 'window': '2Y', 'order': 4, 'rows': 30}
2025-11-12 11:25:34,525 INFO [cli] {'ticker': 'DIA', 'mode': 'tri', 'thr': 125, 'window': '5Y', 'order': 1, 'rows': 3}
2025-11-12 11:25:34,535 INFO [cli] {'ticker': 'DIA', 'mode': 'tri', 'thr': 125, 'window': '5Y', 'order': 2, 'rows': 9}
2025-11-12 11:25:34,548 INFO [cli] {'ticker': 'DIA', 'mode': 'tri', 'thr': 125, 'window': '5Y', 'order': 3, 'rows': 24}
2025-11-12 11:25:34,557 INFO [cli] {'ticker': 'DIA', 'mode': 'tri', 'thr': 125, 'window': '5Y', 'order': 4, 'rows': 56}
2025-11-12 11:25:34,566 INFO [cli] {'ticker': 'DIA', 'mode': 'tri', 'thr': 125, 'window': '10Y', 'order': 1, 'rows': 3}
2025-11-12 11:25:34,577 INFO [cli] {'ticker': 'DIA', 'mode': 'tri', 'thr': 125, 'window': '10Y', 'order': 2, 'rows': 9}
2025-11-12 11:25:34,587 INFO [cli] {'ticker': 'DIA', 'mode': 'tri', 'thr': 125, 'window': '10Y', 'order': 3, 'rows': 27}
2025-11-12 11:25:34,596 INFO [cli] {'ticker': 'DIA', 'mode': 'tri', 'thr': 125, 'window': '10Y', 'order': 4, 'rows': 75}
2025-11-12 11:25:34,605 INFO [cli] {'ticker': 'DIA', 'mode': 'tri', 'thr': 125, 'window': '20Y', 'order': 1, 'rows': 3}
2025-11-12 11:25:34,614 INFO [cli] {'ticker': 'DIA', 'mode': 'tri', 'thr': 125, 'window': '20Y', 'order': 2, 'rows': 9}
2025-11-12 11:25:34,625 INFO [cli] {'ticker': 'DIA', 'mode': 'tri', 'thr': 125, 'window': '20Y', 'order': 3, 'rows': 27}
2025-11-12 11:25:34,634 INFO [cli] {'ticker': 'DIA', 'mode': 'tri', 'thr': 125, 'window': '20Y', 'order': 4, 'rows': 81}
2025-11-12 11:25:34,641 INFO [cli] {'ticker': 'DIA', 'mode': 'tri', 'thr': 125, 'window': 'MAX', 'order': 1, 'rows': 3}
2025-11-12 11:25:34,651 INFO [cli] {'ticker': 'DIA', 'mode': 'tri', 'thr': 125, 'window': 'MAX', 'order': 2, 'rows': 9}
2025-11-12 11:25:34,659 INFO [cli] {'ticker': 'DIA', 'mode': 'tri', 'thr': 125, 'window': 'MAX', 'order': 3, 'rows': 27}
2025-11-12 11:25:34,667 INFO [cli] {'ticker': 'DIA', 'mode': 'tri', 'thr': 125, 'window': 'MAX', 'order': 4, 'rows': 81}
2025-11-12 11:25:34,693 INFO [cli] {'ticker': 'DIA', 'mode': 'tri', 'thr': 130, 'window': '1Y', 'order': 1, 'rows': 3}
2025-11-12 11:25:34,700 INFO [cli] {'ticker': 'DIA', 'mode': 'tri', 'thr': 130, 'window': '1Y', 'order': 2, 'rows': 8}
2025-11-12 11:25:34,708 INFO [cli] {'ticker': 'DIA', 'mode': 'tri', 'thr': 130, 'window': '1Y', 'order': 3, 'rows': 15}
2025-11-12 11:25:34,716 INFO [cli] {'ticker': 'DIA', 'mode': 'tri', 'thr': 130, 'window': '1Y', 'order': 4, 'rows': 23}
2025-11-12 11:25:34,726 INFO [cli] {'ticker': 'DIA', 'mode': 'tri', 'thr': 130, 'window': '2Y', 'order': 1, 'rows': 3}
2025-11-12 11:25:34,737 INFO [cli] {'ticker': 'DIA', 'mode': 'tri', 'thr': 130, 'window': '2Y', 'order': 2, 'rows': 8}
2025-11-12 11:25:34,747 INFO [cli] {'ticker': 'DIA', 'mode': 'tri', 'thr': 130, 'window': '2Y', 'order': 3, 'rows': 15}
2025-11-12 11:25:34,757 INFO [cli] {'ticker': 'DIA', 'mode': 'tri', 'thr': 130, 'window': '2Y', 'order': 4, 'rows': 23}
2025-11-12 11:25:34,767 INFO [cli] {'ticker': 'DIA', 'mode': 'tri', 'thr': 130, 'window': '5Y', 'order': 1, 'rows': 3}
2025-11-12 11:25:34,777 INFO [cli] {'ticker': 'DIA', 'mode': 'tri', 'thr': 130, 'window': '5Y', 'order': 2, 'rows': 9}
2025-11-12 11:25:34,786 INFO [cli] {'ticker': 'DIA', 'mode': 'tri', 'thr': 130, 'window': '5Y', 'order': 3, 'rows': 24}
2025-11-12 11:25:34,793 INFO [cli] {'ticker': 'DIA', 'mode': 'tri', 'thr': 130, 'window': '5Y', 'order': 4, 'rows': 55}
2025-11-12 11:25:34,801 INFO [cli] {'ticker': 'DIA', 'mode': 'tri', 'thr': 130, 'window': '10Y', 'order': 1, 'rows': 3}
2025-11-12 11:25:34,811 INFO [cli] {'ticker': 'DIA', 'mode': 'tri', 'thr': 130, 'window': '10Y', 'order': 2, 'rows': 9}
2025-11-12 11:25:34,820 INFO [cli] {'ticker': 'DIA', 'mode': 'tri', 'thr': 130, 'window': '10Y', 'order': 3, 'rows': 27}
2025-11-12 11:25:34,831 INFO [cli] {'ticker': 'DIA', 'mode': 'tri', 'thr': 130, 'window': '10Y', 'order': 4, 'rows': 75}
2025-11-12 11:25:34,841 INFO [cli] {'ticker': 'DIA', 'mode': 'tri', 'thr': 130, 'window': '20Y', 'order': 1, 'rows': 3}
2025-11-12 11:25:34,853 INFO [cli] {'ticker': 'DIA', 'mode': 'tri', 'thr': 130, 'window': '20Y', 'order': 2, 'rows': 9}
2025-11-12 11:25:34,863 INFO [cli] {'ticker': 'DIA', 'mode': 'tri', 'thr': 130, 'window': '20Y', 'order': 3, 'rows': 27}
2025-11-12 11:25:34,872 INFO [cli] {'ticker': 'DIA', 'mode': 'tri', 'thr': 130, 'window': '20Y', 'order': 4, 'rows': 81}
2025-11-12 11:25:34,881 INFO [cli] {'ticker': 'DIA', 'mode': 'tri', 'thr': 130, 'window': 'MAX', 'order': 1, 'rows': 3}
2025-11-12 11:25:34,892 INFO [cli] {'ticker': 'DIA', 'mode': 'tri', 'thr': 130, 'window': 'MAX', 'order': 2, 'rows': 9}
2025-11-12 11:25:34,903 INFO [cli] {'ticker': 'DIA', 'mode': 'tri', 'thr': 130, 'window': 'MAX', 'order': 3, 'rows': 27}
2025-11-12 11:25:34,913 INFO [cli] {'ticker': 'DIA', 'mode': 'tri', 'thr': 130, 'window': 'MAX', 'order': 4, 'rows': 81}
2025-11-12 11:25:34,930 INFO [cli] {'ticker': 'DIA', 'mode': 'tri', 'thr': 135, 'window': '1Y', 'order': 1, 'rows': 3}
2025-11-12 11:25:34,941 INFO [cli] {'ticker': 'DIA', 'mode': 'tri', 'thr': 135, 'window': '1Y', 'order': 2, 'rows': 8}
2025-11-12 11:25:34,949 INFO [cli] {'ticker': 'DIA', 'mode': 'tri', 'thr': 135, 'window': '1Y', 'order': 3, 'rows': 15}
2025-11-12 11:25:34,958 INFO [cli] {'ticker': 'DIA', 'mode': 'tri', 'thr': 135, 'window': '1Y', 'order': 4, 'rows': 23}
2025-11-12 11:25:34,967 INFO [cli] {'ticker': 'DIA', 'mode': 'tri', 'thr': 135, 'window': '2Y', 'order': 1, 'rows': 3}
2025-11-12 11:25:34,976 INFO [cli] {'ticker': 'DIA', 'mode': 'tri', 'thr': 135, 'window': '2Y', 'order': 2, 'rows': 8}
2025-11-12 11:25:34,985 INFO [cli] {'ticker': 'DIA', 'mode': 'tri', 'thr': 135, 'window': '2Y', 'order': 3, 'rows': 15}
2025-11-12 11:25:34,995 INFO [cli] {'ticker': 'DIA', 'mode': 'tri', 'thr': 135, 'window': '2Y', 'order': 4, 'rows': 23}
2025-11-12 11:25:35,007 INFO [cli] {'ticker': 'DIA', 'mode': 'tri', 'thr': 135, 'window': '5Y', 'order': 1, 'rows': 3}
2025-11-12 11:25:35,017 INFO [cli] {'ticker': 'DIA', 'mode': 'tri', 'thr': 135, 'window': '5Y', 'order': 2, 'rows': 9}
2025-11-12 11:25:35,026 INFO [cli] {'ticker': 'DIA', 'mode': 'tri', 'thr': 135, 'window': '5Y', 'order': 3, 'rows': 24}
2025-11-12 11:25:35,036 INFO [cli] {'ticker': 'DIA', 'mode': 'tri', 'thr': 135, 'window': '5Y', 'order': 4, 'rows': 49}
2025-11-12 11:25:35,046 INFO [cli] {'ticker': 'DIA', 'mode': 'tri', 'thr': 135, 'window': '10Y', 'order': 1, 'rows': 3}
2025-11-12 11:25:35,056 INFO [cli] {'ticker': 'DIA', 'mode': 'tri', 'thr': 135, 'window': '10Y', 'order': 2, 'rows': 9}
2025-11-12 11:25:35,066 INFO [cli] {'ticker': 'DIA', 'mode': 'tri', 'thr': 135, 'window': '10Y', 'order': 3, 'rows': 27}
2025-11-12 11:25:35,074 INFO [cli] {'ticker': 'DIA', 'mode': 'tri', 'thr': 135, 'window': '10Y', 'order': 4, 'rows': 75}
2025-11-12 11:25:35,085 INFO [cli] {'ticker': 'DIA', 'mode': 'tri', 'thr': 135, 'window': '20Y', 'order': 1, 'rows': 3}
2025-11-12 11:25:35,093 INFO [cli] {'ticker': 'DIA', 'mode': 'tri', 'thr': 135, 'window': '20Y', 'order': 2, 'rows': 9}
2025-11-12 11:25:35,102 INFO [cli] {'ticker': 'DIA', 'mode': 'tri', 'thr': 135, 'window': '20Y', 'order': 3, 'rows': 27}
2025-11-12 11:25:35,111 INFO [cli] {'ticker': 'DIA', 'mode': 'tri', 'thr': 135, 'window': '20Y', 'order': 4, 'rows': 80}
2025-11-12 11:25:35,120 INFO [cli] {'ticker': 'DIA', 'mode': 'tri', 'thr': 135, 'window': 'MAX', 'order': 1, 'rows': 3}
2025-11-12 11:25:35,130 INFO [cli] {'ticker': 'DIA', 'mode': 'tri', 'thr': 135, 'window': 'MAX', 'order': 2, 'rows': 9}
2025-11-12 11:25:35,139 INFO [cli] {'ticker': 'DIA', 'mode': 'tri', 'thr': 135, 'window': 'MAX', 'order': 3, 'rows': 27}
2025-11-12 11:25:35,148 INFO [cli] {'ticker': 'DIA', 'mode': 'tri', 'thr': 135, 'window': 'MAX', 'order': 4, 'rows': 81}
2025-11-12 11:25:35,166 INFO [cli] {'ticker': 'DIA', 'mode': 'tri', 'thr': 140, 'window': '1Y', 'order': 1, 'rows': 3}
2025-11-12 11:25:35,176 INFO [cli] {'ticker': 'DIA', 'mode': 'tri', 'thr': 140, 'window': '1Y', 'order': 2, 'rows': 8}
2025-11-12 11:25:35,186 INFO [cli] {'ticker': 'DIA', 'mode': 'tri', 'thr': 140, 'window': '1Y', 'order': 3, 'rows': 14}
2025-11-12 11:25:35,194 INFO [cli] {'ticker': 'DIA', 'mode': 'tri', 'thr': 140, 'window': '1Y', 'order': 4, 'rows': 21}
2025-11-12 11:25:35,201 INFO [cli] {'ticker': 'DIA', 'mode': 'tri', 'thr': 140, 'window': '2Y', 'order': 1, 'rows': 3}
2025-11-12 11:25:35,211 INFO [cli] {'ticker': 'DIA', 'mode': 'tri', 'thr': 140, 'window': '2Y', 'order': 2, 'rows': 8}
2025-11-12 11:25:35,220 INFO [cli] {'ticker': 'DIA', 'mode': 'tri', 'thr': 140, 'window': '2Y', 'order': 3, 'rows': 14}
2025-11-12 11:25:35,231 INFO [cli] {'ticker': 'DIA', 'mode': 'tri', 'thr': 140, 'window': '2Y', 'order': 4, 'rows': 21}
2025-11-12 11:25:35,241 INFO [cli] {'ticker': 'DIA', 'mode': 'tri', 'thr': 140, 'window': '5Y', 'order': 1, 'rows': 3}
2025-11-12 11:25:35,251 INFO [cli] {'ticker': 'DIA', 'mode': 'tri', 'thr': 140, 'window': '5Y', 'order': 2, 'rows': 9}
2025-11-12 11:25:35,260 INFO [cli] {'ticker': 'DIA', 'mode': 'tri', 'thr': 140, 'window': '5Y', 'order': 3, 'rows': 24}
2025-11-12 11:25:35,269 INFO [cli] {'ticker': 'DIA', 'mode': 'tri', 'thr': 140, 'window': '5Y', 'order': 4, 'rows': 47}
2025-11-12 11:25:35,278 INFO [cli] {'ticker': 'DIA', 'mode': 'tri', 'thr': 140, 'window': '10Y', 'order': 1, 'rows': 3}
2025-11-12 11:25:35,287 INFO [cli] {'ticker': 'DIA', 'mode': 'tri', 'thr': 140, 'window': '10Y', 'order': 2, 'rows': 9}
2025-11-12 11:25:35,295 INFO [cli] {'ticker': 'DIA', 'mode': 'tri', 'thr': 140, 'window': '10Y', 'order': 3, 'rows': 27}
2025-11-12 11:25:35,302 INFO [cli] {'ticker': 'DIA', 'mode': 'tri', 'thr': 140, 'window': '10Y', 'order': 4, 'rows': 73}
2025-11-12 11:25:35,310 INFO [cli] {'ticker': 'DIA', 'mode': 'tri', 'thr': 140, 'window': '20Y', 'order': 1, 'rows': 3}
2025-11-12 11:25:35,321 INFO [cli] {'ticker': 'DIA', 'mode': 'tri', 'thr': 140, 'window': '20Y', 'order': 2, 'rows': 9}
2025-11-12 11:25:35,331 INFO [cli] {'ticker': 'DIA', 'mode': 'tri', 'thr': 140, 'window': '20Y', 'order': 3, 'rows': 27}
2025-11-12 11:25:35,351 INFO [cli] {'ticker': 'DIA', 'mode': 'tri', 'thr': 140, 'window': '20Y', 'order': 4, 'rows': 79}
2025-11-12 11:25:35,360 INFO [cli] {'ticker': 'DIA', 'mode': 'tri', 'thr': 140, 'window': 'MAX', 'order': 1, 'rows': 3}
2025-11-12 11:25:35,368 INFO [cli] {'ticker': 'DIA', 'mode': 'tri', 'thr': 140, 'window': 'MAX', 'order': 2, 'rows': 9}
2025-11-12 11:25:35,376 INFO [cli] {'ticker': 'DIA', 'mode': 'tri', 'thr': 140, 'window': 'MAX', 'order': 3, 'rows': 27}

{'ticker': 'DIA', 'mode': 'tri', 'thr': 100, 'window': 'MAX', 'order': 3, 'rows': 27}
{'ticker': 'DIA', 'mode': 'tri', 'thr': 100, 'window': 'MAX', 'order': 4, 'rows': 81}
{'ticker': 'DIA', 'mode': 'tri', 'thr': 105, 'window': '1Y', 'order': 1, 'rows': 3}
{'ticker': 'DIA', 'mode': 'tri', 'thr': 105, 'window': '1Y', 'order': 2, 'rows': 9}
{'ticker': 'DIA', 'mode': 'tri', 'thr': 105, 'window': '1Y', 'order': 3, 'rows': 23}
{'ticker': 'DIA', 'mode': 'tri', 'thr': 105, 'window': '1Y', 'order': 4, 'rows': 39}
{'ticker': 'DIA', 'mode': 'tri', 'thr': 105, 'window': '2Y', 'order': 1, 'rows': 3}
{'ticker': 'DIA', 'mode': 'tri', 'thr': 105, 'window': '2Y', 'order': 2, 'rows': 9}
{'ticker': 'DIA', 'mode': 'tri', 'thr': 105, 'window': '2Y', 'order': 3, 'rows': 24}
{'ticker': 'DIA', 'mode': 'tri', 'thr': 105, 'window': '2Y', 'order': 4, 'rows': 45}
{'ticker': 'DIA', 'mode': 'tri', 'thr': 105, 'window': '5Y', 'order': 1, 'rows': 3}
{'ticker': 'DIA', 'mode': 'tri', 'thr': 105, 'window': '5Y', 'order': 2, 'rows': 9}
{'ticker': 'DIA', 'mode': 'tri', 'thr': 105, 'window': '5Y', 'order': 3, 'rows': 26}
{'ticker': 'DIA', 'mode': 'tri', 'thr': 105, 'window': '5Y', 'order': 4, 'rows': 63}
{'ticker': 'DIA', 'mode': 'tri', 'thr': 105, 'window': '10Y', 'order': 1, 'rows': 3}
{'ticker': 'DIA', 'mode': 'tri', 'thr': 105, 'window': '10Y', 'order': 2, 'rows': 9}
{'ticker': 'DIA', 'mode': 'tri', 'thr': 105, 'window': '10Y', 'order': 3, 'rows': 27}
{'ticker': 'DIA', 'mode': 'tri', 'thr': 105, 'window': '10Y', 'order': 4, 'rows': 79}
{'ticker': 'DIA', 'mode': 'tri', 'thr': 105, 'window': '20Y', 'order': 1, 'rows': 3}
{'ticker': 'DIA', 'mode': 'tri', 'thr': 105, 'window': '20Y', 'order': 2, 'rows': 9}
{'ticker': 'DIA', 'mode': 'tri', 'thr': 105, 'window': '20Y', 'order': 3, 'rows': 27}
{'ticker': 'DIA', 'mode': 'tri', 'thr': 105, 'window': '20Y', 'order': 4, 'rows': 81}
{'ticker': 'DIA', 'mode': 'tri', 'thr': 105, 'window': 'MAX', 'order': 1, 'rows': 3}
{'ticker': 'DIA', 'mode': 'tri', 'thr': 105, 'window': 'MAX', 'order': 2, 'rows': 9}
{'ticker': 'DIA', 'mode': 'tri', 'thr': 105, 'window': 'MAX', 'order': 3, 'rows': 27}
{'ticker': 'DIA', 'mode': 'tri', 'thr': 105, 'window': 'MAX', 'order': 4, 'rows': 81}
{'ticker': 'DIA', 'mode': 'tri', 'thr': 110, 'window': '1Y', 'order': 1, 'rows': 3}
{'ticker': 'DIA', 'mode': 'tri', 'thr': 110, 'window': '1Y', 'order': 2, 'rows': 8}
{'ticker': 'DIA', 'mode': 'tri', 'thr': 110, 'window': '1Y', 'order': 3, 'rows': 19}
{'ticker': 'DIA', 'mode': 'tri', 'thr': 110, 'window': '1Y', 'order': 4, 'rows': 32}
{'ticker': 'DIA', 'mode': 'tri', 'thr': 110, 'window': '2Y', 'order': 1, 'rows': 3}
{'ticker': 'DIA', 'mode': 'tri', 'thr': 110, 'window': '2Y', 'order': 2, 'rows': 8}
{'ticker': 'DIA', 'mode': 'tri', 'thr': 110, 'window': '2Y', 'order': 3, 'rows': 20}
{'ticker': 'DIA', 'mode': 'tri', 'thr': 110, 'window': '2Y', 'order': 4, 'rows': 38}
{'ticker': 'DIA', 'mode': 'tri', 'thr': 110, 'window': '5Y', 'order': 1, 'rows': 3}
{'ticker': 'DIA', 'mode': 'tri', 'thr': 110, 'window': '5Y', 'order': 2, 'rows': 9}
{'ticker': 'DIA', 'mode': 'tri', 'thr': 110, 'window': '5Y', 'order': 3, 'rows': 25}
{'ticker': 'DIA', 'mode': 'tri', 'thr': 110, 'window': '5Y', 'order': 4, 'rows': 61}
{'ticker': 'DIA', 'mode': 'tri', 'thr': 110, 'window': '10Y', 'order': 1, 'rows': 3}
{'ticker': 'DIA', 'mode': 'tri', 'thr': 110, 'window': '10Y', 'order': 2, 'rows': 9}
{'ticker': 'DIA', 'mode': 'tri', 'thr': 110, 'window': '10Y', 'order': 3, 'rows': 27}
{'ticker': 'DIA', 'mode': 'tri', 'thr': 110, 'window': '10Y', 'order': 4, 'rows': 79}
{'ticker': 'DIA', 'mode': 'tri', 'thr': 110, 'window': '20Y', 'order': 1, 'rows': 3}
{'ticker': 'DIA', 'mode': 'tri', 'thr': 110, 'window': '20Y', 'order': 2, 'rows': 9}
{'ticker': 'DIA', 'mode': 'tri', 'thr': 110, 'window': '20Y', 'order': 3, 'rows': 27}
{'ticker': 'DIA', 'mode': 'tri', 'thr': 110, 'window': '20Y', 'order': 4, 'rows': 81}
{'ticker': 'DIA', 'mode': 'tri', 'thr': 110, 'window': 'MAX', 'order': 1, 'rows': 3}
{'ticker': 'DIA', 'mode': 'tri', 'thr': 110, 'window': 'MAX', 'order': 2, 'rows': 9}
{'ticker': 'DIA', 'mode': 'tri', 'thr': 110, 'window': 'MAX', 'order': 3, 'rows': 27}
{'ticker': 'DIA', 'mode': 'tri', 'thr': 110, 'window': 'MAX', 'order': 4, 'rows': 81}
{'ticker': 'DIA', 'mode': 'tri', 'thr': 115, 'window': '1Y', 'order': 1, 'rows': 3}
{'ticker': 'DIA', 'mode': 'tri', 'thr': 115, 'window': '1Y', 'order': 2, 'rows': 8}
{'ticker': 'DIA', 'mode': 'tri', 'thr': 115, 'window': '1Y', 'order': 3, 'rows': 18}
{'ticker': 'DIA', 'mode': 'tri', 'thr': 115, 'window': '1Y', 'order': 4, 'rows': 31}
{'ticker': 'DIA', 'mode': 'tri', 'thr': 115, 'window': '2Y', 'order': 1, 'rows': 3}
{'ticker': 'DIA', 'mode': 'tri', 'thr': 115, 'window': '2Y', 'order': 2, 'rows': 8}
{'ticker': 'DIA', 'mode': 'tri', 'thr': 115, 'window': '2Y', 'order': 3, 'rows': 19}
{'ticker': 'DIA', 'mode': 'tri', 'thr': 115, 'window': '2Y', 'order': 4, 'rows': 35}
{'ticker': 'DIA', 'mode': 'tri', 'thr': 115, 'window': '5Y', 'order': 1, 'rows': 3}
{'ticker': 'DIA', 'mode': 'tri', 'thr': 115, 'window': '5Y', 'order': 2, 'rows': 9}
{'ticker': 'DIA', 'mode': 'tri', 'thr': 115, 'window': '5Y', 'order': 3, 'rows': 25}
{'ticker': 'DIA', 'mode': 'tri', 'thr': 115, 'window': '5Y', 'order': 4, 'rows': 59}
{'ticker': 'DIA', 'mode': 'tri', 'thr': 115, 'window': '10Y', 'order': 1, 'rows': 3}
{'ticker': 'DIA', 'mode': 'tri', 'thr': 115, 'window': '10Y', 'order': 2, 'rows': 9}
{'ticker': 'DIA', 'mode': 'tri', 'thr': 115, 'window': '10Y', 'order': 3, 'rows': 27}
{'ticker': 'DIA', 'mode': 'tri', 'thr': 115, 'window': '10Y', 'order': 4, 'rows': 78}
{'ticker': 'DIA', 'mode': 'tri', 'thr': 115, 'window': '20Y', 'order': 1, 'rows': 3}
{'ticker': 'DIA', 'mode': 'tri', 'thr': 115, 'window': '20Y', 'order': 2, 'rows': 9}
{'ticker': 'DIA', 'mode': 'tri', 'thr': 115, 'window': '20Y', 'order': 3, 'rows': 27}
{'ticker': 'DIA', 'mode': 'tri', 'thr': 115, 'window': '20Y', 'order': 4, 'rows': 81}
{'ticker': 'DIA', 'mode': 'tri', 'thr': 115, 'window': 'MAX', 'order': 1, 'rows': 3}
{'ticker': 'DIA', 'mode': 'tri', 'thr': 115, 'window': 'MAX', 'order': 2, 'rows': 9}
{'ticker': 'DIA', 'mode': 'tri', 'thr': 115, 'window': 'MAX', 'order': 3, 'rows': 27}
{'ticker': 'DIA', 'mode': 'tri', 'thr': 115, 'window': 'MAX', 'order': 4, 'rows': 81}
{'ticker': 'DIA', 'mode': 'tri', 'thr': 120, 'window': '1Y', 'order': 1, 'rows': 3}
{'ticker': 'DIA', 'mode': 'tri', 'thr': 120, 'window': '1Y', 'order': 2, 'rows': 8}
{'ticker': 'DIA', 'mode': 'tri', 'thr': 120, 'window': '1Y', 'order': 3, 'rows': 18}
{'ticker': 'DIA', 'mode': 'tri', 'thr': 120, 'window': '1Y', 'order': 4, 'rows': 31}
{'ticker': 'DIA', 'mode': 'tri', 'thr': 120, 'window': '2Y', 'order': 1, 'rows': 3}
{'ticker': 'DIA', 'mode': 'tri', 'thr': 120, 'window': '2Y', 'order': 2, 'rows': 8}
{'ticker': 'DIA', 'mode': 'tri', 'thr': 120, 'window': '2Y', 'order': 3, 'rows': 19}
{'ticker': 'DIA', 'mode': 'tri', 'thr': 120, 'window': '2Y', 'order': 4, 'rows': 34}
{'ticker': 'DIA', 'mode': 'tri', 'thr': 120, 'window': '5Y', 'order': 1, 'rows': 3}
{'ticker': 'DIA', 'mode': 'tri', 'thr': 120, 'window': '5Y', 'order': 2, 'rows': 9}
{'ticker': 'DIA', 'mode': 'tri', 'thr': 120, 'window': '5Y', 'order': 3, 'rows': 24}
{'ticker': 'DIA', 'mode': 'tri', 'thr': 120, 'window': '5Y', 'order': 4, 'rows': 56}
{'ticker': 'DIA', 'mode': 'tri', 'thr': 120, 'window': '10Y', 'order': 1, 'rows': 3}
{'ticker': 'DIA', 'mode': 'tri', 'thr': 120, 'window': '10Y', 'order': 2, 'rows': 9}
{'ticker': 'DIA', 'mode': 'tri', 'thr': 120, 'window': '10Y', 'order': 3, 'rows': 27}
{'ticker': 'DIA', 'mode': 'tri', 'thr': 120, 'window': '10Y', 'order': 4, 'rows': 75}
{'ticker': 'DIA', 'mode': 'tri', 'thr': 120, 'window': '20Y', 'order': 1, 'rows': 3}
{'ticker': 'DIA', 'mode': 'tri', 'thr': 120, 'window': '20Y', 'order': 2, 'rows': 9}
{'ticker': 'DIA', 'mode': 'tri', 'thr': 120, 'window': '20Y', 'order': 3, 'rows': 27}
{'ticker': 'DIA', 'mode': 'tri', 'thr': 120, 'window': '20Y', 'order': 4, 'rows': 81}
{'ticker': 'DIA', 'mode': 'tri', 'thr': 120, 'window': 'MAX', 'order': 1, 'rows': 3}
{'ticker': 'DIA', 'mode': 'tri', 'thr': 120, 'window': 'MAX', 'order': 2, 'rows': 9}
{'ticker': 'DIA', 'mode': 'tri', 'thr': 120, 'window': 'MAX', 'order': 3, 'rows': 27}2025-11-12 11:25:35,384 INFO [cli] {'ticker': 'DIA', 'mode': 'tri', 'thr': 140, 'window': 'MAX', 'order': 4, 'rows': 80}
2025-11-12 11:25:35,399 INFO [cli] {'ticker': 'DIA', 'mode': 'tri', 'thr': 145, 'window': '1Y', 'order': 1, 'rows': 3}
2025-11-12 11:25:35,407 INFO [cli] {'ticker': 'DIA', 'mode': 'tri', 'thr': 145, 'window': '1Y', 'order': 2, 'rows': 8}
2025-11-12 11:25:35,416 INFO [cli] {'ticker': 'DIA', 'mode': 'tri', 'thr': 145, 'window': '1Y', 'order': 3, 'rows': 14}
2025-11-12 11:25:35,423 INFO [cli] {'ticker': 'DIA', 'mode': 'tri', 'thr': 145, 'window': '1Y', 'order': 4, 'rows': 21}
2025-11-12 11:25:35,433 INFO [cli] {'ticker': 'DIA', 'mode': 'tri', 'thr': 145, 'window': '2Y', 'order': 1, 'rows': 3}
2025-11-12 11:25:35,450 INFO [cli] {'ticker': 'DIA', 'mode': 'tri', 'thr': 145, 'window': '2Y', 'order': 2, 'rows': 8}
2025-11-12 11:25:35,459 INFO [cli] {'ticker': 'DIA', 'mode': 'tri', 'thr': 145, 'window': '2Y', 'order': 3, 'rows': 14}
2025-11-12 11:25:35,468 INFO [cli] {'ticker': 'DIA', 'mode': 'tri', 'thr': 145, 'window': '2Y', 'order': 4, 'rows': 21}
2025-11-12 11:25:35,477 INFO [cli] {'ticker': 'DIA', 'mode': 'tri', 'thr': 145, 'window': '5Y', 'order': 1, 'rows': 3}
2025-11-12 11:25:35,485 INFO [cli] {'ticker': 'DIA', 'mode': 'tri', 'thr': 145, 'window': '5Y', 'order': 2, 'rows': 9}
2025-11-12 11:25:35,495 INFO [cli] {'ticker': 'DIA', 'mode': 'tri', 'thr': 145, 'window': '5Y', 'order': 3, 'rows': 24}
2025-11-12 11:25:35,503 INFO [cli] {'ticker': 'DIA', 'mode': 'tri', 'thr': 145, 'window': '5Y', 'order': 4, 'rows': 45}
2025-11-12 11:25:35,511 INFO [cli] {'ticker': 'DIA', 'mode': 'tri', 'thr': 145, 'window': '10Y', 'order': 1, 'rows': 3}
2025-11-12 11:25:35,520 INFO [cli] {'ticker': 'DIA', 'mode': 'tri', 'thr': 145, 'window': '10Y', 'order': 2, 'rows': 9}
2025-11-12 11:25:35,529 INFO [cli] {'ticker': 'DIA', 'mode': 'tri', 'thr': 145, 'window': '10Y', 'order': 3, 'rows': 27}
2025-11-12 11:25:35,539 INFO [cli] {'ticker': 'DIA', 'mode': 'tri', 'thr': 145, 'window': '10Y', 'order': 4, 'rows': 68}
2025-11-12 11:25:35,548 INFO [cli] {'ticker': 'DIA', 'mode': 'tri', 'thr': 145, 'window': '20Y', 'order': 1, 'rows': 3}
2025-11-12 11:25:35,560 INFO [cli] {'ticker': 'DIA', 'mode': 'tri', 'thr': 145, 'window': '20Y', 'order': 2, 'rows': 9}
2025-11-12 11:25:35,567 INFO [cli] {'ticker': 'DIA', 'mode': 'tri', 'thr': 145, 'window': '20Y', 'order': 3, 'rows': 27}
2025-11-12 11:25:35,577 INFO [cli] {'ticker': 'DIA', 'mode': 'tri', 'thr': 145, 'window': '20Y', 'order': 4, 'rows': 75}
2025-11-12 11:25:35,586 INFO [cli] {'ticker': 'DIA', 'mode': 'tri', 'thr': 145, 'window': 'MAX', 'order': 1, 'rows': 3}
2025-11-12 11:25:35,593 INFO [cli] {'ticker': 'DIA', 'mode': 'tri', 'thr': 145, 'window': 'MAX', 'order': 2, 'rows': 9}
2025-11-12 11:25:35,602 INFO [cli] {'ticker': 'DIA', 'mode': 'tri', 'thr': 145, 'window': 'MAX', 'order': 3, 'rows': 27}
2025-11-12 11:25:35,609 INFO [cli] {'ticker': 'DIA', 'mode': 'tri', 'thr': 145, 'window': 'MAX', 'order': 4, 'rows': 78}
2025-11-12 11:25:35,625 INFO [cli] {'ticker': 'DIA', 'mode': 'tri', 'thr': 150, 'window': '1Y', 'order': 1, 'rows': 3}
2025-11-12 11:25:35,634 INFO [cli] {'ticker': 'DIA', 'mode': 'tri', 'thr': 150, 'window': '1Y', 'order': 2, 'rows': 8}
2025-11-12 11:25:35,644 INFO [cli] {'ticker': 'DIA', 'mode': 'tri', 'thr': 150, 'window': '1Y', 'order': 3, 'rows': 14}
2025-11-12 11:25:35,654 INFO [cli] {'ticker': 'DIA', 'mode': 'tri', 'thr': 150, 'window': '1Y', 'order': 4, 'rows': 21}
2025-11-12 11:25:35,662 INFO [cli] {'ticker': 'DIA', 'mode': 'tri', 'thr': 150, 'window': '2Y', 'order': 1, 'rows': 3}
2025-11-12 11:25:35,673 INFO [cli] {'ticker': 'DIA', 'mode': 'tri', 'thr': 150, 'window': '2Y', 'order': 2, 'rows': 8}
2025-11-12 11:25:35,684 INFO [cli] {'ticker': 'DIA', 'mode': 'tri', 'thr': 150, 'window': '2Y', 'order': 3, 'rows': 14}
2025-11-12 11:25:35,694 INFO [cli] {'ticker': 'DIA', 'mode': 'tri', 'thr': 150, 'window': '2Y', 'order': 4, 'rows': 21}
2025-11-12 11:25:35,703 INFO [cli] {'ticker': 'DIA', 'mode': 'tri', 'thr': 150, 'window': '5Y', 'order': 1, 'rows': 3}
2025-11-12 11:25:35,712 INFO [cli] {'ticker': 'DIA', 'mode': 'tri', 'thr': 150, 'window': '5Y', 'order': 2, 'rows': 9}
2025-11-12 11:25:35,719 INFO [cli] {'ticker': 'DIA', 'mode': 'tri', 'thr': 150, 'window': '5Y', 'order': 3, 'rows': 24}
2025-11-12 11:25:35,728 INFO [cli] {'ticker': 'DIA', 'mode': 'tri', 'thr': 150, 'window': '5Y', 'order': 4, 'rows': 45}
2025-11-12 11:25:35,735 INFO [cli] {'ticker': 'DIA', 'mode': 'tri', 'thr': 150, 'window': '10Y', 'order': 1, 'rows': 3}
2025-11-12 11:25:35,743 INFO [cli] {'ticker': 'DIA', 'mode': 'tri', 'thr': 150, 'window': '10Y', 'order': 2, 'rows': 9}
2025-11-12 11:25:35,752 INFO [cli] {'ticker': 'DIA', 'mode': 'tri', 'thr': 150, 'window': '10Y', 'order': 3, 'rows': 27}
2025-11-12 11:25:35,760 INFO [cli] {'ticker': 'DIA', 'mode': 'tri', 'thr': 150, 'window': '10Y', 'order': 4, 'rows': 68}
2025-11-12 11:25:35,768 INFO [cli] {'ticker': 'DIA', 'mode': 'tri', 'thr': 150, 'window': '20Y', 'order': 1, 'rows': 3}
2025-11-12 11:25:35,779 INFO [cli] {'ticker': 'DIA', 'mode': 'tri', 'thr': 150, 'window': '20Y', 'order': 2, 'rows': 9}
2025-11-12 11:25:35,785 INFO [cli] {'ticker': 'DIA', 'mode': 'tri', 'thr': 150, 'window': '20Y', 'order': 3, 'rows': 27}
2025-11-12 11:25:35,794 INFO [cli] {'ticker': 'DIA', 'mode': 'tri', 'thr': 150, 'window': '20Y', 'order': 4, 'rows': 75}
2025-11-12 11:25:35,804 INFO [cli] {'ticker': 'DIA', 'mode': 'tri', 'thr': 150, 'window': 'MAX', 'order': 1, 'rows': 3}
2025-11-12 11:25:35,813 INFO [cli] {'ticker': 'DIA', 'mode': 'tri', 'thr': 150, 'window': 'MAX', 'order': 2, 'rows': 9}
2025-11-12 11:25:35,822 INFO [cli] {'ticker': 'DIA', 'mode': 'tri', 'thr': 150, 'window': 'MAX', 'order': 3, 'rows': 27}
2025-11-12 11:25:35,829 INFO [cli] {'ticker': 'DIA', 'mode': 'tri', 'thr': 150, 'window': 'MAX', 'order': 4, 'rows': 78}
2025-11-12 11:25:35,846 INFO [cli] {'ticker': 'IWM', 'mode': 'binary', 'thr': 0, 'window': '1Y', 'order': 1, 'rows': 2}
2025-11-12 11:25:35,853 INFO [cli] {'ticker': 'IWM', 'mode': 'binary', 'thr': 0, 'window': '1Y', 'order': 2, 'rows': 4}
2025-11-12 11:25:35,862 INFO [cli] {'ticker': 'IWM', 'mode': 'binary', 'thr': 0, 'window': '1Y', 'order': 3, 'rows': 8}
2025-11-12 11:25:35,870 INFO [cli] {'ticker': 'IWM', 'mode': 'binary', 'thr': 0, 'window': '1Y', 'order': 4, 'rows': 16}
2025-11-12 11:25:35,879 INFO [cli] {'ticker': 'IWM', 'mode': 'binary', 'thr': 0, 'window': '2Y', 'order': 1, 'rows': 2}
2025-11-12 11:25:35,887 INFO [cli] {'ticker': 'IWM', 'mode': 'binary', 'thr': 0, 'window': '2Y', 'order': 2, 'rows': 4}
2025-11-12 11:25:35,894 INFO [cli] {'ticker': 'IWM', 'mode': 'binary', 'thr': 0, 'window': '2Y', 'order': 3, 'rows': 8}
2025-11-12 11:25:35,902 INFO [cli] {'ticker': 'IWM', 'mode': 'binary', 'thr': 0, 'window': '2Y', 'order': 4, 'rows': 16}
2025-11-12 11:25:35,910 INFO [cli] {'ticker': 'IWM', 'mode': 'binary', 'thr': 0, 'window': '5Y', 'order': 1, 'rows': 2}
2025-11-12 11:25:35,919 INFO [cli] {'ticker': 'IWM', 'mode': 'binary', 'thr': 0, 'window': '5Y', 'order': 2, 'rows': 4}
2025-11-12 11:25:35,928 INFO [cli] {'ticker': 'IWM', 'mode': 'binary', 'thr': 0, 'window': '5Y', 'order': 3, 'rows': 8}
2025-11-12 11:25:35,936 INFO [cli] {'ticker': 'IWM', 'mode': 'binary', 'thr': 0, 'window': '5Y', 'order': 4, 'rows': 16}
2025-11-12 11:25:35,946 INFO [cli] {'ticker': 'IWM', 'mode': 'binary', 'thr': 0, 'window': '10Y', 'order': 1, 'rows': 2}
2025-11-12 11:25:35,956 INFO [cli] {'ticker': 'IWM', 'mode': 'binary', 'thr': 0, 'window': '10Y', 'order': 2, 'rows': 4}
2025-11-12 11:25:35,966 INFO [cli] {'ticker': 'IWM', 'mode': 'binary', 'thr': 0, 'window': '10Y', 'order': 3, 'rows': 8}
2025-11-12 11:25:35,975 INFO [cli] {'ticker': 'IWM', 'mode': 'binary', 'thr': 0, 'window': '10Y', 'order': 4, 'rows': 16}
2025-11-12 11:25:35,985 INFO [cli] {'ticker': 'IWM', 'mode': 'binary', 'thr': 0, 'window': '20Y', 'order': 1, 'rows': 2}
2025-11-12 11:25:35,994 INFO [cli] {'ticker': 'IWM', 'mode': 'binary', 'thr': 0, 'window': '20Y', 'order': 2, 'rows': 4}
2025-11-12 11:25:36,004 INFO [cli] {'ticker': 'IWM', 'mode': 'binary', 'thr': 0, 'window': '20Y', 'order': 3, 'rows': 8}
2025-11-12 11:25:36,011 INFO [cli] {'ticker': 'IWM', 'mode': 'binary', 'thr': 0, 'window': '20Y', 'order': 4, 'rows': 16}
2025-11-12 11:25:36,020 INFO [cli] {'ticker': 'IWM', 'mode': 'binary', 'thr': 0, 'window': 'MAX', 'order': 1, 'rows': 2}
2025-11-12 11:25:36,030 INFO [cli] {'ticker': 'IWM', 'mode': 'binary', 'thr': 0, 'window': 'MAX', 'order': 2, 'rows': 4}
2025-11-12 11:25:36,039 INFO [cli] {'ticker': 'IWM', 'mode': 'binary', 'thr': 0, 'window': 'MAX', 'order': 3, 'rows': 8}
2025-11-12 11:25:36,048 INFO [cli] {'ticker': 'IWM', 'mode': 'binary', 'thr': 0, 'window': 'MAX', 'order': 4, 'rows': 16}
2025-11-12 11:25:36,064 INFO [cli] {'ticker': 'IWM', 'mode': 'binary', 'thr': 5, 'window': '1Y', 'order': 1, 'rows': 2}
2025-11-12 11:25:36,076 INFO [cli] {'ticker': 'IWM', 'mode': 'binary', 'thr': 5, 'window': '1Y', 'order': 2, 'rows': 4}
2025-11-12 11:25:36,086 INFO [cli] {'ticker': 'IWM', 'mode': 'binary', 'thr': 5, 'window': '1Y', 'order': 3, 'rows': 8}
2025-11-12 11:25:36,094 INFO [cli] {'ticker': 'IWM', 'mode': 'binary', 'thr': 5, 'window': '1Y', 'order': 4, 'rows': 16}
2025-11-12 11:25:36,104 INFO [cli] {'ticker': 'IWM', 'mode': 'binary', 'thr': 5, 'window': '2Y', 'order': 1, 'rows': 2}
2025-11-12 11:25:36,114 INFO [cli] {'ticker': 'IWM', 'mode': 'binary', 'thr': 5, 'window': '2Y', 'order': 2, 'rows': 4}
2025-11-12 11:25:36,125 INFO [cli] {'ticker': 'IWM', 'mode': 'binary', 'thr': 5, 'window': '2Y', 'order': 3, 'rows': 8}
2025-11-12 11:25:36,134 INFO [cli] {'ticker': 'IWM', 'mode': 'binary', 'thr': 5, 'window': '2Y', 'order': 4, 'rows': 16}
2025-11-12 11:25:36,143 INFO [cli] {'ticker': 'IWM', 'mode': 'binary', 'thr': 5, 'window': '5Y', 'order': 1, 'rows': 2}
2025-11-12 11:25:36,151 INFO [cli] {'ticker': 'IWM', 'mode': 'binary', 'thr': 5, 'window': '5Y', 'order': 2, 'rows': 4}
2025-11-12 11:25:36,161 INFO [cli] {'ticker': 'IWM', 'mode': 'binary', 'thr': 5, 'window': '5Y', 'order': 3, 'rows': 8}
2025-11-12 11:25:36,171 INFO [cli] {'ticker': 'IWM', 'mode': 'binary', 'thr': 5, 'window': '5Y', 'order': 4, 'rows': 16}
2025-11-12 11:25:36,185 INFO [cli] {'ticker': 'IWM', 'mode': 'binary', 'thr': 5, 'window': '10Y', 'order': 1, 'rows': 2}
2025-11-12 11:25:36,194 INFO [cli] {'ticker': 'IWM', 'mode': 'binary', 'thr': 5, 'window': '10Y', 'order': 2, 'rows': 4}
2025-11-12 11:25:36,202 INFO [cli] {'ticker': 'IWM', 'mode': 'binary', 'thr': 5, 'window': '10Y', 'order': 3, 'rows': 8}
2025-11-12 11:25:36,212 INFO [cli] {'ticker': 'IWM', 'mode': 'binary', 'thr': 5, 'window': '10Y', 'order': 4, 'rows': 16}
2025-11-12 11:25:36,219 INFO [cli] {'ticker': 'IWM', 'mode': 'binary', 'thr': 5, 'window': '20Y', 'order': 1, 'rows': 2}
2025-11-12 11:25:36,228 INFO [cli] {'ticker': 'IWM', 'mode': 'binary', 'thr': 5, 'window': '20Y', 'order': 2, 'rows': 4}
2025-11-12 11:25:36,239 INFO [cli] {'ticker': 'IWM', 'mode': 'binary', 'thr': 5, 'window': '20Y', 'order': 3, 'rows': 8}
2025-11-12 11:25:36,256 INFO [cli] {'ticker': 'IWM', 'mode': 'binary', 'thr': 5, 'window': '20Y', 'order': 4, 'rows': 16}
2025-11-12 11:25:36,265 INFO [cli] {'ticker': 'IWM', 'mode': 'binary', 'thr': 5, 'window': 'MAX', 'order': 1, 'rows': 2}
2025-11-12 11:25:36,273 INFO [cli] {'ticker': 'IWM', 'mode': 'binary', 'thr': 5, 'window': 'MAX', 'order': 2, 'rows': 4}
2025-11-12 11:25:36,281 INFO [cli] {'ticker': 'IWM', 'mode': 'binary', 'thr': 5, 'window': 'MAX', 'order': 3, 'rows': 8}

{'ticker': 'DIA', 'mode': 'tri', 'thr': 120, 'window': 'MAX', 'order': 4, 'rows': 81}
{'ticker': 'DIA', 'mode': 'tri', 'thr': 125, 'window': '1Y', 'order': 1, 'rows': 3}
{'ticker': 'DIA', 'mode': 'tri', 'thr': 125, 'window': '1Y', 'order': 2, 'rows': 8}
{'ticker': 'DIA', 'mode': 'tri', 'thr': 125, 'window': '1Y', 'order': 3, 'rows': 17}
{'ticker': 'DIA', 'mode': 'tri', 'thr': 125, 'window': '1Y', 'order': 4, 'rows': 27}
{'ticker': 'DIA', 'mode': 'tri', 'thr': 125, 'window': '2Y', 'order': 1, 'rows': 3}
{'ticker': 'DIA', 'mode': 'tri', 'thr': 125, 'window': '2Y', 'order': 2, 'rows': 8}
{'ticker': 'DIA', 'mode': 'tri', 'thr': 125, 'window': '2Y', 'order': 3, 'rows': 18}
{'ticker': 'DIA', 'mode': 'tri', 'thr': 125, 'window': '2Y', 'order': 4, 'rows': 30}
{'ticker': 'DIA', 'mode': 'tri', 'thr': 125, 'window': '5Y', 'order': 1, 'rows': 3}
{'ticker': 'DIA', 'mode': 'tri', 'thr': 125, 'window': '5Y', 'order': 2, 'rows': 9}
{'ticker': 'DIA', 'mode': 'tri', 'thr': 125, 'window': '5Y', 'order': 3, 'rows': 24}
{'ticker': 'DIA', 'mode': 'tri', 'thr': 125, 'window': '5Y', 'order': 4, 'rows': 56}
{'ticker': 'DIA', 'mode': 'tri', 'thr': 125, 'window': '10Y', 'order': 1, 'rows': 3}
{'ticker': 'DIA', 'mode': 'tri', 'thr': 125, 'window': '10Y', 'order': 2, 'rows': 9}
{'ticker': 'DIA', 'mode': 'tri', 'thr': 125, 'window': '10Y', 'order': 3, 'rows': 27}
{'ticker': 'DIA', 'mode': 'tri', 'thr': 125, 'window': '10Y', 'order': 4, 'rows': 75}
{'ticker': 'DIA', 'mode': 'tri', 'thr': 125, 'window': '20Y', 'order': 1, 'rows': 3}
{'ticker': 'DIA', 'mode': 'tri', 'thr': 125, 'window': '20Y', 'order': 2, 'rows': 9}
{'ticker': 'DIA', 'mode': 'tri', 'thr': 125, 'window': '20Y', 'order': 3, 'rows': 27}
{'ticker': 'DIA', 'mode': 'tri', 'thr': 125, 'window': '20Y', 'order': 4, 'rows': 81}
{'ticker': 'DIA', 'mode': 'tri', 'thr': 125, 'window': 'MAX', 'order': 1, 'rows': 3}
{'ticker': 'DIA', 'mode': 'tri', 'thr': 125, 'window': 'MAX', 'order': 2, 'rows': 9}
{'ticker': 'DIA', 'mode': 'tri', 'thr': 125, 'window': 'MAX', 'order': 3, 'rows': 27}
{'ticker': 'DIA', 'mode': 'tri', 'thr': 125, 'window': 'MAX', 'order': 4, 'rows': 81}
{'ticker': 'DIA', 'mode': 'tri', 'thr': 130, 'window': '1Y', 'order': 1, 'rows': 3}
{'ticker': 'DIA', 'mode': 'tri', 'thr': 130, 'window': '1Y', 'order': 2, 'rows': 8}
{'ticker': 'DIA', 'mode': 'tri', 'thr': 130, 'window': '1Y', 'order': 3, 'rows': 15}
{'ticker': 'DIA', 'mode': 'tri', 'thr': 130, 'window': '1Y', 'order': 4, 'rows': 23}
{'ticker': 'DIA', 'mode': 'tri', 'thr': 130, 'window': '2Y', 'order': 1, 'rows': 3}
{'ticker': 'DIA', 'mode': 'tri', 'thr': 130, 'window': '2Y', 'order': 2, 'rows': 8}
{'ticker': 'DIA', 'mode': 'tri', 'thr': 130, 'window': '2Y', 'order': 3, 'rows': 15}
{'ticker': 'DIA', 'mode': 'tri', 'thr': 130, 'window': '2Y', 'order': 4, 'rows': 23}
{'ticker': 'DIA', 'mode': 'tri', 'thr': 130, 'window': '5Y', 'order': 1, 'rows': 3}
{'ticker': 'DIA', 'mode': 'tri', 'thr': 130, 'window': '5Y', 'order': 2, 'rows': 9}
{'ticker': 'DIA', 'mode': 'tri', 'thr': 130, 'window': '5Y', 'order': 3, 'rows': 24}
{'ticker': 'DIA', 'mode': 'tri', 'thr': 130, 'window': '5Y', 'order': 4, 'rows': 55}
{'ticker': 'DIA', 'mode': 'tri', 'thr': 130, 'window': '10Y', 'order': 1, 'rows': 3}
{'ticker': 'DIA', 'mode': 'tri', 'thr': 130, 'window': '10Y', 'order': 2, 'rows': 9}
{'ticker': 'DIA', 'mode': 'tri', 'thr': 130, 'window': '10Y', 'order': 3, 'rows': 27}
{'ticker': 'DIA', 'mode': 'tri', 'thr': 130, 'window': '10Y', 'order': 4, 'rows': 75}
{'ticker': 'DIA', 'mode': 'tri', 'thr': 130, 'window': '20Y', 'order': 1, 'rows': 3}
{'ticker': 'DIA', 'mode': 'tri', 'thr': 130, 'window': '20Y', 'order': 2, 'rows': 9}
{'ticker': 'DIA', 'mode': 'tri', 'thr': 130, 'window': '20Y', 'order': 3, 'rows': 27}
{'ticker': 'DIA', 'mode': 'tri', 'thr': 130, 'window': '20Y', 'order': 4, 'rows': 81}
{'ticker': 'DIA', 'mode': 'tri', 'thr': 130, 'window': 'MAX', 'order': 1, 'rows': 3}
{'ticker': 'DIA', 'mode': 'tri', 'thr': 130, 'window': 'MAX', 'order': 2, 'rows': 9}
{'ticker': 'DIA', 'mode': 'tri', 'thr': 130, 'window': 'MAX', 'order': 3, 'rows': 27}
{'ticker': 'DIA', 'mode': 'tri', 'thr': 130, 'window': 'MAX', 'order': 4, 'rows': 81}
{'ticker': 'DIA', 'mode': 'tri', 'thr': 135, 'window': '1Y', 'order': 1, 'rows': 3}
{'ticker': 'DIA', 'mode': 'tri', 'thr': 135, 'window': '1Y', 'order': 2, 'rows': 8}
{'ticker': 'DIA', 'mode': 'tri', 'thr': 135, 'window': '1Y', 'order': 3, 'rows': 15}
{'ticker': 'DIA', 'mode': 'tri', 'thr': 135, 'window': '1Y', 'order': 4, 'rows': 23}
{'ticker': 'DIA', 'mode': 'tri', 'thr': 135, 'window': '2Y', 'order': 1, 'rows': 3}
{'ticker': 'DIA', 'mode': 'tri', 'thr': 135, 'window': '2Y', 'order': 2, 'rows': 8}
{'ticker': 'DIA', 'mode': 'tri', 'thr': 135, 'window': '2Y', 'order': 3, 'rows': 15}
{'ticker': 'DIA', 'mode': 'tri', 'thr': 135, 'window': '2Y', 'order': 4, 'rows': 23}
{'ticker': 'DIA', 'mode': 'tri', 'thr': 135, 'window': '5Y', 'order': 1, 'rows': 3}
{'ticker': 'DIA', 'mode': 'tri', 'thr': 135, 'window': '5Y', 'order': 2, 'rows': 9}
{'ticker': 'DIA', 'mode': 'tri', 'thr': 135, 'window': '5Y', 'order': 3, 'rows': 24}
{'ticker': 'DIA', 'mode': 'tri', 'thr': 135, 'window': '5Y', 'order': 4, 'rows': 49}
{'ticker': 'DIA', 'mode': 'tri', 'thr': 135, 'window': '10Y', 'order': 1, 'rows': 3}
{'ticker': 'DIA', 'mode': 'tri', 'thr': 135, 'window': '10Y', 'order': 2, 'rows': 9}
{'ticker': 'DIA', 'mode': 'tri', 'thr': 135, 'window': '10Y', 'order': 3, 'rows': 27}
{'ticker': 'DIA', 'mode': 'tri', 'thr': 135, 'window': '10Y', 'order': 4, 'rows': 75}
{'ticker': 'DIA', 'mode': 'tri', 'thr': 135, 'window': '20Y', 'order': 1, 'rows': 3}
{'ticker': 'DIA', 'mode': 'tri', 'thr': 135, 'window': '20Y', 'order': 2, 'rows': 9}
{'ticker': 'DIA', 'mode': 'tri', 'thr': 135, 'window': '20Y', 'order': 3, 'rows': 27}
{'ticker': 'DIA', 'mode': 'tri', 'thr': 135, 'window': '20Y', 'order': 4, 'rows': 80}
{'ticker': 'DIA', 'mode': 'tri', 'thr': 135, 'window': 'MAX', 'order': 1, 'rows': 3}
{'ticker': 'DIA', 'mode': 'tri', 'thr': 135, 'window': 'MAX', 'order': 2, 'rows': 9}
{'ticker': 'DIA', 'mode': 'tri', 'thr': 135, 'window': 'MAX', 'order': 3, 'rows': 27}
{'ticker': 'DIA', 'mode': 'tri', 'thr': 135, 'window': 'MAX', 'order': 4, 'rows': 81}
{'ticker': 'DIA', 'mode': 'tri', 'thr': 140, 'window': '1Y', 'order': 1, 'rows': 3}
{'ticker': 'DIA', 'mode': 'tri', 'thr': 140, 'window': '1Y', 'order': 2, 'rows': 8}
{'ticker': 'DIA', 'mode': 'tri', 'thr': 140, 'window': '1Y', 'order': 3, 'rows': 14}
{'ticker': 'DIA', 'mode': 'tri', 'thr': 140, 'window': '1Y', 'order': 4, 'rows': 21}
{'ticker': 'DIA', 'mode': 'tri', 'thr': 140, 'window': '2Y', 'order': 1, 'rows': 3}
{'ticker': 'DIA', 'mode': 'tri', 'thr': 140, 'window': '2Y', 'order': 2, 'rows': 8}
{'ticker': 'DIA', 'mode': 'tri', 'thr': 140, 'window': '2Y', 'order': 3, 'rows': 14}
{'ticker': 'DIA', 'mode': 'tri', 'thr': 140, 'window': '2Y', 'order': 4, 'rows': 21}
{'ticker': 'DIA', 'mode': 'tri', 'thr': 140, 'window': '5Y', 'order': 1, 'rows': 3}
{'ticker': 'DIA', 'mode': 'tri', 'thr': 140, 'window': '5Y', 'order': 2, 'rows': 9}
{'ticker': 'DIA', 'mode': 'tri', 'thr': 140, 'window': '5Y', 'order': 3, 'rows': 24}
{'ticker': 'DIA', 'mode': 'tri', 'thr': 140, 'window': '5Y', 'order': 4, 'rows': 47}
{'ticker': 'DIA', 'mode': 'tri', 'thr': 140, 'window': '10Y', 'order': 1, 'rows': 3}
{'ticker': 'DIA', 'mode': 'tri', 'thr': 140, 'window': '10Y', 'order': 2, 'rows': 9}
{'ticker': 'DIA', 'mode': 'tri', 'thr': 140, 'window': '10Y', 'order': 3, 'rows': 27}
{'ticker': 'DIA', 'mode': 'tri', 'thr': 140, 'window': '10Y', 'order': 4, 'rows': 73}
{'ticker': 'DIA', 'mode': 'tri', 'thr': 140, 'window': '20Y', 'order': 1, 'rows': 3}
{'ticker': 'DIA', 'mode': 'tri', 'thr': 140, 'window': '20Y', 'order': 2, 'rows': 9}
{'ticker': 'DIA', 'mode': 'tri', 'thr': 140, 'window': '20Y', 'order': 3, 'rows': 27}
{'ticker': 'DIA', 'mode': 'tri', 'thr': 140, 'window': '20Y', 'order': 4, 'rows': 79}
{'ticker': 'DIA', 'mode': 'tri', 'thr': 140, 'window': 'MAX', 'order': 1, 'rows': 3}
{'ticker': 'DIA', 'mode': 'tri', 'thr': 140, 'window': 'MAX', 'order': 2, 'rows': 9}
{'ticker': 'DIA', 'mode': 'tri', 'thr': 140, 'window': 'MAX', 'order': 3, 'rows': 27}
{'ticker': 'DIA', 'mode': 'tri', 'thr': 140, 'window': 'MAX', 'order': 4, 'rows': 80}2025-11-12 11:25:36,290 INFO [cli] {'ticker': 'IWM', 'mode': 'binary', 'thr': 5, 'window': 'MAX', 'order': 4, 'rows': 16}
2025-11-12 11:25:36,306 INFO [cli] {'ticker': 'IWM', 'mode': 'binary', 'thr': 10, 'window': '1Y', 'order': 1, 'rows': 2}
2025-11-12 11:25:36,314 INFO [cli] {'ticker': 'IWM', 'mode': 'binary', 'thr': 10, 'window': '1Y', 'order': 2, 'rows': 4}
2025-11-12 11:25:36,324 INFO [cli] {'ticker': 'IWM', 'mode': 'binary', 'thr': 10, 'window': '1Y', 'order': 3, 'rows': 8}
2025-11-12 11:25:36,333 INFO [cli] {'ticker': 'IWM', 'mode': 'binary', 'thr': 10, 'window': '1Y', 'order': 4, 'rows': 16}
2025-11-12 11:25:36,341 INFO [cli] {'ticker': 'IWM', 'mode': 'binary', 'thr': 10, 'window': '2Y', 'order': 1, 'rows': 2}
2025-11-12 11:25:36,351 INFO [cli] {'ticker': 'IWM', 'mode': 'binary', 'thr': 10, 'window': '2Y', 'order': 2, 'rows': 4}
2025-11-12 11:25:36,361 INFO [cli] {'ticker': 'IWM', 'mode': 'binary', 'thr': 10, 'window': '2Y', 'order': 3, 'rows': 8}
2025-11-12 11:25:36,369 INFO [cli] {'ticker': 'IWM', 'mode': 'binary', 'thr': 10, 'window': '2Y', 'order': 4, 'rows': 16}
2025-11-12 11:25:36,379 INFO [cli] {'ticker': 'IWM', 'mode': 'binary', 'thr': 10, 'window': '5Y', 'order': 1, 'rows': 2}
2025-11-12 11:25:36,389 INFO [cli] {'ticker': 'IWM', 'mode': 'binary', 'thr': 10, 'window': '5Y', 'order': 2, 'rows': 4}
2025-11-12 11:25:36,401 INFO [cli] {'ticker': 'IWM', 'mode': 'binary', 'thr': 10, 'window': '5Y', 'order': 3, 'rows': 8}
2025-11-12 11:25:36,416 INFO [cli] {'ticker': 'IWM', 'mode': 'binary', 'thr': 10, 'window': '5Y', 'order': 4, 'rows': 16}
2025-11-12 11:25:36,426 INFO [cli] {'ticker': 'IWM', 'mode': 'binary', 'thr': 10, 'window': '10Y', 'order': 1, 'rows': 2}
2025-11-12 11:25:36,436 INFO [cli] {'ticker': 'IWM', 'mode': 'binary', 'thr': 10, 'window': '10Y', 'order': 2, 'rows': 4}
2025-11-12 11:25:36,444 INFO [cli] {'ticker': 'IWM', 'mode': 'binary', 'thr': 10, 'window': '10Y', 'order': 3, 'rows': 8}
2025-11-12 11:25:36,453 INFO [cli] {'ticker': 'IWM', 'mode': 'binary', 'thr': 10, 'window': '10Y', 'order': 4, 'rows': 16}
2025-11-12 11:25:36,462 INFO [cli] {'ticker': 'IWM', 'mode': 'binary', 'thr': 10, 'window': '20Y', 'order': 1, 'rows': 2}
2025-11-12 11:25:36,476 INFO [cli] {'ticker': 'IWM', 'mode': 'binary', 'thr': 10, 'window': '20Y', 'order': 2, 'rows': 4}
2025-11-12 11:25:36,487 INFO [cli] {'ticker': 'IWM', 'mode': 'binary', 'thr': 10, 'window': '20Y', 'order': 3, 'rows': 8}
2025-11-12 11:25:36,494 INFO [cli] {'ticker': 'IWM', 'mode': 'binary', 'thr': 10, 'window': '20Y', 'order': 4, 'rows': 16}
2025-11-12 11:25:36,503 INFO [cli] {'ticker': 'IWM', 'mode': 'binary', 'thr': 10, 'window': 'MAX', 'order': 1, 'rows': 2}
2025-11-12 11:25:36,514 INFO [cli] {'ticker': 'IWM', 'mode': 'binary', 'thr': 10, 'window': 'MAX', 'order': 2, 'rows': 4}
2025-11-12 11:25:36,521 INFO [cli] {'ticker': 'IWM', 'mode': 'binary', 'thr': 10, 'window': 'MAX', 'order': 3, 'rows': 8}
2025-11-12 11:25:36,531 INFO [cli] {'ticker': 'IWM', 'mode': 'binary', 'thr': 10, 'window': 'MAX', 'order': 4, 'rows': 16}
2025-11-12 11:25:36,546 INFO [cli] {'ticker': 'IWM', 'mode': 'binary', 'thr': 15, 'window': '1Y', 'order': 1, 'rows': 2}
2025-11-12 11:25:36,555 INFO [cli] {'ticker': 'IWM', 'mode': 'binary', 'thr': 15, 'window': '1Y', 'order': 2, 'rows': 4}
2025-11-12 11:25:36,565 INFO [cli] {'ticker': 'IWM', 'mode': 'binary', 'thr': 15, 'window': '1Y', 'order': 3, 'rows': 8}
2025-11-12 11:25:36,574 INFO [cli] {'ticker': 'IWM', 'mode': 'binary', 'thr': 15, 'window': '1Y', 'order': 4, 'rows': 16}
2025-11-12 11:25:36,583 INFO [cli] {'ticker': 'IWM', 'mode': 'binary', 'thr': 15, 'window': '2Y', 'order': 1, 'rows': 2}
2025-11-12 11:25:36,593 INFO [cli] {'ticker': 'IWM', 'mode': 'binary', 'thr': 15, 'window': '2Y', 'order': 2, 'rows': 4}
2025-11-12 11:25:36,604 INFO [cli] {'ticker': 'IWM', 'mode': 'binary', 'thr': 15, 'window': '2Y', 'order': 3, 'rows': 8}
2025-11-12 11:25:36,614 INFO [cli] {'ticker': 'IWM', 'mode': 'binary', 'thr': 15, 'window': '2Y', 'order': 4, 'rows': 16}
2025-11-12 11:25:36,623 INFO [cli] {'ticker': 'IWM', 'mode': 'binary', 'thr': 15, 'window': '5Y', 'order': 1, 'rows': 2}
2025-11-12 11:25:36,634 INFO [cli] {'ticker': 'IWM', 'mode': 'binary', 'thr': 15, 'window': '5Y', 'order': 2, 'rows': 4}
2025-11-12 11:25:36,645 INFO [cli] {'ticker': 'IWM', 'mode': 'binary', 'thr': 15, 'window': '5Y', 'order': 3, 'rows': 8}
2025-11-12 11:25:36,654 INFO [cli] {'ticker': 'IWM', 'mode': 'binary', 'thr': 15, 'window': '5Y', 'order': 4, 'rows': 16}
2025-11-12 11:25:36,665 INFO [cli] {'ticker': 'IWM', 'mode': 'binary', 'thr': 15, 'window': '10Y', 'order': 1, 'rows': 2}
2025-11-12 11:25:36,674 INFO [cli] {'ticker': 'IWM', 'mode': 'binary', 'thr': 15, 'window': '10Y', 'order': 2, 'rows': 4}
2025-11-12 11:25:36,686 INFO [cli] {'ticker': 'IWM', 'mode': 'binary', 'thr': 15, 'window': '10Y', 'order': 3, 'rows': 8}
2025-11-12 11:25:36,696 INFO [cli] {'ticker': 'IWM', 'mode': 'binary', 'thr': 15, 'window': '10Y', 'order': 4, 'rows': 16}
2025-11-12 11:25:36,706 INFO [cli] {'ticker': 'IWM', 'mode': 'binary', 'thr': 15, 'window': '20Y', 'order': 1, 'rows': 2}
2025-11-12 11:25:36,715 INFO [cli] {'ticker': 'IWM', 'mode': 'binary', 'thr': 15, 'window': '20Y', 'order': 2, 'rows': 4}
2025-11-12 11:25:36,725 INFO [cli] {'ticker': 'IWM', 'mode': 'binary', 'thr': 15, 'window': '20Y', 'order': 3, 'rows': 8}
2025-11-12 11:25:36,735 INFO [cli] {'ticker': 'IWM', 'mode': 'binary', 'thr': 15, 'window': '20Y', 'order': 4, 'rows': 16}
2025-11-12 11:25:36,744 INFO [cli] {'ticker': 'IWM', 'mode': 'binary', 'thr': 15, 'window': 'MAX', 'order': 1, 'rows': 2}
2025-11-12 11:25:36,753 INFO [cli] {'ticker': 'IWM', 'mode': 'binary', 'thr': 15, 'window': 'MAX', 'order': 2, 'rows': 4}
2025-11-12 11:25:36,761 INFO [cli] {'ticker': 'IWM', 'mode': 'binary', 'thr': 15, 'window': 'MAX', 'order': 3, 'rows': 8}
2025-11-12 11:25:36,770 INFO [cli] {'ticker': 'IWM', 'mode': 'binary', 'thr': 15, 'window': 'MAX', 'order': 4, 'rows': 16}
2025-11-12 11:25:36,785 INFO [cli] {'ticker': 'IWM', 'mode': 'binary', 'thr': 20, 'window': '1Y', 'order': 1, 'rows': 2}
2025-11-12 11:25:36,796 INFO [cli] {'ticker': 'IWM', 'mode': 'binary', 'thr': 20, 'window': '1Y', 'order': 2, 'rows': 4}
2025-11-12 11:25:36,805 INFO [cli] {'ticker': 'IWM', 'mode': 'binary', 'thr': 20, 'window': '1Y', 'order': 3, 'rows': 8}
2025-11-12 11:25:36,815 INFO [cli] {'ticker': 'IWM', 'mode': 'binary', 'thr': 20, 'window': '1Y', 'order': 4, 'rows': 16}
2025-11-12 11:25:36,825 INFO [cli] {'ticker': 'IWM', 'mode': 'binary', 'thr': 20, 'window': '2Y', 'order': 1, 'rows': 2}
2025-11-12 11:25:36,835 INFO [cli] {'ticker': 'IWM', 'mode': 'binary', 'thr': 20, 'window': '2Y', 'order': 2, 'rows': 4}
2025-11-12 11:25:36,845 INFO [cli] {'ticker': 'IWM', 'mode': 'binary', 'thr': 20, 'window': '2Y', 'order': 3, 'rows': 8}
2025-11-12 11:25:36,854 INFO [cli] {'ticker': 'IWM', 'mode': 'binary', 'thr': 20, 'window': '2Y', 'order': 4, 'rows': 16}
2025-11-12 11:25:36,863 INFO [cli] {'ticker': 'IWM', 'mode': 'binary', 'thr': 20, 'window': '5Y', 'order': 1, 'rows': 2}
2025-11-12 11:25:36,873 INFO [cli] {'ticker': 'IWM', 'mode': 'binary', 'thr': 20, 'window': '5Y', 'order': 2, 'rows': 4}
2025-11-12 11:25:36,884 INFO [cli] {'ticker': 'IWM', 'mode': 'binary', 'thr': 20, 'window': '5Y', 'order': 3, 'rows': 8}
2025-11-12 11:25:36,893 INFO [cli] {'ticker': 'IWM', 'mode': 'binary', 'thr': 20, 'window': '5Y', 'order': 4, 'rows': 16}
2025-11-12 11:25:36,903 INFO [cli] {'ticker': 'IWM', 'mode': 'binary', 'thr': 20, 'window': '10Y', 'order': 1, 'rows': 2}
2025-11-12 11:25:36,912 INFO [cli] {'ticker': 'IWM', 'mode': 'binary', 'thr': 20, 'window': '10Y', 'order': 2, 'rows': 4}
2025-11-12 11:25:36,921 INFO [cli] {'ticker': 'IWM', 'mode': 'binary', 'thr': 20, 'window': '10Y', 'order': 3, 'rows': 8}
2025-11-12 11:25:36,932 INFO [cli] {'ticker': 'IWM', 'mode': 'binary', 'thr': 20, 'window': '10Y', 'order': 4, 'rows': 16}
2025-11-12 11:25:36,942 INFO [cli] {'ticker': 'IWM', 'mode': 'binary', 'thr': 20, 'window': '20Y', 'order': 1, 'rows': 2}
2025-11-12 11:25:36,950 INFO [cli] {'ticker': 'IWM', 'mode': 'binary', 'thr': 20, 'window': '20Y', 'order': 2, 'rows': 4}
2025-11-12 11:25:36,961 INFO [cli] {'ticker': 'IWM', 'mode': 'binary', 'thr': 20, 'window': '20Y', 'order': 3, 'rows': 8}
2025-11-12 11:25:36,969 INFO [cli] {'ticker': 'IWM', 'mode': 'binary', 'thr': 20, 'window': '20Y', 'order': 4, 'rows': 16}
2025-11-12 11:25:36,980 INFO [cli] {'ticker': 'IWM', 'mode': 'binary', 'thr': 20, 'window': 'MAX', 'order': 1, 'rows': 2}
2025-11-12 11:25:36,991 INFO [cli] {'ticker': 'IWM', 'mode': 'binary', 'thr': 20, 'window': 'MAX', 'order': 2, 'rows': 4}
2025-11-12 11:25:37,003 INFO [cli] {'ticker': 'IWM', 'mode': 'binary', 'thr': 20, 'window': 'MAX', 'order': 3, 'rows': 8}
2025-11-12 11:25:37,012 INFO [cli] {'ticker': 'IWM', 'mode': 'binary', 'thr': 20, 'window': 'MAX', 'order': 4, 'rows': 16}
2025-11-12 11:25:37,028 INFO [cli] {'ticker': 'IWM', 'mode': 'binary', 'thr': 25, 'window': '1Y', 'order': 1, 'rows': 2}
2025-11-12 11:25:37,039 INFO [cli] {'ticker': 'IWM', 'mode': 'binary', 'thr': 25, 'window': '1Y', 'order': 2, 'rows': 4}
2025-11-12 11:25:37,048 INFO [cli] {'ticker': 'IWM', 'mode': 'binary', 'thr': 25, 'window': '1Y', 'order': 3, 'rows': 8}
2025-11-12 11:25:37,057 INFO [cli] {'ticker': 'IWM', 'mode': 'binary', 'thr': 25, 'window': '1Y', 'order': 4, 'rows': 15}
2025-11-12 11:25:37,067 INFO [cli] {'ticker': 'IWM', 'mode': 'binary', 'thr': 25, 'window': '2Y', 'order': 1, 'rows': 2}
2025-11-12 11:25:37,076 INFO [cli] {'ticker': 'IWM', 'mode': 'binary', 'thr': 25, 'window': '2Y', 'order': 2, 'rows': 4}
2025-11-12 11:25:37,086 INFO [cli] {'ticker': 'IWM', 'mode': 'binary', 'thr': 25, 'window': '2Y', 'order': 3, 'rows': 8}
2025-11-12 11:25:37,093 INFO [cli] {'ticker': 'IWM', 'mode': 'binary', 'thr': 25, 'window': '2Y', 'order': 4, 'rows': 16}
2025-11-12 11:25:37,102 INFO [cli] {'ticker': 'IWM', 'mode': 'binary', 'thr': 25, 'window': '5Y', 'order': 1, 'rows': 2}
2025-11-12 11:25:37,110 INFO [cli] {'ticker': 'IWM', 'mode': 'binary', 'thr': 25, 'window': '5Y', 'order': 2, 'rows': 4}
2025-11-12 11:25:37,119 INFO [cli] {'ticker': 'IWM', 'mode': 'binary', 'thr': 25, 'window': '5Y', 'order': 3, 'rows': 8}
2025-11-12 11:25:37,126 INFO [cli] {'ticker': 'IWM', 'mode': 'binary', 'thr': 25, 'window': '5Y', 'order': 4, 'rows': 16}
2025-11-12 11:25:37,135 INFO [cli] {'ticker': 'IWM', 'mode': 'binary', 'thr': 25, 'window': '10Y', 'order': 1, 'rows': 2}
2025-11-12 11:25:37,144 INFO [cli] {'ticker': 'IWM', 'mode': 'binary', 'thr': 25, 'window': '10Y', 'order': 2, 'rows': 4}
2025-11-12 11:25:37,154 INFO [cli] {'ticker': 'IWM', 'mode': 'binary', 'thr': 25, 'window': '10Y', 'order': 3, 'rows': 8}
2025-11-12 11:25:37,161 INFO [cli] {'ticker': 'IWM', 'mode': 'binary', 'thr': 25, 'window': '10Y', 'order': 4, 'rows': 16}
2025-11-12 11:25:37,172 INFO [cli] {'ticker': 'IWM', 'mode': 'binary', 'thr': 25, 'window': '20Y', 'order': 1, 'rows': 2}
2025-11-12 11:25:37,182 INFO [cli] {'ticker': 'IWM', 'mode': 'binary', 'thr': 25, 'window': '20Y', 'order': 2, 'rows': 4}
2025-11-12 11:25:37,192 INFO [cli] {'ticker': 'IWM', 'mode': 'binary', 'thr': 25, 'window': '20Y', 'order': 3, 'rows': 8}
2025-11-12 11:25:37,210 INFO [cli] {'ticker': 'IWM', 'mode': 'binary', 'thr': 25, 'window': '20Y', 'order': 4, 'rows': 16}
2025-11-12 11:25:37,220 INFO [cli] {'ticker': 'IWM', 'mode': 'binary', 'thr': 25, 'window': 'MAX', 'order': 1, 'rows': 2}
2025-11-12 11:25:37,229 INFO [cli] {'ticker': 'IWM', 'mode': 'binary', 'thr': 25, 'window': 'MAX', 'order': 2, 'rows': 4}

{'ticker': 'DIA', 'mode': 'tri', 'thr': 145, 'window': '1Y', 'order': 1, 'rows': 3}
{'ticker': 'DIA', 'mode': 'tri', 'thr': 145, 'window': '1Y', 'order': 2, 'rows': 8}
{'ticker': 'DIA', 'mode': 'tri', 'thr': 145, 'window': '1Y', 'order': 3, 'rows': 14}
{'ticker': 'DIA', 'mode': 'tri', 'thr': 145, 'window': '1Y', 'order': 4, 'rows': 21}
{'ticker': 'DIA', 'mode': 'tri', 'thr': 145, 'window': '2Y', 'order': 1, 'rows': 3}
{'ticker': 'DIA', 'mode': 'tri', 'thr': 145, 'window': '2Y', 'order': 2, 'rows': 8}
{'ticker': 'DIA', 'mode': 'tri', 'thr': 145, 'window': '2Y', 'order': 3, 'rows': 14}
{'ticker': 'DIA', 'mode': 'tri', 'thr': 145, 'window': '2Y', 'order': 4, 'rows': 21}
{'ticker': 'DIA', 'mode': 'tri', 'thr': 145, 'window': '5Y', 'order': 1, 'rows': 3}
{'ticker': 'DIA', 'mode': 'tri', 'thr': 145, 'window': '5Y', 'order': 2, 'rows': 9}
{'ticker': 'DIA', 'mode': 'tri', 'thr': 145, 'window': '5Y', 'order': 3, 'rows': 24}
{'ticker': 'DIA', 'mode': 'tri', 'thr': 145, 'window': '5Y', 'order': 4, 'rows': 45}
{'ticker': 'DIA', 'mode': 'tri', 'thr': 145, 'window': '10Y', 'order': 1, 'rows': 3}
{'ticker': 'DIA', 'mode': 'tri', 'thr': 145, 'window': '10Y', 'order': 2, 'rows': 9}
{'ticker': 'DIA', 'mode': 'tri', 'thr': 145, 'window': '10Y', 'order': 3, 'rows': 27}
{'ticker': 'DIA', 'mode': 'tri', 'thr': 145, 'window': '10Y', 'order': 4, 'rows': 68}
{'ticker': 'DIA', 'mode': 'tri', 'thr': 145, 'window': '20Y', 'order': 1, 'rows': 3}
{'ticker': 'DIA', 'mode': 'tri', 'thr': 145, 'window': '20Y', 'order': 2, 'rows': 9}
{'ticker': 'DIA', 'mode': 'tri', 'thr': 145, 'window': '20Y', 'order': 3, 'rows': 27}
{'ticker': 'DIA', 'mode': 'tri', 'thr': 145, 'window': '20Y', 'order': 4, 'rows': 75}
{'ticker': 'DIA', 'mode': 'tri', 'thr': 145, 'window': 'MAX', 'order': 1, 'rows': 3}
{'ticker': 'DIA', 'mode': 'tri', 'thr': 145, 'window': 'MAX', 'order': 2, 'rows': 9}
{'ticker': 'DIA', 'mode': 'tri', 'thr': 145, 'window': 'MAX', 'order': 3, 'rows': 27}
{'ticker': 'DIA', 'mode': 'tri', 'thr': 145, 'window': 'MAX', 'order': 4, 'rows': 78}
{'ticker': 'DIA', 'mode': 'tri', 'thr': 150, 'window': '1Y', 'order': 1, 'rows': 3}
{'ticker': 'DIA', 'mode': 'tri', 'thr': 150, 'window': '1Y', 'order': 2, 'rows': 8}
{'ticker': 'DIA', 'mode': 'tri', 'thr': 150, 'window': '1Y', 'order': 3, 'rows': 14}
{'ticker': 'DIA', 'mode': 'tri', 'thr': 150, 'window': '1Y', 'order': 4, 'rows': 21}
{'ticker': 'DIA', 'mode': 'tri', 'thr': 150, 'window': '2Y', 'order': 1, 'rows': 3}
{'ticker': 'DIA', 'mode': 'tri', 'thr': 150, 'window': '2Y', 'order': 2, 'rows': 8}
{'ticker': 'DIA', 'mode': 'tri', 'thr': 150, 'window': '2Y', 'order': 3, 'rows': 14}
{'ticker': 'DIA', 'mode': 'tri', 'thr': 150, 'window': '2Y', 'order': 4, 'rows': 21}
{'ticker': 'DIA', 'mode': 'tri', 'thr': 150, 'window': '5Y', 'order': 1, 'rows': 3}
{'ticker': 'DIA', 'mode': 'tri', 'thr': 150, 'window': '5Y', 'order': 2, 'rows': 9}
{'ticker': 'DIA', 'mode': 'tri', 'thr': 150, 'window': '5Y', 'order': 3, 'rows': 24}
{'ticker': 'DIA', 'mode': 'tri', 'thr': 150, 'window': '5Y', 'order': 4, 'rows': 45}
{'ticker': 'DIA', 'mode': 'tri', 'thr': 150, 'window': '10Y', 'order': 1, 'rows': 3}
{'ticker': 'DIA', 'mode': 'tri', 'thr': 150, 'window': '10Y', 'order': 2, 'rows': 9}
{'ticker': 'DIA', 'mode': 'tri', 'thr': 150, 'window': '10Y', 'order': 3, 'rows': 27}
{'ticker': 'DIA', 'mode': 'tri', 'thr': 150, 'window': '10Y', 'order': 4, 'rows': 68}
{'ticker': 'DIA', 'mode': 'tri', 'thr': 150, 'window': '20Y', 'order': 1, 'rows': 3}
{'ticker': 'DIA', 'mode': 'tri', 'thr': 150, 'window': '20Y', 'order': 2, 'rows': 9}
{'ticker': 'DIA', 'mode': 'tri', 'thr': 150, 'window': '20Y', 'order': 3, 'rows': 27}
{'ticker': 'DIA', 'mode': 'tri', 'thr': 150, 'window': '20Y', 'order': 4, 'rows': 75}
{'ticker': 'DIA', 'mode': 'tri', 'thr': 150, 'window': 'MAX', 'order': 1, 'rows': 3}
{'ticker': 'DIA', 'mode': 'tri', 'thr': 150, 'window': 'MAX', 'order': 2, 'rows': 9}
{'ticker': 'DIA', 'mode': 'tri', 'thr': 150, 'window': 'MAX', 'order': 3, 'rows': 27}
{'ticker': 'DIA', 'mode': 'tri', 'thr': 150, 'window': 'MAX', 'order': 4, 'rows': 78}
{'ticker': 'IWM', 'mode': 'binary', 'thr': 0, 'window': '1Y', 'order': 1, 'rows': 2}
{'ticker': 'IWM', 'mode': 'binary', 'thr': 0, 'window': '1Y', 'order': 2, 'rows': 4}
{'ticker': 'IWM', 'mode': 'binary', 'thr': 0, 'window': '1Y', 'order': 3, 'rows': 8}
{'ticker': 'IWM', 'mode': 'binary', 'thr': 0, 'window': '1Y', 'order': 4, 'rows': 16}
{'ticker': 'IWM', 'mode': 'binary', 'thr': 0, 'window': '2Y', 'order': 1, 'rows': 2}
{'ticker': 'IWM', 'mode': 'binary', 'thr': 0, 'window': '2Y', 'order': 2, 'rows': 4}
{'ticker': 'IWM', 'mode': 'binary', 'thr': 0, 'window': '2Y', 'order': 3, 'rows': 8}
{'ticker': 'IWM', 'mode': 'binary', 'thr': 0, 'window': '2Y', 'order': 4, 'rows': 16}
{'ticker': 'IWM', 'mode': 'binary', 'thr': 0, 'window': '5Y', 'order': 1, 'rows': 2}
{'ticker': 'IWM', 'mode': 'binary', 'thr': 0, 'window': '5Y', 'order': 2, 'rows': 4}
{'ticker': 'IWM', 'mode': 'binary', 'thr': 0, 'window': '5Y', 'order': 3, 'rows': 8}
{'ticker': 'IWM', 'mode': 'binary', 'thr': 0, 'window': '5Y', 'order': 4, 'rows': 16}
{'ticker': 'IWM', 'mode': 'binary', 'thr': 0, 'window': '10Y', 'order': 1, 'rows': 2}
{'ticker': 'IWM', 'mode': 'binary', 'thr': 0, 'window': '10Y', 'order': 2, 'rows': 4}
{'ticker': 'IWM', 'mode': 'binary', 'thr': 0, 'window': '10Y', 'order': 3, 'rows': 8}
{'ticker': 'IWM', 'mode': 'binary', 'thr': 0, 'window': '10Y', 'order': 4, 'rows': 16}
{'ticker': 'IWM', 'mode': 'binary', 'thr': 0, 'window': '20Y', 'order': 1, 'rows': 2}
{'ticker': 'IWM', 'mode': 'binary', 'thr': 0, 'window': '20Y', 'order': 2, 'rows': 4}
{'ticker': 'IWM', 'mode': 'binary', 'thr': 0, 'window': '20Y', 'order': 3, 'rows': 8}
{'ticker': 'IWM', 'mode': 'binary', 'thr': 0, 'window': '20Y', 'order': 4, 'rows': 16}
{'ticker': 'IWM', 'mode': 'binary', 'thr': 0, 'window': 'MAX', 'order': 1, 'rows': 2}
{'ticker': 'IWM', 'mode': 'binary', 'thr': 0, 'window': 'MAX', 'order': 2, 'rows': 4}
{'ticker': 'IWM', 'mode': 'binary', 'thr': 0, 'window': 'MAX', 'order': 3, 'rows': 8}
{'ticker': 'IWM', 'mode': 'binary', 'thr': 0, 'window': 'MAX', 'order': 4, 'rows': 16}
{'ticker': 'IWM', 'mode': 'binary', 'thr': 5, 'window': '1Y', 'order': 1, 'rows': 2}
{'ticker': 'IWM', 'mode': 'binary', 'thr': 5, 'window': '1Y', 'order': 2, 'rows': 4}
{'ticker': 'IWM', 'mode': 'binary', 'thr': 5, 'window': '1Y', 'order': 3, 'rows': 8}
{'ticker': 'IWM', 'mode': 'binary', 'thr': 5, 'window': '1Y', 'order': 4, 'rows': 16}
{'ticker': 'IWM', 'mode': 'binary', 'thr': 5, 'window': '2Y', 'order': 1, 'rows': 2}
{'ticker': 'IWM', 'mode': 'binary', 'thr': 5, 'window': '2Y', 'order': 2, 'rows': 4}
{'ticker': 'IWM', 'mode': 'binary', 'thr': 5, 'window': '2Y', 'order': 3, 'rows': 8}
{'ticker': 'IWM', 'mode': 'binary', 'thr': 5, 'window': '2Y', 'order': 4, 'rows': 16}
{'ticker': 'IWM', 'mode': 'binary', 'thr': 5, 'window': '5Y', 'order': 1, 'rows': 2}
{'ticker': 'IWM', 'mode': 'binary', 'thr': 5, 'window': '5Y', 'order': 2, 'rows': 4}
{'ticker': 'IWM', 'mode': 'binary', 'thr': 5, 'window': '5Y', 'order': 3, 'rows': 8}
{'ticker': 'IWM', 'mode': 'binary', 'thr': 5, 'window': '5Y', 'order': 4, 'rows': 16}
{'ticker': 'IWM', 'mode': 'binary', 'thr': 5, 'window': '10Y', 'order': 1, 'rows': 2}
{'ticker': 'IWM', 'mode': 'binary', 'thr': 5, 'window': '10Y', 'order': 2, 'rows': 4}
{'ticker': 'IWM', 'mode': 'binary', 'thr': 5, 'window': '10Y', 'order': 3, 'rows': 8}
{'ticker': 'IWM', 'mode': 'binary', 'thr': 5, 'window': '10Y', 'order': 4, 'rows': 16}
{'ticker': 'IWM', 'mode': 'binary', 'thr': 5, 'window': '20Y', 'order': 1, 'rows': 2}
{'ticker': 'IWM', 'mode': 'binary', 'thr': 5, 'window': '20Y', 'order': 2, 'rows': 4}
{'ticker': 'IWM', 'mode': 'binary', 'thr': 5, 'window': '20Y', 'order': 3, 'rows': 8}
{'ticker': 'IWM', 'mode': 'binary', 'thr': 5, 'window': '20Y', 'order': 4, 'rows': 16}
{'ticker': 'IWM', 'mode': 'binary', 'thr': 5, 'window': 'MAX', 'order': 1, 'rows': 2}
{'ticker': 'IWM', 'mode': 'binary', 'thr': 5, 'window': 'MAX', 'order': 2, 'rows': 4}
{'ticker': 'IWM', 'mode': 'binary', 'thr': 5, 'window': 'MAX', 'order': 3, 'rows': 8}
{'ticker': 'IWM', 'mode': 'binary', 'thr': 5, 'window': 'MAX', 'order': 4, 'rows': 16}2025-11-12 11:25:37,238 INFO [cli] {'ticker': 'IWM', 'mode': 'binary', 'thr': 25, 'window': 'MAX', 'order': 3, 'rows': 8}
2025-11-12 11:25:37,247 INFO [cli] {'ticker': 'IWM', 'mode': 'binary', 'thr': 25, 'window': 'MAX', 'order': 4, 'rows': 16}
2025-11-12 11:25:37,261 INFO [cli] {'ticker': 'IWM', 'mode': 'binary', 'thr': 30, 'window': '1Y', 'order': 1, 'rows': 2}
2025-11-12 11:25:37,268 INFO [cli] {'ticker': 'IWM', 'mode': 'binary', 'thr': 30, 'window': '1Y', 'order': 2, 'rows': 4}
2025-11-12 11:25:37,277 INFO [cli] {'ticker': 'IWM', 'mode': 'binary', 'thr': 30, 'window': '1Y', 'order': 3, 'rows': 8}
2025-11-12 11:25:37,286 INFO [cli] {'ticker': 'IWM', 'mode': 'binary', 'thr': 30, 'window': '1Y', 'order': 4, 'rows': 15}
2025-11-12 11:25:37,294 INFO [cli] {'ticker': 'IWM', 'mode': 'binary', 'thr': 30, 'window': '2Y', 'order': 1, 'rows': 2}
2025-11-12 11:25:37,302 INFO [cli] {'ticker': 'IWM', 'mode': 'binary', 'thr': 30, 'window': '2Y', 'order': 2, 'rows': 4}
2025-11-12 11:25:37,312 INFO [cli] {'ticker': 'IWM', 'mode': 'binary', 'thr': 30, 'window': '2Y', 'order': 3, 'rows': 8}
2025-11-12 11:25:37,320 INFO [cli] {'ticker': 'IWM', 'mode': 'binary', 'thr': 30, 'window': '2Y', 'order': 4, 'rows': 16}
2025-11-12 11:25:37,328 INFO [cli] {'ticker': 'IWM', 'mode': 'binary', 'thr': 30, 'window': '5Y', 'order': 1, 'rows': 2}
2025-11-12 11:25:37,335 INFO [cli] {'ticker': 'IWM', 'mode': 'binary', 'thr': 30, 'window': '5Y', 'order': 2, 'rows': 4}
2025-11-12 11:25:37,345 INFO [cli] {'ticker': 'IWM', 'mode': 'binary', 'thr': 30, 'window': '5Y', 'order': 3, 'rows': 8}
2025-11-12 11:25:37,352 INFO [cli] {'ticker': 'IWM', 'mode': 'binary', 'thr': 30, 'window': '5Y', 'order': 4, 'rows': 16}
2025-11-12 11:25:37,361 INFO [cli] {'ticker': 'IWM', 'mode': 'binary', 'thr': 30, 'window': '10Y', 'order': 1, 'rows': 2}
2025-11-12 11:25:37,370 INFO [cli] {'ticker': 'IWM', 'mode': 'binary', 'thr': 30, 'window': '10Y', 'order': 2, 'rows': 4}
2025-11-12 11:25:37,377 INFO [cli] {'ticker': 'IWM', 'mode': 'binary', 'thr': 30, 'window': '10Y', 'order': 3, 'rows': 8}
2025-11-12 11:25:37,385 INFO [cli] {'ticker': 'IWM', 'mode': 'binary', 'thr': 30, 'window': '10Y', 'order': 4, 'rows': 16}
2025-11-12 11:25:37,394 INFO [cli] {'ticker': 'IWM', 'mode': 'binary', 'thr': 30, 'window': '20Y', 'order': 1, 'rows': 2}
2025-11-12 11:25:37,402 INFO [cli] {'ticker': 'IWM', 'mode': 'binary', 'thr': 30, 'window': '20Y', 'order': 2, 'rows': 4}
2025-11-12 11:25:37,413 INFO [cli] {'ticker': 'IWM', 'mode': 'binary', 'thr': 30, 'window': '20Y', 'order': 3, 'rows': 8}
2025-11-12 11:25:37,427 INFO [cli] {'ticker': 'IWM', 'mode': 'binary', 'thr': 30, 'window': '20Y', 'order': 4, 'rows': 16}
2025-11-12 11:25:37,437 INFO [cli] {'ticker': 'IWM', 'mode': 'binary', 'thr': 30, 'window': 'MAX', 'order': 1, 'rows': 2}
2025-11-12 11:25:37,447 INFO [cli] {'ticker': 'IWM', 'mode': 'binary', 'thr': 30, 'window': 'MAX', 'order': 2, 'rows': 4}
2025-11-12 11:25:37,457 INFO [cli] {'ticker': 'IWM', 'mode': 'binary', 'thr': 30, 'window': 'MAX', 'order': 3, 'rows': 8}
2025-11-12 11:25:37,467 INFO [cli] {'ticker': 'IWM', 'mode': 'binary', 'thr': 30, 'window': 'MAX', 'order': 4, 'rows': 16}
2025-11-12 11:25:37,482 INFO [cli] {'ticker': 'IWM', 'mode': 'binary', 'thr': 35, 'window': '1Y', 'order': 1, 'rows': 2}
2025-11-12 11:25:37,491 INFO [cli] {'ticker': 'IWM', 'mode': 'binary', 'thr': 35, 'window': '1Y', 'order': 2, 'rows': 4}
2025-11-12 11:25:37,502 INFO [cli] {'ticker': 'IWM', 'mode': 'binary', 'thr': 35, 'window': '1Y', 'order': 3, 'rows': 8}
2025-11-12 11:25:37,510 INFO [cli] {'ticker': 'IWM', 'mode': 'binary', 'thr': 35, 'window': '1Y', 'order': 4, 'rows': 15}
2025-11-12 11:25:37,520 INFO [cli] {'ticker': 'IWM', 'mode': 'binary', 'thr': 35, 'window': '2Y', 'order': 1, 'rows': 2}
2025-11-12 11:25:37,529 INFO [cli] {'ticker': 'IWM', 'mode': 'binary', 'thr': 35, 'window': '2Y', 'order': 2, 'rows': 4}
2025-11-12 11:25:37,539 INFO [cli] {'ticker': 'IWM', 'mode': 'binary', 'thr': 35, 'window': '2Y', 'order': 3, 'rows': 8}
2025-11-12 11:25:37,548 INFO [cli] {'ticker': 'IWM', 'mode': 'binary', 'thr': 35, 'window': '2Y', 'order': 4, 'rows': 16}
2025-11-12 11:25:37,558 INFO [cli] {'ticker': 'IWM', 'mode': 'binary', 'thr': 35, 'window': '5Y', 'order': 1, 'rows': 2}
2025-11-12 11:25:37,569 INFO [cli] {'ticker': 'IWM', 'mode': 'binary', 'thr': 35, 'window': '5Y', 'order': 2, 'rows': 4}
2025-11-12 11:25:37,579 INFO [cli] {'ticker': 'IWM', 'mode': 'binary', 'thr': 35, 'window': '5Y', 'order': 3, 'rows': 8}
2025-11-12 11:25:37,588 INFO [cli] {'ticker': 'IWM', 'mode': 'binary', 'thr': 35, 'window': '5Y', 'order': 4, 'rows': 16}
2025-11-12 11:25:37,597 INFO [cli] {'ticker': 'IWM', 'mode': 'binary', 'thr': 35, 'window': '10Y', 'order': 1, 'rows': 2}
2025-11-12 11:25:37,606 INFO [cli] {'ticker': 'IWM', 'mode': 'binary', 'thr': 35, 'window': '10Y', 'order': 2, 'rows': 4}
2025-11-12 11:25:37,616 INFO [cli] {'ticker': 'IWM', 'mode': 'binary', 'thr': 35, 'window': '10Y', 'order': 3, 'rows': 8}
2025-11-12 11:25:37,626 INFO [cli] {'ticker': 'IWM', 'mode': 'binary', 'thr': 35, 'window': '10Y', 'order': 4, 'rows': 16}
2025-11-12 11:25:37,637 INFO [cli] {'ticker': 'IWM', 'mode': 'binary', 'thr': 35, 'window': '20Y', 'order': 1, 'rows': 2}
2025-11-12 11:25:37,647 INFO [cli] {'ticker': 'IWM', 'mode': 'binary', 'thr': 35, 'window': '20Y', 'order': 2, 'rows': 4}
2025-11-12 11:25:37,658 INFO [cli] {'ticker': 'IWM', 'mode': 'binary', 'thr': 35, 'window': '20Y', 'order': 3, 'rows': 8}
2025-11-12 11:25:37,664 INFO [cli] {'ticker': 'IWM', 'mode': 'binary', 'thr': 35, 'window': '20Y', 'order': 4, 'rows': 16}
2025-11-12 11:25:37,675 INFO [cli] {'ticker': 'IWM', 'mode': 'binary', 'thr': 35, 'window': 'MAX', 'order': 1, 'rows': 2}
2025-11-12 11:25:37,683 INFO [cli] {'ticker': 'IWM', 'mode': 'binary', 'thr': 35, 'window': 'MAX', 'order': 2, 'rows': 4}
2025-11-12 11:25:37,694 INFO [cli] {'ticker': 'IWM', 'mode': 'binary', 'thr': 35, 'window': 'MAX', 'order': 3, 'rows': 8}
2025-11-12 11:25:37,704 INFO [cli] {'ticker': 'IWM', 'mode': 'binary', 'thr': 35, 'window': 'MAX', 'order': 4, 'rows': 16}
2025-11-12 11:25:37,721 INFO [cli] {'ticker': 'IWM', 'mode': 'binary', 'thr': 40, 'window': '1Y', 'order': 1, 'rows': 2}
2025-11-12 11:25:37,733 INFO [cli] {'ticker': 'IWM', 'mode': 'binary', 'thr': 40, 'window': '1Y', 'order': 2, 'rows': 4}
2025-11-12 11:25:37,742 INFO [cli] {'ticker': 'IWM', 'mode': 'binary', 'thr': 40, 'window': '1Y', 'order': 3, 'rows': 8}
2025-11-12 11:25:37,753 INFO [cli] {'ticker': 'IWM', 'mode': 'binary', 'thr': 40, 'window': '1Y', 'order': 4, 'rows': 15}
2025-11-12 11:25:37,763 INFO [cli] {'ticker': 'IWM', 'mode': 'binary', 'thr': 40, 'window': '2Y', 'order': 1, 'rows': 2}
2025-11-12 11:25:37,775 INFO [cli] {'ticker': 'IWM', 'mode': 'binary', 'thr': 40, 'window': '2Y', 'order': 2, 'rows': 4}
2025-11-12 11:25:37,785 INFO [cli] {'ticker': 'IWM', 'mode': 'binary', 'thr': 40, 'window': '2Y', 'order': 3, 'rows': 8}
2025-11-12 11:25:37,793 INFO [cli] {'ticker': 'IWM', 'mode': 'binary', 'thr': 40, 'window': '2Y', 'order': 4, 'rows': 16}
2025-11-12 11:25:37,802 INFO [cli] {'ticker': 'IWM', 'mode': 'binary', 'thr': 40, 'window': '5Y', 'order': 1, 'rows': 2}
2025-11-12 11:25:37,813 INFO [cli] {'ticker': 'IWM', 'mode': 'binary', 'thr': 40, 'window': '5Y', 'order': 2, 'rows': 4}
2025-11-12 11:25:37,823 INFO [cli] {'ticker': 'IWM', 'mode': 'binary', 'thr': 40, 'window': '5Y', 'order': 3, 'rows': 8}
2025-11-12 11:25:37,830 INFO [cli] {'ticker': 'IWM', 'mode': 'binary', 'thr': 40, 'window': '5Y', 'order': 4, 'rows': 16}
2025-11-12 11:25:37,845 INFO [cli] {'ticker': 'IWM', 'mode': 'binary', 'thr': 40, 'window': '10Y', 'order': 1, 'rows': 2}
2025-11-12 11:25:37,854 INFO [cli] {'ticker': 'IWM', 'mode': 'binary', 'thr': 40, 'window': '10Y', 'order': 2, 'rows': 4}
2025-11-12 11:25:37,862 INFO [cli] {'ticker': 'IWM', 'mode': 'binary', 'thr': 40, 'window': '10Y', 'order': 3, 'rows': 8}
2025-11-12 11:25:37,870 INFO [cli] {'ticker': 'IWM', 'mode': 'binary', 'thr': 40, 'window': '10Y', 'order': 4, 'rows': 16}
2025-11-12 11:25:37,879 INFO [cli] {'ticker': 'IWM', 'mode': 'binary', 'thr': 40, 'window': '20Y', 'order': 1, 'rows': 2}
2025-11-12 11:25:37,889 INFO [cli] {'ticker': 'IWM', 'mode': 'binary', 'thr': 40, 'window': '20Y', 'order': 2, 'rows': 4}
2025-11-12 11:25:37,899 INFO [cli] {'ticker': 'IWM', 'mode': 'binary', 'thr': 40, 'window': '20Y', 'order': 3, 'rows': 8}
2025-11-12 11:25:37,908 INFO [cli] {'ticker': 'IWM', 'mode': 'binary', 'thr': 40, 'window': '20Y', 'order': 4, 'rows': 16}
2025-11-12 11:25:37,918 INFO [cli] {'ticker': 'IWM', 'mode': 'binary', 'thr': 40, 'window': 'MAX', 'order': 1, 'rows': 2}
2025-11-12 11:25:37,928 INFO [cli] {'ticker': 'IWM', 'mode': 'binary', 'thr': 40, 'window': 'MAX', 'order': 2, 'rows': 4}
2025-11-12 11:25:37,937 INFO [cli] {'ticker': 'IWM', 'mode': 'binary', 'thr': 40, 'window': 'MAX', 'order': 3, 'rows': 8}
2025-11-12 11:25:37,951 INFO [cli] {'ticker': 'IWM', 'mode': 'binary', 'thr': 40, 'window': 'MAX', 'order': 4, 'rows': 16}
2025-11-12 11:25:37,966 INFO [cli] {'ticker': 'IWM', 'mode': 'binary', 'thr': 45, 'window': '1Y', 'order': 1, 'rows': 2}
2025-11-12 11:25:37,974 INFO [cli] {'ticker': 'IWM', 'mode': 'binary', 'thr': 45, 'window': '1Y', 'order': 2, 'rows': 4}
2025-11-12 11:25:37,983 INFO [cli] {'ticker': 'IWM', 'mode': 'binary', 'thr': 45, 'window': '1Y', 'order': 3, 'rows': 8}
2025-11-12 11:25:37,992 INFO [cli] {'ticker': 'IWM', 'mode': 'binary', 'thr': 45, 'window': '1Y', 'order': 4, 'rows': 15}
2025-11-12 11:25:38,001 INFO [cli] {'ticker': 'IWM', 'mode': 'binary', 'thr': 45, 'window': '2Y', 'order': 1, 'rows': 2}
2025-11-12 11:25:38,011 INFO [cli] {'ticker': 'IWM', 'mode': 'binary', 'thr': 45, 'window': '2Y', 'order': 2, 'rows': 4}
2025-11-12 11:25:38,019 INFO [cli] {'ticker': 'IWM', 'mode': 'binary', 'thr': 45, 'window': '2Y', 'order': 3, 'rows': 8}
2025-11-12 11:25:38,027 INFO [cli] {'ticker': 'IWM', 'mode': 'binary', 'thr': 45, 'window': '2Y', 'order': 4, 'rows': 16}
2025-11-12 11:25:38,038 INFO [cli] {'ticker': 'IWM', 'mode': 'binary', 'thr': 45, 'window': '5Y', 'order': 1, 'rows': 2}
2025-11-12 11:25:38,048 INFO [cli] {'ticker': 'IWM', 'mode': 'binary', 'thr': 45, 'window': '5Y', 'order': 2, 'rows': 4}
2025-11-12 11:25:38,058 INFO [cli] {'ticker': 'IWM', 'mode': 'binary', 'thr': 45, 'window': '5Y', 'order': 3, 'rows': 8}
2025-11-12 11:25:38,068 INFO [cli] {'ticker': 'IWM', 'mode': 'binary', 'thr': 45, 'window': '5Y', 'order': 4, 'rows': 16}
2025-11-12 11:25:38,080 INFO [cli] {'ticker': 'IWM', 'mode': 'binary', 'thr': 45, 'window': '10Y', 'order': 1, 'rows': 2}
2025-11-12 11:25:38,089 INFO [cli] {'ticker': 'IWM', 'mode': 'binary', 'thr': 45, 'window': '10Y', 'order': 2, 'rows': 4}
2025-11-12 11:25:38,100 INFO [cli] {'ticker': 'IWM', 'mode': 'binary', 'thr': 45, 'window': '10Y', 'order': 3, 'rows': 8}
2025-11-12 11:25:38,110 INFO [cli] {'ticker': 'IWM', 'mode': 'binary', 'thr': 45, 'window': '10Y', 'order': 4, 'rows': 16}
2025-11-12 11:25:38,118 INFO [cli] {'ticker': 'IWM', 'mode': 'binary', 'thr': 45, 'window': '20Y', 'order': 1, 'rows': 2}
2025-11-12 11:25:38,128 INFO [cli] {'ticker': 'IWM', 'mode': 'binary', 'thr': 45, 'window': '20Y', 'order': 2, 'rows': 4}
2025-11-12 11:25:38,136 INFO [cli] {'ticker': 'IWM', 'mode': 'binary', 'thr': 45, 'window': '20Y', 'order': 3, 'rows': 8}
2025-11-12 11:25:38,158 INFO [cli] {'ticker': 'IWM', 'mode': 'binary', 'thr': 45, 'window': '20Y', 'order': 4, 'rows': 16}
2025-11-12 11:25:38,169 INFO [cli] {'ticker': 'IWM', 'mode': 'binary', 'thr': 45, 'window': 'MAX', 'order': 1, 'rows': 2}

{'ticker': 'IWM', 'mode': 'binary', 'thr': 10, 'window': '1Y', 'order': 1, 'rows': 2}
{'ticker': 'IWM', 'mode': 'binary', 'thr': 10, 'window': '1Y', 'order': 2, 'rows': 4}
{'ticker': 'IWM', 'mode': 'binary', 'thr': 10, 'window': '1Y', 'order': 3, 'rows': 8}
{'ticker': 'IWM', 'mode': 'binary', 'thr': 10, 'window': '1Y', 'order': 4, 'rows': 16}
{'ticker': 'IWM', 'mode': 'binary', 'thr': 10, 'window': '2Y', 'order': 1, 'rows': 2}
{'ticker': 'IWM', 'mode': 'binary', 'thr': 10, 'window': '2Y', 'order': 2, 'rows': 4}
{'ticker': 'IWM', 'mode': 'binary', 'thr': 10, 'window': '2Y', 'order': 3, 'rows': 8}
{'ticker': 'IWM', 'mode': 'binary', 'thr': 10, 'window': '2Y', 'order': 4, 'rows': 16}
{'ticker': 'IWM', 'mode': 'binary', 'thr': 10, 'window': '5Y', 'order': 1, 'rows': 2}
{'ticker': 'IWM', 'mode': 'binary', 'thr': 10, 'window': '5Y', 'order': 2, 'rows': 4}
{'ticker': 'IWM', 'mode': 'binary', 'thr': 10, 'window': '5Y', 'order': 3, 'rows': 8}
{'ticker': 'IWM', 'mode': 'binary', 'thr': 10, 'window': '5Y', 'order': 4, 'rows': 16}
{'ticker': 'IWM', 'mode': 'binary', 'thr': 10, 'window': '10Y', 'order': 1, 'rows': 2}
{'ticker': 'IWM', 'mode': 'binary', 'thr': 10, 'window': '10Y', 'order': 2, 'rows': 4}
{'ticker': 'IWM', 'mode': 'binary', 'thr': 10, 'window': '10Y', 'order': 3, 'rows': 8}
{'ticker': 'IWM', 'mode': 'binary', 'thr': 10, 'window': '10Y', 'order': 4, 'rows': 16}
{'ticker': 'IWM', 'mode': 'binary', 'thr': 10, 'window': '20Y', 'order': 1, 'rows': 2}
{'ticker': 'IWM', 'mode': 'binary', 'thr': 10, 'window': '20Y', 'order': 2, 'rows': 4}
{'ticker': 'IWM', 'mode': 'binary', 'thr': 10, 'window': '20Y', 'order': 3, 'rows': 8}
{'ticker': 'IWM', 'mode': 'binary', 'thr': 10, 'window': '20Y', 'order': 4, 'rows': 16}
{'ticker': 'IWM', 'mode': 'binary', 'thr': 10, 'window': 'MAX', 'order': 1, 'rows': 2}
{'ticker': 'IWM', 'mode': 'binary', 'thr': 10, 'window': 'MAX', 'order': 2, 'rows': 4}
{'ticker': 'IWM', 'mode': 'binary', 'thr': 10, 'window': 'MAX', 'order': 3, 'rows': 8}
{'ticker': 'IWM', 'mode': 'binary', 'thr': 10, 'window': 'MAX', 'order': 4, 'rows': 16}
{'ticker': 'IWM', 'mode': 'binary', 'thr': 15, 'window': '1Y', 'order': 1, 'rows': 2}
{'ticker': 'IWM', 'mode': 'binary', 'thr': 15, 'window': '1Y', 'order': 2, 'rows': 4}
{'ticker': 'IWM', 'mode': 'binary', 'thr': 15, 'window': '1Y', 'order': 3, 'rows': 8}
{'ticker': 'IWM', 'mode': 'binary', 'thr': 15, 'window': '1Y', 'order': 4, 'rows': 16}
{'ticker': 'IWM', 'mode': 'binary', 'thr': 15, 'window': '2Y', 'order': 1, 'rows': 2}
{'ticker': 'IWM', 'mode': 'binary', 'thr': 15, 'window': '2Y', 'order': 2, 'rows': 4}
{'ticker': 'IWM', 'mode': 'binary', 'thr': 15, 'window': '2Y', 'order': 3, 'rows': 8}
{'ticker': 'IWM', 'mode': 'binary', 'thr': 15, 'window': '2Y', 'order': 4, 'rows': 16}
{'ticker': 'IWM', 'mode': 'binary', 'thr': 15, 'window': '5Y', 'order': 1, 'rows': 2}
{'ticker': 'IWM', 'mode': 'binary', 'thr': 15, 'window': '5Y', 'order': 2, 'rows': 4}
{'ticker': 'IWM', 'mode': 'binary', 'thr': 15, 'window': '5Y', 'order': 3, 'rows': 8}
{'ticker': 'IWM', 'mode': 'binary', 'thr': 15, 'window': '5Y', 'order': 4, 'rows': 16}
{'ticker': 'IWM', 'mode': 'binary', 'thr': 15, 'window': '10Y', 'order': 1, 'rows': 2}
{'ticker': 'IWM', 'mode': 'binary', 'thr': 15, 'window': '10Y', 'order': 2, 'rows': 4}
{'ticker': 'IWM', 'mode': 'binary', 'thr': 15, 'window': '10Y', 'order': 3, 'rows': 8}
{'ticker': 'IWM', 'mode': 'binary', 'thr': 15, 'window': '10Y', 'order': 4, 'rows': 16}
{'ticker': 'IWM', 'mode': 'binary', 'thr': 15, 'window': '20Y', 'order': 1, 'rows': 2}
{'ticker': 'IWM', 'mode': 'binary', 'thr': 15, 'window': '20Y', 'order': 2, 'rows': 4}
{'ticker': 'IWM', 'mode': 'binary', 'thr': 15, 'window': '20Y', 'order': 3, 'rows': 8}
{'ticker': 'IWM', 'mode': 'binary', 'thr': 15, 'window': '20Y', 'order': 4, 'rows': 16}
{'ticker': 'IWM', 'mode': 'binary', 'thr': 15, 'window': 'MAX', 'order': 1, 'rows': 2}
{'ticker': 'IWM', 'mode': 'binary', 'thr': 15, 'window': 'MAX', 'order': 2, 'rows': 4}
{'ticker': 'IWM', 'mode': 'binary', 'thr': 15, 'window': 'MAX', 'order': 3, 'rows': 8}
{'ticker': 'IWM', 'mode': 'binary', 'thr': 15, 'window': 'MAX', 'order': 4, 'rows': 16}
{'ticker': 'IWM', 'mode': 'binary', 'thr': 20, 'window': '1Y', 'order': 1, 'rows': 2}
{'ticker': 'IWM', 'mode': 'binary', 'thr': 20, 'window': '1Y', 'order': 2, 'rows': 4}
{'ticker': 'IWM', 'mode': 'binary', 'thr': 20, 'window': '1Y', 'order': 3, 'rows': 8}
{'ticker': 'IWM', 'mode': 'binary', 'thr': 20, 'window': '1Y', 'order': 4, 'rows': 16}
{'ticker': 'IWM', 'mode': 'binary', 'thr': 20, 'window': '2Y', 'order': 1, 'rows': 2}
{'ticker': 'IWM', 'mode': 'binary', 'thr': 20, 'window': '2Y', 'order': 2, 'rows': 4}
{'ticker': 'IWM', 'mode': 'binary', 'thr': 20, 'window': '2Y', 'order': 3, 'rows': 8}
{'ticker': 'IWM', 'mode': 'binary', 'thr': 20, 'window': '2Y', 'order': 4, 'rows': 16}
{'ticker': 'IWM', 'mode': 'binary', 'thr': 20, 'window': '5Y', 'order': 1, 'rows': 2}
{'ticker': 'IWM', 'mode': 'binary', 'thr': 20, 'window': '5Y', 'order': 2, 'rows': 4}
{'ticker': 'IWM', 'mode': 'binary', 'thr': 20, 'window': '5Y', 'order': 3, 'rows': 8}
{'ticker': 'IWM', 'mode': 'binary', 'thr': 20, 'window': '5Y', 'order': 4, 'rows': 16}
{'ticker': 'IWM', 'mode': 'binary', 'thr': 20, 'window': '10Y', 'order': 1, 'rows': 2}
{'ticker': 'IWM', 'mode': 'binary', 'thr': 20, 'window': '10Y', 'order': 2, 'rows': 4}
{'ticker': 'IWM', 'mode': 'binary', 'thr': 20, 'window': '10Y', 'order': 3, 'rows': 8}
{'ticker': 'IWM', 'mode': 'binary', 'thr': 20, 'window': '10Y', 'order': 4, 'rows': 16}
{'ticker': 'IWM', 'mode': 'binary', 'thr': 20, 'window': '20Y', 'order': 1, 'rows': 2}
{'ticker': 'IWM', 'mode': 'binary', 'thr': 20, 'window': '20Y', 'order': 2, 'rows': 4}
{'ticker': 'IWM', 'mode': 'binary', 'thr': 20, 'window': '20Y', 'order': 3, 'rows': 8}
{'ticker': 'IWM', 'mode': 'binary', 'thr': 20, 'window': '20Y', 'order': 4, 'rows': 16}
{'ticker': 'IWM', 'mode': 'binary', 'thr': 20, 'window': 'MAX', 'order': 1, 'rows': 2}
{'ticker': 'IWM', 'mode': 'binary', 'thr': 20, 'window': 'MAX', 'order': 2, 'rows': 4}
{'ticker': 'IWM', 'mode': 'binary', 'thr': 20, 'window': 'MAX', 'order': 3, 'rows': 8}
{'ticker': 'IWM', 'mode': 'binary', 'thr': 20, 'window': 'MAX', 'order': 4, 'rows': 16}
{'ticker': 'IWM', 'mode': 'binary', 'thr': 25, 'window': '1Y', 'order': 1, 'rows': 2}
{'ticker': 'IWM', 'mode': 'binary', 'thr': 25, 'window': '1Y', 'order': 2, 'rows': 4}
{'ticker': 'IWM', 'mode': 'binary', 'thr': 25, 'window': '1Y', 'order': 3, 'rows': 8}
{'ticker': 'IWM', 'mode': 'binary', 'thr': 25, 'window': '1Y', 'order': 4, 'rows': 15}
{'ticker': 'IWM', 'mode': 'binary', 'thr': 25, 'window': '2Y', 'order': 1, 'rows': 2}
{'ticker': 'IWM', 'mode': 'binary', 'thr': 25, 'window': '2Y', 'order': 2, 'rows': 4}
{'ticker': 'IWM', 'mode': 'binary', 'thr': 25, 'window': '2Y', 'order': 3, 'rows': 8}
{'ticker': 'IWM', 'mode': 'binary', 'thr': 25, 'window': '2Y', 'order': 4, 'rows': 16}
{'ticker': 'IWM', 'mode': 'binary', 'thr': 25, 'window': '5Y', 'order': 1, 'rows': 2}
{'ticker': 'IWM', 'mode': 'binary', 'thr': 25, 'window': '5Y', 'order': 2, 'rows': 4}
{'ticker': 'IWM', 'mode': 'binary', 'thr': 25, 'window': '5Y', 'order': 3, 'rows': 8}
{'ticker': 'IWM', 'mode': 'binary', 'thr': 25, 'window': '5Y', 'order': 4, 'rows': 16}
{'ticker': 'IWM', 'mode': 'binary', 'thr': 25, 'window': '10Y', 'order': 1, 'rows': 2}
{'ticker': 'IWM', 'mode': 'binary', 'thr': 25, 'window': '10Y', 'order': 2, 'rows': 4}
{'ticker': 'IWM', 'mode': 'binary', 'thr': 25, 'window': '10Y', 'order': 3, 'rows': 8}
{'ticker': 'IWM', 'mode': 'binary', 'thr': 25, 'window': '10Y', 'order': 4, 'rows': 16}
{'ticker': 'IWM', 'mode': 'binary', 'thr': 25, 'window': '20Y', 'order': 1, 'rows': 2}
{'ticker': 'IWM', 'mode': 'binary', 'thr': 25, 'window': '20Y', 'order': 2, 'rows': 4}
{'ticker': 'IWM', 'mode': 'binary', 'thr': 25, 'window': '20Y', 'order': 3, 'rows': 8}
{'ticker': 'IWM', 'mode': 'binary', 'thr': 25, 'window': '20Y', 'order': 4, 'rows': 16}
{'ticker': 'IWM', 'mode': 'binary', 'thr': 25, 'window': 'MAX', 'order': 1, 'rows': 2}
{'ticker': 'IWM', 'mode': 'binary', 'thr': 25, 'window': 'MAX', 'order': 2, 'rows': 4}
{'ticker': 'IWM', 'mode': 'binary', 'thr': 25, 'window': 'MAX', 'order': 3, 'rows': 8}2025-11-12 11:25:38,179 INFO [cli] {'ticker': 'IWM', 'mode': 'binary', 'thr': 45, 'window': 'MAX', 'order': 2, 'rows': 4}
2025-11-12 11:25:38,187 INFO [cli] {'ticker': 'IWM', 'mode': 'binary', 'thr': 45, 'window': 'MAX', 'order': 3, 'rows': 8}
2025-11-12 11:25:38,195 INFO [cli] {'ticker': 'IWM', 'mode': 'binary', 'thr': 45, 'window': 'MAX', 'order': 4, 'rows': 16}
2025-11-12 11:25:38,210 INFO [cli] {'ticker': 'IWM', 'mode': 'binary', 'thr': 50, 'window': '1Y', 'order': 1, 'rows': 2}
2025-11-12 11:25:38,220 INFO [cli] {'ticker': 'IWM', 'mode': 'binary', 'thr': 50, 'window': '1Y', 'order': 2, 'rows': 4}
2025-11-12 11:25:38,230 INFO [cli] {'ticker': 'IWM', 'mode': 'binary', 'thr': 50, 'window': '1Y', 'order': 3, 'rows': 8}
2025-11-12 11:25:38,241 INFO [cli] {'ticker': 'IWM', 'mode': 'binary', 'thr': 50, 'window': '1Y', 'order': 4, 'rows': 15}
2025-11-12 11:25:38,252 INFO [cli] {'ticker': 'IWM', 'mode': 'binary', 'thr': 50, 'window': '2Y', 'order': 1, 'rows': 2}
2025-11-12 11:25:38,262 INFO [cli] {'ticker': 'IWM', 'mode': 'binary', 'thr': 50, 'window': '2Y', 'order': 2, 'rows': 4}
2025-11-12 11:25:38,272 INFO [cli] {'ticker': 'IWM', 'mode': 'binary', 'thr': 50, 'window': '2Y', 'order': 3, 'rows': 8}
2025-11-12 11:25:38,281 INFO [cli] {'ticker': 'IWM', 'mode': 'binary', 'thr': 50, 'window': '2Y', 'order': 4, 'rows': 16}
2025-11-12 11:25:38,289 INFO [cli] {'ticker': 'IWM', 'mode': 'binary', 'thr': 50, 'window': '5Y', 'order': 1, 'rows': 2}
2025-11-12 11:25:38,298 INFO [cli] {'ticker': 'IWM', 'mode': 'binary', 'thr': 50, 'window': '5Y', 'order': 2, 'rows': 4}
2025-11-12 11:25:38,307 INFO [cli] {'ticker': 'IWM', 'mode': 'binary', 'thr': 50, 'window': '5Y', 'order': 3, 'rows': 8}
2025-11-12 11:25:38,317 INFO [cli] {'ticker': 'IWM', 'mode': 'binary', 'thr': 50, 'window': '5Y', 'order': 4, 'rows': 16}
2025-11-12 11:25:38,326 INFO [cli] {'ticker': 'IWM', 'mode': 'binary', 'thr': 50, 'window': '10Y', 'order': 1, 'rows': 2}
2025-11-12 11:25:38,335 INFO [cli] {'ticker': 'IWM', 'mode': 'binary', 'thr': 50, 'window': '10Y', 'order': 2, 'rows': 4}
2025-11-12 11:25:38,346 INFO [cli] {'ticker': 'IWM', 'mode': 'binary', 'thr': 50, 'window': '10Y', 'order': 3, 'rows': 8}
2025-11-12 11:25:38,355 INFO [cli] {'ticker': 'IWM', 'mode': 'binary', 'thr': 50, 'window': '10Y', 'order': 4, 'rows': 16}
2025-11-12 11:25:38,364 INFO [cli] {'ticker': 'IWM', 'mode': 'binary', 'thr': 50, 'window': '20Y', 'order': 1, 'rows': 2}
2025-11-12 11:25:38,374 INFO [cli] {'ticker': 'IWM', 'mode': 'binary', 'thr': 50, 'window': '20Y', 'order': 2, 'rows': 4}
2025-11-12 11:25:38,383 INFO [cli] {'ticker': 'IWM', 'mode': 'binary', 'thr': 50, 'window': '20Y', 'order': 3, 'rows': 8}
2025-11-12 11:25:38,391 INFO [cli] {'ticker': 'IWM', 'mode': 'binary', 'thr': 50, 'window': '20Y', 'order': 4, 'rows': 16}
2025-11-12 11:25:38,400 INFO [cli] {'ticker': 'IWM', 'mode': 'binary', 'thr': 50, 'window': 'MAX', 'order': 1, 'rows': 2}
2025-11-12 11:25:38,409 INFO [cli] {'ticker': 'IWM', 'mode': 'binary', 'thr': 50, 'window': 'MAX', 'order': 2, 'rows': 4}
2025-11-12 11:25:38,416 INFO [cli] {'ticker': 'IWM', 'mode': 'binary', 'thr': 50, 'window': 'MAX', 'order': 3, 'rows': 8}
2025-11-12 11:25:38,427 INFO [cli] {'ticker': 'IWM', 'mode': 'binary', 'thr': 50, 'window': 'MAX', 'order': 4, 'rows': 16}
2025-11-12 11:25:38,440 INFO [cli] {'ticker': 'IWM', 'mode': 'binary', 'thr': 55, 'window': '1Y', 'order': 1, 'rows': 2}
2025-11-12 11:25:38,450 INFO [cli] {'ticker': 'IWM', 'mode': 'binary', 'thr': 55, 'window': '1Y', 'order': 2, 'rows': 4}
2025-11-12 11:25:38,460 INFO [cli] {'ticker': 'IWM', 'mode': 'binary', 'thr': 55, 'window': '1Y', 'order': 3, 'rows': 8}
2025-11-12 11:25:38,472 INFO [cli] {'ticker': 'IWM', 'mode': 'binary', 'thr': 55, 'window': '1Y', 'order': 4, 'rows': 15}
2025-11-12 11:25:38,483 INFO [cli] {'ticker': 'IWM', 'mode': 'binary', 'thr': 55, 'window': '2Y', 'order': 1, 'rows': 2}
2025-11-12 11:25:38,493 INFO [cli] {'ticker': 'IWM', 'mode': 'binary', 'thr': 55, 'window': '2Y', 'order': 2, 'rows': 4}
2025-11-12 11:25:38,500 INFO [cli] {'ticker': 'IWM', 'mode': 'binary', 'thr': 55, 'window': '2Y', 'order': 3, 'rows': 8}
2025-11-12 11:25:38,508 INFO [cli] {'ticker': 'IWM', 'mode': 'binary', 'thr': 55, 'window': '2Y', 'order': 4, 'rows': 16}
2025-11-12 11:25:38,517 INFO [cli] {'ticker': 'IWM', 'mode': 'binary', 'thr': 55, 'window': '5Y', 'order': 1, 'rows': 2}
2025-11-12 11:25:38,526 INFO [cli] {'ticker': 'IWM', 'mode': 'binary', 'thr': 55, 'window': '5Y', 'order': 2, 'rows': 4}
2025-11-12 11:25:38,536 INFO [cli] {'ticker': 'IWM', 'mode': 'binary', 'thr': 55, 'window': '5Y', 'order': 3, 'rows': 8}
2025-11-12 11:25:38,544 INFO [cli] {'ticker': 'IWM', 'mode': 'binary', 'thr': 55, 'window': '5Y', 'order': 4, 'rows': 16}
2025-11-12 11:25:38,554 INFO [cli] {'ticker': 'IWM', 'mode': 'binary', 'thr': 55, 'window': '10Y', 'order': 1, 'rows': 2}
2025-11-12 11:25:38,562 INFO [cli] {'ticker': 'IWM', 'mode': 'binary', 'thr': 55, 'window': '10Y', 'order': 2, 'rows': 4}
2025-11-12 11:25:38,571 INFO [cli] {'ticker': 'IWM', 'mode': 'binary', 'thr': 55, 'window': '10Y', 'order': 3, 'rows': 8}
2025-11-12 11:25:38,581 INFO [cli] {'ticker': 'IWM', 'mode': 'binary', 'thr': 55, 'window': '10Y', 'order': 4, 'rows': 16}
2025-11-12 11:25:38,590 INFO [cli] {'ticker': 'IWM', 'mode': 'binary', 'thr': 55, 'window': '20Y', 'order': 1, 'rows': 2}
2025-11-12 11:25:38,599 INFO [cli] {'ticker': 'IWM', 'mode': 'binary', 'thr': 55, 'window': '20Y', 'order': 2, 'rows': 4}
2025-11-12 11:25:38,608 INFO [cli] {'ticker': 'IWM', 'mode': 'binary', 'thr': 55, 'window': '20Y', 'order': 3, 'rows': 8}
2025-11-12 11:25:38,616 INFO [cli] {'ticker': 'IWM', 'mode': 'binary', 'thr': 55, 'window': '20Y', 'order': 4, 'rows': 16}
2025-11-12 11:25:38,627 INFO [cli] {'ticker': 'IWM', 'mode': 'binary', 'thr': 55, 'window': 'MAX', 'order': 1, 'rows': 2}
2025-11-12 11:25:38,638 INFO [cli] {'ticker': 'IWM', 'mode': 'binary', 'thr': 55, 'window': 'MAX', 'order': 2, 'rows': 4}
2025-11-12 11:25:38,647 INFO [cli] {'ticker': 'IWM', 'mode': 'binary', 'thr': 55, 'window': 'MAX', 'order': 3, 'rows': 8}
2025-11-12 11:25:38,656 INFO [cli] {'ticker': 'IWM', 'mode': 'binary', 'thr': 55, 'window': 'MAX', 'order': 4, 'rows': 16}
2025-11-12 11:25:38,672 INFO [cli] {'ticker': 'IWM', 'mode': 'binary', 'thr': 60, 'window': '1Y', 'order': 1, 'rows': 2}
2025-11-12 11:25:38,682 INFO [cli] {'ticker': 'IWM', 'mode': 'binary', 'thr': 60, 'window': '1Y', 'order': 2, 'rows': 4}
2025-11-12 11:25:38,692 INFO [cli] {'ticker': 'IWM', 'mode': 'binary', 'thr': 60, 'window': '1Y', 'order': 3, 'rows': 8}
2025-11-12 11:25:38,702 INFO [cli] {'ticker': 'IWM', 'mode': 'binary', 'thr': 60, 'window': '1Y', 'order': 4, 'rows': 15}
2025-11-12 11:25:38,712 INFO [cli] {'ticker': 'IWM', 'mode': 'binary', 'thr': 60, 'window': '2Y', 'order': 1, 'rows': 2}
2025-11-12 11:25:38,722 INFO [cli] {'ticker': 'IWM', 'mode': 'binary', 'thr': 60, 'window': '2Y', 'order': 2, 'rows': 4}
2025-11-12 11:25:38,735 INFO [cli] {'ticker': 'IWM', 'mode': 'binary', 'thr': 60, 'window': '2Y', 'order': 3, 'rows': 8}
2025-11-12 11:25:38,744 INFO [cli] {'ticker': 'IWM', 'mode': 'binary', 'thr': 60, 'window': '2Y', 'order': 4, 'rows': 16}
2025-11-12 11:25:38,754 INFO [cli] {'ticker': 'IWM', 'mode': 'binary', 'thr': 60, 'window': '5Y', 'order': 1, 'rows': 2}
2025-11-12 11:25:38,762 INFO [cli] {'ticker': 'IWM', 'mode': 'binary', 'thr': 60, 'window': '5Y', 'order': 2, 'rows': 4}
2025-11-12 11:25:38,774 INFO [cli] {'ticker': 'IWM', 'mode': 'binary', 'thr': 60, 'window': '5Y', 'order': 3, 'rows': 8}
2025-11-12 11:25:38,781 INFO [cli] {'ticker': 'IWM', 'mode': 'binary', 'thr': 60, 'window': '5Y', 'order': 4, 'rows': 16}
2025-11-12 11:25:38,790 INFO [cli] {'ticker': 'IWM', 'mode': 'binary', 'thr': 60, 'window': '10Y', 'order': 1, 'rows': 2}
2025-11-12 11:25:38,801 INFO [cli] {'ticker': 'IWM', 'mode': 'binary', 'thr': 60, 'window': '10Y', 'order': 2, 'rows': 4}
2025-11-12 11:25:38,811 INFO [cli] {'ticker': 'IWM', 'mode': 'binary', 'thr': 60, 'window': '10Y', 'order': 3, 'rows': 8}
2025-11-12 11:25:38,820 INFO [cli] {'ticker': 'IWM', 'mode': 'binary', 'thr': 60, 'window': '10Y', 'order': 4, 'rows': 16}
2025-11-12 11:25:38,827 INFO [cli] {'ticker': 'IWM', 'mode': 'binary', 'thr': 60, 'window': '20Y', 'order': 1, 'rows': 2}
2025-11-12 11:25:38,838 INFO [cli] {'ticker': 'IWM', 'mode': 'binary', 'thr': 60, 'window': '20Y', 'order': 2, 'rows': 4}
2025-11-12 11:25:38,846 INFO [cli] {'ticker': 'IWM', 'mode': 'binary', 'thr': 60, 'window': '20Y', 'order': 3, 'rows': 8}
2025-11-12 11:25:38,855 INFO [cli] {'ticker': 'IWM', 'mode': 'binary', 'thr': 60, 'window': '20Y', 'order': 4, 'rows': 16}
2025-11-12 11:25:38,864 INFO [cli] {'ticker': 'IWM', 'mode': 'binary', 'thr': 60, 'window': 'MAX', 'order': 1, 'rows': 2}
2025-11-12 11:25:38,873 INFO [cli] {'ticker': 'IWM', 'mode': 'binary', 'thr': 60, 'window': 'MAX', 'order': 2, 'rows': 4}
2025-11-12 11:25:38,883 INFO [cli] {'ticker': 'IWM', 'mode': 'binary', 'thr': 60, 'window': 'MAX', 'order': 3, 'rows': 8}
2025-11-12 11:25:38,892 INFO [cli] {'ticker': 'IWM', 'mode': 'binary', 'thr': 60, 'window': 'MAX', 'order': 4, 'rows': 16}
2025-11-12 11:25:38,908 INFO [cli] {'ticker': 'IWM', 'mode': 'binary', 'thr': 65, 'window': '1Y', 'order': 1, 'rows': 2}
2025-11-12 11:25:38,915 INFO [cli] {'ticker': 'IWM', 'mode': 'binary', 'thr': 65, 'window': '1Y', 'order': 2, 'rows': 4}
2025-11-12 11:25:38,924 INFO [cli] {'ticker': 'IWM', 'mode': 'binary', 'thr': 65, 'window': '1Y', 'order': 3, 'rows': 8}
2025-11-12 11:25:38,932 INFO [cli] {'ticker': 'IWM', 'mode': 'binary', 'thr': 65, 'window': '1Y', 'order': 4, 'rows': 15}
2025-11-12 11:25:38,942 INFO [cli] {'ticker': 'IWM', 'mode': 'binary', 'thr': 65, 'window': '2Y', 'order': 1, 'rows': 2}
2025-11-12 11:25:38,950 INFO [cli] {'ticker': 'IWM', 'mode': 'binary', 'thr': 65, 'window': '2Y', 'order': 2, 'rows': 4}
2025-11-12 11:25:38,958 INFO [cli] {'ticker': 'IWM', 'mode': 'binary', 'thr': 65, 'window': '2Y', 'order': 3, 'rows': 8}
2025-11-12 11:25:38,967 INFO [cli] {'ticker': 'IWM', 'mode': 'binary', 'thr': 65, 'window': '2Y', 'order': 4, 'rows': 16}
2025-11-12 11:25:38,976 INFO [cli] {'ticker': 'IWM', 'mode': 'binary', 'thr': 65, 'window': '5Y', 'order': 1, 'rows': 2}
2025-11-12 11:25:38,986 INFO [cli] {'ticker': 'IWM', 'mode': 'binary', 'thr': 65, 'window': '5Y', 'order': 2, 'rows': 4}
2025-11-12 11:25:38,996 INFO [cli] {'ticker': 'IWM', 'mode': 'binary', 'thr': 65, 'window': '5Y', 'order': 3, 'rows': 8}
2025-11-12 11:25:39,006 INFO [cli] {'ticker': 'IWM', 'mode': 'binary', 'thr': 65, 'window': '5Y', 'order': 4, 'rows': 16}
2025-11-12 11:25:39,014 INFO [cli] {'ticker': 'IWM', 'mode': 'binary', 'thr': 65, 'window': '10Y', 'order': 1, 'rows': 2}
2025-11-12 11:25:39,024 INFO [cli] {'ticker': 'IWM', 'mode': 'binary', 'thr': 65, 'window': '10Y', 'order': 2, 'rows': 4}
2025-11-12 11:25:39,034 INFO [cli] {'ticker': 'IWM', 'mode': 'binary', 'thr': 65, 'window': '10Y', 'order': 3, 'rows': 8}
2025-11-12 11:25:39,043 INFO [cli] {'ticker': 'IWM', 'mode': 'binary', 'thr': 65, 'window': '10Y', 'order': 4, 'rows': 16}
2025-11-12 11:25:39,052 INFO [cli] {'ticker': 'IWM', 'mode': 'binary', 'thr': 65, 'window': '20Y', 'order': 1, 'rows': 2}
2025-11-12 11:25:39,062 INFO [cli] {'ticker': 'IWM', 'mode': 'binary', 'thr': 65, 'window': '20Y', 'order': 2, 'rows': 4}
2025-11-12 11:25:39,075 INFO [cli] {'ticker': 'IWM', 'mode': 'binary', 'thr': 65, 'window': '20Y', 'order': 3, 'rows': 8}
2025-11-12 11:25:39,096 INFO [cli] {'ticker': 'IWM', 'mode': 'binary', 'thr': 65, 'window': '20Y', 'order': 4, 'rows': 16}

{'ticker': 'IWM', 'mode': 'binary', 'thr': 25, 'window': 'MAX', 'order': 4, 'rows': 16}
{'ticker': 'IWM', 'mode': 'binary', 'thr': 30, 'window': '1Y', 'order': 1, 'rows': 2}
{'ticker': 'IWM', 'mode': 'binary', 'thr': 30, 'window': '1Y', 'order': 2, 'rows': 4}
{'ticker': 'IWM', 'mode': 'binary', 'thr': 30, 'window': '1Y', 'order': 3, 'rows': 8}
{'ticker': 'IWM', 'mode': 'binary', 'thr': 30, 'window': '1Y', 'order': 4, 'rows': 15}
{'ticker': 'IWM', 'mode': 'binary', 'thr': 30, 'window': '2Y', 'order': 1, 'rows': 2}
{'ticker': 'IWM', 'mode': 'binary', 'thr': 30, 'window': '2Y', 'order': 2, 'rows': 4}
{'ticker': 'IWM', 'mode': 'binary', 'thr': 30, 'window': '2Y', 'order': 3, 'rows': 8}
{'ticker': 'IWM', 'mode': 'binary', 'thr': 30, 'window': '2Y', 'order': 4, 'rows': 16}
{'ticker': 'IWM', 'mode': 'binary', 'thr': 30, 'window': '5Y', 'order': 1, 'rows': 2}
{'ticker': 'IWM', 'mode': 'binary', 'thr': 30, 'window': '5Y', 'order': 2, 'rows': 4}
{'ticker': 'IWM', 'mode': 'binary', 'thr': 30, 'window': '5Y', 'order': 3, 'rows': 8}
{'ticker': 'IWM', 'mode': 'binary', 'thr': 30, 'window': '5Y', 'order': 4, 'rows': 16}
{'ticker': 'IWM', 'mode': 'binary', 'thr': 30, 'window': '10Y', 'order': 1, 'rows': 2}
{'ticker': 'IWM', 'mode': 'binary', 'thr': 30, 'window': '10Y', 'order': 2, 'rows': 4}
{'ticker': 'IWM', 'mode': 'binary', 'thr': 30, 'window': '10Y', 'order': 3, 'rows': 8}
{'ticker': 'IWM', 'mode': 'binary', 'thr': 30, 'window': '10Y', 'order': 4, 'rows': 16}
{'ticker': 'IWM', 'mode': 'binary', 'thr': 30, 'window': '20Y', 'order': 1, 'rows': 2}
{'ticker': 'IWM', 'mode': 'binary', 'thr': 30, 'window': '20Y', 'order': 2, 'rows': 4}
{'ticker': 'IWM', 'mode': 'binary', 'thr': 30, 'window': '20Y', 'order': 3, 'rows': 8}
{'ticker': 'IWM', 'mode': 'binary', 'thr': 30, 'window': '20Y', 'order': 4, 'rows': 16}
{'ticker': 'IWM', 'mode': 'binary', 'thr': 30, 'window': 'MAX', 'order': 1, 'rows': 2}
{'ticker': 'IWM', 'mode': 'binary', 'thr': 30, 'window': 'MAX', 'order': 2, 'rows': 4}
{'ticker': 'IWM', 'mode': 'binary', 'thr': 30, 'window': 'MAX', 'order': 3, 'rows': 8}
{'ticker': 'IWM', 'mode': 'binary', 'thr': 30, 'window': 'MAX', 'order': 4, 'rows': 16}
{'ticker': 'IWM', 'mode': 'binary', 'thr': 35, 'window': '1Y', 'order': 1, 'rows': 2}
{'ticker': 'IWM', 'mode': 'binary', 'thr': 35, 'window': '1Y', 'order': 2, 'rows': 4}
{'ticker': 'IWM', 'mode': 'binary', 'thr': 35, 'window': '1Y', 'order': 3, 'rows': 8}
{'ticker': 'IWM', 'mode': 'binary', 'thr': 35, 'window': '1Y', 'order': 4, 'rows': 15}
{'ticker': 'IWM', 'mode': 'binary', 'thr': 35, 'window': '2Y', 'order': 1, 'rows': 2}
{'ticker': 'IWM', 'mode': 'binary', 'thr': 35, 'window': '2Y', 'order': 2, 'rows': 4}
{'ticker': 'IWM', 'mode': 'binary', 'thr': 35, 'window': '2Y', 'order': 3, 'rows': 8}
{'ticker': 'IWM', 'mode': 'binary', 'thr': 35, 'window': '2Y', 'order': 4, 'rows': 16}
{'ticker': 'IWM', 'mode': 'binary', 'thr': 35, 'window': '5Y', 'order': 1, 'rows': 2}
{'ticker': 'IWM', 'mode': 'binary', 'thr': 35, 'window': '5Y', 'order': 2, 'rows': 4}
{'ticker': 'IWM', 'mode': 'binary', 'thr': 35, 'window': '5Y', 'order': 3, 'rows': 8}
{'ticker': 'IWM', 'mode': 'binary', 'thr': 35, 'window': '5Y', 'order': 4, 'rows': 16}
{'ticker': 'IWM', 'mode': 'binary', 'thr': 35, 'window': '10Y', 'order': 1, 'rows': 2}
{'ticker': 'IWM', 'mode': 'binary', 'thr': 35, 'window': '10Y', 'order': 2, 'rows': 4}
{'ticker': 'IWM', 'mode': 'binary', 'thr': 35, 'window': '10Y', 'order': 3, 'rows': 8}
{'ticker': 'IWM', 'mode': 'binary', 'thr': 35, 'window': '10Y', 'order': 4, 'rows': 16}
{'ticker': 'IWM', 'mode': 'binary', 'thr': 35, 'window': '20Y', 'order': 1, 'rows': 2}
{'ticker': 'IWM', 'mode': 'binary', 'thr': 35, 'window': '20Y', 'order': 2, 'rows': 4}
{'ticker': 'IWM', 'mode': 'binary', 'thr': 35, 'window': '20Y', 'order': 3, 'rows': 8}
{'ticker': 'IWM', 'mode': 'binary', 'thr': 35, 'window': '20Y', 'order': 4, 'rows': 16}
{'ticker': 'IWM', 'mode': 'binary', 'thr': 35, 'window': 'MAX', 'order': 1, 'rows': 2}
{'ticker': 'IWM', 'mode': 'binary', 'thr': 35, 'window': 'MAX', 'order': 2, 'rows': 4}
{'ticker': 'IWM', 'mode': 'binary', 'thr': 35, 'window': 'MAX', 'order': 3, 'rows': 8}
{'ticker': 'IWM', 'mode': 'binary', 'thr': 35, 'window': 'MAX', 'order': 4, 'rows': 16}
{'ticker': 'IWM', 'mode': 'binary', 'thr': 40, 'window': '1Y', 'order': 1, 'rows': 2}
{'ticker': 'IWM', 'mode': 'binary', 'thr': 40, 'window': '1Y', 'order': 2, 'rows': 4}
{'ticker': 'IWM', 'mode': 'binary', 'thr': 40, 'window': '1Y', 'order': 3, 'rows': 8}
{'ticker': 'IWM', 'mode': 'binary', 'thr': 40, 'window': '1Y', 'order': 4, 'rows': 15}
{'ticker': 'IWM', 'mode': 'binary', 'thr': 40, 'window': '2Y', 'order': 1, 'rows': 2}
{'ticker': 'IWM', 'mode': 'binary', 'thr': 40, 'window': '2Y', 'order': 2, 'rows': 4}
{'ticker': 'IWM', 'mode': 'binary', 'thr': 40, 'window': '2Y', 'order': 3, 'rows': 8}
{'ticker': 'IWM', 'mode': 'binary', 'thr': 40, 'window': '2Y', 'order': 4, 'rows': 16}
{'ticker': 'IWM', 'mode': 'binary', 'thr': 40, 'window': '5Y', 'order': 1, 'rows': 2}
{'ticker': 'IWM', 'mode': 'binary', 'thr': 40, 'window': '5Y', 'order': 2, 'rows': 4}
{'ticker': 'IWM', 'mode': 'binary', 'thr': 40, 'window': '5Y', 'order': 3, 'rows': 8}
{'ticker': 'IWM', 'mode': 'binary', 'thr': 40, 'window': '5Y', 'order': 4, 'rows': 16}
{'ticker': 'IWM', 'mode': 'binary', 'thr': 40, 'window': '10Y', 'order': 1, 'rows': 2}
{'ticker': 'IWM', 'mode': 'binary', 'thr': 40, 'window': '10Y', 'order': 2, 'rows': 4}
{'ticker': 'IWM', 'mode': 'binary', 'thr': 40, 'window': '10Y', 'order': 3, 'rows': 8}
{'ticker': 'IWM', 'mode': 'binary', 'thr': 40, 'window': '10Y', 'order': 4, 'rows': 16}
{'ticker': 'IWM', 'mode': 'binary', 'thr': 40, 'window': '20Y', 'order': 1, 'rows': 2}
{'ticker': 'IWM', 'mode': 'binary', 'thr': 40, 'window': '20Y', 'order': 2, 'rows': 4}
{'ticker': 'IWM', 'mode': 'binary', 'thr': 40, 'window': '20Y', 'order': 3, 'rows': 8}
{'ticker': 'IWM', 'mode': 'binary', 'thr': 40, 'window': '20Y', 'order': 4, 'rows': 16}
{'ticker': 'IWM', 'mode': 'binary', 'thr': 40, 'window': 'MAX', 'order': 1, 'rows': 2}
{'ticker': 'IWM', 'mode': 'binary', 'thr': 40, 'window': 'MAX', 'order': 2, 'rows': 4}
{'ticker': 'IWM', 'mode': 'binary', 'thr': 40, 'window': 'MAX', 'order': 3, 'rows': 8}
{'ticker': 'IWM', 'mode': 'binary', 'thr': 40, 'window': 'MAX', 'order': 4, 'rows': 16}
{'ticker': 'IWM', 'mode': 'binary', 'thr': 45, 'window': '1Y', 'order': 1, 'rows': 2}
{'ticker': 'IWM', 'mode': 'binary', 'thr': 45, 'window': '1Y', 'order': 2, 'rows': 4}
{'ticker': 'IWM', 'mode': 'binary', 'thr': 45, 'window': '1Y', 'order': 3, 'rows': 8}
{'ticker': 'IWM', 'mode': 'binary', 'thr': 45, 'window': '1Y', 'order': 4, 'rows': 15}
{'ticker': 'IWM', 'mode': 'binary', 'thr': 45, 'window': '2Y', 'order': 1, 'rows': 2}
{'ticker': 'IWM', 'mode': 'binary', 'thr': 45, 'window': '2Y', 'order': 2, 'rows': 4}
{'ticker': 'IWM', 'mode': 'binary', 'thr': 45, 'window': '2Y', 'order': 3, 'rows': 8}
{'ticker': 'IWM', 'mode': 'binary', 'thr': 45, 'window': '2Y', 'order': 4, 'rows': 16}
{'ticker': 'IWM', 'mode': 'binary', 'thr': 45, 'window': '5Y', 'order': 1, 'rows': 2}
{'ticker': 'IWM', 'mode': 'binary', 'thr': 45, 'window': '5Y', 'order': 2, 'rows': 4}
{'ticker': 'IWM', 'mode': 'binary', 'thr': 45, 'window': '5Y', 'order': 3, 'rows': 8}
{'ticker': 'IWM', 'mode': 'binary', 'thr': 45, 'window': '5Y', 'order': 4, 'rows': 16}
{'ticker': 'IWM', 'mode': 'binary', 'thr': 45, 'window': '10Y', 'order': 1, 'rows': 2}
{'ticker': 'IWM', 'mode': 'binary', 'thr': 45, 'window': '10Y', 'order': 2, 'rows': 4}
{'ticker': 'IWM', 'mode': 'binary', 'thr': 45, 'window': '10Y', 'order': 3, 'rows': 8}
{'ticker': 'IWM', 'mode': 'binary', 'thr': 45, 'window': '10Y', 'order': 4, 'rows': 16}
{'ticker': 'IWM', 'mode': 'binary', 'thr': 45, 'window': '20Y', 'order': 1, 'rows': 2}
{'ticker': 'IWM', 'mode': 'binary', 'thr': 45, 'window': '20Y', 'order': 2, 'rows': 4}
{'ticker': 'IWM', 'mode': 'binary', 'thr': 45, 'window': '20Y', 'order': 3, 'rows': 8}
{'ticker': 'IWM', 'mode': 'binary', 'thr': 45, 'window': '20Y', 'order': 4, 'rows': 16}
{'ticker': 'IWM', 'mode': 'binary', 'thr': 45, 'window': 'MAX', 'order': 1, 'rows': 2}
{'ticker': 'IWM', 'mode': 'binary', 'thr': 45, 'window': 'MAX', 'order': 2, 'rows': 4}2025-11-12 11:25:39,106 INFO [cli] {'ticker': 'IWM', 'mode': 'binary', 'thr': 65, 'window': 'MAX', 'order': 1, 'rows': 2}
2025-11-12 11:25:39,115 INFO [cli] {'ticker': 'IWM', 'mode': 'binary', 'thr': 65, 'window': 'MAX', 'order': 2, 'rows': 4}
2025-11-12 11:25:39,123 INFO [cli] {'ticker': 'IWM', 'mode': 'binary', 'thr': 65, 'window': 'MAX', 'order': 3, 'rows': 8}
2025-11-12 11:25:39,133 INFO [cli] {'ticker': 'IWM', 'mode': 'binary', 'thr': 65, 'window': 'MAX', 'order': 4, 'rows': 16}
2025-11-12 11:25:39,148 INFO [cli] {'ticker': 'IWM', 'mode': 'binary', 'thr': 70, 'window': '1Y', 'order': 1, 'rows': 2}
2025-11-12 11:25:39,157 INFO [cli] {'ticker': 'IWM', 'mode': 'binary', 'thr': 70, 'window': '1Y', 'order': 2, 'rows': 4}
2025-11-12 11:25:39,164 INFO [cli] {'ticker': 'IWM', 'mode': 'binary', 'thr': 70, 'window': '1Y', 'order': 3, 'rows': 8}
2025-11-12 11:25:39,174 INFO [cli] {'ticker': 'IWM', 'mode': 'binary', 'thr': 70, 'window': '1Y', 'order': 4, 'rows': 15}
2025-11-12 11:25:39,184 INFO [cli] {'ticker': 'IWM', 'mode': 'binary', 'thr': 70, 'window': '2Y', 'order': 1, 'rows': 2}
2025-11-12 11:25:39,195 INFO [cli] {'ticker': 'IWM', 'mode': 'binary', 'thr': 70, 'window': '2Y', 'order': 2, 'rows': 4}
2025-11-12 11:25:39,203 INFO [cli] {'ticker': 'IWM', 'mode': 'binary', 'thr': 70, 'window': '2Y', 'order': 3, 'rows': 8}
2025-11-12 11:25:39,214 INFO [cli] {'ticker': 'IWM', 'mode': 'binary', 'thr': 70, 'window': '2Y', 'order': 4, 'rows': 16}
2025-11-12 11:25:39,223 INFO [cli] {'ticker': 'IWM', 'mode': 'binary', 'thr': 70, 'window': '5Y', 'order': 1, 'rows': 2}
2025-11-12 11:25:39,230 INFO [cli] {'ticker': 'IWM', 'mode': 'binary', 'thr': 70, 'window': '5Y', 'order': 2, 'rows': 4}
2025-11-12 11:25:39,242 INFO [cli] {'ticker': 'IWM', 'mode': 'binary', 'thr': 70, 'window': '5Y', 'order': 3, 'rows': 8}
2025-11-12 11:25:39,251 INFO [cli] {'ticker': 'IWM', 'mode': 'binary', 'thr': 70, 'window': '5Y', 'order': 4, 'rows': 16}
2025-11-12 11:25:39,260 INFO [cli] {'ticker': 'IWM', 'mode': 'binary', 'thr': 70, 'window': '10Y', 'order': 1, 'rows': 2}
2025-11-12 11:25:39,271 INFO [cli] {'ticker': 'IWM', 'mode': 'binary', 'thr': 70, 'window': '10Y', 'order': 2, 'rows': 4}
2025-11-12 11:25:39,282 INFO [cli] {'ticker': 'IWM', 'mode': 'binary', 'thr': 70, 'window': '10Y', 'order': 3, 'rows': 8}
2025-11-12 11:25:39,291 INFO [cli] {'ticker': 'IWM', 'mode': 'binary', 'thr': 70, 'window': '10Y', 'order': 4, 'rows': 16}
2025-11-12 11:25:39,303 INFO [cli] {'ticker': 'IWM', 'mode': 'binary', 'thr': 70, 'window': '20Y', 'order': 1, 'rows': 2}
2025-11-12 11:25:39,314 INFO [cli] {'ticker': 'IWM', 'mode': 'binary', 'thr': 70, 'window': '20Y', 'order': 2, 'rows': 4}
2025-11-12 11:25:39,326 INFO [cli] {'ticker': 'IWM', 'mode': 'binary', 'thr': 70, 'window': '20Y', 'order': 3, 'rows': 8}
2025-11-12 11:25:39,335 INFO [cli] {'ticker': 'IWM', 'mode': 'binary', 'thr': 70, 'window': '20Y', 'order': 4, 'rows': 16}
2025-11-12 11:25:39,344 INFO [cli] {'ticker': 'IWM', 'mode': 'binary', 'thr': 70, 'window': 'MAX', 'order': 1, 'rows': 2}
2025-11-12 11:25:39,355 INFO [cli] {'ticker': 'IWM', 'mode': 'binary', 'thr': 70, 'window': 'MAX', 'order': 2, 'rows': 4}
2025-11-12 11:25:39,367 INFO [cli] {'ticker': 'IWM', 'mode': 'binary', 'thr': 70, 'window': 'MAX', 'order': 3, 'rows': 8}
2025-11-12 11:25:39,377 INFO [cli] {'ticker': 'IWM', 'mode': 'binary', 'thr': 70, 'window': 'MAX', 'order': 4, 'rows': 16}
2025-11-12 11:25:39,392 INFO [cli] {'ticker': 'IWM', 'mode': 'binary', 'thr': 75, 'window': '1Y', 'order': 1, 'rows': 2}
2025-11-12 11:25:39,402 INFO [cli] {'ticker': 'IWM', 'mode': 'binary', 'thr': 75, 'window': '1Y', 'order': 2, 'rows': 4}
2025-11-12 11:25:39,414 INFO [cli] {'ticker': 'IWM', 'mode': 'binary', 'thr': 75, 'window': '1Y', 'order': 3, 'rows': 8}
2025-11-12 11:25:39,425 INFO [cli] {'ticker': 'IWM', 'mode': 'binary', 'thr': 75, 'window': '1Y', 'order': 4, 'rows': 15}
2025-11-12 11:25:39,433 INFO [cli] {'ticker': 'IWM', 'mode': 'binary', 'thr': 75, 'window': '2Y', 'order': 1, 'rows': 2}
2025-11-12 11:25:39,441 INFO [cli] {'ticker': 'IWM', 'mode': 'binary', 'thr': 75, 'window': '2Y', 'order': 2, 'rows': 4}
2025-11-12 11:25:39,450 INFO [cli] {'ticker': 'IWM', 'mode': 'binary', 'thr': 75, 'window': '2Y', 'order': 3, 'rows': 8}
2025-11-12 11:25:39,458 INFO [cli] {'ticker': 'IWM', 'mode': 'binary', 'thr': 75, 'window': '2Y', 'order': 4, 'rows': 16}
2025-11-12 11:25:39,469 INFO [cli] {'ticker': 'IWM', 'mode': 'binary', 'thr': 75, 'window': '5Y', 'order': 1, 'rows': 2}
2025-11-12 11:25:39,479 INFO [cli] {'ticker': 'IWM', 'mode': 'binary', 'thr': 75, 'window': '5Y', 'order': 2, 'rows': 4}
2025-11-12 11:25:39,489 INFO [cli] {'ticker': 'IWM', 'mode': 'binary', 'thr': 75, 'window': '5Y', 'order': 3, 'rows': 8}
2025-11-12 11:25:39,498 INFO [cli] {'ticker': 'IWM', 'mode': 'binary', 'thr': 75, 'window': '5Y', 'order': 4, 'rows': 16}
2025-11-12 11:25:39,506 INFO [cli] {'ticker': 'IWM', 'mode': 'binary', 'thr': 75, 'window': '10Y', 'order': 1, 'rows': 2}
2025-11-12 11:25:39,516 INFO [cli] {'ticker': 'IWM', 'mode': 'binary', 'thr': 75, 'window': '10Y', 'order': 2, 'rows': 4}
2025-11-12 11:25:39,523 INFO [cli] {'ticker': 'IWM', 'mode': 'binary', 'thr': 75, 'window': '10Y', 'order': 3, 'rows': 8}
2025-11-12 11:25:39,533 INFO [cli] {'ticker': 'IWM', 'mode': 'binary', 'thr': 75, 'window': '10Y', 'order': 4, 'rows': 16}
2025-11-12 11:25:39,542 INFO [cli] {'ticker': 'IWM', 'mode': 'binary', 'thr': 75, 'window': '20Y', 'order': 1, 'rows': 2}
2025-11-12 11:25:39,551 INFO [cli] {'ticker': 'IWM', 'mode': 'binary', 'thr': 75, 'window': '20Y', 'order': 2, 'rows': 4}
2025-11-12 11:25:39,559 INFO [cli] {'ticker': 'IWM', 'mode': 'binary', 'thr': 75, 'window': '20Y', 'order': 3, 'rows': 8}
2025-11-12 11:25:39,568 INFO [cli] {'ticker': 'IWM', 'mode': 'binary', 'thr': 75, 'window': '20Y', 'order': 4, 'rows': 16}
2025-11-12 11:25:39,577 INFO [cli] {'ticker': 'IWM', 'mode': 'binary', 'thr': 75, 'window': 'MAX', 'order': 1, 'rows': 2}
2025-11-12 11:25:39,587 INFO [cli] {'ticker': 'IWM', 'mode': 'binary', 'thr': 75, 'window': 'MAX', 'order': 2, 'rows': 4}
2025-11-12 11:25:39,596 INFO [cli] {'ticker': 'IWM', 'mode': 'binary', 'thr': 75, 'window': 'MAX', 'order': 3, 'rows': 8}
2025-11-12 11:25:39,607 INFO [cli] {'ticker': 'IWM', 'mode': 'binary', 'thr': 75, 'window': 'MAX', 'order': 4, 'rows': 16}
2025-11-12 11:25:39,623 INFO [cli] {'ticker': 'IWM', 'mode': 'binary', 'thr': 80, 'window': '1Y', 'order': 1, 'rows': 2}
2025-11-12 11:25:39,632 INFO [cli] {'ticker': 'IWM', 'mode': 'binary', 'thr': 80, 'window': '1Y', 'order': 2, 'rows': 4}
2025-11-12 11:25:39,641 INFO [cli] {'ticker': 'IWM', 'mode': 'binary', 'thr': 80, 'window': '1Y', 'order': 3, 'rows': 8}
2025-11-12 11:25:39,651 INFO [cli] {'ticker': 'IWM', 'mode': 'binary', 'thr': 80, 'window': '1Y', 'order': 4, 'rows': 15}
2025-11-12 11:25:39,661 INFO [cli] {'ticker': 'IWM', 'mode': 'binary', 'thr': 80, 'window': '2Y', 'order': 1, 'rows': 2}
2025-11-12 11:25:39,671 INFO [cli] {'ticker': 'IWM', 'mode': 'binary', 'thr': 80, 'window': '2Y', 'order': 2, 'rows': 4}
2025-11-12 11:25:39,680 INFO [cli] {'ticker': 'IWM', 'mode': 'binary', 'thr': 80, 'window': '2Y', 'order': 3, 'rows': 8}
2025-11-12 11:25:39,689 INFO [cli] {'ticker': 'IWM', 'mode': 'binary', 'thr': 80, 'window': '2Y', 'order': 4, 'rows': 16}
2025-11-12 11:25:39,700 INFO [cli] {'ticker': 'IWM', 'mode': 'binary', 'thr': 80, 'window': '5Y', 'order': 1, 'rows': 2}
2025-11-12 11:25:39,709 INFO [cli] {'ticker': 'IWM', 'mode': 'binary', 'thr': 80, 'window': '5Y', 'order': 2, 'rows': 4}
2025-11-12 11:25:39,722 INFO [cli] {'ticker': 'IWM', 'mode': 'binary', 'thr': 80, 'window': '5Y', 'order': 3, 'rows': 8}
2025-11-12 11:25:39,733 INFO [cli] {'ticker': 'IWM', 'mode': 'binary', 'thr': 80, 'window': '5Y', 'order': 4, 'rows': 16}
2025-11-12 11:25:39,743 INFO [cli] {'ticker': 'IWM', 'mode': 'binary', 'thr': 80, 'window': '10Y', 'order': 1, 'rows': 2}
2025-11-12 11:25:39,752 INFO [cli] {'ticker': 'IWM', 'mode': 'binary', 'thr': 80, 'window': '10Y', 'order': 2, 'rows': 4}
2025-11-12 11:25:39,761 INFO [cli] {'ticker': 'IWM', 'mode': 'binary', 'thr': 80, 'window': '10Y', 'order': 3, 'rows': 8}
2025-11-12 11:25:39,772 INFO [cli] {'ticker': 'IWM', 'mode': 'binary', 'thr': 80, 'window': '10Y', 'order': 4, 'rows': 16}
2025-11-12 11:25:39,783 INFO [cli] {'ticker': 'IWM', 'mode': 'binary', 'thr': 80, 'window': '20Y', 'order': 1, 'rows': 2}
2025-11-12 11:25:39,792 INFO [cli] {'ticker': 'IWM', 'mode': 'binary', 'thr': 80, 'window': '20Y', 'order': 2, 'rows': 4}
2025-11-12 11:25:39,801 INFO [cli] {'ticker': 'IWM', 'mode': 'binary', 'thr': 80, 'window': '20Y', 'order': 3, 'rows': 8}
2025-11-12 11:25:39,811 INFO [cli] {'ticker': 'IWM', 'mode': 'binary', 'thr': 80, 'window': '20Y', 'order': 4, 'rows': 16}
2025-11-12 11:25:39,820 INFO [cli] {'ticker': 'IWM', 'mode': 'binary', 'thr': 80, 'window': 'MAX', 'order': 1, 'rows': 2}
2025-11-12 11:25:39,828 INFO [cli] {'ticker': 'IWM', 'mode': 'binary', 'thr': 80, 'window': 'MAX', 'order': 2, 'rows': 4}
2025-11-12 11:25:39,837 INFO [cli] {'ticker': 'IWM', 'mode': 'binary', 'thr': 80, 'window': 'MAX', 'order': 3, 'rows': 8}
2025-11-12 11:25:39,844 INFO [cli] {'ticker': 'IWM', 'mode': 'binary', 'thr': 80, 'window': 'MAX', 'order': 4, 'rows': 16}
2025-11-12 11:25:39,859 INFO [cli] {'ticker': 'IWM', 'mode': 'binary', 'thr': 85, 'window': '1Y', 'order': 1, 'rows': 2}
2025-11-12 11:25:39,867 INFO [cli] {'ticker': 'IWM', 'mode': 'binary', 'thr': 85, 'window': '1Y', 'order': 2, 'rows': 4}
2025-11-12 11:25:39,876 INFO [cli] {'ticker': 'IWM', 'mode': 'binary', 'thr': 85, 'window': '1Y', 'order': 3, 'rows': 8}
2025-11-12 11:25:39,884 INFO [cli] {'ticker': 'IWM', 'mode': 'binary', 'thr': 85, 'window': '1Y', 'order': 4, 'rows': 15}
2025-11-12 11:25:39,895 INFO [cli] {'ticker': 'IWM', 'mode': 'binary', 'thr': 85, 'window': '2Y', 'order': 1, 'rows': 2}
2025-11-12 11:25:39,907 INFO [cli] {'ticker': 'IWM', 'mode': 'binary', 'thr': 85, 'window': '2Y', 'order': 2, 'rows': 4}
2025-11-12 11:25:39,915 INFO [cli] {'ticker': 'IWM', 'mode': 'binary', 'thr': 85, 'window': '2Y', 'order': 3, 'rows': 8}
2025-11-12 11:25:39,925 INFO [cli] {'ticker': 'IWM', 'mode': 'binary', 'thr': 85, 'window': '2Y', 'order': 4, 'rows': 16}
2025-11-12 11:25:39,934 INFO [cli] {'ticker': 'IWM', 'mode': 'binary', 'thr': 85, 'window': '5Y', 'order': 1, 'rows': 2}
2025-11-12 11:25:39,943 INFO [cli] {'ticker': 'IWM', 'mode': 'binary', 'thr': 85, 'window': '5Y', 'order': 2, 'rows': 4}
2025-11-12 11:25:39,950 INFO [cli] {'ticker': 'IWM', 'mode': 'binary', 'thr': 85, 'window': '5Y', 'order': 3, 'rows': 8}
2025-11-12 11:25:39,961 INFO [cli] {'ticker': 'IWM', 'mode': 'binary', 'thr': 85, 'window': '5Y', 'order': 4, 'rows': 16}
2025-11-12 11:25:39,968 INFO [cli] {'ticker': 'IWM', 'mode': 'binary', 'thr': 85, 'window': '10Y', 'order': 1, 'rows': 2}
2025-11-12 11:25:39,980 INFO [cli] {'ticker': 'IWM', 'mode': 'binary', 'thr': 85, 'window': '10Y', 'order': 2, 'rows': 4}
2025-11-12 11:25:39,987 INFO [cli] {'ticker': 'IWM', 'mode': 'binary', 'thr': 85, 'window': '10Y', 'order': 3, 'rows': 8}
2025-11-12 11:25:39,998 INFO [cli] {'ticker': 'IWM', 'mode': 'binary', 'thr': 85, 'window': '10Y', 'order': 4, 'rows': 16}
2025-11-12 11:25:40,008 INFO [cli] {'ticker': 'IWM', 'mode': 'binary', 'thr': 85, 'window': '20Y', 'order': 1, 'rows': 2}
2025-11-12 11:25:40,017 INFO [cli] {'ticker': 'IWM', 'mode': 'binary', 'thr': 85, 'window': '20Y', 'order': 2, 'rows': 4}
2025-11-12 11:25:40,027 INFO [cli] {'ticker': 'IWM', 'mode': 'binary', 'thr': 85, 'window': '20Y', 'order': 3, 'rows': 8}

{'ticker': 'IWM', 'mode': 'binary', 'thr': 45, 'window': 'MAX', 'order': 3, 'rows': 8}
{'ticker': 'IWM', 'mode': 'binary', 'thr': 45, 'window': 'MAX', 'order': 4, 'rows': 16}
{'ticker': 'IWM', 'mode': 'binary', 'thr': 50, 'window': '1Y', 'order': 1, 'rows': 2}
{'ticker': 'IWM', 'mode': 'binary', 'thr': 50, 'window': '1Y', 'order': 2, 'rows': 4}
{'ticker': 'IWM', 'mode': 'binary', 'thr': 50, 'window': '1Y', 'order': 3, 'rows': 8}
{'ticker': 'IWM', 'mode': 'binary', 'thr': 50, 'window': '1Y', 'order': 4, 'rows': 15}
{'ticker': 'IWM', 'mode': 'binary', 'thr': 50, 'window': '2Y', 'order': 1, 'rows': 2}
{'ticker': 'IWM', 'mode': 'binary', 'thr': 50, 'window': '2Y', 'order': 2, 'rows': 4}
{'ticker': 'IWM', 'mode': 'binary', 'thr': 50, 'window': '2Y', 'order': 3, 'rows': 8}
{'ticker': 'IWM', 'mode': 'binary', 'thr': 50, 'window': '2Y', 'order': 4, 'rows': 16}
{'ticker': 'IWM', 'mode': 'binary', 'thr': 50, 'window': '5Y', 'order': 1, 'rows': 2}
{'ticker': 'IWM', 'mode': 'binary', 'thr': 50, 'window': '5Y', 'order': 2, 'rows': 4}
{'ticker': 'IWM', 'mode': 'binary', 'thr': 50, 'window': '5Y', 'order': 3, 'rows': 8}
{'ticker': 'IWM', 'mode': 'binary', 'thr': 50, 'window': '5Y', 'order': 4, 'rows': 16}
{'ticker': 'IWM', 'mode': 'binary', 'thr': 50, 'window': '10Y', 'order': 1, 'rows': 2}
{'ticker': 'IWM', 'mode': 'binary', 'thr': 50, 'window': '10Y', 'order': 2, 'rows': 4}
{'ticker': 'IWM', 'mode': 'binary', 'thr': 50, 'window': '10Y', 'order': 3, 'rows': 8}
{'ticker': 'IWM', 'mode': 'binary', 'thr': 50, 'window': '10Y', 'order': 4, 'rows': 16}
{'ticker': 'IWM', 'mode': 'binary', 'thr': 50, 'window': '20Y', 'order': 1, 'rows': 2}
{'ticker': 'IWM', 'mode': 'binary', 'thr': 50, 'window': '20Y', 'order': 2, 'rows': 4}
{'ticker': 'IWM', 'mode': 'binary', 'thr': 50, 'window': '20Y', 'order': 3, 'rows': 8}
{'ticker': 'IWM', 'mode': 'binary', 'thr': 50, 'window': '20Y', 'order': 4, 'rows': 16}
{'ticker': 'IWM', 'mode': 'binary', 'thr': 50, 'window': 'MAX', 'order': 1, 'rows': 2}
{'ticker': 'IWM', 'mode': 'binary', 'thr': 50, 'window': 'MAX', 'order': 2, 'rows': 4}
{'ticker': 'IWM', 'mode': 'binary', 'thr': 50, 'window': 'MAX', 'order': 3, 'rows': 8}
{'ticker': 'IWM', 'mode': 'binary', 'thr': 50, 'window': 'MAX', 'order': 4, 'rows': 16}
{'ticker': 'IWM', 'mode': 'binary', 'thr': 55, 'window': '1Y', 'order': 1, 'rows': 2}
{'ticker': 'IWM', 'mode': 'binary', 'thr': 55, 'window': '1Y', 'order': 2, 'rows': 4}
{'ticker': 'IWM', 'mode': 'binary', 'thr': 55, 'window': '1Y', 'order': 3, 'rows': 8}
{'ticker': 'IWM', 'mode': 'binary', 'thr': 55, 'window': '1Y', 'order': 4, 'rows': 15}
{'ticker': 'IWM', 'mode': 'binary', 'thr': 55, 'window': '2Y', 'order': 1, 'rows': 2}
{'ticker': 'IWM', 'mode': 'binary', 'thr': 55, 'window': '2Y', 'order': 2, 'rows': 4}
{'ticker': 'IWM', 'mode': 'binary', 'thr': 55, 'window': '2Y', 'order': 3, 'rows': 8}
{'ticker': 'IWM', 'mode': 'binary', 'thr': 55, 'window': '2Y', 'order': 4, 'rows': 16}
{'ticker': 'IWM', 'mode': 'binary', 'thr': 55, 'window': '5Y', 'order': 1, 'rows': 2}
{'ticker': 'IWM', 'mode': 'binary', 'thr': 55, 'window': '5Y', 'order': 2, 'rows': 4}
{'ticker': 'IWM', 'mode': 'binary', 'thr': 55, 'window': '5Y', 'order': 3, 'rows': 8}
{'ticker': 'IWM', 'mode': 'binary', 'thr': 55, 'window': '5Y', 'order': 4, 'rows': 16}
{'ticker': 'IWM', 'mode': 'binary', 'thr': 55, 'window': '10Y', 'order': 1, 'rows': 2}
{'ticker': 'IWM', 'mode': 'binary', 'thr': 55, 'window': '10Y', 'order': 2, 'rows': 4}
{'ticker': 'IWM', 'mode': 'binary', 'thr': 55, 'window': '10Y', 'order': 3, 'rows': 8}
{'ticker': 'IWM', 'mode': 'binary', 'thr': 55, 'window': '10Y', 'order': 4, 'rows': 16}
{'ticker': 'IWM', 'mode': 'binary', 'thr': 55, 'window': '20Y', 'order': 1, 'rows': 2}
{'ticker': 'IWM', 'mode': 'binary', 'thr': 55, 'window': '20Y', 'order': 2, 'rows': 4}
{'ticker': 'IWM', 'mode': 'binary', 'thr': 55, 'window': '20Y', 'order': 3, 'rows': 8}
{'ticker': 'IWM', 'mode': 'binary', 'thr': 55, 'window': '20Y', 'order': 4, 'rows': 16}
{'ticker': 'IWM', 'mode': 'binary', 'thr': 55, 'window': 'MAX', 'order': 1, 'rows': 2}
{'ticker': 'IWM', 'mode': 'binary', 'thr': 55, 'window': 'MAX', 'order': 2, 'rows': 4}
{'ticker': 'IWM', 'mode': 'binary', 'thr': 55, 'window': 'MAX', 'order': 3, 'rows': 8}
{'ticker': 'IWM', 'mode': 'binary', 'thr': 55, 'window': 'MAX', 'order': 4, 'rows': 16}
{'ticker': 'IWM', 'mode': 'binary', 'thr': 60, 'window': '1Y', 'order': 1, 'rows': 2}
{'ticker': 'IWM', 'mode': 'binary', 'thr': 60, 'window': '1Y', 'order': 2, 'rows': 4}
{'ticker': 'IWM', 'mode': 'binary', 'thr': 60, 'window': '1Y', 'order': 3, 'rows': 8}
{'ticker': 'IWM', 'mode': 'binary', 'thr': 60, 'window': '1Y', 'order': 4, 'rows': 15}
{'ticker': 'IWM', 'mode': 'binary', 'thr': 60, 'window': '2Y', 'order': 1, 'rows': 2}
{'ticker': 'IWM', 'mode': 'binary', 'thr': 60, 'window': '2Y', 'order': 2, 'rows': 4}
{'ticker': 'IWM', 'mode': 'binary', 'thr': 60, 'window': '2Y', 'order': 3, 'rows': 8}
{'ticker': 'IWM', 'mode': 'binary', 'thr': 60, 'window': '2Y', 'order': 4, 'rows': 16}
{'ticker': 'IWM', 'mode': 'binary', 'thr': 60, 'window': '5Y', 'order': 1, 'rows': 2}
{'ticker': 'IWM', 'mode': 'binary', 'thr': 60, 'window': '5Y', 'order': 2, 'rows': 4}
{'ticker': 'IWM', 'mode': 'binary', 'thr': 60, 'window': '5Y', 'order': 3, 'rows': 8}
{'ticker': 'IWM', 'mode': 'binary', 'thr': 60, 'window': '5Y', 'order': 4, 'rows': 16}
{'ticker': 'IWM', 'mode': 'binary', 'thr': 60, 'window': '10Y', 'order': 1, 'rows': 2}
{'ticker': 'IWM', 'mode': 'binary', 'thr': 60, 'window': '10Y', 'order': 2, 'rows': 4}
{'ticker': 'IWM', 'mode': 'binary', 'thr': 60, 'window': '10Y', 'order': 3, 'rows': 8}
{'ticker': 'IWM', 'mode': 'binary', 'thr': 60, 'window': '10Y', 'order': 4, 'rows': 16}
{'ticker': 'IWM', 'mode': 'binary', 'thr': 60, 'window': '20Y', 'order': 1, 'rows': 2}
{'ticker': 'IWM', 'mode': 'binary', 'thr': 60, 'window': '20Y', 'order': 2, 'rows': 4}
{'ticker': 'IWM', 'mode': 'binary', 'thr': 60, 'window': '20Y', 'order': 3, 'rows': 8}
{'ticker': 'IWM', 'mode': 'binary', 'thr': 60, 'window': '20Y', 'order': 4, 'rows': 16}
{'ticker': 'IWM', 'mode': 'binary', 'thr': 60, 'window': 'MAX', 'order': 1, 'rows': 2}
{'ticker': 'IWM', 'mode': 'binary', 'thr': 60, 'window': 'MAX', 'order': 2, 'rows': 4}
{'ticker': 'IWM', 'mode': 'binary', 'thr': 60, 'window': 'MAX', 'order': 3, 'rows': 8}
{'ticker': 'IWM', 'mode': 'binary', 'thr': 60, 'window': 'MAX', 'order': 4, 'rows': 16}
{'ticker': 'IWM', 'mode': 'binary', 'thr': 65, 'window': '1Y', 'order': 1, 'rows': 2}
{'ticker': 'IWM', 'mode': 'binary', 'thr': 65, 'window': '1Y', 'order': 2, 'rows': 4}
{'ticker': 'IWM', 'mode': 'binary', 'thr': 65, 'window': '1Y', 'order': 3, 'rows': 8}
{'ticker': 'IWM', 'mode': 'binary', 'thr': 65, 'window': '1Y', 'order': 4, 'rows': 15}
{'ticker': 'IWM', 'mode': 'binary', 'thr': 65, 'window': '2Y', 'order': 1, 'rows': 2}
{'ticker': 'IWM', 'mode': 'binary', 'thr': 65, 'window': '2Y', 'order': 2, 'rows': 4}
{'ticker': 'IWM', 'mode': 'binary', 'thr': 65, 'window': '2Y', 'order': 3, 'rows': 8}
{'ticker': 'IWM', 'mode': 'binary', 'thr': 65, 'window': '2Y', 'order': 4, 'rows': 16}
{'ticker': 'IWM', 'mode': 'binary', 'thr': 65, 'window': '5Y', 'order': 1, 'rows': 2}
{'ticker': 'IWM', 'mode': 'binary', 'thr': 65, 'window': '5Y', 'order': 2, 'rows': 4}
{'ticker': 'IWM', 'mode': 'binary', 'thr': 65, 'window': '5Y', 'order': 3, 'rows': 8}
{'ticker': 'IWM', 'mode': 'binary', 'thr': 65, 'window': '5Y', 'order': 4, 'rows': 16}
{'ticker': 'IWM', 'mode': 'binary', 'thr': 65, 'window': '10Y', 'order': 1, 'rows': 2}
{'ticker': 'IWM', 'mode': 'binary', 'thr': 65, 'window': '10Y', 'order': 2, 'rows': 4}
{'ticker': 'IWM', 'mode': 'binary', 'thr': 65, 'window': '10Y', 'order': 3, 'rows': 8}
{'ticker': 'IWM', 'mode': 'binary', 'thr': 65, 'window': '10Y', 'order': 4, 'rows': 16}
{'ticker': 'IWM', 'mode': 'binary', 'thr': 65, 'window': '20Y', 'order': 1, 'rows': 2}
{'ticker': 'IWM', 'mode': 'binary', 'thr': 65, 'window': '20Y', 'order': 2, 'rows': 4}
{'ticker': 'IWM', 'mode': 'binary', 'thr': 65, 'window': '20Y', 'order': 3, 'rows': 8}
{'ticker': 'IWM', 'mode': 'binary', 'thr': 65, 'window': '20Y', 'order': 4, 'rows': 16}
{'ticker': 'IWM', 'mode': 'binary', 'thr': 65, 'window': 'MAX', 'order': 1, 'rows': 2}2025-11-12 11:25:40,046 INFO [cli] {'ticker': 'IWM', 'mode': 'binary', 'thr': 85, 'window': '20Y', 'order': 4, 'rows': 16}
2025-11-12 11:25:40,054 INFO [cli] {'ticker': 'IWM', 'mode': 'binary', 'thr': 85, 'window': 'MAX', 'order': 1, 'rows': 2}
2025-11-12 11:25:40,063 INFO [cli] {'ticker': 'IWM', 'mode': 'binary', 'thr': 85, 'window': 'MAX', 'order': 2, 'rows': 4}
2025-11-12 11:25:40,072 INFO [cli] {'ticker': 'IWM', 'mode': 'binary', 'thr': 85, 'window': 'MAX', 'order': 3, 'rows': 8}
2025-11-12 11:25:40,082 INFO [cli] {'ticker': 'IWM', 'mode': 'binary', 'thr': 85, 'window': 'MAX', 'order': 4, 'rows': 16}
2025-11-12 11:25:40,097 INFO [cli] {'ticker': 'IWM', 'mode': 'binary', 'thr': 90, 'window': '1Y', 'order': 1, 'rows': 2}
2025-11-12 11:25:40,109 INFO [cli] {'ticker': 'IWM', 'mode': 'binary', 'thr': 90, 'window': '1Y', 'order': 2, 'rows': 4}
2025-11-12 11:25:40,123 INFO [cli] {'ticker': 'IWM', 'mode': 'binary', 'thr': 90, 'window': '1Y', 'order': 3, 'rows': 8}
2025-11-12 11:25:40,134 INFO [cli] {'ticker': 'IWM', 'mode': 'binary', 'thr': 90, 'window': '1Y', 'order': 4, 'rows': 15}
2025-11-12 11:25:40,146 INFO [cli] {'ticker': 'IWM', 'mode': 'binary', 'thr': 90, 'window': '2Y', 'order': 1, 'rows': 2}
2025-11-12 11:25:40,154 INFO [cli] {'ticker': 'IWM', 'mode': 'binary', 'thr': 90, 'window': '2Y', 'order': 2, 'rows': 4}
2025-11-12 11:25:40,163 INFO [cli] {'ticker': 'IWM', 'mode': 'binary', 'thr': 90, 'window': '2Y', 'order': 3, 'rows': 8}
2025-11-12 11:25:40,174 INFO [cli] {'ticker': 'IWM', 'mode': 'binary', 'thr': 90, 'window': '2Y', 'order': 4, 'rows': 16}
2025-11-12 11:25:40,183 INFO [cli] {'ticker': 'IWM', 'mode': 'binary', 'thr': 90, 'window': '5Y', 'order': 1, 'rows': 2}
2025-11-12 11:25:40,190 INFO [cli] {'ticker': 'IWM', 'mode': 'binary', 'thr': 90, 'window': '5Y', 'order': 2, 'rows': 4}
2025-11-12 11:25:40,201 INFO [cli] {'ticker': 'IWM', 'mode': 'binary', 'thr': 90, 'window': '5Y', 'order': 3, 'rows': 8}
2025-11-12 11:25:40,213 INFO [cli] {'ticker': 'IWM', 'mode': 'binary', 'thr': 90, 'window': '5Y', 'order': 4, 'rows': 16}
2025-11-12 11:25:40,222 INFO [cli] {'ticker': 'IWM', 'mode': 'binary', 'thr': 90, 'window': '10Y', 'order': 1, 'rows': 2}
2025-11-12 11:25:40,231 INFO [cli] {'ticker': 'IWM', 'mode': 'binary', 'thr': 90, 'window': '10Y', 'order': 2, 'rows': 4}
2025-11-12 11:25:40,243 INFO [cli] {'ticker': 'IWM', 'mode': 'binary', 'thr': 90, 'window': '10Y', 'order': 3, 'rows': 8}
2025-11-12 11:25:40,255 INFO [cli] {'ticker': 'IWM', 'mode': 'binary', 'thr': 90, 'window': '10Y', 'order': 4, 'rows': 16}
2025-11-12 11:25:40,267 INFO [cli] {'ticker': 'IWM', 'mode': 'binary', 'thr': 90, 'window': '20Y', 'order': 1, 'rows': 2}
2025-11-12 11:25:40,278 INFO [cli] {'ticker': 'IWM', 'mode': 'binary', 'thr': 90, 'window': '20Y', 'order': 2, 'rows': 4}
2025-11-12 11:25:40,288 INFO [cli] {'ticker': 'IWM', 'mode': 'binary', 'thr': 90, 'window': '20Y', 'order': 3, 'rows': 8}
2025-11-12 11:25:40,299 INFO [cli] {'ticker': 'IWM', 'mode': 'binary', 'thr': 90, 'window': '20Y', 'order': 4, 'rows': 16}
2025-11-12 11:25:40,307 INFO [cli] {'ticker': 'IWM', 'mode': 'binary', 'thr': 90, 'window': 'MAX', 'order': 1, 'rows': 2}
2025-11-12 11:25:40,316 INFO [cli] {'ticker': 'IWM', 'mode': 'binary', 'thr': 90, 'window': 'MAX', 'order': 2, 'rows': 4}
2025-11-12 11:25:40,324 INFO [cli] {'ticker': 'IWM', 'mode': 'binary', 'thr': 90, 'window': 'MAX', 'order': 3, 'rows': 8}
2025-11-12 11:25:40,339 INFO [cli] {'ticker': 'IWM', 'mode': 'binary', 'thr': 90, 'window': 'MAX', 'order': 4, 'rows': 16}
2025-11-12 11:25:40,356 INFO [cli] {'ticker': 'IWM', 'mode': 'binary', 'thr': 95, 'window': '1Y', 'order': 1, 'rows': 2}
2025-11-12 11:25:40,364 INFO [cli] {'ticker': 'IWM', 'mode': 'binary', 'thr': 95, 'window': '1Y', 'order': 2, 'rows': 4}
2025-11-12 11:25:40,375 INFO [cli] {'ticker': 'IWM', 'mode': 'binary', 'thr': 95, 'window': '1Y', 'order': 3, 'rows': 8}
2025-11-12 11:25:40,383 INFO [cli] {'ticker': 'IWM', 'mode': 'binary', 'thr': 95, 'window': '1Y', 'order': 4, 'rows': 15}
2025-11-12 11:25:40,394 INFO [cli] {'ticker': 'IWM', 'mode': 'binary', 'thr': 95, 'window': '2Y', 'order': 1, 'rows': 2}
2025-11-12 11:25:40,401 INFO [cli] {'ticker': 'IWM', 'mode': 'binary', 'thr': 95, 'window': '2Y', 'order': 2, 'rows': 4}
2025-11-12 11:25:40,410 INFO [cli] {'ticker': 'IWM', 'mode': 'binary', 'thr': 95, 'window': '2Y', 'order': 3, 'rows': 8}
2025-11-12 11:25:40,418 INFO [cli] {'ticker': 'IWM', 'mode': 'binary', 'thr': 95, 'window': '2Y', 'order': 4, 'rows': 16}
2025-11-12 11:25:40,430 INFO [cli] {'ticker': 'IWM', 'mode': 'binary', 'thr': 95, 'window': '5Y', 'order': 1, 'rows': 2}
2025-11-12 11:25:40,442 INFO [cli] {'ticker': 'IWM', 'mode': 'binary', 'thr': 95, 'window': '5Y', 'order': 2, 'rows': 4}
2025-11-12 11:25:40,452 INFO [cli] {'ticker': 'IWM', 'mode': 'binary', 'thr': 95, 'window': '5Y', 'order': 3, 'rows': 8}
2025-11-12 11:25:40,461 INFO [cli] {'ticker': 'IWM', 'mode': 'binary', 'thr': 95, 'window': '5Y', 'order': 4, 'rows': 16}
2025-11-12 11:25:40,471 INFO [cli] {'ticker': 'IWM', 'mode': 'binary', 'thr': 95, 'window': '10Y', 'order': 1, 'rows': 2}
2025-11-12 11:25:40,479 INFO [cli] {'ticker': 'IWM', 'mode': 'binary', 'thr': 95, 'window': '10Y', 'order': 2, 'rows': 4}
2025-11-12 11:25:40,487 INFO [cli] {'ticker': 'IWM', 'mode': 'binary', 'thr': 95, 'window': '10Y', 'order': 3, 'rows': 8}
2025-11-12 11:25:40,495 INFO [cli] {'ticker': 'IWM', 'mode': 'binary', 'thr': 95, 'window': '10Y', 'order': 4, 'rows': 16}
2025-11-12 11:25:40,503 INFO [cli] {'ticker': 'IWM', 'mode': 'binary', 'thr': 95, 'window': '20Y', 'order': 1, 'rows': 2}
2025-11-12 11:25:40,511 INFO [cli] {'ticker': 'IWM', 'mode': 'binary', 'thr': 95, 'window': '20Y', 'order': 2, 'rows': 4}
2025-11-12 11:25:40,519 INFO [cli] {'ticker': 'IWM', 'mode': 'binary', 'thr': 95, 'window': '20Y', 'order': 3, 'rows': 8}
2025-11-12 11:25:40,527 INFO [cli] {'ticker': 'IWM', 'mode': 'binary', 'thr': 95, 'window': '20Y', 'order': 4, 'rows': 16}
2025-11-12 11:25:40,536 INFO [cli] {'ticker': 'IWM', 'mode': 'binary', 'thr': 95, 'window': 'MAX', 'order': 1, 'rows': 2}
2025-11-12 11:25:40,545 INFO [cli] {'ticker': 'IWM', 'mode': 'binary', 'thr': 95, 'window': 'MAX', 'order': 2, 'rows': 4}
2025-11-12 11:25:40,555 INFO [cli] {'ticker': 'IWM', 'mode': 'binary', 'thr': 95, 'window': 'MAX', 'order': 3, 'rows': 8}
2025-11-12 11:25:40,563 INFO [cli] {'ticker': 'IWM', 'mode': 'binary', 'thr': 95, 'window': 'MAX', 'order': 4, 'rows': 16}
2025-11-12 11:25:40,579 INFO [cli] {'ticker': 'IWM', 'mode': 'binary', 'thr': 100, 'window': '1Y', 'order': 1, 'rows': 2}
2025-11-12 11:25:40,587 INFO [cli] {'ticker': 'IWM', 'mode': 'binary', 'thr': 100, 'window': '1Y', 'order': 2, 'rows': 4}
2025-11-12 11:25:40,596 INFO [cli] {'ticker': 'IWM', 'mode': 'binary', 'thr': 100, 'window': '1Y', 'order': 3, 'rows': 8}
2025-11-12 11:25:40,606 INFO [cli] {'ticker': 'IWM', 'mode': 'binary', 'thr': 100, 'window': '1Y', 'order': 4, 'rows': 15}
2025-11-12 11:25:40,613 INFO [cli] {'ticker': 'IWM', 'mode': 'binary', 'thr': 100, 'window': '2Y', 'order': 1, 'rows': 2}
2025-11-12 11:25:40,623 INFO [cli] {'ticker': 'IWM', 'mode': 'binary', 'thr': 100, 'window': '2Y', 'order': 2, 'rows': 4}
2025-11-12 11:25:40,631 INFO [cli] {'ticker': 'IWM', 'mode': 'binary', 'thr': 100, 'window': '2Y', 'order': 3, 'rows': 8}
2025-11-12 11:25:40,642 INFO [cli] {'ticker': 'IWM', 'mode': 'binary', 'thr': 100, 'window': '2Y', 'order': 4, 'rows': 16}
2025-11-12 11:25:40,652 INFO [cli] {'ticker': 'IWM', 'mode': 'binary', 'thr': 100, 'window': '5Y', 'order': 1, 'rows': 2}
2025-11-12 11:25:40,660 INFO [cli] {'ticker': 'IWM', 'mode': 'binary', 'thr': 100, 'window': '5Y', 'order': 2, 'rows': 4}
2025-11-12 11:25:40,669 INFO [cli] {'ticker': 'IWM', 'mode': 'binary', 'thr': 100, 'window': '5Y', 'order': 3, 'rows': 8}
2025-11-12 11:25:40,679 INFO [cli] {'ticker': 'IWM', 'mode': 'binary', 'thr': 100, 'window': '5Y', 'order': 4, 'rows': 16}
2025-11-12 11:25:40,688 INFO [cli] {'ticker': 'IWM', 'mode': 'binary', 'thr': 100, 'window': '10Y', 'order': 1, 'rows': 2}
2025-11-12 11:25:40,696 INFO [cli] {'ticker': 'IWM', 'mode': 'binary', 'thr': 100, 'window': '10Y', 'order': 2, 'rows': 4}
2025-11-12 11:25:40,708 INFO [cli] {'ticker': 'IWM', 'mode': 'binary', 'thr': 100, 'window': '10Y', 'order': 3, 'rows': 8}
2025-11-12 11:25:40,717 INFO [cli] {'ticker': 'IWM', 'mode': 'binary', 'thr': 100, 'window': '10Y', 'order': 4, 'rows': 16}
2025-11-12 11:25:40,728 INFO [cli] {'ticker': 'IWM', 'mode': 'binary', 'thr': 100, 'window': '20Y', 'order': 1, 'rows': 2}
2025-11-12 11:25:40,738 INFO [cli] {'ticker': 'IWM', 'mode': 'binary', 'thr': 100, 'window': '20Y', 'order': 2, 'rows': 4}
2025-11-12 11:25:40,749 INFO [cli] {'ticker': 'IWM', 'mode': 'binary', 'thr': 100, 'window': '20Y', 'order': 3, 'rows': 8}
2025-11-12 11:25:40,759 INFO [cli] {'ticker': 'IWM', 'mode': 'binary', 'thr': 100, 'window': '20Y', 'order': 4, 'rows': 16}
2025-11-12 11:25:40,769 INFO [cli] {'ticker': 'IWM', 'mode': 'binary', 'thr': 100, 'window': 'MAX', 'order': 1, 'rows': 2}
2025-11-12 11:25:40,779 INFO [cli] {'ticker': 'IWM', 'mode': 'binary', 'thr': 100, 'window': 'MAX', 'order': 2, 'rows': 4}
2025-11-12 11:25:40,790 INFO [cli] {'ticker': 'IWM', 'mode': 'binary', 'thr': 100, 'window': 'MAX', 'order': 3, 'rows': 8}
2025-11-12 11:25:40,799 INFO [cli] {'ticker': 'IWM', 'mode': 'binary', 'thr': 100, 'window': 'MAX', 'order': 4, 'rows': 16}
2025-11-12 11:25:40,823 INFO [cli] {'ticker': 'IWM', 'mode': 'binary', 'thr': 105, 'window': '1Y', 'order': 1, 'rows': 2}
2025-11-12 11:25:40,829 INFO [cli] {'ticker': 'IWM', 'mode': 'binary', 'thr': 105, 'window': '1Y', 'order': 2, 'rows': 4}
2025-11-12 11:25:40,837 INFO [cli] {'ticker': 'IWM', 'mode': 'binary', 'thr': 105, 'window': '1Y', 'order': 3, 'rows': 8}
2025-11-12 11:25:40,846 INFO [cli] {'ticker': 'IWM', 'mode': 'binary', 'thr': 105, 'window': '1Y', 'order': 4, 'rows': 15}
2025-11-12 11:25:40,855 INFO [cli] {'ticker': 'IWM', 'mode': 'binary', 'thr': 105, 'window': '2Y', 'order': 1, 'rows': 2}
2025-11-12 11:25:40,863 INFO [cli] {'ticker': 'IWM', 'mode': 'binary', 'thr': 105, 'window': '2Y', 'order': 2, 'rows': 4}
2025-11-12 11:25:40,872 INFO [cli] {'ticker': 'IWM', 'mode': 'binary', 'thr': 105, 'window': '2Y', 'order': 3, 'rows': 8}
2025-11-12 11:25:40,885 INFO [cli] {'ticker': 'IWM', 'mode': 'binary', 'thr': 105, 'window': '2Y', 'order': 4, 'rows': 16}
2025-11-12 11:25:40,895 INFO [cli] {'ticker': 'IWM', 'mode': 'binary', 'thr': 105, 'window': '5Y', 'order': 1, 'rows': 2}
2025-11-12 11:25:40,904 INFO [cli] {'ticker': 'IWM', 'mode': 'binary', 'thr': 105, 'window': '5Y', 'order': 2, 'rows': 4}
2025-11-12 11:25:40,915 INFO [cli] {'ticker': 'IWM', 'mode': 'binary', 'thr': 105, 'window': '5Y', 'order': 3, 'rows': 8}
2025-11-12 11:25:40,925 INFO [cli] {'ticker': 'IWM', 'mode': 'binary', 'thr': 105, 'window': '5Y', 'order': 4, 'rows': 16}
2025-11-12 11:25:40,938 INFO [cli] {'ticker': 'IWM', 'mode': 'binary', 'thr': 105, 'window': '10Y', 'order': 1, 'rows': 2}
2025-11-12 11:25:40,947 INFO [cli] {'ticker': 'IWM', 'mode': 'binary', 'thr': 105, 'window': '10Y', 'order': 2, 'rows': 4}
2025-11-12 11:25:40,958 INFO [cli] {'ticker': 'IWM', 'mode': 'binary', 'thr': 105, 'window': '10Y', 'order': 3, 'rows': 8}
2025-11-12 11:25:40,969 INFO [cli] {'ticker': 'IWM', 'mode': 'binary', 'thr': 105, 'window': '10Y', 'order': 4, 'rows': 16}
2025-11-12 11:25:40,980 INFO [cli] {'ticker': 'IWM', 'mode': 'binary', 'thr': 105, 'window': '20Y', 'order': 1, 'rows': 2}

{'ticker': 'IWM', 'mode': 'binary', 'thr': 65, 'window': 'MAX', 'order': 2, 'rows': 4}
{'ticker': 'IWM', 'mode': 'binary', 'thr': 65, 'window': 'MAX', 'order': 3, 'rows': 8}
{'ticker': 'IWM', 'mode': 'binary', 'thr': 65, 'window': 'MAX', 'order': 4, 'rows': 16}
{'ticker': 'IWM', 'mode': 'binary', 'thr': 70, 'window': '1Y', 'order': 1, 'rows': 2}
{'ticker': 'IWM', 'mode': 'binary', 'thr': 70, 'window': '1Y', 'order': 2, 'rows': 4}
{'ticker': 'IWM', 'mode': 'binary', 'thr': 70, 'window': '1Y', 'order': 3, 'rows': 8}
{'ticker': 'IWM', 'mode': 'binary', 'thr': 70, 'window': '1Y', 'order': 4, 'rows': 15}
{'ticker': 'IWM', 'mode': 'binary', 'thr': 70, 'window': '2Y', 'order': 1, 'rows': 2}
{'ticker': 'IWM', 'mode': 'binary', 'thr': 70, 'window': '2Y', 'order': 2, 'rows': 4}
{'ticker': 'IWM', 'mode': 'binary', 'thr': 70, 'window': '2Y', 'order': 3, 'rows': 8}
{'ticker': 'IWM', 'mode': 'binary', 'thr': 70, 'window': '2Y', 'order': 4, 'rows': 16}
{'ticker': 'IWM', 'mode': 'binary', 'thr': 70, 'window': '5Y', 'order': 1, 'rows': 2}
{'ticker': 'IWM', 'mode': 'binary', 'thr': 70, 'window': '5Y', 'order': 2, 'rows': 4}
{'ticker': 'IWM', 'mode': 'binary', 'thr': 70, 'window': '5Y', 'order': 3, 'rows': 8}
{'ticker': 'IWM', 'mode': 'binary', 'thr': 70, 'window': '5Y', 'order': 4, 'rows': 16}
{'ticker': 'IWM', 'mode': 'binary', 'thr': 70, 'window': '10Y', 'order': 1, 'rows': 2}
{'ticker': 'IWM', 'mode': 'binary', 'thr': 70, 'window': '10Y', 'order': 2, 'rows': 4}
{'ticker': 'IWM', 'mode': 'binary', 'thr': 70, 'window': '10Y', 'order': 3, 'rows': 8}
{'ticker': 'IWM', 'mode': 'binary', 'thr': 70, 'window': '10Y', 'order': 4, 'rows': 16}
{'ticker': 'IWM', 'mode': 'binary', 'thr': 70, 'window': '20Y', 'order': 1, 'rows': 2}
{'ticker': 'IWM', 'mode': 'binary', 'thr': 70, 'window': '20Y', 'order': 2, 'rows': 4}
{'ticker': 'IWM', 'mode': 'binary', 'thr': 70, 'window': '20Y', 'order': 3, 'rows': 8}
{'ticker': 'IWM', 'mode': 'binary', 'thr': 70, 'window': '20Y', 'order': 4, 'rows': 16}
{'ticker': 'IWM', 'mode': 'binary', 'thr': 70, 'window': 'MAX', 'order': 1, 'rows': 2}
{'ticker': 'IWM', 'mode': 'binary', 'thr': 70, 'window': 'MAX', 'order': 2, 'rows': 4}
{'ticker': 'IWM', 'mode': 'binary', 'thr': 70, 'window': 'MAX', 'order': 3, 'rows': 8}
{'ticker': 'IWM', 'mode': 'binary', 'thr': 70, 'window': 'MAX', 'order': 4, 'rows': 16}
{'ticker': 'IWM', 'mode': 'binary', 'thr': 75, 'window': '1Y', 'order': 1, 'rows': 2}
{'ticker': 'IWM', 'mode': 'binary', 'thr': 75, 'window': '1Y', 'order': 2, 'rows': 4}
{'ticker': 'IWM', 'mode': 'binary', 'thr': 75, 'window': '1Y', 'order': 3, 'rows': 8}
{'ticker': 'IWM', 'mode': 'binary', 'thr': 75, 'window': '1Y', 'order': 4, 'rows': 15}
{'ticker': 'IWM', 'mode': 'binary', 'thr': 75, 'window': '2Y', 'order': 1, 'rows': 2}
{'ticker': 'IWM', 'mode': 'binary', 'thr': 75, 'window': '2Y', 'order': 2, 'rows': 4}
{'ticker': 'IWM', 'mode': 'binary', 'thr': 75, 'window': '2Y', 'order': 3, 'rows': 8}
{'ticker': 'IWM', 'mode': 'binary', 'thr': 75, 'window': '2Y', 'order': 4, 'rows': 16}
{'ticker': 'IWM', 'mode': 'binary', 'thr': 75, 'window': '5Y', 'order': 1, 'rows': 2}
{'ticker': 'IWM', 'mode': 'binary', 'thr': 75, 'window': '5Y', 'order': 2, 'rows': 4}
{'ticker': 'IWM', 'mode': 'binary', 'thr': 75, 'window': '5Y', 'order': 3, 'rows': 8}
{'ticker': 'IWM', 'mode': 'binary', 'thr': 75, 'window': '5Y', 'order': 4, 'rows': 16}
{'ticker': 'IWM', 'mode': 'binary', 'thr': 75, 'window': '10Y', 'order': 1, 'rows': 2}
{'ticker': 'IWM', 'mode': 'binary', 'thr': 75, 'window': '10Y', 'order': 2, 'rows': 4}
{'ticker': 'IWM', 'mode': 'binary', 'thr': 75, 'window': '10Y', 'order': 3, 'rows': 8}
{'ticker': 'IWM', 'mode': 'binary', 'thr': 75, 'window': '10Y', 'order': 4, 'rows': 16}
{'ticker': 'IWM', 'mode': 'binary', 'thr': 75, 'window': '20Y', 'order': 1, 'rows': 2}
{'ticker': 'IWM', 'mode': 'binary', 'thr': 75, 'window': '20Y', 'order': 2, 'rows': 4}
{'ticker': 'IWM', 'mode': 'binary', 'thr': 75, 'window': '20Y', 'order': 3, 'rows': 8}
{'ticker': 'IWM', 'mode': 'binary', 'thr': 75, 'window': '20Y', 'order': 4, 'rows': 16}
{'ticker': 'IWM', 'mode': 'binary', 'thr': 75, 'window': 'MAX', 'order': 1, 'rows': 2}
{'ticker': 'IWM', 'mode': 'binary', 'thr': 75, 'window': 'MAX', 'order': 2, 'rows': 4}
{'ticker': 'IWM', 'mode': 'binary', 'thr': 75, 'window': 'MAX', 'order': 3, 'rows': 8}
{'ticker': 'IWM', 'mode': 'binary', 'thr': 75, 'window': 'MAX', 'order': 4, 'rows': 16}
{'ticker': 'IWM', 'mode': 'binary', 'thr': 80, 'window': '1Y', 'order': 1, 'rows': 2}
{'ticker': 'IWM', 'mode': 'binary', 'thr': 80, 'window': '1Y', 'order': 2, 'rows': 4}
{'ticker': 'IWM', 'mode': 'binary', 'thr': 80, 'window': '1Y', 'order': 3, 'rows': 8}
{'ticker': 'IWM', 'mode': 'binary', 'thr': 80, 'window': '1Y', 'order': 4, 'rows': 15}
{'ticker': 'IWM', 'mode': 'binary', 'thr': 80, 'window': '2Y', 'order': 1, 'rows': 2}
{'ticker': 'IWM', 'mode': 'binary', 'thr': 80, 'window': '2Y', 'order': 2, 'rows': 4}
{'ticker': 'IWM', 'mode': 'binary', 'thr': 80, 'window': '2Y', 'order': 3, 'rows': 8}
{'ticker': 'IWM', 'mode': 'binary', 'thr': 80, 'window': '2Y', 'order': 4, 'rows': 16}
{'ticker': 'IWM', 'mode': 'binary', 'thr': 80, 'window': '5Y', 'order': 1, 'rows': 2}
{'ticker': 'IWM', 'mode': 'binary', 'thr': 80, 'window': '5Y', 'order': 2, 'rows': 4}
{'ticker': 'IWM', 'mode': 'binary', 'thr': 80, 'window': '5Y', 'order': 3, 'rows': 8}
{'ticker': 'IWM', 'mode': 'binary', 'thr': 80, 'window': '5Y', 'order': 4, 'rows': 16}
{'ticker': 'IWM', 'mode': 'binary', 'thr': 80, 'window': '10Y', 'order': 1, 'rows': 2}
{'ticker': 'IWM', 'mode': 'binary', 'thr': 80, 'window': '10Y', 'order': 2, 'rows': 4}
{'ticker': 'IWM', 'mode': 'binary', 'thr': 80, 'window': '10Y', 'order': 3, 'rows': 8}
{'ticker': 'IWM', 'mode': 'binary', 'thr': 80, 'window': '10Y', 'order': 4, 'rows': 16}
{'ticker': 'IWM', 'mode': 'binary', 'thr': 80, 'window': '20Y', 'order': 1, 'rows': 2}
{'ticker': 'IWM', 'mode': 'binary', 'thr': 80, 'window': '20Y', 'order': 2, 'rows': 4}
{'ticker': 'IWM', 'mode': 'binary', 'thr': 80, 'window': '20Y', 'order': 3, 'rows': 8}
{'ticker': 'IWM', 'mode': 'binary', 'thr': 80, 'window': '20Y', 'order': 4, 'rows': 16}
{'ticker': 'IWM', 'mode': 'binary', 'thr': 80, 'window': 'MAX', 'order': 1, 'rows': 2}
{'ticker': 'IWM', 'mode': 'binary', 'thr': 80, 'window': 'MAX', 'order': 2, 'rows': 4}
{'ticker': 'IWM', 'mode': 'binary', 'thr': 80, 'window': 'MAX', 'order': 3, 'rows': 8}
{'ticker': 'IWM', 'mode': 'binary', 'thr': 80, 'window': 'MAX', 'order': 4, 'rows': 16}
{'ticker': 'IWM', 'mode': 'binary', 'thr': 85, 'window': '1Y', 'order': 1, 'rows': 2}
{'ticker': 'IWM', 'mode': 'binary', 'thr': 85, 'window': '1Y', 'order': 2, 'rows': 4}
{'ticker': 'IWM', 'mode': 'binary', 'thr': 85, 'window': '1Y', 'order': 3, 'rows': 8}
{'ticker': 'IWM', 'mode': 'binary', 'thr': 85, 'window': '1Y', 'order': 4, 'rows': 15}
{'ticker': 'IWM', 'mode': 'binary', 'thr': 85, 'window': '2Y', 'order': 1, 'rows': 2}
{'ticker': 'IWM', 'mode': 'binary', 'thr': 85, 'window': '2Y', 'order': 2, 'rows': 4}
{'ticker': 'IWM', 'mode': 'binary', 'thr': 85, 'window': '2Y', 'order': 3, 'rows': 8}
{'ticker': 'IWM', 'mode': 'binary', 'thr': 85, 'window': '2Y', 'order': 4, 'rows': 16}
{'ticker': 'IWM', 'mode': 'binary', 'thr': 85, 'window': '5Y', 'order': 1, 'rows': 2}
{'ticker': 'IWM', 'mode': 'binary', 'thr': 85, 'window': '5Y', 'order': 2, 'rows': 4}
{'ticker': 'IWM', 'mode': 'binary', 'thr': 85, 'window': '5Y', 'order': 3, 'rows': 8}
{'ticker': 'IWM', 'mode': 'binary', 'thr': 85, 'window': '5Y', 'order': 4, 'rows': 16}
{'ticker': 'IWM', 'mode': 'binary', 'thr': 85, 'window': '10Y', 'order': 1, 'rows': 2}
{'ticker': 'IWM', 'mode': 'binary', 'thr': 85, 'window': '10Y', 'order': 2, 'rows': 4}
{'ticker': 'IWM', 'mode': 'binary', 'thr': 85, 'window': '10Y', 'order': 3, 'rows': 8}
{'ticker': 'IWM', 'mode': 'binary', 'thr': 85, 'window': '10Y', 'order': 4, 'rows': 16}
{'ticker': 'IWM', 'mode': 'binary', 'thr': 85, 'window': '20Y', 'order': 1, 'rows': 2}
{'ticker': 'IWM', 'mode': 'binary', 'thr': 85, 'window': '20Y', 'order': 2, 'rows': 4}
{'ticker': 'IWM', 'mode': 'binary', 'thr': 85, 'window': '20Y', 'order': 3, 'rows': 8}
{'ticker': 'IWM', 'mode': 'binary', 'thr': 85, 'window': '20Y', 'order': 4, 'rows': 16}2025-11-12 11:25:40,991 INFO [cli] {'ticker': 'IWM', 'mode': 'binary', 'thr': 105, 'window': '20Y', 'order': 2, 'rows': 4}
2025-11-12 11:25:41,002 INFO [cli] {'ticker': 'IWM', 'mode': 'binary', 'thr': 105, 'window': '20Y', 'order': 3, 'rows': 8}
2025-11-12 11:25:41,020 INFO [cli] {'ticker': 'IWM', 'mode': 'binary', 'thr': 105, 'window': '20Y', 'order': 4, 'rows': 16}
2025-11-12 11:25:41,031 INFO [cli] {'ticker': 'IWM', 'mode': 'binary', 'thr': 105, 'window': 'MAX', 'order': 1, 'rows': 2}
2025-11-12 11:25:41,041 INFO [cli] {'ticker': 'IWM', 'mode': 'binary', 'thr': 105, 'window': 'MAX', 'order': 2, 'rows': 4}
2025-11-12 11:25:41,054 INFO [cli] {'ticker': 'IWM', 'mode': 'binary', 'thr': 105, 'window': 'MAX', 'order': 3, 'rows': 8}
2025-11-12 11:25:41,064 INFO [cli] {'ticker': 'IWM', 'mode': 'binary', 'thr': 105, 'window': 'MAX', 'order': 4, 'rows': 16}
2025-11-12 11:25:41,080 INFO [cli] {'ticker': 'IWM', 'mode': 'binary', 'thr': 110, 'window': '1Y', 'order': 1, 'rows': 2}
2025-11-12 11:25:41,088 INFO [cli] {'ticker': 'IWM', 'mode': 'binary', 'thr': 110, 'window': '1Y', 'order': 2, 'rows': 4}
2025-11-12 11:25:41,096 INFO [cli] {'ticker': 'IWM', 'mode': 'binary', 'thr': 110, 'window': '1Y', 'order': 3, 'rows': 8}
2025-11-12 11:25:41,105 INFO [cli] {'ticker': 'IWM', 'mode': 'binary', 'thr': 110, 'window': '1Y', 'order': 4, 'rows': 15}
2025-11-12 11:25:41,115 INFO [cli] {'ticker': 'IWM', 'mode': 'binary', 'thr': 110, 'window': '2Y', 'order': 1, 'rows': 2}
2025-11-12 11:25:41,123 INFO [cli] {'ticker': 'IWM', 'mode': 'binary', 'thr': 110, 'window': '2Y', 'order': 2, 'rows': 4}
2025-11-12 11:25:41,131 INFO [cli] {'ticker': 'IWM', 'mode': 'binary', 'thr': 110, 'window': '2Y', 'order': 3, 'rows': 8}
2025-11-12 11:25:41,137 INFO [cli] {'ticker': 'IWM', 'mode': 'binary', 'thr': 110, 'window': '2Y', 'order': 4, 'rows': 16}
2025-11-12 11:25:41,147 INFO [cli] {'ticker': 'IWM', 'mode': 'binary', 'thr': 110, 'window': '5Y', 'order': 1, 'rows': 2}
2025-11-12 11:25:41,159 INFO [cli] {'ticker': 'IWM', 'mode': 'binary', 'thr': 110, 'window': '5Y', 'order': 2, 'rows': 4}
2025-11-12 11:25:41,169 INFO [cli] {'ticker': 'IWM', 'mode': 'binary', 'thr': 110, 'window': '5Y', 'order': 3, 'rows': 8}
2025-11-12 11:25:41,177 INFO [cli] {'ticker': 'IWM', 'mode': 'binary', 'thr': 110, 'window': '5Y', 'order': 4, 'rows': 16}
2025-11-12 11:25:41,186 INFO [cli] {'ticker': 'IWM', 'mode': 'binary', 'thr': 110, 'window': '10Y', 'order': 1, 'rows': 2}
2025-11-12 11:25:41,196 INFO [cli] {'ticker': 'IWM', 'mode': 'binary', 'thr': 110, 'window': '10Y', 'order': 2, 'rows': 4}
2025-11-12 11:25:41,207 INFO [cli] {'ticker': 'IWM', 'mode': 'binary', 'thr': 110, 'window': '10Y', 'order': 3, 'rows': 8}
2025-11-12 11:25:41,217 INFO [cli] {'ticker': 'IWM', 'mode': 'binary', 'thr': 110, 'window': '10Y', 'order': 4, 'rows': 16}
2025-11-12 11:25:41,225 INFO [cli] {'ticker': 'IWM', 'mode': 'binary', 'thr': 110, 'window': '20Y', 'order': 1, 'rows': 2}
2025-11-12 11:25:41,235 INFO [cli] {'ticker': 'IWM', 'mode': 'binary', 'thr': 110, 'window': '20Y', 'order': 2, 'rows': 4}
2025-11-12 11:25:41,246 INFO [cli] {'ticker': 'IWM', 'mode': 'binary', 'thr': 110, 'window': '20Y', 'order': 3, 'rows': 8}
2025-11-12 11:25:41,256 INFO [cli] {'ticker': 'IWM', 'mode': 'binary', 'thr': 110, 'window': '20Y', 'order': 4, 'rows': 16}
2025-11-12 11:25:41,269 INFO [cli] {'ticker': 'IWM', 'mode': 'binary', 'thr': 110, 'window': 'MAX', 'order': 1, 'rows': 2}
2025-11-12 11:25:41,278 INFO [cli] {'ticker': 'IWM', 'mode': 'binary', 'thr': 110, 'window': 'MAX', 'order': 2, 'rows': 4}
2025-11-12 11:25:41,289 INFO [cli] {'ticker': 'IWM', 'mode': 'binary', 'thr': 110, 'window': 'MAX', 'order': 3, 'rows': 8}
2025-11-12 11:25:41,299 INFO [cli] {'ticker': 'IWM', 'mode': 'binary', 'thr': 110, 'window': 'MAX', 'order': 4, 'rows': 16}
2025-11-12 11:25:41,315 INFO [cli] {'ticker': 'IWM', 'mode': 'binary', 'thr': 115, 'window': '1Y', 'order': 1, 'rows': 2}
2025-11-12 11:25:41,325 INFO [cli] {'ticker': 'IWM', 'mode': 'binary', 'thr': 115, 'window': '1Y', 'order': 2, 'rows': 4}
2025-11-12 11:25:41,336 INFO [cli] {'ticker': 'IWM', 'mode': 'binary', 'thr': 115, 'window': '1Y', 'order': 3, 'rows': 8}
2025-11-12 11:25:41,345 INFO [cli] {'ticker': 'IWM', 'mode': 'binary', 'thr': 115, 'window': '1Y', 'order': 4, 'rows': 15}
2025-11-12 11:25:41,355 INFO [cli] {'ticker': 'IWM', 'mode': 'binary', 'thr': 115, 'window': '2Y', 'order': 1, 'rows': 2}
2025-11-12 11:25:41,366 INFO [cli] {'ticker': 'IWM', 'mode': 'binary', 'thr': 115, 'window': '2Y', 'order': 2, 'rows': 4}
2025-11-12 11:25:41,376 INFO [cli] {'ticker': 'IWM', 'mode': 'binary', 'thr': 115, 'window': '2Y', 'order': 3, 'rows': 8}
2025-11-12 11:25:41,394 INFO [cli] {'ticker': 'IWM', 'mode': 'binary', 'thr': 115, 'window': '2Y', 'order': 4, 'rows': 16}
2025-11-12 11:25:41,403 INFO [cli] {'ticker': 'IWM', 'mode': 'binary', 'thr': 115, 'window': '5Y', 'order': 1, 'rows': 2}
2025-11-12 11:25:41,414 INFO [cli] {'ticker': 'IWM', 'mode': 'binary', 'thr': 115, 'window': '5Y', 'order': 2, 'rows': 4}
2025-11-12 11:25:41,423 INFO [cli] {'ticker': 'IWM', 'mode': 'binary', 'thr': 115, 'window': '5Y', 'order': 3, 'rows': 8}
2025-11-12 11:25:41,431 INFO [cli] {'ticker': 'IWM', 'mode': 'binary', 'thr': 115, 'window': '5Y', 'order': 4, 'rows': 16}
2025-11-12 11:25:41,443 INFO [cli] {'ticker': 'IWM', 'mode': 'binary', 'thr': 115, 'window': '10Y', 'order': 1, 'rows': 2}
2025-11-12 11:25:41,455 INFO [cli] {'ticker': 'IWM', 'mode': 'binary', 'thr': 115, 'window': '10Y', 'order': 2, 'rows': 4}
2025-11-12 11:25:41,464 INFO [cli] {'ticker': 'IWM', 'mode': 'binary', 'thr': 115, 'window': '10Y', 'order': 3, 'rows': 8}
2025-11-12 11:25:41,475 INFO [cli] {'ticker': 'IWM', 'mode': 'binary', 'thr': 115, 'window': '10Y', 'order': 4, 'rows': 16}
2025-11-12 11:25:41,486 INFO [cli] {'ticker': 'IWM', 'mode': 'binary', 'thr': 115, 'window': '20Y', 'order': 1, 'rows': 2}
2025-11-12 11:25:41,495 INFO [cli] {'ticker': 'IWM', 'mode': 'binary', 'thr': 115, 'window': '20Y', 'order': 2, 'rows': 4}
2025-11-12 11:25:41,506 INFO [cli] {'ticker': 'IWM', 'mode': 'binary', 'thr': 115, 'window': '20Y', 'order': 3, 'rows': 8}
2025-11-12 11:25:41,516 INFO [cli] {'ticker': 'IWM', 'mode': 'binary', 'thr': 115, 'window': '20Y', 'order': 4, 'rows': 16}
2025-11-12 11:25:41,523 INFO [cli] {'ticker': 'IWM', 'mode': 'binary', 'thr': 115, 'window': 'MAX', 'order': 1, 'rows': 2}
2025-11-12 11:25:41,532 INFO [cli] {'ticker': 'IWM', 'mode': 'binary', 'thr': 115, 'window': 'MAX', 'order': 2, 'rows': 4}
2025-11-12 11:25:41,541 INFO [cli] {'ticker': 'IWM', 'mode': 'binary', 'thr': 115, 'window': 'MAX', 'order': 3, 'rows': 8}
2025-11-12 11:25:41,552 INFO [cli] {'ticker': 'IWM', 'mode': 'binary', 'thr': 115, 'window': 'MAX', 'order': 4, 'rows': 16}
2025-11-12 11:25:41,567 INFO [cli] {'ticker': 'IWM', 'mode': 'binary', 'thr': 120, 'window': '1Y', 'order': 1, 'rows': 2}
2025-11-12 11:25:41,577 INFO [cli] {'ticker': 'IWM', 'mode': 'binary', 'thr': 120, 'window': '1Y', 'order': 2, 'rows': 4}
2025-11-12 11:25:41,589 INFO [cli] {'ticker': 'IWM', 'mode': 'binary', 'thr': 120, 'window': '1Y', 'order': 3, 'rows': 8}
2025-11-12 11:25:41,598 INFO [cli] {'ticker': 'IWM', 'mode': 'binary', 'thr': 120, 'window': '1Y', 'order': 4, 'rows': 14}
2025-11-12 11:25:41,607 INFO [cli] {'ticker': 'IWM', 'mode': 'binary', 'thr': 120, 'window': '2Y', 'order': 1, 'rows': 2}
2025-11-12 11:25:41,617 INFO [cli] {'ticker': 'IWM', 'mode': 'binary', 'thr': 120, 'window': '2Y', 'order': 2, 'rows': 4}
2025-11-12 11:25:41,628 INFO [cli] {'ticker': 'IWM', 'mode': 'binary', 'thr': 120, 'window': '2Y', 'order': 3, 'rows': 8}
2025-11-12 11:25:41,638 INFO [cli] {'ticker': 'IWM', 'mode': 'binary', 'thr': 120, 'window': '2Y', 'order': 4, 'rows': 15}
2025-11-12 11:25:41,648 INFO [cli] {'ticker': 'IWM', 'mode': 'binary', 'thr': 120, 'window': '5Y', 'order': 1, 'rows': 2}
2025-11-12 11:25:41,658 INFO [cli] {'ticker': 'IWM', 'mode': 'binary', 'thr': 120, 'window': '5Y', 'order': 2, 'rows': 4}
2025-11-12 11:25:41,667 INFO [cli] {'ticker': 'IWM', 'mode': 'binary', 'thr': 120, 'window': '5Y', 'order': 3, 'rows': 8}
2025-11-12 11:25:41,677 INFO [cli] {'ticker': 'IWM', 'mode': 'binary', 'thr': 120, 'window': '5Y', 'order': 4, 'rows': 15}
2025-11-12 11:25:41,690 INFO [cli] {'ticker': 'IWM', 'mode': 'binary', 'thr': 120, 'window': '10Y', 'order': 1, 'rows': 2}
2025-11-12 11:25:41,701 INFO [cli] {'ticker': 'IWM', 'mode': 'binary', 'thr': 120, 'window': '10Y', 'order': 2, 'rows': 4}
2025-11-12 11:25:41,710 INFO [cli] {'ticker': 'IWM', 'mode': 'binary', 'thr': 120, 'window': '10Y', 'order': 3, 'rows': 8}
2025-11-12 11:25:41,718 INFO [cli] {'ticker': 'IWM', 'mode': 'binary', 'thr': 120, 'window': '10Y', 'order': 4, 'rows': 16}
2025-11-12 11:25:41,728 INFO [cli] {'ticker': 'IWM', 'mode': 'binary', 'thr': 120, 'window': '20Y', 'order': 1, 'rows': 2}
2025-11-12 11:25:41,739 INFO [cli] {'ticker': 'IWM', 'mode': 'binary', 'thr': 120, 'window': '20Y', 'order': 2, 'rows': 4}
2025-11-12 11:25:41,747 INFO [cli] {'ticker': 'IWM', 'mode': 'binary', 'thr': 120, 'window': '20Y', 'order': 3, 'rows': 8}
2025-11-12 11:25:41,755 INFO [cli] {'ticker': 'IWM', 'mode': 'binary', 'thr': 120, 'window': '20Y', 'order': 4, 'rows': 16}
2025-11-12 11:25:41,764 INFO [cli] {'ticker': 'IWM', 'mode': 'binary', 'thr': 120, 'window': 'MAX', 'order': 1, 'rows': 2}
2025-11-12 11:25:41,775 INFO [cli] {'ticker': 'IWM', 'mode': 'binary', 'thr': 120, 'window': 'MAX', 'order': 2, 'rows': 4}
2025-11-12 11:25:41,784 INFO [cli] {'ticker': 'IWM', 'mode': 'binary', 'thr': 120, 'window': 'MAX', 'order': 3, 'rows': 8}
2025-11-12 11:25:41,793 INFO [cli] {'ticker': 'IWM', 'mode': 'binary', 'thr': 120, 'window': 'MAX', 'order': 4, 'rows': 16}
2025-11-12 11:25:41,809 INFO [cli] {'ticker': 'IWM', 'mode': 'binary', 'thr': 125, 'window': '1Y', 'order': 1, 'rows': 2}
2025-11-12 11:25:41,816 INFO [cli] {'ticker': 'IWM', 'mode': 'binary', 'thr': 125, 'window': '1Y', 'order': 2, 'rows': 4}
2025-11-12 11:25:41,825 INFO [cli] {'ticker': 'IWM', 'mode': 'binary', 'thr': 125, 'window': '1Y', 'order': 3, 'rows': 8}
2025-11-12 11:25:41,835 INFO [cli] {'ticker': 'IWM', 'mode': 'binary', 'thr': 125, 'window': '1Y', 'order': 4, 'rows': 14}
2025-11-12 11:25:41,843 INFO [cli] {'ticker': 'IWM', 'mode': 'binary', 'thr': 125, 'window': '2Y', 'order': 1, 'rows': 2}
2025-11-12 11:25:41,850 INFO [cli] {'ticker': 'IWM', 'mode': 'binary', 'thr': 125, 'window': '2Y', 'order': 2, 'rows': 4}
2025-11-12 11:25:41,858 INFO [cli] {'ticker': 'IWM', 'mode': 'binary', 'thr': 125, 'window': '2Y', 'order': 3, 'rows': 8}
2025-11-12 11:25:41,866 INFO [cli] {'ticker': 'IWM', 'mode': 'binary', 'thr': 125, 'window': '2Y', 'order': 4, 'rows': 15}
2025-11-12 11:25:41,876 INFO [cli] {'ticker': 'IWM', 'mode': 'binary', 'thr': 125, 'window': '5Y', 'order': 1, 'rows': 2}
2025-11-12 11:25:41,883 INFO [cli] {'ticker': 'IWM', 'mode': 'binary', 'thr': 125, 'window': '5Y', 'order': 2, 'rows': 4}
2025-11-12 11:25:41,891 INFO [cli] {'ticker': 'IWM', 'mode': 'binary', 'thr': 125, 'window': '5Y', 'order': 3, 'rows': 8}
2025-11-12 11:25:41,901 INFO [cli] {'ticker': 'IWM', 'mode': 'binary', 'thr': 125, 'window': '5Y', 'order': 4, 'rows': 15}
2025-11-12 11:25:41,909 INFO [cli] {'ticker': 'IWM', 'mode': 'binary', 'thr': 125, 'window': '10Y', 'order': 1, 'rows': 2}
2025-11-12 11:25:41,917 INFO [cli] {'ticker': 'IWM', 'mode': 'binary', 'thr': 125, 'window': '10Y', 'order': 2, 'rows': 4}
2025-11-12 11:25:41,924 INFO [cli] {'ticker': 'IWM', 'mode': 'binary', 'thr': 125, 'window': '10Y', 'order': 3, 'rows': 8}

{'ticker': 'IWM', 'mode': 'binary', 'thr': 85, 'window': 'MAX', 'order': 1, 'rows': 2}
{'ticker': 'IWM', 'mode': 'binary', 'thr': 85, 'window': 'MAX', 'order': 2, 'rows': 4}
{'ticker': 'IWM', 'mode': 'binary', 'thr': 85, 'window': 'MAX', 'order': 3, 'rows': 8}
{'ticker': 'IWM', 'mode': 'binary', 'thr': 85, 'window': 'MAX', 'order': 4, 'rows': 16}
{'ticker': 'IWM', 'mode': 'binary', 'thr': 90, 'window': '1Y', 'order': 1, 'rows': 2}
{'ticker': 'IWM', 'mode': 'binary', 'thr': 90, 'window': '1Y', 'order': 2, 'rows': 4}
{'ticker': 'IWM', 'mode': 'binary', 'thr': 90, 'window': '1Y', 'order': 3, 'rows': 8}
{'ticker': 'IWM', 'mode': 'binary', 'thr': 90, 'window': '1Y', 'order': 4, 'rows': 15}
{'ticker': 'IWM', 'mode': 'binary', 'thr': 90, 'window': '2Y', 'order': 1, 'rows': 2}
{'ticker': 'IWM', 'mode': 'binary', 'thr': 90, 'window': '2Y', 'order': 2, 'rows': 4}
{'ticker': 'IWM', 'mode': 'binary', 'thr': 90, 'window': '2Y', 'order': 3, 'rows': 8}
{'ticker': 'IWM', 'mode': 'binary', 'thr': 90, 'window': '2Y', 'order': 4, 'rows': 16}
{'ticker': 'IWM', 'mode': 'binary', 'thr': 90, 'window': '5Y', 'order': 1, 'rows': 2}
{'ticker': 'IWM', 'mode': 'binary', 'thr': 90, 'window': '5Y', 'order': 2, 'rows': 4}
{'ticker': 'IWM', 'mode': 'binary', 'thr': 90, 'window': '5Y', 'order': 3, 'rows': 8}
{'ticker': 'IWM', 'mode': 'binary', 'thr': 90, 'window': '5Y', 'order': 4, 'rows': 16}
{'ticker': 'IWM', 'mode': 'binary', 'thr': 90, 'window': '10Y', 'order': 1, 'rows': 2}
{'ticker': 'IWM', 'mode': 'binary', 'thr': 90, 'window': '10Y', 'order': 2, 'rows': 4}
{'ticker': 'IWM', 'mode': 'binary', 'thr': 90, 'window': '10Y', 'order': 3, 'rows': 8}
{'ticker': 'IWM', 'mode': 'binary', 'thr': 90, 'window': '10Y', 'order': 4, 'rows': 16}
{'ticker': 'IWM', 'mode': 'binary', 'thr': 90, 'window': '20Y', 'order': 1, 'rows': 2}
{'ticker': 'IWM', 'mode': 'binary', 'thr': 90, 'window': '20Y', 'order': 2, 'rows': 4}
{'ticker': 'IWM', 'mode': 'binary', 'thr': 90, 'window': '20Y', 'order': 3, 'rows': 8}
{'ticker': 'IWM', 'mode': 'binary', 'thr': 90, 'window': '20Y', 'order': 4, 'rows': 16}
{'ticker': 'IWM', 'mode': 'binary', 'thr': 90, 'window': 'MAX', 'order': 1, 'rows': 2}
{'ticker': 'IWM', 'mode': 'binary', 'thr': 90, 'window': 'MAX', 'order': 2, 'rows': 4}
{'ticker': 'IWM', 'mode': 'binary', 'thr': 90, 'window': 'MAX', 'order': 3, 'rows': 8}
{'ticker': 'IWM', 'mode': 'binary', 'thr': 90, 'window': 'MAX', 'order': 4, 'rows': 16}
{'ticker': 'IWM', 'mode': 'binary', 'thr': 95, 'window': '1Y', 'order': 1, 'rows': 2}
{'ticker': 'IWM', 'mode': 'binary', 'thr': 95, 'window': '1Y', 'order': 2, 'rows': 4}
{'ticker': 'IWM', 'mode': 'binary', 'thr': 95, 'window': '1Y', 'order': 3, 'rows': 8}
{'ticker': 'IWM', 'mode': 'binary', 'thr': 95, 'window': '1Y', 'order': 4, 'rows': 15}
{'ticker': 'IWM', 'mode': 'binary', 'thr': 95, 'window': '2Y', 'order': 1, 'rows': 2}
{'ticker': 'IWM', 'mode': 'binary', 'thr': 95, 'window': '2Y', 'order': 2, 'rows': 4}
{'ticker': 'IWM', 'mode': 'binary', 'thr': 95, 'window': '2Y', 'order': 3, 'rows': 8}
{'ticker': 'IWM', 'mode': 'binary', 'thr': 95, 'window': '2Y', 'order': 4, 'rows': 16}
{'ticker': 'IWM', 'mode': 'binary', 'thr': 95, 'window': '5Y', 'order': 1, 'rows': 2}
{'ticker': 'IWM', 'mode': 'binary', 'thr': 95, 'window': '5Y', 'order': 2, 'rows': 4}
{'ticker': 'IWM', 'mode': 'binary', 'thr': 95, 'window': '5Y', 'order': 3, 'rows': 8}
{'ticker': 'IWM', 'mode': 'binary', 'thr': 95, 'window': '5Y', 'order': 4, 'rows': 16}
{'ticker': 'IWM', 'mode': 'binary', 'thr': 95, 'window': '10Y', 'order': 1, 'rows': 2}
{'ticker': 'IWM', 'mode': 'binary', 'thr': 95, 'window': '10Y', 'order': 2, 'rows': 4}
{'ticker': 'IWM', 'mode': 'binary', 'thr': 95, 'window': '10Y', 'order': 3, 'rows': 8}
{'ticker': 'IWM', 'mode': 'binary', 'thr': 95, 'window': '10Y', 'order': 4, 'rows': 16}
{'ticker': 'IWM', 'mode': 'binary', 'thr': 95, 'window': '20Y', 'order': 1, 'rows': 2}
{'ticker': 'IWM', 'mode': 'binary', 'thr': 95, 'window': '20Y', 'order': 2, 'rows': 4}
{'ticker': 'IWM', 'mode': 'binary', 'thr': 95, 'window': '20Y', 'order': 3, 'rows': 8}
{'ticker': 'IWM', 'mode': 'binary', 'thr': 95, 'window': '20Y', 'order': 4, 'rows': 16}
{'ticker': 'IWM', 'mode': 'binary', 'thr': 95, 'window': 'MAX', 'order': 1, 'rows': 2}
{'ticker': 'IWM', 'mode': 'binary', 'thr': 95, 'window': 'MAX', 'order': 2, 'rows': 4}
{'ticker': 'IWM', 'mode': 'binary', 'thr': 95, 'window': 'MAX', 'order': 3, 'rows': 8}
{'ticker': 'IWM', 'mode': 'binary', 'thr': 95, 'window': 'MAX', 'order': 4, 'rows': 16}
{'ticker': 'IWM', 'mode': 'binary', 'thr': 100, 'window': '1Y', 'order': 1, 'rows': 2}
{'ticker': 'IWM', 'mode': 'binary', 'thr': 100, 'window': '1Y', 'order': 2, 'rows': 4}
{'ticker': 'IWM', 'mode': 'binary', 'thr': 100, 'window': '1Y', 'order': 3, 'rows': 8}
{'ticker': 'IWM', 'mode': 'binary', 'thr': 100, 'window': '1Y', 'order': 4, 'rows': 15}
{'ticker': 'IWM', 'mode': 'binary', 'thr': 100, 'window': '2Y', 'order': 1, 'rows': 2}
{'ticker': 'IWM', 'mode': 'binary', 'thr': 100, 'window': '2Y', 'order': 2, 'rows': 4}
{'ticker': 'IWM', 'mode': 'binary', 'thr': 100, 'window': '2Y', 'order': 3, 'rows': 8}
{'ticker': 'IWM', 'mode': 'binary', 'thr': 100, 'window': '2Y', 'order': 4, 'rows': 16}
{'ticker': 'IWM', 'mode': 'binary', 'thr': 100, 'window': '5Y', 'order': 1, 'rows': 2}
{'ticker': 'IWM', 'mode': 'binary', 'thr': 100, 'window': '5Y', 'order': 2, 'rows': 4}
{'ticker': 'IWM', 'mode': 'binary', 'thr': 100, 'window': '5Y', 'order': 3, 'rows': 8}
{'ticker': 'IWM', 'mode': 'binary', 'thr': 100, 'window': '5Y', 'order': 4, 'rows': 16}
{'ticker': 'IWM', 'mode': 'binary', 'thr': 100, 'window': '10Y', 'order': 1, 'rows': 2}
{'ticker': 'IWM', 'mode': 'binary', 'thr': 100, 'window': '10Y', 'order': 2, 'rows': 4}
{'ticker': 'IWM', 'mode': 'binary', 'thr': 100, 'window': '10Y', 'order': 3, 'rows': 8}
{'ticker': 'IWM', 'mode': 'binary', 'thr': 100, 'window': '10Y', 'order': 4, 'rows': 16}
{'ticker': 'IWM', 'mode': 'binary', 'thr': 100, 'window': '20Y', 'order': 1, 'rows': 2}
{'ticker': 'IWM', 'mode': 'binary', 'thr': 100, 'window': '20Y', 'order': 2, 'rows': 4}
{'ticker': 'IWM', 'mode': 'binary', 'thr': 100, 'window': '20Y', 'order': 3, 'rows': 8}
{'ticker': 'IWM', 'mode': 'binary', 'thr': 100, 'window': '20Y', 'order': 4, 'rows': 16}
{'ticker': 'IWM', 'mode': 'binary', 'thr': 100, 'window': 'MAX', 'order': 1, 'rows': 2}
{'ticker': 'IWM', 'mode': 'binary', 'thr': 100, 'window': 'MAX', 'order': 2, 'rows': 4}
{'ticker': 'IWM', 'mode': 'binary', 'thr': 100, 'window': 'MAX', 'order': 3, 'rows': 8}
{'ticker': 'IWM', 'mode': 'binary', 'thr': 100, 'window': 'MAX', 'order': 4, 'rows': 16}
{'ticker': 'IWM', 'mode': 'binary', 'thr': 105, 'window': '1Y', 'order': 1, 'rows': 2}
{'ticker': 'IWM', 'mode': 'binary', 'thr': 105, 'window': '1Y', 'order': 2, 'rows': 4}
{'ticker': 'IWM', 'mode': 'binary', 'thr': 105, 'window': '1Y', 'order': 3, 'rows': 8}
{'ticker': 'IWM', 'mode': 'binary', 'thr': 105, 'window': '1Y', 'order': 4, 'rows': 15}
{'ticker': 'IWM', 'mode': 'binary', 'thr': 105, 'window': '2Y', 'order': 1, 'rows': 2}
{'ticker': 'IWM', 'mode': 'binary', 'thr': 105, 'window': '2Y', 'order': 2, 'rows': 4}
{'ticker': 'IWM', 'mode': 'binary', 'thr': 105, 'window': '2Y', 'order': 3, 'rows': 8}
{'ticker': 'IWM', 'mode': 'binary', 'thr': 105, 'window': '2Y', 'order': 4, 'rows': 16}
{'ticker': 'IWM', 'mode': 'binary', 'thr': 105, 'window': '5Y', 'order': 1, 'rows': 2}
{'ticker': 'IWM', 'mode': 'binary', 'thr': 105, 'window': '5Y', 'order': 2, 'rows': 4}
{'ticker': 'IWM', 'mode': 'binary', 'thr': 105, 'window': '5Y', 'order': 3, 'rows': 8}
{'ticker': 'IWM', 'mode': 'binary', 'thr': 105, 'window': '5Y', 'order': 4, 'rows': 16}
{'ticker': 'IWM', 'mode': 'binary', 'thr': 105, 'window': '10Y', 'order': 1, 'rows': 2}
{'ticker': 'IWM', 'mode': 'binary', 'thr': 105, 'window': '10Y', 'order': 2, 'rows': 4}
{'ticker': 'IWM', 'mode': 'binary', 'thr': 105, 'window': '10Y', 'order': 3, 'rows': 8}
{'ticker': 'IWM', 'mode': 'binary', 'thr': 105, 'window': '10Y', 'order': 4, 'rows': 16}
{'ticker': 'IWM', 'mode': 'binary', 'thr': 105, 'window': '20Y', 'order': 1, 'rows': 2}
{'ticker': 'IWM', 'mode': 'binary', 'thr': 105, 'window': '20Y', 'order': 2, 'rows': 4}2025-11-12 11:25:41,933 INFO [cli] {'ticker': 'IWM', 'mode': 'binary', 'thr': 125, 'window': '10Y', 'order': 4, 'rows': 16}
2025-11-12 11:25:41,942 INFO [cli] {'ticker': 'IWM', 'mode': 'binary', 'thr': 125, 'window': '20Y', 'order': 1, 'rows': 2}
2025-11-12 11:25:41,951 INFO [cli] {'ticker': 'IWM', 'mode': 'binary', 'thr': 125, 'window': '20Y', 'order': 2, 'rows': 4}
2025-11-12 11:25:41,960 INFO [cli] {'ticker': 'IWM', 'mode': 'binary', 'thr': 125, 'window': '20Y', 'order': 3, 'rows': 8}
2025-11-12 11:25:41,969 INFO [cli] {'ticker': 'IWM', 'mode': 'binary', 'thr': 125, 'window': '20Y', 'order': 4, 'rows': 16}
2025-11-12 11:25:41,977 INFO [cli] {'ticker': 'IWM', 'mode': 'binary', 'thr': 125, 'window': 'MAX', 'order': 1, 'rows': 2}
2025-11-12 11:25:41,986 INFO [cli] {'ticker': 'IWM', 'mode': 'binary', 'thr': 125, 'window': 'MAX', 'order': 2, 'rows': 4}
2025-11-12 11:25:41,996 INFO [cli] {'ticker': 'IWM', 'mode': 'binary', 'thr': 125, 'window': 'MAX', 'order': 3, 'rows': 8}
2025-11-12 11:25:42,003 INFO [cli] {'ticker': 'IWM', 'mode': 'binary', 'thr': 125, 'window': 'MAX', 'order': 4, 'rows': 16}
2025-11-12 11:25:42,018 INFO [cli] {'ticker': 'IWM', 'mode': 'binary', 'thr': 130, 'window': '1Y', 'order': 1, 'rows': 2}
2025-11-12 11:25:42,028 INFO [cli] {'ticker': 'IWM', 'mode': 'binary', 'thr': 130, 'window': '1Y', 'order': 2, 'rows': 4}
2025-11-12 11:25:42,037 INFO [cli] {'ticker': 'IWM', 'mode': 'binary', 'thr': 130, 'window': '1Y', 'order': 3, 'rows': 8}
2025-11-12 11:25:42,056 INFO [cli] {'ticker': 'IWM', 'mode': 'binary', 'thr': 130, 'window': '1Y', 'order': 4, 'rows': 13}
2025-11-12 11:25:42,065 INFO [cli] {'ticker': 'IWM', 'mode': 'binary', 'thr': 130, 'window': '2Y', 'order': 1, 'rows': 2}
2025-11-12 11:25:42,075 INFO [cli] {'ticker': 'IWM', 'mode': 'binary', 'thr': 130, 'window': '2Y', 'order': 2, 'rows': 4}
2025-11-12 11:25:42,084 INFO [cli] {'ticker': 'IWM', 'mode': 'binary', 'thr': 130, 'window': '2Y', 'order': 3, 'rows': 8}
2025-11-12 11:25:42,094 INFO [cli] {'ticker': 'IWM', 'mode': 'binary', 'thr': 130, 'window': '2Y', 'order': 4, 'rows': 15}
2025-11-12 11:25:42,102 INFO [cli] {'ticker': 'IWM', 'mode': 'binary', 'thr': 130, 'window': '5Y', 'order': 1, 'rows': 2}
2025-11-12 11:25:42,110 INFO [cli] {'ticker': 'IWM', 'mode': 'binary', 'thr': 130, 'window': '5Y', 'order': 2, 'rows': 4}
2025-11-12 11:25:42,119 INFO [cli] {'ticker': 'IWM', 'mode': 'binary', 'thr': 130, 'window': '5Y', 'order': 3, 'rows': 8}
2025-11-12 11:25:42,129 INFO [cli] {'ticker': 'IWM', 'mode': 'binary', 'thr': 130, 'window': '5Y', 'order': 4, 'rows': 15}
2025-11-12 11:25:42,139 INFO [cli] {'ticker': 'IWM', 'mode': 'binary', 'thr': 130, 'window': '10Y', 'order': 1, 'rows': 2}
2025-11-12 11:25:42,149 INFO [cli] {'ticker': 'IWM', 'mode': 'binary', 'thr': 130, 'window': '10Y', 'order': 2, 'rows': 4}
2025-11-12 11:25:42,156 INFO [cli] {'ticker': 'IWM', 'mode': 'binary', 'thr': 130, 'window': '10Y', 'order': 3, 'rows': 8}
2025-11-12 11:25:42,164 INFO [cli] {'ticker': 'IWM', 'mode': 'binary', 'thr': 130, 'window': '10Y', 'order': 4, 'rows': 16}
2025-11-12 11:25:42,173 INFO [cli] {'ticker': 'IWM', 'mode': 'binary', 'thr': 130, 'window': '20Y', 'order': 1, 'rows': 2}
2025-11-12 11:25:42,183 INFO [cli] {'ticker': 'IWM', 'mode': 'binary', 'thr': 130, 'window': '20Y', 'order': 2, 'rows': 4}
2025-11-12 11:25:42,192 INFO [cli] {'ticker': 'IWM', 'mode': 'binary', 'thr': 130, 'window': '20Y', 'order': 3, 'rows': 8}
2025-11-12 11:25:42,201 INFO [cli] {'ticker': 'IWM', 'mode': 'binary', 'thr': 130, 'window': '20Y', 'order': 4, 'rows': 16}
2025-11-12 11:25:42,211 INFO [cli] {'ticker': 'IWM', 'mode': 'binary', 'thr': 130, 'window': 'MAX', 'order': 1, 'rows': 2}
2025-11-12 11:25:42,219 INFO [cli] {'ticker': 'IWM', 'mode': 'binary', 'thr': 130, 'window': 'MAX', 'order': 2, 'rows': 4}
2025-11-12 11:25:42,228 INFO [cli] {'ticker': 'IWM', 'mode': 'binary', 'thr': 130, 'window': 'MAX', 'order': 3, 'rows': 8}
2025-11-12 11:25:42,238 INFO [cli] {'ticker': 'IWM', 'mode': 'binary', 'thr': 130, 'window': 'MAX', 'order': 4, 'rows': 16}
2025-11-12 11:25:42,254 INFO [cli] {'ticker': 'IWM', 'mode': 'binary', 'thr': 135, 'window': '1Y', 'order': 1, 'rows': 2}
2025-11-12 11:25:42,264 INFO [cli] {'ticker': 'IWM', 'mode': 'binary', 'thr': 135, 'window': '1Y', 'order': 2, 'rows': 4}
2025-11-12 11:25:42,272 INFO [cli] {'ticker': 'IWM', 'mode': 'binary', 'thr': 135, 'window': '1Y', 'order': 3, 'rows': 8}
2025-11-12 11:25:42,282 INFO [cli] {'ticker': 'IWM', 'mode': 'binary', 'thr': 135, 'window': '1Y', 'order': 4, 'rows': 13}
2025-11-12 11:25:42,291 INFO [cli] {'ticker': 'IWM', 'mode': 'binary', 'thr': 135, 'window': '2Y', 'order': 1, 'rows': 2}
2025-11-12 11:25:42,300 INFO [cli] {'ticker': 'IWM', 'mode': 'binary', 'thr': 135, 'window': '2Y', 'order': 2, 'rows': 4}
2025-11-12 11:25:42,309 INFO [cli] {'ticker': 'IWM', 'mode': 'binary', 'thr': 135, 'window': '2Y', 'order': 3, 'rows': 8}
2025-11-12 11:25:42,320 INFO [cli] {'ticker': 'IWM', 'mode': 'binary', 'thr': 135, 'window': '2Y', 'order': 4, 'rows': 15}
2025-11-12 11:25:42,330 INFO [cli] {'ticker': 'IWM', 'mode': 'binary', 'thr': 135, 'window': '5Y', 'order': 1, 'rows': 2}
2025-11-12 11:25:42,341 INFO [cli] {'ticker': 'IWM', 'mode': 'binary', 'thr': 135, 'window': '5Y', 'order': 2, 'rows': 4}
2025-11-12 11:25:42,353 INFO [cli] {'ticker': 'IWM', 'mode': 'binary', 'thr': 135, 'window': '5Y', 'order': 3, 'rows': 8}
2025-11-12 11:25:42,361 INFO [cli] {'ticker': 'IWM', 'mode': 'binary', 'thr': 135, 'window': '5Y', 'order': 4, 'rows': 15}
2025-11-12 11:25:42,372 INFO [cli] {'ticker': 'IWM', 'mode': 'binary', 'thr': 135, 'window': '10Y', 'order': 1, 'rows': 2}
2025-11-12 11:25:42,382 INFO [cli] {'ticker': 'IWM', 'mode': 'binary', 'thr': 135, 'window': '10Y', 'order': 2, 'rows': 4}
2025-11-12 11:25:42,389 INFO [cli] {'ticker': 'IWM', 'mode': 'binary', 'thr': 135, 'window': '10Y', 'order': 3, 'rows': 8}
2025-11-12 11:25:42,400 INFO [cli] {'ticker': 'IWM', 'mode': 'binary', 'thr': 135, 'window': '10Y', 'order': 4, 'rows': 16}
2025-11-12 11:25:42,409 INFO [cli] {'ticker': 'IWM', 'mode': 'binary', 'thr': 135, 'window': '20Y', 'order': 1, 'rows': 2}
2025-11-12 11:25:42,417 INFO [cli] {'ticker': 'IWM', 'mode': 'binary', 'thr': 135, 'window': '20Y', 'order': 2, 'rows': 4}
2025-11-12 11:25:42,425 INFO [cli] {'ticker': 'IWM', 'mode': 'binary', 'thr': 135, 'window': '20Y', 'order': 3, 'rows': 8}
2025-11-12 11:25:42,432 INFO [cli] {'ticker': 'IWM', 'mode': 'binary', 'thr': 135, 'window': '20Y', 'order': 4, 'rows': 16}
2025-11-12 11:25:42,443 INFO [cli] {'ticker': 'IWM', 'mode': 'binary', 'thr': 135, 'window': 'MAX', 'order': 1, 'rows': 2}
2025-11-12 11:25:42,454 INFO [cli] {'ticker': 'IWM', 'mode': 'binary', 'thr': 135, 'window': 'MAX', 'order': 2, 'rows': 4}
2025-11-12 11:25:42,463 INFO [cli] {'ticker': 'IWM', 'mode': 'binary', 'thr': 135, 'window': 'MAX', 'order': 3, 'rows': 8}
2025-11-12 11:25:42,471 INFO [cli] {'ticker': 'IWM', 'mode': 'binary', 'thr': 135, 'window': 'MAX', 'order': 4, 'rows': 16}
2025-11-12 11:25:42,490 INFO [cli] {'ticker': 'IWM', 'mode': 'binary', 'thr': 140, 'window': '1Y', 'order': 1, 'rows': 2}
2025-11-12 11:25:42,498 INFO [cli] {'ticker': 'IWM', 'mode': 'binary', 'thr': 140, 'window': '1Y', 'order': 2, 'rows': 4}
2025-11-12 11:25:42,508 INFO [cli] {'ticker': 'IWM', 'mode': 'binary', 'thr': 140, 'window': '1Y', 'order': 3, 'rows': 8}
2025-11-12 11:25:42,519 INFO [cli] {'ticker': 'IWM', 'mode': 'binary', 'thr': 140, 'window': '1Y', 'order': 4, 'rows': 13}
2025-11-12 11:25:42,529 INFO [cli] {'ticker': 'IWM', 'mode': 'binary', 'thr': 140, 'window': '2Y', 'order': 1, 'rows': 2}
2025-11-12 11:25:42,539 INFO [cli] {'ticker': 'IWM', 'mode': 'binary', 'thr': 140, 'window': '2Y', 'order': 2, 'rows': 4}
2025-11-12 11:25:42,549 INFO [cli] {'ticker': 'IWM', 'mode': 'binary', 'thr': 140, 'window': '2Y', 'order': 3, 'rows': 8}
2025-11-12 11:25:42,557 INFO [cli] {'ticker': 'IWM', 'mode': 'binary', 'thr': 140, 'window': '2Y', 'order': 4, 'rows': 15}
2025-11-12 11:25:42,566 INFO [cli] {'ticker': 'IWM', 'mode': 'binary', 'thr': 140, 'window': '5Y', 'order': 1, 'rows': 2}
2025-11-12 11:25:42,576 INFO [cli] {'ticker': 'IWM', 'mode': 'binary', 'thr': 140, 'window': '5Y', 'order': 2, 'rows': 4}
2025-11-12 11:25:42,585 INFO [cli] {'ticker': 'IWM', 'mode': 'binary', 'thr': 140, 'window': '5Y', 'order': 3, 'rows': 8}
2025-11-12 11:25:42,595 INFO [cli] {'ticker': 'IWM', 'mode': 'binary', 'thr': 140, 'window': '5Y', 'order': 4, 'rows': 15}
2025-11-12 11:25:42,605 INFO [cli] {'ticker': 'IWM', 'mode': 'binary', 'thr': 140, 'window': '10Y', 'order': 1, 'rows': 2}
2025-11-12 11:25:42,613 INFO [cli] {'ticker': 'IWM', 'mode': 'binary', 'thr': 140, 'window': '10Y', 'order': 2, 'rows': 4}
2025-11-12 11:25:42,622 INFO [cli] {'ticker': 'IWM', 'mode': 'binary', 'thr': 140, 'window': '10Y', 'order': 3, 'rows': 8}
2025-11-12 11:25:42,633 INFO [cli] {'ticker': 'IWM', 'mode': 'binary', 'thr': 140, 'window': '10Y', 'order': 4, 'rows': 16}
2025-11-12 11:25:42,641 INFO [cli] {'ticker': 'IWM', 'mode': 'binary', 'thr': 140, 'window': '20Y', 'order': 1, 'rows': 2}
2025-11-12 11:25:42,651 INFO [cli] {'ticker': 'IWM', 'mode': 'binary', 'thr': 140, 'window': '20Y', 'order': 2, 'rows': 4}
2025-11-12 11:25:42,661 INFO [cli] {'ticker': 'IWM', 'mode': 'binary', 'thr': 140, 'window': '20Y', 'order': 3, 'rows': 8}
2025-11-12 11:25:42,671 INFO [cli] {'ticker': 'IWM', 'mode': 'binary', 'thr': 140, 'window': '20Y', 'order': 4, 'rows': 16}
2025-11-12 11:25:42,683 INFO [cli] {'ticker': 'IWM', 'mode': 'binary', 'thr': 140, 'window': 'MAX', 'order': 1, 'rows': 2}
2025-11-12 11:25:42,692 INFO [cli] {'ticker': 'IWM', 'mode': 'binary', 'thr': 140, 'window': 'MAX', 'order': 2, 'rows': 4}
2025-11-12 11:25:42,701 INFO [cli] {'ticker': 'IWM', 'mode': 'binary', 'thr': 140, 'window': 'MAX', 'order': 3, 'rows': 8}
2025-11-12 11:25:42,715 INFO [cli] {'ticker': 'IWM', 'mode': 'binary', 'thr': 140, 'window': 'MAX', 'order': 4, 'rows': 16}
2025-11-12 11:25:42,731 INFO [cli] {'ticker': 'IWM', 'mode': 'binary', 'thr': 145, 'window': '1Y', 'order': 1, 'rows': 2}
2025-11-12 11:25:42,740 INFO [cli] {'ticker': 'IWM', 'mode': 'binary', 'thr': 145, 'window': '1Y', 'order': 2, 'rows': 4}
2025-11-12 11:25:42,749 INFO [cli] {'ticker': 'IWM', 'mode': 'binary', 'thr': 145, 'window': '1Y', 'order': 3, 'rows': 8}
2025-11-12 11:25:42,762 INFO [cli] {'ticker': 'IWM', 'mode': 'binary', 'thr': 145, 'window': '1Y', 'order': 4, 'rows': 13}
2025-11-12 11:25:42,773 INFO [cli] {'ticker': 'IWM', 'mode': 'binary', 'thr': 145, 'window': '2Y', 'order': 1, 'rows': 2}
2025-11-12 11:25:42,785 INFO [cli] {'ticker': 'IWM', 'mode': 'binary', 'thr': 145, 'window': '2Y', 'order': 2, 'rows': 4}
2025-11-12 11:25:42,797 INFO [cli] {'ticker': 'IWM', 'mode': 'binary', 'thr': 145, 'window': '2Y', 'order': 3, 'rows': 8}
2025-11-12 11:25:42,805 INFO [cli] {'ticker': 'IWM', 'mode': 'binary', 'thr': 145, 'window': '2Y', 'order': 4, 'rows': 15}
2025-11-12 11:25:42,820 INFO [cli] {'ticker': 'IWM', 'mode': 'binary', 'thr': 145, 'window': '5Y', 'order': 1, 'rows': 2}
2025-11-12 11:25:42,829 INFO [cli] {'ticker': 'IWM', 'mode': 'binary', 'thr': 145, 'window': '5Y', 'order': 2, 'rows': 4}
2025-11-12 11:25:42,839 INFO [cli] {'ticker': 'IWM', 'mode': 'binary', 'thr': 145, 'window': '5Y', 'order': 3, 'rows': 8}
2025-11-12 11:25:42,850 INFO [cli] {'ticker': 'IWM', 'mode': 'binary', 'thr': 145, 'window': '5Y', 'order': 4, 'rows': 15}
2025-11-12 11:25:42,865 INFO [cli] {'ticker': 'IWM', 'mode': 'binary', 'thr': 145, 'window': '10Y', 'order': 1, 'rows': 2}

{'ticker': 'IWM', 'mode': 'binary', 'thr': 105, 'window': '20Y', 'order': 3, 'rows': 8}
{'ticker': 'IWM', 'mode': 'binary', 'thr': 105, 'window': '20Y', 'order': 4, 'rows': 16}
{'ticker': 'IWM', 'mode': 'binary', 'thr': 105, 'window': 'MAX', 'order': 1, 'rows': 2}
{'ticker': 'IWM', 'mode': 'binary', 'thr': 105, 'window': 'MAX', 'order': 2, 'rows': 4}
{'ticker': 'IWM', 'mode': 'binary', 'thr': 105, 'window': 'MAX', 'order': 3, 'rows': 8}
{'ticker': 'IWM', 'mode': 'binary', 'thr': 105, 'window': 'MAX', 'order': 4, 'rows': 16}
{'ticker': 'IWM', 'mode': 'binary', 'thr': 110, 'window': '1Y', 'order': 1, 'rows': 2}
{'ticker': 'IWM', 'mode': 'binary', 'thr': 110, 'window': '1Y', 'order': 2, 'rows': 4}
{'ticker': 'IWM', 'mode': 'binary', 'thr': 110, 'window': '1Y', 'order': 3, 'rows': 8}
{'ticker': 'IWM', 'mode': 'binary', 'thr': 110, 'window': '1Y', 'order': 4, 'rows': 15}
{'ticker': 'IWM', 'mode': 'binary', 'thr': 110, 'window': '2Y', 'order': 1, 'rows': 2}
{'ticker': 'IWM', 'mode': 'binary', 'thr': 110, 'window': '2Y', 'order': 2, 'rows': 4}
{'ticker': 'IWM', 'mode': 'binary', 'thr': 110, 'window': '2Y', 'order': 3, 'rows': 8}
{'ticker': 'IWM', 'mode': 'binary', 'thr': 110, 'window': '2Y', 'order': 4, 'rows': 16}
{'ticker': 'IWM', 'mode': 'binary', 'thr': 110, 'window': '5Y', 'order': 1, 'rows': 2}
{'ticker': 'IWM', 'mode': 'binary', 'thr': 110, 'window': '5Y', 'order': 2, 'rows': 4}
{'ticker': 'IWM', 'mode': 'binary', 'thr': 110, 'window': '5Y', 'order': 3, 'rows': 8}
{'ticker': 'IWM', 'mode': 'binary', 'thr': 110, 'window': '5Y', 'order': 4, 'rows': 16}
{'ticker': 'IWM', 'mode': 'binary', 'thr': 110, 'window': '10Y', 'order': 1, 'rows': 2}
{'ticker': 'IWM', 'mode': 'binary', 'thr': 110, 'window': '10Y', 'order': 2, 'rows': 4}
{'ticker': 'IWM', 'mode': 'binary', 'thr': 110, 'window': '10Y', 'order': 3, 'rows': 8}
{'ticker': 'IWM', 'mode': 'binary', 'thr': 110, 'window': '10Y', 'order': 4, 'rows': 16}
{'ticker': 'IWM', 'mode': 'binary', 'thr': 110, 'window': '20Y', 'order': 1, 'rows': 2}
{'ticker': 'IWM', 'mode': 'binary', 'thr': 110, 'window': '20Y', 'order': 2, 'rows': 4}
{'ticker': 'IWM', 'mode': 'binary', 'thr': 110, 'window': '20Y', 'order': 3, 'rows': 8}
{'ticker': 'IWM', 'mode': 'binary', 'thr': 110, 'window': '20Y', 'order': 4, 'rows': 16}
{'ticker': 'IWM', 'mode': 'binary', 'thr': 110, 'window': 'MAX', 'order': 1, 'rows': 2}
{'ticker': 'IWM', 'mode': 'binary', 'thr': 110, 'window': 'MAX', 'order': 2, 'rows': 4}
{'ticker': 'IWM', 'mode': 'binary', 'thr': 110, 'window': 'MAX', 'order': 3, 'rows': 8}
{'ticker': 'IWM', 'mode': 'binary', 'thr': 110, 'window': 'MAX', 'order': 4, 'rows': 16}
{'ticker': 'IWM', 'mode': 'binary', 'thr': 115, 'window': '1Y', 'order': 1, 'rows': 2}
{'ticker': 'IWM', 'mode': 'binary', 'thr': 115, 'window': '1Y', 'order': 2, 'rows': 4}
{'ticker': 'IWM', 'mode': 'binary', 'thr': 115, 'window': '1Y', 'order': 3, 'rows': 8}
{'ticker': 'IWM', 'mode': 'binary', 'thr': 115, 'window': '1Y', 'order': 4, 'rows': 15}
{'ticker': 'IWM', 'mode': 'binary', 'thr': 115, 'window': '2Y', 'order': 1, 'rows': 2}
{'ticker': 'IWM', 'mode': 'binary', 'thr': 115, 'window': '2Y', 'order': 2, 'rows': 4}
{'ticker': 'IWM', 'mode': 'binary', 'thr': 115, 'window': '2Y', 'order': 3, 'rows': 8}
{'ticker': 'IWM', 'mode': 'binary', 'thr': 115, 'window': '2Y', 'order': 4, 'rows': 16}
{'ticker': 'IWM', 'mode': 'binary', 'thr': 115, 'window': '5Y', 'order': 1, 'rows': 2}
{'ticker': 'IWM', 'mode': 'binary', 'thr': 115, 'window': '5Y', 'order': 2, 'rows': 4}
{'ticker': 'IWM', 'mode': 'binary', 'thr': 115, 'window': '5Y', 'order': 3, 'rows': 8}
{'ticker': 'IWM', 'mode': 'binary', 'thr': 115, 'window': '5Y', 'order': 4, 'rows': 16}
{'ticker': 'IWM', 'mode': 'binary', 'thr': 115, 'window': '10Y', 'order': 1, 'rows': 2}
{'ticker': 'IWM', 'mode': 'binary', 'thr': 115, 'window': '10Y', 'order': 2, 'rows': 4}
{'ticker': 'IWM', 'mode': 'binary', 'thr': 115, 'window': '10Y', 'order': 3, 'rows': 8}
{'ticker': 'IWM', 'mode': 'binary', 'thr': 115, 'window': '10Y', 'order': 4, 'rows': 16}
{'ticker': 'IWM', 'mode': 'binary', 'thr': 115, 'window': '20Y', 'order': 1, 'rows': 2}
{'ticker': 'IWM', 'mode': 'binary', 'thr': 115, 'window': '20Y', 'order': 2, 'rows': 4}
{'ticker': 'IWM', 'mode': 'binary', 'thr': 115, 'window': '20Y', 'order': 3, 'rows': 8}
{'ticker': 'IWM', 'mode': 'binary', 'thr': 115, 'window': '20Y', 'order': 4, 'rows': 16}
{'ticker': 'IWM', 'mode': 'binary', 'thr': 115, 'window': 'MAX', 'order': 1, 'rows': 2}
{'ticker': 'IWM', 'mode': 'binary', 'thr': 115, 'window': 'MAX', 'order': 2, 'rows': 4}
{'ticker': 'IWM', 'mode': 'binary', 'thr': 115, 'window': 'MAX', 'order': 3, 'rows': 8}
{'ticker': 'IWM', 'mode': 'binary', 'thr': 115, 'window': 'MAX', 'order': 4, 'rows': 16}
{'ticker': 'IWM', 'mode': 'binary', 'thr': 120, 'window': '1Y', 'order': 1, 'rows': 2}
{'ticker': 'IWM', 'mode': 'binary', 'thr': 120, 'window': '1Y', 'order': 2, 'rows': 4}
{'ticker': 'IWM', 'mode': 'binary', 'thr': 120, 'window': '1Y', 'order': 3, 'rows': 8}
{'ticker': 'IWM', 'mode': 'binary', 'thr': 120, 'window': '1Y', 'order': 4, 'rows': 14}
{'ticker': 'IWM', 'mode': 'binary', 'thr': 120, 'window': '2Y', 'order': 1, 'rows': 2}
{'ticker': 'IWM', 'mode': 'binary', 'thr': 120, 'window': '2Y', 'order': 2, 'rows': 4}
{'ticker': 'IWM', 'mode': 'binary', 'thr': 120, 'window': '2Y', 'order': 3, 'rows': 8}
{'ticker': 'IWM', 'mode': 'binary', 'thr': 120, 'window': '2Y', 'order': 4, 'rows': 15}
{'ticker': 'IWM', 'mode': 'binary', 'thr': 120, 'window': '5Y', 'order': 1, 'rows': 2}
{'ticker': 'IWM', 'mode': 'binary', 'thr': 120, 'window': '5Y', 'order': 2, 'rows': 4}
{'ticker': 'IWM', 'mode': 'binary', 'thr': 120, 'window': '5Y', 'order': 3, 'rows': 8}
{'ticker': 'IWM', 'mode': 'binary', 'thr': 120, 'window': '5Y', 'order': 4, 'rows': 15}
{'ticker': 'IWM', 'mode': 'binary', 'thr': 120, 'window': '10Y', 'order': 1, 'rows': 2}
{'ticker': 'IWM', 'mode': 'binary', 'thr': 120, 'window': '10Y', 'order': 2, 'rows': 4}
{'ticker': 'IWM', 'mode': 'binary', 'thr': 120, 'window': '10Y', 'order': 3, 'rows': 8}
{'ticker': 'IWM', 'mode': 'binary', 'thr': 120, 'window': '10Y', 'order': 4, 'rows': 16}
{'ticker': 'IWM', 'mode': 'binary', 'thr': 120, 'window': '20Y', 'order': 1, 'rows': 2}
{'ticker': 'IWM', 'mode': 'binary', 'thr': 120, 'window': '20Y', 'order': 2, 'rows': 4}
{'ticker': 'IWM', 'mode': 'binary', 'thr': 120, 'window': '20Y', 'order': 3, 'rows': 8}
{'ticker': 'IWM', 'mode': 'binary', 'thr': 120, 'window': '20Y', 'order': 4, 'rows': 16}
{'ticker': 'IWM', 'mode': 'binary', 'thr': 120, 'window': 'MAX', 'order': 1, 'rows': 2}
{'ticker': 'IWM', 'mode': 'binary', 'thr': 120, 'window': 'MAX', 'order': 2, 'rows': 4}
{'ticker': 'IWM', 'mode': 'binary', 'thr': 120, 'window': 'MAX', 'order': 3, 'rows': 8}
{'ticker': 'IWM', 'mode': 'binary', 'thr': 120, 'window': 'MAX', 'order': 4, 'rows': 16}
{'ticker': 'IWM', 'mode': 'binary', 'thr': 125, 'window': '1Y', 'order': 1, 'rows': 2}
{'ticker': 'IWM', 'mode': 'binary', 'thr': 125, 'window': '1Y', 'order': 2, 'rows': 4}
{'ticker': 'IWM', 'mode': 'binary', 'thr': 125, 'window': '1Y', 'order': 3, 'rows': 8}
{'ticker': 'IWM', 'mode': 'binary', 'thr': 125, 'window': '1Y', 'order': 4, 'rows': 14}
{'ticker': 'IWM', 'mode': 'binary', 'thr': 125, 'window': '2Y', 'order': 1, 'rows': 2}
{'ticker': 'IWM', 'mode': 'binary', 'thr': 125, 'window': '2Y', 'order': 2, 'rows': 4}
{'ticker': 'IWM', 'mode': 'binary', 'thr': 125, 'window': '2Y', 'order': 3, 'rows': 8}
{'ticker': 'IWM', 'mode': 'binary', 'thr': 125, 'window': '2Y', 'order': 4, 'rows': 15}
{'ticker': 'IWM', 'mode': 'binary', 'thr': 125, 'window': '5Y', 'order': 1, 'rows': 2}
{'ticker': 'IWM', 'mode': 'binary', 'thr': 125, 'window': '5Y', 'order': 2, 'rows': 4}
{'ticker': 'IWM', 'mode': 'binary', 'thr': 125, 'window': '5Y', 'order': 3, 'rows': 8}
{'ticker': 'IWM', 'mode': 'binary', 'thr': 125, 'window': '5Y', 'order': 4, 'rows': 15}
{'ticker': 'IWM', 'mode': 'binary', 'thr': 125, 'window': '10Y', 'order': 1, 'rows': 2}
{'ticker': 'IWM', 'mode': 'binary', 'thr': 125, 'window': '10Y', 'order': 2, 'rows': 4}
{'ticker': 'IWM', 'mode': 'binary', 'thr': 125, 'window': '10Y', 'order': 3, 'rows': 8}
{'ticker': 'IWM', 'mode': 'binary', 'thr': 125, 'window': '10Y', 'order': 4, 'rows': 16}2025-11-12 11:25:42,876 INFO [cli] {'ticker': 'IWM', 'mode': 'binary', 'thr': 145, 'window': '10Y', 'order': 2, 'rows': 4}
2025-11-12 11:25:42,886 INFO [cli] {'ticker': 'IWM', 'mode': 'binary', 'thr': 145, 'window': '10Y', 'order': 3, 'rows': 8}
2025-11-12 11:25:42,895 INFO [cli] {'ticker': 'IWM', 'mode': 'binary', 'thr': 145, 'window': '10Y', 'order': 4, 'rows': 16}
2025-11-12 11:25:42,906 INFO [cli] {'ticker': 'IWM', 'mode': 'binary', 'thr': 145, 'window': '20Y', 'order': 1, 'rows': 2}
2025-11-12 11:25:42,917 INFO [cli] {'ticker': 'IWM', 'mode': 'binary', 'thr': 145, 'window': '20Y', 'order': 2, 'rows': 4}
2025-11-12 11:25:42,925 INFO [cli] {'ticker': 'IWM', 'mode': 'binary', 'thr': 145, 'window': '20Y', 'order': 3, 'rows': 8}
2025-11-12 11:25:42,935 INFO [cli] {'ticker': 'IWM', 'mode': 'binary', 'thr': 145, 'window': '20Y', 'order': 4, 'rows': 16}
2025-11-12 11:25:42,947 INFO [cli] {'ticker': 'IWM', 'mode': 'binary', 'thr': 145, 'window': 'MAX', 'order': 1, 'rows': 2}
2025-11-12 11:25:42,957 INFO [cli] {'ticker': 'IWM', 'mode': 'binary', 'thr': 145, 'window': 'MAX', 'order': 2, 'rows': 4}
2025-11-12 11:25:42,968 INFO [cli] {'ticker': 'IWM', 'mode': 'binary', 'thr': 145, 'window': 'MAX', 'order': 3, 'rows': 8}
2025-11-12 11:25:42,976 INFO [cli] {'ticker': 'IWM', 'mode': 'binary', 'thr': 145, 'window': 'MAX', 'order': 4, 'rows': 16}
2025-11-12 11:25:42,992 INFO [cli] {'ticker': 'IWM', 'mode': 'binary', 'thr': 150, 'window': '1Y', 'order': 1, 'rows': 2}
2025-11-12 11:25:43,003 INFO [cli] {'ticker': 'IWM', 'mode': 'binary', 'thr': 150, 'window': '1Y', 'order': 2, 'rows': 4}
2025-11-12 11:25:43,014 INFO [cli] {'ticker': 'IWM', 'mode': 'binary', 'thr': 150, 'window': '1Y', 'order': 3, 'rows': 8}
2025-11-12 11:25:43,035 INFO [cli] {'ticker': 'IWM', 'mode': 'binary', 'thr': 150, 'window': '1Y', 'order': 4, 'rows': 13}
2025-11-12 11:25:43,043 INFO [cli] {'ticker': 'IWM', 'mode': 'binary', 'thr': 150, 'window': '2Y', 'order': 1, 'rows': 2}
2025-11-12 11:25:43,054 INFO [cli] {'ticker': 'IWM', 'mode': 'binary', 'thr': 150, 'window': '2Y', 'order': 2, 'rows': 4}
2025-11-12 11:25:43,063 INFO [cli] {'ticker': 'IWM', 'mode': 'binary', 'thr': 150, 'window': '2Y', 'order': 3, 'rows': 8}
2025-11-12 11:25:43,072 INFO [cli] {'ticker': 'IWM', 'mode': 'binary', 'thr': 150, 'window': '2Y', 'order': 4, 'rows': 15}
2025-11-12 11:25:43,083 INFO [cli] {'ticker': 'IWM', 'mode': 'binary', 'thr': 150, 'window': '5Y', 'order': 1, 'rows': 2}
2025-11-12 11:25:43,094 INFO [cli] {'ticker': 'IWM', 'mode': 'binary', 'thr': 150, 'window': '5Y', 'order': 2, 'rows': 4}
2025-11-12 11:25:43,105 INFO [cli] {'ticker': 'IWM', 'mode': 'binary', 'thr': 150, 'window': '5Y', 'order': 3, 'rows': 8}
2025-11-12 11:25:43,115 INFO [cli] {'ticker': 'IWM', 'mode': 'binary', 'thr': 150, 'window': '5Y', 'order': 4, 'rows': 15}
2025-11-12 11:25:43,123 INFO [cli] {'ticker': 'IWM', 'mode': 'binary', 'thr': 150, 'window': '10Y', 'order': 1, 'rows': 2}
2025-11-12 11:25:43,134 INFO [cli] {'ticker': 'IWM', 'mode': 'binary', 'thr': 150, 'window': '10Y', 'order': 2, 'rows': 4}
2025-11-12 11:25:43,145 INFO [cli] {'ticker': 'IWM', 'mode': 'binary', 'thr': 150, 'window': '10Y', 'order': 3, 'rows': 8}
2025-11-12 11:25:43,154 INFO [cli] {'ticker': 'IWM', 'mode': 'binary', 'thr': 150, 'window': '10Y', 'order': 4, 'rows': 15}
2025-11-12 11:25:43,164 INFO [cli] {'ticker': 'IWM', 'mode': 'binary', 'thr': 150, 'window': '20Y', 'order': 1, 'rows': 2}
2025-11-12 11:25:43,176 INFO [cli] {'ticker': 'IWM', 'mode': 'binary', 'thr': 150, 'window': '20Y', 'order': 2, 'rows': 4}
2025-11-12 11:25:43,184 INFO [cli] {'ticker': 'IWM', 'mode': 'binary', 'thr': 150, 'window': '20Y', 'order': 3, 'rows': 8}
2025-11-12 11:25:43,192 INFO [cli] {'ticker': 'IWM', 'mode': 'binary', 'thr': 150, 'window': '20Y', 'order': 4, 'rows': 16}
2025-11-12 11:25:43,204 INFO [cli] {'ticker': 'IWM', 'mode': 'binary', 'thr': 150, 'window': 'MAX', 'order': 1, 'rows': 2}
2025-11-12 11:25:43,214 INFO [cli] {'ticker': 'IWM', 'mode': 'binary', 'thr': 150, 'window': 'MAX', 'order': 2, 'rows': 4}
2025-11-12 11:25:43,224 INFO [cli] {'ticker': 'IWM', 'mode': 'binary', 'thr': 150, 'window': 'MAX', 'order': 3, 'rows': 8}
2025-11-12 11:25:43,234 INFO [cli] {'ticker': 'IWM', 'mode': 'binary', 'thr': 150, 'window': 'MAX', 'order': 4, 'rows': 16}
2025-11-12 11:25:43,249 INFO [cli] {'ticker': 'IWM', 'mode': 'tri', 'thr': 0, 'window': '1Y', 'order': 1, 'rows': 2}
2025-11-12 11:25:43,257 INFO [cli] {'ticker': 'IWM', 'mode': 'tri', 'thr': 0, 'window': '1Y', 'order': 2, 'rows': 4}
2025-11-12 11:25:43,269 INFO [cli] {'ticker': 'IWM', 'mode': 'tri', 'thr': 0, 'window': '1Y', 'order': 3, 'rows': 8}
2025-11-12 11:25:43,277 INFO [cli] {'ticker': 'IWM', 'mode': 'tri', 'thr': 0, 'window': '1Y', 'order': 4, 'rows': 16}
2025-11-12 11:25:43,286 INFO [cli] {'ticker': 'IWM', 'mode': 'tri', 'thr': 0, 'window': '2Y', 'order': 1, 'rows': 2}
2025-11-12 11:25:43,294 INFO [cli] {'ticker': 'IWM', 'mode': 'tri', 'thr': 0, 'window': '2Y', 'order': 2, 'rows': 4}
2025-11-12 11:25:43,304 INFO [cli] {'ticker': 'IWM', 'mode': 'tri', 'thr': 0, 'window': '2Y', 'order': 3, 'rows': 8}
2025-11-12 11:25:43,312 INFO [cli] {'ticker': 'IWM', 'mode': 'tri', 'thr': 0, 'window': '2Y', 'order': 4, 'rows': 16}
2025-11-12 11:25:43,323 INFO [cli] {'ticker': 'IWM', 'mode': 'tri', 'thr': 0, 'window': '5Y', 'order': 1, 'rows': 2}
2025-11-12 11:25:43,335 INFO [cli] {'ticker': 'IWM', 'mode': 'tri', 'thr': 0, 'window': '5Y', 'order': 2, 'rows': 4}
2025-11-12 11:25:43,345 INFO [cli] {'ticker': 'IWM', 'mode': 'tri', 'thr': 0, 'window': '5Y', 'order': 3, 'rows': 8}
2025-11-12 11:25:43,354 INFO [cli] {'ticker': 'IWM', 'mode': 'tri', 'thr': 0, 'window': '5Y', 'order': 4, 'rows': 16}
2025-11-12 11:25:43,364 INFO [cli] {'ticker': 'IWM', 'mode': 'tri', 'thr': 0, 'window': '10Y', 'order': 1, 'rows': 3}
2025-11-12 11:25:43,377 INFO [cli] {'ticker': 'IWM', 'mode': 'tri', 'thr': 0, 'window': '10Y', 'order': 2, 'rows': 8}
2025-11-12 11:25:43,388 INFO [cli] {'ticker': 'IWM', 'mode': 'tri', 'thr': 0, 'window': '10Y', 'order': 3, 'rows': 19}
2025-11-12 11:25:43,398 INFO [cli] {'ticker': 'IWM', 'mode': 'tri', 'thr': 0, 'window': '10Y', 'order': 4, 'rows': 34}
2025-11-12 11:25:43,409 INFO [cli] {'ticker': 'IWM', 'mode': 'tri', 'thr': 0, 'window': '20Y', 'order': 1, 'rows': 3}
2025-11-12 11:25:43,416 INFO [cli] {'ticker': 'IWM', 'mode': 'tri', 'thr': 0, 'window': '20Y', 'order': 2, 'rows': 8}
2025-11-12 11:25:43,427 INFO [cli] {'ticker': 'IWM', 'mode': 'tri', 'thr': 0, 'window': '20Y', 'order': 3, 'rows': 19}
2025-11-12 11:25:43,437 INFO [cli] {'ticker': 'IWM', 'mode': 'tri', 'thr': 0, 'window': '20Y', 'order': 4, 'rows': 40}
2025-11-12 11:25:43,444 INFO [cli] {'ticker': 'IWM', 'mode': 'tri', 'thr': 0, 'window': 'MAX', 'order': 1, 'rows': 3}
2025-11-12 11:25:43,454 INFO [cli] {'ticker': 'IWM', 'mode': 'tri', 'thr': 0, 'window': 'MAX', 'order': 2, 'rows': 8}
2025-11-12 11:25:43,462 INFO [cli] {'ticker': 'IWM', 'mode': 'tri', 'thr': 0, 'window': 'MAX', 'order': 3, 'rows': 20}
2025-11-12 11:25:43,471 INFO [cli] {'ticker': 'IWM', 'mode': 'tri', 'thr': 0, 'window': 'MAX', 'order': 4, 'rows': 47}
2025-11-12 11:25:43,487 INFO [cli] {'ticker': 'IWM', 'mode': 'tri', 'thr': 5, 'window': '1Y', 'order': 1, 'rows': 3}
2025-11-12 11:25:43,496 INFO [cli] {'ticker': 'IWM', 'mode': 'tri', 'thr': 5, 'window': '1Y', 'order': 2, 'rows': 8}
2025-11-12 11:25:43,505 INFO [cli] {'ticker': 'IWM', 'mode': 'tri', 'thr': 5, 'window': '1Y', 'order': 3, 'rows': 20}
2025-11-12 11:25:43,515 INFO [cli] {'ticker': 'IWM', 'mode': 'tri', 'thr': 5, 'window': '1Y', 'order': 4, 'rows': 41}
2025-11-12 11:25:43,523 INFO [cli] {'ticker': 'IWM', 'mode': 'tri', 'thr': 5, 'window': '2Y', 'order': 1, 'rows': 3}
2025-11-12 11:25:43,533 INFO [cli] {'ticker': 'IWM', 'mode': 'tri', 'thr': 5, 'window': '2Y', 'order': 2, 'rows': 8}
2025-11-12 11:25:43,543 INFO [cli] {'ticker': 'IWM', 'mode': 'tri', 'thr': 5, 'window': '2Y', 'order': 3, 'rows': 20}
2025-11-12 11:25:43,552 INFO [cli] {'ticker': 'IWM', 'mode': 'tri', 'thr': 5, 'window': '2Y', 'order': 4, 'rows': 44}
2025-11-12 11:25:43,561 INFO [cli] {'ticker': 'IWM', 'mode': 'tri', 'thr': 5, 'window': '5Y', 'order': 1, 'rows': 3}
2025-11-12 11:25:43,571 INFO [cli] {'ticker': 'IWM', 'mode': 'tri', 'thr': 5, 'window': '5Y', 'order': 2, 'rows': 8}
2025-11-12 11:25:43,587 INFO [cli] {'ticker': 'IWM', 'mode': 'tri', 'thr': 5, 'window': '5Y', 'order': 3, 'rows': 20}
2025-11-12 11:25:43,597 INFO [cli] {'ticker': 'IWM', 'mode': 'tri', 'thr': 5, 'window': '5Y', 'order': 4, 'rows': 48}
2025-11-12 11:25:43,604 INFO [cli] {'ticker': 'IWM', 'mode': 'tri', 'thr': 5, 'window': '10Y', 'order': 1, 'rows': 3}
2025-11-12 11:25:43,615 INFO [cli] {'ticker': 'IWM', 'mode': 'tri', 'thr': 5, 'window': '10Y', 'order': 2, 'rows': 8}
2025-11-12 11:25:43,624 INFO [cli] {'ticker': 'IWM', 'mode': 'tri', 'thr': 5, 'window': '10Y', 'order': 3, 'rows': 22}
2025-11-12 11:25:43,634 INFO [cli] {'ticker': 'IWM', 'mode': 'tri', 'thr': 5, 'window': '10Y', 'order': 4, 'rows': 53}
2025-11-12 11:25:43,644 INFO [cli] {'ticker': 'IWM', 'mode': 'tri', 'thr': 5, 'window': '20Y', 'order': 1, 'rows': 3}
2025-11-12 11:25:43,654 INFO [cli] {'ticker': 'IWM', 'mode': 'tri', 'thr': 5, 'window': '20Y', 'order': 2, 'rows': 9}
2025-11-12 11:25:43,665 INFO [cli] {'ticker': 'IWM', 'mode': 'tri', 'thr': 5, 'window': '20Y', 'order': 3, 'rows': 24}
2025-11-12 11:25:43,675 INFO [cli] {'ticker': 'IWM', 'mode': 'tri', 'thr': 5, 'window': '20Y', 'order': 4, 'rows': 58}
2025-11-12 11:25:43,684 INFO [cli] {'ticker': 'IWM', 'mode': 'tri', 'thr': 5, 'window': 'MAX', 'order': 1, 'rows': 3}
2025-11-12 11:25:43,695 INFO [cli] {'ticker': 'IWM', 'mode': 'tri', 'thr': 5, 'window': 'MAX', 'order': 2, 'rows': 9}
2025-11-12 11:25:43,704 INFO [cli] {'ticker': 'IWM', 'mode': 'tri', 'thr': 5, 'window': 'MAX', 'order': 3, 'rows': 24}
2025-11-12 11:25:43,715 INFO [cli] {'ticker': 'IWM', 'mode': 'tri', 'thr': 5, 'window': 'MAX', 'order': 4, 'rows': 58}
2025-11-12 11:25:43,732 INFO [cli] {'ticker': 'IWM', 'mode': 'tri', 'thr': 10, 'window': '1Y', 'order': 1, 'rows': 3}
2025-11-12 11:25:43,744 INFO [cli] {'ticker': 'IWM', 'mode': 'tri', 'thr': 10, 'window': '1Y', 'order': 2, 'rows': 8}
2025-11-12 11:25:43,756 INFO [cli] {'ticker': 'IWM', 'mode': 'tri', 'thr': 10, 'window': '1Y', 'order': 3, 'rows': 22}
2025-11-12 11:25:43,766 INFO [cli] {'ticker': 'IWM', 'mode': 'tri', 'thr': 10, 'window': '1Y', 'order': 4, 'rows': 47}
2025-11-12 11:25:43,777 INFO [cli] {'ticker': 'IWM', 'mode': 'tri', 'thr': 10, 'window': '2Y', 'order': 1, 'rows': 3}
2025-11-12 11:25:43,788 INFO [cli] {'ticker': 'IWM', 'mode': 'tri', 'thr': 10, 'window': '2Y', 'order': 2, 'rows': 8}
2025-11-12 11:25:43,797 INFO [cli] {'ticker': 'IWM', 'mode': 'tri', 'thr': 10, 'window': '2Y', 'order': 3, 'rows': 22}
2025-11-12 11:25:43,806 INFO [cli] {'ticker': 'IWM', 'mode': 'tri', 'thr': 10, 'window': '2Y', 'order': 4, 'rows': 52}
2025-11-12 11:25:43,815 INFO [cli] {'ticker': 'IWM', 'mode': 'tri', 'thr': 10, 'window': '5Y', 'order': 1, 'rows': 3}
2025-11-12 11:25:43,824 INFO [cli] {'ticker': 'IWM', 'mode': 'tri', 'thr': 10, 'window': '5Y', 'order': 2, 'rows': 9}
2025-11-12 11:25:43,833 INFO [cli] {'ticker': 'IWM', 'mode': 'tri', 'thr': 10, 'window': '5Y', 'order': 3, 'rows': 25}
2025-11-12 11:25:43,844 INFO [cli] {'ticker': 'IWM', 'mode': 'tri', 'thr': 10, 'window': '5Y', 'order': 4, 'rows': 62}
2025-11-12 11:25:43,855 INFO [cli] {'ticker': 'IWM', 'mode': 'tri', 'thr': 10, 'window': '10Y', 'order': 1, 'rows': 3}
2025-11-12 11:25:43,866 INFO [cli] {'ticker': 'IWM', 'mode': 'tri', 'thr': 10, 'window': '10Y', 'order': 2, 'rows': 9}

{'ticker': 'IWM', 'mode': 'binary', 'thr': 125, 'window': '20Y', 'order': 1, 'rows': 2}
{'ticker': 'IWM', 'mode': 'binary', 'thr': 125, 'window': '20Y', 'order': 2, 'rows': 4}
{'ticker': 'IWM', 'mode': 'binary', 'thr': 125, 'window': '20Y', 'order': 3, 'rows': 8}
{'ticker': 'IWM', 'mode': 'binary', 'thr': 125, 'window': '20Y', 'order': 4, 'rows': 16}
{'ticker': 'IWM', 'mode': 'binary', 'thr': 125, 'window': 'MAX', 'order': 1, 'rows': 2}
{'ticker': 'IWM', 'mode': 'binary', 'thr': 125, 'window': 'MAX', 'order': 2, 'rows': 4}
{'ticker': 'IWM', 'mode': 'binary', 'thr': 125, 'window': 'MAX', 'order': 3, 'rows': 8}
{'ticker': 'IWM', 'mode': 'binary', 'thr': 125, 'window': 'MAX', 'order': 4, 'rows': 16}
{'ticker': 'IWM', 'mode': 'binary', 'thr': 130, 'window': '1Y', 'order': 1, 'rows': 2}
{'ticker': 'IWM', 'mode': 'binary', 'thr': 130, 'window': '1Y', 'order': 2, 'rows': 4}
{'ticker': 'IWM', 'mode': 'binary', 'thr': 130, 'window': '1Y', 'order': 3, 'rows': 8}
{'ticker': 'IWM', 'mode': 'binary', 'thr': 130, 'window': '1Y', 'order': 4, 'rows': 13}
{'ticker': 'IWM', 'mode': 'binary', 'thr': 130, 'window': '2Y', 'order': 1, 'rows': 2}
{'ticker': 'IWM', 'mode': 'binary', 'thr': 130, 'window': '2Y', 'order': 2, 'rows': 4}
{'ticker': 'IWM', 'mode': 'binary', 'thr': 130, 'window': '2Y', 'order': 3, 'rows': 8}
{'ticker': 'IWM', 'mode': 'binary', 'thr': 130, 'window': '2Y', 'order': 4, 'rows': 15}
{'ticker': 'IWM', 'mode': 'binary', 'thr': 130, 'window': '5Y', 'order': 1, 'rows': 2}
{'ticker': 'IWM', 'mode': 'binary', 'thr': 130, 'window': '5Y', 'order': 2, 'rows': 4}
{'ticker': 'IWM', 'mode': 'binary', 'thr': 130, 'window': '5Y', 'order': 3, 'rows': 8}
{'ticker': 'IWM', 'mode': 'binary', 'thr': 130, 'window': '5Y', 'order': 4, 'rows': 15}
{'ticker': 'IWM', 'mode': 'binary', 'thr': 130, 'window': '10Y', 'order': 1, 'rows': 2}
{'ticker': 'IWM', 'mode': 'binary', 'thr': 130, 'window': '10Y', 'order': 2, 'rows': 4}
{'ticker': 'IWM', 'mode': 'binary', 'thr': 130, 'window': '10Y', 'order': 3, 'rows': 8}
{'ticker': 'IWM', 'mode': 'binary', 'thr': 130, 'window': '10Y', 'order': 4, 'rows': 16}
{'ticker': 'IWM', 'mode': 'binary', 'thr': 130, 'window': '20Y', 'order': 1, 'rows': 2}
{'ticker': 'IWM', 'mode': 'binary', 'thr': 130, 'window': '20Y', 'order': 2, 'rows': 4}
{'ticker': 'IWM', 'mode': 'binary', 'thr': 130, 'window': '20Y', 'order': 3, 'rows': 8}
{'ticker': 'IWM', 'mode': 'binary', 'thr': 130, 'window': '20Y', 'order': 4, 'rows': 16}
{'ticker': 'IWM', 'mode': 'binary', 'thr': 130, 'window': 'MAX', 'order': 1, 'rows': 2}
{'ticker': 'IWM', 'mode': 'binary', 'thr': 130, 'window': 'MAX', 'order': 2, 'rows': 4}
{'ticker': 'IWM', 'mode': 'binary', 'thr': 130, 'window': 'MAX', 'order': 3, 'rows': 8}
{'ticker': 'IWM', 'mode': 'binary', 'thr': 130, 'window': 'MAX', 'order': 4, 'rows': 16}
{'ticker': 'IWM', 'mode': 'binary', 'thr': 135, 'window': '1Y', 'order': 1, 'rows': 2}
{'ticker': 'IWM', 'mode': 'binary', 'thr': 135, 'window': '1Y', 'order': 2, 'rows': 4}
{'ticker': 'IWM', 'mode': 'binary', 'thr': 135, 'window': '1Y', 'order': 3, 'rows': 8}
{'ticker': 'IWM', 'mode': 'binary', 'thr': 135, 'window': '1Y', 'order': 4, 'rows': 13}
{'ticker': 'IWM', 'mode': 'binary', 'thr': 135, 'window': '2Y', 'order': 1, 'rows': 2}
{'ticker': 'IWM', 'mode': 'binary', 'thr': 135, 'window': '2Y', 'order': 2, 'rows': 4}
{'ticker': 'IWM', 'mode': 'binary', 'thr': 135, 'window': '2Y', 'order': 3, 'rows': 8}
{'ticker': 'IWM', 'mode': 'binary', 'thr': 135, 'window': '2Y', 'order': 4, 'rows': 15}
{'ticker': 'IWM', 'mode': 'binary', 'thr': 135, 'window': '5Y', 'order': 1, 'rows': 2}
{'ticker': 'IWM', 'mode': 'binary', 'thr': 135, 'window': '5Y', 'order': 2, 'rows': 4}
{'ticker': 'IWM', 'mode': 'binary', 'thr': 135, 'window': '5Y', 'order': 3, 'rows': 8}
{'ticker': 'IWM', 'mode': 'binary', 'thr': 135, 'window': '5Y', 'order': 4, 'rows': 15}
{'ticker': 'IWM', 'mode': 'binary', 'thr': 135, 'window': '10Y', 'order': 1, 'rows': 2}
{'ticker': 'IWM', 'mode': 'binary', 'thr': 135, 'window': '10Y', 'order': 2, 'rows': 4}
{'ticker': 'IWM', 'mode': 'binary', 'thr': 135, 'window': '10Y', 'order': 3, 'rows': 8}
{'ticker': 'IWM', 'mode': 'binary', 'thr': 135, 'window': '10Y', 'order': 4, 'rows': 16}
{'ticker': 'IWM', 'mode': 'binary', 'thr': 135, 'window': '20Y', 'order': 1, 'rows': 2}
{'ticker': 'IWM', 'mode': 'binary', 'thr': 135, 'window': '20Y', 'order': 2, 'rows': 4}
{'ticker': 'IWM', 'mode': 'binary', 'thr': 135, 'window': '20Y', 'order': 3, 'rows': 8}
{'ticker': 'IWM', 'mode': 'binary', 'thr': 135, 'window': '20Y', 'order': 4, 'rows': 16}
{'ticker': 'IWM', 'mode': 'binary', 'thr': 135, 'window': 'MAX', 'order': 1, 'rows': 2}
{'ticker': 'IWM', 'mode': 'binary', 'thr': 135, 'window': 'MAX', 'order': 2, 'rows': 4}
{'ticker': 'IWM', 'mode': 'binary', 'thr': 135, 'window': 'MAX', 'order': 3, 'rows': 8}
{'ticker': 'IWM', 'mode': 'binary', 'thr': 135, 'window': 'MAX', 'order': 4, 'rows': 16}
{'ticker': 'IWM', 'mode': 'binary', 'thr': 140, 'window': '1Y', 'order': 1, 'rows': 2}
{'ticker': 'IWM', 'mode': 'binary', 'thr': 140, 'window': '1Y', 'order': 2, 'rows': 4}
{'ticker': 'IWM', 'mode': 'binary', 'thr': 140, 'window': '1Y', 'order': 3, 'rows': 8}
{'ticker': 'IWM', 'mode': 'binary', 'thr': 140, 'window': '1Y', 'order': 4, 'rows': 13}
{'ticker': 'IWM', 'mode': 'binary', 'thr': 140, 'window': '2Y', 'order': 1, 'rows': 2}
{'ticker': 'IWM', 'mode': 'binary', 'thr': 140, 'window': '2Y', 'order': 2, 'rows': 4}
{'ticker': 'IWM', 'mode': 'binary', 'thr': 140, 'window': '2Y', 'order': 3, 'rows': 8}
{'ticker': 'IWM', 'mode': 'binary', 'thr': 140, 'window': '2Y', 'order': 4, 'rows': 15}
{'ticker': 'IWM', 'mode': 'binary', 'thr': 140, 'window': '5Y', 'order': 1, 'rows': 2}
{'ticker': 'IWM', 'mode': 'binary', 'thr': 140, 'window': '5Y', 'order': 2, 'rows': 4}
{'ticker': 'IWM', 'mode': 'binary', 'thr': 140, 'window': '5Y', 'order': 3, 'rows': 8}
{'ticker': 'IWM', 'mode': 'binary', 'thr': 140, 'window': '5Y', 'order': 4, 'rows': 15}
{'ticker': 'IWM', 'mode': 'binary', 'thr': 140, 'window': '10Y', 'order': 1, 'rows': 2}
{'ticker': 'IWM', 'mode': 'binary', 'thr': 140, 'window': '10Y', 'order': 2, 'rows': 4}
{'ticker': 'IWM', 'mode': 'binary', 'thr': 140, 'window': '10Y', 'order': 3, 'rows': 8}
{'ticker': 'IWM', 'mode': 'binary', 'thr': 140, 'window': '10Y', 'order': 4, 'rows': 16}
{'ticker': 'IWM', 'mode': 'binary', 'thr': 140, 'window': '20Y', 'order': 1, 'rows': 2}
{'ticker': 'IWM', 'mode': 'binary', 'thr': 140, 'window': '20Y', 'order': 2, 'rows': 4}
{'ticker': 'IWM', 'mode': 'binary', 'thr': 140, 'window': '20Y', 'order': 3, 'rows': 8}
{'ticker': 'IWM', 'mode': 'binary', 'thr': 140, 'window': '20Y', 'order': 4, 'rows': 16}
{'ticker': 'IWM', 'mode': 'binary', 'thr': 140, 'window': 'MAX', 'order': 1, 'rows': 2}
{'ticker': 'IWM', 'mode': 'binary', 'thr': 140, 'window': 'MAX', 'order': 2, 'rows': 4}
{'ticker': 'IWM', 'mode': 'binary', 'thr': 140, 'window': 'MAX', 'order': 3, 'rows': 8}
{'ticker': 'IWM', 'mode': 'binary', 'thr': 140, 'window': 'MAX', 'order': 4, 'rows': 16}
{'ticker': 'IWM', 'mode': 'binary', 'thr': 145, 'window': '1Y', 'order': 1, 'rows': 2}
{'ticker': 'IWM', 'mode': 'binary', 'thr': 145, 'window': '1Y', 'order': 2, 'rows': 4}
{'ticker': 'IWM', 'mode': 'binary', 'thr': 145, 'window': '1Y', 'order': 3, 'rows': 8}
{'ticker': 'IWM', 'mode': 'binary', 'thr': 145, 'window': '1Y', 'order': 4, 'rows': 13}
{'ticker': 'IWM', 'mode': 'binary', 'thr': 145, 'window': '2Y', 'order': 1, 'rows': 2}
{'ticker': 'IWM', 'mode': 'binary', 'thr': 145, 'window': '2Y', 'order': 2, 'rows': 4}
{'ticker': 'IWM', 'mode': 'binary', 'thr': 145, 'window': '2Y', 'order': 3, 'rows': 8}
{'ticker': 'IWM', 'mode': 'binary', 'thr': 145, 'window': '2Y', 'order': 4, 'rows': 15}
{'ticker': 'IWM', 'mode': 'binary', 'thr': 145, 'window': '5Y', 'order': 1, 'rows': 2}
{'ticker': 'IWM', 'mode': 'binary', 'thr': 145, 'window': '5Y', 'order': 2, 'rows': 4}
{'ticker': 'IWM', 'mode': 'binary', 'thr': 145, 'window': '5Y', 'order': 3, 'rows': 8}
{'ticker': 'IWM', 'mode': 'binary', 'thr': 145, 'window': '5Y', 'order': 4, 'rows': 15}
{'ticker': 'IWM', 'mode': 'binary', 'thr': 145, 'window': '10Y', 'order': 1, 'rows': 2}
{'ticker': 'IWM', 'mode': 'binary', 'thr': 145, 'window': '10Y', 'order': 2, 'rows': 4}2025-11-12 11:25:43,876 INFO [cli] {'ticker': 'IWM', 'mode': 'tri', 'thr': 10, 'window': '10Y', 'order': 3, 'rows': 27}
2025-11-12 11:25:43,884 INFO [cli] {'ticker': 'IWM', 'mode': 'tri', 'thr': 10, 'window': '10Y', 'order': 4, 'rows': 75}
2025-11-12 11:25:43,896 INFO [cli] {'ticker': 'IWM', 'mode': 'tri', 'thr': 10, 'window': '20Y', 'order': 1, 'rows': 3}
2025-11-12 11:25:43,906 INFO [cli] {'ticker': 'IWM', 'mode': 'tri', 'thr': 10, 'window': '20Y', 'order': 2, 'rows': 9}
2025-11-12 11:25:43,915 INFO [cli] {'ticker': 'IWM', 'mode': 'tri', 'thr': 10, 'window': '20Y', 'order': 3, 'rows': 27}
2025-11-12 11:25:43,924 INFO [cli] {'ticker': 'IWM', 'mode': 'tri', 'thr': 10, 'window': '20Y', 'order': 4, 'rows': 78}
2025-11-12 11:25:43,937 INFO [cli] {'ticker': 'IWM', 'mode': 'tri', 'thr': 10, 'window': 'MAX', 'order': 1, 'rows': 3}
2025-11-12 11:25:43,949 INFO [cli] {'ticker': 'IWM', 'mode': 'tri', 'thr': 10, 'window': 'MAX', 'order': 2, 'rows': 9}
2025-11-12 11:25:43,959 INFO [cli] {'ticker': 'IWM', 'mode': 'tri', 'thr': 10, 'window': 'MAX', 'order': 3, 'rows': 27}
2025-11-12 11:25:43,969 INFO [cli] {'ticker': 'IWM', 'mode': 'tri', 'thr': 10, 'window': 'MAX', 'order': 4, 'rows': 78}
2025-11-12 11:25:43,985 INFO [cli] {'ticker': 'IWM', 'mode': 'tri', 'thr': 15, 'window': '1Y', 'order': 1, 'rows': 3}
2025-11-12 11:25:43,995 INFO [cli] {'ticker': 'IWM', 'mode': 'tri', 'thr': 15, 'window': '1Y', 'order': 2, 'rows': 9}
2025-11-12 11:25:44,003 INFO [cli] {'ticker': 'IWM', 'mode': 'tri', 'thr': 15, 'window': '1Y', 'order': 3, 'rows': 25}
2025-11-12 11:25:44,022 INFO [cli] {'ticker': 'IWM', 'mode': 'tri', 'thr': 15, 'window': '1Y', 'order': 4, 'rows': 57}
2025-11-12 11:25:44,033 INFO [cli] {'ticker': 'IWM', 'mode': 'tri', 'thr': 15, 'window': '2Y', 'order': 1, 'rows': 3}
2025-11-12 11:25:44,043 INFO [cli] {'ticker': 'IWM', 'mode': 'tri', 'thr': 15, 'window': '2Y', 'order': 2, 'rows': 9}
2025-11-12 11:25:44,053 INFO [cli] {'ticker': 'IWM', 'mode': 'tri', 'thr': 15, 'window': '2Y', 'order': 3, 'rows': 25}
2025-11-12 11:25:44,062 INFO [cli] {'ticker': 'IWM', 'mode': 'tri', 'thr': 15, 'window': '2Y', 'order': 4, 'rows': 62}
2025-11-12 11:25:44,071 INFO [cli] {'ticker': 'IWM', 'mode': 'tri', 'thr': 15, 'window': '5Y', 'order': 1, 'rows': 3}
2025-11-12 11:25:44,080 INFO [cli] {'ticker': 'IWM', 'mode': 'tri', 'thr': 15, 'window': '5Y', 'order': 2, 'rows': 9}
2025-11-12 11:25:44,090 INFO [cli] {'ticker': 'IWM', 'mode': 'tri', 'thr': 15, 'window': '5Y', 'order': 3, 'rows': 26}
2025-11-12 11:25:44,098 INFO [cli] {'ticker': 'IWM', 'mode': 'tri', 'thr': 15, 'window': '5Y', 'order': 4, 'rows': 74}
2025-11-12 11:25:44,108 INFO [cli] {'ticker': 'IWM', 'mode': 'tri', 'thr': 15, 'window': '10Y', 'order': 1, 'rows': 3}
2025-11-12 11:25:44,115 INFO [cli] {'ticker': 'IWM', 'mode': 'tri', 'thr': 15, 'window': '10Y', 'order': 2, 'rows': 9}
2025-11-12 11:25:44,124 INFO [cli] {'ticker': 'IWM', 'mode': 'tri', 'thr': 15, 'window': '10Y', 'order': 3, 'rows': 27}
2025-11-12 11:25:44,136 INFO [cli] {'ticker': 'IWM', 'mode': 'tri', 'thr': 15, 'window': '10Y', 'order': 4, 'rows': 79}
2025-11-12 11:25:44,146 INFO [cli] {'ticker': 'IWM', 'mode': 'tri', 'thr': 15, 'window': '20Y', 'order': 1, 'rows': 3}
2025-11-12 11:25:44,156 INFO [cli] {'ticker': 'IWM', 'mode': 'tri', 'thr': 15, 'window': '20Y', 'order': 2, 'rows': 9}
2025-11-12 11:25:44,166 INFO [cli] {'ticker': 'IWM', 'mode': 'tri', 'thr': 15, 'window': '20Y', 'order': 3, 'rows': 27}
2025-11-12 11:25:44,176 INFO [cli] {'ticker': 'IWM', 'mode': 'tri', 'thr': 15, 'window': '20Y', 'order': 4, 'rows': 80}
2025-11-12 11:25:44,185 INFO [cli] {'ticker': 'IWM', 'mode': 'tri', 'thr': 15, 'window': 'MAX', 'order': 1, 'rows': 3}
2025-11-12 11:25:44,194 INFO [cli] {'ticker': 'IWM', 'mode': 'tri', 'thr': 15, 'window': 'MAX', 'order': 2, 'rows': 9}
2025-11-12 11:25:44,202 INFO [cli] {'ticker': 'IWM', 'mode': 'tri', 'thr': 15, 'window': 'MAX', 'order': 3, 'rows': 27}
2025-11-12 11:25:44,212 INFO [cli] {'ticker': 'IWM', 'mode': 'tri', 'thr': 15, 'window': 'MAX', 'order': 4, 'rows': 80}
2025-11-12 11:25:44,228 INFO [cli] {'ticker': 'IWM', 'mode': 'tri', 'thr': 20, 'window': '1Y', 'order': 1, 'rows': 3}
2025-11-12 11:25:44,238 INFO [cli] {'ticker': 'IWM', 'mode': 'tri', 'thr': 20, 'window': '1Y', 'order': 2, 'rows': 9}
2025-11-12 11:25:44,249 INFO [cli] {'ticker': 'IWM', 'mode': 'tri', 'thr': 20, 'window': '1Y', 'order': 3, 'rows': 26}
2025-11-12 11:25:44,258 INFO [cli] {'ticker': 'IWM', 'mode': 'tri', 'thr': 20, 'window': '1Y', 'order': 4, 'rows': 62}
2025-11-12 11:25:44,267 INFO [cli] {'ticker': 'IWM', 'mode': 'tri', 'thr': 20, 'window': '2Y', 'order': 1, 'rows': 3}
2025-11-12 11:25:44,279 INFO [cli] {'ticker': 'IWM', 'mode': 'tri', 'thr': 20, 'window': '2Y', 'order': 2, 'rows': 9}
2025-11-12 11:25:44,287 INFO [cli] {'ticker': 'IWM', 'mode': 'tri', 'thr': 20, 'window': '2Y', 'order': 3, 'rows': 26}
2025-11-12 11:25:44,296 INFO [cli] {'ticker': 'IWM', 'mode': 'tri', 'thr': 20, 'window': '2Y', 'order': 4, 'rows': 68}
2025-11-12 11:25:44,306 INFO [cli] {'ticker': 'IWM', 'mode': 'tri', 'thr': 20, 'window': '5Y', 'order': 1, 'rows': 3}
2025-11-12 11:25:44,315 INFO [cli] {'ticker': 'IWM', 'mode': 'tri', 'thr': 20, 'window': '5Y', 'order': 2, 'rows': 9}
2025-11-12 11:25:44,325 INFO [cli] {'ticker': 'IWM', 'mode': 'tri', 'thr': 20, 'window': '5Y', 'order': 3, 'rows': 26}
2025-11-12 11:25:44,338 INFO [cli] {'ticker': 'IWM', 'mode': 'tri', 'thr': 20, 'window': '5Y', 'order': 4, 'rows': 76}
2025-11-12 11:25:44,346 INFO [cli] {'ticker': 'IWM', 'mode': 'tri', 'thr': 20, 'window': '10Y', 'order': 1, 'rows': 3}
2025-11-12 11:25:44,355 INFO [cli] {'ticker': 'IWM', 'mode': 'tri', 'thr': 20, 'window': '10Y', 'order': 2, 'rows': 9}
2025-11-12 11:25:44,364 INFO [cli] {'ticker': 'IWM', 'mode': 'tri', 'thr': 20, 'window': '10Y', 'order': 3, 'rows': 27}
2025-11-12 11:25:44,372 INFO [cli] {'ticker': 'IWM', 'mode': 'tri', 'thr': 20, 'window': '10Y', 'order': 4, 'rows': 81}
2025-11-12 11:25:44,381 INFO [cli] {'ticker': 'IWM', 'mode': 'tri', 'thr': 20, 'window': '20Y', 'order': 1, 'rows': 3}
2025-11-12 11:25:44,390 INFO [cli] {'ticker': 'IWM', 'mode': 'tri', 'thr': 20, 'window': '20Y', 'order': 2, 'rows': 9}
2025-11-12 11:25:44,399 INFO [cli] {'ticker': 'IWM', 'mode': 'tri', 'thr': 20, 'window': '20Y', 'order': 3, 'rows': 27}
2025-11-12 11:25:44,407 INFO [cli] {'ticker': 'IWM', 'mode': 'tri', 'thr': 20, 'window': '20Y', 'order': 4, 'rows': 81}
2025-11-12 11:25:44,417 INFO [cli] {'ticker': 'IWM', 'mode': 'tri', 'thr': 20, 'window': 'MAX', 'order': 1, 'rows': 3}
2025-11-12 11:25:44,427 INFO [cli] {'ticker': 'IWM', 'mode': 'tri', 'thr': 20, 'window': 'MAX', 'order': 2, 'rows': 9}
2025-11-12 11:25:44,435 INFO [cli] {'ticker': 'IWM', 'mode': 'tri', 'thr': 20, 'window': 'MAX', 'order': 3, 'rows': 27}
2025-11-12 11:25:44,443 INFO [cli] {'ticker': 'IWM', 'mode': 'tri', 'thr': 20, 'window': 'MAX', 'order': 4, 'rows': 81}
2025-11-12 11:25:44,458 INFO [cli] {'ticker': 'IWM', 'mode': 'tri', 'thr': 25, 'window': '1Y', 'order': 1, 'rows': 3}
2025-11-12 11:25:44,470 INFO [cli] {'ticker': 'IWM', 'mode': 'tri', 'thr': 25, 'window': '1Y', 'order': 2, 'rows': 9}
2025-11-12 11:25:44,478 INFO [cli] {'ticker': 'IWM', 'mode': 'tri', 'thr': 25, 'window': '1Y', 'order': 3, 'rows': 27}
2025-11-12 11:25:44,485 INFO [cli] {'ticker': 'IWM', 'mode': 'tri', 'thr': 25, 'window': '1Y', 'order': 4, 'rows': 68}
2025-11-12 11:25:44,494 INFO [cli] {'ticker': 'IWM', 'mode': 'tri', 'thr': 25, 'window': '2Y', 'order': 1, 'rows': 3}
2025-11-12 11:25:44,505 INFO [cli] {'ticker': 'IWM', 'mode': 'tri', 'thr': 25, 'window': '2Y', 'order': 2, 'rows': 9}
2025-11-12 11:25:44,515 INFO [cli] {'ticker': 'IWM', 'mode': 'tri', 'thr': 25, 'window': '2Y', 'order': 3, 'rows': 27}
2025-11-12 11:25:44,523 INFO [cli] {'ticker': 'IWM', 'mode': 'tri', 'thr': 25, 'window': '2Y', 'order': 4, 'rows': 76}
2025-11-12 11:25:44,532 INFO [cli] {'ticker': 'IWM', 'mode': 'tri', 'thr': 25, 'window': '5Y', 'order': 1, 'rows': 3}
2025-11-12 11:25:44,539 INFO [cli] {'ticker': 'IWM', 'mode': 'tri', 'thr': 25, 'window': '5Y', 'order': 2, 'rows': 9}
2025-11-12 11:25:44,553 INFO [cli] {'ticker': 'IWM', 'mode': 'tri', 'thr': 25, 'window': '5Y', 'order': 3, 'rows': 27}
2025-11-12 11:25:44,563 INFO [cli] {'ticker': 'IWM', 'mode': 'tri', 'thr': 25, 'window': '5Y', 'order': 4, 'rows': 79}
2025-11-12 11:25:44,573 INFO [cli] {'ticker': 'IWM', 'mode': 'tri', 'thr': 25, 'window': '10Y', 'order': 1, 'rows': 3}
2025-11-12 11:25:44,582 INFO [cli] {'ticker': 'IWM', 'mode': 'tri', 'thr': 25, 'window': '10Y', 'order': 2, 'rows': 9}
2025-11-12 11:25:44,591 INFO [cli] {'ticker': 'IWM', 'mode': 'tri', 'thr': 25, 'window': '10Y', 'order': 3, 'rows': 27}
2025-11-12 11:25:44,601 INFO [cli] {'ticker': 'IWM', 'mode': 'tri', 'thr': 25, 'window': '10Y', 'order': 4, 'rows': 81}
2025-11-12 11:25:44,612 INFO [cli] {'ticker': 'IWM', 'mode': 'tri', 'thr': 25, 'window': '20Y', 'order': 1, 'rows': 3}
2025-11-12 11:25:44,621 INFO [cli] {'ticker': 'IWM', 'mode': 'tri', 'thr': 25, 'window': '20Y', 'order': 2, 'rows': 9}
2025-11-12 11:25:44,630 INFO [cli] {'ticker': 'IWM', 'mode': 'tri', 'thr': 25, 'window': '20Y', 'order': 3, 'rows': 27}
2025-11-12 11:25:44,638 INFO [cli] {'ticker': 'IWM', 'mode': 'tri', 'thr': 25, 'window': '20Y', 'order': 4, 'rows': 81}
2025-11-12 11:25:44,648 INFO [cli] {'ticker': 'IWM', 'mode': 'tri', 'thr': 25, 'window': 'MAX', 'order': 1, 'rows': 3}
2025-11-12 11:25:44,656 INFO [cli] {'ticker': 'IWM', 'mode': 'tri', 'thr': 25, 'window': 'MAX', 'order': 2, 'rows': 9}
2025-11-12 11:25:44,666 INFO [cli] {'ticker': 'IWM', 'mode': 'tri', 'thr': 25, 'window': 'MAX', 'order': 3, 'rows': 27}
2025-11-12 11:25:44,675 INFO [cli] {'ticker': 'IWM', 'mode': 'tri', 'thr': 25, 'window': 'MAX', 'order': 4, 'rows': 81}
2025-11-12 11:25:44,690 INFO [cli] {'ticker': 'IWM', 'mode': 'tri', 'thr': 30, 'window': '1Y', 'order': 1, 'rows': 3}
2025-11-12 11:25:44,699 INFO [cli] {'ticker': 'IWM', 'mode': 'tri', 'thr': 30, 'window': '1Y', 'order': 2, 'rows': 9}
2025-11-12 11:25:44,710 INFO [cli] {'ticker': 'IWM', 'mode': 'tri', 'thr': 30, 'window': '1Y', 'order': 3, 'rows': 27}
2025-11-12 11:25:44,721 INFO [cli] {'ticker': 'IWM', 'mode': 'tri', 'thr': 30, 'window': '1Y', 'order': 4, 'rows': 69}
2025-11-12 11:25:44,730 INFO [cli] {'ticker': 'IWM', 'mode': 'tri', 'thr': 30, 'window': '2Y', 'order': 1, 'rows': 3}
2025-11-12 11:25:44,738 INFO [cli] {'ticker': 'IWM', 'mode': 'tri', 'thr': 30, 'window': '2Y', 'order': 2, 'rows': 9}
2025-11-12 11:25:44,750 INFO [cli] {'ticker': 'IWM', 'mode': 'tri', 'thr': 30, 'window': '2Y', 'order': 3, 'rows': 27}
2025-11-12 11:25:44,759 INFO [cli] {'ticker': 'IWM', 'mode': 'tri', 'thr': 30, 'window': '2Y', 'order': 4, 'rows': 79}
2025-11-12 11:25:44,771 INFO [cli] {'ticker': 'IWM', 'mode': 'tri', 'thr': 30, 'window': '5Y', 'order': 1, 'rows': 3}
2025-11-12 11:25:44,779 INFO [cli] {'ticker': 'IWM', 'mode': 'tri', 'thr': 30, 'window': '5Y', 'order': 2, 'rows': 9}
2025-11-12 11:25:44,790 INFO [cli] {'ticker': 'IWM', 'mode': 'tri', 'thr': 30, 'window': '5Y', 'order': 3, 'rows': 27}
2025-11-12 11:25:44,798 INFO [cli] {'ticker': 'IWM', 'mode': 'tri', 'thr': 30, 'window': '5Y', 'order': 4, 'rows': 80}
2025-11-12 11:25:44,807 INFO [cli] {'ticker': 'IWM', 'mode': 'tri', 'thr': 30, 'window': '10Y', 'order': 1, 'rows': 3}
2025-11-12 11:25:44,820 INFO [cli] {'ticker': 'IWM', 'mode': 'tri', 'thr': 30, 'window': '10Y', 'order': 2, 'rows': 9}
2025-11-12 11:25:44,829 INFO [cli] {'ticker': 'IWM', 'mode': 'tri', 'thr': 30, 'window': '10Y', 'order': 3, 'rows': 27}
2025-11-12 11:25:44,839 INFO [cli] {'ticker': 'IWM', 'mode': 'tri', 'thr': 30, 'window': '10Y', 'order': 4, 'rows': 81}

{'ticker': 'IWM', 'mode': 'binary', 'thr': 145, 'window': '10Y', 'order': 3, 'rows': 8}
{'ticker': 'IWM', 'mode': 'binary', 'thr': 145, 'window': '10Y', 'order': 4, 'rows': 16}
{'ticker': 'IWM', 'mode': 'binary', 'thr': 145, 'window': '20Y', 'order': 1, 'rows': 2}
{'ticker': 'IWM', 'mode': 'binary', 'thr': 145, 'window': '20Y', 'order': 2, 'rows': 4}
{'ticker': 'IWM', 'mode': 'binary', 'thr': 145, 'window': '20Y', 'order': 3, 'rows': 8}
{'ticker': 'IWM', 'mode': 'binary', 'thr': 145, 'window': '20Y', 'order': 4, 'rows': 16}
{'ticker': 'IWM', 'mode': 'binary', 'thr': 145, 'window': 'MAX', 'order': 1, 'rows': 2}
{'ticker': 'IWM', 'mode': 'binary', 'thr': 145, 'window': 'MAX', 'order': 2, 'rows': 4}
{'ticker': 'IWM', 'mode': 'binary', 'thr': 145, 'window': 'MAX', 'order': 3, 'rows': 8}
{'ticker': 'IWM', 'mode': 'binary', 'thr': 145, 'window': 'MAX', 'order': 4, 'rows': 16}
{'ticker': 'IWM', 'mode': 'binary', 'thr': 150, 'window': '1Y', 'order': 1, 'rows': 2}
{'ticker': 'IWM', 'mode': 'binary', 'thr': 150, 'window': '1Y', 'order': 2, 'rows': 4}
{'ticker': 'IWM', 'mode': 'binary', 'thr': 150, 'window': '1Y', 'order': 3, 'rows': 8}
{'ticker': 'IWM', 'mode': 'binary', 'thr': 150, 'window': '1Y', 'order': 4, 'rows': 13}
{'ticker': 'IWM', 'mode': 'binary', 'thr': 150, 'window': '2Y', 'order': 1, 'rows': 2}
{'ticker': 'IWM', 'mode': 'binary', 'thr': 150, 'window': '2Y', 'order': 2, 'rows': 4}
{'ticker': 'IWM', 'mode': 'binary', 'thr': 150, 'window': '2Y', 'order': 3, 'rows': 8}
{'ticker': 'IWM', 'mode': 'binary', 'thr': 150, 'window': '2Y', 'order': 4, 'rows': 15}
{'ticker': 'IWM', 'mode': 'binary', 'thr': 150, 'window': '5Y', 'order': 1, 'rows': 2}
{'ticker': 'IWM', 'mode': 'binary', 'thr': 150, 'window': '5Y', 'order': 2, 'rows': 4}
{'ticker': 'IWM', 'mode': 'binary', 'thr': 150, 'window': '5Y', 'order': 3, 'rows': 8}
{'ticker': 'IWM', 'mode': 'binary', 'thr': 150, 'window': '5Y', 'order': 4, 'rows': 15}
{'ticker': 'IWM', 'mode': 'binary', 'thr': 150, 'window': '10Y', 'order': 1, 'rows': 2}
{'ticker': 'IWM', 'mode': 'binary', 'thr': 150, 'window': '10Y', 'order': 2, 'rows': 4}
{'ticker': 'IWM', 'mode': 'binary', 'thr': 150, 'window': '10Y', 'order': 3, 'rows': 8}
{'ticker': 'IWM', 'mode': 'binary', 'thr': 150, 'window': '10Y', 'order': 4, 'rows': 15}
{'ticker': 'IWM', 'mode': 'binary', 'thr': 150, 'window': '20Y', 'order': 1, 'rows': 2}
{'ticker': 'IWM', 'mode': 'binary', 'thr': 150, 'window': '20Y', 'order': 2, 'rows': 4}
{'ticker': 'IWM', 'mode': 'binary', 'thr': 150, 'window': '20Y', 'order': 3, 'rows': 8}
{'ticker': 'IWM', 'mode': 'binary', 'thr': 150, 'window': '20Y', 'order': 4, 'rows': 16}
{'ticker': 'IWM', 'mode': 'binary', 'thr': 150, 'window': 'MAX', 'order': 1, 'rows': 2}
{'ticker': 'IWM', 'mode': 'binary', 'thr': 150, 'window': 'MAX', 'order': 2, 'rows': 4}
{'ticker': 'IWM', 'mode': 'binary', 'thr': 150, 'window': 'MAX', 'order': 3, 'rows': 8}
{'ticker': 'IWM', 'mode': 'binary', 'thr': 150, 'window': 'MAX', 'order': 4, 'rows': 16}
{'ticker': 'IWM', 'mode': 'tri', 'thr': 0, 'window': '1Y', 'order': 1, 'rows': 2}
{'ticker': 'IWM', 'mode': 'tri', 'thr': 0, 'window': '1Y', 'order': 2, 'rows': 4}
{'ticker': 'IWM', 'mode': 'tri', 'thr': 0, 'window': '1Y', 'order': 3, 'rows': 8}
{'ticker': 'IWM', 'mode': 'tri', 'thr': 0, 'window': '1Y', 'order': 4, 'rows': 16}
{'ticker': 'IWM', 'mode': 'tri', 'thr': 0, 'window': '2Y', 'order': 1, 'rows': 2}
{'ticker': 'IWM', 'mode': 'tri', 'thr': 0, 'window': '2Y', 'order': 2, 'rows': 4}
{'ticker': 'IWM', 'mode': 'tri', 'thr': 0, 'window': '2Y', 'order': 3, 'rows': 8}
{'ticker': 'IWM', 'mode': 'tri', 'thr': 0, 'window': '2Y', 'order': 4, 'rows': 16}
{'ticker': 'IWM', 'mode': 'tri', 'thr': 0, 'window': '5Y', 'order': 1, 'rows': 2}
{'ticker': 'IWM', 'mode': 'tri', 'thr': 0, 'window': '5Y', 'order': 2, 'rows': 4}
{'ticker': 'IWM', 'mode': 'tri', 'thr': 0, 'window': '5Y', 'order': 3, 'rows': 8}
{'ticker': 'IWM', 'mode': 'tri', 'thr': 0, 'window': '5Y', 'order': 4, 'rows': 16}
{'ticker': 'IWM', 'mode': 'tri', 'thr': 0, 'window': '10Y', 'order': 1, 'rows': 3}
{'ticker': 'IWM', 'mode': 'tri', 'thr': 0, 'window': '10Y', 'order': 2, 'rows': 8}
{'ticker': 'IWM', 'mode': 'tri', 'thr': 0, 'window': '10Y', 'order': 3, 'rows': 19}
{'ticker': 'IWM', 'mode': 'tri', 'thr': 0, 'window': '10Y', 'order': 4, 'rows': 34}
{'ticker': 'IWM', 'mode': 'tri', 'thr': 0, 'window': '20Y', 'order': 1, 'rows': 3}
{'ticker': 'IWM', 'mode': 'tri', 'thr': 0, 'window': '20Y', 'order': 2, 'rows': 8}
{'ticker': 'IWM', 'mode': 'tri', 'thr': 0, 'window': '20Y', 'order': 3, 'rows': 19}
{'ticker': 'IWM', 'mode': 'tri', 'thr': 0, 'window': '20Y', 'order': 4, 'rows': 40}
{'ticker': 'IWM', 'mode': 'tri', 'thr': 0, 'window': 'MAX', 'order': 1, 'rows': 3}
{'ticker': 'IWM', 'mode': 'tri', 'thr': 0, 'window': 'MAX', 'order': 2, 'rows': 8}
{'ticker': 'IWM', 'mode': 'tri', 'thr': 0, 'window': 'MAX', 'order': 3, 'rows': 20}
{'ticker': 'IWM', 'mode': 'tri', 'thr': 0, 'window': 'MAX', 'order': 4, 'rows': 47}
{'ticker': 'IWM', 'mode': 'tri', 'thr': 5, 'window': '1Y', 'order': 1, 'rows': 3}
{'ticker': 'IWM', 'mode': 'tri', 'thr': 5, 'window': '1Y', 'order': 2, 'rows': 8}
{'ticker': 'IWM', 'mode': 'tri', 'thr': 5, 'window': '1Y', 'order': 3, 'rows': 20}
{'ticker': 'IWM', 'mode': 'tri', 'thr': 5, 'window': '1Y', 'order': 4, 'rows': 41}
{'ticker': 'IWM', 'mode': 'tri', 'thr': 5, 'window': '2Y', 'order': 1, 'rows': 3}
{'ticker': 'IWM', 'mode': 'tri', 'thr': 5, 'window': '2Y', 'order': 2, 'rows': 8}
{'ticker': 'IWM', 'mode': 'tri', 'thr': 5, 'window': '2Y', 'order': 3, 'rows': 20}
{'ticker': 'IWM', 'mode': 'tri', 'thr': 5, 'window': '2Y', 'order': 4, 'rows': 44}
{'ticker': 'IWM', 'mode': 'tri', 'thr': 5, 'window': '5Y', 'order': 1, 'rows': 3}
{'ticker': 'IWM', 'mode': 'tri', 'thr': 5, 'window': '5Y', 'order': 2, 'rows': 8}
{'ticker': 'IWM', 'mode': 'tri', 'thr': 5, 'window': '5Y', 'order': 3, 'rows': 20}
{'ticker': 'IWM', 'mode': 'tri', 'thr': 5, 'window': '5Y', 'order': 4, 'rows': 48}
{'ticker': 'IWM', 'mode': 'tri', 'thr': 5, 'window': '10Y', 'order': 1, 'rows': 3}
{'ticker': 'IWM', 'mode': 'tri', 'thr': 5, 'window': '10Y', 'order': 2, 'rows': 8}
{'ticker': 'IWM', 'mode': 'tri', 'thr': 5, 'window': '10Y', 'order': 3, 'rows': 22}
{'ticker': 'IWM', 'mode': 'tri', 'thr': 5, 'window': '10Y', 'order': 4, 'rows': 53}
{'ticker': 'IWM', 'mode': 'tri', 'thr': 5, 'window': '20Y', 'order': 1, 'rows': 3}
{'ticker': 'IWM', 'mode': 'tri', 'thr': 5, 'window': '20Y', 'order': 2, 'rows': 9}
{'ticker': 'IWM', 'mode': 'tri', 'thr': 5, 'window': '20Y', 'order': 3, 'rows': 24}
{'ticker': 'IWM', 'mode': 'tri', 'thr': 5, 'window': '20Y', 'order': 4, 'rows': 58}
{'ticker': 'IWM', 'mode': 'tri', 'thr': 5, 'window': 'MAX', 'order': 1, 'rows': 3}
{'ticker': 'IWM', 'mode': 'tri', 'thr': 5, 'window': 'MAX', 'order': 2, 'rows': 9}
{'ticker': 'IWM', 'mode': 'tri', 'thr': 5, 'window': 'MAX', 'order': 3, 'rows': 24}
{'ticker': 'IWM', 'mode': 'tri', 'thr': 5, 'window': 'MAX', 'order': 4, 'rows': 58}
{'ticker': 'IWM', 'mode': 'tri', 'thr': 10, 'window': '1Y', 'order': 1, 'rows': 3}
{'ticker': 'IWM', 'mode': 'tri', 'thr': 10, 'window': '1Y', 'order': 2, 'rows': 8}
{'ticker': 'IWM', 'mode': 'tri', 'thr': 10, 'window': '1Y', 'order': 3, 'rows': 22}
{'ticker': 'IWM', 'mode': 'tri', 'thr': 10, 'window': '1Y', 'order': 4, 'rows': 47}
{'ticker': 'IWM', 'mode': 'tri', 'thr': 10, 'window': '2Y', 'order': 1, 'rows': 3}
{'ticker': 'IWM', 'mode': 'tri', 'thr': 10, 'window': '2Y', 'order': 2, 'rows': 8}
{'ticker': 'IWM', 'mode': 'tri', 'thr': 10, 'window': '2Y', 'order': 3, 'rows': 22}
{'ticker': 'IWM', 'mode': 'tri', 'thr': 10, 'window': '2Y', 'order': 4, 'rows': 52}
{'ticker': 'IWM', 'mode': 'tri', 'thr': 10, 'window': '5Y', 'order': 1, 'rows': 3}
{'ticker': 'IWM', 'mode': 'tri', 'thr': 10, 'window': '5Y', 'order': 2, 'rows': 9}
{'ticker': 'IWM', 'mode': 'tri', 'thr': 10, 'window': '5Y', 'order': 3, 'rows': 25}
{'ticker': 'IWM', 'mode': 'tri', 'thr': 10, 'window': '5Y', 'order': 4, 'rows': 62}
{'ticker': 'IWM', 'mode': 'tri', 'thr': 10, 'window': '10Y', 'order': 1, 'rows': 3}
{'ticker': 'IWM', 'mode': 'tri', 'thr': 10, 'window': '10Y', 'order': 2, 'rows': 9}
{'ticker': 'IWM', 'mode': 'tri', 'thr': 10, 'window': '10Y', 'order': 3, 'rows': 27}2025-11-12 11:25:44,847 INFO [cli] {'ticker': 'IWM', 'mode': 'tri', 'thr': 30, 'window': '20Y', 'order': 1, 'rows': 3}
2025-11-12 11:25:44,856 INFO [cli] {'ticker': 'IWM', 'mode': 'tri', 'thr': 30, 'window': '20Y', 'order': 2, 'rows': 9}
2025-11-12 11:25:44,867 INFO [cli] {'ticker': 'IWM', 'mode': 'tri', 'thr': 30, 'window': '20Y', 'order': 3, 'rows': 27}
2025-11-12 11:25:44,876 INFO [cli] {'ticker': 'IWM', 'mode': 'tri', 'thr': 30, 'window': '20Y', 'order': 4, 'rows': 81}
2025-11-12 11:25:44,888 INFO [cli] {'ticker': 'IWM', 'mode': 'tri', 'thr': 30, 'window': 'MAX', 'order': 1, 'rows': 3}
2025-11-12 11:25:44,897 INFO [cli] {'ticker': 'IWM', 'mode': 'tri', 'thr': 30, 'window': 'MAX', 'order': 2, 'rows': 9}
2025-11-12 11:25:44,905 INFO [cli] {'ticker': 'IWM', 'mode': 'tri', 'thr': 30, 'window': 'MAX', 'order': 3, 'rows': 27}
2025-11-12 11:25:44,914 INFO [cli] {'ticker': 'IWM', 'mode': 'tri', 'thr': 30, 'window': 'MAX', 'order': 4, 'rows': 81}
2025-11-12 11:25:44,929 INFO [cli] {'ticker': 'IWM', 'mode': 'tri', 'thr': 35, 'window': '1Y', 'order': 1, 'rows': 3}
2025-11-12 11:25:44,938 INFO [cli] {'ticker': 'IWM', 'mode': 'tri', 'thr': 35, 'window': '1Y', 'order': 2, 'rows': 9}
2025-11-12 11:25:44,951 INFO [cli] {'ticker': 'IWM', 'mode': 'tri', 'thr': 35, 'window': '1Y', 'order': 3, 'rows': 27}
2025-11-12 11:25:44,959 INFO [cli] {'ticker': 'IWM', 'mode': 'tri', 'thr': 35, 'window': '1Y', 'order': 4, 'rows': 70}
2025-11-12 11:25:44,968 INFO [cli] {'ticker': 'IWM', 'mode': 'tri', 'thr': 35, 'window': '2Y', 'order': 1, 'rows': 3}
2025-11-12 11:25:44,977 INFO [cli] {'ticker': 'IWM', 'mode': 'tri', 'thr': 35, 'window': '2Y', 'order': 2, 'rows': 9}
2025-11-12 11:25:44,985 INFO [cli] {'ticker': 'IWM', 'mode': 'tri', 'thr': 35, 'window': '2Y', 'order': 3, 'rows': 27}
2025-11-12 11:25:44,995 INFO [cli] {'ticker': 'IWM', 'mode': 'tri', 'thr': 35, 'window': '2Y', 'order': 4, 'rows': 80}
2025-11-12 11:25:45,003 INFO [cli] {'ticker': 'IWM', 'mode': 'tri', 'thr': 35, 'window': '5Y', 'order': 1, 'rows': 3}
2025-11-12 11:25:45,012 INFO [cli] {'ticker': 'IWM', 'mode': 'tri', 'thr': 35, 'window': '5Y', 'order': 2, 'rows': 9}
2025-11-12 11:25:45,021 INFO [cli] {'ticker': 'IWM', 'mode': 'tri', 'thr': 35, 'window': '5Y', 'order': 3, 'rows': 27}
2025-11-12 11:25:45,028 INFO [cli] {'ticker': 'IWM', 'mode': 'tri', 'thr': 35, 'window': '5Y', 'order': 4, 'rows': 81}
2025-11-12 11:25:45,036 INFO [cli] {'ticker': 'IWM', 'mode': 'tri', 'thr': 35, 'window': '10Y', 'order': 1, 'rows': 3}
2025-11-12 11:25:45,043 INFO [cli] {'ticker': 'IWM', 'mode': 'tri', 'thr': 35, 'window': '10Y', 'order': 2, 'rows': 9}
2025-11-12 11:25:45,051 INFO [cli] {'ticker': 'IWM', 'mode': 'tri', 'thr': 35, 'window': '10Y', 'order': 3, 'rows': 27}
2025-11-12 11:25:45,059 INFO [cli] {'ticker': 'IWM', 'mode': 'tri', 'thr': 35, 'window': '10Y', 'order': 4, 'rows': 81}
2025-11-12 11:25:45,070 INFO [cli] {'ticker': 'IWM', 'mode': 'tri', 'thr': 35, 'window': '20Y', 'order': 1, 'rows': 3}
2025-11-12 11:25:45,080 INFO [cli] {'ticker': 'IWM', 'mode': 'tri', 'thr': 35, 'window': '20Y', 'order': 2, 'rows': 9}
2025-11-12 11:25:45,089 INFO [cli] {'ticker': 'IWM', 'mode': 'tri', 'thr': 35, 'window': '20Y', 'order': 3, 'rows': 27}
2025-11-12 11:25:45,097 INFO [cli] {'ticker': 'IWM', 'mode': 'tri', 'thr': 35, 'window': '20Y', 'order': 4, 'rows': 81}
2025-11-12 11:25:45,107 INFO [cli] {'ticker': 'IWM', 'mode': 'tri', 'thr': 35, 'window': 'MAX', 'order': 1, 'rows': 3}
2025-11-12 11:25:45,115 INFO [cli] {'ticker': 'IWM', 'mode': 'tri', 'thr': 35, 'window': 'MAX', 'order': 2, 'rows': 9}
2025-11-12 11:25:45,123 INFO [cli] {'ticker': 'IWM', 'mode': 'tri', 'thr': 35, 'window': 'MAX', 'order': 3, 'rows': 27}
2025-11-12 11:25:45,134 INFO [cli] {'ticker': 'IWM', 'mode': 'tri', 'thr': 35, 'window': 'MAX', 'order': 4, 'rows': 81}
2025-11-12 11:25:45,150 INFO [cli] {'ticker': 'IWM', 'mode': 'tri', 'thr': 40, 'window': '1Y', 'order': 1, 'rows': 3}
2025-11-12 11:25:45,158 INFO [cli] {'ticker': 'IWM', 'mode': 'tri', 'thr': 40, 'window': '1Y', 'order': 2, 'rows': 9}
2025-11-12 11:25:45,165 INFO [cli] {'ticker': 'IWM', 'mode': 'tri', 'thr': 40, 'window': '1Y', 'order': 3, 'rows': 27}
2025-11-12 11:25:45,174 INFO [cli] {'ticker': 'IWM', 'mode': 'tri', 'thr': 40, 'window': '1Y', 'order': 4, 'rows': 76}
2025-11-12 11:25:45,184 INFO [cli] {'ticker': 'IWM', 'mode': 'tri', 'thr': 40, 'window': '2Y', 'order': 1, 'rows': 3}
2025-11-12 11:25:45,193 INFO [cli] {'ticker': 'IWM', 'mode': 'tri', 'thr': 40, 'window': '2Y', 'order': 2, 'rows': 9}
2025-11-12 11:25:45,204 INFO [cli] {'ticker': 'IWM', 'mode': 'tri', 'thr': 40, 'window': '2Y', 'order': 3, 'rows': 27}
2025-11-12 11:25:45,213 INFO [cli] {'ticker': 'IWM', 'mode': 'tri', 'thr': 40, 'window': '2Y', 'order': 4, 'rows': 81}
2025-11-12 11:25:45,220 INFO [cli] {'ticker': 'IWM', 'mode': 'tri', 'thr': 40, 'window': '5Y', 'order': 1, 'rows': 3}
2025-11-12 11:25:45,230 INFO [cli] {'ticker': 'IWM', 'mode': 'tri', 'thr': 40, 'window': '5Y', 'order': 2, 'rows': 9}
2025-11-12 11:25:45,240 INFO [cli] {'ticker': 'IWM', 'mode': 'tri', 'thr': 40, 'window': '5Y', 'order': 3, 'rows': 27}
2025-11-12 11:25:45,249 INFO [cli] {'ticker': 'IWM', 'mode': 'tri', 'thr': 40, 'window': '5Y', 'order': 4, 'rows': 81}
2025-11-12 11:25:45,256 INFO [cli] {'ticker': 'IWM', 'mode': 'tri', 'thr': 40, 'window': '10Y', 'order': 1, 'rows': 3}
2025-11-12 11:25:45,264 INFO [cli] {'ticker': 'IWM', 'mode': 'tri', 'thr': 40, 'window': '10Y', 'order': 2, 'rows': 9}
2025-11-12 11:25:45,271 INFO [cli] {'ticker': 'IWM', 'mode': 'tri', 'thr': 40, 'window': '10Y', 'order': 3, 'rows': 27}
2025-11-12 11:25:45,279 INFO [cli] {'ticker': 'IWM', 'mode': 'tri', 'thr': 40, 'window': '10Y', 'order': 4, 'rows': 81}
2025-11-12 11:25:45,287 INFO [cli] {'ticker': 'IWM', 'mode': 'tri', 'thr': 40, 'window': '20Y', 'order': 1, 'rows': 3}
2025-11-12 11:25:45,295 INFO [cli] {'ticker': 'IWM', 'mode': 'tri', 'thr': 40, 'window': '20Y', 'order': 2, 'rows': 9}
2025-11-12 11:25:45,303 INFO [cli] {'ticker': 'IWM', 'mode': 'tri', 'thr': 40, 'window': '20Y', 'order': 3, 'rows': 27}
2025-11-12 11:25:45,311 INFO [cli] {'ticker': 'IWM', 'mode': 'tri', 'thr': 40, 'window': '20Y', 'order': 4, 'rows': 81}
2025-11-12 11:25:45,320 INFO [cli] {'ticker': 'IWM', 'mode': 'tri', 'thr': 40, 'window': 'MAX', 'order': 1, 'rows': 3}
2025-11-12 11:25:45,327 INFO [cli] {'ticker': 'IWM', 'mode': 'tri', 'thr': 40, 'window': 'MAX', 'order': 2, 'rows': 9}
2025-11-12 11:25:45,335 INFO [cli] {'ticker': 'IWM', 'mode': 'tri', 'thr': 40, 'window': 'MAX', 'order': 3, 'rows': 27}
2025-11-12 11:25:45,344 INFO [cli] {'ticker': 'IWM', 'mode': 'tri', 'thr': 40, 'window': 'MAX', 'order': 4, 'rows': 81}
2025-11-12 11:25:45,359 INFO [cli] {'ticker': 'IWM', 'mode': 'tri', 'thr': 45, 'window': '1Y', 'order': 1, 'rows': 3}
2025-11-12 11:25:45,368 INFO [cli] {'ticker': 'IWM', 'mode': 'tri', 'thr': 45, 'window': '1Y', 'order': 2, 'rows': 9}
2025-11-12 11:25:45,375 INFO [cli] {'ticker': 'IWM', 'mode': 'tri', 'thr': 45, 'window': '1Y', 'order': 3, 'rows': 27}
2025-11-12 11:25:45,382 INFO [cli] {'ticker': 'IWM', 'mode': 'tri', 'thr': 45, 'window': '1Y', 'order': 4, 'rows': 74}
2025-11-12 11:25:45,390 INFO [cli] {'ticker': 'IWM', 'mode': 'tri', 'thr': 45, 'window': '2Y', 'order': 1, 'rows': 3}
2025-11-12 11:25:45,399 INFO [cli] {'ticker': 'IWM', 'mode': 'tri', 'thr': 45, 'window': '2Y', 'order': 2, 'rows': 9}
2025-11-12 11:25:45,410 INFO [cli] {'ticker': 'IWM', 'mode': 'tri', 'thr': 45, 'window': '2Y', 'order': 3, 'rows': 27}
2025-11-12 11:25:45,419 INFO [cli] {'ticker': 'IWM', 'mode': 'tri', 'thr': 45, 'window': '2Y', 'order': 4, 'rows': 81}
2025-11-12 11:25:45,429 INFO [cli] {'ticker': 'IWM', 'mode': 'tri', 'thr': 45, 'window': '5Y', 'order': 1, 'rows': 3}
2025-11-12 11:25:45,437 INFO [cli] {'ticker': 'IWM', 'mode': 'tri', 'thr': 45, 'window': '5Y', 'order': 2, 'rows': 9}
2025-11-12 11:25:45,445 INFO [cli] {'ticker': 'IWM', 'mode': 'tri', 'thr': 45, 'window': '5Y', 'order': 3, 'rows': 27}
2025-11-12 11:25:45,455 INFO [cli] {'ticker': 'IWM', 'mode': 'tri', 'thr': 45, 'window': '5Y', 'order': 4, 'rows': 81}
2025-11-12 11:25:45,465 INFO [cli] {'ticker': 'IWM', 'mode': 'tri', 'thr': 45, 'window': '10Y', 'order': 1, 'rows': 3}
2025-11-12 11:25:45,475 INFO [cli] {'ticker': 'IWM', 'mode': 'tri', 'thr': 45, 'window': '10Y', 'order': 2, 'rows': 9}
2025-11-12 11:25:45,483 INFO [cli] {'ticker': 'IWM', 'mode': 'tri', 'thr': 45, 'window': '10Y', 'order': 3, 'rows': 27}
2025-11-12 11:25:45,491 INFO [cli] {'ticker': 'IWM', 'mode': 'tri', 'thr': 45, 'window': '10Y', 'order': 4, 'rows': 81}
2025-11-12 11:25:45,499 INFO [cli] {'ticker': 'IWM', 'mode': 'tri', 'thr': 45, 'window': '20Y', 'order': 1, 'rows': 3}
2025-11-12 11:25:45,509 INFO [cli] {'ticker': 'IWM', 'mode': 'tri', 'thr': 45, 'window': '20Y', 'order': 2, 'rows': 9}
2025-11-12 11:25:45,516 INFO [cli] {'ticker': 'IWM', 'mode': 'tri', 'thr': 45, 'window': '20Y', 'order': 3, 'rows': 27}
2025-11-12 11:25:45,523 INFO [cli] {'ticker': 'IWM', 'mode': 'tri', 'thr': 45, 'window': '20Y', 'order': 4, 'rows': 81}
2025-11-12 11:25:45,532 INFO [cli] {'ticker': 'IWM', 'mode': 'tri', 'thr': 45, 'window': 'MAX', 'order': 1, 'rows': 3}
2025-11-12 11:25:45,541 INFO [cli] {'ticker': 'IWM', 'mode': 'tri', 'thr': 45, 'window': 'MAX', 'order': 2, 'rows': 9}
2025-11-12 11:25:45,550 INFO [cli] {'ticker': 'IWM', 'mode': 'tri', 'thr': 45, 'window': 'MAX', 'order': 3, 'rows': 27}
2025-11-12 11:25:45,559 INFO [cli] {'ticker': 'IWM', 'mode': 'tri', 'thr': 45, 'window': 'MAX', 'order': 4, 'rows': 81}
2025-11-12 11:25:45,577 INFO [cli] {'ticker': 'IWM', 'mode': 'tri', 'thr': 50, 'window': '1Y', 'order': 1, 'rows': 3}
2025-11-12 11:25:45,587 INFO [cli] {'ticker': 'IWM', 'mode': 'tri', 'thr': 50, 'window': '1Y', 'order': 2, 'rows': 9}
2025-11-12 11:25:45,597 INFO [cli] {'ticker': 'IWM', 'mode': 'tri', 'thr': 50, 'window': '1Y', 'order': 3, 'rows': 27}
2025-11-12 11:25:45,604 INFO [cli] {'ticker': 'IWM', 'mode': 'tri', 'thr': 50, 'window': '1Y', 'order': 4, 'rows': 75}
2025-11-12 11:25:45,615 INFO [cli] {'ticker': 'IWM', 'mode': 'tri', 'thr': 50, 'window': '2Y', 'order': 1, 'rows': 3}
2025-11-12 11:25:45,623 INFO [cli] {'ticker': 'IWM', 'mode': 'tri', 'thr': 50, 'window': '2Y', 'order': 2, 'rows': 9}
2025-11-12 11:25:45,630 INFO [cli] {'ticker': 'IWM', 'mode': 'tri', 'thr': 50, 'window': '2Y', 'order': 3, 'rows': 27}
2025-11-12 11:25:45,638 INFO [cli] {'ticker': 'IWM', 'mode': 'tri', 'thr': 50, 'window': '2Y', 'order': 4, 'rows': 80}
2025-11-12 11:25:45,646 INFO [cli] {'ticker': 'IWM', 'mode': 'tri', 'thr': 50, 'window': '5Y', 'order': 1, 'rows': 3}
2025-11-12 11:25:45,656 INFO [cli] {'ticker': 'IWM', 'mode': 'tri', 'thr': 50, 'window': '5Y', 'order': 2, 'rows': 9}
2025-11-12 11:25:45,666 INFO [cli] {'ticker': 'IWM', 'mode': 'tri', 'thr': 50, 'window': '5Y', 'order': 3, 'rows': 27}
2025-11-12 11:25:45,676 INFO [cli] {'ticker': 'IWM', 'mode': 'tri', 'thr': 50, 'window': '5Y', 'order': 4, 'rows': 81}
2025-11-12 11:25:45,683 INFO [cli] {'ticker': 'IWM', 'mode': 'tri', 'thr': 50, 'window': '10Y', 'order': 1, 'rows': 3}
2025-11-12 11:25:45,692 INFO [cli] {'ticker': 'IWM', 'mode': 'tri', 'thr': 50, 'window': '10Y', 'order': 2, 'rows': 9}
2025-11-12 11:25:45,698 INFO [cli] {'ticker': 'IWM', 'mode': 'tri', 'thr': 50, 'window': '10Y', 'order': 3, 'rows': 27}
2025-11-12 11:25:45,707 INFO [cli] {'ticker': 'IWM', 'mode': 'tri', 'thr': 50, 'window': '10Y', 'order': 4, 'rows': 81}
2025-11-12 11:25:45,726 INFO [cli] {'ticker': 'IWM', 'mode': 'tri', 'thr': 50, 'window': '20Y', 'order': 1, 'rows': 3}
2025-11-12 11:25:45,735 INFO [cli] {'ticker': 'IWM', 'mode': 'tri', 'thr': 50, 'window': '20Y', 'order': 2, 'rows': 9}

{'ticker': 'IWM', 'mode': 'tri', 'thr': 10, 'window': '10Y', 'order': 4, 'rows': 75}
{'ticker': 'IWM', 'mode': 'tri', 'thr': 10, 'window': '20Y', 'order': 1, 'rows': 3}
{'ticker': 'IWM', 'mode': 'tri', 'thr': 10, 'window': '20Y', 'order': 2, 'rows': 9}
{'ticker': 'IWM', 'mode': 'tri', 'thr': 10, 'window': '20Y', 'order': 3, 'rows': 27}
{'ticker': 'IWM', 'mode': 'tri', 'thr': 10, 'window': '20Y', 'order': 4, 'rows': 78}
{'ticker': 'IWM', 'mode': 'tri', 'thr': 10, 'window': 'MAX', 'order': 1, 'rows': 3}
{'ticker': 'IWM', 'mode': 'tri', 'thr': 10, 'window': 'MAX', 'order': 2, 'rows': 9}
{'ticker': 'IWM', 'mode': 'tri', 'thr': 10, 'window': 'MAX', 'order': 3, 'rows': 27}
{'ticker': 'IWM', 'mode': 'tri', 'thr': 10, 'window': 'MAX', 'order': 4, 'rows': 78}
{'ticker': 'IWM', 'mode': 'tri', 'thr': 15, 'window': '1Y', 'order': 1, 'rows': 3}
{'ticker': 'IWM', 'mode': 'tri', 'thr': 15, 'window': '1Y', 'order': 2, 'rows': 9}
{'ticker': 'IWM', 'mode': 'tri', 'thr': 15, 'window': '1Y', 'order': 3, 'rows': 25}
{'ticker': 'IWM', 'mode': 'tri', 'thr': 15, 'window': '1Y', 'order': 4, 'rows': 57}
{'ticker': 'IWM', 'mode': 'tri', 'thr': 15, 'window': '2Y', 'order': 1, 'rows': 3}
{'ticker': 'IWM', 'mode': 'tri', 'thr': 15, 'window': '2Y', 'order': 2, 'rows': 9}
{'ticker': 'IWM', 'mode': 'tri', 'thr': 15, 'window': '2Y', 'order': 3, 'rows': 25}
{'ticker': 'IWM', 'mode': 'tri', 'thr': 15, 'window': '2Y', 'order': 4, 'rows': 62}
{'ticker': 'IWM', 'mode': 'tri', 'thr': 15, 'window': '5Y', 'order': 1, 'rows': 3}
{'ticker': 'IWM', 'mode': 'tri', 'thr': 15, 'window': '5Y', 'order': 2, 'rows': 9}
{'ticker': 'IWM', 'mode': 'tri', 'thr': 15, 'window': '5Y', 'order': 3, 'rows': 26}
{'ticker': 'IWM', 'mode': 'tri', 'thr': 15, 'window': '5Y', 'order': 4, 'rows': 74}
{'ticker': 'IWM', 'mode': 'tri', 'thr': 15, 'window': '10Y', 'order': 1, 'rows': 3}
{'ticker': 'IWM', 'mode': 'tri', 'thr': 15, 'window': '10Y', 'order': 2, 'rows': 9}
{'ticker': 'IWM', 'mode': 'tri', 'thr': 15, 'window': '10Y', 'order': 3, 'rows': 27}
{'ticker': 'IWM', 'mode': 'tri', 'thr': 15, 'window': '10Y', 'order': 4, 'rows': 79}
{'ticker': 'IWM', 'mode': 'tri', 'thr': 15, 'window': '20Y', 'order': 1, 'rows': 3}
{'ticker': 'IWM', 'mode': 'tri', 'thr': 15, 'window': '20Y', 'order': 2, 'rows': 9}
{'ticker': 'IWM', 'mode': 'tri', 'thr': 15, 'window': '20Y', 'order': 3, 'rows': 27}
{'ticker': 'IWM', 'mode': 'tri', 'thr': 15, 'window': '20Y', 'order': 4, 'rows': 80}
{'ticker': 'IWM', 'mode': 'tri', 'thr': 15, 'window': 'MAX', 'order': 1, 'rows': 3}
{'ticker': 'IWM', 'mode': 'tri', 'thr': 15, 'window': 'MAX', 'order': 2, 'rows': 9}
{'ticker': 'IWM', 'mode': 'tri', 'thr': 15, 'window': 'MAX', 'order': 3, 'rows': 27}
{'ticker': 'IWM', 'mode': 'tri', 'thr': 15, 'window': 'MAX', 'order': 4, 'rows': 80}
{'ticker': 'IWM', 'mode': 'tri', 'thr': 20, 'window': '1Y', 'order': 1, 'rows': 3}
{'ticker': 'IWM', 'mode': 'tri', 'thr': 20, 'window': '1Y', 'order': 2, 'rows': 9}
{'ticker': 'IWM', 'mode': 'tri', 'thr': 20, 'window': '1Y', 'order': 3, 'rows': 26}
{'ticker': 'IWM', 'mode': 'tri', 'thr': 20, 'window': '1Y', 'order': 4, 'rows': 62}
{'ticker': 'IWM', 'mode': 'tri', 'thr': 20, 'window': '2Y', 'order': 1, 'rows': 3}
{'ticker': 'IWM', 'mode': 'tri', 'thr': 20, 'window': '2Y', 'order': 2, 'rows': 9}
{'ticker': 'IWM', 'mode': 'tri', 'thr': 20, 'window': '2Y', 'order': 3, 'rows': 26}
{'ticker': 'IWM', 'mode': 'tri', 'thr': 20, 'window': '2Y', 'order': 4, 'rows': 68}
{'ticker': 'IWM', 'mode': 'tri', 'thr': 20, 'window': '5Y', 'order': 1, 'rows': 3}
{'ticker': 'IWM', 'mode': 'tri', 'thr': 20, 'window': '5Y', 'order': 2, 'rows': 9}
{'ticker': 'IWM', 'mode': 'tri', 'thr': 20, 'window': '5Y', 'order': 3, 'rows': 26}
{'ticker': 'IWM', 'mode': 'tri', 'thr': 20, 'window': '5Y', 'order': 4, 'rows': 76}
{'ticker': 'IWM', 'mode': 'tri', 'thr': 20, 'window': '10Y', 'order': 1, 'rows': 3}
{'ticker': 'IWM', 'mode': 'tri', 'thr': 20, 'window': '10Y', 'order': 2, 'rows': 9}
{'ticker': 'IWM', 'mode': 'tri', 'thr': 20, 'window': '10Y', 'order': 3, 'rows': 27}
{'ticker': 'IWM', 'mode': 'tri', 'thr': 20, 'window': '10Y', 'order': 4, 'rows': 81}
{'ticker': 'IWM', 'mode': 'tri', 'thr': 20, 'window': '20Y', 'order': 1, 'rows': 3}
{'ticker': 'IWM', 'mode': 'tri', 'thr': 20, 'window': '20Y', 'order': 2, 'rows': 9}
{'ticker': 'IWM', 'mode': 'tri', 'thr': 20, 'window': '20Y', 'order': 3, 'rows': 27}
{'ticker': 'IWM', 'mode': 'tri', 'thr': 20, 'window': '20Y', 'order': 4, 'rows': 81}
{'ticker': 'IWM', 'mode': 'tri', 'thr': 20, 'window': 'MAX', 'order': 1, 'rows': 3}
{'ticker': 'IWM', 'mode': 'tri', 'thr': 20, 'window': 'MAX', 'order': 2, 'rows': 9}
{'ticker': 'IWM', 'mode': 'tri', 'thr': 20, 'window': 'MAX', 'order': 3, 'rows': 27}
{'ticker': 'IWM', 'mode': 'tri', 'thr': 20, 'window': 'MAX', 'order': 4, 'rows': 81}
{'ticker': 'IWM', 'mode': 'tri', 'thr': 25, 'window': '1Y', 'order': 1, 'rows': 3}
{'ticker': 'IWM', 'mode': 'tri', 'thr': 25, 'window': '1Y', 'order': 2, 'rows': 9}
{'ticker': 'IWM', 'mode': 'tri', 'thr': 25, 'window': '1Y', 'order': 3, 'rows': 27}
{'ticker': 'IWM', 'mode': 'tri', 'thr': 25, 'window': '1Y', 'order': 4, 'rows': 68}
{'ticker': 'IWM', 'mode': 'tri', 'thr': 25, 'window': '2Y', 'order': 1, 'rows': 3}
{'ticker': 'IWM', 'mode': 'tri', 'thr': 25, 'window': '2Y', 'order': 2, 'rows': 9}
{'ticker': 'IWM', 'mode': 'tri', 'thr': 25, 'window': '2Y', 'order': 3, 'rows': 27}
{'ticker': 'IWM', 'mode': 'tri', 'thr': 25, 'window': '2Y', 'order': 4, 'rows': 76}
{'ticker': 'IWM', 'mode': 'tri', 'thr': 25, 'window': '5Y', 'order': 1, 'rows': 3}
{'ticker': 'IWM', 'mode': 'tri', 'thr': 25, 'window': '5Y', 'order': 2, 'rows': 9}
{'ticker': 'IWM', 'mode': 'tri', 'thr': 25, 'window': '5Y', 'order': 3, 'rows': 27}
{'ticker': 'IWM', 'mode': 'tri', 'thr': 25, 'window': '5Y', 'order': 4, 'rows': 79}
{'ticker': 'IWM', 'mode': 'tri', 'thr': 25, 'window': '10Y', 'order': 1, 'rows': 3}
{'ticker': 'IWM', 'mode': 'tri', 'thr': 25, 'window': '10Y', 'order': 2, 'rows': 9}
{'ticker': 'IWM', 'mode': 'tri', 'thr': 25, 'window': '10Y', 'order': 3, 'rows': 27}
{'ticker': 'IWM', 'mode': 'tri', 'thr': 25, 'window': '10Y', 'order': 4, 'rows': 81}
{'ticker': 'IWM', 'mode': 'tri', 'thr': 25, 'window': '20Y', 'order': 1, 'rows': 3}
{'ticker': 'IWM', 'mode': 'tri', 'thr': 25, 'window': '20Y', 'order': 2, 'rows': 9}
{'ticker': 'IWM', 'mode': 'tri', 'thr': 25, 'window': '20Y', 'order': 3, 'rows': 27}
{'ticker': 'IWM', 'mode': 'tri', 'thr': 25, 'window': '20Y', 'order': 4, 'rows': 81}
{'ticker': 'IWM', 'mode': 'tri', 'thr': 25, 'window': 'MAX', 'order': 1, 'rows': 3}
{'ticker': 'IWM', 'mode': 'tri', 'thr': 25, 'window': 'MAX', 'order': 2, 'rows': 9}
{'ticker': 'IWM', 'mode': 'tri', 'thr': 25, 'window': 'MAX', 'order': 3, 'rows': 27}
{'ticker': 'IWM', 'mode': 'tri', 'thr': 25, 'window': 'MAX', 'order': 4, 'rows': 81}
{'ticker': 'IWM', 'mode': 'tri', 'thr': 30, 'window': '1Y', 'order': 1, 'rows': 3}
{'ticker': 'IWM', 'mode': 'tri', 'thr': 30, 'window': '1Y', 'order': 2, 'rows': 9}
{'ticker': 'IWM', 'mode': 'tri', 'thr': 30, 'window': '1Y', 'order': 3, 'rows': 27}
{'ticker': 'IWM', 'mode': 'tri', 'thr': 30, 'window': '1Y', 'order': 4, 'rows': 69}
{'ticker': 'IWM', 'mode': 'tri', 'thr': 30, 'window': '2Y', 'order': 1, 'rows': 3}
{'ticker': 'IWM', 'mode': 'tri', 'thr': 30, 'window': '2Y', 'order': 2, 'rows': 9}
{'ticker': 'IWM', 'mode': 'tri', 'thr': 30, 'window': '2Y', 'order': 3, 'rows': 27}
{'ticker': 'IWM', 'mode': 'tri', 'thr': 30, 'window': '2Y', 'order': 4, 'rows': 79}
{'ticker': 'IWM', 'mode': 'tri', 'thr': 30, 'window': '5Y', 'order': 1, 'rows': 3}
{'ticker': 'IWM', 'mode': 'tri', 'thr': 30, 'window': '5Y', 'order': 2, 'rows': 9}
{'ticker': 'IWM', 'mode': 'tri', 'thr': 30, 'window': '5Y', 'order': 3, 'rows': 27}
{'ticker': 'IWM', 'mode': 'tri', 'thr': 30, 'window': '5Y', 'order': 4, 'rows': 80}
{'ticker': 'IWM', 'mode': 'tri', 'thr': 30, 'window': '10Y', 'order': 1, 'rows': 3}
{'ticker': 'IWM', 'mode': 'tri', 'thr': 30, 'window': '10Y', 'order': 2, 'rows': 9}
{'ticker': 'IWM', 'mode': 'tri', 'thr': 30, 'window': '10Y', 'order': 3, 'rows': 27}
{'ticker': 'IWM', 'mode': 'tri', 'thr': 30, 'window': '10Y', 'order': 4, 'rows': 81}
{'ticker': 'IWM', 'mode': 'tri', 'thr': 30, 'window': '20Y', 'order': 1, 'rows': 3}2025-11-12 11:25:45,744 INFO [cli] {'ticker': 'IWM', 'mode': 'tri', 'thr': 50, 'window': '20Y', 'order': 3, 'rows': 27}
2025-11-12 11:25:45,752 INFO [cli] {'ticker': 'IWM', 'mode': 'tri', 'thr': 50, 'window': '20Y', 'order': 4, 'rows': 81}
2025-11-12 11:25:45,760 INFO [cli] {'ticker': 'IWM', 'mode': 'tri', 'thr': 50, 'window': 'MAX', 'order': 1, 'rows': 3}
2025-11-12 11:25:45,769 INFO [cli] {'ticker': 'IWM', 'mode': 'tri', 'thr': 50, 'window': 'MAX', 'order': 2, 'rows': 9}
2025-11-12 11:25:45,777 INFO [cli] {'ticker': 'IWM', 'mode': 'tri', 'thr': 50, 'window': 'MAX', 'order': 3, 'rows': 27}
2025-11-12 11:25:45,785 INFO [cli] {'ticker': 'IWM', 'mode': 'tri', 'thr': 50, 'window': 'MAX', 'order': 4, 'rows': 81}
2025-11-12 11:25:45,801 INFO [cli] {'ticker': 'IWM', 'mode': 'tri', 'thr': 55, 'window': '1Y', 'order': 1, 'rows': 3}
2025-11-12 11:25:45,810 INFO [cli] {'ticker': 'IWM', 'mode': 'tri', 'thr': 55, 'window': '1Y', 'order': 2, 'rows': 9}
2025-11-12 11:25:45,819 INFO [cli] {'ticker': 'IWM', 'mode': 'tri', 'thr': 55, 'window': '1Y', 'order': 3, 'rows': 27}
2025-11-12 11:25:45,831 INFO [cli] {'ticker': 'IWM', 'mode': 'tri', 'thr': 55, 'window': '1Y', 'order': 4, 'rows': 74}
2025-11-12 11:25:45,839 INFO [cli] {'ticker': 'IWM', 'mode': 'tri', 'thr': 55, 'window': '2Y', 'order': 1, 'rows': 3}
2025-11-12 11:25:45,850 INFO [cli] {'ticker': 'IWM', 'mode': 'tri', 'thr': 55, 'window': '2Y', 'order': 2, 'rows': 9}
2025-11-12 11:25:45,858 INFO [cli] {'ticker': 'IWM', 'mode': 'tri', 'thr': 55, 'window': '2Y', 'order': 3, 'rows': 27}
2025-11-12 11:25:45,867 INFO [cli] {'ticker': 'IWM', 'mode': 'tri', 'thr': 55, 'window': '2Y', 'order': 4, 'rows': 80}
2025-11-12 11:25:45,878 INFO [cli] {'ticker': 'IWM', 'mode': 'tri', 'thr': 55, 'window': '5Y', 'order': 1, 'rows': 3}
2025-11-12 11:25:45,888 INFO [cli] {'ticker': 'IWM', 'mode': 'tri', 'thr': 55, 'window': '5Y', 'order': 2, 'rows': 9}
2025-11-12 11:25:45,897 INFO [cli] {'ticker': 'IWM', 'mode': 'tri', 'thr': 55, 'window': '5Y', 'order': 3, 'rows': 27}
2025-11-12 11:25:45,906 INFO [cli] {'ticker': 'IWM', 'mode': 'tri', 'thr': 55, 'window': '5Y', 'order': 4, 'rows': 81}
2025-11-12 11:25:45,914 INFO [cli] {'ticker': 'IWM', 'mode': 'tri', 'thr': 55, 'window': '10Y', 'order': 1, 'rows': 3}
2025-11-12 11:25:45,925 INFO [cli] {'ticker': 'IWM', 'mode': 'tri', 'thr': 55, 'window': '10Y', 'order': 2, 'rows': 9}
2025-11-12 11:25:45,934 INFO [cli] {'ticker': 'IWM', 'mode': 'tri', 'thr': 55, 'window': '10Y', 'order': 3, 'rows': 27}
2025-11-12 11:25:45,946 INFO [cli] {'ticker': 'IWM', 'mode': 'tri', 'thr': 55, 'window': '10Y', 'order': 4, 'rows': 81}
2025-11-12 11:25:45,955 INFO [cli] {'ticker': 'IWM', 'mode': 'tri', 'thr': 55, 'window': '20Y', 'order': 1, 'rows': 3}
2025-11-12 11:25:45,962 INFO [cli] {'ticker': 'IWM', 'mode': 'tri', 'thr': 55, 'window': '20Y', 'order': 2, 'rows': 9}
2025-11-12 11:25:45,970 INFO [cli] {'ticker': 'IWM', 'mode': 'tri', 'thr': 55, 'window': '20Y', 'order': 3, 'rows': 27}
2025-11-12 11:25:45,978 INFO [cli] {'ticker': 'IWM', 'mode': 'tri', 'thr': 55, 'window': '20Y', 'order': 4, 'rows': 81}
2025-11-12 11:25:45,985 INFO [cli] {'ticker': 'IWM', 'mode': 'tri', 'thr': 55, 'window': 'MAX', 'order': 1, 'rows': 3}
2025-11-12 11:25:45,992 INFO [cli] {'ticker': 'IWM', 'mode': 'tri', 'thr': 55, 'window': 'MAX', 'order': 2, 'rows': 9}
2025-11-12 11:25:46,003 INFO [cli] {'ticker': 'IWM', 'mode': 'tri', 'thr': 55, 'window': 'MAX', 'order': 3, 'rows': 27}
2025-11-12 11:25:46,014 INFO [cli] {'ticker': 'IWM', 'mode': 'tri', 'thr': 55, 'window': 'MAX', 'order': 4, 'rows': 81}
2025-11-12 11:25:46,029 INFO [cli] {'ticker': 'IWM', 'mode': 'tri', 'thr': 60, 'window': '1Y', 'order': 1, 'rows': 3}
2025-11-12 11:25:46,036 INFO [cli] {'ticker': 'IWM', 'mode': 'tri', 'thr': 60, 'window': '1Y', 'order': 2, 'rows': 9}
2025-11-12 11:25:46,044 INFO [cli] {'ticker': 'IWM', 'mode': 'tri', 'thr': 60, 'window': '1Y', 'order': 3, 'rows': 27}
2025-11-12 11:25:46,051 INFO [cli] {'ticker': 'IWM', 'mode': 'tri', 'thr': 60, 'window': '1Y', 'order': 4, 'rows': 74}
2025-11-12 11:25:46,059 INFO [cli] {'ticker': 'IWM', 'mode': 'tri', 'thr': 60, 'window': '2Y', 'order': 1, 'rows': 3}
2025-11-12 11:25:46,070 INFO [cli] {'ticker': 'IWM', 'mode': 'tri', 'thr': 60, 'window': '2Y', 'order': 2, 'rows': 9}
2025-11-12 11:25:46,082 INFO [cli] {'ticker': 'IWM', 'mode': 'tri', 'thr': 60, 'window': '2Y', 'order': 3, 'rows': 27}
2025-11-12 11:25:46,092 INFO [cli] {'ticker': 'IWM', 'mode': 'tri', 'thr': 60, 'window': '2Y', 'order': 4, 'rows': 81}
2025-11-12 11:25:46,101 INFO [cli] {'ticker': 'IWM', 'mode': 'tri', 'thr': 60, 'window': '5Y', 'order': 1, 'rows': 3}
2025-11-12 11:25:46,110 INFO [cli] {'ticker': 'IWM', 'mode': 'tri', 'thr': 60, 'window': '5Y', 'order': 2, 'rows': 9}
2025-11-12 11:25:46,118 INFO [cli] {'ticker': 'IWM', 'mode': 'tri', 'thr': 60, 'window': '5Y', 'order': 3, 'rows': 27}
2025-11-12 11:25:46,125 INFO [cli] {'ticker': 'IWM', 'mode': 'tri', 'thr': 60, 'window': '5Y', 'order': 4, 'rows': 81}
2025-11-12 11:25:46,135 INFO [cli] {'ticker': 'IWM', 'mode': 'tri', 'thr': 60, 'window': '10Y', 'order': 1, 'rows': 3}
2025-11-12 11:25:46,142 INFO [cli] {'ticker': 'IWM', 'mode': 'tri', 'thr': 60, 'window': '10Y', 'order': 2, 'rows': 9}
2025-11-12 11:25:46,150 INFO [cli] {'ticker': 'IWM', 'mode': 'tri', 'thr': 60, 'window': '10Y', 'order': 3, 'rows': 27}
2025-11-12 11:25:46,158 INFO [cli] {'ticker': 'IWM', 'mode': 'tri', 'thr': 60, 'window': '10Y', 'order': 4, 'rows': 81}
2025-11-12 11:25:46,166 INFO [cli] {'ticker': 'IWM', 'mode': 'tri', 'thr': 60, 'window': '20Y', 'order': 1, 'rows': 3}
2025-11-12 11:25:46,173 INFO [cli] {'ticker': 'IWM', 'mode': 'tri', 'thr': 60, 'window': '20Y', 'order': 2, 'rows': 9}
2025-11-12 11:25:46,180 INFO [cli] {'ticker': 'IWM', 'mode': 'tri', 'thr': 60, 'window': '20Y', 'order': 3, 'rows': 27}
2025-11-12 11:25:46,188 INFO [cli] {'ticker': 'IWM', 'mode': 'tri', 'thr': 60, 'window': '20Y', 'order': 4, 'rows': 81}
2025-11-12 11:25:46,196 INFO [cli] {'ticker': 'IWM', 'mode': 'tri', 'thr': 60, 'window': 'MAX', 'order': 1, 'rows': 3}
2025-11-12 11:25:46,203 INFO [cli] {'ticker': 'IWM', 'mode': 'tri', 'thr': 60, 'window': 'MAX', 'order': 2, 'rows': 9}
2025-11-12 11:25:46,210 INFO [cli] {'ticker': 'IWM', 'mode': 'tri', 'thr': 60, 'window': 'MAX', 'order': 3, 'rows': 27}
2025-11-12 11:25:46,218 INFO [cli] {'ticker': 'IWM', 'mode': 'tri', 'thr': 60, 'window': 'MAX', 'order': 4, 'rows': 81}
2025-11-12 11:25:46,233 INFO [cli] {'ticker': 'IWM', 'mode': 'tri', 'thr': 65, 'window': '1Y', 'order': 1, 'rows': 3}
2025-11-12 11:25:46,243 INFO [cli] {'ticker': 'IWM', 'mode': 'tri', 'thr': 65, 'window': '1Y', 'order': 2, 'rows': 9}
2025-11-12 11:25:46,252 INFO [cli] {'ticker': 'IWM', 'mode': 'tri', 'thr': 65, 'window': '1Y', 'order': 3, 'rows': 27}
2025-11-12 11:25:46,259 INFO [cli] {'ticker': 'IWM', 'mode': 'tri', 'thr': 65, 'window': '1Y', 'order': 4, 'rows': 73}
2025-11-12 11:25:46,269 INFO [cli] {'ticker': 'IWM', 'mode': 'tri', 'thr': 65, 'window': '2Y', 'order': 1, 'rows': 3}
2025-11-12 11:25:46,278 INFO [cli] {'ticker': 'IWM', 'mode': 'tri', 'thr': 65, 'window': '2Y', 'order': 2, 'rows': 9}
2025-11-12 11:25:46,285 INFO [cli] {'ticker': 'IWM', 'mode': 'tri', 'thr': 65, 'window': '2Y', 'order': 3, 'rows': 27}
2025-11-12 11:25:46,295 INFO [cli] {'ticker': 'IWM', 'mode': 'tri', 'thr': 65, 'window': '2Y', 'order': 4, 'rows': 81}
2025-11-12 11:25:46,305 INFO [cli] {'ticker': 'IWM', 'mode': 'tri', 'thr': 65, 'window': '5Y', 'order': 1, 'rows': 3}
2025-11-12 11:25:46,314 INFO [cli] {'ticker': 'IWM', 'mode': 'tri', 'thr': 65, 'window': '5Y', 'order': 2, 'rows': 9}
2025-11-12 11:25:46,325 INFO [cli] {'ticker': 'IWM', 'mode': 'tri', 'thr': 65, 'window': '5Y', 'order': 3, 'rows': 27}
2025-11-12 11:25:46,335 INFO [cli] {'ticker': 'IWM', 'mode': 'tri', 'thr': 65, 'window': '5Y', 'order': 4, 'rows': 81}
2025-11-12 11:25:46,347 INFO [cli] {'ticker': 'IWM', 'mode': 'tri', 'thr': 65, 'window': '10Y', 'order': 1, 'rows': 3}
2025-11-12 11:25:46,356 INFO [cli] {'ticker': 'IWM', 'mode': 'tri', 'thr': 65, 'window': '10Y', 'order': 2, 'rows': 9}
2025-11-12 11:25:46,364 INFO [cli] {'ticker': 'IWM', 'mode': 'tri', 'thr': 65, 'window': '10Y', 'order': 3, 'rows': 27}
2025-11-12 11:25:46,374 INFO [cli] {'ticker': 'IWM', 'mode': 'tri', 'thr': 65, 'window': '10Y', 'order': 4, 'rows': 81}
2025-11-12 11:25:46,385 INFO [cli] {'ticker': 'IWM', 'mode': 'tri', 'thr': 65, 'window': '20Y', 'order': 1, 'rows': 3}
2025-11-12 11:25:46,394 INFO [cli] {'ticker': 'IWM', 'mode': 'tri', 'thr': 65, 'window': '20Y', 'order': 2, 'rows': 9}
2025-11-12 11:25:46,408 INFO [cli] {'ticker': 'IWM', 'mode': 'tri', 'thr': 65, 'window': '20Y', 'order': 3, 'rows': 27}
2025-11-12 11:25:46,419 INFO [cli] {'ticker': 'IWM', 'mode': 'tri', 'thr': 65, 'window': '20Y', 'order': 4, 'rows': 81}
2025-11-12 11:25:46,433 INFO [cli] {'ticker': 'IWM', 'mode': 'tri', 'thr': 65, 'window': 'MAX', 'order': 1, 'rows': 3}
2025-11-12 11:25:46,443 INFO [cli] {'ticker': 'IWM', 'mode': 'tri', 'thr': 65, 'window': 'MAX', 'order': 2, 'rows': 9}
2025-11-12 11:25:46,453 INFO [cli] {'ticker': 'IWM', 'mode': 'tri', 'thr': 65, 'window': 'MAX', 'order': 3, 'rows': 27}
2025-11-12 11:25:46,463 INFO [cli] {'ticker': 'IWM', 'mode': 'tri', 'thr': 65, 'window': 'MAX', 'order': 4, 'rows': 81}
2025-11-12 11:25:46,478 INFO [cli] {'ticker': 'IWM', 'mode': 'tri', 'thr': 70, 'window': '1Y', 'order': 1, 'rows': 3}
2025-11-12 11:25:46,487 INFO [cli] {'ticker': 'IWM', 'mode': 'tri', 'thr': 70, 'window': '1Y', 'order': 2, 'rows': 9}
2025-11-12 11:25:46,497 INFO [cli] {'ticker': 'IWM', 'mode': 'tri', 'thr': 70, 'window': '1Y', 'order': 3, 'rows': 27}
2025-11-12 11:25:46,506 INFO [cli] {'ticker': 'IWM', 'mode': 'tri', 'thr': 70, 'window': '1Y', 'order': 4, 'rows': 72}
2025-11-12 11:25:46,517 INFO [cli] {'ticker': 'IWM', 'mode': 'tri', 'thr': 70, 'window': '2Y', 'order': 1, 'rows': 3}
2025-11-12 11:25:46,524 INFO [cli] {'ticker': 'IWM', 'mode': 'tri', 'thr': 70, 'window': '2Y', 'order': 2, 'rows': 9}
2025-11-12 11:25:46,537 INFO [cli] {'ticker': 'IWM', 'mode': 'tri', 'thr': 70, 'window': '2Y', 'order': 3, 'rows': 27}
2025-11-12 11:25:46,548 INFO [cli] {'ticker': 'IWM', 'mode': 'tri', 'thr': 70, 'window': '2Y', 'order': 4, 'rows': 81}
2025-11-12 11:25:46,558 INFO [cli] {'ticker': 'IWM', 'mode': 'tri', 'thr': 70, 'window': '5Y', 'order': 1, 'rows': 3}
2025-11-12 11:25:46,567 INFO [cli] {'ticker': 'IWM', 'mode': 'tri', 'thr': 70, 'window': '5Y', 'order': 2, 'rows': 9}
2025-11-12 11:25:46,576 INFO [cli] {'ticker': 'IWM', 'mode': 'tri', 'thr': 70, 'window': '5Y', 'order': 3, 'rows': 27}
2025-11-12 11:25:46,585 INFO [cli] {'ticker': 'IWM', 'mode': 'tri', 'thr': 70, 'window': '5Y', 'order': 4, 'rows': 81}
2025-11-12 11:25:46,597 INFO [cli] {'ticker': 'IWM', 'mode': 'tri', 'thr': 70, 'window': '10Y', 'order': 1, 'rows': 3}
2025-11-12 11:25:46,607 INFO [cli] {'ticker': 'IWM', 'mode': 'tri', 'thr': 70, 'window': '10Y', 'order': 2, 'rows': 9}
2025-11-12 11:25:46,615 INFO [cli] {'ticker': 'IWM', 'mode': 'tri', 'thr': 70, 'window': '10Y', 'order': 3, 'rows': 27}
2025-11-12 11:25:46,634 INFO [cli] {'ticker': 'IWM', 'mode': 'tri', 'thr': 70, 'window': '10Y', 'order': 4, 'rows': 81}
2025-11-12 11:25:46,644 INFO [cli] {'ticker': 'IWM', 'mode': 'tri', 'thr': 70, 'window': '20Y', 'order': 1, 'rows': 3}
2025-11-12 11:25:46,653 INFO [cli] {'ticker': 'IWM', 'mode': 'tri', 'thr': 70, 'window': '20Y', 'order': 2, 'rows': 9}
2025-11-12 11:25:46,663 INFO [cli] {'ticker': 'IWM', 'mode': 'tri', 'thr': 70, 'window': '20Y', 'order': 3, 'rows': 27}
2025-11-12 11:25:46,674 INFO [cli] {'ticker': 'IWM', 'mode': 'tri', 'thr': 70, 'window': '20Y', 'order': 4, 'rows': 81}

{'ticker': 'IWM', 'mode': 'tri', 'thr': 30, 'window': '20Y', 'order': 2, 'rows': 9}
{'ticker': 'IWM', 'mode': 'tri', 'thr': 30, 'window': '20Y', 'order': 3, 'rows': 27}
{'ticker': 'IWM', 'mode': 'tri', 'thr': 30, 'window': '20Y', 'order': 4, 'rows': 81}
{'ticker': 'IWM', 'mode': 'tri', 'thr': 30, 'window': 'MAX', 'order': 1, 'rows': 3}
{'ticker': 'IWM', 'mode': 'tri', 'thr': 30, 'window': 'MAX', 'order': 2, 'rows': 9}
{'ticker': 'IWM', 'mode': 'tri', 'thr': 30, 'window': 'MAX', 'order': 3, 'rows': 27}
{'ticker': 'IWM', 'mode': 'tri', 'thr': 30, 'window': 'MAX', 'order': 4, 'rows': 81}
{'ticker': 'IWM', 'mode': 'tri', 'thr': 35, 'window': '1Y', 'order': 1, 'rows': 3}
{'ticker': 'IWM', 'mode': 'tri', 'thr': 35, 'window': '1Y', 'order': 2, 'rows': 9}
{'ticker': 'IWM', 'mode': 'tri', 'thr': 35, 'window': '1Y', 'order': 3, 'rows': 27}
{'ticker': 'IWM', 'mode': 'tri', 'thr': 35, 'window': '1Y', 'order': 4, 'rows': 70}
{'ticker': 'IWM', 'mode': 'tri', 'thr': 35, 'window': '2Y', 'order': 1, 'rows': 3}
{'ticker': 'IWM', 'mode': 'tri', 'thr': 35, 'window': '2Y', 'order': 2, 'rows': 9}
{'ticker': 'IWM', 'mode': 'tri', 'thr': 35, 'window': '2Y', 'order': 3, 'rows': 27}
{'ticker': 'IWM', 'mode': 'tri', 'thr': 35, 'window': '2Y', 'order': 4, 'rows': 80}
{'ticker': 'IWM', 'mode': 'tri', 'thr': 35, 'window': '5Y', 'order': 1, 'rows': 3}
{'ticker': 'IWM', 'mode': 'tri', 'thr': 35, 'window': '5Y', 'order': 2, 'rows': 9}
{'ticker': 'IWM', 'mode': 'tri', 'thr': 35, 'window': '5Y', 'order': 3, 'rows': 27}
{'ticker': 'IWM', 'mode': 'tri', 'thr': 35, 'window': '5Y', 'order': 4, 'rows': 81}
{'ticker': 'IWM', 'mode': 'tri', 'thr': 35, 'window': '10Y', 'order': 1, 'rows': 3}
{'ticker': 'IWM', 'mode': 'tri', 'thr': 35, 'window': '10Y', 'order': 2, 'rows': 9}
{'ticker': 'IWM', 'mode': 'tri', 'thr': 35, 'window': '10Y', 'order': 3, 'rows': 27}
{'ticker': 'IWM', 'mode': 'tri', 'thr': 35, 'window': '10Y', 'order': 4, 'rows': 81}
{'ticker': 'IWM', 'mode': 'tri', 'thr': 35, 'window': '20Y', 'order': 1, 'rows': 3}
{'ticker': 'IWM', 'mode': 'tri', 'thr': 35, 'window': '20Y', 'order': 2, 'rows': 9}
{'ticker': 'IWM', 'mode': 'tri', 'thr': 35, 'window': '20Y', 'order': 3, 'rows': 27}
{'ticker': 'IWM', 'mode': 'tri', 'thr': 35, 'window': '20Y', 'order': 4, 'rows': 81}
{'ticker': 'IWM', 'mode': 'tri', 'thr': 35, 'window': 'MAX', 'order': 1, 'rows': 3}
{'ticker': 'IWM', 'mode': 'tri', 'thr': 35, 'window': 'MAX', 'order': 2, 'rows': 9}
{'ticker': 'IWM', 'mode': 'tri', 'thr': 35, 'window': 'MAX', 'order': 3, 'rows': 27}
{'ticker': 'IWM', 'mode': 'tri', 'thr': 35, 'window': 'MAX', 'order': 4, 'rows': 81}
{'ticker': 'IWM', 'mode': 'tri', 'thr': 40, 'window': '1Y', 'order': 1, 'rows': 3}
{'ticker': 'IWM', 'mode': 'tri', 'thr': 40, 'window': '1Y', 'order': 2, 'rows': 9}
{'ticker': 'IWM', 'mode': 'tri', 'thr': 40, 'window': '1Y', 'order': 3, 'rows': 27}
{'ticker': 'IWM', 'mode': 'tri', 'thr': 40, 'window': '1Y', 'order': 4, 'rows': 76}
{'ticker': 'IWM', 'mode': 'tri', 'thr': 40, 'window': '2Y', 'order': 1, 'rows': 3}
{'ticker': 'IWM', 'mode': 'tri', 'thr': 40, 'window': '2Y', 'order': 2, 'rows': 9}
{'ticker': 'IWM', 'mode': 'tri', 'thr': 40, 'window': '2Y', 'order': 3, 'rows': 27}
{'ticker': 'IWM', 'mode': 'tri', 'thr': 40, 'window': '2Y', 'order': 4, 'rows': 81}
{'ticker': 'IWM', 'mode': 'tri', 'thr': 40, 'window': '5Y', 'order': 1, 'rows': 3}
{'ticker': 'IWM', 'mode': 'tri', 'thr': 40, 'window': '5Y', 'order': 2, 'rows': 9}
{'ticker': 'IWM', 'mode': 'tri', 'thr': 40, 'window': '5Y', 'order': 3, 'rows': 27}
{'ticker': 'IWM', 'mode': 'tri', 'thr': 40, 'window': '5Y', 'order': 4, 'rows': 81}
{'ticker': 'IWM', 'mode': 'tri', 'thr': 40, 'window': '10Y', 'order': 1, 'rows': 3}
{'ticker': 'IWM', 'mode': 'tri', 'thr': 40, 'window': '10Y', 'order': 2, 'rows': 9}
{'ticker': 'IWM', 'mode': 'tri', 'thr': 40, 'window': '10Y', 'order': 3, 'rows': 27}
{'ticker': 'IWM', 'mode': 'tri', 'thr': 40, 'window': '10Y', 'order': 4, 'rows': 81}
{'ticker': 'IWM', 'mode': 'tri', 'thr': 40, 'window': '20Y', 'order': 1, 'rows': 3}
{'ticker': 'IWM', 'mode': 'tri', 'thr': 40, 'window': '20Y', 'order': 2, 'rows': 9}
{'ticker': 'IWM', 'mode': 'tri', 'thr': 40, 'window': '20Y', 'order': 3, 'rows': 27}
{'ticker': 'IWM', 'mode': 'tri', 'thr': 40, 'window': '20Y', 'order': 4, 'rows': 81}
{'ticker': 'IWM', 'mode': 'tri', 'thr': 40, 'window': 'MAX', 'order': 1, 'rows': 3}
{'ticker': 'IWM', 'mode': 'tri', 'thr': 40, 'window': 'MAX', 'order': 2, 'rows': 9}
{'ticker': 'IWM', 'mode': 'tri', 'thr': 40, 'window': 'MAX', 'order': 3, 'rows': 27}
{'ticker': 'IWM', 'mode': 'tri', 'thr': 40, 'window': 'MAX', 'order': 4, 'rows': 81}
{'ticker': 'IWM', 'mode': 'tri', 'thr': 45, 'window': '1Y', 'order': 1, 'rows': 3}
{'ticker': 'IWM', 'mode': 'tri', 'thr': 45, 'window': '1Y', 'order': 2, 'rows': 9}
{'ticker': 'IWM', 'mode': 'tri', 'thr': 45, 'window': '1Y', 'order': 3, 'rows': 27}
{'ticker': 'IWM', 'mode': 'tri', 'thr': 45, 'window': '1Y', 'order': 4, 'rows': 74}
{'ticker': 'IWM', 'mode': 'tri', 'thr': 45, 'window': '2Y', 'order': 1, 'rows': 3}
{'ticker': 'IWM', 'mode': 'tri', 'thr': 45, 'window': '2Y', 'order': 2, 'rows': 9}
{'ticker': 'IWM', 'mode': 'tri', 'thr': 45, 'window': '2Y', 'order': 3, 'rows': 27}
{'ticker': 'IWM', 'mode': 'tri', 'thr': 45, 'window': '2Y', 'order': 4, 'rows': 81}
{'ticker': 'IWM', 'mode': 'tri', 'thr': 45, 'window': '5Y', 'order': 1, 'rows': 3}
{'ticker': 'IWM', 'mode': 'tri', 'thr': 45, 'window': '5Y', 'order': 2, 'rows': 9}
{'ticker': 'IWM', 'mode': 'tri', 'thr': 45, 'window': '5Y', 'order': 3, 'rows': 27}
{'ticker': 'IWM', 'mode': 'tri', 'thr': 45, 'window': '5Y', 'order': 4, 'rows': 81}
{'ticker': 'IWM', 'mode': 'tri', 'thr': 45, 'window': '10Y', 'order': 1, 'rows': 3}
{'ticker': 'IWM', 'mode': 'tri', 'thr': 45, 'window': '10Y', 'order': 2, 'rows': 9}
{'ticker': 'IWM', 'mode': 'tri', 'thr': 45, 'window': '10Y', 'order': 3, 'rows': 27}
{'ticker': 'IWM', 'mode': 'tri', 'thr': 45, 'window': '10Y', 'order': 4, 'rows': 81}
{'ticker': 'IWM', 'mode': 'tri', 'thr': 45, 'window': '20Y', 'order': 1, 'rows': 3}
{'ticker': 'IWM', 'mode': 'tri', 'thr': 45, 'window': '20Y', 'order': 2, 'rows': 9}
{'ticker': 'IWM', 'mode': 'tri', 'thr': 45, 'window': '20Y', 'order': 3, 'rows': 27}
{'ticker': 'IWM', 'mode': 'tri', 'thr': 45, 'window': '20Y', 'order': 4, 'rows': 81}
{'ticker': 'IWM', 'mode': 'tri', 'thr': 45, 'window': 'MAX', 'order': 1, 'rows': 3}
{'ticker': 'IWM', 'mode': 'tri', 'thr': 45, 'window': 'MAX', 'order': 2, 'rows': 9}
{'ticker': 'IWM', 'mode': 'tri', 'thr': 45, 'window': 'MAX', 'order': 3, 'rows': 27}
{'ticker': 'IWM', 'mode': 'tri', 'thr': 45, 'window': 'MAX', 'order': 4, 'rows': 81}
{'ticker': 'IWM', 'mode': 'tri', 'thr': 50, 'window': '1Y', 'order': 1, 'rows': 3}
{'ticker': 'IWM', 'mode': 'tri', 'thr': 50, 'window': '1Y', 'order': 2, 'rows': 9}
{'ticker': 'IWM', 'mode': 'tri', 'thr': 50, 'window': '1Y', 'order': 3, 'rows': 27}
{'ticker': 'IWM', 'mode': 'tri', 'thr': 50, 'window': '1Y', 'order': 4, 'rows': 75}
{'ticker': 'IWM', 'mode': 'tri', 'thr': 50, 'window': '2Y', 'order': 1, 'rows': 3}
{'ticker': 'IWM', 'mode': 'tri', 'thr': 50, 'window': '2Y', 'order': 2, 'rows': 9}
{'ticker': 'IWM', 'mode': 'tri', 'thr': 50, 'window': '2Y', 'order': 3, 'rows': 27}
{'ticker': 'IWM', 'mode': 'tri', 'thr': 50, 'window': '2Y', 'order': 4, 'rows': 80}
{'ticker': 'IWM', 'mode': 'tri', 'thr': 50, 'window': '5Y', 'order': 1, 'rows': 3}
{'ticker': 'IWM', 'mode': 'tri', 'thr': 50, 'window': '5Y', 'order': 2, 'rows': 9}
{'ticker': 'IWM', 'mode': 'tri', 'thr': 50, 'window': '5Y', 'order': 3, 'rows': 27}
{'ticker': 'IWM', 'mode': 'tri', 'thr': 50, 'window': '5Y', 'order': 4, 'rows': 81}
{'ticker': 'IWM', 'mode': 'tri', 'thr': 50, 'window': '10Y', 'order': 1, 'rows': 3}
{'ticker': 'IWM', 'mode': 'tri', 'thr': 50, 'window': '10Y', 'order': 2, 'rows': 9}
{'ticker': 'IWM', 'mode': 'tri', 'thr': 50, 'window': '10Y', 'order': 3, 'rows': 27}
{'ticker': 'IWM', 'mode': 'tri', 'thr': 50, 'window': '10Y', 'order': 4, 'rows': 81}
{'ticker': 'IWM', 'mode': 'tri', 'thr': 50, 'window': '20Y', 'order': 1, 'rows': 3}
{'ticker': 'IWM', 'mode': 'tri', 'thr': 50, 'window': '20Y', 'order': 2, 'rows': 9}
{'ticker': 'IWM', 'mode': 'tri', 'thr': 50, 'window': '20Y', 'order': 3, 'rows': 27}2025-11-12 11:25:46,683 INFO [cli] {'ticker': 'IWM', 'mode': 'tri', 'thr': 70, 'window': 'MAX', 'order': 1, 'rows': 3}
2025-11-12 11:25:46,690 INFO [cli] {'ticker': 'IWM', 'mode': 'tri', 'thr': 70, 'window': 'MAX', 'order': 2, 'rows': 9}
2025-11-12 11:25:46,697 INFO [cli] {'ticker': 'IWM', 'mode': 'tri', 'thr': 70, 'window': 'MAX', 'order': 3, 'rows': 27}
2025-11-12 11:25:46,706 INFO [cli] {'ticker': 'IWM', 'mode': 'tri', 'thr': 70, 'window': 'MAX', 'order': 4, 'rows': 81}
2025-11-12 11:25:46,723 INFO [cli] {'ticker': 'IWM', 'mode': 'tri', 'thr': 75, 'window': '1Y', 'order': 1, 'rows': 3}
2025-11-12 11:25:46,731 INFO [cli] {'ticker': 'IWM', 'mode': 'tri', 'thr': 75, 'window': '1Y', 'order': 2, 'rows': 9}
2025-11-12 11:25:46,740 INFO [cli] {'ticker': 'IWM', 'mode': 'tri', 'thr': 75, 'window': '1Y', 'order': 3, 'rows': 27}
2025-11-12 11:25:46,751 INFO [cli] {'ticker': 'IWM', 'mode': 'tri', 'thr': 75, 'window': '1Y', 'order': 4, 'rows': 71}
2025-11-12 11:25:46,762 INFO [cli] {'ticker': 'IWM', 'mode': 'tri', 'thr': 75, 'window': '2Y', 'order': 1, 'rows': 3}
2025-11-12 11:25:46,771 INFO [cli] {'ticker': 'IWM', 'mode': 'tri', 'thr': 75, 'window': '2Y', 'order': 2, 'rows': 9}
2025-11-12 11:25:46,781 INFO [cli] {'ticker': 'IWM', 'mode': 'tri', 'thr': 75, 'window': '2Y', 'order': 3, 'rows': 27}
2025-11-12 11:25:46,794 INFO [cli] {'ticker': 'IWM', 'mode': 'tri', 'thr': 75, 'window': '2Y', 'order': 4, 'rows': 81}
2025-11-12 11:25:46,803 INFO [cli] {'ticker': 'IWM', 'mode': 'tri', 'thr': 75, 'window': '5Y', 'order': 1, 'rows': 3}
2025-11-12 11:25:46,814 INFO [cli] {'ticker': 'IWM', 'mode': 'tri', 'thr': 75, 'window': '5Y', 'order': 2, 'rows': 9}
2025-11-12 11:25:46,824 INFO [cli] {'ticker': 'IWM', 'mode': 'tri', 'thr': 75, 'window': '5Y', 'order': 3, 'rows': 27}
2025-11-12 11:25:46,831 INFO [cli] {'ticker': 'IWM', 'mode': 'tri', 'thr': 75, 'window': '5Y', 'order': 4, 'rows': 81}
2025-11-12 11:25:46,846 INFO [cli] {'ticker': 'IWM', 'mode': 'tri', 'thr': 75, 'window': '10Y', 'order': 1, 'rows': 3}
2025-11-12 11:25:46,861 INFO [cli] {'ticker': 'IWM', 'mode': 'tri', 'thr': 75, 'window': '10Y', 'order': 2, 'rows': 9}
2025-11-12 11:25:46,870 INFO [cli] {'ticker': 'IWM', 'mode': 'tri', 'thr': 75, 'window': '10Y', 'order': 3, 'rows': 27}
2025-11-12 11:25:46,880 INFO [cli] {'ticker': 'IWM', 'mode': 'tri', 'thr': 75, 'window': '10Y', 'order': 4, 'rows': 81}
2025-11-12 11:25:46,889 INFO [cli] {'ticker': 'IWM', 'mode': 'tri', 'thr': 75, 'window': '20Y', 'order': 1, 'rows': 3}
2025-11-12 11:25:46,897 INFO [cli] {'ticker': 'IWM', 'mode': 'tri', 'thr': 75, 'window': '20Y', 'order': 2, 'rows': 9}
2025-11-12 11:25:46,908 INFO [cli] {'ticker': 'IWM', 'mode': 'tri', 'thr': 75, 'window': '20Y', 'order': 3, 'rows': 27}
2025-11-12 11:25:46,919 INFO [cli] {'ticker': 'IWM', 'mode': 'tri', 'thr': 75, 'window': '20Y', 'order': 4, 'rows': 81}
2025-11-12 11:25:46,934 INFO [cli] {'ticker': 'IWM', 'mode': 'tri', 'thr': 75, 'window': 'MAX', 'order': 1, 'rows': 3}
2025-11-12 11:25:46,943 INFO [cli] {'ticker': 'IWM', 'mode': 'tri', 'thr': 75, 'window': 'MAX', 'order': 2, 'rows': 9}
2025-11-12 11:25:46,950 INFO [cli] {'ticker': 'IWM', 'mode': 'tri', 'thr': 75, 'window': 'MAX', 'order': 3, 'rows': 27}
2025-11-12 11:25:46,957 INFO [cli] {'ticker': 'IWM', 'mode': 'tri', 'thr': 75, 'window': 'MAX', 'order': 4, 'rows': 81}
2025-11-12 11:25:46,973 INFO [cli] {'ticker': 'IWM', 'mode': 'tri', 'thr': 80, 'window': '1Y', 'order': 1, 'rows': 3}
2025-11-12 11:25:46,984 INFO [cli] {'ticker': 'IWM', 'mode': 'tri', 'thr': 80, 'window': '1Y', 'order': 2, 'rows': 9}
2025-11-12 11:25:46,993 INFO [cli] {'ticker': 'IWM', 'mode': 'tri', 'thr': 80, 'window': '1Y', 'order': 3, 'rows': 27}
2025-11-12 11:25:47,005 INFO [cli] {'ticker': 'IWM', 'mode': 'tri', 'thr': 80, 'window': '1Y', 'order': 4, 'rows': 69}
2025-11-12 11:25:47,015 INFO [cli] {'ticker': 'IWM', 'mode': 'tri', 'thr': 80, 'window': '2Y', 'order': 1, 'rows': 3}
2025-11-12 11:25:47,024 INFO [cli] {'ticker': 'IWM', 'mode': 'tri', 'thr': 80, 'window': '2Y', 'order': 2, 'rows': 9}
2025-11-12 11:25:47,033 INFO [cli] {'ticker': 'IWM', 'mode': 'tri', 'thr': 80, 'window': '2Y', 'order': 3, 'rows': 27}
2025-11-12 11:25:47,045 INFO [cli] {'ticker': 'IWM', 'mode': 'tri', 'thr': 80, 'window': '2Y', 'order': 4, 'rows': 81}
2025-11-12 11:25:47,055 INFO [cli] {'ticker': 'IWM', 'mode': 'tri', 'thr': 80, 'window': '5Y', 'order': 1, 'rows': 3}
2025-11-12 11:25:47,062 INFO [cli] {'ticker': 'IWM', 'mode': 'tri', 'thr': 80, 'window': '5Y', 'order': 2, 'rows': 9}
2025-11-12 11:25:47,071 INFO [cli] {'ticker': 'IWM', 'mode': 'tri', 'thr': 80, 'window': '5Y', 'order': 3, 'rows': 27}
2025-11-12 11:25:47,082 INFO [cli] {'ticker': 'IWM', 'mode': 'tri', 'thr': 80, 'window': '5Y', 'order': 4, 'rows': 81}
2025-11-12 11:25:47,092 INFO [cli] {'ticker': 'IWM', 'mode': 'tri', 'thr': 80, 'window': '10Y', 'order': 1, 'rows': 3}
2025-11-12 11:25:47,099 INFO [cli] {'ticker': 'IWM', 'mode': 'tri', 'thr': 80, 'window': '10Y', 'order': 2, 'rows': 9}
2025-11-12 11:25:47,108 INFO [cli] {'ticker': 'IWM', 'mode': 'tri', 'thr': 80, 'window': '10Y', 'order': 3, 'rows': 27}
2025-11-12 11:25:47,118 INFO [cli] {'ticker': 'IWM', 'mode': 'tri', 'thr': 80, 'window': '10Y', 'order': 4, 'rows': 81}
2025-11-12 11:25:47,125 INFO [cli] {'ticker': 'IWM', 'mode': 'tri', 'thr': 80, 'window': '20Y', 'order': 1, 'rows': 3}
2025-11-12 11:25:47,135 INFO [cli] {'ticker': 'IWM', 'mode': 'tri', 'thr': 80, 'window': '20Y', 'order': 2, 'rows': 9}
2025-11-12 11:25:47,145 INFO [cli] {'ticker': 'IWM', 'mode': 'tri', 'thr': 80, 'window': '20Y', 'order': 3, 'rows': 27}
2025-11-12 11:25:47,155 INFO [cli] {'ticker': 'IWM', 'mode': 'tri', 'thr': 80, 'window': '20Y', 'order': 4, 'rows': 81}
2025-11-12 11:25:47,167 INFO [cli] {'ticker': 'IWM', 'mode': 'tri', 'thr': 80, 'window': 'MAX', 'order': 1, 'rows': 3}
2025-11-12 11:25:47,179 INFO [cli] {'ticker': 'IWM', 'mode': 'tri', 'thr': 80, 'window': 'MAX', 'order': 2, 'rows': 9}
2025-11-12 11:25:47,190 INFO [cli] {'ticker': 'IWM', 'mode': 'tri', 'thr': 80, 'window': 'MAX', 'order': 3, 'rows': 27}
2025-11-12 11:25:47,199 INFO [cli] {'ticker': 'IWM', 'mode': 'tri', 'thr': 80, 'window': 'MAX', 'order': 4, 'rows': 81}
2025-11-12 11:25:47,215 INFO [cli] {'ticker': 'IWM', 'mode': 'tri', 'thr': 85, 'window': '1Y', 'order': 1, 'rows': 3}
2025-11-12 11:25:47,223 INFO [cli] {'ticker': 'IWM', 'mode': 'tri', 'thr': 85, 'window': '1Y', 'order': 2, 'rows': 9}
2025-11-12 11:25:47,231 INFO [cli] {'ticker': 'IWM', 'mode': 'tri', 'thr': 85, 'window': '1Y', 'order': 3, 'rows': 27}
2025-11-12 11:25:47,239 INFO [cli] {'ticker': 'IWM', 'mode': 'tri', 'thr': 85, 'window': '1Y', 'order': 4, 'rows': 68}
2025-11-12 11:25:47,247 INFO [cli] {'ticker': 'IWM', 'mode': 'tri', 'thr': 85, 'window': '2Y', 'order': 1, 'rows': 3}
2025-11-12 11:25:47,256 INFO [cli] {'ticker': 'IWM', 'mode': 'tri', 'thr': 85, 'window': '2Y', 'order': 2, 'rows': 9}
2025-11-12 11:25:47,267 INFO [cli] {'ticker': 'IWM', 'mode': 'tri', 'thr': 85, 'window': '2Y', 'order': 3, 'rows': 27}
2025-11-12 11:25:47,277 INFO [cli] {'ticker': 'IWM', 'mode': 'tri', 'thr': 85, 'window': '2Y', 'order': 4, 'rows': 79}
2025-11-12 11:25:47,285 INFO [cli] {'ticker': 'IWM', 'mode': 'tri', 'thr': 85, 'window': '5Y', 'order': 1, 'rows': 3}
2025-11-12 11:25:47,295 INFO [cli] {'ticker': 'IWM', 'mode': 'tri', 'thr': 85, 'window': '5Y', 'order': 2, 'rows': 9}
2025-11-12 11:25:47,304 INFO [cli] {'ticker': 'IWM', 'mode': 'tri', 'thr': 85, 'window': '5Y', 'order': 3, 'rows': 27}
2025-11-12 11:25:47,312 INFO [cli] {'ticker': 'IWM', 'mode': 'tri', 'thr': 85, 'window': '5Y', 'order': 4, 'rows': 81}
2025-11-12 11:25:47,322 INFO [cli] {'ticker': 'IWM', 'mode': 'tri', 'thr': 85, 'window': '10Y', 'order': 1, 'rows': 3}
2025-11-12 11:25:47,331 INFO [cli] {'ticker': 'IWM', 'mode': 'tri', 'thr': 85, 'window': '10Y', 'order': 2, 'rows': 9}
2025-11-12 11:25:47,340 INFO [cli] {'ticker': 'IWM', 'mode': 'tri', 'thr': 85, 'window': '10Y', 'order': 3, 'rows': 27}
2025-11-12 11:25:47,350 INFO [cli] {'ticker': 'IWM', 'mode': 'tri', 'thr': 85, 'window': '10Y', 'order': 4, 'rows': 81}
2025-11-12 11:25:47,360 INFO [cli] {'ticker': 'IWM', 'mode': 'tri', 'thr': 85, 'window': '20Y', 'order': 1, 'rows': 3}
2025-11-12 11:25:47,369 INFO [cli] {'ticker': 'IWM', 'mode': 'tri', 'thr': 85, 'window': '20Y', 'order': 2, 'rows': 9}
2025-11-12 11:25:47,378 INFO [cli] {'ticker': 'IWM', 'mode': 'tri', 'thr': 85, 'window': '20Y', 'order': 3, 'rows': 27}
2025-11-12 11:25:47,390 INFO [cli] {'ticker': 'IWM', 'mode': 'tri', 'thr': 85, 'window': '20Y', 'order': 4, 'rows': 81}
2025-11-12 11:25:47,401 INFO [cli] {'ticker': 'IWM', 'mode': 'tri', 'thr': 85, 'window': 'MAX', 'order': 1, 'rows': 3}
2025-11-12 11:25:47,411 INFO [cli] {'ticker': 'IWM', 'mode': 'tri', 'thr': 85, 'window': 'MAX', 'order': 2, 'rows': 9}
2025-11-12 11:25:47,421 INFO [cli] {'ticker': 'IWM', 'mode': 'tri', 'thr': 85, 'window': 'MAX', 'order': 3, 'rows': 27}
2025-11-12 11:25:47,431 INFO [cli] {'ticker': 'IWM', 'mode': 'tri', 'thr': 85, 'window': 'MAX', 'order': 4, 'rows': 81}
2025-11-12 11:25:47,445 INFO [cli] {'ticker': 'IWM', 'mode': 'tri', 'thr': 90, 'window': '1Y', 'order': 1, 'rows': 3}
2025-11-12 11:25:47,455 INFO [cli] {'ticker': 'IWM', 'mode': 'tri', 'thr': 90, 'window': '1Y', 'order': 2, 'rows': 9}
2025-11-12 11:25:47,462 INFO [cli] {'ticker': 'IWM', 'mode': 'tri', 'thr': 90, 'window': '1Y', 'order': 3, 'rows': 27}
2025-11-12 11:25:47,472 INFO [cli] {'ticker': 'IWM', 'mode': 'tri', 'thr': 90, 'window': '1Y', 'order': 4, 'rows': 65}
2025-11-12 11:25:47,484 INFO [cli] {'ticker': 'IWM', 'mode': 'tri', 'thr': 90, 'window': '2Y', 'order': 1, 'rows': 3}
2025-11-12 11:25:47,494 INFO [cli] {'ticker': 'IWM', 'mode': 'tri', 'thr': 90, 'window': '2Y', 'order': 2, 'rows': 9}
2025-11-12 11:25:47,504 INFO [cli] {'ticker': 'IWM', 'mode': 'tri', 'thr': 90, 'window': '2Y', 'order': 3, 'rows': 27}
2025-11-12 11:25:47,512 INFO [cli] {'ticker': 'IWM', 'mode': 'tri', 'thr': 90, 'window': '2Y', 'order': 4, 'rows': 78}
2025-11-12 11:25:47,522 INFO [cli] {'ticker': 'IWM', 'mode': 'tri', 'thr': 90, 'window': '5Y', 'order': 1, 'rows': 3}
2025-11-12 11:25:47,530 INFO [cli] {'ticker': 'IWM', 'mode': 'tri', 'thr': 90, 'window': '5Y', 'order': 2, 'rows': 9}
2025-11-12 11:25:47,541 INFO [cli] {'ticker': 'IWM', 'mode': 'tri', 'thr': 90, 'window': '5Y', 'order': 3, 'rows': 27}
2025-11-12 11:25:47,549 INFO [cli] {'ticker': 'IWM', 'mode': 'tri', 'thr': 90, 'window': '5Y', 'order': 4, 'rows': 81}
2025-11-12 11:25:47,561 INFO [cli] {'ticker': 'IWM', 'mode': 'tri', 'thr': 90, 'window': '10Y', 'order': 1, 'rows': 3}
2025-11-12 11:25:47,570 INFO [cli] {'ticker': 'IWM', 'mode': 'tri', 'thr': 90, 'window': '10Y', 'order': 2, 'rows': 9}
2025-11-12 11:25:47,593 INFO [cli] {'ticker': 'IWM', 'mode': 'tri', 'thr': 90, 'window': '10Y', 'order': 3, 'rows': 27}
2025-11-12 11:25:47,604 INFO [cli] {'ticker': 'IWM', 'mode': 'tri', 'thr': 90, 'window': '10Y', 'order': 4, 'rows': 81}
2025-11-12 11:25:47,615 INFO [cli] {'ticker': 'IWM', 'mode': 'tri', 'thr': 90, 'window': '20Y', 'order': 1, 'rows': 3}
2025-11-12 11:25:47,627 INFO [cli] {'ticker': 'IWM', 'mode': 'tri', 'thr': 90, 'window': '20Y', 'order': 2, 'rows': 9}
2025-11-12 11:25:47,643 INFO [cli] {'ticker': 'IWM', 'mode': 'tri', 'thr': 90, 'window': '20Y', 'order': 3, 'rows': 27}
2025-11-12 11:25:47,652 INFO [cli] {'ticker': 'IWM', 'mode': 'tri', 'thr': 90, 'window': '20Y', 'order': 4, 'rows': 81}
2025-11-12 11:25:47,659 INFO [cli] {'ticker': 'IWM', 'mode': 'tri', 'thr': 90, 'window': 'MAX', 'order': 1, 'rows': 3}
2025-11-12 11:25:47,668 INFO [cli] {'ticker': 'IWM', 'mode': 'tri', 'thr': 90, 'window': 'MAX', 'order': 2, 'rows': 9}

{'ticker': 'IWM', 'mode': 'tri', 'thr': 50, 'window': '20Y', 'order': 4, 'rows': 81}
{'ticker': 'IWM', 'mode': 'tri', 'thr': 50, 'window': 'MAX', 'order': 1, 'rows': 3}
{'ticker': 'IWM', 'mode': 'tri', 'thr': 50, 'window': 'MAX', 'order': 2, 'rows': 9}
{'ticker': 'IWM', 'mode': 'tri', 'thr': 50, 'window': 'MAX', 'order': 3, 'rows': 27}
{'ticker': 'IWM', 'mode': 'tri', 'thr': 50, 'window': 'MAX', 'order': 4, 'rows': 81}
{'ticker': 'IWM', 'mode': 'tri', 'thr': 55, 'window': '1Y', 'order': 1, 'rows': 3}
{'ticker': 'IWM', 'mode': 'tri', 'thr': 55, 'window': '1Y', 'order': 2, 'rows': 9}
{'ticker': 'IWM', 'mode': 'tri', 'thr': 55, 'window': '1Y', 'order': 3, 'rows': 27}
{'ticker': 'IWM', 'mode': 'tri', 'thr': 55, 'window': '1Y', 'order': 4, 'rows': 74}
{'ticker': 'IWM', 'mode': 'tri', 'thr': 55, 'window': '2Y', 'order': 1, 'rows': 3}
{'ticker': 'IWM', 'mode': 'tri', 'thr': 55, 'window': '2Y', 'order': 2, 'rows': 9}
{'ticker': 'IWM', 'mode': 'tri', 'thr': 55, 'window': '2Y', 'order': 3, 'rows': 27}
{'ticker': 'IWM', 'mode': 'tri', 'thr': 55, 'window': '2Y', 'order': 4, 'rows': 80}
{'ticker': 'IWM', 'mode': 'tri', 'thr': 55, 'window': '5Y', 'order': 1, 'rows': 3}
{'ticker': 'IWM', 'mode': 'tri', 'thr': 55, 'window': '5Y', 'order': 2, 'rows': 9}
{'ticker': 'IWM', 'mode': 'tri', 'thr': 55, 'window': '5Y', 'order': 3, 'rows': 27}
{'ticker': 'IWM', 'mode': 'tri', 'thr': 55, 'window': '5Y', 'order': 4, 'rows': 81}
{'ticker': 'IWM', 'mode': 'tri', 'thr': 55, 'window': '10Y', 'order': 1, 'rows': 3}
{'ticker': 'IWM', 'mode': 'tri', 'thr': 55, 'window': '10Y', 'order': 2, 'rows': 9}
{'ticker': 'IWM', 'mode': 'tri', 'thr': 55, 'window': '10Y', 'order': 3, 'rows': 27}
{'ticker': 'IWM', 'mode': 'tri', 'thr': 55, 'window': '10Y', 'order': 4, 'rows': 81}
{'ticker': 'IWM', 'mode': 'tri', 'thr': 55, 'window': '20Y', 'order': 1, 'rows': 3}
{'ticker': 'IWM', 'mode': 'tri', 'thr': 55, 'window': '20Y', 'order': 2, 'rows': 9}
{'ticker': 'IWM', 'mode': 'tri', 'thr': 55, 'window': '20Y', 'order': 3, 'rows': 27}
{'ticker': 'IWM', 'mode': 'tri', 'thr': 55, 'window': '20Y', 'order': 4, 'rows': 81}
{'ticker': 'IWM', 'mode': 'tri', 'thr': 55, 'window': 'MAX', 'order': 1, 'rows': 3}
{'ticker': 'IWM', 'mode': 'tri', 'thr': 55, 'window': 'MAX', 'order': 2, 'rows': 9}
{'ticker': 'IWM', 'mode': 'tri', 'thr': 55, 'window': 'MAX', 'order': 3, 'rows': 27}
{'ticker': 'IWM', 'mode': 'tri', 'thr': 55, 'window': 'MAX', 'order': 4, 'rows': 81}
{'ticker': 'IWM', 'mode': 'tri', 'thr': 60, 'window': '1Y', 'order': 1, 'rows': 3}
{'ticker': 'IWM', 'mode': 'tri', 'thr': 60, 'window': '1Y', 'order': 2, 'rows': 9}
{'ticker': 'IWM', 'mode': 'tri', 'thr': 60, 'window': '1Y', 'order': 3, 'rows': 27}
{'ticker': 'IWM', 'mode': 'tri', 'thr': 60, 'window': '1Y', 'order': 4, 'rows': 74}
{'ticker': 'IWM', 'mode': 'tri', 'thr': 60, 'window': '2Y', 'order': 1, 'rows': 3}
{'ticker': 'IWM', 'mode': 'tri', 'thr': 60, 'window': '2Y', 'order': 2, 'rows': 9}
{'ticker': 'IWM', 'mode': 'tri', 'thr': 60, 'window': '2Y', 'order': 3, 'rows': 27}
{'ticker': 'IWM', 'mode': 'tri', 'thr': 60, 'window': '2Y', 'order': 4, 'rows': 81}
{'ticker': 'IWM', 'mode': 'tri', 'thr': 60, 'window': '5Y', 'order': 1, 'rows': 3}
{'ticker': 'IWM', 'mode': 'tri', 'thr': 60, 'window': '5Y', 'order': 2, 'rows': 9}
{'ticker': 'IWM', 'mode': 'tri', 'thr': 60, 'window': '5Y', 'order': 3, 'rows': 27}
{'ticker': 'IWM', 'mode': 'tri', 'thr': 60, 'window': '5Y', 'order': 4, 'rows': 81}
{'ticker': 'IWM', 'mode': 'tri', 'thr': 60, 'window': '10Y', 'order': 1, 'rows': 3}
{'ticker': 'IWM', 'mode': 'tri', 'thr': 60, 'window': '10Y', 'order': 2, 'rows': 9}
{'ticker': 'IWM', 'mode': 'tri', 'thr': 60, 'window': '10Y', 'order': 3, 'rows': 27}
{'ticker': 'IWM', 'mode': 'tri', 'thr': 60, 'window': '10Y', 'order': 4, 'rows': 81}
{'ticker': 'IWM', 'mode': 'tri', 'thr': 60, 'window': '20Y', 'order': 1, 'rows': 3}
{'ticker': 'IWM', 'mode': 'tri', 'thr': 60, 'window': '20Y', 'order': 2, 'rows': 9}
{'ticker': 'IWM', 'mode': 'tri', 'thr': 60, 'window': '20Y', 'order': 3, 'rows': 27}
{'ticker': 'IWM', 'mode': 'tri', 'thr': 60, 'window': '20Y', 'order': 4, 'rows': 81}
{'ticker': 'IWM', 'mode': 'tri', 'thr': 60, 'window': 'MAX', 'order': 1, 'rows': 3}
{'ticker': 'IWM', 'mode': 'tri', 'thr': 60, 'window': 'MAX', 'order': 2, 'rows': 9}
{'ticker': 'IWM', 'mode': 'tri', 'thr': 60, 'window': 'MAX', 'order': 3, 'rows': 27}
{'ticker': 'IWM', 'mode': 'tri', 'thr': 60, 'window': 'MAX', 'order': 4, 'rows': 81}
{'ticker': 'IWM', 'mode': 'tri', 'thr': 65, 'window': '1Y', 'order': 1, 'rows': 3}
{'ticker': 'IWM', 'mode': 'tri', 'thr': 65, 'window': '1Y', 'order': 2, 'rows': 9}
{'ticker': 'IWM', 'mode': 'tri', 'thr': 65, 'window': '1Y', 'order': 3, 'rows': 27}
{'ticker': 'IWM', 'mode': 'tri', 'thr': 65, 'window': '1Y', 'order': 4, 'rows': 73}
{'ticker': 'IWM', 'mode': 'tri', 'thr': 65, 'window': '2Y', 'order': 1, 'rows': 3}
{'ticker': 'IWM', 'mode': 'tri', 'thr': 65, 'window': '2Y', 'order': 2, 'rows': 9}
{'ticker': 'IWM', 'mode': 'tri', 'thr': 65, 'window': '2Y', 'order': 3, 'rows': 27}
{'ticker': 'IWM', 'mode': 'tri', 'thr': 65, 'window': '2Y', 'order': 4, 'rows': 81}
{'ticker': 'IWM', 'mode': 'tri', 'thr': 65, 'window': '5Y', 'order': 1, 'rows': 3}
{'ticker': 'IWM', 'mode': 'tri', 'thr': 65, 'window': '5Y', 'order': 2, 'rows': 9}
{'ticker': 'IWM', 'mode': 'tri', 'thr': 65, 'window': '5Y', 'order': 3, 'rows': 27}
{'ticker': 'IWM', 'mode': 'tri', 'thr': 65, 'window': '5Y', 'order': 4, 'rows': 81}
{'ticker': 'IWM', 'mode': 'tri', 'thr': 65, 'window': '10Y', 'order': 1, 'rows': 3}
{'ticker': 'IWM', 'mode': 'tri', 'thr': 65, 'window': '10Y', 'order': 2, 'rows': 9}
{'ticker': 'IWM', 'mode': 'tri', 'thr': 65, 'window': '10Y', 'order': 3, 'rows': 27}
{'ticker': 'IWM', 'mode': 'tri', 'thr': 65, 'window': '10Y', 'order': 4, 'rows': 81}
{'ticker': 'IWM', 'mode': 'tri', 'thr': 65, 'window': '20Y', 'order': 1, 'rows': 3}
{'ticker': 'IWM', 'mode': 'tri', 'thr': 65, 'window': '20Y', 'order': 2, 'rows': 9}
{'ticker': 'IWM', 'mode': 'tri', 'thr': 65, 'window': '20Y', 'order': 3, 'rows': 27}
{'ticker': 'IWM', 'mode': 'tri', 'thr': 65, 'window': '20Y', 'order': 4, 'rows': 81}
{'ticker': 'IWM', 'mode': 'tri', 'thr': 65, 'window': 'MAX', 'order': 1, 'rows': 3}
{'ticker': 'IWM', 'mode': 'tri', 'thr': 65, 'window': 'MAX', 'order': 2, 'rows': 9}
{'ticker': 'IWM', 'mode': 'tri', 'thr': 65, 'window': 'MAX', 'order': 3, 'rows': 27}
{'ticker': 'IWM', 'mode': 'tri', 'thr': 65, 'window': 'MAX', 'order': 4, 'rows': 81}
{'ticker': 'IWM', 'mode': 'tri', 'thr': 70, 'window': '1Y', 'order': 1, 'rows': 3}
{'ticker': 'IWM', 'mode': 'tri', 'thr': 70, 'window': '1Y', 'order': 2, 'rows': 9}
{'ticker': 'IWM', 'mode': 'tri', 'thr': 70, 'window': '1Y', 'order': 3, 'rows': 27}
{'ticker': 'IWM', 'mode': 'tri', 'thr': 70, 'window': '1Y', 'order': 4, 'rows': 72}
{'ticker': 'IWM', 'mode': 'tri', 'thr': 70, 'window': '2Y', 'order': 1, 'rows': 3}
{'ticker': 'IWM', 'mode': 'tri', 'thr': 70, 'window': '2Y', 'order': 2, 'rows': 9}
{'ticker': 'IWM', 'mode': 'tri', 'thr': 70, 'window': '2Y', 'order': 3, 'rows': 27}
{'ticker': 'IWM', 'mode': 'tri', 'thr': 70, 'window': '2Y', 'order': 4, 'rows': 81}
{'ticker': 'IWM', 'mode': 'tri', 'thr': 70, 'window': '5Y', 'order': 1, 'rows': 3}
{'ticker': 'IWM', 'mode': 'tri', 'thr': 70, 'window': '5Y', 'order': 2, 'rows': 9}
{'ticker': 'IWM', 'mode': 'tri', 'thr': 70, 'window': '5Y', 'order': 3, 'rows': 27}
{'ticker': 'IWM', 'mode': 'tri', 'thr': 70, 'window': '5Y', 'order': 4, 'rows': 81}
{'ticker': 'IWM', 'mode': 'tri', 'thr': 70, 'window': '10Y', 'order': 1, 'rows': 3}
{'ticker': 'IWM', 'mode': 'tri', 'thr': 70, 'window': '10Y', 'order': 2, 'rows': 9}
{'ticker': 'IWM', 'mode': 'tri', 'thr': 70, 'window': '10Y', 'order': 3, 'rows': 27}
{'ticker': 'IWM', 'mode': 'tri', 'thr': 70, 'window': '10Y', 'order': 4, 'rows': 81}
{'ticker': 'IWM', 'mode': 'tri', 'thr': 70, 'window': '20Y', 'order': 1, 'rows': 3}
{'ticker': 'IWM', 'mode': 'tri', 'thr': 70, 'window': '20Y', 'order': 2, 'rows': 9}
{'ticker': 'IWM', 'mode': 'tri', 'thr': 70, 'window': '20Y', 'order': 3, 'rows': 27}
{'ticker': 'IWM', 'mode': 'tri', 'thr': 70, 'window': '20Y', 'order': 4, 'rows': 81}
{'ticker': 'IWM', 'mode': 'tri', 'thr': 70, 'window': 'MAX', 'order': 1, 'rows': 3}2025-11-12 11:25:47,679 INFO [cli] {'ticker': 'IWM', 'mode': 'tri', 'thr': 90, 'window': 'MAX', 'order': 3, 'rows': 27}
2025-11-12 11:25:47,686 INFO [cli] {'ticker': 'IWM', 'mode': 'tri', 'thr': 90, 'window': 'MAX', 'order': 4, 'rows': 81}
2025-11-12 11:25:47,702 INFO [cli] {'ticker': 'IWM', 'mode': 'tri', 'thr': 95, 'window': '1Y', 'order': 1, 'rows': 3}
2025-11-12 11:25:47,711 INFO [cli] {'ticker': 'IWM', 'mode': 'tri', 'thr': 95, 'window': '1Y', 'order': 2, 'rows': 9}
2025-11-12 11:25:47,721 INFO [cli] {'ticker': 'IWM', 'mode': 'tri', 'thr': 95, 'window': '1Y', 'order': 3, 'rows': 27}
2025-11-12 11:25:47,731 INFO [cli] {'ticker': 'IWM', 'mode': 'tri', 'thr': 95, 'window': '1Y', 'order': 4, 'rows': 65}
2025-11-12 11:25:47,739 INFO [cli] {'ticker': 'IWM', 'mode': 'tri', 'thr': 95, 'window': '2Y', 'order': 1, 'rows': 3}
2025-11-12 11:25:47,748 INFO [cli] {'ticker': 'IWM', 'mode': 'tri', 'thr': 95, 'window': '2Y', 'order': 2, 'rows': 9}
2025-11-12 11:25:47,757 INFO [cli] {'ticker': 'IWM', 'mode': 'tri', 'thr': 95, 'window': '2Y', 'order': 3, 'rows': 27}
2025-11-12 11:25:47,764 INFO [cli] {'ticker': 'IWM', 'mode': 'tri', 'thr': 95, 'window': '2Y', 'order': 4, 'rows': 76}
2025-11-12 11:25:47,773 INFO [cli] {'ticker': 'IWM', 'mode': 'tri', 'thr': 95, 'window': '5Y', 'order': 1, 'rows': 3}
2025-11-12 11:25:47,783 INFO [cli] {'ticker': 'IWM', 'mode': 'tri', 'thr': 95, 'window': '5Y', 'order': 2, 'rows': 9}
2025-11-12 11:25:47,790 INFO [cli] {'ticker': 'IWM', 'mode': 'tri', 'thr': 95, 'window': '5Y', 'order': 3, 'rows': 27}
2025-11-12 11:25:47,801 INFO [cli] {'ticker': 'IWM', 'mode': 'tri', 'thr': 95, 'window': '5Y', 'order': 4, 'rows': 81}
2025-11-12 11:25:47,809 INFO [cli] {'ticker': 'IWM', 'mode': 'tri', 'thr': 95, 'window': '10Y', 'order': 1, 'rows': 3}
2025-11-12 11:25:47,819 INFO [cli] {'ticker': 'IWM', 'mode': 'tri', 'thr': 95, 'window': '10Y', 'order': 2, 'rows': 9}
2025-11-12 11:25:47,828 INFO [cli] {'ticker': 'IWM', 'mode': 'tri', 'thr': 95, 'window': '10Y', 'order': 3, 'rows': 27}
2025-11-12 11:25:47,839 INFO [cli] {'ticker': 'IWM', 'mode': 'tri', 'thr': 95, 'window': '10Y', 'order': 4, 'rows': 81}
2025-11-12 11:25:47,848 INFO [cli] {'ticker': 'IWM', 'mode': 'tri', 'thr': 95, 'window': '20Y', 'order': 1, 'rows': 3}
2025-11-12 11:25:47,858 INFO [cli] {'ticker': 'IWM', 'mode': 'tri', 'thr': 95, 'window': '20Y', 'order': 2, 'rows': 9}
2025-11-12 11:25:47,868 INFO [cli] {'ticker': 'IWM', 'mode': 'tri', 'thr': 95, 'window': '20Y', 'order': 3, 'rows': 27}
2025-11-12 11:25:47,880 INFO [cli] {'ticker': 'IWM', 'mode': 'tri', 'thr': 95, 'window': '20Y', 'order': 4, 'rows': 81}
2025-11-12 11:25:47,891 INFO [cli] {'ticker': 'IWM', 'mode': 'tri', 'thr': 95, 'window': 'MAX', 'order': 1, 'rows': 3}
2025-11-12 11:25:47,901 INFO [cli] {'ticker': 'IWM', 'mode': 'tri', 'thr': 95, 'window': 'MAX', 'order': 2, 'rows': 9}
2025-11-12 11:25:47,911 INFO [cli] {'ticker': 'IWM', 'mode': 'tri', 'thr': 95, 'window': 'MAX', 'order': 3, 'rows': 27}
2025-11-12 11:25:47,921 INFO [cli] {'ticker': 'IWM', 'mode': 'tri', 'thr': 95, 'window': 'MAX', 'order': 4, 'rows': 81}
2025-11-12 11:25:47,937 INFO [cli] {'ticker': 'IWM', 'mode': 'tri', 'thr': 100, 'window': '1Y', 'order': 1, 'rows': 3}
2025-11-12 11:25:47,946 INFO [cli] {'ticker': 'IWM', 'mode': 'tri', 'thr': 100, 'window': '1Y', 'order': 2, 'rows': 9}
2025-11-12 11:25:47,953 INFO [cli] {'ticker': 'IWM', 'mode': 'tri', 'thr': 100, 'window': '1Y', 'order': 3, 'rows': 25}
2025-11-12 11:25:47,965 INFO [cli] {'ticker': 'IWM', 'mode': 'tri', 'thr': 100, 'window': '1Y', 'order': 4, 'rows': 57}
2025-11-12 11:25:47,974 INFO [cli] {'ticker': 'IWM', 'mode': 'tri', 'thr': 100, 'window': '2Y', 'order': 1, 'rows': 3}
2025-11-12 11:25:47,983 INFO [cli] {'ticker': 'IWM', 'mode': 'tri', 'thr': 100, 'window': '2Y', 'order': 2, 'rows': 9}
2025-11-12 11:25:47,991 INFO [cli] {'ticker': 'IWM', 'mode': 'tri', 'thr': 100, 'window': '2Y', 'order': 3, 'rows': 27}
2025-11-12 11:25:48,001 INFO [cli] {'ticker': 'IWM', 'mode': 'tri', 'thr': 100, 'window': '2Y', 'order': 4, 'rows': 70}
2025-11-12 11:25:48,011 INFO [cli] {'ticker': 'IWM', 'mode': 'tri', 'thr': 100, 'window': '5Y', 'order': 1, 'rows': 3}
2025-11-12 11:25:48,020 INFO [cli] {'ticker': 'IWM', 'mode': 'tri', 'thr': 100, 'window': '5Y', 'order': 2, 'rows': 9}
2025-11-12 11:25:48,033 INFO [cli] {'ticker': 'IWM', 'mode': 'tri', 'thr': 100, 'window': '5Y', 'order': 3, 'rows': 27}
2025-11-12 11:25:48,045 INFO [cli] {'ticker': 'IWM', 'mode': 'tri', 'thr': 100, 'window': '5Y', 'order': 4, 'rows': 81}
2025-11-12 11:25:48,055 INFO [cli] {'ticker': 'IWM', 'mode': 'tri', 'thr': 100, 'window': '10Y', 'order': 1, 'rows': 3}
2025-11-12 11:25:48,065 INFO [cli] {'ticker': 'IWM', 'mode': 'tri', 'thr': 100, 'window': '10Y', 'order': 2, 'rows': 9}
2025-11-12 11:25:48,073 INFO [cli] {'ticker': 'IWM', 'mode': 'tri', 'thr': 100, 'window': '10Y', 'order': 3, 'rows': 27}
2025-11-12 11:25:48,083 INFO [cli] {'ticker': 'IWM', 'mode': 'tri', 'thr': 100, 'window': '10Y', 'order': 4, 'rows': 81}
2025-11-12 11:25:48,092 INFO [cli] {'ticker': 'IWM', 'mode': 'tri', 'thr': 100, 'window': '20Y', 'order': 1, 'rows': 3}
2025-11-12 11:25:48,102 INFO [cli] {'ticker': 'IWM', 'mode': 'tri', 'thr': 100, 'window': '20Y', 'order': 2, 'rows': 9}
2025-11-12 11:25:48,111 INFO [cli] {'ticker': 'IWM', 'mode': 'tri', 'thr': 100, 'window': '20Y', 'order': 3, 'rows': 27}
2025-11-12 11:25:48,121 INFO [cli] {'ticker': 'IWM', 'mode': 'tri', 'thr': 100, 'window': '20Y', 'order': 4, 'rows': 81}
2025-11-12 11:25:48,131 INFO [cli] {'ticker': 'IWM', 'mode': 'tri', 'thr': 100, 'window': 'MAX', 'order': 1, 'rows': 3}
2025-11-12 11:25:48,141 INFO [cli] {'ticker': 'IWM', 'mode': 'tri', 'thr': 100, 'window': 'MAX', 'order': 2, 'rows': 9}
2025-11-12 11:25:48,152 INFO [cli] {'ticker': 'IWM', 'mode': 'tri', 'thr': 100, 'window': 'MAX', 'order': 3, 'rows': 27}
2025-11-12 11:25:48,161 INFO [cli] {'ticker': 'IWM', 'mode': 'tri', 'thr': 100, 'window': 'MAX', 'order': 4, 'rows': 81}
2025-11-12 11:25:48,176 INFO [cli] {'ticker': 'IWM', 'mode': 'tri', 'thr': 105, 'window': '1Y', 'order': 1, 'rows': 3}
2025-11-12 11:25:48,186 INFO [cli] {'ticker': 'IWM', 'mode': 'tri', 'thr': 105, 'window': '1Y', 'order': 2, 'rows': 9}
2025-11-12 11:25:48,196 INFO [cli] {'ticker': 'IWM', 'mode': 'tri', 'thr': 105, 'window': '1Y', 'order': 3, 'rows': 25}
2025-11-12 11:25:48,205 INFO [cli] {'ticker': 'IWM', 'mode': 'tri', 'thr': 105, 'window': '1Y', 'order': 4, 'rows': 56}
2025-11-12 11:25:48,216 INFO [cli] {'ticker': 'IWM', 'mode': 'tri', 'thr': 105, 'window': '2Y', 'order': 1, 'rows': 3}
2025-11-12 11:25:48,226 INFO [cli] {'ticker': 'IWM', 'mode': 'tri', 'thr': 105, 'window': '2Y', 'order': 2, 'rows': 9}
2025-11-12 11:25:48,236 INFO [cli] {'ticker': 'IWM', 'mode': 'tri', 'thr': 105, 'window': '2Y', 'order': 3, 'rows': 27}
2025-11-12 11:25:48,245 INFO [cli] {'ticker': 'IWM', 'mode': 'tri', 'thr': 105, 'window': '2Y', 'order': 4, 'rows': 69}
2025-11-12 11:25:48,255 INFO [cli] {'ticker': 'IWM', 'mode': 'tri', 'thr': 105, 'window': '5Y', 'order': 1, 'rows': 3}
2025-11-12 11:25:48,265 INFO [cli] {'ticker': 'IWM', 'mode': 'tri', 'thr': 105, 'window': '5Y', 'order': 2, 'rows': 9}
2025-11-12 11:25:48,276 INFO [cli] {'ticker': 'IWM', 'mode': 'tri', 'thr': 105, 'window': '5Y', 'order': 3, 'rows': 27}
2025-11-12 11:25:48,285 INFO [cli] {'ticker': 'IWM', 'mode': 'tri', 'thr': 105, 'window': '5Y', 'order': 4, 'rows': 81}
2025-11-12 11:25:48,299 INFO [cli] {'ticker': 'IWM', 'mode': 'tri', 'thr': 105, 'window': '10Y', 'order': 1, 'rows': 3}
2025-11-12 11:25:48,309 INFO [cli] {'ticker': 'IWM', 'mode': 'tri', 'thr': 105, 'window': '10Y', 'order': 2, 'rows': 9}
2025-11-12 11:25:48,317 INFO [cli] {'ticker': 'IWM', 'mode': 'tri', 'thr': 105, 'window': '10Y', 'order': 3, 'rows': 27}
2025-11-12 11:25:48,326 INFO [cli] {'ticker': 'IWM', 'mode': 'tri', 'thr': 105, 'window': '10Y', 'order': 4, 'rows': 81}
2025-11-12 11:25:48,335 INFO [cli] {'ticker': 'IWM', 'mode': 'tri', 'thr': 105, 'window': '20Y', 'order': 1, 'rows': 3}
2025-11-12 11:25:48,346 INFO [cli] {'ticker': 'IWM', 'mode': 'tri', 'thr': 105, 'window': '20Y', 'order': 2, 'rows': 9}
2025-11-12 11:25:48,356 INFO [cli] {'ticker': 'IWM', 'mode': 'tri', 'thr': 105, 'window': '20Y', 'order': 3, 'rows': 27}
2025-11-12 11:25:48,365 INFO [cli] {'ticker': 'IWM', 'mode': 'tri', 'thr': 105, 'window': '20Y', 'order': 4, 'rows': 81}
2025-11-12 11:25:48,375 INFO [cli] {'ticker': 'IWM', 'mode': 'tri', 'thr': 105, 'window': 'MAX', 'order': 1, 'rows': 3}
2025-11-12 11:25:48,383 INFO [cli] {'ticker': 'IWM', 'mode': 'tri', 'thr': 105, 'window': 'MAX', 'order': 2, 'rows': 9}
2025-11-12 11:25:48,391 INFO [cli] {'ticker': 'IWM', 'mode': 'tri', 'thr': 105, 'window': 'MAX', 'order': 3, 'rows': 27}
2025-11-12 11:25:48,400 INFO [cli] {'ticker': 'IWM', 'mode': 'tri', 'thr': 105, 'window': 'MAX', 'order': 4, 'rows': 81}
2025-11-12 11:25:48,415 INFO [cli] {'ticker': 'IWM', 'mode': 'tri', 'thr': 110, 'window': '1Y', 'order': 1, 'rows': 3}
2025-11-12 11:25:48,424 INFO [cli] {'ticker': 'IWM', 'mode': 'tri', 'thr': 110, 'window': '1Y', 'order': 2, 'rows': 9}
2025-11-12 11:25:48,433 INFO [cli] {'ticker': 'IWM', 'mode': 'tri', 'thr': 110, 'window': '1Y', 'order': 3, 'rows': 25}
2025-11-12 11:25:48,444 INFO [cli] {'ticker': 'IWM', 'mode': 'tri', 'thr': 110, 'window': '1Y', 'order': 4, 'rows': 55}
2025-11-12 11:25:48,452 INFO [cli] {'ticker': 'IWM', 'mode': 'tri', 'thr': 110, 'window': '2Y', 'order': 1, 'rows': 3}
2025-11-12 11:25:48,460 INFO [cli] {'ticker': 'IWM', 'mode': 'tri', 'thr': 110, 'window': '2Y', 'order': 2, 'rows': 9}
2025-11-12 11:25:48,471 INFO [cli] {'ticker': 'IWM', 'mode': 'tri', 'thr': 110, 'window': '2Y', 'order': 3, 'rows': 26}
2025-11-12 11:25:48,480 INFO [cli] {'ticker': 'IWM', 'mode': 'tri', 'thr': 110, 'window': '2Y', 'order': 4, 'rows': 65}
2025-11-12 11:25:48,491 INFO [cli] {'ticker': 'IWM', 'mode': 'tri', 'thr': 110, 'window': '5Y', 'order': 1, 'rows': 3}
2025-11-12 11:25:48,500 INFO [cli] {'ticker': 'IWM', 'mode': 'tri', 'thr': 110, 'window': '5Y', 'order': 2, 'rows': 9}
2025-11-12 11:25:48,512 INFO [cli] {'ticker': 'IWM', 'mode': 'tri', 'thr': 110, 'window': '5Y', 'order': 3, 'rows': 27}
2025-11-12 11:25:48,523 INFO [cli] {'ticker': 'IWM', 'mode': 'tri', 'thr': 110, 'window': '5Y', 'order': 4, 'rows': 81}
2025-11-12 11:25:48,534 INFO [cli] {'ticker': 'IWM', 'mode': 'tri', 'thr': 110, 'window': '10Y', 'order': 1, 'rows': 3}
2025-11-12 11:25:48,552 INFO [cli] {'ticker': 'IWM', 'mode': 'tri', 'thr': 110, 'window': '10Y', 'order': 2, 'rows': 9}
2025-11-12 11:25:48,560 INFO [cli] {'ticker': 'IWM', 'mode': 'tri', 'thr': 110, 'window': '10Y', 'order': 3, 'rows': 27}
2025-11-12 11:25:48,569 INFO [cli] {'ticker': 'IWM', 'mode': 'tri', 'thr': 110, 'window': '10Y', 'order': 4, 'rows': 81}
2025-11-12 11:25:48,579 INFO [cli] {'ticker': 'IWM', 'mode': 'tri', 'thr': 110, 'window': '20Y', 'order': 1, 'rows': 3}
2025-11-12 11:25:48,589 INFO [cli] {'ticker': 'IWM', 'mode': 'tri', 'thr': 110, 'window': '20Y', 'order': 2, 'rows': 9}
2025-11-12 11:25:48,601 INFO [cli] {'ticker': 'IWM', 'mode': 'tri', 'thr': 110, 'window': '20Y', 'order': 3, 'rows': 27}
2025-11-12 11:25:48,612 INFO [cli] {'ticker': 'IWM', 'mode': 'tri', 'thr': 110, 'window': '20Y', 'order': 4, 'rows': 81}
2025-11-12 11:25:48,623 INFO [cli] {'ticker': 'IWM', 'mode': 'tri', 'thr': 110, 'window': 'MAX', 'order': 1, 'rows': 3}
2025-11-12 11:25:48,638 INFO [cli] {'ticker': 'IWM', 'mode': 'tri', 'thr': 110, 'window': 'MAX', 'order': 2, 'rows': 9}
2025-11-12 11:25:48,647 INFO [cli] {'ticker': 'IWM', 'mode': 'tri', 'thr': 110, 'window': 'MAX', 'order': 3, 'rows': 27}

{'ticker': 'IWM', 'mode': 'tri', 'thr': 70, 'window': 'MAX', 'order': 2, 'rows': 9}
{'ticker': 'IWM', 'mode': 'tri', 'thr': 70, 'window': 'MAX', 'order': 3, 'rows': 27}
{'ticker': 'IWM', 'mode': 'tri', 'thr': 70, 'window': 'MAX', 'order': 4, 'rows': 81}
{'ticker': 'IWM', 'mode': 'tri', 'thr': 75, 'window': '1Y', 'order': 1, 'rows': 3}
{'ticker': 'IWM', 'mode': 'tri', 'thr': 75, 'window': '1Y', 'order': 2, 'rows': 9}
{'ticker': 'IWM', 'mode': 'tri', 'thr': 75, 'window': '1Y', 'order': 3, 'rows': 27}
{'ticker': 'IWM', 'mode': 'tri', 'thr': 75, 'window': '1Y', 'order': 4, 'rows': 71}
{'ticker': 'IWM', 'mode': 'tri', 'thr': 75, 'window': '2Y', 'order': 1, 'rows': 3}
{'ticker': 'IWM', 'mode': 'tri', 'thr': 75, 'window': '2Y', 'order': 2, 'rows': 9}
{'ticker': 'IWM', 'mode': 'tri', 'thr': 75, 'window': '2Y', 'order': 3, 'rows': 27}
{'ticker': 'IWM', 'mode': 'tri', 'thr': 75, 'window': '2Y', 'order': 4, 'rows': 81}
{'ticker': 'IWM', 'mode': 'tri', 'thr': 75, 'window': '5Y', 'order': 1, 'rows': 3}
{'ticker': 'IWM', 'mode': 'tri', 'thr': 75, 'window': '5Y', 'order': 2, 'rows': 9}
{'ticker': 'IWM', 'mode': 'tri', 'thr': 75, 'window': '5Y', 'order': 3, 'rows': 27}
{'ticker': 'IWM', 'mode': 'tri', 'thr': 75, 'window': '5Y', 'order': 4, 'rows': 81}
{'ticker': 'IWM', 'mode': 'tri', 'thr': 75, 'window': '10Y', 'order': 1, 'rows': 3}
{'ticker': 'IWM', 'mode': 'tri', 'thr': 75, 'window': '10Y', 'order': 2, 'rows': 9}
{'ticker': 'IWM', 'mode': 'tri', 'thr': 75, 'window': '10Y', 'order': 3, 'rows': 27}
{'ticker': 'IWM', 'mode': 'tri', 'thr': 75, 'window': '10Y', 'order': 4, 'rows': 81}
{'ticker': 'IWM', 'mode': 'tri', 'thr': 75, 'window': '20Y', 'order': 1, 'rows': 3}
{'ticker': 'IWM', 'mode': 'tri', 'thr': 75, 'window': '20Y', 'order': 2, 'rows': 9}
{'ticker': 'IWM', 'mode': 'tri', 'thr': 75, 'window': '20Y', 'order': 3, 'rows': 27}
{'ticker': 'IWM', 'mode': 'tri', 'thr': 75, 'window': '20Y', 'order': 4, 'rows': 81}
{'ticker': 'IWM', 'mode': 'tri', 'thr': 75, 'window': 'MAX', 'order': 1, 'rows': 3}
{'ticker': 'IWM', 'mode': 'tri', 'thr': 75, 'window': 'MAX', 'order': 2, 'rows': 9}
{'ticker': 'IWM', 'mode': 'tri', 'thr': 75, 'window': 'MAX', 'order': 3, 'rows': 27}
{'ticker': 'IWM', 'mode': 'tri', 'thr': 75, 'window': 'MAX', 'order': 4, 'rows': 81}
{'ticker': 'IWM', 'mode': 'tri', 'thr': 80, 'window': '1Y', 'order': 1, 'rows': 3}
{'ticker': 'IWM', 'mode': 'tri', 'thr': 80, 'window': '1Y', 'order': 2, 'rows': 9}
{'ticker': 'IWM', 'mode': 'tri', 'thr': 80, 'window': '1Y', 'order': 3, 'rows': 27}
{'ticker': 'IWM', 'mode': 'tri', 'thr': 80, 'window': '1Y', 'order': 4, 'rows': 69}
{'ticker': 'IWM', 'mode': 'tri', 'thr': 80, 'window': '2Y', 'order': 1, 'rows': 3}
{'ticker': 'IWM', 'mode': 'tri', 'thr': 80, 'window': '2Y', 'order': 2, 'rows': 9}
{'ticker': 'IWM', 'mode': 'tri', 'thr': 80, 'window': '2Y', 'order': 3, 'rows': 27}
{'ticker': 'IWM', 'mode': 'tri', 'thr': 80, 'window': '2Y', 'order': 4, 'rows': 81}
{'ticker': 'IWM', 'mode': 'tri', 'thr': 80, 'window': '5Y', 'order': 1, 'rows': 3}
{'ticker': 'IWM', 'mode': 'tri', 'thr': 80, 'window': '5Y', 'order': 2, 'rows': 9}
{'ticker': 'IWM', 'mode': 'tri', 'thr': 80, 'window': '5Y', 'order': 3, 'rows': 27}
{'ticker': 'IWM', 'mode': 'tri', 'thr': 80, 'window': '5Y', 'order': 4, 'rows': 81}
{'ticker': 'IWM', 'mode': 'tri', 'thr': 80, 'window': '10Y', 'order': 1, 'rows': 3}
{'ticker': 'IWM', 'mode': 'tri', 'thr': 80, 'window': '10Y', 'order': 2, 'rows': 9}
{'ticker': 'IWM', 'mode': 'tri', 'thr': 80, 'window': '10Y', 'order': 3, 'rows': 27}
{'ticker': 'IWM', 'mode': 'tri', 'thr': 80, 'window': '10Y', 'order': 4, 'rows': 81}
{'ticker': 'IWM', 'mode': 'tri', 'thr': 80, 'window': '20Y', 'order': 1, 'rows': 3}
{'ticker': 'IWM', 'mode': 'tri', 'thr': 80, 'window': '20Y', 'order': 2, 'rows': 9}
{'ticker': 'IWM', 'mode': 'tri', 'thr': 80, 'window': '20Y', 'order': 3, 'rows': 27}
{'ticker': 'IWM', 'mode': 'tri', 'thr': 80, 'window': '20Y', 'order': 4, 'rows': 81}
{'ticker': 'IWM', 'mode': 'tri', 'thr': 80, 'window': 'MAX', 'order': 1, 'rows': 3}
{'ticker': 'IWM', 'mode': 'tri', 'thr': 80, 'window': 'MAX', 'order': 2, 'rows': 9}
{'ticker': 'IWM', 'mode': 'tri', 'thr': 80, 'window': 'MAX', 'order': 3, 'rows': 27}
{'ticker': 'IWM', 'mode': 'tri', 'thr': 80, 'window': 'MAX', 'order': 4, 'rows': 81}
{'ticker': 'IWM', 'mode': 'tri', 'thr': 85, 'window': '1Y', 'order': 1, 'rows': 3}
{'ticker': 'IWM', 'mode': 'tri', 'thr': 85, 'window': '1Y', 'order': 2, 'rows': 9}
{'ticker': 'IWM', 'mode': 'tri', 'thr': 85, 'window': '1Y', 'order': 3, 'rows': 27}
{'ticker': 'IWM', 'mode': 'tri', 'thr': 85, 'window': '1Y', 'order': 4, 'rows': 68}
{'ticker': 'IWM', 'mode': 'tri', 'thr': 85, 'window': '2Y', 'order': 1, 'rows': 3}
{'ticker': 'IWM', 'mode': 'tri', 'thr': 85, 'window': '2Y', 'order': 2, 'rows': 9}
{'ticker': 'IWM', 'mode': 'tri', 'thr': 85, 'window': '2Y', 'order': 3, 'rows': 27}
{'ticker': 'IWM', 'mode': 'tri', 'thr': 85, 'window': '2Y', 'order': 4, 'rows': 79}
{'ticker': 'IWM', 'mode': 'tri', 'thr': 85, 'window': '5Y', 'order': 1, 'rows': 3}
{'ticker': 'IWM', 'mode': 'tri', 'thr': 85, 'window': '5Y', 'order': 2, 'rows': 9}
{'ticker': 'IWM', 'mode': 'tri', 'thr': 85, 'window': '5Y', 'order': 3, 'rows': 27}
{'ticker': 'IWM', 'mode': 'tri', 'thr': 85, 'window': '5Y', 'order': 4, 'rows': 81}
{'ticker': 'IWM', 'mode': 'tri', 'thr': 85, 'window': '10Y', 'order': 1, 'rows': 3}
{'ticker': 'IWM', 'mode': 'tri', 'thr': 85, 'window': '10Y', 'order': 2, 'rows': 9}
{'ticker': 'IWM', 'mode': 'tri', 'thr': 85, 'window': '10Y', 'order': 3, 'rows': 27}
{'ticker': 'IWM', 'mode': 'tri', 'thr': 85, 'window': '10Y', 'order': 4, 'rows': 81}
{'ticker': 'IWM', 'mode': 'tri', 'thr': 85, 'window': '20Y', 'order': 1, 'rows': 3}
{'ticker': 'IWM', 'mode': 'tri', 'thr': 85, 'window': '20Y', 'order': 2, 'rows': 9}
{'ticker': 'IWM', 'mode': 'tri', 'thr': 85, 'window': '20Y', 'order': 3, 'rows': 27}
{'ticker': 'IWM', 'mode': 'tri', 'thr': 85, 'window': '20Y', 'order': 4, 'rows': 81}
{'ticker': 'IWM', 'mode': 'tri', 'thr': 85, 'window': 'MAX', 'order': 1, 'rows': 3}
{'ticker': 'IWM', 'mode': 'tri', 'thr': 85, 'window': 'MAX', 'order': 2, 'rows': 9}
{'ticker': 'IWM', 'mode': 'tri', 'thr': 85, 'window': 'MAX', 'order': 3, 'rows': 27}
{'ticker': 'IWM', 'mode': 'tri', 'thr': 85, 'window': 'MAX', 'order': 4, 'rows': 81}
{'ticker': 'IWM', 'mode': 'tri', 'thr': 90, 'window': '1Y', 'order': 1, 'rows': 3}
{'ticker': 'IWM', 'mode': 'tri', 'thr': 90, 'window': '1Y', 'order': 2, 'rows': 9}
{'ticker': 'IWM', 'mode': 'tri', 'thr': 90, 'window': '1Y', 'order': 3, 'rows': 27}
{'ticker': 'IWM', 'mode': 'tri', 'thr': 90, 'window': '1Y', 'order': 4, 'rows': 65}
{'ticker': 'IWM', 'mode': 'tri', 'thr': 90, 'window': '2Y', 'order': 1, 'rows': 3}
{'ticker': 'IWM', 'mode': 'tri', 'thr': 90, 'window': '2Y', 'order': 2, 'rows': 9}
{'ticker': 'IWM', 'mode': 'tri', 'thr': 90, 'window': '2Y', 'order': 3, 'rows': 27}
{'ticker': 'IWM', 'mode': 'tri', 'thr': 90, 'window': '2Y', 'order': 4, 'rows': 78}
{'ticker': 'IWM', 'mode': 'tri', 'thr': 90, 'window': '5Y', 'order': 1, 'rows': 3}
{'ticker': 'IWM', 'mode': 'tri', 'thr': 90, 'window': '5Y', 'order': 2, 'rows': 9}
{'ticker': 'IWM', 'mode': 'tri', 'thr': 90, 'window': '5Y', 'order': 3, 'rows': 27}
{'ticker': 'IWM', 'mode': 'tri', 'thr': 90, 'window': '5Y', 'order': 4, 'rows': 81}
{'ticker': 'IWM', 'mode': 'tri', 'thr': 90, 'window': '10Y', 'order': 1, 'rows': 3}
{'ticker': 'IWM', 'mode': 'tri', 'thr': 90, 'window': '10Y', 'order': 2, 'rows': 9}
{'ticker': 'IWM', 'mode': 'tri', 'thr': 90, 'window': '10Y', 'order': 3, 'rows': 27}
{'ticker': 'IWM', 'mode': 'tri', 'thr': 90, 'window': '10Y', 'order': 4, 'rows': 81}
{'ticker': 'IWM', 'mode': 'tri', 'thr': 90, 'window': '20Y', 'order': 1, 'rows': 3}
{'ticker': 'IWM', 'mode': 'tri', 'thr': 90, 'window': '20Y', 'order': 2, 'rows': 9}
{'ticker': 'IWM', 'mode': 'tri', 'thr': 90, 'window': '20Y', 'order': 3, 'rows': 27}
{'ticker': 'IWM', 'mode': 'tri', 'thr': 90, 'window': '20Y', 'order': 4, 'rows': 81}
{'ticker': 'IWM', 'mode': 'tri', 'thr': 90, 'window': 'MAX', 'order': 1, 'rows': 3}
{'ticker': 'IWM', 'mode': 'tri', 'thr': 90, 'window': 'MAX', 'order': 2, 'rows': 9}
{'ticker': 'IWM', 'mode': 'tri', 'thr': 90, 'window': 'MAX', 'order': 3, 'rows': 27}2025-11-12 11:25:48,656 INFO [cli] {'ticker': 'IWM', 'mode': 'tri', 'thr': 110, 'window': 'MAX', 'order': 4, 'rows': 81}
2025-11-12 11:25:48,671 INFO [cli] {'ticker': 'IWM', 'mode': 'tri', 'thr': 115, 'window': '1Y', 'order': 1, 'rows': 3}
2025-11-12 11:25:48,684 INFO [cli] {'ticker': 'IWM', 'mode': 'tri', 'thr': 115, 'window': '1Y', 'order': 2, 'rows': 9}
2025-11-12 11:25:48,694 INFO [cli] {'ticker': 'IWM', 'mode': 'tri', 'thr': 115, 'window': '1Y', 'order': 3, 'rows': 25}
2025-11-12 11:25:48,704 INFO [cli] {'ticker': 'IWM', 'mode': 'tri', 'thr': 115, 'window': '1Y', 'order': 4, 'rows': 52}
2025-11-12 11:25:48,715 INFO [cli] {'ticker': 'IWM', 'mode': 'tri', 'thr': 115, 'window': '2Y', 'order': 1, 'rows': 3}
2025-11-12 11:25:48,725 INFO [cli] {'ticker': 'IWM', 'mode': 'tri', 'thr': 115, 'window': '2Y', 'order': 2, 'rows': 9}
2025-11-12 11:25:48,733 INFO [cli] {'ticker': 'IWM', 'mode': 'tri', 'thr': 115, 'window': '2Y', 'order': 3, 'rows': 26}
2025-11-12 11:25:48,741 INFO [cli] {'ticker': 'IWM', 'mode': 'tri', 'thr': 115, 'window': '2Y', 'order': 4, 'rows': 64}
2025-11-12 11:25:48,754 INFO [cli] {'ticker': 'IWM', 'mode': 'tri', 'thr': 115, 'window': '5Y', 'order': 1, 'rows': 3}
2025-11-12 11:25:48,766 INFO [cli] {'ticker': 'IWM', 'mode': 'tri', 'thr': 115, 'window': '5Y', 'order': 2, 'rows': 9}
2025-11-12 11:25:48,783 INFO [cli] {'ticker': 'IWM', 'mode': 'tri', 'thr': 115, 'window': '5Y', 'order': 3, 'rows': 27}
2025-11-12 11:25:48,793 INFO [cli] {'ticker': 'IWM', 'mode': 'tri', 'thr': 115, 'window': '5Y', 'order': 4, 'rows': 80}
2025-11-12 11:25:48,805 INFO [cli] {'ticker': 'IWM', 'mode': 'tri', 'thr': 115, 'window': '10Y', 'order': 1, 'rows': 3}
2025-11-12 11:25:48,817 INFO [cli] {'ticker': 'IWM', 'mode': 'tri', 'thr': 115, 'window': '10Y', 'order': 2, 'rows': 9}
2025-11-12 11:25:48,825 INFO [cli] {'ticker': 'IWM', 'mode': 'tri', 'thr': 115, 'window': '10Y', 'order': 3, 'rows': 27}
2025-11-12 11:25:48,835 INFO [cli] {'ticker': 'IWM', 'mode': 'tri', 'thr': 115, 'window': '10Y', 'order': 4, 'rows': 81}
2025-11-12 11:25:48,845 INFO [cli] {'ticker': 'IWM', 'mode': 'tri', 'thr': 115, 'window': '20Y', 'order': 1, 'rows': 3}
2025-11-12 11:25:48,855 INFO [cli] {'ticker': 'IWM', 'mode': 'tri', 'thr': 115, 'window': '20Y', 'order': 2, 'rows': 9}
2025-11-12 11:25:48,869 INFO [cli] {'ticker': 'IWM', 'mode': 'tri', 'thr': 115, 'window': '20Y', 'order': 3, 'rows': 27}
2025-11-12 11:25:48,880 INFO [cli] {'ticker': 'IWM', 'mode': 'tri', 'thr': 115, 'window': '20Y', 'order': 4, 'rows': 81}
2025-11-12 11:25:48,889 INFO [cli] {'ticker': 'IWM', 'mode': 'tri', 'thr': 115, 'window': 'MAX', 'order': 1, 'rows': 3}
2025-11-12 11:25:48,898 INFO [cli] {'ticker': 'IWM', 'mode': 'tri', 'thr': 115, 'window': 'MAX', 'order': 2, 'rows': 9}
2025-11-12 11:25:48,906 INFO [cli] {'ticker': 'IWM', 'mode': 'tri', 'thr': 115, 'window': 'MAX', 'order': 3, 'rows': 27}
2025-11-12 11:25:48,915 INFO [cli] {'ticker': 'IWM', 'mode': 'tri', 'thr': 115, 'window': 'MAX', 'order': 4, 'rows': 81}
2025-11-12 11:25:48,930 INFO [cli] {'ticker': 'IWM', 'mode': 'tri', 'thr': 120, 'window': '1Y', 'order': 1, 'rows': 3}
2025-11-12 11:25:48,942 INFO [cli] {'ticker': 'IWM', 'mode': 'tri', 'thr': 120, 'window': '1Y', 'order': 2, 'rows': 9}
2025-11-12 11:25:48,951 INFO [cli] {'ticker': 'IWM', 'mode': 'tri', 'thr': 120, 'window': '1Y', 'order': 3, 'rows': 25}
2025-11-12 11:25:48,961 INFO [cli] {'ticker': 'IWM', 'mode': 'tri', 'thr': 120, 'window': '1Y', 'order': 4, 'rows': 50}
2025-11-12 11:25:48,970 INFO [cli] {'ticker': 'IWM', 'mode': 'tri', 'thr': 120, 'window': '2Y', 'order': 1, 'rows': 3}
2025-11-12 11:25:48,979 INFO [cli] {'ticker': 'IWM', 'mode': 'tri', 'thr': 120, 'window': '2Y', 'order': 2, 'rows': 9}
2025-11-12 11:25:48,988 INFO [cli] {'ticker': 'IWM', 'mode': 'tri', 'thr': 120, 'window': '2Y', 'order': 3, 'rows': 26}
2025-11-12 11:25:48,998 INFO [cli] {'ticker': 'IWM', 'mode': 'tri', 'thr': 120, 'window': '2Y', 'order': 4, 'rows': 63}
2025-11-12 11:25:49,008 INFO [cli] {'ticker': 'IWM', 'mode': 'tri', 'thr': 120, 'window': '5Y', 'order': 1, 'rows': 3}
2025-11-12 11:25:49,021 INFO [cli] {'ticker': 'IWM', 'mode': 'tri', 'thr': 120, 'window': '5Y', 'order': 2, 'rows': 9}
2025-11-12 11:25:49,030 INFO [cli] {'ticker': 'IWM', 'mode': 'tri', 'thr': 120, 'window': '5Y', 'order': 3, 'rows': 27}
2025-11-12 11:25:49,038 INFO [cli] {'ticker': 'IWM', 'mode': 'tri', 'thr': 120, 'window': '5Y', 'order': 4, 'rows': 78}
2025-11-12 11:25:49,045 INFO [cli] {'ticker': 'IWM', 'mode': 'tri', 'thr': 120, 'window': '10Y', 'order': 1, 'rows': 3}
2025-11-12 11:25:49,054 INFO [cli] {'ticker': 'IWM', 'mode': 'tri', 'thr': 120, 'window': '10Y', 'order': 2, 'rows': 9}
2025-11-12 11:25:49,067 INFO [cli] {'ticker': 'IWM', 'mode': 'tri', 'thr': 120, 'window': '10Y', 'order': 3, 'rows': 27}
2025-11-12 11:25:49,074 INFO [cli] {'ticker': 'IWM', 'mode': 'tri', 'thr': 120, 'window': '10Y', 'order': 4, 'rows': 81}
2025-11-12 11:25:49,081 INFO [cli] {'ticker': 'IWM', 'mode': 'tri', 'thr': 120, 'window': '20Y', 'order': 1, 'rows': 3}
2025-11-12 11:25:49,088 INFO [cli] {'ticker': 'IWM', 'mode': 'tri', 'thr': 120, 'window': '20Y', 'order': 2, 'rows': 9}
2025-11-12 11:25:49,094 INFO [cli] {'ticker': 'IWM', 'mode': 'tri', 'thr': 120, 'window': '20Y', 'order': 3, 'rows': 27}
2025-11-12 11:25:49,101 INFO [cli] {'ticker': 'IWM', 'mode': 'tri', 'thr': 120, 'window': '20Y', 'order': 4, 'rows': 81}
2025-11-12 11:25:49,107 INFO [cli] {'ticker': 'IWM', 'mode': 'tri', 'thr': 120, 'window': 'MAX', 'order': 1, 'rows': 3}
2025-11-12 11:25:49,114 INFO [cli] {'ticker': 'IWM', 'mode': 'tri', 'thr': 120, 'window': 'MAX', 'order': 2, 'rows': 9}
2025-11-12 11:25:49,123 INFO [cli] {'ticker': 'IWM', 'mode': 'tri', 'thr': 120, 'window': 'MAX', 'order': 3, 'rows': 27}
2025-11-12 11:25:49,131 INFO [cli] {'ticker': 'IWM', 'mode': 'tri', 'thr': 120, 'window': 'MAX', 'order': 4, 'rows': 81}
2025-11-12 11:25:49,145 INFO [cli] {'ticker': 'IWM', 'mode': 'tri', 'thr': 125, 'window': '1Y', 'order': 1, 'rows': 3}
2025-11-12 11:25:49,151 INFO [cli] {'ticker': 'IWM', 'mode': 'tri', 'thr': 125, 'window': '1Y', 'order': 2, 'rows': 9}
2025-11-12 11:25:49,157 INFO [cli] {'ticker': 'IWM', 'mode': 'tri', 'thr': 125, 'window': '1Y', 'order': 3, 'rows': 25}
2025-11-12 11:25:49,164 INFO [cli] {'ticker': 'IWM', 'mode': 'tri', 'thr': 125, 'window': '1Y', 'order': 4, 'rows': 49}
2025-11-12 11:25:49,170 INFO [cli] {'ticker': 'IWM', 'mode': 'tri', 'thr': 125, 'window': '2Y', 'order': 1, 'rows': 3}
2025-11-12 11:25:49,178 INFO [cli] {'ticker': 'IWM', 'mode': 'tri', 'thr': 125, 'window': '2Y', 'order': 2, 'rows': 9}
2025-11-12 11:25:49,184 INFO [cli] {'ticker': 'IWM', 'mode': 'tri', 'thr': 125, 'window': '2Y', 'order': 3, 'rows': 26}
2025-11-12 11:25:49,192 INFO [cli] {'ticker': 'IWM', 'mode': 'tri', 'thr': 125, 'window': '2Y', 'order': 4, 'rows': 63}
2025-11-12 11:25:49,199 INFO [cli] {'ticker': 'IWM', 'mode': 'tri', 'thr': 125, 'window': '5Y', 'order': 1, 'rows': 3}
2025-11-12 11:25:49,206 INFO [cli] {'ticker': 'IWM', 'mode': 'tri', 'thr': 125, 'window': '5Y', 'order': 2, 'rows': 9}
2025-11-12 11:25:49,215 INFO [cli] {'ticker': 'IWM', 'mode': 'tri', 'thr': 125, 'window': '5Y', 'order': 3, 'rows': 27}
2025-11-12 11:25:49,222 INFO [cli] {'ticker': 'IWM', 'mode': 'tri', 'thr': 125, 'window': '5Y', 'order': 4, 'rows': 78}
2025-11-12 11:25:49,231 INFO [cli] {'ticker': 'IWM', 'mode': 'tri', 'thr': 125, 'window': '10Y', 'order': 1, 'rows': 3}
2025-11-12 11:25:49,239 INFO [cli] {'ticker': 'IWM', 'mode': 'tri', 'thr': 125, 'window': '10Y', 'order': 2, 'rows': 9}
2025-11-12 11:25:49,245 INFO [cli] {'ticker': 'IWM', 'mode': 'tri', 'thr': 125, 'window': '10Y', 'order': 3, 'rows': 27}
2025-11-12 11:25:49,253 INFO [cli] {'ticker': 'IWM', 'mode': 'tri', 'thr': 125, 'window': '10Y', 'order': 4, 'rows': 81}
2025-11-12 11:25:49,259 INFO [cli] {'ticker': 'IWM', 'mode': 'tri', 'thr': 125, 'window': '20Y', 'order': 1, 'rows': 3}
2025-11-12 11:25:49,266 INFO [cli] {'ticker': 'IWM', 'mode': 'tri', 'thr': 125, 'window': '20Y', 'order': 2, 'rows': 9}
2025-11-12 11:25:49,273 INFO [cli] {'ticker': 'IWM', 'mode': 'tri', 'thr': 125, 'window': '20Y', 'order': 3, 'rows': 27}
2025-11-12 11:25:49,282 INFO [cli] {'ticker': 'IWM', 'mode': 'tri', 'thr': 125, 'window': '20Y', 'order': 4, 'rows': 81}
2025-11-12 11:25:49,289 INFO [cli] {'ticker': 'IWM', 'mode': 'tri', 'thr': 125, 'window': 'MAX', 'order': 1, 'rows': 3}
2025-11-12 11:25:49,296 INFO [cli] {'ticker': 'IWM', 'mode': 'tri', 'thr': 125, 'window': 'MAX', 'order': 2, 'rows': 9}
2025-11-12 11:25:49,305 INFO [cli] {'ticker': 'IWM', 'mode': 'tri', 'thr': 125, 'window': 'MAX', 'order': 3, 'rows': 27}
2025-11-12 11:25:49,312 INFO [cli] {'ticker': 'IWM', 'mode': 'tri', 'thr': 125, 'window': 'MAX', 'order': 4, 'rows': 81}
2025-11-12 11:25:49,325 INFO [cli] {'ticker': 'IWM', 'mode': 'tri', 'thr': 130, 'window': '1Y', 'order': 1, 'rows': 3}
2025-11-12 11:25:49,336 INFO [cli] {'ticker': 'IWM', 'mode': 'tri', 'thr': 130, 'window': '1Y', 'order': 2, 'rows': 9}
2025-11-12 11:25:49,343 INFO [cli] {'ticker': 'IWM', 'mode': 'tri', 'thr': 130, 'window': '1Y', 'order': 3, 'rows': 24}
2025-11-12 11:25:49,351 INFO [cli] {'ticker': 'IWM', 'mode': 'tri', 'thr': 130, 'window': '1Y', 'order': 4, 'rows': 46}
2025-11-12 11:25:49,359 INFO [cli] {'ticker': 'IWM', 'mode': 'tri', 'thr': 130, 'window': '2Y', 'order': 1, 'rows': 3}
2025-11-12 11:25:49,365 INFO [cli] {'ticker': 'IWM', 'mode': 'tri', 'thr': 130, 'window': '2Y', 'order': 2, 'rows': 9}
2025-11-12 11:25:49,373 INFO [cli] {'ticker': 'IWM', 'mode': 'tri', 'thr': 130, 'window': '2Y', 'order': 3, 'rows': 26}
2025-11-12 11:25:49,379 INFO [cli] {'ticker': 'IWM', 'mode': 'tri', 'thr': 130, 'window': '2Y', 'order': 4, 'rows': 59}
2025-11-12 11:25:49,387 INFO [cli] {'ticker': 'IWM', 'mode': 'tri', 'thr': 130, 'window': '5Y', 'order': 1, 'rows': 3}
2025-11-12 11:25:49,393 INFO [cli] {'ticker': 'IWM', 'mode': 'tri', 'thr': 130, 'window': '5Y', 'order': 2, 'rows': 9}
2025-11-12 11:25:49,402 INFO [cli] {'ticker': 'IWM', 'mode': 'tri', 'thr': 130, 'window': '5Y', 'order': 3, 'rows': 27}
2025-11-12 11:25:49,410 INFO [cli] {'ticker': 'IWM', 'mode': 'tri', 'thr': 130, 'window': '5Y', 'order': 4, 'rows': 78}
2025-11-12 11:25:49,418 INFO [cli] {'ticker': 'IWM', 'mode': 'tri', 'thr': 130, 'window': '10Y', 'order': 1, 'rows': 3}
2025-11-12 11:25:49,425 INFO [cli] {'ticker': 'IWM', 'mode': 'tri', 'thr': 130, 'window': '10Y', 'order': 2, 'rows': 9}
2025-11-12 11:25:49,431 INFO [cli] {'ticker': 'IWM', 'mode': 'tri', 'thr': 130, 'window': '10Y', 'order': 3, 'rows': 27}
2025-11-12 11:25:49,439 INFO [cli] {'ticker': 'IWM', 'mode': 'tri', 'thr': 130, 'window': '10Y', 'order': 4, 'rows': 81}
2025-11-12 11:25:49,446 INFO [cli] {'ticker': 'IWM', 'mode': 'tri', 'thr': 130, 'window': '20Y', 'order': 1, 'rows': 3}
2025-11-12 11:25:49,454 INFO [cli] {'ticker': 'IWM', 'mode': 'tri', 'thr': 130, 'window': '20Y', 'order': 2, 'rows': 9}
2025-11-12 11:25:49,462 INFO [cli] {'ticker': 'IWM', 'mode': 'tri', 'thr': 130, 'window': '20Y', 'order': 3, 'rows': 27}
2025-11-12 11:25:49,470 INFO [cli] {'ticker': 'IWM', 'mode': 'tri', 'thr': 130, 'window': '20Y', 'order': 4, 'rows': 81}
2025-11-12 11:25:49,479 INFO [cli] {'ticker': 'IWM', 'mode': 'tri', 'thr': 130, 'window': 'MAX', 'order': 1, 'rows': 3}
2025-11-12 11:25:49,485 INFO [cli] {'ticker': 'IWM', 'mode': 'tri', 'thr': 130, 'window': 'MAX', 'order': 2, 'rows': 9}
2025-11-12 11:25:49,492 INFO [cli] {'ticker': 'IWM', 'mode': 'tri', 'thr': 130, 'window': 'MAX', 'order': 3, 'rows': 27}
2025-11-12 11:25:49,499 INFO [cli] {'ticker': 'IWM', 'mode': 'tri', 'thr': 130, 'window': 'MAX', 'order': 4, 'rows': 81}

{'ticker': 'IWM', 'mode': 'tri', 'thr': 90, 'window': 'MAX', 'order': 4, 'rows': 81}
{'ticker': 'IWM', 'mode': 'tri', 'thr': 95, 'window': '1Y', 'order': 1, 'rows': 3}
{'ticker': 'IWM', 'mode': 'tri', 'thr': 95, 'window': '1Y', 'order': 2, 'rows': 9}
{'ticker': 'IWM', 'mode': 'tri', 'thr': 95, 'window': '1Y', 'order': 3, 'rows': 27}
{'ticker': 'IWM', 'mode': 'tri', 'thr': 95, 'window': '1Y', 'order': 4, 'rows': 65}
{'ticker': 'IWM', 'mode': 'tri', 'thr': 95, 'window': '2Y', 'order': 1, 'rows': 3}
{'ticker': 'IWM', 'mode': 'tri', 'thr': 95, 'window': '2Y', 'order': 2, 'rows': 9}
{'ticker': 'IWM', 'mode': 'tri', 'thr': 95, 'window': '2Y', 'order': 3, 'rows': 27}
{'ticker': 'IWM', 'mode': 'tri', 'thr': 95, 'window': '2Y', 'order': 4, 'rows': 76}
{'ticker': 'IWM', 'mode': 'tri', 'thr': 95, 'window': '5Y', 'order': 1, 'rows': 3}
{'ticker': 'IWM', 'mode': 'tri', 'thr': 95, 'window': '5Y', 'order': 2, 'rows': 9}
{'ticker': 'IWM', 'mode': 'tri', 'thr': 95, 'window': '5Y', 'order': 3, 'rows': 27}
{'ticker': 'IWM', 'mode': 'tri', 'thr': 95, 'window': '5Y', 'order': 4, 'rows': 81}
{'ticker': 'IWM', 'mode': 'tri', 'thr': 95, 'window': '10Y', 'order': 1, 'rows': 3}
{'ticker': 'IWM', 'mode': 'tri', 'thr': 95, 'window': '10Y', 'order': 2, 'rows': 9}
{'ticker': 'IWM', 'mode': 'tri', 'thr': 95, 'window': '10Y', 'order': 3, 'rows': 27}
{'ticker': 'IWM', 'mode': 'tri', 'thr': 95, 'window': '10Y', 'order': 4, 'rows': 81}
{'ticker': 'IWM', 'mode': 'tri', 'thr': 95, 'window': '20Y', 'order': 1, 'rows': 3}
{'ticker': 'IWM', 'mode': 'tri', 'thr': 95, 'window': '20Y', 'order': 2, 'rows': 9}
{'ticker': 'IWM', 'mode': 'tri', 'thr': 95, 'window': '20Y', 'order': 3, 'rows': 27}
{'ticker': 'IWM', 'mode': 'tri', 'thr': 95, 'window': '20Y', 'order': 4, 'rows': 81}
{'ticker': 'IWM', 'mode': 'tri', 'thr': 95, 'window': 'MAX', 'order': 1, 'rows': 3}
{'ticker': 'IWM', 'mode': 'tri', 'thr': 95, 'window': 'MAX', 'order': 2, 'rows': 9}
{'ticker': 'IWM', 'mode': 'tri', 'thr': 95, 'window': 'MAX', 'order': 3, 'rows': 27}
{'ticker': 'IWM', 'mode': 'tri', 'thr': 95, 'window': 'MAX', 'order': 4, 'rows': 81}
{'ticker': 'IWM', 'mode': 'tri', 'thr': 100, 'window': '1Y', 'order': 1, 'rows': 3}
{'ticker': 'IWM', 'mode': 'tri', 'thr': 100, 'window': '1Y', 'order': 2, 'rows': 9}
{'ticker': 'IWM', 'mode': 'tri', 'thr': 100, 'window': '1Y', 'order': 3, 'rows': 25}
{'ticker': 'IWM', 'mode': 'tri', 'thr': 100, 'window': '1Y', 'order': 4, 'rows': 57}
{'ticker': 'IWM', 'mode': 'tri', 'thr': 100, 'window': '2Y', 'order': 1, 'rows': 3}
{'ticker': 'IWM', 'mode': 'tri', 'thr': 100, 'window': '2Y', 'order': 2, 'rows': 9}
{'ticker': 'IWM', 'mode': 'tri', 'thr': 100, 'window': '2Y', 'order': 3, 'rows': 27}
{'ticker': 'IWM', 'mode': 'tri', 'thr': 100, 'window': '2Y', 'order': 4, 'rows': 70}
{'ticker': 'IWM', 'mode': 'tri', 'thr': 100, 'window': '5Y', 'order': 1, 'rows': 3}
{'ticker': 'IWM', 'mode': 'tri', 'thr': 100, 'window': '5Y', 'order': 2, 'rows': 9}
{'ticker': 'IWM', 'mode': 'tri', 'thr': 100, 'window': '5Y', 'order': 3, 'rows': 27}
{'ticker': 'IWM', 'mode': 'tri', 'thr': 100, 'window': '5Y', 'order': 4, 'rows': 81}
{'ticker': 'IWM', 'mode': 'tri', 'thr': 100, 'window': '10Y', 'order': 1, 'rows': 3}
{'ticker': 'IWM', 'mode': 'tri', 'thr': 100, 'window': '10Y', 'order': 2, 'rows': 9}
{'ticker': 'IWM', 'mode': 'tri', 'thr': 100, 'window': '10Y', 'order': 3, 'rows': 27}
{'ticker': 'IWM', 'mode': 'tri', 'thr': 100, 'window': '10Y', 'order': 4, 'rows': 81}
{'ticker': 'IWM', 'mode': 'tri', 'thr': 100, 'window': '20Y', 'order': 1, 'rows': 3}
{'ticker': 'IWM', 'mode': 'tri', 'thr': 100, 'window': '20Y', 'order': 2, 'rows': 9}
{'ticker': 'IWM', 'mode': 'tri', 'thr': 100, 'window': '20Y', 'order': 3, 'rows': 27}
{'ticker': 'IWM', 'mode': 'tri', 'thr': 100, 'window': '20Y', 'order': 4, 'rows': 81}
{'ticker': 'IWM', 'mode': 'tri', 'thr': 100, 'window': 'MAX', 'order': 1, 'rows': 3}
{'ticker': 'IWM', 'mode': 'tri', 'thr': 100, 'window': 'MAX', 'order': 2, 'rows': 9}
{'ticker': 'IWM', 'mode': 'tri', 'thr': 100, 'window': 'MAX', 'order': 3, 'rows': 27}
{'ticker': 'IWM', 'mode': 'tri', 'thr': 100, 'window': 'MAX', 'order': 4, 'rows': 81}
{'ticker': 'IWM', 'mode': 'tri', 'thr': 105, 'window': '1Y', 'order': 1, 'rows': 3}
{'ticker': 'IWM', 'mode': 'tri', 'thr': 105, 'window': '1Y', 'order': 2, 'rows': 9}
{'ticker': 'IWM', 'mode': 'tri', 'thr': 105, 'window': '1Y', 'order': 3, 'rows': 25}
{'ticker': 'IWM', 'mode': 'tri', 'thr': 105, 'window': '1Y', 'order': 4, 'rows': 56}
{'ticker': 'IWM', 'mode': 'tri', 'thr': 105, 'window': '2Y', 'order': 1, 'rows': 3}
{'ticker': 'IWM', 'mode': 'tri', 'thr': 105, 'window': '2Y', 'order': 2, 'rows': 9}
{'ticker': 'IWM', 'mode': 'tri', 'thr': 105, 'window': '2Y', 'order': 3, 'rows': 27}
{'ticker': 'IWM', 'mode': 'tri', 'thr': 105, 'window': '2Y', 'order': 4, 'rows': 69}
{'ticker': 'IWM', 'mode': 'tri', 'thr': 105, 'window': '5Y', 'order': 1, 'rows': 3}
{'ticker': 'IWM', 'mode': 'tri', 'thr': 105, 'window': '5Y', 'order': 2, 'rows': 9}
{'ticker': 'IWM', 'mode': 'tri', 'thr': 105, 'window': '5Y', 'order': 3, 'rows': 27}
{'ticker': 'IWM', 'mode': 'tri', 'thr': 105, 'window': '5Y', 'order': 4, 'rows': 81}
{'ticker': 'IWM', 'mode': 'tri', 'thr': 105, 'window': '10Y', 'order': 1, 'rows': 3}
{'ticker': 'IWM', 'mode': 'tri', 'thr': 105, 'window': '10Y', 'order': 2, 'rows': 9}
{'ticker': 'IWM', 'mode': 'tri', 'thr': 105, 'window': '10Y', 'order': 3, 'rows': 27}
{'ticker': 'IWM', 'mode': 'tri', 'thr': 105, 'window': '10Y', 'order': 4, 'rows': 81}
{'ticker': 'IWM', 'mode': 'tri', 'thr': 105, 'window': '20Y', 'order': 1, 'rows': 3}
{'ticker': 'IWM', 'mode': 'tri', 'thr': 105, 'window': '20Y', 'order': 2, 'rows': 9}
{'ticker': 'IWM', 'mode': 'tri', 'thr': 105, 'window': '20Y', 'order': 3, 'rows': 27}
{'ticker': 'IWM', 'mode': 'tri', 'thr': 105, 'window': '20Y', 'order': 4, 'rows': 81}
{'ticker': 'IWM', 'mode': 'tri', 'thr': 105, 'window': 'MAX', 'order': 1, 'rows': 3}
{'ticker': 'IWM', 'mode': 'tri', 'thr': 105, 'window': 'MAX', 'order': 2, 'rows': 9}
{'ticker': 'IWM', 'mode': 'tri', 'thr': 105, 'window': 'MAX', 'order': 3, 'rows': 27}
{'ticker': 'IWM', 'mode': 'tri', 'thr': 105, 'window': 'MAX', 'order': 4, 'rows': 81}
{'ticker': 'IWM', 'mode': 'tri', 'thr': 110, 'window': '1Y', 'order': 1, 'rows': 3}
{'ticker': 'IWM', 'mode': 'tri', 'thr': 110, 'window': '1Y', 'order': 2, 'rows': 9}
{'ticker': 'IWM', 'mode': 'tri', 'thr': 110, 'window': '1Y', 'order': 3, 'rows': 25}
{'ticker': 'IWM', 'mode': 'tri', 'thr': 110, 'window': '1Y', 'order': 4, 'rows': 55}
{'ticker': 'IWM', 'mode': 'tri', 'thr': 110, 'window': '2Y', 'order': 1, 'rows': 3}
{'ticker': 'IWM', 'mode': 'tri', 'thr': 110, 'window': '2Y', 'order': 2, 'rows': 9}
{'ticker': 'IWM', 'mode': 'tri', 'thr': 110, 'window': '2Y', 'order': 3, 'rows': 26}
{'ticker': 'IWM', 'mode': 'tri', 'thr': 110, 'window': '2Y', 'order': 4, 'rows': 65}
{'ticker': 'IWM', 'mode': 'tri', 'thr': 110, 'window': '5Y', 'order': 1, 'rows': 3}
{'ticker': 'IWM', 'mode': 'tri', 'thr': 110, 'window': '5Y', 'order': 2, 'rows': 9}
{'ticker': 'IWM', 'mode': 'tri', 'thr': 110, 'window': '5Y', 'order': 3, 'rows': 27}
{'ticker': 'IWM', 'mode': 'tri', 'thr': 110, 'window': '5Y', 'order': 4, 'rows': 81}
{'ticker': 'IWM', 'mode': 'tri', 'thr': 110, 'window': '10Y', 'order': 1, 'rows': 3}
{'ticker': 'IWM', 'mode': 'tri', 'thr': 110, 'window': '10Y', 'order': 2, 'rows': 9}
{'ticker': 'IWM', 'mode': 'tri', 'thr': 110, 'window': '10Y', 'order': 3, 'rows': 27}
{'ticker': 'IWM', 'mode': 'tri', 'thr': 110, 'window': '10Y', 'order': 4, 'rows': 81}
{'ticker': 'IWM', 'mode': 'tri', 'thr': 110, 'window': '20Y', 'order': 1, 'rows': 3}
{'ticker': 'IWM', 'mode': 'tri', 'thr': 110, 'window': '20Y', 'order': 2, 'rows': 9}
{'ticker': 'IWM', 'mode': 'tri', 'thr': 110, 'window': '20Y', 'order': 3, 'rows': 27}
{'ticker': 'IWM', 'mode': 'tri', 'thr': 110, 'window': '20Y', 'order': 4, 'rows': 81}
{'ticker': 'IWM', 'mode': 'tri', 'thr': 110, 'window': 'MAX', 'order': 1, 'rows': 3}
{'ticker': 'IWM', 'mode': 'tri', 'thr': 110, 'window': 'MAX', 'order': 2, 'rows': 9}
{'ticker': 'IWM', 'mode': 'tri', 'thr': 110, 'window': 'MAX', 'order': 3, 'rows': 27}
{'ticker': 'IWM', 'mode': 'tri', 'thr': 110, 'window': 'MAX', 'order': 4, 'rows': 81}2025-11-12 11:25:49,511 INFO [cli] {'ticker': 'IWM', 'mode': 'tri', 'thr': 135, 'window': '1Y', 'order': 1, 'rows': 3}
2025-11-12 11:25:49,516 INFO [cli] {'ticker': 'IWM', 'mode': 'tri', 'thr': 135, 'window': '1Y', 'order': 2, 'rows': 9}
2025-11-12 11:25:49,521 INFO [cli] {'ticker': 'IWM', 'mode': 'tri', 'thr': 135, 'window': '1Y', 'order': 3, 'rows': 23}
2025-11-12 11:25:49,526 INFO [cli] {'ticker': 'IWM', 'mode': 'tri', 'thr': 135, 'window': '1Y', 'order': 4, 'rows': 42}
2025-11-12 11:25:49,536 INFO [cli] {'ticker': 'IWM', 'mode': 'tri', 'thr': 135, 'window': '2Y', 'order': 1, 'rows': 3}
2025-11-12 11:25:49,542 INFO [cli] {'ticker': 'IWM', 'mode': 'tri', 'thr': 135, 'window': '2Y', 'order': 2, 'rows': 9}
2025-11-12 11:25:49,551 INFO [cli] {'ticker': 'IWM', 'mode': 'tri', 'thr': 135, 'window': '2Y', 'order': 3, 'rows': 26}
2025-11-12 11:25:49,558 INFO [cli] {'ticker': 'IWM', 'mode': 'tri', 'thr': 135, 'window': '2Y', 'order': 4, 'rows': 57}
2025-11-12 11:25:49,564 INFO [cli] {'ticker': 'IWM', 'mode': 'tri', 'thr': 135, 'window': '5Y', 'order': 1, 'rows': 3}
2025-11-12 11:25:49,572 INFO [cli] {'ticker': 'IWM', 'mode': 'tri', 'thr': 135, 'window': '5Y', 'order': 2, 'rows': 9}
2025-11-12 11:25:49,579 INFO [cli] {'ticker': 'IWM', 'mode': 'tri', 'thr': 135, 'window': '5Y', 'order': 3, 'rows': 27}
2025-11-12 11:25:49,586 INFO [cli] {'ticker': 'IWM', 'mode': 'tri', 'thr': 135, 'window': '5Y', 'order': 4, 'rows': 78}
2025-11-12 11:25:49,592 INFO [cli] {'ticker': 'IWM', 'mode': 'tri', 'thr': 135, 'window': '10Y', 'order': 1, 'rows': 3}
2025-11-12 11:25:49,599 INFO [cli] {'ticker': 'IWM', 'mode': 'tri', 'thr': 135, 'window': '10Y', 'order': 2, 'rows': 9}
2025-11-12 11:25:49,607 INFO [cli] {'ticker': 'IWM', 'mode': 'tri', 'thr': 135, 'window': '10Y', 'order': 3, 'rows': 27}
2025-11-12 11:25:49,614 INFO [cli] {'ticker': 'IWM', 'mode': 'tri', 'thr': 135, 'window': '10Y', 'order': 4, 'rows': 81}
2025-11-12 11:25:49,629 INFO [cli] {'ticker': 'IWM', 'mode': 'tri', 'thr': 135, 'window': '20Y', 'order': 1, 'rows': 3}
2025-11-12 11:25:49,635 INFO [cli] {'ticker': 'IWM', 'mode': 'tri', 'thr': 135, 'window': '20Y', 'order': 2, 'rows': 9}
2025-11-12 11:25:49,642 INFO [cli] {'ticker': 'IWM', 'mode': 'tri', 'thr': 135, 'window': '20Y', 'order': 3, 'rows': 27}
2025-11-12 11:25:49,649 INFO [cli] {'ticker': 'IWM', 'mode': 'tri', 'thr': 135, 'window': '20Y', 'order': 4, 'rows': 81}
2025-11-12 11:25:49,653 INFO [cli] {'ticker': 'IWM', 'mode': 'tri', 'thr': 135, 'window': 'MAX', 'order': 1, 'rows': 3}
2025-11-12 11:25:49,658 INFO [cli] {'ticker': 'IWM', 'mode': 'tri', 'thr': 135, 'window': 'MAX', 'order': 2, 'rows': 9}
2025-11-12 11:25:49,664 INFO [cli] {'ticker': 'IWM', 'mode': 'tri', 'thr': 135, 'window': 'MAX', 'order': 3, 'rows': 27}
2025-11-12 11:25:49,671 INFO [cli] {'ticker': 'IWM', 'mode': 'tri', 'thr': 135, 'window': 'MAX', 'order': 4, 'rows': 81}
2025-11-12 11:25:49,683 INFO [cli] {'ticker': 'IWM', 'mode': 'tri', 'thr': 140, 'window': '1Y', 'order': 1, 'rows': 3}
2025-11-12 11:25:49,688 INFO [cli] {'ticker': 'IWM', 'mode': 'tri', 'thr': 140, 'window': '1Y', 'order': 2, 'rows': 9}
2025-11-12 11:25:49,693 INFO [cli] {'ticker': 'IWM', 'mode': 'tri', 'thr': 140, 'window': '1Y', 'order': 3, 'rows': 23}
2025-11-12 11:25:49,700 INFO [cli] {'ticker': 'IWM', 'mode': 'tri', 'thr': 140, 'window': '1Y', 'order': 4, 'rows': 42}
2025-11-12 11:25:49,706 INFO [cli] {'ticker': 'IWM', 'mode': 'tri', 'thr': 140, 'window': '2Y', 'order': 1, 'rows': 3}
2025-11-12 11:25:49,713 INFO [cli] {'ticker': 'IWM', 'mode': 'tri', 'thr': 140, 'window': '2Y', 'order': 2, 'rows': 9}
2025-11-12 11:25:49,718 INFO [cli] {'ticker': 'IWM', 'mode': 'tri', 'thr': 140, 'window': '2Y', 'order': 3, 'rows': 26}
2025-11-12 11:25:49,725 INFO [cli] {'ticker': 'IWM', 'mode': 'tri', 'thr': 140, 'window': '2Y', 'order': 4, 'rows': 54}
2025-11-12 11:25:49,731 INFO [cli] {'ticker': 'IWM', 'mode': 'tri', 'thr': 140, 'window': '5Y', 'order': 1, 'rows': 3}
2025-11-12 11:25:49,736 INFO [cli] {'ticker': 'IWM', 'mode': 'tri', 'thr': 140, 'window': '5Y', 'order': 2, 'rows': 9}
2025-11-12 11:25:49,743 INFO [cli] {'ticker': 'IWM', 'mode': 'tri', 'thr': 140, 'window': '5Y', 'order': 3, 'rows': 27}
2025-11-12 11:25:49,749 INFO [cli] {'ticker': 'IWM', 'mode': 'tri', 'thr': 140, 'window': '5Y', 'order': 4, 'rows': 76}
2025-11-12 11:25:49,759 INFO [cli] {'ticker': 'IWM', 'mode': 'tri', 'thr': 140, 'window': '10Y', 'order': 1, 'rows': 3}
2025-11-12 11:25:49,766 INFO [cli] {'ticker': 'IWM', 'mode': 'tri', 'thr': 140, 'window': '10Y', 'order': 2, 'rows': 9}
2025-11-12 11:25:49,773 INFO [cli] {'ticker': 'IWM', 'mode': 'tri', 'thr': 140, 'window': '10Y', 'order': 3, 'rows': 27}
2025-11-12 11:25:49,780 INFO [cli] {'ticker': 'IWM', 'mode': 'tri', 'thr': 140, 'window': '10Y', 'order': 4, 'rows': 81}
2025-11-12 11:25:49,786 INFO [cli] {'ticker': 'IWM', 'mode': 'tri', 'thr': 140, 'window': '20Y', 'order': 1, 'rows': 3}
2025-11-12 11:25:49,793 INFO [cli] {'ticker': 'IWM', 'mode': 'tri', 'thr': 140, 'window': '20Y', 'order': 2, 'rows': 9}
2025-11-12 11:25:49,801 INFO [cli] {'ticker': 'IWM', 'mode': 'tri', 'thr': 140, 'window': '20Y', 'order': 3, 'rows': 27}
2025-11-12 11:25:49,807 INFO [cli] {'ticker': 'IWM', 'mode': 'tri', 'thr': 140, 'window': '20Y', 'order': 4, 'rows': 81}
2025-11-12 11:25:49,814 INFO [cli] {'ticker': 'IWM', 'mode': 'tri', 'thr': 140, 'window': 'MAX', 'order': 1, 'rows': 3}
2025-11-12 11:25:49,819 INFO [cli] {'ticker': 'IWM', 'mode': 'tri', 'thr': 140, 'window': 'MAX', 'order': 2, 'rows': 9}
2025-11-12 11:25:49,826 INFO [cli] {'ticker': 'IWM', 'mode': 'tri', 'thr': 140, 'window': 'MAX', 'order': 3, 'rows': 27}
2025-11-12 11:25:49,831 INFO [cli] {'ticker': 'IWM', 'mode': 'tri', 'thr': 140, 'window': 'MAX', 'order': 4, 'rows': 81}
2025-11-12 11:25:49,843 INFO [cli] {'ticker': 'IWM', 'mode': 'tri', 'thr': 145, 'window': '1Y', 'order': 1, 'rows': 3}
2025-11-12 11:25:49,850 INFO [cli] {'ticker': 'IWM', 'mode': 'tri', 'thr': 145, 'window': '1Y', 'order': 2, 'rows': 9}
2025-11-12 11:25:49,856 INFO [cli] {'ticker': 'IWM', 'mode': 'tri', 'thr': 145, 'window': '1Y', 'order': 3, 'rows': 23}
2025-11-12 11:25:49,865 INFO [cli] {'ticker': 'IWM', 'mode': 'tri', 'thr': 145, 'window': '1Y', 'order': 4, 'rows': 41}
2025-11-12 11:25:49,871 INFO [cli] {'ticker': 'IWM', 'mode': 'tri', 'thr': 145, 'window': '2Y', 'order': 1, 'rows': 3}
2025-11-12 11:25:49,879 INFO [cli] {'ticker': 'IWM', 'mode': 'tri', 'thr': 145, 'window': '2Y', 'order': 2, 'rows': 9}
2025-11-12 11:25:49,884 INFO [cli] {'ticker': 'IWM', 'mode': 'tri', 'thr': 145, 'window': '2Y', 'order': 3, 'rows': 26}
2025-11-12 11:25:49,892 INFO [cli] {'ticker': 'IWM', 'mode': 'tri', 'thr': 145, 'window': '2Y', 'order': 4, 'rows': 54}
2025-11-12 11:25:49,900 INFO [cli] {'ticker': 'IWM', 'mode': 'tri', 'thr': 145, 'window': '5Y', 'order': 1, 'rows': 3}
2025-11-12 11:25:49,907 INFO [cli] {'ticker': 'IWM', 'mode': 'tri', 'thr': 145, 'window': '5Y', 'order': 2, 'rows': 9}
2025-11-12 11:25:49,915 INFO [cli] {'ticker': 'IWM', 'mode': 'tri', 'thr': 145, 'window': '5Y', 'order': 3, 'rows': 27}
2025-11-12 11:25:49,924 INFO [cli] {'ticker': 'IWM', 'mode': 'tri', 'thr': 145, 'window': '5Y', 'order': 4, 'rows': 76}
2025-11-12 11:25:49,930 INFO [cli] {'ticker': 'IWM', 'mode': 'tri', 'thr': 145, 'window': '10Y', 'order': 1, 'rows': 3}
2025-11-12 11:25:49,937 INFO [cli] {'ticker': 'IWM', 'mode': 'tri', 'thr': 145, 'window': '10Y', 'order': 2, 'rows': 9}
2025-11-12 11:25:49,948 INFO [cli] {'ticker': 'IWM', 'mode': 'tri', 'thr': 145, 'window': '10Y', 'order': 3, 'rows': 27}
2025-11-12 11:25:49,955 INFO [cli] {'ticker': 'IWM', 'mode': 'tri', 'thr': 145, 'window': '10Y', 'order': 4, 'rows': 81}
2025-11-12 11:25:49,964 INFO [cli] {'ticker': 'IWM', 'mode': 'tri', 'thr': 145, 'window': '20Y', 'order': 1, 'rows': 3}
2025-11-12 11:25:49,971 INFO [cli] {'ticker': 'IWM', 'mode': 'tri', 'thr': 145, 'window': '20Y', 'order': 2, 'rows': 9}
2025-11-12 11:25:49,978 INFO [cli] {'ticker': 'IWM', 'mode': 'tri', 'thr': 145, 'window': '20Y', 'order': 3, 'rows': 27}
2025-11-12 11:25:49,986 INFO [cli] {'ticker': 'IWM', 'mode': 'tri', 'thr': 145, 'window': '20Y', 'order': 4, 'rows': 81}
2025-11-12 11:25:49,993 INFO [cli] {'ticker': 'IWM', 'mode': 'tri', 'thr': 145, 'window': 'MAX', 'order': 1, 'rows': 3}
2025-11-12 11:25:50,001 INFO [cli] {'ticker': 'IWM', 'mode': 'tri', 'thr': 145, 'window': 'MAX', 'order': 2, 'rows': 9}
2025-11-12 11:25:50,007 INFO [cli] {'ticker': 'IWM', 'mode': 'tri', 'thr': 145, 'window': 'MAX', 'order': 3, 'rows': 27}
2025-11-12 11:25:50,017 INFO [cli] {'ticker': 'IWM', 'mode': 'tri', 'thr': 145, 'window': 'MAX', 'order': 4, 'rows': 81}
2025-11-12 11:25:50,030 INFO [cli] {'ticker': 'IWM', 'mode': 'tri', 'thr': 150, 'window': '1Y', 'order': 1, 'rows': 3}
2025-11-12 11:25:50,037 INFO [cli] {'ticker': 'IWM', 'mode': 'tri', 'thr': 150, 'window': '1Y', 'order': 2, 'rows': 9}
2025-11-12 11:25:50,046 INFO [cli] {'ticker': 'IWM', 'mode': 'tri', 'thr': 150, 'window': '1Y', 'order': 3, 'rows': 20}
2025-11-12 11:25:50,056 INFO [cli] {'ticker': 'IWM', 'mode': 'tri', 'thr': 150, 'window': '1Y', 'order': 4, 'rows': 37}
2025-11-12 11:25:50,065 INFO [cli] {'ticker': 'IWM', 'mode': 'tri', 'thr': 150, 'window': '2Y', 'order': 1, 'rows': 3}
2025-11-12 11:25:50,072 INFO [cli] {'ticker': 'IWM', 'mode': 'tri', 'thr': 150, 'window': '2Y', 'order': 2, 'rows': 9}
2025-11-12 11:25:50,080 INFO [cli] {'ticker': 'IWM', 'mode': 'tri', 'thr': 150, 'window': '2Y', 'order': 3, 'rows': 26}
2025-11-12 11:25:50,085 INFO [cli] {'ticker': 'IWM', 'mode': 'tri', 'thr': 150, 'window': '2Y', 'order': 4, 'rows': 51}
2025-11-12 11:25:50,094 INFO [cli] {'ticker': 'IWM', 'mode': 'tri', 'thr': 150, 'window': '5Y', 'order': 1, 'rows': 3}
2025-11-12 11:25:50,099 INFO [cli] {'ticker': 'IWM', 'mode': 'tri', 'thr': 150, 'window': '5Y', 'order': 2, 'rows': 9}
2025-11-12 11:25:50,106 INFO [cli] {'ticker': 'IWM', 'mode': 'tri', 'thr': 150, 'window': '5Y', 'order': 3, 'rows': 27}
2025-11-12 11:25:50,112 INFO [cli] {'ticker': 'IWM', 'mode': 'tri', 'thr': 150, 'window': '5Y', 'order': 4, 'rows': 76}
2025-11-12 11:25:50,118 INFO [cli] {'ticker': 'IWM', 'mode': 'tri', 'thr': 150, 'window': '10Y', 'order': 1, 'rows': 3}
2025-11-12 11:25:50,123 INFO [cli] {'ticker': 'IWM', 'mode': 'tri', 'thr': 150, 'window': '10Y', 'order': 2, 'rows': 9}
2025-11-12 11:25:50,130 INFO [cli] {'ticker': 'IWM', 'mode': 'tri', 'thr': 150, 'window': '10Y', 'order': 3, 'rows': 27}
2025-11-12 11:25:50,136 INFO [cli] {'ticker': 'IWM', 'mode': 'tri', 'thr': 150, 'window': '10Y', 'order': 4, 'rows': 80}
2025-11-12 11:25:50,144 INFO [cli] {'ticker': 'IWM', 'mode': 'tri', 'thr': 150, 'window': '20Y', 'order': 1, 'rows': 3}
2025-11-12 11:25:50,152 INFO [cli] {'ticker': 'IWM', 'mode': 'tri', 'thr': 150, 'window': '20Y', 'order': 2, 'rows': 9}
2025-11-12 11:25:50,159 INFO [cli] {'ticker': 'IWM', 'mode': 'tri', 'thr': 150, 'window': '20Y', 'order': 3, 'rows': 27}
2025-11-12 11:25:50,166 INFO [cli] {'ticker': 'IWM', 'mode': 'tri', 'thr': 150, 'window': '20Y', 'order': 4, 'rows': 81}
2025-11-12 11:25:50,177 INFO [cli] {'ticker': 'IWM', 'mode': 'tri', 'thr': 150, 'window': 'MAX', 'order': 1, 'rows': 3}
2025-11-12 11:25:50,183 INFO [cli] {'ticker': 'IWM', 'mode': 'tri', 'thr': 150, 'window': 'MAX', 'order': 2, 'rows': 9}
2025-11-12 11:25:50,192 INFO [cli] {'ticker': 'IWM', 'mode': 'tri', 'thr': 150, 'window': 'MAX', 'order': 3, 'rows': 27}
2025-11-12 11:25:50,199 INFO [cli] {'ticker': 'IWM', 'mode': 'tri', 'thr': 150, 'window': 'MAX', 'order': 4, 'rows': 81}
2025-11-12 11:25:50,206 INFO [cli] build-markov-grid:finish

{'ticker': 'IWM', 'mode': 'tri', 'thr': 115, 'window': '1Y', 'order': 1, 'rows': 3}
{'ticker': 'IWM', 'mode': 'tri', 'thr': 115, 'window': '1Y', 'order': 2, 'rows': 9}
{'ticker': 'IWM', 'mode': 'tri', 'thr': 115, 'window': '1Y', 'order': 3, 'rows': 25}
{'ticker': 'IWM', 'mode': 'tri', 'thr': 115, 'window': '1Y', 'order': 4, 'rows': 52}
{'ticker': 'IWM', 'mode': 'tri', 'thr': 115, 'window': '2Y', 'order': 1, 'rows': 3}
{'ticker': 'IWM', 'mode': 'tri', 'thr': 115, 'window': '2Y', 'order': 2, 'rows': 9}
{'ticker': 'IWM', 'mode': 'tri', 'thr': 115, 'window': '2Y', 'order': 3, 'rows': 26}
{'ticker': 'IWM', 'mode': 'tri', 'thr': 115, 'window': '2Y', 'order': 4, 'rows': 64}
{'ticker': 'IWM', 'mode': 'tri', 'thr': 115, 'window': '5Y', 'order': 1, 'rows': 3}
{'ticker': 'IWM', 'mode': 'tri', 'thr': 115, 'window': '5Y', 'order': 2, 'rows': 9}
{'ticker': 'IWM', 'mode': 'tri', 'thr': 115, 'window': '5Y', 'order': 3, 'rows': 27}
{'ticker': 'IWM', 'mode': 'tri', 'thr': 115, 'window': '5Y', 'order': 4, 'rows': 80}
{'ticker': 'IWM', 'mode': 'tri', 'thr': 115, 'window': '10Y', 'order': 1, 'rows': 3}
{'ticker': 'IWM', 'mode': 'tri', 'thr': 115, 'window': '10Y', 'order': 2, 'rows': 9}
{'ticker': 'IWM', 'mode': 'tri', 'thr': 115, 'window': '10Y', 'order': 3, 'rows': 27}
{'ticker': 'IWM', 'mode': 'tri', 'thr': 115, 'window': '10Y', 'order': 4, 'rows': 81}
{'ticker': 'IWM', 'mode': 'tri', 'thr': 115, 'window': '20Y', 'order': 1, 'rows': 3}
{'ticker': 'IWM', 'mode': 'tri', 'thr': 115, 'window': '20Y', 'order': 2, 'rows': 9}
{'ticker': 'IWM', 'mode': 'tri', 'thr': 115, 'window': '20Y', 'order': 3, 'rows': 27}
{'ticker': 'IWM', 'mode': 'tri', 'thr': 115, 'window': '20Y', 'order': 4, 'rows': 81}
{'ticker': 'IWM', 'mode': 'tri', 'thr': 115, 'window': 'MAX', 'order': 1, 'rows': 3}
{'ticker': 'IWM', 'mode': 'tri', 'thr': 115, 'window': 'MAX', 'order': 2, 'rows': 9}
{'ticker': 'IWM', 'mode': 'tri', 'thr': 115, 'window': 'MAX', 'order': 3, 'rows': 27}
{'ticker': 'IWM', 'mode': 'tri', 'thr': 115, 'window': 'MAX', 'order': 4, 'rows': 81}
{'ticker': 'IWM', 'mode': 'tri', 'thr': 120, 'window': '1Y', 'order': 1, 'rows': 3}
{'ticker': 'IWM', 'mode': 'tri', 'thr': 120, 'window': '1Y', 'order': 2, 'rows': 9}
{'ticker': 'IWM', 'mode': 'tri', 'thr': 120, 'window': '1Y', 'order': 3, 'rows': 25}
{'ticker': 'IWM', 'mode': 'tri', 'thr': 120, 'window': '1Y', 'order': 4, 'rows': 50}
{'ticker': 'IWM', 'mode': 'tri', 'thr': 120, 'window': '2Y', 'order': 1, 'rows': 3}
{'ticker': 'IWM', 'mode': 'tri', 'thr': 120, 'window': '2Y', 'order': 2, 'rows': 9}
{'ticker': 'IWM', 'mode': 'tri', 'thr': 120, 'window': '2Y', 'order': 3, 'rows': 26}
{'ticker': 'IWM', 'mode': 'tri', 'thr': 120, 'window': '2Y', 'order': 4, 'rows': 63}
{'ticker': 'IWM', 'mode': 'tri', 'thr': 120, 'window': '5Y', 'order': 1, 'rows': 3}
{'ticker': 'IWM', 'mode': 'tri', 'thr': 120, 'window': '5Y', 'order': 2, 'rows': 9}
{'ticker': 'IWM', 'mode': 'tri', 'thr': 120, 'window': '5Y', 'order': 3, 'rows': 27}
{'ticker': 'IWM', 'mode': 'tri', 'thr': 120, 'window': '5Y', 'order': 4, 'rows': 78}
{'ticker': 'IWM', 'mode': 'tri', 'thr': 120, 'window': '10Y', 'order': 1, 'rows': 3}
{'ticker': 'IWM', 'mode': 'tri', 'thr': 120, 'window': '10Y', 'order': 2, 'rows': 9}
{'ticker': 'IWM', 'mode': 'tri', 'thr': 120, 'window': '10Y', 'order': 3, 'rows': 27}
{'ticker': 'IWM', 'mode': 'tri', 'thr': 120, 'window': '10Y', 'order': 4, 'rows': 81}
{'ticker': 'IWM', 'mode': 'tri', 'thr': 120, 'window': '20Y', 'order': 1, 'rows': 3}
{'ticker': 'IWM', 'mode': 'tri', 'thr': 120, 'window': '20Y', 'order': 2, 'rows': 9}
{'ticker': 'IWM', 'mode': 'tri', 'thr': 120, 'window': '20Y', 'order': 3, 'rows': 27}
{'ticker': 'IWM', 'mode': 'tri', 'thr': 120, 'window': '20Y', 'order': 4, 'rows': 81}
{'ticker': 'IWM', 'mode': 'tri', 'thr': 120, 'window': 'MAX', 'order': 1, 'rows': 3}
{'ticker': 'IWM', 'mode': 'tri', 'thr': 120, 'window': 'MAX', 'order': 2, 'rows': 9}
{'ticker': 'IWM', 'mode': 'tri', 'thr': 120, 'window': 'MAX', 'order': 3, 'rows': 27}
{'ticker': 'IWM', 'mode': 'tri', 'thr': 120, 'window': 'MAX', 'order': 4, 'rows': 81}
{'ticker': 'IWM', 'mode': 'tri', 'thr': 125, 'window': '1Y', 'order': 1, 'rows': 3}
{'ticker': 'IWM', 'mode': 'tri', 'thr': 125, 'window': '1Y', 'order': 2, 'rows': 9}
{'ticker': 'IWM', 'mode': 'tri', 'thr': 125, 'window': '1Y', 'order': 3, 'rows': 25}
{'ticker': 'IWM', 'mode': 'tri', 'thr': 125, 'window': '1Y', 'order': 4, 'rows': 49}
{'ticker': 'IWM', 'mode': 'tri', 'thr': 125, 'window': '2Y', 'order': 1, 'rows': 3}
{'ticker': 'IWM', 'mode': 'tri', 'thr': 125, 'window': '2Y', 'order': 2, 'rows': 9}
{'ticker': 'IWM', 'mode': 'tri', 'thr': 125, 'window': '2Y', 'order': 3, 'rows': 26}
{'ticker': 'IWM', 'mode': 'tri', 'thr': 125, 'window': '2Y', 'order': 4, 'rows': 63}
{'ticker': 'IWM', 'mode': 'tri', 'thr': 125, 'window': '5Y', 'order': 1, 'rows': 3}
{'ticker': 'IWM', 'mode': 'tri', 'thr': 125, 'window': '5Y', 'order': 2, 'rows': 9}
{'ticker': 'IWM', 'mode': 'tri', 'thr': 125, 'window': '5Y', 'order': 3, 'rows': 27}
{'ticker': 'IWM', 'mode': 'tri', 'thr': 125, 'window': '5Y', 'order': 4, 'rows': 78}
{'ticker': 'IWM', 'mode': 'tri', 'thr': 125, 'window': '10Y', 'order': 1, 'rows': 3}
{'ticker': 'IWM', 'mode': 'tri', 'thr': 125, 'window': '10Y', 'order': 2, 'rows': 9}
{'ticker': 'IWM', 'mode': 'tri', 'thr': 125, 'window': '10Y', 'order': 3, 'rows': 27}
{'ticker': 'IWM', 'mode': 'tri', 'thr': 125, 'window': '10Y', 'order': 4, 'rows': 81}
{'ticker': 'IWM', 'mode': 'tri', 'thr': 125, 'window': '20Y', 'order': 1, 'rows': 3}
{'ticker': 'IWM', 'mode': 'tri', 'thr': 125, 'window': '20Y', 'order': 2, 'rows': 9}
{'ticker': 'IWM', 'mode': 'tri', 'thr': 125, 'window': '20Y', 'order': 3, 'rows': 27}
{'ticker': 'IWM', 'mode': 'tri', 'thr': 125, 'window': '20Y', 'order': 4, 'rows': 81}
{'ticker': 'IWM', 'mode': 'tri', 'thr': 125, 'window': 'MAX', 'order': 1, 'rows': 3}
{'ticker': 'IWM', 'mode': 'tri', 'thr': 125, 'window': 'MAX', 'order': 2, 'rows': 9}
{'ticker': 'IWM', 'mode': 'tri', 'thr': 125, 'window': 'MAX', 'order': 3, 'rows': 27}
{'ticker': 'IWM', 'mode': 'tri', 'thr': 125, 'window': 'MAX', 'order': 4, 'rows': 81}
{'ticker': 'IWM', 'mode': 'tri', 'thr': 130, 'window': '1Y', 'order': 1, 'rows': 3}
{'ticker': 'IWM', 'mode': 'tri', 'thr': 130, 'window': '1Y', 'order': 2, 'rows': 9}
{'ticker': 'IWM', 'mode': 'tri', 'thr': 130, 'window': '1Y', 'order': 3, 'rows': 24}
{'ticker': 'IWM', 'mode': 'tri', 'thr': 130, 'window': '1Y', 'order': 4, 'rows': 46}
{'ticker': 'IWM', 'mode': 'tri', 'thr': 130, 'window': '2Y', 'order': 1, 'rows': 3}
{'ticker': 'IWM', 'mode': 'tri', 'thr': 130, 'window': '2Y', 'order': 2, 'rows': 9}
{'ticker': 'IWM', 'mode': 'tri', 'thr': 130, 'window': '2Y', 'order': 3, 'rows': 26}
{'ticker': 'IWM', 'mode': 'tri', 'thr': 130, 'window': '2Y', 'order': 4, 'rows': 59}
{'ticker': 'IWM', 'mode': 'tri', 'thr': 130, 'window': '5Y', 'order': 1, 'rows': 3}
{'ticker': 'IWM', 'mode': 'tri', 'thr': 130, 'window': '5Y', 'order': 2, 'rows': 9}
{'ticker': 'IWM', 'mode': 'tri', 'thr': 130, 'window': '5Y', 'order': 3, 'rows': 27}
{'ticker': 'IWM', 'mode': 'tri', 'thr': 130, 'window': '5Y', 'order': 4, 'rows': 78}
{'ticker': 'IWM', 'mode': 'tri', 'thr': 130, 'window': '10Y', 'order': 1, 'rows': 3}
{'ticker': 'IWM', 'mode': 'tri', 'thr': 130, 'window': '10Y', 'order': 2, 'rows': 9}
{'ticker': 'IWM', 'mode': 'tri', 'thr': 130, 'window': '10Y', 'order': 3, 'rows': 27}
{'ticker': 'IWM', 'mode': 'tri', 'thr': 130, 'window': '10Y', 'order': 4, 'rows': 81}
{'ticker': 'IWM', 'mode': 'tri', 'thr': 130, 'window': '20Y', 'order': 1, 'rows': 3}
{'ticker': 'IWM', 'mode': 'tri', 'thr': 130, 'window': '20Y', 'order': 2, 'rows': 9}
{'ticker': 'IWM', 'mode': 'tri', 'thr': 130, 'window': '20Y', 'order': 3, 'rows': 27}
{'ticker': 'IWM', 'mode': 'tri', 'thr': 130, 'window': '20Y', 'order': 4, 'rows': 81}
{'ticker': 'IWM', 'mode': 'tri', 'thr': 130, 'window': 'MAX', 'order': 1, 'rows': 3}
{'ticker': 'IWM', 'mode': 'tri', 'thr': 130, 'window': 'MAX', 'order': 2, 'rows': 9}
{'ticker': 'IWM', 'mode': 'tri', 'thr': 130, 'window': 'MAX', 'order': 3, 'rows': 27}
{'ticker': 'IWM', 'mode': 'tri', 'thr': 130, 'window': 'MAX', 'order': 4, 'rows': 81}
{'ticker': 'IWM', 'mode': 'tri', 'thr': 135, 'window': '1Y', 'order': 1, 'rows': 3}
{'ticker': 'IWM', 'mode': 'tri', 'thr': 135, 'window': '1Y', 'order': 2, 'rows': 9}
{'ticker': 'IWM', 'mode': 'tri', 'thr': 135, 'window': '1Y', 'order': 3, 'rows': 23}
{'ticker': 'IWM', 'mode': 'tri', 'thr': 135, 'window': '1Y', 'order': 4, 'rows': 42}
{'ticker': 'IWM', 'mode': 'tri', 'thr': 135, 'window': '2Y', 'order': 1, 'rows': 3}
{'ticker': 'IWM', 'mode': 'tri', 'thr': 135, 'window': '2Y', 'order': 2, 'rows': 9}
{'ticker': 'IWM', 'mode': 'tri', 'thr': 135, 'window': '2Y', 'order': 3, 'rows': 26}
{'ticker': 'IWM', 'mode': 'tri', 'thr': 135, 'window': '2Y', 'order': 4, 'rows': 57}
{'ticker': 'IWM', 'mode': 'tri', 'thr': 135, 'window': '5Y', 'order': 1, 'rows': 3}
{'ticker': 'IWM', 'mode': 'tri', 'thr': 135, 'window': '5Y', 'order': 2, 'rows': 9}
{'ticker': 'IWM', 'mode': 'tri', 'thr': 135, 'window': '5Y', 'order': 3, 'rows': 27}
{'ticker': 'IWM', 'mode': 'tri', 'thr': 135, 'window': '5Y', 'order': 4, 'rows': 78}
{'ticker': 'IWM', 'mode': 'tri', 'thr': 135, 'window': '10Y', 'order': 1, 'rows': 3}
{'ticker': 'IWM', 'mode': 'tri', 'thr': 135, 'window': '10Y', 'order': 2, 'rows': 9}
{'ticker': 'IWM', 'mode': 'tri', 'thr': 135, 'window': '10Y', 'order': 3, 'rows': 27}
{'ticker': 'IWM', 'mode': 'tri', 'thr': 135, 'window': '10Y', 'order': 4, 'rows': 81}
{'ticker': 'IWM', 'mode': 'tri', 'thr': 135, 'window': '20Y', 'order': 1, 'rows': 3}
{'ticker': 'IWM', 'mode': 'tri', 'thr': 135, 'window': '20Y', 'order': 2, 'rows': 9}
{'ticker': 'IWM', 'mode': 'tri', 'thr': 135, 'window': '20Y', 'order': 3, 'rows': 27}
{'ticker': 'IWM', 'mode': 'tri', 'thr': 135, 'window': '20Y', 'order': 4, 'rows': 81}
{'ticker': 'IWM', 'mode': 'tri', 'thr': 135, 'window': 'MAX', 'order': 1, 'rows': 3}
{'ticker': 'IWM', 'mode': 'tri', 'thr': 135, 'window': 'MAX', 'order': 2, 'rows': 9}
{'ticker': 'IWM', 'mode': 'tri', 'thr': 135, 'window': 'MAX', 'order': 3, 'rows': 27}
{'ticker': 'IWM', 'mode': 'tri', 'thr': 135, 'window': 'MAX', 'order': 4, 'rows': 81}
{'ticker': 'IWM', 'mode': 'tri', 'thr': 140, 'window': '1Y', 'order': 1, 'rows': 3}
{'ticker': 'IWM', 'mode': 'tri', 'thr': 140, 'window': '1Y', 'order': 2, 'rows': 9}
{'ticker': 'IWM', 'mode': 'tri', 'thr': 140, 'window': '1Y', 'order': 3, 'rows': 23}
{'ticker': 'IWM', 'mode': 'tri', 'thr': 140, 'window': '1Y', 'order': 4, 'rows': 42}
{'ticker': 'IWM', 'mode': 'tri', 'thr': 140, 'window': '2Y', 'order': 1, 'rows': 3}
{'ticker': 'IWM', 'mode': 'tri', 'thr': 140, 'window': '2Y', 'order': 2, 'rows': 9}
{'ticker': 'IWM', 'mode': 'tri', 'thr': 140, 'window': '2Y', 'order': 3, 'rows': 26}
{'ticker': 'IWM', 'mode': 'tri', 'thr': 140, 'window': '2Y', 'order': 4, 'rows': 54}
{'ticker': 'IWM', 'mode': 'tri', 'thr': 140, 'window': '5Y', 'order': 1, 'rows': 3}
{'ticker': 'IWM', 'mode': 'tri', 'thr': 140, 'window': '5Y', 'order': 2, 'rows': 9}
{'ticker': 'IWM', 'mode': 'tri', 'thr': 140, 'window': '5Y', 'order': 3, 'rows': 27}
{'ticker': 'IWM', 'mode': 'tri', 'thr': 140, 'window': '5Y', 'order': 4, 'rows': 76}
{'ticker': 'IWM', 'mode': 'tri', 'thr': 140, 'window': '10Y', 'order': 1, 'rows': 3}
{'ticker': 'IWM', 'mode': 'tri', 'thr': 140, 'window': '10Y', 'order': 2, 'rows': 9}
{'ticker': 'IWM', 'mode': 'tri', 'thr': 140, 'window': '10Y', 'order': 3, 'rows': 27}
{'ticker': 'IWM', 'mode': 'tri', 'thr': 140, 'window': '10Y', 'order': 4, 'rows': 81}
{'ticker': 'IWM', 'mode': 'tri', 'thr': 140, 'window': '20Y', 'order': 1, 'rows': 3}
{'ticker': 'IWM', 'mode': 'tri', 'thr': 140, 'window': '20Y', 'order': 2, 'rows': 9}
{'ticker': 'IWM', 'mode': 'tri', 'thr': 140, 'window': '20Y', 'order': 3, 'rows': 27}
{'ticker': 'IWM', 'mode': 'tri', 'thr': 140, 'window': '20Y', 'order': 4, 'rows': 81}
{'ticker': 'IWM', 'mode': 'tri', 'thr': 140, 'window': 'MAX', 'order': 1, 'rows': 3}
{'ticker': 'IWM', 'mode': 'tri', 'thr': 140, 'window': 'MAX', 'order': 2, 'rows': 9}
{'ticker': 'IWM', 'mode': 'tri', 'thr': 140, 'window': 'MAX', 'order': 3, 'rows': 27}
{'ticker': 'IWM', 'mode': 'tri', 'thr': 140, 'window': 'MAX', 'order': 4, 'rows': 81}
{'ticker': 'IWM', 'mode': 'tri', 'thr': 145, 'window': '1Y', 'order': 1, 'rows': 3}
{'ticker': 'IWM', 'mode': 'tri', 'thr': 145, 'window': '1Y', 'order': 2, 'rows': 9}
{'ticker': 'IWM', 'mode': 'tri', 'thr': 145, 'window': '1Y', 'order': 3, 'rows': 23}
{'ticker': 'IWM', 'mode': 'tri', 'thr': 145, 'window': '1Y', 'order': 4, 'rows': 41}
{'ticker': 'IWM', 'mode': 'tri', 'thr': 145, 'window': '2Y', 'order': 1, 'rows': 3}
{'ticker': 'IWM', 'mode': 'tri', 'thr': 145, 'window': '2Y', 'order': 2, 'rows': 9}
{'ticker': 'IWM', 'mode': 'tri', 'thr': 145, 'window': '2Y', 'order': 3, 'rows': 26}
{'ticker': 'IWM', 'mode': 'tri', 'thr': 145, 'window': '2Y', 'order': 4, 'rows': 54}
{'ticker': 'IWM', 'mode': 'tri', 'thr': 145, 'window': '5Y', 'order': 1, 'rows': 3}
{'ticker': 'IWM', 'mode': 'tri', 'thr': 145, 'window': '5Y', 'order': 2, 'rows': 9}
{'ticker': 'IWM', 'mode': 'tri', 'thr': 145, 'window': '5Y', 'order': 3, 'rows': 27}
{'ticker': 'IWM', 'mode': 'tri', 'thr': 145, 'window': '5Y', 'order': 4, 'rows': 76}
{'ticker': 'IWM', 'mode': 'tri', 'thr': 145, 'window': '10Y', 'order': 1, 'rows': 3}
{'ticker': 'IWM', 'mode': 'tri', 'thr': 145, 'window': '10Y', 'order': 2, 'rows': 9}
{'ticker': 'IWM', 'mode': 'tri', 'thr': 145, 'window': '10Y', 'order': 3, 'rows': 27}
{'ticker': 'IWM', 'mode': 'tri', 'thr': 145, 'window': '10Y', 'order': 4, 'rows': 81}
{'ticker': 'IWM', 'mode': 'tri', 'thr': 145, 'window': '20Y', 'order': 1, 'rows': 3}
{'ticker': 'IWM', 'mode': 'tri', 'thr': 145, 'window': '20Y', 'order': 2, 'rows': 9}
{'ticker': 'IWM', 'mode': 'tri', 'thr': 145, 'window': '20Y', 'order': 3, 'rows': 27}
{'ticker': 'IWM', 'mode': 'tri', 'thr': 145, 'window': '20Y', 'order': 4, 'rows': 81}
{'ticker': 'IWM', 'mode': 'tri', 'thr': 145, 'window': 'MAX', 'order': 1, 'rows': 3}
{'ticker': 'IWM', 'mode': 'tri', 'thr': 145, 'window': 'MAX', 'order': 2, 'rows': 9}
{'ticker': 'IWM', 'mode': 'tri', 'thr': 145, 'window': 'MAX', 'order': 3, 'rows': 27}
{'ticker': 'IWM', 'mode': 'tri', 'thr': 145, 'window': 'MAX', 'order': 4, 'rows': 81}
{'ticker': 'IWM', 'mode': 'tri', 'thr': 150, 'window': '1Y', 'order': 1, 'rows': 3}
{'ticker': 'IWM', 'mode': 'tri', 'thr': 150, 'window': '1Y', 'order': 2, 'rows': 9}
{'ticker': 'IWM', 'mode': 'tri', 'thr': 150, 'window': '1Y', 'order': 3, 'rows': 20}
{'ticker': 'IWM', 'mode': 'tri', 'thr': 150, 'window': '1Y', 'order': 4, 'rows': 37}
{'ticker': 'IWM', 'mode': 'tri', 'thr': 150, 'window': '2Y', 'order': 1, 'rows': 3}
{'ticker': 'IWM', 'mode': 'tri', 'thr': 150, 'window': '2Y', 'order': 2, 'rows': 9}
{'ticker': 'IWM', 'mode': 'tri', 'thr': 150, 'window': '2Y', 'order': 3, 'rows': 26}
{'ticker': 'IWM', 'mode': 'tri', 'thr': 150, 'window': '2Y', 'order': 4, 'rows': 51}
{'ticker': 'IWM', 'mode': 'tri', 'thr': 150, 'window': '5Y', 'order': 1, 'rows': 3}
{'ticker': 'IWM', 'mode': 'tri', 'thr': 150, 'window': '5Y', 'order': 2, 'rows': 9}
{'ticker': 'IWM', 'mode': 'tri', 'thr': 150, 'window': '5Y', 'order': 3, 'rows': 27}
{'ticker': 'IWM', 'mode': 'tri', 'thr': 150, 'window': '5Y', 'order': 4, 'rows': 76}
{'ticker': 'IWM', 'mode': 'tri', 'thr': 150, 'window': '10Y', 'order': 1, 'rows': 3}
{'ticker': 'IWM', 'mode': 'tri', 'thr': 150, 'window': '10Y', 'order': 2, 'rows': 9}
{'ticker': 'IWM', 'mode': 'tri', 'thr': 150, 'window': '10Y', 'order': 3, 'rows': 27}
{'ticker': 'IWM', 'mode': 'tri', 'thr': 150, 'window': '10Y', 'order': 4, 'rows': 80}
{'ticker': 'IWM', 'mode': 'tri', 'thr': 150, 'window': '20Y', 'order': 1, 'rows': 3}
{'ticker': 'IWM', 'mode': 'tri', 'thr': 150, 'window': '20Y', 'order': 2, 'rows': 9}
{'ticker': 'IWM', 'mode': 'tri', 'thr': 150, 'window': '20Y', 'order': 3, 'rows': 27}
{'ticker': 'IWM', 'mode': 'tri', 'thr': 150, 'window': '20Y', 'order': 4, 'rows': 81}
{'ticker': 'IWM', 'mode': 'tri', 'thr': 150, 'window': 'MAX', 'order': 1, 'rows': 3}
{'ticker': 'IWM', 'mode': 'tri', 'thr': 150, 'window': 'MAX', 'order': 2, 'rows': 9}
{'ticker': 'IWM', 'mode': 'tri', 'thr': 150, 'window': 'MAX', 'order': 3, 'rows': 27}
{'ticker': 'IWM', 'mode': 'tri', 'thr': 150, 'window': 'MAX', 'order': 4, 'rows': 81}
build-markov-grid:finish
Traceback (most recent call last):
  File "/Users/pawelleks/Documents/Python/Projects/Market_Intelligence_Engine/cli/mie.py", line 861, in <module>
    main()
    ~~~~^^
  File "/Users/pawelleks/Documents/Python/Projects/Market_Intelligence_Engine/cli/mie.py", line 544, in main
    out = build_hmm_standardized_for_ticker(t, n_states=ns, train_window_years=win_years)
  File "/Users/pawelleks/Documents/Python/Projects/Market_Intelligence_Engine/src/analytics/hmm/hmm_engine.py", line 245, in build_hmm_standardized_for_ticker
    df = _load_features_for_hmm(ticker)
  File "/Users/pawelleks/Documents/Python/Projects/Market_Intelligence_Engine/src/analytics/hmm/hmm_engine.py", line 52, in _load_features_for_hmm
    raise ValueError(f"Missing required feature: {c}")
ValueError: Missing required feature: ret_1d
$ /Users/pawelleks/Documents/Python/Projects/Market_Intelligence_Engine/.venv/bin/python /Users/pawelleks/Documents/Python/Projects/Market_Intelligence_Engine/cli/mie.py update-raw
$ /Users/pawelleks/Documents/Python/Projects/Market_Intelligence_Engine/.venv/bin/python /Users/pawelleks/Documents/Python/Projects/Market_Intelligence_Engine/cli/mie.py build-features --mode update --lookback 90 --csv
$ /Users/pawelleks/Documents/Python/Projects/Market_Intelligence_Engine/.venv/bin/python /Users/pawelleks/Documents/Python/Projects/Market_Intelligence_Engine/cli/mie.py update-seasonality
$ /Users/pawelleks/Documents/Python/Projects/Market_Intelligence_Engine/.venv/bin/python /Users/pawelleks/Documents/Python/Projects/Market_Intelligence_Engine/cli/mie.py build-markov-grid --state-modes binary,tri --thresholds 0,5,10,15,20,25,30,35,40,45,50,55,60,65,70,75,80,85,90,95,100,105,110,115,120,125,130,135,140,145,150 --windows 1Y,2Y,5Y,10Y,20Y,MAX --orders 1,2,3,4
$ /Users/pawelleks/Documents/Python/Projects/Market_Intelligence_Engine/.venv/bin/python /Users/pawelleks/Documents/Python/Projects/Market_Intelligence_Engine/cli/mie.py build-hmm-grid --tickers @config --windows 5 --states 2,3
step failed with exit code 1: /Users/pawelleks/Documents/Python/Projects/Market_Intelligence_Engine/.venv/bin/python /Users/pawelleks/Documents/Python/Projects/Market_Intelligence_Engine/cli/mie.py build-hmm-grid --tickers @config --windows 5 --states 2,3
